compound_id,UMAP1,UMAP2,canonical_smiles,dominant_endpoint,chembl_target_degree,single_vs_multi,high_degree_flag,MolWt,cLogP,TPSA,HBD,HBA,RotB,RingCount,AromaticRingCount,HeavyAtomCount,FractionCSP3,LipinskiRo5Violations,LipinskiRo5Compliant
CHEMBL3120680,4.4744124,-1.6850455,Cc1cccc(N2CCN(CCCCOc3ccc4c5c(c(=O)oc4c3)CCC5)CC2)c1C,Ki,3,multi-target,0,446.5910000000004,4.879740000000005,45.92,0,5,7,5,3,33,0.4642857142857143,0,1
CHEMBL4160538,-1.5377288,3.9569166,O=c1oc2ccccc2c2c1c(Cc1ccccc1)nn2Cc1ccccc1,Ki,2,multi-target,0,366.4200000000001,4.781800000000004,48.03,0,4,4,5,5,28,0.0833333333333333,0,1
CHEMBL2203962,11.044683,2.4550302,CCN(CC)c1ccc2cc(C(=O)NC3(C(=O)N(C)N(C)C#N)CCCCC3)c(=O)oc2c1,Ki,3,multi-target,0,453.5430000000004,2.858180000000001,109.89,1,7,7,3,2,33,0.5,0,1
CHEMBL4280947,13.327107,1.6527351,CN(C)CCN(CC1CCCN(C2Cc3ccccc3C2)C1)C(=O)c1cc2ccccc2oc1=O,IC50,1,single-target,0,473.6170000000003,3.6762000000000015,57.0,0,5,7,5,3,35,0.4482758620689655,0,1
CHEMBL5220116,23.436626,-6.641949,O=C(OCCCCCCN(CCCOC(=O)c1c2ccccc2cc2ccccc12)CCCOc1ccc2ccc(=O)oc2c1)c1c2ccccc2cc2ccccc12,Ki,2,multi-target,0,785.9370000000001,11.141199999999987,95.28,0,8,18,8,8,59,0.2352941176470588,2,0
CHEMBL3261206,12.989975,1.8177325,O=C(NCCCN1CCOCC1)c1cc2cc([N+](=O)[O-])ccc2oc1=O,IC50,1,single-target,0,361.35400000000016,1.1533,114.92000000000002,1,7,6,3,2,26,0.4117647058823529,0,1
CHEMBL3264001,11.393225,14.253937,CNS(=O)(=O)Nc1nccc(Cc2c(C)c3ccc(Oc4cnccn4)cc3oc2=O)c1F,IC50,2,multi-target,0,471.4700000000002,2.6847200000000004,136.31,2,8,7,4,4,33,0.1428571428571428,0,1
CHEMBL3334506,5.1332183,-1.344725,O=c1oc2cc(OCCCCN3CCC(Cc4ccccc4)CC3)ccc2c2ccccc12,IC50,1,single-target,0,441.57100000000014,6.059900000000006,42.68,0,4,8,5,4,33,0.3448275862068966,1,0
CHEMBL3786111,11.826722,7.73412,O=C(CN1CCC(Cl)CC1)N1N=C(c2cc3ccccc3oc2=O)CC1c1ccccc1,IC50,1,single-target,0,449.93800000000016,4.173900000000004,66.12,0,5,4,5,3,32,0.32,0,1
CHEMBL5849059,4.2171183,2.7607787,COc1ccc2c(CN3C(=O)[C@@H](NC(=O)[C@H](C)N)CN(C(=O)c4ccc(C(C)=O)cc4)c4ccccc43)cc(=O)oc2c1,IC50,1,single-target,0,582.6130000000003,3.0298000000000016,152.25,2,8,7,5,4,43,0.21875,1,0
CHEMBL4453974,11.655303,7.9041176,Cc1ccc(/N=N/c2sc(N3N=C(c4c(O)c5ccccc5oc4=O)CC3c3ccc(N(C)C)cc3)nc2-c2ccccc2)cc1,IC50,1,single-target,0,626.7420000000003,8.767620000000004,106.89,1,10,7,7,6,46,0.1388888888888889,2,0
CHEMBL4207698,6.3728065,2.0541122,Cc1cc(=O)oc2cc(OCc3cn([C@@H]4O[C@H](CO)[C@@H](O)[C@H]4O)nn3)ccc12,IC50,1,single-target,0,389.364,-0.1165800000000001,140.07,3,10,5,4,3,28,0.3888888888888889,0,1
CHEMBL3586581,1.5332742,3.447429,CCN(CCCCCOc1ccc2c(C)c(C)c(=O)oc2c1)Cc1ccccc1,IC50,4,multi-target,0,393.52700000000016,5.4810400000000055,42.68,0,4,10,3,3,29,0.4,1,0
CHEMBL3818315,8.489682,-7.7625256,CCCCOP(=O)(Nc1ccc(-c2cc3ccc(OS(N)(=O)=O)cc3oc2=O)cc1)OCCCC,IC50,1,single-target,0,524.5320000000004,5.195700000000003,147.16,2,8,13,3,3,35,0.3478260869565217,2,0
CHEMBL4559958,5.811263,0.07070522,O=C(NCCc1ccccc1)Oc1cc(=O)oc2ccccc12,IC50,1,single-target,0,309.321,3.124100000000002,68.53999999999999,1,4,4,3,3,23,0.1111111111111111,0,1
CHEMBL3787157,11.810893,7.7496495,CC(C)CNCC(=O)N1N=C(c2cc3ccccc3oc2=O)CC1c1ccccc1,IC50,1,single-target,0,403.48200000000014,3.716300000000002,74.91,1,5,6,4,3,30,0.2916666666666667,0,1
CHEMBL3094027,2.903852,1.1522048,O=c1cc(O)c2ccc(OCc3cccc(F)c3)cc2o1,IC50,1,single-target,0,286.258,3.216700000000001,59.67,1,4,3,3,3,21,0.0625,0,1
CHEMBL5280294,5.682462,8.495351,CN(C)c1ccc(S(=O)(=O)Oc2cccc(-c3nc(N)c4c(=O)oc5ccccc5c4n3)c2)cc1,IC50,1,single-target,0,488.5250000000002,3.8191000000000015,128.62,1,9,5,5,5,35,0.08,0,1
CHEMBL4646786,5.6282005,3.8389387,O=c1cc(-c2ccc(O)c(O)c2)c2ccc(O)c(O)c2o1,IC50,1,single-target,0,286.23900000000003,2.282400000000001,111.13,4,6,1,3,3,21,0.0,0,1
CHEMBL4166688,7.61199,14.627406,CN(C)CCOc1ccc(Oc2c(-c3ccc(O)cc3)c(=O)oc3cc(O)ccc23)cc1,IC50,1,single-target,0,433.46000000000015,4.603900000000005,92.37000000000002,2,7,7,4,4,32,0.16,0,1
CHEMBL3360622,4.006296,12.042217,COc1cccc(NC(=O)Cn2ncc3c(=O)oc4ccccc4c32)c1,IC50,1,single-target,0,349.34600000000006,2.790000000000001,86.36,1,6,4,4,4,26,0.1052631578947368,0,1
CHEMBL434510,8.136096,1.1212573,O=c1ccc2cc(OCc3ccccc3)c(O)cc2o1,IC50,2,multi-target,0,268.26800000000003,3.077600000000001,59.67,1,4,3,3,3,20,0.0625,0,1
CHEMBL4438012,12.828113,1.8666118,O=C(NNC(=O)c1cc2cc(Br)ccc2oc1=O)c1cc(Cl)ccc1O,IC50,1,single-target,0,437.63300000000015,2.9893000000000005,108.64,3,5,2,3,3,26,0.0,0,1
CHEMBL4762118,8.838632,-0.22060244,O=C(/C=C/c1cccc(C(F)(F)F)c1)Nc1ccc2oc(=O)ccc2c1,Ki,2,multi-target,0,359.3030000000001,4.463700000000003,59.31,1,3,3,3,3,26,0.0526315789473684,0,1
CHEMBL2391484,1.4291002,15.744781,O=C(CN1CCN(CCCCCOc2ccc3ccc(=O)oc3c2)CC1)Nc1c2c(nc3ccccc13)CCCC2,IC50,2,multi-target,0,554.6910000000001,5.025400000000004,87.91,1,7,10,6,4,41,0.4242424242424242,2,0
CHEMBL4527319,7.224794,-3.1990464,Cc1c(C)c2ccc(OCC3CCCN(Cc4ccc(S(C)(=O)=O)cc4)C3)cc2oc1=O,IC50,3,multi-target,0,455.5760000000002,4.104340000000003,76.82,0,6,6,4,3,32,0.4,0,1
CHEMBL2346913,7.194675,0.9305759,COc1cc2ccc(=O)oc2cc1OC/C=C(\C)CCC=C(C)C,EC50,1,single-target,0,328.40800000000013,4.873100000000004,48.67,0,4,7,2,2,24,0.35,0,1
CHEMBL4469318,4.141394,11.02324,O=c1oc2ccccc2c2nn(CN3CCN(S(=O)(=O)c4cccc([N+](=O)[O-])c4)CC3)cc12,IC50,2,multi-target,0,469.4790000000002,2.0149,131.79000000000002,0,9,5,5,4,33,0.238095238095238,0,1
CHEMBL4593416,4.1165733,11.048307,O=c1oc2ccccc2c2nn(CN3CCN(S(=O)(=O)c4ccccc4[N+](=O)[O-])CC3)cc12,IC50,4,multi-target,0,469.4790000000002,2.0149,131.79000000000002,0,9,5,5,4,33,0.238095238095238,0,1
CHEMBL4513423,4.1257977,11.047634,O=c1oc2ccccc2c2nn(CN3CCN(S(=O)(=O)c4ccc(F)cc4)CC3)cc12,IC50,4,multi-target,0,442.47200000000015,2.2458,88.65,0,7,4,5,4,31,0.238095238095238,0,1
CHEMBL3545711,1.3206301,4.446573,COc1cc(C(C)N(C)C)c2c(c1)oc(=O)c1ccccc12,IC50,2,multi-target,0,297.354,3.5774000000000026,42.68,0,4,3,3,3,22,0.2777777777777778,0,1
CHEMBL4865520,13.054596,2.903739,Cc1c(O)c([N+](=O)[O-])cc2cc(C(=O)Nc3ccc(O)c(C(=O)O)c3)c(=O)oc12,IC50,2,multi-target,0,400.2990000000002,2.371319999999999,180.21,4,8,4,3,3,29,0.0555555555555555,0,1
CHEMBL3092189,11.230968,14.408171,CNS(=O)(=O)Nc1cccc(Cc2c(C)c3ccc(OC(=O)N(C)C)cc3oc2=O)c1,IC50,4,multi-target,0,445.4970000000002,2.6287200000000004,117.95,2,6,6,3,3,31,0.238095238095238,0,1
CHEMBL2376887,12.67467,0.33058852,CC(C)OC(=O)Nc1cc2ccccc2oc1=O,IC50,1,single-target,0,247.25,2.749900000000001,68.53999999999999,1,4,2,2,2,18,0.2307692307692307,0,1
CHEMBL4202589,11.10857,4.574933,COc1ccc(-c2cc3cc(C)ccc3oc2=O)nn1,IC50,1,single-target,0,268.272,2.5670200000000003,65.22,0,5,2,3,3,20,0.1333333333333333,0,1
CHEMBL4475016,16.108753,5.0390964,O=Cc1cccc(OCc2cn(CCCOc3ccc4ccc(=O)oc4c3)nn2)c1,Ki,2,multi-target,0,405.4100000000001,3.2451000000000016,96.45,0,8,9,4,4,30,0.1818181818181818,0,1
CHEMBL2158365,5.6527257,0.25784314,CC(Oc1cc(=O)oc2ccccc12)C(=O)Nc1ccncc1,IC50,2,multi-target,0,310.309,2.5940000000000003,81.42999999999999,1,5,4,3,3,23,0.1176470588235294,0,1
CHEMBL3586574,1.5278218,3.4415138,Cc1c(C)c2ccc(OCCCN(C)Cc3ccccc3)cc2oc1=O,IC50,5,multi-target,1,351.446,4.310740000000004,42.68,0,4,7,3,3,26,0.3181818181818182,0,1
CHEMBL4160716,4.8811016,2.5273147,O=c1cc(-c2cccc(Cl)c2)c2ccc(O)cc2o1,Ki,2,multi-target,0,272.687,3.8190000000000017,50.44,1,3,1,3,3,19,0.0,0,1
CHEMBL4203878,11.078481,4.4705634,Cc1ccc2cc(-c3ccc(Br)nn3)c(=O)oc2c1,IC50,1,single-target,0,317.14200000000005,3.320920000000002,55.99,0,4,1,3,3,19,0.0714285714285714,0,1
CHEMBL3746173,-6.6319747,8.496525,CCNC(=O)c1cc2c(ccc3c(C)cc(=O)oc32)oc1=N,IC50,2,multi-target,0,298.298,2.07679,96.3,2,5,2,3,3,22,0.1875,0,1
CHEMBL3746815,-6.6516886,8.515449,Cc1cc(=O)oc2c1ccc1oc(=N)c(C(=O)NCc3cccc(Br)c3)cc12,Ki,1,single-target,0,439.2650000000001,4.019590000000003,96.3,2,5,3,4,4,28,0.0952380952380952,0,1
CHEMBL3115516,11.814982,7.7440114,O=C(CSc1ccc(Br)cc1)N1N=C(c2cc3ccccc3oc2=O)C[C@@H]1c1ccc(C(F)(F)F)cc1,IC50,1,single-target,0,587.4170000000005,7.044300000000005,62.88,0,5,5,5,4,37,0.1481481481481481,2,0
CHEMBL3983437,9.250713,-1.4682188,N#Cc1ccc(-c2ccc3oc(=O)ccc3c2)n1Cc1cc(F)cc(F)c1,IC50,1,single-target,0,362.335,4.459680000000002,58.93,0,4,3,4,4,27,0.0476190476190476,0,1
CHEMBL5404997,6.1748195,-1.7707587,O=c1cc(OCCCNC2CCN(Cc3ccccc3)CC2)c2ccc(-c3ccc(F)cc3)cc2o1,IC50,1,single-target,0,486.5870000000003,5.622200000000005,54.71,1,5,9,5,4,36,0.3,1,0
CHEMBL1951645,3.8426683,3.2379,CC(=O)Nc1ccc2c(C(F)(F)F)cc(=O)oc2c1,Kd,1,single-target,0,271.194,2.7702,59.31,1,3,1,2,2,19,0.1666666666666666,0,1
CHEMBL5289972,5.5932074,6.709581,O=c1oc2cc(O)c(O)cc2c2c(-c3ccc(O)c(O)c3)cn(CCc3ccc(O)c(O)c3)c12,IC50,2,multi-target,0,461.42600000000016,3.8910000000000022,156.51999999999998,6,9,4,5,5,34,0.08,1,0
CHEMBL4750586,3.6313896,0.77941835,COc1ccc(N2CCN(Cc3cc(=O)oc4cc(OCc5ccc([N+](=O)[O-])cc5)ccc34)CC2)cc1,Ki,2,multi-target,0,501.5390000000003,4.611000000000004,98.29,0,8,8,5,4,37,0.25,1,0
CHEMBL4740913,3.63954,0.7646163,COc1ccc(N2CCN(Cc3cc(=O)oc4cc(OCc5ccccc5[N+](=O)[O-])ccc34)CC2)cc1,Ki,2,multi-target,0,501.5390000000003,4.611000000000003,98.29,0,8,8,5,4,37,0.25,1,0
CHEMBL2441684,3.382838,1.8154941,COc1c(F)c[n+](CCCCCOc2ccc3c(C)cc(=O)oc3c2)cc1F,IC50,1,single-target,0,390.40600000000006,3.925020000000004,52.55,0,4,8,3,3,28,0.3333333333333333,0,1
CHEMBL80837,10.984336,14.617631,Cc1c(Cc2ccccc2)c(=O)oc2cc(OC(=O)N(C)C)c(Cl)cc12,IC50,1,single-target,0,371.82,4.406020000000003,59.75,0,4,3,3,3,26,0.2,0,1
CHEMBL4635964,2.9161997,-7.024059,Cc1cn([C@H]2C[C@H](n3cc(COc4ccc5oc(=O)ccc5c4)nn3)[C@@H](CO)O2)c(=O)[nH]c1=O,Ki,5,multi-target,1,467.43800000000016,0.6430199999999996,154.47,2,11,6,5,4,34,0.3181818181818182,1,0
CHEMBL5083613,2.5648205,1.6886768,CN(Cc1ccccc1)Cc1ccc(COc2ccc3c(C(F)F)cc(=O)oc3c2)cc1,IC50,3,multi-target,0,435.4700000000001,5.941600000000005,42.68,0,4,8,4,4,32,0.1923076923076923,1,0
CHEMBL4790359,7.1772456,7.810758,CCCC/N=C(\C)c1c(O)c2ccccc2oc1=O,IC50,1,single-target,0,259.305,3.107700000000001,62.8,1,4,4,2,2,19,0.3333333333333333,0,1
CHEMBL4637131,15.408004,1.8552485,Cc1c(O)c(=O)ccn1CCNC(=O)c1cc2ccc(OCc3cccc(F)c3)cc2oc1=O,IC50,1,single-target,0,464.4490000000002,3.116820000000001,110.77,2,7,7,4,4,34,0.16,0,1
CHEMBL3586602,8.959342,0.47210786,CN(Cc1ccc(C#N)cc1)Cc1ccc(COc2ccc3ccc(=O)oc3c2)cc1,IC50,5,multi-target,1,410.4730000000001,4.8756800000000045,66.47,0,5,7,4,4,31,0.1538461538461538,0,1
CHEMBL4439320,7.2301874,-3.1969042,Cc1c(C)c2ccc(OCC3CCCN(Cc4ccc(F)cc4)C3)cc2oc1=O,IC50,4,multi-target,0,395.4740000000001,4.839940000000004,42.68,0,4,5,4,3,29,0.375,0,1
CHEMBL3192879,3.183435,2.4864962,Cc1cc(=O)oc2cc(OCC(=O)N/N=C/c3cc([N+](=O)[O-])ccc3O)ccc12,IC50,2,multi-target,0,397.3430000000001,2.24432,144.26999999999998,2,8,6,3,3,29,0.1052631578947368,0,1
CHEMBL4786964,3.5814762,0.803319,O=c1cc(CN2CCN(Cc3ccccc3)CC2)c2ccc(OCc3ccc(Br)cc3)cc2o1,Ki,2,multi-target,0,519.4390000000002,5.4523000000000055,45.92,0,5,7,5,4,34,0.25,2,0
CHEMBL142799,2.0716927,4.266319,O=c1oc2cc(OCc3ccccc3)ccc2c2c1CCC2,IC50,4,multi-target,0,292.3340000000001,3.860700000000003,39.44,0,3,3,4,3,22,0.2105263157894736,0,1
CHEMBL3586609,2.4763722,1.4923123,O=c1cc(CO)c2ccc(OCc3ccc(CNCc4ccccc4)cc3)cc2o1,IC50,3,multi-target,0,401.4620000000001,4.154100000000003,71.7,2,5,8,4,4,30,0.16,0,1
CHEMBL5184399,7.62987,14.646305,Cc1cc(N2Nc3cc(O)ccc3-c3c2c2ccc(O)cc2oc3=O)ccc1OCCN1CCC=C(C(=O)O)C1,IC50,2,multi-target,0,541.5600000000004,4.753720000000005,135.70999999999998,4,9,6,6,4,40,0.2,1,0
CHEMBL1915315,11.692252,4.4386106,O=c1oc2cc(O)ccc2cc1-c1ccc(O)cc1,EC50,1,single-target,0,254.241,2.871200000000001,70.67,2,4,1,3,3,19,0.0,0,1
CHEMBL1377464,4.794232,4.7395983,Cc1c(O)ccc2c(CC(=O)N[C@@H](Cc3c[nH]c4ccccc34)C(=O)O)cc(=O)oc12,AC50,1,single-target,0,420.42100000000016,2.64292,132.63,4,5,6,4,4,31,0.1739130434782608,0,1
CHEMBL4061606,6.4461207,8.615175,CCCCCCCCCCCc1c(O)c2ccccc2oc1=O,Ki,1,single-target,0,316.4410000000001,5.571900000000007,50.440000000000005,1,3,10,2,2,23,0.55,1,0
CHEMBL3586587,8.957448,0.449403,CN(Cc1cccc(C#N)c1)Cc1cccc(COc2ccc3ccc(=O)oc3c2)c1,IC50,3,multi-target,0,410.4730000000001,4.8756800000000045,66.47,0,5,7,4,4,31,0.1538461538461538,0,1
CHEMBL4566022,4.220662,10.913722,O=c1oc2ccccc2c2nn(S(=O)(=O)c3ccc(Cl)c([N+](=O)[O-])c3)cc12,IC50,4,multi-target,0,405.77500000000015,2.941300000000002,125.31,0,8,3,4,4,27,0.0,0,1
CHEMBL4573905,4.3016043,10.806347,COc1ccc(S(=O)(=O)n2cc3c(=O)oc4ccccc4c3n2)cc1,IC50,4,multi-target,0,356.35900000000004,2.3883,91.4,0,7,3,4,4,25,0.0588235294117647,0,1
CHEMBL2442512,7.2319818,3.7960687,O=C(O)c1cc2cc3c4c(c2oc1=O)CCCN4CCC3,IC50,1,single-target,0,285.29900000000004,2.1900000000000004,70.74999999999999,1,4,1,4,2,21,0.375,0,1
CHEMBL382645,7.0595183,1.7306589,NCCCOc1c2occc2cc2ccc(=O)oc12,IC50,1,single-target,0,259.261,2.266800000000001,78.60000000000001,1,5,4,3,3,19,0.2142857142857142,0,1
CHEMBL424673,5.2357736,3.0789812,Cc1cc(=O)oc2cc3oc4c(c3cc12)CCC4,IC50,1,single-target,0,240.25799999999992,3.336320000000001,43.35,0,3,0,4,3,18,0.2666666666666666,0,1
CHEMBL4582292,10.9328575,2.1985726,CCC(CC)Oc1ccc2cc(C(=O)NCC(O)(Cn3ccnc3)c3ccc(Cl)cc3Cl)c(=O)oc2c1,IC50,1,single-target,0,544.4350000000002,5.181500000000006,106.59,2,7,10,4,4,37,0.2962962962962963,2,0
CHEMBL3586596,8.968048,0.47925827,CN(Cc1ccc(COc2ccc3ccc(=O)oc3c2)cc1)Cc1cccc(C#N)c1,IC50,3,multi-target,0,410.4730000000001,4.8756800000000045,66.47,0,5,7,4,4,31,0.1538461538461538,0,1
CHEMBL3957654,5.163267,9.669703,O=c1oc2ccccc2c(N2CCN(c3ccc(F)cc3)CC2)c1CO,IC50,1,single-target,0,354.38100000000014,2.7510000000000017,56.92,1,5,3,4,3,26,0.25,0,1
CHEMBL224228,7.7624903,-0.5974516,O=c1ccc2cc(Cn3ccnc3)ccc2o1,IC50,1,single-target,0,226.23500000000004,2.0378,48.03,0,4,2,3,3,17,0.0769230769230769,0,1
CHEMBL3235992,7.552417,2.0748858,COc1cc(OC)c2ccc(=O)oc2c1/C=C/[C@H]1C[C@@H](C=C(C)C)c2c(c3ccccc3n(C)c2=O)O1,IC50,1,single-target,0,499.56300000000033,5.576400000000007,79.9,0,7,5,5,4,37,0.2666666666666666,1,0
CHEMBL4534641,5.783606,-9.658014,Cc1c(N2CCN(C)CC2)ccc2c3c(c(=O)oc12)CN(C(=O)c1ccc2c(c1)CS(=O)(=O)N2)CC3,IC50,2,multi-target,0,508.6000000000004,2.3070200000000005,103.17,1,7,2,6,3,36,0.3846153846153846,1,0
CHEMBL4745131,8.824118,-0.19148815,O=C(/C=C/c1cccc([N+](=O)[O-])c1)Nc1ccc2oc(=O)ccc2c1,Ki,2,multi-target,0,336.3030000000001,3.3531000000000013,102.45,1,5,4,3,3,25,0.0,0,1
CHEMBL3427385,6.0261106,11.405325,O=C(O)/C=C/c1ccc(Cc2c(-c3ccccc3)c(=O)oc3cc(O)ccc23)cc1,IC50,1,single-target,0,398.4140000000001,4.854200000000004,87.74,2,4,5,4,4,30,0.04,0,1
CHEMBL488266,6.077331,5.0096135,COc1c(O)ccc2c3c(c(=O)oc12)CCCC3,IC50,1,single-target,0,246.2619999999999,2.386,59.67,1,4,1,3,2,18,0.3571428571428571,0,1
CHEMBL1418096,10.568866,4.6328874,O=c1oc2c(O)cccc2cc1-c1nc2ccccc2[nH]1,IC50,4,multi-target,0,278.267,3.041900000000001,79.12,2,4,1,4,4,21,0.0,0,1
CHEMBL4077052,22.2996,-4.67206,NS(=O)(=O)c1ccc(-n2nc(C(=O)OCCOc3cc(=O)oc4ccccc34)cc2-c2ccc(F)cc2)cc1,IC50,3,multi-target,0,549.5360000000003,3.668000000000002,143.72000000000003,1,9,8,5,5,39,0.074074074074074,1,0
CHEMBL4089608,5.2013555,-1.0984334,Cc1c(C#N)c(=O)oc2cc(OCCN3CCN(Cc4ccc(Br)cc4)CC3)ccc12,IC50,3,multi-target,0,482.37800000000016,3.9322000000000026,69.71,0,6,6,4,3,31,0.3333333333333333,0,1
CHEMBL56784,10.4348545,9.9654045,COc1ccc(-c2c3n(c4c(=O)oc5cc(OS(=O)(=O)O)c(OC)cc5c24)CCc2cc(OC)c(OC)cc2-3)cc1O,IC50,1,single-target,0,595.5820000000003,4.559400000000005,155.89,2,11,7,6,5,42,0.2068965517241379,2,0
CHEMBL242711,7.0790224,1.4873215,O=c1ccc2c(O)c3ccoc3cc2o1,IC50,2,multi-target,0,202.165,2.2448,63.58,1,4,0,3,3,15,0.0,0,1
CHEMBL4085485,6.050364,7.2001004,O=C1C=CC(=O)c2c1ccc1c2c(=O)oc2ccc(F)cc21,IC50,2,multi-target,0,294.237,3.020500000000001,64.35,0,4,0,4,3,22,0.0,0,1
CHEMBL4086414,6.0510073,7.161709,O=C1C=CC(=O)c2c1ccc1c2c(=O)oc2cc(O)ccc21,IC50,2,multi-target,0,292.246,2.5870000000000006,84.58,1,5,0,4,3,22,0.0,0,1
CHEMBL4171612,6.9383583,7.4018803,COc1c(C(C)=O)c(=O)oc2ccc(Br)cc12,Ki,2,multi-target,0,297.104,2.766700000000001,56.510000000000005,0,4,2,2,2,17,0.1666666666666666,0,1
CHEMBL4103176,7.7800283,0.08955941,O=C(Cc1ccccc1Nc1c(Cl)cccc1Cl)NCCOc1ccc2ccc(=O)oc2c1,Ki,3,multi-target,0,483.3510000000002,5.581100000000005,80.57000000000001,2,5,8,4,4,33,0.12,1,0
CHEMBL4076291,7.7933116,0.12440973,CC1=C(CC(=O)NCCOc2ccc3ccc(=O)oc3c2)c2cc(F)ccc2/C1=C\c1ccc([S+](C)[O-])cc1,Ki,3,multi-target,0,543.6160000000002,5.582500000000006,91.6,1,5,8,5,4,39,0.1612903225806451,2,0
CHEMBL4440911,4.24258,10.880915,O=c1oc2ccccc2c2nn(S(=O)(=O)c3ccc([N+](=O)[O-])cc3)cc12,IC50,4,multi-target,0,371.3300000000001,2.2879000000000005,125.31,0,8,3,4,4,26,0.0,0,1
CHEMBL358206,11.805239,4.4479637,Cc1nc(-c2cc3ccc(O)cc3oc2=O)cs1,Ki,1,single-target,0,259.28599999999994,2.9305200000000005,63.330000000000005,1,5,1,3,3,18,0.0769230769230769,0,1
CHEMBL1423810,4.046803,4.0199347,CCN(CC)c1ccc2c(Cl)cc(=O)oc2c1,AC50,5,multi-target,1,251.713,3.292600000000002,33.45,0,3,3,2,2,17,0.3076923076923077,0,1
CHEMBL4290035,6.857875,8.027201,COc1cccc(/C=C/C(=O)c2c(O)c3ccc(OC)cc3oc2=O)c1,IC50,1,single-target,0,352.3420000000001,3.411900000000002,85.97,1,6,5,3,3,26,0.1,0,1
CHEMBL4519591,4.9957447,3.2825844,Cc1cc(Br)c2c(CP(=O)(O)O)cc(=O)oc2c1,Ki,1,single-target,0,333.07400000000007,2.5416200000000018,87.74,2,3,2,2,2,18,0.1818181818181818,0,1
CHEMBL559790,2.4724574,6.254119,Cc1c(CCC(=O)O)c(=O)oc2c(C)c(OCc3cccc4ccccc34)ccc12,IC50,1,single-target,0,402.446,5.159240000000004,76.74,1,4,6,4,4,30,0.2,1,0
CHEMBL3735572,11.133975,5.1921277,CC(=O)Oc1cccc(-c2cc3cc(C)ccc3oc2=O)c1,IC50,1,single-target,0,294.30600000000004,3.6937200000000026,56.51,0,4,2,3,3,22,0.1111111111111111,0,1
CHEMBL470619,-1.1411812,5.829903,COc1cc(C)cc2oc(=O)c(Cc3ccc(C)cc3)cc12,Ki,2,multi-target,0,294.35,4.009240000000003,39.44,0,3,3,3,3,22,0.2105263157894736,0,1
CHEMBL470419,13.167826,1.1419019,CCOC(=O)c1ccc(NC(=O)c2cc3ccccc3oc2=O)cc1,IC50,1,single-target,0,337.3310000000001,3.2220000000000013,85.60999999999999,1,5,4,3,3,25,0.1052631578947368,0,1
CHEMBL590377,4.606206,3.781654,O=c1cc(CSc2ccc(C(F)(F)F)cn2)c2ccc(O)cc2o1,IC50,1,single-target,0,353.3210000000001,4.2047000000000025,63.33,1,5,3,3,3,24,0.125,0,1
CHEMBL4095676,2.1203046,3.2981427,Cc1c(C#N)c(=O)oc2cc(OCc3ccccc3)ccc12,IC50,3,multi-target,0,291.30600000000004,3.552100000000002,63.23,0,4,3,3,3,22,0.1111111111111111,0,1
CHEMBL4066437,5.4098806,-1.0252941,O=c1ccc2ccc(OCCN3CCN(Cc4ccc(Br)cc4)CC3)cc2o1,IC50,2,multi-target,0,443.3410000000001,3.752100000000003,45.92,0,5,6,4,3,28,0.3181818181818182,0,1
CHEMBL3545710,1.3546374,4.401853,COc1cc(C(C)N(C)C)cc2oc(=O)c3ccccc3c12,IC50,2,multi-target,0,297.35400000000004,3.5774000000000026,42.68,0,4,3,3,3,22,0.2777777777777778,0,1
CHEMBL4170326,7.5123076,2.38069,COc1ccc2ccc(=O)oc2c1C/C=C(\C)COC(=O)CC(C)C,IC50,2,multi-target,0,344.4070000000001,3.8797000000000033,65.74000000000001,0,5,7,2,2,25,0.4,0,1
CHEMBL4060402,7.4479623,-0.16997546,O=C(c1ccccc1)c1ccc2n1CCC2C(=O)NCCOc1ccc2oc(=O)ccc2c1,Ki,2,multi-target,0,442.4710000000002,3.508000000000002,90.54,1,6,7,5,4,33,0.1923076923076923,0,1
CHEMBL1356140,4.04102,5.8827124,Cc1c(Cc2ccccc2)c(=O)oc2c(C)c(OCC(=O)N3CCC(C(=O)O)CC3)ccc12,AC50,2,multi-target,0,449.5030000000002,3.7026400000000015,97.05,1,5,6,4,3,33,0.3461538461538461,0,1
CHEMBL199904,11.315032,4.7901745,COc1cc(OC)cc(-c2cc3cc(OC)ccc3oc2=O)c1,IC50,1,single-target,0,312.321,3.485800000000002,57.9,0,5,4,3,3,23,0.1666666666666666,0,1
CHEMBL4569990,5.2018094,-3.6060362,COc1cc2c(cc1OC)CN(CCCOc1ccc3c(C)c(C)c(=O)oc3c1)CC2,IC50,2,multi-target,0,423.5090000000002,4.254240000000004,61.14,0,6,7,4,3,31,0.4,0,1
CHEMBL199006,2.5848987,3.9753187,Cc1c(Cc2ccccc2)c(=O)oc2cc(OC(=O)C3CC3)ccc12,IC50,1,single-target,0,334.37100000000004,4.007620000000003,56.51,0,4,4,4,3,25,0.238095238095238,0,1
CHEMBL2206120,18.020144,3.301742,COc1cccc2cc(C(=O)/C=C/c3cc[n+](Cc4cccc(Cl)c4)cc3)c(=O)oc12,IC50,2,multi-target,0,432.88300000000015,4.686900000000004,60.39,0,4,6,4,4,31,0.08,0,1
CHEMBL12655,4.994026,3.3983784,O=C(O)Cc1cc(=O)oc2ccc3ccccc3c12,IC50,1,single-target,0,254.241,2.5733000000000006,67.50999999999999,1,3,2,3,3,19,0.0666666666666666,0,1
CHEMBL143274,8.221026,1.0921593,COc1cc2ccc(=O)oc2cc1OCc1ccccc1,IC50,1,single-target,0,282.295,3.380600000000002,48.67,0,4,4,3,3,21,0.1176470588235294,0,1
CHEMBL4435611,11.303274,-8.757146,COc1cc2ccccc2c(N2CCN(CCCNc3cc(=O)oc4ccccc34)CC2)n1,IC50,3,multi-target,0,444.53500000000014,3.974000000000003,70.84,1,7,7,5,4,33,0.3076923076923077,0,1
CHEMBL1096813,-1.3457601,19.069185,COc1ccc2c(Nc3c(Cl)cncc3Cl)cc(=O)oc2c1OCC(=O)O,IC50,1,single-target,0,411.1970000000002,3.710400000000001,110.89,2,7,6,3,3,27,0.1176470588235294,0,1
CHEMBL4161531,2.6098397,3.4234688,COC(=O)Cc1c(C)c2ccc(OCC(=O)c3ccc(C)cc3)cc2oc1=O,Ki,2,multi-target,0,380.3960000000001,3.3870400000000016,82.81,0,6,6,3,3,28,0.2272727272727272,0,1
CHEMBL595128,1.6420702,3.6059551,CCc1ccc(OCCCC(O)Oc2ccc3c(c2)oc(=O)c2ccccc23)cc1,IC50,2,multi-target,0,404.4620000000001,5.065000000000004,68.9,1,5,8,4,4,30,0.24,1,0
CHEMBL4104504,13.782864,2.6947498,C=CC(=O)NCCCC[C@H](NC(=O)OCc1ccccc1)C(=O)N1CCN(C(=O)c2cc3ccc(O)cc3oc2=O)CC1,Ki,1,single-target,0,590.6330000000002,2.5504999999999995,158.48999999999995,3,8,11,4,3,43,0.3225806451612903,1,0
CHEMBL4562173,12.841876,1.7643224,O=C(NNC(=O)c1cc2cc(Br)ccc2oc1=O)c1ccccc1O,IC50,1,single-target,0,403.18800000000016,2.3359,108.64,3,5,2,3,3,25,0.0,0,1
CHEMBL4560024,0.05644979,4.6717286,Cc1c(-c2nsc(=O)o2)c(=O)oc2cc3occ(-c4ccc(Br)cc4)c3cc12,IC50,1,single-target,0,456.2730000000001,5.3538200000000025,86.45,0,7,2,5,5,28,0.05,1,0
CHEMBL1085747,3.2847633,8.950813,O=c1cc(N2CCOCC2)c2ccc(-c3cccs3)cc2o1,IC50,1,single-target,0,313.37800000000004,3.358100000000002,42.68000000000001,0,5,2,4,3,22,0.2352941176470588,0,1
CHEMBL3805263,13.073711,6.5054936,NS(=O)(=O)c1ccc(-n2cc(/C=N\Nc3nc(-c4cc5ccccc5oc4=O)cs3)c(-c3ccccc3)n2)cc1,Ki,4,multi-target,0,568.6400000000002,4.862600000000003,145.47000000000003,2,10,7,6,6,40,0.0,1,0
CHEMBL4080474,12.871779,-7.1272798,Cc1ccc(C2C(C#N)=C(NC(=O)CN3CCN(c4ccccc4)CC3)Oc3c2c(=O)oc2ccccc32)c(C)c1,IC50,1,single-target,0,546.6270000000003,4.607720000000004,98.81000000000002,1,7,5,6,4,41,0.2424242424242424,1,0
CHEMBL205241,4.0542455,2.725987,COc1ccc2c(CC(=O)Nc3cc(Br)ccc3N3CCNCC3)cc(=O)oc2c1,IC50,1,single-target,0,472.3390000000003,3.1549000000000005,83.81,2,6,5,4,3,30,0.2727272727272727,0,1
CHEMBL4206041,3.1479409,1.9915224,Cc1cc(=O)oc2cc(OCc3cc[n+](Cc4cccc(F)c4)cc3)ccc12,IC50,4,multi-target,0,376.407,4.155320000000003,43.32,0,3,5,4,4,28,0.1304347826086956,0,1
CHEMBL575734,2.6999505,1.2119747,CCNCc1cc(=O)oc2cc(OCc3cccc(F)c3)ccc12,IC50,2,multi-target,0,327.355,3.620600000000002,51.47,1,4,6,3,3,24,0.2105263157894736,0,1
CHEMBL4205688,10.399306,9.929976,COc1ccc(-c2c3c4cc(OCCN(C)C)c(OCCN(C)C)cc4oc(=O)c3n3ccc4cc(O)c(OC)cc4c23)cc1O,IC50,1,single-target,0,627.6940000000003,5.328300000000007,118.48,2,11,11,6,6,46,0.2857142857142857,3,0
CHEMBL4094724,7.3981204,8.83278,O=C1C(O)=C(C(c2ccccc2)c2c(O)c3ccccc3oc2=O)C(=O)c2ccccc21,IC50,1,single-target,0,424.4080000000002,4.521800000000003,104.81,2,6,3,5,4,32,0.0384615384615384,0,1
CHEMBL275000,4.5168915,3.3897822,COC(=O)Cc1cc(=O)oc2cc(O)ccc12,IC50,2,multi-target,0,234.207,1.2140999999999995,76.74000000000001,1,5,2,2,2,17,0.1666666666666666,0,1
CHEMBL1546837,8.089381,0.5170817,NC(=O)c1ccc(Oc2ccc3ccc(=O)oc3c2)c([N+](=O)[O-])c1,IC50,1,single-target,0,326.26400000000007,2.5924000000000005,125.67000000000002,1,6,4,3,3,24,0.0,0,1
CHEMBL3586598,8.919989,0.4409552,CN(Cc1ccc(COc2ccc3ccc(=O)oc3c2)cc1)Cc1cccc(Cl)c1,IC50,3,multi-target,0,419.9080000000001,5.657400000000004,42.68,0,4,7,4,4,30,0.16,1,0
CHEMBL4128061,-3.4252093,0.061401512,O=C(Cc1cc(=O)oc2cc(O)ccc12)NCCCCCCCNC(=O)c1cccc2c(=O)c3ccccc3[nH]c12,IC50,2,multi-target,0,553.6150000000004,4.532500000000003,141.5,4,6,11,5,5,41,0.25,1,0
CHEMBL1547311,6.502434,4.6720204,CCN(CC)Cc1c(O)c(Cl)cc2c(C)cc(=O)oc12,IC50,3,multi-target,0,295.766,3.302220000000002,53.68,1,4,4,2,2,20,0.4,0,1
CHEMBL4455031,7.777333,0.08618063,O=C(Nc1ccc(C(=O)NCCOc2ccc3ccc(=O)oc3c2)cc1)Nc1ccc(Cl)c(C(F)(F)F)c1,Ki,1,single-target,0,545.9010000000002,5.918000000000003,109.67,3,5,7,4,4,38,0.1153846153846153,2,0
CHEMBL4098946,6.4843106,8.605251,CC(C)CCCC(C)CCCC(C)CCCC(C)CCc1c(O)c2ccccc2oc1=O,Ki,1,single-target,0,442.6840000000002,8.506400000000005,50.440000000000005,1,3,15,2,2,32,0.6896551724137931,1,0
CHEMBL1501635,4.059133,3.4179702,CC(=O)Nc1ccc2c(COC(=O)CC3Sc4ccccc4NC3=O)cc(=O)oc2c1,IC50,2,multi-target,0,438.4610000000001,3.2977000000000016,114.71,2,7,5,4,3,31,0.1818181818181818,0,1
CHEMBL1594071,4.554222,4.983007,Cc1c(OCC(=O)NCC(O)c2ccccc2)ccc2c(-c3ccccc3)cc(=O)oc12,EC50,1,single-target,0,429.47200000000026,3.9970200000000022,88.77,2,5,7,4,4,32,0.1538461538461538,0,1
CHEMBL3112626,8.042129,1.1337479,O=c1ccc2cc(OCCCN3CCCC3)c(O)cc2o1,IC50,1,single-target,0,289.331,2.3633000000000006,62.91,1,5,5,3,2,21,0.4375,0,1
CHEMBL2206122,18.029226,3.312936,COc1cccc2cc(C(=O)/C=C/c3cc[n+](Cc4ccc(Cl)c(Cl)c4)cc3)c(=O)oc12,IC50,2,multi-target,0,467.3280000000002,5.340300000000004,60.39,0,4,6,4,4,32,0.08,1,0
CHEMBL4519227,14.844137,2.426269,COc1ccc2cc(CO[C@H]3[C@@H](O)[C@@H](CO)O[C@@H](S[C@@H]4O[C@H](CO)[C@H](O)[C@H](OCc5cc6ccc(OC)cc6oc5=O)[C@H]4O)[C@@H]3O)c(=O)oc2c1,Kd,5,multi-target,1,734.7290000000003,-0.0016000000000001,237.17999999999995,6,17,12,6,4,51,0.4705882352941176,3,0
CHEMBL2177255,-1.4367448,5.9618416,CCCCCc1cc(OC)c2cc(Cc3cccc(C)c3)c(=O)oc2c1,Ki,2,multi-target,0,350.4580000000001,5.433520000000005,39.44,0,3,7,3,3,26,0.3478260869565217,1,0
CHEMBL2177259,-1.4233391,5.963816,CCCCCc1cc(OC)c2cc(Cc3ccccc3Cl)c(=O)oc2c1,Ki,3,multi-target,0,370.8760000000001,5.778500000000004,39.44,0,3,7,3,3,26,0.3181818181818182,1,0
CHEMBL4475910,15.826267,2.1756837,CCc1c(O)c(=O)ccn1Cc1cc2ccc(OCc3cccc(Cl)c3)cc2oc1=O,IC50,1,single-target,0,437.8790000000001,4.503400000000004,81.66999999999999,1,6,6,4,4,31,0.1666666666666666,0,1
CHEMBL4164540,4.6700583,-0.6126557,Cc1cc(=O)oc2cc(OCCSC(=S)N3CCCC3)ccc12,IC50,1,single-target,0,349.47700000000015,3.594120000000003,42.68,0,5,4,3,2,23,0.4117647058823529,0,1
CHEMBL118629,7.5486913,0.6004918,CC(=O)/C=C/C=C/COc1ccc2ccc(=O)oc2c1,IC50,1,single-target,0,270.284,2.873200000000001,56.510000000000005,0,4,5,2,2,20,0.125,0,1
CHEMBL4079843,2.3338516,3.2096062,Cc1c(Cl)c(=O)oc2cc(OCc3ccc(Br)cc3)ccc12,IC50,2,multi-target,0,379.637,5.096320000000002,39.44,0,3,3,3,3,22,0.1176470588235294,1,0
CHEMBL4743791,8.221513,1.1071534,Cc1ccc(/N=N/c2cc3ccc(=O)oc3cc2O)cc1S(N)(=O)=O,IC50,1,single-target,0,359.3630000000001,2.8698200000000016,135.32,2,7,3,3,3,25,0.0625,0,1
CHEMBL1414254,11.886133,4.800561,CNc1nnc(-c2cc3cc(Cl)ccc3oc2=O)s1,IC50,1,single-target,0,293.735,3.0066000000000006,68.02000000000001,1,6,2,3,3,19,0.0833333333333333,0,1
CHEMBL1307271,6.311351,8.21202,O=c1oc2ccccc2c(O)c1Cc1cc(Cl)c2cccnc2c1O,AC50,3,multi-target,0,353.761,3.996600000000001,83.56,2,5,2,4,4,25,0.0526315789473684,0,1
CHEMBL4800433,3.5899136,0.7910211,O=c1cc(CN2CCN(Cc3ccccc3)CC2)c2ccc(OCc3ccccc3F)cc2o1,Ki,2,multi-target,0,458.5330000000002,4.828900000000004,45.92,0,5,7,5,4,34,0.25,0,1
CHEMBL3735165,11.3698635,4.9972367,Cc1ccc2oc(=O)c(-c3cccs3)cc2c1,IC50,2,multi-target,0,242.29900000000004,3.829920000000002,30.21,0,3,1,3,3,17,0.0714285714285714,0,1
CHEMBL2178989,2.142712,2.9165955,Cc1c(C)c2ccc(OCc3nnc(S)o3)cc2oc1=O,Ki,1,single-target,0,304.32700000000006,2.66054,78.36000000000001,1,7,3,3,3,21,0.2142857142857142,0,1
CHEMBL2178993,2.244726,2.6265123,CCN(CC)CCSc1nnc(COc2ccc3c(C)c(C)c(=O)oc3c2)o1,Ki,1,single-target,0,403.50400000000025,3.805740000000003,81.60000000000001,0,8,9,3,3,28,0.45,0,1
CHEMBL3359958,8.837658,11.079992,COc1cc(COc2ccc3c(Cn4ccnc4)cc(=O)oc3c2)cc(OC)c1OC,IC50,3,multi-target,0,422.4370000000002,3.6426000000000025,84.95000000000002,0,8,8,4,4,31,0.217391304347826,0,1
CHEMBL4094745,2.2245843,3.3517568,Cc1c(Cl)c(=O)oc2cc(OCc3ccccc3)ccc12,IC50,3,multi-target,0,300.74100000000004,4.333820000000002,39.44,0,3,3,3,3,21,0.1176470588235294,0,1
CHEMBL1165089,14.611899,3.1920795,O=C(Nc1cc(Br)ccc1N1CCNCC1)c1cc2ccccc2oc1=O,IC50,1,single-target,0,428.2860000000002,3.2174000000000014,74.58000000000001,2,5,3,4,3,27,0.2,0,1
CHEMBL265805,4.4728174,-1.3156474,Cc1cc(=O)oc2cc(OCCCN3CCN(c4ncccn4)CC3)ccc12,Ki,3,multi-target,0,380.448,2.482520000000001,71.7,0,7,6,4,3,28,0.3809523809523809,0,1
CHEMBL3586580,1.5262262,3.3967097,Cc1c(C)c2ccc(OCCCCCN(C)Cc3ccc(C#N)cc3)cc2oc1=O,IC50,3,multi-target,0,404.5100000000001,4.962620000000005,66.47,0,5,9,3,3,30,0.36,0,1
CHEMBL1835821,8.264462,1.0402615,COc1cc2oc(=O)ccc2cc1-c1ccccc1,IC50,1,single-target,0,252.269,3.468600000000002,39.44,0,3,2,3,3,19,0.0625,0,1
CHEMBL1688905,8.705912,10.943447,Cc1ccc(Oc2ccc3c(Cn4ccnc4)cc(=O)oc3c2)cc1,IC50,1,single-target,0,332.3590000000001,4.138520000000002,57.260000000000005,0,5,4,4,4,25,0.1,0,1
CHEMBL4578898,12.976464,2.2913215,COc1cccc2cc(C(=O)NNC(=O)c3ccccc3O)c(=O)oc12,IC50,1,single-target,0,354.3180000000001,1.582,117.87000000000002,3,6,3,3,3,26,0.0555555555555555,0,1
CHEMBL2381331,2.5049329,5.0271564,CC1CCCN(CC(O)COc2ccc3c4c(c(=O)oc3c2)CCC4)C1,IC50,2,multi-target,0,357.4500000000002,2.753300000000001,62.91,1,5,5,4,2,26,0.5714285714285714,0,1
CHEMBL4097014,12.683288,0.986667,Cc1ccc2oc(=O)c(C(=O)Nc3ccc(O)cc3)cc2c1,IC50,1,single-target,0,295.29400000000004,3.0593200000000014,79.54,2,4,2,3,3,22,0.0588235294117647,0,1
CHEMBL4163473,5.5798974,3.9579606,O=c1cc(O)c2ccc(O)c(O)c2o1,IC50,1,single-target,0,194.142,0.9097999999999996,90.9,3,5,0,2,2,14,0.0,0,1
CHEMBL1835826,9.08423,-0.91525304,CN(C)c1ccc(-c2ccc3oc(=O)ccc3c2)cc1,IC50,1,single-target,0,265.31199999999995,3.5260000000000025,33.45,0,3,2,3,3,20,0.1176470588235294,0,1
CHEMBL2178425,2.3200107,2.5303514,CCN(CC)CCSc1nnc(COc2ccc3c(C)cc(=O)oc3c2)s1,Ki,2,multi-target,0,405.5450000000002,3.965820000000004,68.46000000000001,0,8,9,3,3,27,0.4210526315789473,0,1
CHEMBL5556483,13.071795,5.790109,O=C(NNc1nc(-c2cc3ccccc3oc2=O)cs1)c1cc(Cl)cc(Cl)c1,Ki,2,multi-target,0,432.2880000000001,4.980200000000002,84.22999999999999,2,6,4,4,4,28,0.0,0,1
CHEMBL1347672,5.1194625,3.1092234,CC(=O)c1cc2c(C)cc(=O)oc2cc1O,IC50,2,multi-target,0,218.208,2.0096200000000004,67.51,1,4,1,2,2,16,0.1666666666666666,0,1
CHEMBL5542159,13.034231,5.7667875,Cc1cc(C)cc(C(=O)NNc2nc(-c3cc4ccccc4oc3=O)cs2)c1,Ki,2,multi-target,0,391.4520000000001,4.290240000000003,84.22999999999999,2,6,4,4,4,28,0.0952380952380952,0,1
CHEMBL4285316,12.9867325,9.542321,CC(=O)c1c(C)cc2oc(=O)cc(C)c2c1OCCCCN1CCN(c2ccncc2)CC1,Ki,2,multi-target,0,449.5510000000003,3.988640000000004,75.88000000000001,0,7,8,4,3,33,0.4230769230769231,0,1
CHEMBL5566405,13.330367,11.6524,CCCCCOc1ccc2oc(=O)cc(/C=N/N=c3\scc(-c4ccccc4)n3[C@@H]3O[C@H](COC(C)=O)[C@@H](OC(C)=O)[C@H](OC(C)=O)[C@H]3OC(C)=O)c2c1,IC50,2,multi-target,0,763.8220000000001,5.082400000000005,183.52,0,16,14,5,4,54,0.3947368421052631,3,0
CHEMBL4281430,12.984174,9.539586,CC(=O)c1c(C)cc2oc(=O)cc(C)c2c1OCCCCN1CCOCC1,Ki,2,multi-target,0,373.4490000000002,3.1036400000000013,68.98,0,6,7,3,2,27,0.5238095238095238,0,1
CHEMBL4162187,4.8394494,2.4994307,Nc1ccc(-c2cc(=O)oc3cc(O)ccc23)cc1,Ki,2,multi-target,0,253.257,2.7478000000000007,76.46000000000001,2,4,1,3,3,19,0.0,0,1
CHEMBL601217,16.350266,-2.410884,CC(=O)Nc1ccc(S(=O)(=O)N2CCN(c3c(C)c4c(O)cc(O)cc4oc3=O)CC2)cc1,IC50,1,single-target,0,473.5070000000002,1.98192,140.39,3,8,4,4,3,33,0.2727272727272727,0,1
CHEMBL2164283,12.859028,2.6389444,NS(=O)(=O)c1ccc(NC(=O)c2cc3cc(Cl)cc(Cl)c3oc2=O)cc1,IC50,1,single-target,0,413.23800000000017,2.999500000000001,119.47,2,5,3,3,3,26,0.0,0,1
CHEMBL2048084,7.062386,7.8837028,CCOC(=O)C(C(=O)OCC)=C(C)c1c(O)c2ccccc2oc1=O,Ki,1,single-target,0,346.33500000000004,2.3983000000000008,103.04000000000002,1,7,5,2,2,25,0.2777777777777778,0,1
CHEMBL2387232,3.566146,-1.6941692,Cc1cc(OCCCCN2CCC(c3noc4cc(F)ccc34)CC2)cc2oc(=O)cc(C)c12,Ki,3,multi-target,0,464.53700000000026,5.728740000000006,68.71000000000001,0,6,7,5,4,34,0.4074074074074074,1,0
CHEMBL4078055,12.23583,3.173239,N#Cc1cc2cc(Cl)cc(Cl)c2oc1=O,EC50,1,single-target,0,240.045,2.971480000000001,54.0,0,3,0,2,2,15,0.0,0,1
CHEMBL4525381,13.526688,2.8479276,O=C(CCN1CCN(Cc2ccccc2)CC1)c1cc2ccc(O)cc2oc1=O,IC50,1,single-target,0,392.45500000000015,2.889200000000001,73.99000000000001,1,6,6,4,3,29,0.3043478260869565,0,1
CHEMBL3819209,10.484777,4.747323,CC(=O)Oc1cccc2cc(-c3ccsc3)c(=O)oc12,Ki,2,multi-target,0,286.30800000000005,3.4468000000000023,56.510000000000005,0,5,2,3,3,20,0.0666666666666666,0,1
CHEMBL314095,5.8100395,-8.802123,O=c1oc2cc(O)ccc2c2c1CN(Cc1ccc(Cl)cc1)CC2,Ki,3,multi-target,0,341.79400000000004,3.710300000000003,53.68,1,4,2,4,3,24,0.2105263157894736,0,1
CHEMBL409884,7.2821007,8.615483,O=c1oc2ccccc2c(O)c1C(c1c(O)c2ccccc2oc1=O)c1cccc2ccccc12,IC50,1,single-target,0,462.45700000000016,5.6440000000000055,100.88,2,6,3,6,6,35,0.0344827586206896,1,0
CHEMBL4460077,5.782457,-9.567845,Cc1c(OCCN(C)C)ccc2c3c(c(=O)oc12)CN(C(=O)c1ccc2c(c1)CS(=O)(=O)N2)CC3,IC50,2,multi-target,0,497.5730000000003,2.4956200000000006,109.16,1,7,5,5,3,35,0.36,0,1
CHEMBL415724,11.783196,1.3565328,Cc1cccc(OC(=O)c2cc3cc(CCl)ccc3oc2=O)n1,IC50,1,single-target,0,329.7390000000001,3.4544200000000025,69.4,0,5,3,3,3,23,0.1176470588235294,0,1
CHEMBL1525922,3.3524275,2.4473064,CCN(CC)S(=O)(=O)c1ccc(OC)c(NC(=O)C(C)Oc2ccc3c(C)cc(=O)oc3c2)c1,EC50,1,single-target,0,488.5620000000003,3.546520000000002,115.15000000000002,1,7,9,3,3,34,0.3333333333333333,0,1
CHEMBL1491046,2.4562454,6.827976,Cc1cc(C)cc(COc2ccc3c(C)c(CC(=O)O)c(=O)oc3c2C)c1,IC50,1,single-target,0,366.4130000000001,4.232780000000003,76.74000000000001,1,4,5,3,3,27,0.2727272727272727,0,1
CHEMBL213684,2.5429006,4.077476,Cc1ccc(S(=O)(=O)N(C)c2ccc3c(C)c(C)c(=O)oc3c2)cc1,IC50,1,single-target,0,357.4310000000001,3.5433600000000025,67.59,0,4,3,3,3,25,0.2105263157894736,0,1
CHEMBL204959,6.3129077,6.1293864,Cc1c(O)ccc2c1oc(=O)c1c(C)cccc12,IC50,1,single-target,0,240.258,3.2686400000000013,50.440000000000005,1,3,0,3,3,18,0.1333333333333333,0,1
CHEMBL301226,10.405831,9.937434,COc1ccc(-c2c3c4cc(OC)c(O)cc4oc(=O)c3n3ccc4cc(O)c(OC)cc4c23)cc1O,IC50,3,multi-target,0,499.47500000000025,5.161700000000006,123.0,3,9,4,6,6,37,0.1071428571428571,1,0
CHEMBL204222,6.4507813,6.1618915,C=CCc1cc(C)cc2c(=O)oc3c(C)c(O)ccc3c12,IC50,2,multi-target,0,280.323,3.9971400000000026,50.44,1,3,2,3,3,21,0.1666666666666666,0,1
CHEMBL2158358,5.6321816,0.2817185,CC(Oc1cc(=O)oc2ccccc12)C(=O)Nc1ccc(F)cc1F,IC50,2,multi-target,0,345.30100000000004,3.4772000000000016,68.53999999999999,1,4,4,3,3,25,0.1111111111111111,0,1
CHEMBL1376094,2.08196,3.1331558,COC(=O)c1ccc(COc2ccc3c(C)c(C)c(=O)oc3c2)o1,IC50,1,single-target,0,328.32000000000005,3.3684400000000023,78.88000000000001,0,6,4,3,3,24,0.2222222222222222,0,1
CHEMBL4781945,15.658619,4.4141335,N#Cc1ccc(Cn2cc(COc3ccc4c(CCl)cc(=O)oc4c3)nn2)cc1,Ki,2,multi-target,0,406.82900000000006,3.6222800000000026,93.94,0,7,6,4,4,29,0.1428571428571428,0,1
CHEMBL380358,6.307378,6.149676,Cc1c(O)ccc2c1oc(=O)c1c(C)ccc(C)c12,IC50,2,multi-target,0,254.285,3.577060000000002,50.440000000000005,1,3,0,3,3,19,0.1875,0,1
CHEMBL4483030,5.783765,-9.67729,Cc1c(N2CCN(C)CC2)ccc2c3c(c(=O)oc12)CN(C(=O)c1ccc(NS(C)(=O)=O)c(OC(F)(F)F)c1)CC3,IC50,2,multi-target,0,594.6120000000003,3.3218200000000024,112.4,1,8,5,5,3,41,0.4074074074074074,1,0
CHEMBL2115263,7.820501,8.273953,CC1(O)C[C@@H](c2ccccc2)c2c(c3ccccc3oc2=O)O1,Ki,1,single-target,0,308.3330000000001,3.4159000000000024,59.67,1,4,1,4,3,23,0.2105263157894736,0,1
CHEMBL508648,7.106172,1.6252307,COc1c2ccoc2c(OC[C@@H](O)C(C)(C)O)c2oc(=O)ccc12,Ki,1,single-target,0,334.32400000000007,2.0584,102.27,2,7,5,3,3,24,0.3529411764705882,0,1
CHEMBL213285,2.0404658,3.6267838,Cc1c(C)c2ccc(OC[C@@H](O)c3ccccc3)cc2oc1=O,IC50,2,multi-target,0,310.3490000000001,3.522240000000002,59.67,1,4,4,3,3,23,0.2105263157894736,0,1
CHEMBL214255,8.078412,0.38657007,O=c1ccc2ccc(OS(=O)(=O)c3ccccc3)cc2o1,IC50,3,multi-target,0,302.307,2.5607000000000006,73.58000000000001,0,5,3,3,3,21,0.0,0,1
CHEMBL203793,4.630667,1.4784538,CC[C@@](C)(Cc1ccc(OCCCOc2ccc3c(C(F)(F)F)cc(=O)oc3c2)cc1)C(=O)O,IC50,1,single-target,0,478.4630000000001,5.703100000000005,85.97000000000001,1,5,10,3,3,34,0.36,1,0
CHEMBL1529584,3.9794788,5.881864,Cc1c(Cc2ccccc2)c(=O)oc2c(C)c(OCC(=O)N[C@@H](Cc3ccccc3)C(=O)O)ccc12,IC50,1,single-target,0,485.5360000000001,4.1915400000000025,105.84,2,5,9,4,4,36,0.2068965517241379,0,1
CHEMBL2047525,0.36076546,3.5557156,CNC(=O)Oc1cccc(CN(C)CCCCCCCOc2ccc(-c3cc4ccccc4oc3=O)cc2)c1,IC50,3,multi-target,0,528.6490000000002,6.639500000000007,81.00999999999999,1,6,13,4,4,39,0.3125,2,0
CHEMBL4592519,5.868168,-0.18287943,O=c1cc(OCCCN2CCC(Cc3ccccc3)CC2)c2ccccc2o1,IC50,1,single-target,0,377.48400000000015,4.516600000000004,42.68,0,4,7,4,3,28,0.375,0,1
CHEMBL213955,9.525909,0.693909,Cc1cc2ccc(OCc3cccc(Cl)c3)cc2oc1=O,IC50,2,multi-target,0,300.7410000000001,4.333820000000003,39.44,0,3,3,3,3,21,0.1176470588235294,0,1
CHEMBL213141,13.414495,1.517031,O=C(NCCNC(=O)c1cc2ccccc2oc1=O)c1cc2ccccc2oc1=O,Ki,2,multi-target,0,404.3780000000002,2.0592,118.62,2,6,5,4,4,30,0.0909090909090909,0,1
CHEMBL1351704,12.938763,0.49820304,O=C(Nc1cccnc1)c1cccc(-c2cc3ccccc3oc2=O)c1,IC50,2,multi-target,0,342.3540000000001,4.107300000000003,72.2,1,4,3,4,4,26,0.0,0,1
CHEMBL5399314,5.648899,4.67176,COc1cc(C(=O)Nc2c(O)ccc3c(C)cc(=O)oc23)cc(OC)c1OC,IC50,1,single-target,0,385.3720000000002,3.0851200000000008,107.23,2,7,5,3,3,28,0.2,0,1
CHEMBL470222,13.129024,1.096936,O=C(Cl)c1ccc(NC(=O)c2cc3ccccc3oc2=O)cc1,IC50,1,single-target,0,327.72300000000007,3.424300000000001,76.38,1,4,3,3,3,23,0.0,0,1
CHEMBL5437540,8.278558,0.5008364,CC(=O)Nc1ccc(CCNC[C@H](O)COc2ccc3ccc(=O)oc3c2)cc1,Kd,1,single-target,0,396.4430000000001,2.3233999999999995,100.8,3,6,9,3,3,29,0.2727272727272727,0,1
CHEMBL179641,3.493573,8.768446,O=c1cc(N2CCOCC2)c2ccc3ccccc3c2o1,IC50,1,single-target,0,281.31100000000004,2.782800000000001,42.68000000000001,0,4,1,4,3,21,0.2352941176470588,0,1
CHEMBL6843,1.0301201,-3.220081,CCC1CCNc2cc3oc(=O)cc(C(F)(F)F)c3cc21,IC50,2,multi-target,0,297.276,4.121000000000003,42.24,1,3,1,3,2,21,0.4,0,1
CHEMBL3759162,4.9752374,3.3016293,CCCCn1cc[n+](Cc2cc(=O)oc3cc(C)cc(C)c23)c1,IC50,1,single-target,0,311.40500000000003,3.347240000000002,39.02,0,3,5,3,3,23,0.3684210526315789,0,1
CHEMBL4533647,10.452671,4.7790093,CC(=O)Oc1ccc(-c2cc3cccc(OC(C)=O)c3oc2=O)cc1OC(C)=O,Ki,2,multi-target,0,396.3510000000002,3.2359000000000018,109.11,0,8,4,3,3,29,0.1428571428571428,0,1
CHEMBL1519351,4.6296234,4.738489,CCCc1cc(=O)oc2cc(OCC(=O)NC(Cc3c[nH]c4ccc(O)cc34)C(=O)O)c(Cl)cc12,IC50,1,single-target,0,498.91900000000015,3.7767000000000017,141.86,4,6,9,4,4,35,0.24,0,1
CHEMBL5424392,11.479046,4.3671074,COc1ccc2cc(-c3nc4ccc(OC)cc4s3)c(=O)oc2c1,IC50,1,single-target,0,339.37200000000007,4.086900000000003,61.56,0,6,3,4,4,24,0.1111111111111111,0,1
CHEMBL1554968,4.302111,5.6728215,Cc1cc(OCC(=O)N2CCC[C@@H]2C(=O)O)c2c(C)c(C)c(=O)oc2c1,IC50,1,single-target,0,359.3780000000001,2.1726600000000005,97.05,1,5,4,3,2,26,0.4210526315789473,0,1
CHEMBL4791335,7.202991,7.7923365,C/C(=N\Nc1ccccc1)c1c(O)c2ccccc2oc1=O,IC50,1,single-target,0,294.31000000000006,3.3347000000000016,74.83000000000001,2,5,3,3,3,22,0.0588235294117647,0,1
CHEMBL1507250,13.088256,1.0830451,Cc1ccc(NC(=O)c2cc3ccccc3oc2=O)cc1S(=O)(=O)N(C)C,AC50,4,multi-target,0,386.42900000000014,2.60402,96.68999999999998,1,5,4,3,3,27,0.1578947368421052,0,1
CHEMBL571738,8.2521515,-0.43005595,O=c1ccc2cc(CO)ccc2o1,Ki,12,multi-target,1,176.171,1.2853,50.44,1,3,1,2,2,13,0.1,0,1
CHEMBL1835232,11.145403,4.8322144,COc1cc(-c2cc3cc(C)ccc3oc2=O)ccc1Br,IC50,1,single-target,0,345.192,4.539520000000002,39.44,0,3,2,3,3,21,0.1176470588235294,0,1
CHEMBL577123,12.459046,1.6811479,Cc1ccc2oc(=O)c(C(=O)O)cc2c1,Ki,13,multi-target,1,204.181,1.79962,67.51,1,3,1,2,2,15,0.0909090909090909,0,1
CHEMBL7121,14.386316,18.335333,CCCc1cc(=O)oc2c3c(c4c(c12)OC(C)(C)C=C4)O[C@H](C)[C@@H](C)[C@H]3O,Ki,7,multi-target,1,370.4450000000001,4.380100000000005,68.9,1,5,2,4,2,27,0.5,0,1
CHEMBL568385,11.629016,1.7494444,CCOC(=O)c1cc2ccc(OC)cc2oc1=O,Ki,11,multi-target,1,248.23399999999995,1.9783,65.74000000000001,0,5,3,2,2,18,0.2307692307692307,0,1
CHEMBL4215786,6.738842,8.802129,CCCCn1cnc(CC(c2c(O)c3ccccc3oc2=O)c2c(O)c3ccccc3oc2=O)c1Cl,IC50,1,single-target,0,506.9420000000002,5.335200000000006,118.7,2,8,7,5,5,36,0.2222222222222222,2,0
CHEMBL1337717,12.948608,0.5948395,O=C(Nc1ccc(-c2cc3ccccc3oc2=O)c(Cl)c1)c1cccnc1,IC50,1,single-target,0,376.799,4.760700000000003,72.2,1,4,3,4,4,27,0.0,0,1
CHEMBL206227,6.314646,6.1294255,Cc1c(O)cc(C)c2c1oc(=O)c1cc(O)ccc12,IC50,2,multi-target,0,256.257,2.974240000000001,70.67,2,4,0,3,3,19,0.1333333333333333,0,1
CHEMBL5191815,5.2494545,6.946857,O=c1oc2cc(O)ccc2c2c1[nH]c1ccccc12,IC50,2,multi-target,0,251.241,3.1331000000000007,66.22999999999999,2,3,0,4,4,19,0.0,0,1
CHEMBL3775682,4.9157414,3.2976372,Cc1cc(O)c2c(CC(=O)O)cc(=O)oc2c1,IC50,1,single-target,0,234.207,1.4341199999999998,87.74,2,4,2,2,2,17,0.1666666666666666,0,1
CHEMBL1315419,3.9703207,6.3721657,Cc1coc2c1c(C)cc1oc(=O)c(CC(=O)NCCCN3CCCC3=O)c(C)c12,IC50,1,single-target,0,410.4700000000003,3.135660000000001,92.76,1,5,6,4,3,30,0.4347826086956521,0,1
CHEMBL5181100,8.550791,1.8939496,C=CC(C)(C)c1cc2cc(C[C@@H](OCC)C(C)(C)O)c(OC)cc2oc1=O,EC50,1,single-target,0,374.4770000000001,3.9837000000000025,68.9,1,5,8,2,2,27,0.5,0,1
CHEMBL589158,4.6497054,3.7938159,Cc1cccc(SCc2cc(=O)oc3cc(O)ccc23)n1,IC50,3,multi-target,0,299.35100000000006,3.494320000000002,63.33,1,5,3,3,3,21,0.125,0,1
CHEMBL567139,8.215752,-0.48809293,NCc1ccc2oc(=O)ccc2c1,Ki,13,multi-target,1,175.18699999999998,1.2517,56.23,1,3,1,2,2,13,0.1,0,1
CHEMBL205988,6.3689218,6.204843,Cc1c(O)ccc2c1oc(=O)c1cccc(C)c12,IC50,1,single-target,0,240.258,3.2686400000000013,50.440000000000005,1,3,0,3,3,18,0.1333333333333333,0,1
CHEMBL5563200,13.2844305,1.9816257,COc1ccc2cc(C(=O)Nc3ccc(S(N)(=O)=O)cc3)c(=O)oc2c1,Ki,8,multi-target,1,374.37400000000014,1.7013,128.7,2,6,4,3,3,26,0.0588235294117647,0,1
CHEMBL1927183,10.250212,5.3818254,O=C(O)c1cccc(-n2cc(-c3cc4ccccc4oc3=O)[nH]c2=S)c1,IC50,3,multi-target,0,364.38200000000006,4.006490000000002,88.22999999999999,2,5,3,4,4,26,0.0,0,1
CHEMBL191528,7.951901,0.37208042,CCOc1ccc2ccc(=O)oc2c1,Ki,12,multi-target,1,190.19799999999995,2.1917,39.44,0,3,2,2,2,14,0.1818181818181818,0,1
CHEMBL204890,4.1223145,1.7485639,O=c1cc(-c2ccc(F)cc2)c2ccc(COc3cc(F)cc([C@]4(O)C[C@H]5CO[C@@H](C4)O5)c3)cc2o1,IC50,1,single-target,0,492.4740000000003,5.040100000000005,78.13000000000001,1,6,5,6,4,36,0.25,1,0
CHEMBL1630105,11.735306,-0.71773964,Cc1ccc2oc(=O)c(CC(CCCc3ccc(OCCN4CCCCC4)cc3)C(=O)NO)cc2c1,IC50,1,single-target,0,492.6160000000004,4.653120000000004,92.01,2,6,11,4,3,36,0.4482758620689655,0,1
CHEMBL471221,13.105152,1.0817246,Cc1ccc(NC(=O)c2cc3ccccc3oc2=O)cc1C,IC50,2,multi-target,0,293.32200000000006,3.6621400000000017,59.31,1,3,2,3,3,22,0.1111111111111111,0,1
CHEMBL4448987,2.3723989,6.970307,Cc1c(CC(N)=O)c(=O)oc2c(C)c(OCc3cccc(Br)c3)ccc12,IC50,1,single-target,0,416.271,3.7791400000000026,82.53000000000002,1,4,5,3,3,26,0.2,0,1
CHEMBL5406371,6.267166,-2.1267052,O=c1cc(OCCCN2CCC(NCc3cccc(F)c3)CC2)c2ccc(-c3cccnc3)cc2o1,IC50,2,multi-target,0,487.5750000000003,5.017200000000004,67.6,1,6,9,5,4,36,0.3103448275862069,1,0
CHEMBL1493014,6.477297,4.5617905,CCc1cc(=O)oc2c(CN3CCN(C)CC3)c(O)c(Cl)cc12,IC50,1,single-target,0,336.819,2.4618,56.92,1,5,3,3,2,23,0.4705882352941176,0,1
CHEMBL1511067,4.620617,3.6883824,Cc1cc(C)n2nc(SCc3cc(=O)oc4cc(O)ccc34)nc2n1,IC50,1,single-target,0,354.3910000000001,2.845440000000001,93.52,1,8,3,4,4,25,0.1764705882352941,0,1
CHEMBL512883,13.369038,1.5059344,CC(C)CNC(=O)c1cc2ccccc2oc1=O,IC50,1,single-target,0,245.278,2.1788,59.31,1,3,3,2,2,18,0.2857142857142857,0,1
CHEMBL1392339,11.537722,3.8375468,O=c1oc2cc(O)ccc2cc1S(=O)(=O)c1ccccc1,AC50,1,single-target,0,302.307,2.3314000000000004,84.57999999999998,1,5,2,3,3,21,0.0,0,1
CHEMBL4451488,5.1514993,-3.5364525,COc1cc2c(cc1OC)CN(CCCCOc1ccc3cc(-c4ccccc4)c(=O)oc3c1)CC2,IC50,1,single-target,0,485.5800000000002,5.694500000000007,61.14,0,6,9,5,4,36,0.3,1,0
CHEMBL446518,7.685889,2.5221257,CC(=O)c1c(O)ccc2ccc(=O)oc12,Ki,2,multi-target,0,204.18099999999995,1.7011999999999998,67.50999999999999,1,4,1,2,2,15,0.0909090909090909,0,1
CHEMBL205934,6.2496653,6.161293,Cc1c(O)cc(C)c2c1oc(=O)c1c(C)c(O)ccc12,IC50,2,multi-target,0,270.284,3.282660000000001,70.67,2,4,0,3,3,20,0.1875,0,1
CHEMBL150485,11.755719,4.4878993,O=c1oc2cc(O)ccc2cc1-c1nc(-c2ccc3c(c2)OCO3)cs1,Ki,1,single-target,0,365.3660000000001,4.017800000000001,81.79,1,7,2,5,4,26,0.0526315789473684,0,1
CHEMBL1288623,7.7011256,2.491724,CCCOc1ccc2ccc(=O)oc2c1C(=O)CC,Ki,2,multi-target,0,260.289,3.174500000000002,56.51,0,4,5,2,2,19,0.3333333333333333,0,1
CHEMBL122049,7.636676,-0.97021157,Cc1ccc(N2CCN(Cc3ccc4oc(=O)ccc4c3)CC2)cc1,Ki,1,single-target,0,334.4190000000001,3.4236200000000023,36.69,0,4,3,4,3,25,0.2857142857142857,0,1
CHEMBL4539801,6.96561,-3.3465993,Cc1c(C)c2ccc(OCC3CCN(Cc4ccc(Cl)cc4)CC3)cc2oc1=O,IC50,2,multi-target,0,411.92900000000014,5.354240000000006,42.68,0,4,5,4,3,29,0.375,1,0
CHEMBL513549,13.166064,1.0904438,O=C(Nc1c(F)c(F)nc(F)c1F)c1cc2ccccc2oc1=O,IC50,2,multi-target,0,338.21600000000007,2.9967000000000006,72.2,1,4,2,3,3,24,0.0,0,1
CHEMBL1403868,6.428743,8.663989,CCCC(=O)Nc1cc(C)c2c(=O)oc3ccccc3c2n1,IC50,1,single-target,0,296.326,3.3882200000000013,72.2,1,4,3,3,3,22,0.2352941176470588,0,1
CHEMBL1371958,5.95245,4.38464,Cc1cc(=O)oc2c(CN(CC(C)C)CC(C)C)c(O)ccc12,IC50,1,single-target,0,317.42900000000003,3.921020000000003,53.68000000000001,1,4,6,2,2,23,0.5263157894736842,0,1
CHEMBL495466,12.725145,1.0337838,Cc1ccc2oc(=O)c(C(=O)Nc3ccccc3)cc2c1,IC50,2,multi-target,0,279.2950000000001,3.353720000000002,59.31,1,3,2,3,3,21,0.0588235294117647,0,1
CHEMBL2425848,13.419468,-6.8850255,Nc1c2c(nc3c1C(c1cccc(Cl)c1)c1c(c4ccccc4oc1=O)O3)CCCC2,IC50,1,single-target,0,430.8910000000003,5.588300000000004,78.35000000000001,1,5,1,6,4,31,0.2,1,0
CHEMBL509345,13.051834,1.1861699,O=C(Nc1cccc(C(F)(F)F)c1)c1cc2ccccc2oc1=O,IC50,1,single-target,0,333.26500000000004,4.0641000000000025,59.31,1,3,2,3,3,24,0.0588235294117647,0,1
CHEMBL1078442,7.167274,1.3719774,CC(C)=CCC/C(C)=C/COc1c2ccoc2cc2oc(=O)ccc12,Ki,8,multi-target,1,338.4030000000001,5.610700000000005,52.580000000000005,0,4,6,3,3,25,0.2857142857142857,1,0
CHEMBL469818,13.080727,1.043221,Cc1cccc(Cl)c1NC(=O)c1cc2ccccc2oc1=O,IC50,1,single-target,0,313.7400000000001,4.007120000000002,59.31,1,3,2,3,3,22,0.0588235294117647,0,1
CHEMBL209632,14.616507,3.1956298,O=C(Nc1cc(-c2ccccc2)ccc1N1CCNCC1)c1cc2ccccc2oc1=O,IC50,1,single-target,0,425.4880000000002,4.121900000000003,74.58000000000001,2,5,4,5,4,32,0.1538461538461538,0,1
CHEMBL519678,11.073905,1.1668079,COc1cc(NC(=O)c2cc3ccc(OCc4ccc(F)cc4)cc3oc2=O)cc(OC)c1,IC50,2,multi-target,0,449.4340000000002,4.780600000000004,87.00000000000001,1,6,7,4,4,33,0.12,0,1
CHEMBL432745,7.8042903,0.40458083,C=CCOc1ccc2ccc(=O)oc2c1,Ki,3,multi-target,0,202.209,2.3578,39.44,0,3,3,2,2,15,0.0833333333333333,0,1
CHEMBL1484400,5.759185,4.218148,CCc1c(C(C)O)oc2ccc3c(C)cc(=O)oc3c12,AC50,3,multi-target,0,272.3,3.463320000000003,63.580000000000005,1,4,2,3,3,20,0.3125,0,1
CHEMBL1095225,-1.2619594,19.15301,COc1ccc2c(Nc3c(Cl)cncc3Cl)cc(=O)oc2c1OCCCCN(C)C,IC50,1,single-target,0,452.3380000000004,4.967600000000004,76.83,1,7,9,3,3,30,0.3333333333333333,0,1
CHEMBL89913,5.7928667,-8.826464,COc1ccc2c3c(c(=O)oc2c1)CN(Cc1ccc(Cl)c(Cl)c1)CC3,Ki,1,single-target,0,390.2660000000001,4.666700000000003,42.68,0,4,3,4,3,26,0.25,0,1
CHEMBL1587159,3.5225122,6.5479546,Cc1c(CCC(=O)O)c(=O)oc2c(C)c3occ(-c4ccc(Cl)cc4)c3cc12,IC50,2,multi-target,0,396.826,5.493640000000004,80.64999999999999,1,4,4,4,4,28,0.1818181818181818,1,0
CHEMBL1688913,8.738382,10.968744,O=c1cc(Cn2ccnc2)c2ccc(O)cc2o1,IC50,1,single-target,0,242.234,1.7433999999999998,68.26,1,5,2,3,3,18,0.0769230769230769,0,1
CHEMBL1688910,8.726272,10.96481,O=c1cc(Cn2ccnc2)c2ccc(Oc3cc(F)cc(F)c3)cc2o1,IC50,1,single-target,0,354.31200000000007,4.1083000000000025,57.260000000000005,0,5,4,4,4,26,0.0526315789473684,0,1
CHEMBL387892,8.778448,10.996931,COc1ccc2cc(Cn3ccnc3)c(=O)oc2c1,IC50,1,single-target,0,256.261,2.0464,57.260000000000005,0,5,3,3,3,19,0.1428571428571428,0,1
CHEMBL6441,1.0214834,-3.2285163,CC1=CC(C)(C)Nc2cc3oc(=O)cc(C(F)(F)F)c3cc21,IC50,1,single-target,0,309.28700000000003,4.419200000000003,42.24,1,3,0,3,2,22,0.3125,0,1
CHEMBL205189,4.1893373,1.8056453,O=c1cc(-c2ccc(F)cc2)c2ccc(COc3cc(F)cc(C(O)(C(F)(F)F)C(F)(F)F)c3)cc2o1,IC50,1,single-target,0,530.3670000000001,6.629400000000004,59.67,1,4,5,4,4,37,0.16,2,0
CHEMBL1078189,7.149958,1.3102571,CCCCCCCC1O[C@H](CC/C(C)=C/COc2c3ccoc3cc3oc(=O)ccc23)C(C)(C)O1,IC50,1,single-target,0,482.61700000000025,7.525100000000009,71.04,0,6,12,4,3,35,0.5517241379310345,1,0
CHEMBL1312932,11.930545,6.1010704,O=C(O)CCn1cc(C=C2C(=O)NC(=O)NC2=O)c(-c2cc3ccccc3oc2=O)n1,AC50,1,single-target,0,422.3530000000002,0.8805999999999999,160.59999999999997,3,8,5,4,3,31,0.1,0,1
CHEMBL1830821,11.916393,2.0537598,COc1ccc2cc(C(=O)O)c(=O)oc2c1,IC50,1,single-target,0,220.18,1.4998,76.74000000000001,1,4,2,2,2,16,0.0909090909090909,0,1
CHEMBL1406489,7.9647827,1.7825541,O=c1ccc2cc(O[C@@H]3O[C@@H](CO)[C@H](O)[C@@H](O)[C@@H]3O)c(O)cc2o1,AC50,1,single-target,0,340.2840000000001,-1.322700000000001,149.82,5,9,3,3,2,24,0.4,0,1
CHEMBL479894,7.5649457,1.958774,COc1cc2c(c3oc(=O)ccc13)C=CC(C)(C)O2,IC50,1,single-target,0,258.273,2.985800000000001,48.67,0,4,1,3,2,19,0.2666666666666666,0,1
CHEMBL1477721,3.6192183,3.4846091,CCCC(C(=O)Nc1ccc2c(C)cc(=O)oc2c1)c1ccccc1,IC50,1,single-target,0,335.403,4.623820000000003,59.31,1,3,5,3,3,25,0.238095238095238,0,1
CHEMBL4869068,16.24824,4.5789223,O=c1cc(OCc2cn(Cc3cc(=O)c(O)co3)nn2)c2ccccc2o1,IC50,1,single-target,0,367.31700000000006,1.6705999999999996,120.59,1,9,5,4,4,27,0.1111111111111111,0,1
CHEMBL1327635,3.6983232,2.2440736,Cc1cc(=O)oc2cc(OC(=O)c3ccco3)ccc12,IC50,2,multi-target,0,270.24,2.9136200000000017,69.65,0,5,2,3,3,20,0.0666666666666666,0,1
CHEMBL1479277,4.839016,2.4996321,O=c1cc(-c2ccc([N+](=O)[O-])cc2)c2ccc(O)cc2o1,Ki,2,multi-target,0,283.23900000000003,3.073800000000001,93.58,1,5,2,3,3,21,0.0,0,1
CHEMBL4159609,4.6759195,-0.63071406,Cc1cc(=O)oc2cc(OCCCSC(=S)N3CCCCC3)ccc12,IC50,1,single-target,0,377.5310000000002,4.374320000000004,42.68,0,5,5,3,2,25,0.4736842105263157,0,1
CHEMBL273984,4.8859973,3.2303877,O=C(O)Cc1cc(=O)oc2cc(O)cc(O)c12,IC50,1,single-target,0,236.179,0.8312999999999999,107.97,3,5,2,2,2,17,0.0909090909090909,0,1
CHEMBL568720,6.252604,7.929692,O=c1oc2c(Br)cc(Br)cc2c(O)c1Cc1c(O)c2cc(Br)cc(Br)c2oc1=O,IC50,1,single-target,0,651.8830000000002,5.951400000000002,100.88,2,6,2,4,4,29,0.0526315789473684,2,0
CHEMBL191979,7.160917,8.26845,O=c1oc2ccccc2c(O)c1C1CC(c2ccc(-c3ccccc3)cc2)Oc2ccccc21,IC50,1,single-target,0,446.5020000000001,6.821300000000006,59.67,1,4,3,6,5,34,0.1,1,0
CHEMBL4175236,-1.6651706,3.7880795,CC(=O)Nc1ccc2oc(=O)c3c(C)nn(-c4ccccc4)c3c2c1,Ki,2,multi-target,0,333.34700000000004,3.3987200000000017,77.13,1,5,2,4,4,25,0.1052631578947368,0,1
CHEMBL2206128,18.03142,3.318877,COc1ccc(C[n+]2ccc(/C=C/C(=O)c3cc4cccc(OC)c4oc3=O)cc2)cc1,IC50,2,multi-target,0,428.46400000000017,4.042100000000003,69.62,0,5,7,4,4,32,0.1153846153846153,0,1
CHEMBL2114278,7.8057036,8.294042,CC1(O)C[C@H](c2ccccc2)c2c(c3ccccc3oc2=O)O1,Ki,1,single-target,0,308.3330000000001,3.4159000000000024,59.67,1,4,1,4,3,23,0.2105263157894736,0,1
CHEMBL3977856,5.163141,9.674026,O=c1oc2ccccc2c(N2CCN(C(c3ccccc3)c3ccccc3)CC2)c1CO,IC50,1,single-target,0,426.5160000000002,4.196900000000005,56.92,1,5,5,5,4,32,0.2222222222222222,0,1
CHEMBL3827064,0.4174366,3.5689297,CN(CCCOc1ccc2c(c1)oc(=O)c1ccccc12)Cc1cccc(OC(=O)NCCCCCc2ccccc2)c1,IC50,3,multi-target,0,578.7090000000005,7.348500000000008,81.00999999999999,1,6,14,5,5,43,0.2777777777777778,2,0
CHEMBL3120688,3.6223938,-1.7612613,O=c1oc2cc(OCCCCN3CCC(c4noc5cc(F)ccc45)CC3)ccc2c2c1CCC2,Ki,5,multi-target,1,476.5480000000003,5.600600000000006,68.71000000000001,0,6,7,6,4,35,0.4285714285714285,1,0
CHEMBL1642280,11.795774,5.0215497,O=C(Cn1cc(-c2ccccc2)nn1)c1ccc(-c2cc3ccccc3oc2=O)cc1,IC50,1,single-target,0,407.42900000000014,4.601400000000004,77.99000000000001,0,6,5,5,5,31,0.04,0,1
CHEMBL4176549,5.8046565,3.744139,Cc1c(O)ccc2c(-c3ccc(Cl)cc3)cc(=O)oc12,Ki,2,multi-target,0,286.71400000000006,4.127420000000002,50.44,1,3,1,3,3,20,0.0625,0,1
CHEMBL3930613,1.6074125,-1.4277952,O=c1ccc2c(OCCCOc3ccc(F)cc3)c3ccoc3cc2o1,EC50,2,multi-target,0,354.33300000000014,4.526200000000003,61.81,0,5,6,4,4,26,0.15,0,1
CHEMBL4086809,2.3926814,4.2659745,Cc1c(C#N)c(=O)oc2cc(OS(=O)(=O)c3ccccc3)ccc12,IC50,1,single-target,0,341.34400000000005,2.740800000000001,97.37,0,6,3,3,3,24,0.0588235294117647,0,1
CHEMBL4869659,5.711367,20.691332,COc1ccc(C(=O)Nc2c(O)c3ccc(O)cc3oc2=O)cc1CCC(C)C,Ki,2,multi-target,0,397.42700000000025,4.053700000000003,109.0,3,6,6,3,3,29,0.2727272727272727,0,1
CHEMBL4764253,16.388401,4.7498827,O=c1cc(OCCCn2cc(Cn3nc4ccccc4n3)nn2)c2ccccc2o1,IC50,1,single-target,0,402.41400000000016,2.646600000000001,100.86,0,9,7,5,5,30,0.1904761904761904,0,1
CHEMBL4445725,16.096565,5.0706906,O=Cc1cc(Br)ccc1OCc1cn(CCCOc2ccc3ccc(=O)oc3c2)nn1,Ki,1,single-target,0,484.3060000000003,4.007600000000003,96.45,0,8,9,4,4,31,0.1818181818181818,0,1
CHEMBL4850743,12.377335,2.8990934,O=C(O)c1cc2cc3cc(C(=O)O)c(=O)oc3c(Br)c2oc1=O,IC50,1,single-target,0,381.09,2.0583,135.01999999999998,2,6,2,3,3,23,0.0,0,1
CHEMBL4437031,0.043014504,4.6563563,Cc1c(-c2nsc(=O)o2)c(=O)oc2cc3occ(-c4cccs4)c3cc12,IC50,1,single-target,0,383.40600000000006,4.652820000000002,86.45,0,8,2,5,5,26,0.0555555555555555,0,1
CHEMBL4161127,4.8868227,2.540721,Cc1cccc(-c2cc(=O)oc3cc(O)ccc23)c1,Ki,2,multi-target,0,252.269,3.474020000000001,50.44,1,3,1,3,3,19,0.0625,0,1
CHEMBL4750356,13.992474,1.1644608,NS(=O)(=O)c1ccc(N/N=C(\CS(=O)(=O)c2ccccc2)c2cc3cc(Br)ccc3oc2=O)cc1,Ki,4,multi-target,0,576.4500000000002,3.493000000000002,148.89999999999998,2,8,7,4,4,35,0.0434782608695652,1,0
CHEMBL4162493,5.8371916,3.7177854,Cc1c(O)ccc2c(-c3cccc(Cl)c3)cc(=O)oc12,Ki,2,multi-target,0,286.71400000000006,4.127420000000002,50.44,1,3,1,3,3,20,0.0625,0,1
CHEMBL4173179,5.870064,3.719827,Cc1c(O)ccc2c(-c3ccccc3Cl)cc(=O)oc12,Ki,2,multi-target,0,286.71400000000006,4.127420000000002,50.44,1,3,1,3,3,20,0.0625,0,1
CHEMBL4535870,5.8596864,-0.13420044,O=c1cc(OCCCN2CCN(c3ccccn3)CC2)c2ccccc2o1,IC50,1,single-target,0,365.43300000000016,2.779100000000001,58.81,0,6,6,4,3,27,0.3333333333333333,0,1
CHEMBL3806081,13.11458,6.5215745,COc1ccc(-c2nn(-c3ccc(S(N)(=O)=O)cc3)cc2/C=N\Nc2nc(-c3cc4cc(Br)ccc4oc3=O)cs2)cc1,Ki,4,multi-target,0,677.5620000000001,5.633700000000004,154.7,2,11,8,6,6,43,0.0344827586206896,3,0
CHEMBL4104313,2.1450717,3.4359448,O=C1C=CC(=O)c2c1ccc1c2c(=O)oc2cc(OCc3ccccc3)ccc21,IC50,2,multi-target,0,382.3710000000001,4.460400000000003,73.58,0,5,3,5,4,29,0.0416666666666666,0,1
CHEMBL5632673,11.882592,1.2443637,N=C(N)c1ccc2cc(OC(=O)c3cc4cc(CCl)ccc4oc3=O)ccc2c1,Ki,1,single-target,0,406.8250000000001,4.188270000000003,106.38000000000002,2,5,4,4,4,29,0.0454545454545454,0,1
CHEMBL1504784,5.565262,6.2834225,Cc1c(-c2ccccc2)c(=O)oc2cc(O)ccc12,AC50,1,single-target,0,252.26899999999995,3.474020000000001,50.44,1,3,1,3,3,19,0.0625,0,1
CHEMBL3427415,6.1910644,11.615501,Cc1cc(OC(F)(F)F)ccc1-c1c(Oc2ccc(/C=C/C(=O)O)cc2)c2ccccc2oc1=O,IC50,1,single-target,0,482.41000000000025,6.557120000000004,85.97,1,5,6,4,4,35,0.0769230769230769,1,0
CHEMBL427898,5.586399,7.145065,COc1c(O)ccc2oc(=O)c3c(ccc4[nH]c(=O)cc(C)c43)c12,EC50,1,single-target,0,323.3040000000001,2.810320000000001,92.53,2,5,1,4,4,24,0.1111111111111111,0,1
CHEMBL3427391,6.057703,11.440372,O=C(O)/C=C/c1ccc(Cc2c(-c3ccc(C(F)(F)F)cc3)c(=O)oc3cc(O)ccc23)cc1,IC50,1,single-target,0,466.4110000000001,5.873000000000004,87.74,2,4,5,4,4,34,0.0769230769230769,1,0
CHEMBL4461018,6.5321255,7.1751904,CC(=O)CC(=O)c1c(O)c2c(=O)oc3c4ccccc4ccc3c2oc1=O,IC50,2,multi-target,0,364.30900000000014,2.9200000000000017,114.79,1,7,3,4,4,27,0.1,0,1
CHEMBL2391491,1.5035554,15.702057,COc1cc(=O)oc2cc(OCCN3CCN(CC(=O)Nc4c5c(nc6ccccc46)CCCC5)CC3)ccc12,IC50,2,multi-target,0,542.6360000000003,3.8637000000000015,97.14,1,8,8,6,4,40,0.3870967741935484,1,0
CHEMBL4079507,7.7365656,-0.028705457,COc1ccc2c(c1)c(CC(=O)NCCOc1ccc3oc(=O)ccc3c1)c(C)n2C(=O)c1ccc(Cl)cc1,Ki,3,multi-target,0,544.9910000000002,5.144320000000004,99.77,1,7,8,5,5,39,0.1666666666666666,2,0
CHEMBL4087725,7.73435,0.016103197,COc1ccc2c(c1)c(CC(=O)NCCOc1ccc3ccc(=O)oc3c1)c(C)n2C(=O)c1ccc(Cl)cc1,Ki,3,multi-target,0,544.9910000000002,5.144320000000004,99.76999999999998,1,7,8,5,5,39,0.1666666666666666,2,0
CHEMBL4451686,2.518468,-9.590717,O=C1N/C(=N\c2ccc3oc(=O)ccc3c2)S/C1=C/c1ccccc1,IC50,1,single-target,0,348.38300000000004,3.6846000000000014,71.67,1,5,2,4,3,25,0.0,0,1
CHEMBL3927761,9.519954,-1.2843903,CCN(CC)c1cc2oc(=O)ccc2cc1-c1ccc(C#N)n1CC,IC50,1,single-target,0,335.4070000000001,3.9992800000000033,62.17,0,5,5,3,3,25,0.3,0,1
CHEMBL3804879,13.107986,6.529753,NS(=O)(=O)c1ccc(-n2cc(/C=N\Nc3nc(-c4cc5cc(Br)ccc5oc4=O)cs3)c(-c3ccccc3)n2)cc1,Ki,4,multi-target,0,647.5360000000001,5.625100000000004,145.47000000000003,2,10,7,6,6,41,0.0,2,0
CHEMBL511303,-0.9676249,5.743736,COc1ccc2oc(=O)c(Cc3ccccc3)cc2c1,IC50,1,single-target,0,266.296,3.392400000000002,39.44,0,3,3,3,3,20,0.1176470588235294,0,1
CHEMBL3805133,13.094976,6.505515,Cc1ccc(-c2nn(-c3ccc(S(N)(=O)=O)cc3)cc2/C=N\Nc2nc(-c3cc4cc(Cl)ccc4oc3=O)cs2)cc1,Ki,4,multi-target,0,617.1120000000002,5.824420000000004,145.47,2,10,7,6,6,42,0.0344827586206896,2,0
CHEMBL471448,11.042397,1.1776009,CC(C)NC(=O)c1cc2ccc(OCc3ccccc3)cc2oc1=O,IC50,1,single-target,0,337.37500000000006,3.510200000000002,68.53999999999999,1,4,5,3,3,25,0.2,0,1
CHEMBL4853955,5.831908,20.571245,CC(C)CCc1cccc(C(=O)Nc2c(O)c3ccc(-c4ccnn4C)cc3oc2=O)c1,Ki,2,multi-target,0,431.4920000000002,4.740000000000005,97.36,2,6,6,4,4,32,0.24,0,1
CHEMBL4564320,8.489597,-0.5186356,COc1ccc(C2SCC(=O)N2c2ccc3oc(=O)ccc3c2)cc1,IC50,1,single-target,0,353.39900000000006,3.5802000000000023,59.75,0,5,3,4,3,25,0.1578947368421052,0,1
CHEMBL3208377,11.135233,-8.893721,CCCCNc1cc(=O)oc2ccccc12,AC50,5,multi-target,1,217.268,3.005000000000001,42.24,1,3,4,2,2,16,0.3076923076923077,0,1
CHEMBL4848538,5.673248,20.741653,O=C(Nc1c(O)c2ccc(O)cc2oc1=O)c1cccc(CCc2ccccc2)c1,Ki,2,multi-target,0,401.4180000000001,4.2417000000000025,99.77,3,5,5,4,4,30,0.0833333333333333,0,1
CHEMBL205702,11.843139,1.3173462,N=C(N)Nc1ccc(OC(=O)c2cc3cc(CCl)ccc3oc2=O)cc1,IC50,1,single-target,0,371.7800000000001,3.056370000000002,118.41000000000004,3,5,4,3,3,26,0.0555555555555555,0,1
CHEMBL4443680,3.5229926,8.744895,O=c1cc(N2CCN(c3ccccn3)CC2)c2ccc3ccccc3c2o1,IC50,1,single-target,0,357.4130000000001,3.6678000000000015,49.580000000000005,0,5,2,5,4,27,0.1818181818181818,0,1
CHEMBL3093995,3.0231042,1.107701,CCOc1cc(=O)oc2cc(OCc3cccc(F)c3)ccc12,IC50,1,single-target,0,314.312,3.9098000000000015,48.67,0,4,5,3,3,23,0.1666666666666666,0,1
CHEMBL1466024,3.5117738,6.444067,Cc1c(CC(=O)O)c(=O)oc2cc3occ(-c4ccccc4)c3cc12,Ki,2,multi-target,0,334.32700000000006,4.141720000000002,80.64999999999999,1,4,3,4,4,25,0.1,0,1
CHEMBL4562339,3.5109904,8.755847,Cc1ccc(N2CCN(c3cc(=O)oc4c3ccc3ccccc34)CC2)cc1,IC50,1,single-target,0,370.45200000000017,4.581220000000004,36.69,0,4,2,5,4,28,0.2083333333333333,0,1
CHEMBL4848638,11.538167,2.0016086,CC(=O)c1cc2c3c(c(C)cc2oc1=O)O[C@](C)(CC/C=C(\C)CC/C=C(\C)CCC=C(CO)CO)CC3,IC50,1,single-target,0,522.6820000000004,6.531920000000008,96.97,2,6,12,3,2,38,0.5,2,0
CHEMBL3735913,11.232048,5.306153,Cc1ccc2oc(=O)c(-c3cccc(OCCBr)c3)cc2c1,IC50,2,multi-target,0,359.219,4.542120000000003,39.44,0,3,4,3,3,22,0.1666666666666666,0,1
CHEMBL4446195,16.111553,5.0648093,CCN(CC)c1ccc(C=O)c(OCc2cn(CCCOc3ccc4ccc(=O)oc4c3)nn2)c1,Ki,1,single-target,0,476.5330000000002,4.091300000000003,99.69,0,9,12,4,4,35,0.3076923076923077,0,1
CHEMBL3589964,16.038082,4.3264775,O=c1cc(OCc2cn(-c3cccc(S(=O)(=O)N4CCc5ccccc5C4)c3)nn2)c2ccccc2o1,IC50,1,single-target,0,514.5630000000003,3.699700000000002,107.53,0,8,6,6,5,37,0.1481481481481481,1,0
CHEMBL2158366,5.653705,0.26564494,CC(Oc1cc(=O)oc2ccccc12)C(=O)NC12CC3CC(C)(CC(C)(C3)C1)C2,IC50,2,multi-target,0,395.4990000000004,4.425500000000004,68.53999999999999,1,4,4,6,2,29,0.5833333333333334,0,1
CHEMBL4538661,3.5290484,8.739943,CCOc1ccccc1N1CCN(c2cc(=O)oc3c2ccc2ccccc23)CC1,IC50,1,single-target,0,400.4780000000001,4.671500000000004,45.92,0,5,4,5,4,30,0.24,0,1
CHEMBL4538428,11.290782,-8.77044,O=c1cc(NCCCN2CCN(c3nc(Cl)cc4ccccc34)CC2)c2ccccc2o1,IC50,4,multi-target,0,448.9540000000002,4.618800000000004,61.61000000000001,1,6,6,5,4,32,0.28,0,1
CHEMBL2088233,7.1134815,1.1632916,CC(C)=CCC/C(C)=C/COc1cccc2ccc(=O)oc12,IC50,1,single-target,0,298.38200000000006,4.864500000000005,39.44,0,3,6,2,2,22,0.3157894736842105,0,1
CHEMBL64744,6.7557206,8.085533,O=c1oc2ccccc2c(O)c1-c1ccccc1,IC50,1,single-target,0,238.242,3.1656000000000013,50.44,1,3,1,3,3,18,0.0,0,1
CHEMBL5273293,5.6846776,8.494436,COc1ccc(S(=O)(=O)Oc2cccc(-c3nc(N)c4c(=O)oc5ccccc5c4n3)c2)cc1OC,IC50,1,single-target,0,505.5080000000003,3.7703000000000015,143.84,1,10,6,5,5,36,0.08,1,0
CHEMBL5575065,13.404734,1.7999077,NS(=O)(=O)c1ccc(NC(=O)c2cc3ccccc3oc2=O)c(Cl)c1,Ki,8,multi-target,1,378.7930000000001,2.3461000000000007,119.47,2,5,3,3,3,25,0.0,0,1
CHEMBL3622015,2.5193095,5.062542,NS(=O)(=O)Oc1ccc2c3c(c(=O)oc2c1)CCCCCCCCCCC3,IC50,1,single-target,0,393.5050000000004,3.984800000000004,99.6,1,5,2,3,2,27,0.55,0,1
CHEMBL3335059,5.113572,-1.3584034,COc1cccc(CC2CCN(CCOc3ccc4c(c3)oc(=O)c3ccccc34)CC2)c1,IC50,1,single-target,0,443.5430000000002,5.288300000000005,51.91,0,5,7,5,4,33,0.3214285714285714,1,0
CHEMBL4092257,7.426108,8.837822,O=C1C(O)=C(C(c2ccc(F)cc2)c2c(O)c3ccccc3oc2=O)C(=O)c2ccccc21,IC50,1,single-target,0,442.3980000000002,4.660900000000003,104.81,2,6,3,5,4,33,0.0384615384615384,0,1
CHEMBL4074215,7.4205503,8.825473,O=C1C(O)=C(C(c2ccc3c(c2)OCO3)c2c(O)c3ccccc3oc2=O)C(=O)c2ccccc21,IC50,1,single-target,0,468.4170000000002,4.250500000000002,123.27,2,8,3,6,4,35,0.074074074074074,0,1
CHEMBL4638601,2.9286556,-7.011174,Cc1cn([C@H]2C[C@H](n3cc(CCCCOc4ccc5ccc(=O)oc5c4)nn3)[C@@H](CO)O2)c(=O)[nH]c1=O,Ki,4,multi-target,0,509.5190000000002,1.4657199999999992,154.47,2,11,9,5,4,37,0.4,2,0
CHEMBL4639447,2.911082,-7.0297284,Cc1cn([C@H]2C[C@H](n3cc(CCCOc4ccc5oc(=O)ccc5c4)nn3)[C@@H](CO)O2)c(=O)[nH]c1=O,Ki,5,multi-target,1,495.4920000000002,1.0756199999999996,154.47,2,11,8,5,4,36,0.375,1,0
CHEMBL4644555,2.9303725,-7.0099587,Cc1cn([C@H]2C[C@H](n3cc(CCCOc4ccc5ccc(=O)oc5c4)nn3)[C@@H](CO)O2)c(=O)[nH]c1=O,Ki,5,multi-target,1,495.4920000000002,1.0756199999999994,154.47,2,11,8,5,4,36,0.375,1,0
CHEMBL4466478,7.0735416,-3.4163814,CCCCN1CCC(Oc2ccc3c(C)c(C)c(=O)oc3c2)CC1,IC50,3,multi-target,0,329.4400000000001,4.053140000000004,42.68,0,4,5,3,2,24,0.55,0,1
CHEMBL5423982,11.856336,7.4734697,CCCCN(CCCC)CC(=O)n1nc(-c2cc3ccccc3oc2=O)cc1-c1ccccc1,IC50,1,single-target,0,457.5740000000001,5.865900000000006,68.34,0,6,10,4,4,34,0.3214285714285714,1,0
CHEMBL4455029,7.2085648,-3.2116702,Cc1c(C)c2ccc(OCC3CCCN(Cc4ccc(C#N)cc4)C3)cc2oc1=O,IC50,3,multi-target,0,402.49400000000014,4.572520000000004,66.47,0,5,5,4,3,30,0.36,0,1
CHEMBL4466718,7.0909905,-3.4308982,Cc1c(C)c2ccc(OC3CCN(Cc4cccc(Cl)c4)CC3)cc2oc1=O,IC50,3,multi-target,0,397.90200000000016,5.106640000000005,42.68,0,4,4,4,3,28,0.3478260869565217,1,0
CHEMBL4556552,7.241624,-3.1819415,COc1ccc(CN2CCCC(COc3ccc4c(C)c(C)c(=O)oc4c3)C2)cc1OC,IC50,4,multi-target,0,437.5360000000003,4.718040000000005,61.14,0,6,7,4,3,32,0.4230769230769231,0,1
CHEMBL2178984,3.2183397,2.5871296,Cc1cc(=O)oc2cc(OCC(=O)NN3C(=O)CSC3c3ccc(Cl)cc3)ccc12,Ki,2,multi-target,0,444.896,3.439020000000002,88.85,1,6,5,4,3,30,0.1904761904761904,0,1
CHEMBL3819227,10.591644,4.6830072,O=c1oc2c(O)cccc2cc1-c1ccsc1,Ki,3,multi-target,0,244.271,3.227100000000001,50.44,1,4,1,3,3,17,0.0,0,1
CHEMBL4571763,7.2412186,-3.2018774,Cc1c(C)c2ccc(OCC3CCCN(Cc4ccccc4)C3)cc2oc1=O,IC50,6,multi-target,1,377.4840000000001,4.700840000000005,42.68,0,4,5,4,3,28,0.375,0,1
CHEMBL4451228,15.811775,2.1789215,CCc1c(O)c(=O)ccn1Cc1cc2ccc(OCc3ccc(F)cc3)cc2oc1=O,IC50,1,single-target,0,421.4240000000001,3.989100000000003,81.66999999999999,1,6,6,4,4,31,0.1666666666666666,0,1
CHEMBL5560830,13.41528,1.4179717,COC(=O)C(Cc1ccc(O)cc1)NC(=O)c1cc2ccccc2oc1=O,IC50,1,single-target,0,367.35700000000014,2.0127,105.84,2,6,5,3,3,27,0.15,0,1
CHEMBL3763449,12.7572365,2.7118747,O=C(Nc1ccc(O)cc1)c1cc2cc(Cl)cc(Br)c2oc1=O,IC50,1,single-target,0,394.60800000000006,4.166800000000001,79.53999999999999,2,4,2,3,3,23,0.0,0,1
CHEMBL4591725,3.4532495,6.407989,Cc1c(C2CCCC2)c(=O)oc2cc3occ(-c4ccccc4)c3cc12,IC50,2,multi-target,0,344.4100000000001,6.172220000000006,43.35,0,3,2,5,4,26,0.2608695652173913,1,0
CHEMBL1445449,7.8763623,0.4369491,Cc1cc(C(=O)COc2ccc3ccc(=O)oc3c2)c(C)n1Cc1cccs1,IC50,1,single-target,0,393.4640000000001,4.582840000000004,61.440000000000005,0,6,6,4,4,28,0.1818181818181818,0,1
CHEMBL4763227,7.194009,7.8023357,C/C(=N\CCO)c1c(O)c2ccccc2oc1=O,IC50,1,single-target,0,247.25,1.2999,83.03,2,5,3,2,2,18,0.2307692307692307,0,1
CHEMBL484410,11.115642,1.1565497,COc1ccc(NC(=O)c2cc3ccc(OCc4ccc(F)cc4)cc3oc2=O)cc1OC,IC50,2,multi-target,0,449.4340000000002,4.780600000000004,87.00000000000001,1,6,7,4,4,33,0.12,0,1
CHEMBL4856665,5.8653708,20.53308,Cc1ccc(S(=O)(=O)Nc2ccc3c(O)c(NC(=O)c4cccc(CCC(C)C)c4)c(=O)oc3c2)cc1,IC50,2,multi-target,0,520.6070000000004,5.448720000000004,125.71,3,6,8,4,4,37,0.2142857142857142,2,0
CHEMBL5290552,7.100175,1.587508,CCC/C(C=C(C)C)=C\COc1c2occc2c(C)c2ccc(=O)oc12,Ki,1,single-target,0,352.43000000000006,5.919120000000006,52.58,0,4,6,3,3,26,0.3181818181818182,1,0
CHEMBL4094178,6.042191,7.1777425,Cc1ccc2c(c1)oc(=O)c1c3c(ccc12)C(=O)C=CC3=O,IC50,2,multi-target,0,290.274,3.189820000000002,64.35,0,4,0,4,3,22,0.0555555555555555,0,1
CHEMBL5087013,2.4178653,6.856223,Cc1c(CC(=O)O)c(=O)oc2c(C)c(OCc3cc(Cl)cc(Cl)c3)ccc12,IC50,1,single-target,0,407.2490000000001,4.922740000000004,76.74,1,4,5,3,3,27,0.2,0,1
CHEMBL262275,11.508589,-0.34265402,CCc1cc2cc(S(=O)(=O)NC(CCCN=C(N)N)C(=O)N3CCC(CC)CC3)ccc2oc1=O,IC50,1,single-target,0,505.6410000000004,1.7045000000000017,161.08999999999995,3,6,10,3,2,35,0.5416666666666666,1,0
CHEMBL2088236,7.1219215,1.146066,CC(C)=CCC/C(C)=C/CC/C(C)=C/COc1cccc2ccc(=O)oc12,IC50,1,single-target,0,366.5010000000001,6.591000000000006,39.44,0,3,9,2,2,27,0.375,1,0
CHEMBL2178452,2.476496,6.3057804,Cc1c(CCC(=O)NCCN(C)C)c(=O)oc2c(C)c(OCc3ccc(-c4ccccc4)cc3)ccc12,IC50,1,single-target,0,498.6230000000002,5.266240000000004,71.78,1,5,10,4,4,37,0.2903225806451613,1,0
CHEMBL2314726,13.345184,3.6569023,COc1cc2cc(NC(=O)[C@H]3CCC[C@@H](NCc4ccccc4)C3)c(=O)oc2cc1OC,IC50,4,multi-target,0,436.5080000000002,4.097300000000003,89.80000000000001,2,6,7,4,3,32,0.36,0,1
CHEMBL5218766,23.634197,-6.8396873,COc1cc(/C=C/C(=O)OCCCCCN(CCCOC(=O)c2c3ccccc3cc3ccccc23)CCCOc2ccc3ccc(=O)oc3c2)cc(OC)c1OC,Ki,2,multi-target,0,787.9060000000001,8.870100000000004,122.97,0,11,21,6,6,58,0.2978723404255319,3,0
CHEMBL5196422,11.558237,3.915962,CC1(C)CCc2cc3cc(O)c(=O)oc3cc2O1,EC50,1,single-target,0,246.262,2.6022000000000007,59.67,1,4,0,3,2,18,0.3571428571428571,0,1
CHEMBL568962,6.141473,8.060102,O=c1oc2ccc3c(c2c(O)c1Cc1cccc2ccccc12)CCCC3,IC50,1,single-target,0,356.42100000000016,5.121400000000003,50.44,1,3,2,5,4,27,0.2083333333333333,1,0
CHEMBL1376318,2.5252979,5.0977697,O=c1oc2cc(Oc3ccc(C(F)(F)F)cc3[N+](=O)[O-])ccc2c2c1CCCC2,AC50,1,single-target,0,405.32800000000026,5.391100000000003,82.58,0,5,3,4,3,29,0.25,1,0
CHEMBL471447,11.079884,1.2071395,O=C(NC1CCCCC1)c1cc2ccc(OCc3ccccc3)cc2oc1=O,IC50,1,single-target,0,377.4400000000001,4.434500000000003,68.53999999999999,1,4,5,4,3,28,0.3043478260869565,0,1
CHEMBL4761022,8.807075,-0.25949404,O=C(/C=C/c1cc(Cl)cc(Cl)c1)Nc1ccc2oc(=O)ccc2c1,Ki,2,multi-target,0,360.19600000000014,4.751700000000002,59.31,1,3,3,3,3,24,0.0,0,1
CHEMBL2158360,5.642157,0.2753814,CC(Oc1cc(=O)oc2ccccc12)C(=O)Nc1ccc(C(F)(F)F)cc1C#N,IC50,2,multi-target,0,402.3280000000001,4.089480000000003,92.32999999999998,1,5,4,3,3,29,0.15,0,1
CHEMBL2333943,12.585494,1.8444057,O=C(O)c1cc2cc(Br)ccc2oc1=O,IC50,4,multi-target,0,269.04999999999995,2.2537000000000003,67.50999999999999,1,3,1,2,2,15,0.0,0,1
CHEMBL3121782,7.844776,0.28733897,C#CCCCOc1ccc2ccc(=O)oc2c1,IC50,4,multi-target,0,228.247,2.5852000000000004,39.44,0,3,4,2,2,17,0.2142857142857142,0,1
CHEMBL4129562,3.9394097,-2.7374094,CC(=O)c1c(OCCCN2CCN(c3ccccc3F)CC2)ccc2c(C)cc(=O)oc12,Ki,2,multi-target,0,438.49900000000025,4.034220000000003,62.99,0,6,7,4,3,32,0.36,0,1
CHEMBL1947111,5.2901616,6.916567,O=c1oc2cc(O)c(O)cc2c2c1[nH]c1ccc(O)cc12,IC50,1,single-target,0,283.239,2.5443,106.69,4,5,0,4,4,21,0.0,0,1
CHEMBL590378,4.720675,4.022144,Cc1cccc(SCc2c(F)c(=O)oc3cc(O)ccc23)n1,IC50,1,single-target,0,317.341,3.633420000000002,63.33,1,5,3,3,3,22,0.125,0,1
CHEMBL5288791,5.6821184,8.495917,Nc1nc(-c2cccc(OS(=O)(=O)c3ccccc3)c2)nc2c1c(=O)oc1ccccc12,IC50,1,single-target,0,445.4560000000002,3.7531000000000017,125.38,1,8,4,5,5,32,0.0,0,1
CHEMBL3093997,3.0193534,1.0583384,CCOc1cc(=O)oc2cc(OCc3cccc(Br)c3)ccc12,IC50,1,single-target,0,375.218,4.5332000000000034,48.67,0,4,5,3,3,23,0.1666666666666666,0,1
CHEMBL4105601,2.1368294,3.2445674,Cc1c(C#N)c(=O)oc2cc(OCc3ccc(Br)cc3)ccc12,IC50,2,multi-target,0,370.20200000000006,4.314600000000003,63.23,0,4,3,3,3,23,0.1111111111111111,0,1
CHEMBL508208,13.867698,2.323146,Cc1ccc(N2CCN(C(=O)c3cc4ccccc4oc3=O)CC2)cc1,IC50,1,single-target,0,348.4020000000002,3.063820000000001,53.76,0,4,2,4,3,26,0.238095238095238,0,1
CHEMBL4177242,4.641662,-0.56902665,CCN(CC)C(=S)SCCOc1ccc2c(C)cc(=O)oc2c1,IC50,1,single-target,0,351.4930000000001,3.8401200000000015,42.68,0,5,6,2,2,23,0.4117647058823529,0,1
CHEMBL67818,11.118616,5.068749,CC(=O)Oc1cccc(-c2cc3cc(OC(C)=O)ccc3oc2=O)c1,IC50,1,single-target,0,338.31500000000005,3.3106000000000018,82.81,0,6,3,3,3,25,0.1052631578947368,0,1
CHEMBL3585376,12.752003,4.3873305,CN(C)CCOc1cc2ccc(OC3=CC(=O)c4cc5ccccc5cc4C3=O)cc2oc1=O,Ki,1,single-target,0,455.4660000000002,4.228500000000003,86.05000000000001,0,7,6,5,4,34,0.1481481481481481,0,1
CHEMBL377821,4.2411685,1.8616805,O=c1cc(-c2ccccc2)c2ccc(Sc3cc(F)cc(C(O)(C(F)(F)F)C(F)(F)F)c3)cc2o1,IC50,1,single-target,0,514.4180000000001,7.062500000000004,50.44,1,4,4,4,4,35,0.125,2,0
CHEMBL601481,4.529462,3.384496,CN(Cc1cc(=O)oc2cc(O)ccc12)c1ccccc1,IC50,1,single-target,0,281.311,3.1350000000000016,53.68000000000001,1,4,3,3,3,21,0.1176470588235294,0,1
CHEMBL140796,7.124702,1.6804833,COc1c2ccoc2c(OC)c2oc(=O)ccc12,IC50,3,multi-target,0,246.218,2.556400000000001,61.81,0,5,2,3,3,18,0.1538461538461538,0,1
CHEMBL469571,11.057054,1.17051,Cc1cccc(Cl)c1NC(=O)c1cc2ccc(OCc3ccccc3)cc2oc1=O,IC50,2,multi-target,0,419.8640000000002,5.586120000000004,68.53999999999999,1,4,5,4,4,30,0.0833333333333333,1,0
CHEMBL509891,13.82876,2.3097947,CC1CCN(C(=O)c2cc3ccccc3oc2=O)CC1,IC50,1,single-target,0,271.31600000000003,2.6651000000000007,50.52,0,3,1,3,2,20,0.375,0,1
CHEMBL1611010,7.8116403,2.4700289,CC1(C)Oc2ccc3ccc(=O)oc3c2C(C=NCCO)=C1O,IC50,2,multi-target,0,315.32500000000005,2.2962,92.26,2,6,3,3,2,23,0.2941176470588235,0,1
CHEMBL4065291,12.314988,3.3785903,O=c1oc2c(Br)cc(Br)cc2cc1-c1nnn[nH]1,EC50,1,single-target,0,371.97600000000006,2.498100000000001,84.66999999999999,1,5,1,3,3,18,0.0,0,1
CHEMBL4584730,5.787009,-9.670276,Cc1c(N2C[C@@H](C)N(C)[C@@H](C)C2)ccc2c3c(c(=O)oc12)CN(C(=O)c1ccc(NS(C)(=O)=O)c(Cl)c1)CC3,IC50,2,multi-target,0,573.1150000000001,3.853620000000003,103.17,1,7,4,5,3,39,0.4285714285714285,1,0
CHEMBL3403711,-5.5271635,12.193307,CCCc1c(OCCCCN2C(=O)NC(C)(c3ccc(OC)c(OC)c3)C2=O)ccc2c(C(F)(F)F)cc(=O)oc12,EC50,1,single-target,0,576.5680000000002,5.4077000000000055,107.31,1,7,11,4,3,41,0.4137931034482758,2,0
CHEMBL3963507,9.055492,-0.9726152,N#Cc1ccc(-c2ccc3oc(=O)ccc3c2)s1,IC50,1,single-target,0,253.282,3.393180000000001,54.0,0,4,1,3,3,18,0.0,0,1
CHEMBL3133842,-9.126554,6.9361224,CC(C)(C)OC(=O)N1CCN(C(=S)SCc2cn(Cc3cc(=O)oc4c(O)c(O)ccc34)nn2)CC1,IC50,1,single-target,0,533.6320000000002,2.9148000000000023,134.16000000000005,2,11,4,4,3,36,0.4347826086956521,2,0
CHEMBL3918835,9.5421095,-1.2111586,CCN(CC)c1cc2oc(=O)ccc2cc1-c1ccc(C#N)[nH]1,IC50,1,single-target,0,307.353,3.505980000000002,73.03,1,4,4,3,3,23,0.2222222222222222,0,1
CHEMBL3734986,11.331196,5.0770035,Cc1ccc2oc(=O)c(-c3cccnc3)cc2c1,IC50,2,multi-target,0,237.25800000000004,3.163420000000001,43.1,0,3,1,3,3,18,0.0666666666666666,0,1
CHEMBL1604112,5.6491084,4.2517962,Cc1cc(=O)oc2c1ccc1ccccc12,AC50,1,single-target,0,210.232,3.254620000000002,30.21,0,2,0,3,3,16,0.0714285714285714,0,1
CHEMBL4083412,12.71521,1.7918634,C/C(=N\O)c1cc2cc(Br)ccc2oc1=O,IC50,2,multi-target,0,282.093,2.7537000000000003,62.8,1,4,1,2,2,16,0.0909090909090909,0,1
CHEMBL4205924,10.733999,4.4227114,Cc1cccc2cc(-c3ccc(Cl)nn3)c(=O)oc12,IC50,1,single-target,0,272.69100000000003,3.211820000000002,55.99,0,4,1,3,3,19,0.0714285714285714,0,1
CHEMBL1777849,10.76674,4.5496244,O=c1oc2c(O)cc(Br)cc2cc1-c1ccc(O)cc1,IC50,2,multi-target,0,333.137,3.633700000000001,70.67,2,4,1,3,3,20,0.0,0,1
CHEMBL4087723,4.592866,1.4833448,O=c1cc(C(F)(F)F)c2ccc(OCc3ccc(Br)cc3)cc2o1,IC50,2,multi-target,0,399.1620000000001,5.153300000000002,39.44,0,3,3,3,3,24,0.1176470588235294,1,0
CHEMBL512843,13.104606,1.113032,Cc1ccc(NC(=O)c2cc3ccccc3oc2=O)cc1,IC50,2,multi-target,0,279.295,3.353720000000002,59.31,1,3,2,3,3,21,0.0588235294117647,0,1
CHEMBL1546137,11.387726,-0.22869591,CCCOc1ccc2oc(=O)c3c(c2c1)CCCN3C(=O)CN1CCCC(C(=O)OCC)C1,AC50,4,multi-target,0,456.5390000000003,3.1361000000000017,89.29,0,7,7,4,2,33,0.56,0,1
CHEMBL2322279,3.8379443,6.692827,Cc1c(CCC(=O)NC(Cc2ccccc2)C(=O)O)c(=O)oc2cc3oc4c(c3cc12)CCCC4,EC50,1,single-target,0,473.5250000000004,4.471120000000004,109.75,2,5,7,5,4,35,0.3214285714285714,0,1
CHEMBL4128369,3.847099,-2.8507054,CC(=O)c1c(OCCCCN2CCN(c3ccc([N+](=O)[O-])cc3)CC2)ccc2c(C)cc(=O)oc12,Ki,2,multi-target,0,479.5330000000003,4.193420000000003,106.13,0,8,9,4,3,35,0.3846153846153846,0,1
CHEMBL1405081,4.88279,3.274048,CCCCc1cc(=O)oc2cc(O)cc(O)c12,AC50,1,single-target,0,234.251,2.546800000000001,70.67,2,4,3,2,2,17,0.3076923076923077,0,1
CHEMBL143555,1.986773,3.145265,Cc1c(C)c2ccc(OCc3cccc(C(F)(F)F)c3)cc2oc1=O,IC50,3,multi-target,0,348.32000000000005,5.007640000000003,39.44,0,3,3,3,3,25,0.2105263157894736,1,0
CHEMBL3298602,12.798311,1.653802,O=C(Sc1ccc(Br)cc1)c1cc2cc(C(F)(F)F)ccc2oc1=O,IC50,1,single-target,0,429.2130000000001,5.506800000000003,47.28,0,4,2,3,3,25,0.0588235294117647,1,0
CHEMBL1339297,3.2343369,2.5050225,Cc1csc(NC(=O)COc2ccc3c(C)cc(=O)oc3c2)n1,IC50,1,single-target,0,330.36500000000007,2.883840000000001,81.42999999999999,1,6,4,3,3,23,0.1875,0,1
CHEMBL1258868,11.701563,7.860692,CC(=O)N1N=C(c2cc3ccccc3oc2=O)CC1c1ccccc1Cl,IC50,2,multi-target,0,366.8040000000001,4.144000000000003,62.88,0,4,2,4,3,26,0.15,0,1
CHEMBL3896718,5.158066,9.676137,COc1ccccc1N1CCN(c2c(CO)c(=O)oc3ccccc23)CC1,IC50,1,single-target,0,366.4170000000001,2.6205000000000007,66.15,1,6,4,4,3,27,0.2857142857142857,0,1
CHEMBL4064565,7.4265656,8.831995,O=C1C(O)=C(C(c2ccc(Cl)cc2)c2c(O)c3ccccc3oc2=O)C(=O)c2ccccc21,IC50,1,single-target,0,458.8530000000002,5.175200000000005,104.81,2,6,3,5,4,33,0.0384615384615384,1,0
CHEMBL4852184,-2.6350005,5.317624,CCCCC1(c2cc(O)c3cc(C)c(=O)oc3c2)CCCC1,Ki,1,single-target,0,300.39800000000014,4.809020000000004,50.44,1,3,4,3,2,22,0.5263157894736842,0,1
CHEMBL5395316,6.5376153,8.10294,COc1ccc(-c2[nH]c3c(c2CC#N)c(=O)oc2ccccc23)cc1,IC50,1,single-target,0,330.343,4.0159800000000025,79.02,1,4,3,4,4,25,0.1,0,1
CHEMBL4443825,7.232546,-3.1957104,Cc1c(C)c2ccc(OCC3CCCN(Cc4cccc(Br)c4)C3)cc2oc1=O,IC50,3,multi-target,0,456.3800000000001,5.463340000000006,42.68,0,4,5,4,3,29,0.375,1,0
CHEMBL5421502,6.267207,-2.1325016,COc1ccc(CNC2CCN(CCCOc3cc(=O)oc4cc(-c5cccnc5)ccc34)CC2)cc1,IC50,2,multi-target,0,499.6110000000002,4.886700000000006,76.83000000000001,1,7,10,5,4,37,0.3333333333333333,0,1
CHEMBL4753939,8.85256,-0.21086882,O=C(/C=C/c1ccc(F)cc1)Nc1ccc2oc(=O)ccc2c1,Ki,2,multi-target,0,309.29600000000005,3.5840000000000023,59.31,1,3,3,3,3,23,0.0,0,1
CHEMBL2164286,13.225946,1.73755,NS(=O)(=O)c1ccc(NC(=O)c2cc3cc(Cl)ccc3oc2=O)cc1,IC50,2,multi-target,0,378.7930000000001,2.3461000000000007,119.47,2,5,3,3,3,25,0.0,0,1
CHEMBL4749871,3.6351042,3.4198396,COc1ccc(/C=C/C(=O)Nc2ccc3c(C)cc(=O)oc3c2)cc1OC,Ki,2,multi-target,0,365.3850000000001,3.770520000000002,77.77,1,5,5,3,3,27,0.1428571428571428,0,1
CHEMBL4741319,8.858754,-0.23855661,O=C(/C=C/c1ccc(C(F)(F)F)cc1)Nc1ccc2oc(=O)ccc2c1,Ki,2,multi-target,0,359.3030000000001,4.463700000000002,59.31,1,3,3,3,3,26,0.0526315789473684,0,1
CHEMBL4794446,8.785757,-0.22588694,COc1ccc(/C=C/C(=O)Nc2ccc3oc(=O)ccc3c2)cc1,Ki,2,multi-target,0,321.332,3.453500000000002,68.53999999999999,1,4,4,3,3,24,0.0526315789473684,0,1
CHEMBL2181749,5.0211234,5.9753785,Cc1cc(CC(=O)O)c2c(C)c(Cc3ccccc3)c(=O)oc2c1,Ki,1,single-target,0,322.36000000000007,3.627740000000002,67.50999999999999,1,3,4,3,3,24,0.2,0,1
CHEMBL5081663,1.551102,3.4338293,CCN(CCCOc1ccc2c(C)c(C)c(=O)oc2c1)Cc1cccc(F)c1,IC50,4,multi-target,0,383.4630000000001,4.839940000000005,42.68,0,4,8,3,3,28,0.3478260869565217,0,1
CHEMBL5090153,2.2800605,1.6361606,CN(Cc1ccc(COc2ccc3c(CO)cc(=O)oc3c2)cc1)Cc1cccc(F)c1,IC50,4,multi-target,0,433.47900000000016,4.635400000000004,62.91,1,5,8,4,4,32,0.1923076923076923,0,1
CHEMBL4520442,2.693461,4.3648653,CCCCCCc1c(C)c2ccc(OS(N)(=O)=O)cc2oc1=O,IC50,1,single-target,0,339.4130000000001,2.80652,99.6,1,5,7,2,2,23,0.4375,0,1
CHEMBL4081648,12.519626,1.0956459,COc1ccc2oc(=O)c(C(=O)Nc3cccc(O)c3)cc2c1,Ki,3,multi-target,0,311.293,2.7595,88.77,2,5,3,3,3,23,0.0588235294117647,0,1
CHEMBL5197349,20.286871,-7.272752,COc1cc(/C=C/c2cc(=O)oc3c2ccc2oc(-c4cccc(Cl)c4)cc23)cc(OC)c1,IC50,4,multi-target,0,458.8970000000001,7.047200000000005,61.81,0,5,5,5,5,33,0.074074074074074,1,0
CHEMBL5200035,20.286886,-7.272786,COc1ccc(-c2cc3c(ccc4c(/C=C/c5cc(OC)cc(OC)c5)cc(=O)oc43)o2)cc1,IC50,4,multi-target,0,454.4780000000002,6.402400000000006,71.04,0,6,6,5,5,34,0.1071428571428571,1,0
CHEMBL4789923,-3.9913764,-0.5019704,CC(C)CN(C[C@@H](O)[C@H](Cc1ccccc1)NC(=O)Cc1cc(=O)oc2cc(O)ccc12)S(=O)(=O)c1ccc(N)cc1,IC50,1,single-target,0,593.7020000000002,3.0586,163.17000000000002,4,8,12,4,4,42,0.2903225806451613,1,0
CHEMBL1835830,9.038394,-0.9384603,O=c1ccc2cc(-c3cccc(C(F)(F)F)c3)ccc2o1,IC50,1,single-target,0,290.24,4.478800000000002,30.21,0,2,1,3,3,21,0.0625,0,1
CHEMBL1478765,11.091532,1.1722142,CCCOc1ccc2cc(C(=O)NCc3ccccc3)c(=O)oc2c1,EC50,1,single-target,0,337.37500000000006,3.511800000000002,68.53999999999999,1,4,6,3,3,25,0.2,0,1
CHEMBL3828054,15.765849,4.0848618,O=C(NCCCCCc1ccccc1)Oc1ccc(Cn2cc(COc3ccc4ccc(=O)oc4c3)nn2)cc1,IC50,3,multi-target,0,538.6040000000004,5.513200000000006,108.48,1,8,12,5,5,40,0.2258064516129032,2,0
CHEMBL4065375,2.4750133,4.238273,CCS(=O)(=O)Oc1ccc2c(C)c(Cl)c(=O)oc2c1,IC50,2,multi-target,0,302.73500000000007,2.483320000000001,73.58000000000001,0,5,3,2,2,19,0.25,0,1
CHEMBL4441408,4.12901,11.045253,O=c1oc2ccccc2c2nn(CN3CCN(S(=O)(=O)c4ccc(Cl)cc4)CC3)cc12,IC50,4,multi-target,0,458.9270000000002,2.7601000000000013,88.65,0,7,4,5,4,31,0.238095238095238,0,1
CHEMBL4176748,7.6161838,14.629557,O=c1oc2cc(O)ccc2c(Nc2ccc(OCCN3CCCCC3)cc2)c1-c1ccc(F)cc1,IC50,1,single-target,0,474.53200000000027,5.913000000000005,74.94,2,6,7,5,4,35,0.25,1,0
CHEMBL3265279,5.9721704,-8.416654,C=CCOC(=O)N1CCc2c(c(=O)oc3c(C(=O)O)c(O)ccc23)C1,IC50,1,single-target,0,345.3070000000001,1.8775,117.28,2,6,3,3,2,25,0.2352941176470588,0,1
CHEMBL2425835,-1.2737856,-5.712466,N#CC1=C(N)Oc2c(c(=O)oc3ccccc23)C1c1cc[n+](Cc2cccc(F)c2)cc1,IC50,1,single-target,0,426.4270000000001,3.486080000000002,93.13,1,5,3,5,4,32,0.08,0,1
CHEMBL3589965,16.016912,4.2866316,COc1cc2c(cc1OC)CN(S(=O)(=O)c1cccc(-n3cc(COc4ccc5ccc(=O)oc5c4)nn3)c1)CC2,IC50,1,single-target,0,574.615,3.7169000000000025,125.99,0,10,8,6,5,41,0.2068965517241379,1,0
CHEMBL4129780,11.780658,5.1763496,O=c1oc2ccccc2cc1-c1nn(CNc2ccccc2Cl)c(=S)o1,IC50,1,single-target,0,385.8320000000001,4.701990000000002,73.2,1,7,4,4,4,26,0.0555555555555555,0,1
CHEMBL5199803,7.645053,14.660964,Cc1cc(C(=O)CNc2c(-c3ccc(O)cc3)c(=O)oc3cc(O)ccc23)ccc1OCCN1CCC=C(C(=O)O)C1,IC50,2,multi-target,0,570.5980000000004,4.569920000000004,149.54,4,9,10,5,4,42,0.21875,1,0
CHEMBL5195371,7.629868,14.644308,Nc1ccc(-c2c(C(=O)c3ccc(OCCNS(=O)(=O)O)cc3)c3ccc(O)cc3oc2=O)cc1,IC50,2,multi-target,0,496.4970000000002,2.750000000000001,169.16000000000005,4,8,8,4,4,35,0.0833333333333333,0,1
CHEMBL4126559,13.61301,1.3648558,CCN1C(C)=CC/C1=N/N=C(\C)c1cc2ccccc2oc1=O,IC50,2,multi-target,0,309.3690000000001,3.544900000000003,58.17,0,4,3,3,2,23,0.2777777777777778,0,1
CHEMBL5187730,7.669686,14.684946,Nc1ccc(-c2c(C(=O)c3ccc(OCCN4CC(C(=O)O)=CCC4=O)cc3)c3ccc(O)cc3oc2=O)cc1,IC50,2,multi-target,0,540.5280000000002,3.600900000000002,160.37,3,8,8,5,4,40,0.1333333333333333,1,0
CHEMBL2030668,13.817984,2.5552096,O=C(c1cc2ccccc2oc1=O)N1CCN(Cc2ccccc2)CC1,IC50,1,single-target,0,348.40200000000004,2.751000000000001,53.760000000000005,0,4,3,4,3,26,0.238095238095238,0,1
CHEMBL4072815,11.131738,-8.901464,CN(CCCNc1cc(=O)oc2ccccc12)C(=O)c1cccc(F)c1,IC50,1,single-target,0,354.3810000000001,3.506300000000002,62.55,1,4,6,3,3,26,0.2,0,1
CHEMBL4080910,6.812828,8.807452,CC(C)CCCC(C)CCCC(C)CCCC(C)CC(c1ccccc1)c1c(O)c2ccccc2oc1=O,Ki,1,single-target,0,518.7820000000002,10.095799999999992,50.440000000000005,1,3,16,3,3,38,0.5714285714285714,2,0
CHEMBL2178433,2.461958,2.4677224,Cc1cc(=O)oc2cc(OCc3nnc(Nc4ccc(Cl)cc4)s3)ccc12,Ki,1,single-target,0,399.8590000000001,4.928920000000002,77.25,1,7,5,4,4,27,0.1052631578947368,0,1
CHEMBL3086068,10.981513,14.633289,Cc1c(Cc2cccc(NS(C)(=O)=O)c2)c(=O)oc2cc(OC(=O)N(C)C)c(Cl)cc12,IC50,2,multi-target,0,464.9270000000002,3.777520000000002,105.92,1,6,5,3,3,31,0.238095238095238,0,1
CHEMBL4070271,6.434394,8.614319,CCCCCCCCc1c(O)c2ccccc2oc1=O,Ki,1,single-target,0,274.36000000000007,4.401600000000005,50.440000000000005,1,3,7,2,2,20,0.4705882352941176,0,1
CHEMBL602269,16.32878,-2.4223886,Cc1c(N2CCN(c3ccc(F)cc3)CC2)c(=O)oc2cc(O)cc(O)c12,IC50,1,single-target,0,370.3800000000001,2.9783200000000023,77.15,2,6,2,4,3,27,0.25,0,1
CHEMBL3586589,8.910168,0.4143093,CN(Cc1cccc(Cl)c1)Cc1cccc(COc2ccc3ccc(=O)oc3c2)c1,IC50,3,multi-target,0,419.9080000000001,5.657400000000004,42.68,0,4,7,4,4,30,0.16,1,0
CHEMBL3586604,2.6437814,1.9766598,Cc1cc(=O)oc2cc(OCc3ccc(CN(C)Cc4ccc(C#N)cc4)cc3)ccc12,IC50,4,multi-target,0,424.5000000000001,5.184100000000004,66.47,0,5,7,4,4,32,0.1851851851851851,1,0
CHEMBL406555,12.462935,1.3714399,O=C(Oc1cccnc1)c1cc2ccccc2oc1=O,IC50,1,single-target,0,267.24,2.4072000000000005,69.4,0,5,2,3,3,20,0.0,0,1
CHEMBL578167,8.147759,-0.5476234,O=c1ccc2cc(C[N+]34CN5CN(CN(C5)C3)C4)ccc2o1,Ki,13,multi-target,1,299.354,0.8016000000000001,39.93000000000001,0,5,2,6,2,22,0.4375,0,1
CHEMBL2425838,-1.2628802,-5.722295,N#CC1=C(N)Oc2c(c(=O)oc3ccccc23)C1c1cc[n+](Cc2ccc(F)cc2)cc1,IC50,2,multi-target,0,426.4270000000001,3.486080000000002,93.13,1,5,3,5,4,32,0.08,0,1
CHEMBL12281,4.650706,3.1942017,CCc1ccc2c(CC(=O)O)cc(=O)oc2c1,IC50,1,single-target,0,232.235,1.9825,67.50999999999999,1,3,3,2,2,17,0.2307692307692307,0,1
CHEMBL2206118,18.013794,3.3005028,COc1cccc2cc(C(=O)/C=C/c3cc[n+](Cc4c(F)cccc4[N+](=O)[O-])cc3)c(=O)oc12,IC50,2,multi-target,0,461.4250000000002,4.080800000000004,103.53,0,6,7,4,4,34,0.08,0,1
CHEMBL2349226,2.9460375,-6.992042,Cc1cn([C@H]2C[C@H](n3cc(CNCC(=O)N(Cc4ccccc4)Cc4cc5cc(Cl)ccc5oc4=O)nn3)[C@@H](CO)O2)c(=O)[nH]c1=O,IC50,2,multi-target,0,662.1030000000001,2.03602,177.57999999999998,3,12,11,6,5,47,0.3125,2,0
CHEMBL2322267,3.8717384,6.817912,Cc1c(CCC(=O)Nc2ccc(C(=O)O)cc2)c(=O)oc2c(C)c3occ(C(C)(C)C)c3cc12,EC50,1,single-target,0,461.5140000000004,5.723040000000005,109.75,2,5,5,4,4,34,0.2962962962962963,1,0
CHEMBL1444825,4.1279163,5.350028,Cc1c(OCc2nn[nH]n2)ccc2c3c(c(=O)oc12)CCCC3,IC50,1,single-target,0,312.3290000000002,2.0723199999999995,93.9,1,6,3,4,3,23,0.375,0,1
CHEMBL1081672,1.6524346,-5.436748,Cc1cc(=O)oc2c3c(ccc12)OCC(CO)(CN1CCCCC1)C3=O,IC50,1,single-target,0,357.40600000000023,2.14112,79.98,1,6,3,4,2,26,0.5,0,1
CHEMBL4160205,17.837248,12.861586,O=C(CCCCC1CCSS1)NCc1cn(CCCOc2ccc3ccc(=O)oc3c2)nn1,IC50,1,single-target,0,488.63500000000033,4.183900000000003,99.25,1,9,12,4,3,33,0.4782608695652174,0,1
CHEMBL3946113,9.250245,-1.467005,N#Cc1ccc(Cn2c(C#N)ccc2-c2ccc3oc(=O)ccc3c2)cc1,IC50,1,single-target,0,351.36500000000007,4.053160000000003,82.72,0,5,3,4,4,27,0.0454545454545454,0,1
CHEMBL1558455,10.94766,14.641568,CC(=O)c1cccc(NC(=O)COc2cc3oc(=O)c(CC(C)O)c(C)c3cc2Cl)c1,IC50,2,multi-target,0,443.88300000000015,3.898220000000002,105.84000000000002,2,6,7,3,3,31,0.2608695652173913,0,1
CHEMBL380838,6.452129,6.127609,C=Cc1cc(C)cc2c(=O)oc3c(C)c(O)ccc3c12,IC50,2,multi-target,0,266.296,3.911640000000002,50.44,1,3,1,3,3,20,0.1176470588235294,0,1
CHEMBL2048092,12.972506,6.0139384,Cc1cccc(Nc2nc(-c3c(O)c4ccccc4oc3=O)cs2)c1,Ki,1,single-target,0,350.3990000000001,4.674120000000002,75.36000000000001,2,6,3,4,4,25,0.0526315789473684,0,1
CHEMBL256699,11.1866,2.3763564,CCOC(=O)c1cc2ccc(N(CC)CC)cc2oc1=O,IC50,1,single-target,0,289.331,2.815900000000001,59.75,0,5,5,2,2,21,0.375,0,1
CHEMBL1830792,12.246632,2.5599809,CC(=O)c1cc2cccc(O)c2oc1=O,IC50,2,multi-target,0,204.18099999999995,1.7012000000000005,67.50999999999999,1,4,1,2,2,15,0.0909090909090909,0,1
CHEMBL320251,1.9863447,3.2248697,Cc1c(C)c2ccc(OCc3cccc(N)c3)cc2oc1=O,IC50,3,multi-target,0,295.338,3.571040000000001,65.46000000000001,1,4,3,3,3,22,0.1666666666666666,0,1
CHEMBL3087902,13.70382,3.0944448,O=C(NCCC1CCN(Cc2ccccc2)CC1)c1cc2ccc(O)cc2oc1=O,IC50,2,multi-target,0,406.4820000000002,3.530700000000002,82.78,2,5,6,4,3,30,0.3333333333333333,0,1
CHEMBL270722,5.185463,3.3291028,Cc1cc(=O)oc2cc3c([N+](=O)[O-])c(O)ccc3cc12,IC50,4,multi-target,0,271.228,2.8684200000000004,93.58,1,5,1,3,3,20,0.0714285714285714,0,1
CHEMBL5088775,4.17422,5.3718734,NNC(=O)COc1ccc2c3c(c(=O)oc2c1Br)CCCC3,IC50,1,single-target,0,367.1990000000001,1.8030000000000004,94.56,2,5,3,3,2,22,0.3333333333333333,0,1
CHEMBL575735,2.7244244,1.26471,CC(C)NCc1cc(=O)oc2cc(OCc3cccc(F)c3)ccc12,IC50,2,multi-target,0,341.382,4.009100000000003,51.47,1,4,6,3,3,25,0.25,0,1
CHEMBL48205,4.515487,-1.348226,COc1cc(=O)oc2cc(OCCCN3CCN(c4ccccn4)CC3)ccc12,Ki,3,multi-target,0,395.45900000000006,2.787700000000001,68.04,0,7,7,4,3,29,0.3636363636363636,0,1
CHEMBL3092182,11.236844,14.401795,Cc1c(Cc2cccc(NS(N)(=O)=O)c2)c(=O)oc2cc(OC(=O)N(C)C)ccc12,IC50,2,multi-target,0,431.4700000000002,2.3680200000000005,131.94,2,6,5,3,3,30,0.2,0,1
CHEMBL3586606,9.105485,0.56243426,CN(Cc1ccccc1)Cc1ccc(COc2ccc3cc(C#N)c(=O)oc3c2)cc1,IC50,2,multi-target,0,410.4730000000001,4.8756800000000045,66.47,0,5,7,4,4,31,0.1538461538461538,0,1
CHEMBL2387250,4.4578094,-1.6432767,COc1ccccc1N1CCN(CCCCOc2ccc3ccc(=O)oc3c2)CC1,Ki,3,multi-target,0,408.4980000000001,3.7828000000000026,55.150000000000006,0,6,8,4,3,30,0.375,0,1
CHEMBL3094036,2.6324785,0.8521463,O=c1cc(/C=N/O)c2ccc(OCc3cccc(Cl)c3)cc2o1,IC50,1,single-target,0,329.73900000000003,3.8335000000000026,72.03,1,5,4,3,3,23,0.0588235294117647,0,1
CHEMBL2177251,-1.4464406,5.943483,CCCCCc1cc(OC)c2cc(Cc3ccccc3)c(=O)oc2c1,Ki,2,multi-target,0,336.4310000000001,5.125100000000005,39.44,0,3,7,3,3,25,0.3181818181818182,1,0
CHEMBL4636566,15.332008,1.7910138,Cc1ccc2cc(C(=O)NCCn3ccc(=O)c(O)c3C)c(=O)oc2c1,IC50,1,single-target,0,354.36200000000014,1.70714,101.54,2,6,4,3,3,26,0.2105263157894736,0,1
CHEMBL3976407,5.1622043,9.6717615,COc1ccc(N2CCN(c3c(CO)c(=O)oc4ccccc34)CC2)cc1,IC50,1,single-target,0,366.4170000000001,2.6205000000000007,66.15,1,6,4,4,3,27,0.2857142857142857,0,1
CHEMBL3286943,5.3786464,-0.6791937,Cc1cc(=O)oc2cc(OCCCC(=O)N3CCN(c4ccc(F)cc4)CC3)ccc12,IC50,2,multi-target,0,424.4720000000001,3.748320000000003,62.99,0,5,6,4,3,31,0.3333333333333333,0,1
CHEMBL3759775,5.018778,3.3331325,Cc1cc(C)c2c(C[n+]3ccn(C)c3)cc(=O)oc2c1,IC50,1,single-target,0,269.324,2.08414,39.02,0,3,2,3,3,20,0.25,0,1
CHEMBL4070807,22.290789,-4.6636715,NS(=O)(=O)c1ccc(-n2nc(C(=O)OCCOc3cc(=O)oc4ccccc34)cc2-c2cccc(F)c2)cc1,IC50,3,multi-target,0,549.5360000000003,3.668000000000002,143.72000000000003,1,9,8,5,5,39,0.074074074074074,1,0
CHEMBL178969,3.3285968,8.903426,O=c1cc(N2CCOCC2)c2c(ccc3ccccc32)o1,IC50,1,single-target,0,281.31100000000004,2.782800000000001,42.68000000000001,0,4,1,4,3,21,0.2352941176470588,0,1
CHEMBL4068321,8.591454,0.3946474,O=c1ccc2ccc(OCc3ccc(Br)cc3)cc2o1,IC50,2,multi-target,0,331.165,4.134500000000003,39.44,0,3,3,3,3,20,0.0625,0,1
CHEMBL3094003,2.9062078,0.73666006,COCOc1cc(=O)oc2cc(OCc3cccc(Cl)c3)ccc12,IC50,1,single-target,0,346.766,4.008100000000002,57.900000000000006,0,5,6,3,3,24,0.1666666666666666,0,1
CHEMBL3760002,11.4652405,4.5127854,Cc1ccc(-c2cc3cc(O)c(O)cc3oc2=O)cc1,IC50,1,single-target,0,268.268,3.1796200000000026,70.67,2,4,1,3,3,20,0.0625,0,1
CHEMBL600805,16.3482,-2.4156806,CCCCCCCNC(=O)N1CCN(c2c(C)c3c(O)cc(O)cc3oc2=O)CC1,IC50,1,single-target,0,417.5060000000002,3.314620000000001,106.25,3,6,7,3,2,30,0.5454545454545454,0,1
CHEMBL380375,2.0522208,3.651268,Cc1c(C)c2ccc(OC[C@H](O)c3ccccc3)cc2oc1=O,IC50,2,multi-target,0,310.3490000000001,3.522240000000002,59.67,1,4,4,3,3,23,0.2105263157894736,0,1
CHEMBL340669,8.145696,-0.5246973,O=c1ccc2ccc(CNCCNc3ccc(Cl)cc3)cc2o1,Ki,1,single-target,0,328.79900000000004,3.648100000000002,54.27,2,4,6,3,3,23,0.1666666666666666,0,1
CHEMBL5085674,6.94882,-3.3707108,Cc1c(C)c2ccc(OCC3CCN(Cc4cccc(C(F)(F)F)c4)CC3)cc2oc1=O,IC50,3,multi-target,0,445.48100000000017,5.719640000000005,42.68,0,4,5,4,3,32,0.4,1,0
CHEMBL4161232,-1.6329736,3.837316,Cc1nn(-c2ccccc2)c2c1c(=O)oc1cc(Cl)c([N+](=O)[O-])cc12,Ki,2,multi-target,0,355.737,4.001920000000002,91.17,0,6,2,4,4,25,0.0588235294117647,0,1
CHEMBL1917495,6.6506777,8.0179,COc1ccc(-c2c(O)c3ccccc3oc2=O)cc1,IC50,1,single-target,0,268.268,3.1742000000000017,59.67,1,4,2,3,3,20,0.0625,0,1
CHEMBL3896376,5.1624665,9.670808,O=c1oc2ccccc2c(N2CCN(c3ccccc3F)CC2)c1CO,IC50,1,single-target,0,354.38100000000014,2.7510000000000017,56.92,1,5,3,4,3,26,0.25,0,1
CHEMBL2387744,-1.0524906,5.980078,COc1ccccc1Cc1cc2c(C)ccc(C(C)C)c2oc1=O,IC50,3,multi-target,0,322.4040000000001,4.824220000000005,39.44,0,3,4,3,3,24,0.2857142857142857,0,1
CHEMBL600197,16.327358,-2.4266968,Cc1c(N2CCN(c3cccc(C(F)(F)F)c3)CC2)c(=O)oc2cc(O)cc(O)c12,IC50,1,single-target,0,420.38700000000017,3.858020000000004,77.15,2,6,2,4,3,30,0.2857142857142857,0,1
CHEMBL3785101,11.85921,7.6998973,O=C(CN1CCC(c2ccccc2)CC1)N1N=C(c2cc3ccccc3oc2=O)CC1c1ccccc1,IC50,1,single-target,0,491.5910000000002,5.350300000000006,66.12,0,5,5,6,4,37,0.2580645161290322,1,0
CHEMBL3786236,11.816798,7.7360954,CCCNCC(=O)N1N=C(c2cc3ccccc3oc2=O)CC1c1ccccc1,IC50,1,single-target,0,389.45500000000015,3.4703000000000017,74.91,1,5,6,4,3,29,0.2608695652173913,0,1
CHEMBL3893493,1.6322427,-1.4121099,COc1cc(OC)cc(OCCCCCOc2c3ccoc3cc3oc(=O)ccc23)c1,EC50,1,single-target,0,424.44900000000007,5.184500000000005,80.27000000000001,0,7,10,4,4,31,0.2916666666666667,1,0
CHEMBL4436668,5.776224,-9.452775,Cc1cccc2oc(=O)c3c(c12)CCN(C(=O)c1ccc(C(=O)O)cc1)C3,IC50,1,single-target,0,363.3690000000001,2.998120000000001,87.82000000000001,1,4,2,4,3,27,0.1904761904761904,0,1
CHEMBL1288620,7.699705,2.4868884,CCCCOc1ccc2ccc(=O)oc2c1C(C)=O,Ki,2,multi-target,0,260.289,3.174500000000002,56.51,0,4,5,2,2,19,0.3333333333333333,0,1
CHEMBL4162192,7.611001,14.62099,COc1ccc(-c2c(Oc3ccc(OCCN4CCCCC4)cc3)c3ccc(OC)cc3oc2=O)cc1,IC50,1,single-target,0,501.5790000000003,6.134200000000006,70.37,0,7,9,5,4,37,0.3,2,0
CHEMBL2178438,2.2250872,2.6701994,Cc1c(C)c2ccc(OCc3nnc(S)n3-c3ccc(Cl)cc3)cc2oc1=O,Ki,1,single-target,0,413.8860000000001,4.5116400000000025,70.15,1,7,4,4,4,28,0.15,0,1
CHEMBL179863,3.8576257,3.2226732,C[C@](O)(CSc1ccc(N)cc1)C(=O)Nc1ccc2c(C(F)(F)F)cc(=O)oc2c1,Ki,1,single-target,0,438.4270000000001,3.8758000000000017,105.56,3,6,5,3,3,30,0.2,0,1
CHEMBL4127437,3.437497,2.4904478,COc1cc(C2SCC(=O)N2NC(=O)COc2ccc3c(-c4ccccc4)cc(=O)oc3c2)cc(OC)c1OC,IC50,1,single-target,0,562.6000000000003,4.170000000000004,116.54,1,9,9,5,4,40,0.2068965517241379,1,0
CHEMBL150372,11.572835,4.0199294,O=c1oc2ccccc2cc1O,Ki,3,multi-target,0,162.14399999999998,1.4986,50.44,1,3,0,2,2,12,0.0,0,1
CHEMBL4758921,16.448273,4.7613673,O=c1cc(OCCCCCn2cc(Cn3nnc4ccccc43)nn2)c2ccccc2o1,IC50,1,single-target,0,430.4680000000001,3.426800000000002,100.86,0,9,9,5,5,32,0.2608695652173913,0,1
CHEMBL4170761,-1.634711,3.8322527,Cc1nn(-c2ccccc2)c2c1c(=O)oc1ccc(N(C)C)cc12,Ki,2,multi-target,0,319.36400000000003,3.5063200000000023,51.27,0,5,2,4,4,24,0.1578947368421052,0,1
CHEMBL4169152,-1.6266344,3.842553,Cc1nn(-c2ccccc2)c2c1c(=O)oc1ccc(N)cc12,Ki,1,single-target,0,291.31,3.02252,74.05,1,5,1,4,4,22,0.0588235294117647,0,1
CHEMBL194564,-2.5771408,8.071794,O=c1cc(NC2CCN(Cc3ccc4c(c3)OCO4)CC2)c2cc(Cl)ccc2o1,IC50,2,multi-target,0,412.8730000000002,4.251600000000004,63.94000000000001,1,6,4,5,3,29,0.3181818181818182,0,1
CHEMBL206600,6.3671207,6.0531116,Cc1c(O)ccc2c1oc(=O)c1cc(O)ccc12,IC50,2,multi-target,0,242.23,2.66582,70.67,2,4,0,3,3,18,0.0714285714285714,0,1
CHEMBL4088796,6.499896,8.597434,C/C(=C\Cc1c(O)c2ccccc2oc1=O)CCCC(C)CCCC(C)CCCC(C)C,Ki,1,single-target,0,440.6680000000004,8.426500000000004,50.440000000000005,1,3,14,2,2,32,0.6206896551724138,1,0
CHEMBL1454848,13.01491,5.898473,O=C(O)c1ccc(Nc2nc(-c3cc4ccccc4oc3=O)cs2)cc1O,IC50,3,multi-target,0,380.3810000000001,4.063900000000002,112.66,3,7,4,4,4,27,0.0,0,1
CHEMBL1288594,7.664007,2.4220498,COc1ccc2ccc(=O)oc2c1C(C)=O,Ki,2,multi-target,0,218.20799999999997,2.0042,56.51,0,4,2,2,2,16,0.1666666666666666,0,1
CHEMBL1835326,11.339328,5.0567904,Cc1ccc2oc(=O)c(-c3cccc(O)c3)cc2c1,IC50,2,multi-target,0,252.26900000000003,3.474020000000001,50.44,1,3,1,3,3,19,0.0625,0,1
CHEMBL1351708,11.786832,4.483821,O=C(O)C(Oc1ccc2cc(-c3ccc(Cl)cc3)c(=O)oc2c1)c1ccccc1,IC50,4,multi-target,0,406.82100000000014,5.318100000000005,76.74000000000001,1,4,5,4,4,29,0.0434782608695652,1,0
CHEMBL1426896,7.805506,2.3749661,C/C=C(/C)C(=O)O[C@@H]1c2c(ccc3ccc(=O)oc23)O[C@@H]1C(C)(C)OC(=O)/C(C)=C\C,IC50,2,multi-target,0,426.46500000000026,4.392500000000004,92.04000000000002,0,7,5,3,2,31,0.375,0,1
CHEMBL3818635,10.473363,4.7517962,CC(=O)Oc1cccc2cc(-c3cc(Br)cs3)c(=O)oc12,Ki,1,single-target,0,365.20400000000006,4.209300000000002,56.510000000000005,0,5,2,3,3,21,0.0666666666666666,0,1
CHEMBL4075025,5.137643,4.444144,CCS(=O)(=O)Oc1ccc2c(C)cc(=O)oc2c1OS(=O)(=O)CC,IC50,2,multi-target,0,376.4080000000001,1.55842,116.95000000000002,0,8,6,2,2,24,0.3571428571428571,0,1
CHEMBL576412,4.347715,2.3427308,CC(C)(C)OC(=O)NCC(=O)Oc1cc2oc(=O)cc(-c3ccccc3)c2cc1Cl,IC50,3,multi-target,0,429.8560000000001,4.543500000000003,94.84,1,6,4,3,3,30,0.2272727272727272,0,1
CHEMBL238633,12.998067,1.5208948,O=C(/C=C/c1ccccc1OC(=O)c1cc2ccccc2oc1=O)c1ccccc1,IC50,1,single-target,0,396.39800000000014,4.908300000000004,73.58000000000001,0,5,5,4,4,30,0.0,0,1
CHEMBL4078955,2.448508,4.2355614,Cc1c(C#N)c(=O)oc2cc(OS(=O)(=O)c3ccccc3[N+](=O)[O-])ccc12,IC50,1,single-target,0,386.3410000000001,2.649000000000001,140.51000000000002,0,8,4,3,3,27,0.0588235294117647,0,1
CHEMBL1729831,6.1211424,-1.037263,Cc1cc(OCC(=O)NC2CCN(Cc3ccccc3)CC2)c2c(C)cc(=O)oc2c1,IC50,1,single-target,0,420.5090000000002,3.569440000000002,71.78,1,5,6,4,3,31,0.36,0,1
CHEMBL4206431,10.616514,4.3486514,COc1cccc2cc(-c3ccc(Cl)nn3)c(=O)oc12,IC50,1,single-target,0,288.69000000000005,2.912000000000001,65.22,0,5,2,3,3,20,0.0714285714285714,0,1
CHEMBL3924332,9.52796,-1.9632732,COc1cc2oc(=O)cc(C)c2cc1-c1ccc(C#N)n1Cc1ccc(C#N)cc1,IC50,1,single-target,0,395.4180000000001,4.370180000000003,91.95,0,6,4,4,4,30,0.125,0,1
CHEMBL4436185,16.08944,5.0586543,COc1cc(C=O)ccc1OCc1cn(CCCOc2ccc3ccc(=O)oc3c2)nn1,Ki,1,single-target,0,435.4360000000001,3.253700000000001,105.68,0,9,10,4,4,32,0.217391304347826,0,1
CHEMBL3113645,11.471036,-0.2518566,O=c1oc2ccc(O)cc2cc1CN1CCCC1,IC50,1,single-target,0,245.2779999999999,2.0944,53.68,1,4,2,3,2,18,0.3571428571428571,0,1
CHEMBL2375688,6.320935,6.97998,Cc1sc(N)c2c(=O)oc3c4ccccc4ccc3c12,IC50,1,single-target,0,281.33600000000007,4.051520000000002,56.23,1,4,0,4,4,20,0.0625,0,1
CHEMBL2359574,8.462532,0.65462303,Cc1ccccc1NC(=O)COC(=O)COc1ccc2ccc(=O)oc2c1,EC50,1,single-target,0,367.3570000000001,2.6621200000000007,94.84,1,6,6,3,3,27,0.15,0,1
CHEMBL1343305,4.450654,5.9040227,CSC[C@H](NC(=O)COc1cc2c(c3oc(=O)cc(C)c13)CCC(C)(C)O2)C(=O)O,AC50,1,single-target,0,435.4980000000003,2.51622,115.07,2,7,7,3,2,30,0.4761904761904761,0,1
CHEMBL3094133,2.3773496,1.0958772,CCCCNCc1cc(=O)oc2cc(OCc3cccc(Cl)c3)ccc12,IC50,1,single-target,0,371.864,4.915100000000004,51.47,1,4,8,3,3,26,0.2857142857142857,0,1
CHEMBL4081953,14.1304035,1.8791263,O=C(NCCCc1ccc(O)cc1)c1cc2cccc(O)c2oc1=O,IC50,2,multi-target,0,339.3470000000001,2.566800000000001,99.77,3,5,5,3,3,25,0.1578947368421052,0,1
CHEMBL1272019,11.08443,2.555069,CCN(CC)c1ccc2cc(S(=O)(=O)NCCCC/N=C3\SC[C@@H]4[C@@H](O)[C@H](O)[C@@H](O)[C@@H](O)N34)c(=O)oc2c1,Ki,2,multi-target,0,570.6900000000002,-0.1141999999999989,176.14,5,11,10,4,2,38,0.5833333333333334,2,0
CHEMBL264756,5.246959,-1.6107771,O=c1oc2cc(OCCCN3CCN(Cc4ccccc4)CC3)ccc2c(O)c1[N+](=O)[O-],Kd,1,single-target,0,439.4680000000002,2.9935000000000014,109.29000000000002,1,8,8,4,3,32,0.3478260869565217,0,1
CHEMBL3746086,-6.6315107,8.496462,Cc1cc(=O)oc2c1ccc1oc(=N)c(C(=O)N3CCCC3)cc12,IC50,2,multi-target,0,324.3360000000001,2.5630900000000008,87.51,1,5,1,4,3,24,0.2777777777777778,0,1
CHEMBL4171890,8.215324,0.11641042,O=C(Oc1ccc2oc(=O)ccc2c1)c1ccccc1,Ki,2,multi-target,0,266.252,3.012200000000001,56.51,0,4,2,3,3,20,0.0,0,1
CHEMBL605407,4.539373,3.3619387,CCCc1cc(=O)oc2cc(O)ccc12,IC50,1,single-target,0,204.225,2.4511000000000003,50.44,1,3,2,2,2,15,0.25,0,1
CHEMBL609568,5.5835333,6.25476,Cc1c(F)c(=O)oc2cc(O)ccc12,IC50,1,single-target,0,194.161,1.94612,50.44,1,3,0,2,2,14,0.1,0,1
CHEMBL1538873,7.827953,2.3758233,C/C=C(/C)C(=O)O[C@H]1[C@@H](O)c2c(ccc3ccc(=O)oc23)OC1(C)C,AC50,1,single-target,0,344.3630000000001,2.875400000000001,85.97000000000001,1,6,2,3,2,25,0.3684210526315789,0,1
CHEMBL2393499,5.826256,-0.18603559,O=C(COc1cc(=O)oc2ccccc12)N1CCN(c2ccccc2F)CC1,IC50,1,single-target,0,382.3910000000001,2.659700000000001,62.99000000000001,0,5,4,4,3,28,0.238095238095238,0,1
CHEMBL4208881,-4.488672,6.4307003,C#CCN(CCCOc1ccc2ccc(=O)oc2c1)Cc1ccc(C)cc1,IC50,1,single-target,0,361.44100000000014,4.005720000000003,42.68,0,4,8,3,3,27,0.2608695652173913,0,1
CHEMBL4211814,-4.4866443,6.4277306,C#CCN(CCCCOc1ccc2ccc(=O)oc2c1)Cc1ccc(OC)cc1,IC50,2,multi-target,0,391.46700000000016,4.096000000000004,51.91,0,5,10,3,3,29,0.2916666666666667,0,1
CHEMBL4094117,4.2097754,2.3382573,CCCc1cc2c(-c3ccccc3)cc(=O)oc2cc1OCc1cc(C(=O)O)oc1C,EC50,4,multi-target,0,418.4450000000002,5.5911200000000045,89.88,1,5,7,4,4,31,0.2,1,0
CHEMBL1335052,11.623195,5.0646834,Cc1cccc(-c2noc(-c3cc4ccccc4oc3=O)n2)c1,AC50,3,multi-target,0,304.30500000000006,3.8184200000000033,69.13,0,5,2,4,4,23,0.0555555555555555,0,1
CHEMBL1329419,5.0693994,3.1611235,Cc1cc(=O)oc2cc(O)c(CN(C)CC(=O)O)cc12,AC50,1,single-target,0,277.27599999999995,1.32342,90.98,2,5,4,2,2,20,0.2857142857142857,0,1
CHEMBL3220513,12.727277,0.39887944,O=C(Nc1cc2ccccc2oc1=O)c1ccc(Cl)c(Cl)c1,IC50,2,multi-target,0,334.158,4.352100000000002,59.31,1,3,2,3,3,22,0.0,0,1
CHEMBL4127564,3.9633806,-2.712638,CC(=O)c1c(OCCCCN2CCN(c3ccccc3F)CC2)ccc2c(C)cc(=O)oc12,Ki,2,multi-target,0,452.5260000000002,4.424320000000004,62.99,0,6,8,4,3,33,0.3846153846153846,0,1
CHEMBL481657,8.105675,1.6065345,CC1(C)Oc2cc3oc(=O)ccc3cc2C[C@@H]1O,IC50,1,single-target,0,246.262,1.8673999999999995,59.67,1,4,0,3,2,18,0.3571428571428571,0,1
CHEMBL5851456,5.823543,2.9887226,COc1ccccc1-c1cc(=O)oc2cc3occ(C)c3cc12,IC50,1,single-target,0,306.317,4.523220000000003,52.58,0,4,2,4,4,23,0.1052631578947368,0,1
CHEMBL5836483,6.1238866,3.3361232,Cc1c(-c2ccccc2)c2cc3c(C)c(C#N)oc3c(C)c2oc1=O,IC50,1,single-target,0,329.3550000000001,5.003140000000004,67.14,0,4,1,4,4,25,0.1428571428571428,1,0
CHEMBL4747633,16.39585,4.899053,O=c1ccc2ccc(OCCCCn3cc(Cn4nnc5ccccc54)nn3)cc2o1,IC50,1,single-target,0,416.4410000000001,3.036700000000001,100.86,0,9,8,5,5,31,0.2272727272727272,0,1
CHEMBL4750478,16.343971,4.9196,O=c1ccc2ccc(OCCCn3cc(Cn4nc5ccccc5n4)nn3)cc2o1,IC50,1,single-target,0,402.414,2.6466000000000003,100.86,0,9,7,5,5,30,0.1904761904761904,0,1
CHEMBL4438430,5.784177,-9.672834,COc1cc(C(=O)N2CCc3c(c(=O)oc4c(C)c(N5CCN(C)CC5)ccc34)C2)ccc1NS(C)(=O)=O,IC50,1,single-target,0,540.6420000000003,2.43182,112.4,1,8,5,5,3,38,0.4074074074074074,1,0
CHEMBL4442347,0.07090489,4.6783586,Cc1c(-c2nsc(=O)o2)c(=O)oc2cc3occ(C4CCCCC4)c3cc12,IC50,1,single-target,0,383.4250000000002,4.972020000000003,86.45,0,7,2,5,4,27,0.35,0,1
CHEMBL3417311,0.7567516,15.478934,O=c1ccc2ccc(OCCCN3CCN(CCNc4c5c(nc6ccccc46)CCCC5)CC3)cc2o1,IC50,3,multi-target,0,512.6540000000003,4.718600000000004,70.84,1,7,9,6,4,38,0.4193548387096774,1,0
CHEMBL1612391,9.870999,4.066937,COc1cccc2cc(-c3cc(=O)oc4ccc(O)cc34)oc12,IC50,1,single-target,0,308.28900000000004,3.9204000000000017,72.81,1,5,2,4,4,23,0.0555555555555555,0,1
CHEMBL5194812,4.745056,3.569169,O=c1cc(C[n+]2cn(Cc3ccc4ccccc4c3)c3ccccc32)c2ccc(O)cc2o1,IC50,2,multi-target,0,433.4870000000002,4.990600000000005,59.25,1,4,4,6,6,33,0.0714285714285714,0,1
CHEMBL1480899,4.4294996,5.9226456,Cc1c(C)c2c(OCC(=O)NCc3ccncc3)cc3c(c2oc1=O)CCC(C)(C)O3,AC50,2,multi-target,0,422.48100000000034,3.603640000000002,90.66,1,6,5,4,3,31,0.375,0,1
CHEMBL4570780,15.811702,2.1727502,CCc1c(O)c(=O)ccn1Cc1cc2ccc(OCc3cccc(F)c3)cc2oc1=O,IC50,1,single-target,0,421.4240000000001,3.989100000000003,81.66999999999999,1,6,6,4,4,31,0.1666666666666666,0,1
CHEMBL2387267,3.5332956,-1.6792272,O=c1cc(C(F)(F)F)c2ccc(OCCCCN3CCC(c4noc5cc(F)ccc45)CC3)cc2o1,Ki,3,multi-target,0,504.4800000000003,6.130700000000005,68.71000000000001,0,6,7,5,4,36,0.3846153846153846,2,0
CHEMBL4088382,12.18275,3.0390463,N#Cc1cc2cc(Cl)ccc2oc1=O,EC50,1,single-target,0,205.6,2.318080000000001,54.0,0,3,0,2,2,14,0.0,0,1
CHEMBL3335071,5.124891,-1.4323214,O=c1oc2cc(OCCCCN3CCN(Cc4ccccc4)CC3)ccc2c2ccccc12,IC50,1,single-target,0,442.55900000000014,4.923000000000005,45.92,0,5,8,5,4,33,0.3214285714285714,0,1
CHEMBL4208928,12.476949,1.6206697,CCOC(=O)C(C)(C)Oc1ccc(C(=O)c2cc3cc([N+](=O)[O-])ccc3oc2=O)cc1,EC50,2,multi-target,0,425.39300000000014,3.652700000000002,125.95000000000002,0,8,7,3,3,31,0.2272727272727272,0,1
CHEMBL4450067,3.5787902,3.484871,Cc1cc(=O)oc2cc(NC(=O)Nc3ccc(Cl)c(C(F)(F)F)c3)ccc12,Ki,1,single-target,0,396.75200000000007,5.417620000000002,71.34,2,3,2,3,3,27,0.1111111111111111,1,0
CHEMBL4474002,11.930701,2.303871,Cc1cc(O)cc2oc(=O)c(C(=O)CCN3CCOCC3)cc12,IC50,2,multi-target,0,317.34100000000007,1.71202,79.98,1,6,4,3,2,23,0.4117647058823529,0,1
CHEMBL3928231,9.281172,-1.4577168,CCCCCCn1c(C#N)ccc1-c1ccc2oc(=O)ccc2c1,IC50,1,single-target,0,320.39200000000005,4.713480000000004,58.93,0,4,6,3,3,24,0.3,0,1
CHEMBL122140,7.6187034,-0.9669267,O=c1ccc2ccc(CN3CCN(c4ccccc4)CC3)cc2o1,Ki,1,single-target,0,320.3920000000001,3.115200000000001,36.690000000000005,0,4,3,4,3,24,0.25,0,1
CHEMBL1968646,6.631539,8.037118,O=c1oc2ccccc2c2[nH]c(-c3ccccc3)nc12,Ki,7,multi-target,1,262.26800000000003,3.3363000000000014,58.89,1,3,1,4,4,20,0.0,0,1
CHEMBL592759,4.5220895,3.4799557,O=c1cc(COc2ccccc2)c2ccc(O)cc2o1,IC50,1,single-target,0,268.26800000000003,3.077600000000001,59.67,1,4,3,3,3,20,0.0625,0,1
CHEMBL4093982,5.2949796,-1.1506574,O=c1cc(C(F)(F)F)c2ccc(OCCN3CCC(Cc4ccccc4)CC3)cc2o1,IC50,1,single-target,0,431.4540000000002,5.145300000000004,42.68,0,4,6,4,3,31,0.375,1,0
CHEMBL4060398,2.1171646,3.1944988,Cc1c(C#N)c(=O)oc2cc(OCc3ccc(Cl)cc3)ccc12,IC50,2,multi-target,0,325.75100000000003,4.2055000000000025,63.23,0,4,3,3,3,23,0.1111111111111111,0,1
CHEMBL3093994,3.0437524,1.1239002,CCOc1cc(=O)oc2cc(OCc3ccccc3)ccc12,IC50,1,single-target,0,296.322,3.7707000000000015,48.67,0,4,5,3,3,22,0.1666666666666666,0,1
CHEMBL4067432,5.2089,-1.2042084,Cc1c(Cl)c(=O)oc2cc(OCCN3CCC(Cc4ccccc4)CC3)ccc12,IC50,3,multi-target,0,411.92900000000014,5.088320000000005,42.68,0,4,6,4,3,29,0.375,1,0
CHEMBL4537667,10.408984,4.3075547,CCOc1cccc2cc(-c3cc(OC)c(OC)c(OC)c3)c(=O)oc12,Ki,1,single-target,0,356.3740000000001,3.884500000000004,67.13,0,6,6,3,3,26,0.25,0,1
CHEMBL4468869,10.515081,4.826666,CC(=O)Oc1ccc(-c2cc3ccc(OC(C)=O)c(OC(C)=O)c3oc2=O)cc1OC(C)=O,Ki,1,single-target,0,454.3870000000003,3.161200000000001,135.41000000000005,0,10,5,3,3,33,0.1739130434782608,0,1
CHEMBL4210766,-4.471485,6.424402,C#CCN(CCOc1ccc2ccc(=O)oc2c1)Cc1ccc(C)cc1,IC50,2,multi-target,0,347.4140000000001,3.6156200000000025,42.68,0,4,7,3,3,26,0.2272727272727272,0,1
CHEMBL3335065,5.1215286,-1.372643,COc1cccc(CC2CCN(CCCOc3ccc4c(c3)oc(=O)c3ccccc34)CC2)c1,IC50,1,single-target,0,457.5700000000002,5.678400000000006,51.91,0,5,8,5,4,34,0.3448275862068966,1,0
CHEMBL3908386,1.6742043,-1.3521748,O=c1ccc2c(OCCCCOCc3ccccc3)c3ccoc3cc2o1,EC50,2,multi-target,0,364.3970000000001,4.9150000000000045,61.81,0,5,8,4,4,27,0.2272727272727272,0,1
CHEMBL4438807,11.370179,-8.697095,O=c1cc(CC(O)CCN2CCN(c3nccc4ccc(F)cc34)CC2)c2ccccc2o1,IC50,4,multi-target,0,447.5100000000002,3.596000000000002,69.81,1,6,6,5,4,33,0.3076923076923077,0,1
CHEMBL4570423,11.352771,-8.708213,O=c1cc(NCCCN2CCN(c3nccc4ccc(Cl)cc34)CC2)c2ccccc2o1,IC50,4,multi-target,0,448.9540000000002,4.618800000000004,61.61000000000001,1,6,6,5,4,32,0.28,0,1
CHEMBL3120685,4.5037293,-1.6979836,O=c1oc2cc(OCCCCN3CCN(c4ccccn4)CC3)ccc2c2c1CCC2,Ki,2,multi-target,0,419.52500000000026,3.6579000000000033,58.81,0,6,7,5,3,31,0.44,0,1
CHEMBL3121791,3.3287988,1.9664987,C#CCCCCOc1ccc2c(C)cc(=O)oc2c1,IC50,2,multi-target,0,256.301,3.283720000000001,39.44,0,3,5,2,2,19,0.3125,0,1
CHEMBL4751341,13.994137,1.1592935,Cc1ccc(S(=O)(=O)C/C(=N\Nc2ccccc2)c2cc3ccccc3oc2=O)cc1,Ki,2,multi-target,0,432.5010000000002,4.391520000000003,88.74000000000001,1,6,6,4,4,31,0.0833333333333333,0,1
CHEMBL3961395,1.6476414,-1.3976512,COc1ccc(OCCCCOc2c3ccoc3cc3oc(=O)ccc23)cc1,EC50,2,multi-target,0,380.3960000000001,4.7858000000000045,71.03999999999999,0,6,8,4,4,28,0.2272727272727272,0,1
CHEMBL3120687,4.515219,-1.7250093,O=c1oc2cc(OCCCCN3CCC(c4nc5ccccc5s4)CC3)ccc2c2c1CCC2,Ki,2,multi-target,0,474.62600000000026,5.930000000000006,55.57,0,6,7,6,4,34,0.4285714285714285,1,0
CHEMBL3322160,-3.4311473,0.05554532,O=C(Cc1cc(=O)oc2cc(O)ccc12)NCCCCNc1c2c(nc3ccccc13)CCCC2,IC50,2,multi-target,0,471.5570000000004,4.476600000000003,104.46,3,6,8,5,4,35,0.3214285714285714,0,1
CHEMBL3086066,10.972356,14.639119,Cc1c(Cc2cccc(NS(=O)(=O)N(C)C)c2)c(=O)oc2cc(OC(=O)N(C)C)c(Cl)cc12,IC50,2,multi-target,0,493.9690000000002,3.624320000000002,109.16,1,6,6,3,3,33,0.2727272727272727,0,1
CHEMBL3087903,13.725103,3.1422865,COc1cccc2cc(C(=O)NCCC3CCN(Cc4ccccc4)CC3)c(=O)oc12,IC50,2,multi-target,0,420.5090000000002,3.833700000000003,71.78,1,5,7,4,3,31,0.36,0,1
CHEMBL4467593,11.116936,5.4728208,Cc1ccc2oc(=O)c3cc(C4=Nc5ccc(C(=O)c6ccccc6)cc5N=CC4)c(=O)oc3c2c1,IC50,1,single-target,0,474.47200000000026,5.665620000000004,102.21,0,7,3,6,5,36,0.0689655172413793,1,0
CHEMBL82742,7.0891542,8.292329,O=c1oc2ccccc2c(O)c1C1c2c(c3ccccc3oc2=O)Oc2c1c(=O)oc1ccccc21,IC50,1,single-target,0,478.41200000000026,4.997300000000003,120.09000000000002,1,8,1,7,6,36,0.0357142857142857,0,1
CHEMBL3286948,5.731537,-0.71706384,O=C(COc1ccc2ccc(=O)oc2c1)N1CCC(Cc2ccccc2)CC1,IC50,2,multi-target,0,377.4400000000001,3.653100000000003,59.75000000000001,0,4,5,4,3,28,0.3043478260869565,0,1
CHEMBL7840,14.387169,18.337355,CCCc1cc(=O)oc2c3c(c4c(c12)OC(C)(C)C=C4)O[C@H](CC)[C@@H](C)[C@@H]3O,EC50,1,single-target,0,384.4720000000001,4.770200000000005,68.9,1,5,3,4,2,28,0.5217391304347826,0,1
CHEMBL3235994,7.5930247,2.0708058,COc1cc2ccc(=O)oc2c2c1OC(C)(C)CC2,IC50,1,single-target,0,260.289,2.9052000000000016,48.67,0,4,1,3,2,19,0.4,0,1
CHEMBL4642621,4.88375,2.5692852,O=c1cc(-c2ccc(O)c(O)c2)c2ccc(O)cc2o1,IC50,1,single-target,0,270.24,2.5768000000000004,90.9,3,5,1,3,3,20,0.0,0,1
CHEMBL2178985,3.0899332,2.700997,Cc1c(C)c2ccc(OCC(=O)NN3C(=O)CSC3c3ccc(Cl)cc3)cc2oc1=O,Ki,1,single-target,0,458.9230000000001,3.747440000000002,88.85,1,6,5,4,3,31,0.2272727272727272,0,1
CHEMBL4874085,10.679833,3.8109622,COc1cccc2cc(S(N)(=O)=O)c(=O)oc12,Ki,4,multi-target,0,255.25099999999995,0.449,99.6,1,5,2,2,2,17,0.1,0,1
CHEMBL2178982,3.1470459,2.5732608,C/C(=N\NC(=O)COc1ccc2c(C)cc(=O)oc2c1)c1ccc(Cl)cc1,Ki,1,single-target,0,384.8190000000001,3.6740200000000014,80.89999999999999,1,5,5,3,3,27,0.15,0,1
CHEMBL2408080,24.327263,4.4374485,CC(C)(C)c1cc(C(C)(C)C)c2oc(=O)c(/C=N/c3ccc(S(N)(=O)=O)cc3)c(Cl)c2c1,IC50,2,multi-target,0,475.01000000000016,5.439400000000005,102.73,1,5,3,3,3,32,0.3333333333333333,1,0
CHEMBL2408077,24.3154,4.4252543,Cc1cc(C)nc(NS(=O)(=O)c2ccc(/N=C/c3c(Cl)c4ccccc4oc3=O)cc2)n1,IC50,2,multi-target,0,468.92200000000025,4.404640000000003,114.52,1,7,5,4,4,32,0.0909090909090909,0,1
CHEMBL4636601,-0.9732421,5.726354,CCOP(=O)(OCC)Oc1ccc(Cc2cc3ccccc3oc2=O)cc1,IC50,2,multi-target,0,388.3560000000001,4.943700000000005,74.97,0,6,8,3,3,27,0.25,0,1
CHEMBL1510940,11.630678,2.1386805,CCCCCCc1cc2cc(C(=O)OCC)c(=O)oc2cc1O,EC50,2,multi-target,0,318.369,3.798100000000003,76.74000000000001,1,5,7,2,2,23,0.4444444444444444,0,1
CHEMBL3586578,1.5090342,3.4538329,Cc1c(C)c2ccc(OCCCCCN(C)Cc3ccccc3)cc2oc1=O,IC50,4,multi-target,0,379.5,5.090940000000005,42.68,0,4,9,3,3,28,0.375,1,0
CHEMBL337005,11.786706,1.3598717,O=C(Oc1cccc(Cl)n1)c1cc2cc(CCl)ccc2oc1=O,IC50,1,single-target,0,350.15700000000004,3.799400000000002,69.4,0,5,3,3,3,23,0.0625,0,1
CHEMBL2322283,3.9105387,6.8110933,Cc1c(CC(=O)Nc2cccc(C(=O)O)c2)c(=O)oc2c(C)c3oc4c(c3cc12)CCCC4,EC50,1,single-target,0,445.4710000000004,4.914240000000003,109.75,2,5,4,5,4,33,0.2692307692307692,0,1
CHEMBL5631607,11.944526,1.2294811,Cc1ccc2oc(=O)c(C(=O)Oc3ccc4cc(C(=N)N)ccc4c3)cc2c1,Ki,1,single-target,0,372.38000000000005,3.7578900000000015,106.38,2,5,3,4,4,28,0.0454545454545454,0,1
CHEMBL4463800,6.98314,8.836917,CC(=O)CC(C1=C/C=C(C(=O)O)\C=C/C=C\1)c1c(O)c2ccccc2oc1=O,IC50,1,single-target,0,378.3800000000001,3.6247000000000016,104.81,2,5,5,3,2,28,0.1363636363636363,0,1
CHEMBL5091340,4.299143,5.512331,Cc1c(O[C@H](C(=O)O)c2ccccc2)ccc2c1oc(=O)c1ccccc12,Kd,1,single-target,0,360.3650000000001,4.459320000000003,76.74000000000001,1,4,4,4,4,27,0.0909090909090909,0,1
CHEMBL1310438,4.3506503,2.302145,CC(NC(=O)OCc1ccccc1)C(=O)Oc1cc2oc(=O)cc(-c3ccccc3)c2cc1Cl,EC50,1,single-target,0,477.9000000000002,5.333700000000004,94.84,1,6,6,4,4,34,0.1153846153846153,1,0
CHEMBL4456360,6.0014668,6.2058296,COc1cc(-c2c(O)c(=O)oc3cc(O)cc(O)c23)ccc1O,IC50,1,single-target,0,316.26500000000004,2.291,120.36,4,7,2,3,3,23,0.0625,0,1
CHEMBL4530941,11.301666,-8.758628,Cc1cc2ccccc2c(N2CCN(CCCNc3cc(=O)oc4ccccc34)CC2)n1,IC50,4,multi-target,0,428.5360000000002,4.273820000000003,61.61,1,6,6,5,4,32,0.3076923076923077,0,1
CHEMBL4213874,3.1149979,2.001192,Cc1ccc(C[n+]2ccc(COc3ccc4c(C)cc(=O)oc4c3)cc2)cc1,IC50,4,multi-target,0,372.4440000000001,4.324640000000003,43.32,0,3,5,4,4,28,0.1666666666666666,0,1
CHEMBL4205110,3.1671522,2.073019,Cc1cc(=O)oc2cc(OCc3cc[n+](Cc4cccc([N+](=O)[O-])c4)cc3)ccc12,IC50,4,multi-target,0,403.4140000000001,3.924420000000003,86.46,0,5,6,4,4,30,0.1304347826086956,0,1
CHEMBL1362201,5.972804,0.008497262,C=C1CCC2C(C)(C)[C@H](O)CC[C@@]2(C)[C@@H]1COc1cc(=O)oc2ccccc12,AC50,1,single-target,0,382.50000000000006,4.941400000000005,59.67,1,4,3,4,2,28,0.5416666666666666,0,1
CHEMBL5394729,5.6232605,4.6786747,Cc1cc(=O)oc2c(NC(=O)c3cccnc3)c(O)ccc12,IC50,2,multi-target,0,296.28200000000004,2.45432,92.43,2,5,2,3,3,22,0.0625,0,1
CHEMBL4073330,4.4304886,-1.5511953,O=c1ccc2c(N3CCN(CCCCOc4ccn5nccc5c4)CC3)ccc(O)c2o1,Ki,4,multi-target,0,434.49600000000015,3.1275000000000017,83.45,1,8,7,5,4,32,0.3333333333333333,0,1
CHEMBL2164284,13.236151,2.0106122,COc1cccc2cc(C(=O)Nc3ccc(S(N)(=O)=O)cc3)c(=O)oc12,IC50,1,single-target,0,374.37400000000014,1.7012999999999998,128.7,2,6,4,3,3,26,0.0588235294117647,0,1
CHEMBL3629814,15.665086,0.32165942,COc1ccc(/C=C/c2cc(OC)cc(OC)c2/C=C/C(=O)c2cc3ccc(N(C)C)cc3oc2=O)cc1,IC50,1,single-target,0,511.5740000000002,5.951300000000007,78.21000000000001,0,7,9,4,4,38,0.1612903225806451,2,0
CHEMBL1337913,20.164904,2.205516,COc1cc(OC)c2ccc(=O)oc2c1C(CCN1CCCC1)c1ccc(N(C)C)cc1,AC50,1,single-target,0,436.55200000000025,4.494000000000004,55.150000000000006,0,6,8,4,3,32,0.4230769230769231,0,1
CHEMBL5281518,-2.212596,-2.8541856,Cc1cc(=O)oc2cc(OCc3nc(N)nc(Nc4cccc(Cl)c4)n3)ccc12,EC50,1,single-target,0,409.8330000000001,3.844620000000001,116.16,2,8,5,4,4,29,0.1,0,1
CHEMBL3629810,15.668599,0.31942654,CCOc1ccc2cc(C(=O)/C=C/c3c(/C=C/c4ccc(OC)cc4)cc(OC)cc3OC)c(=O)oc2c1,IC50,2,multi-target,0,512.5580000000003,6.284000000000007,84.2,0,7,10,4,4,38,0.1612903225806451,2,0
CHEMBL2322558,3.7702293,6.666392,Cc1c(CCC(=O)NC(Cc2ccccc2)C(=O)O)c(=O)oc2c(C)c3occ(C(C)(C)C)c3cc12,EC50,1,single-target,0,489.5680000000004,5.198240000000005,109.75,2,5,7,4,4,36,0.3448275862068966,1,0
CHEMBL3819219,8.489992,-7.76364,CC(C)OP(=O)(Nc1ccc(-c2cc3ccc(OS(N)(=O)=O)cc3oc2=O)cc1)OC(C)C,IC50,1,single-target,0,496.4780000000003,4.412300000000003,147.16,2,8,9,3,3,33,0.2857142857142857,0,1
CHEMBL4643649,4.263362,1.566628,O=c1cc(-c2cc3ccccc3oc2=O)c2ccc(OCc3ccccc3Cl)cc2o1,IC50,1,single-target,0,430.8430000000001,5.798800000000004,69.65,0,5,4,5,5,31,0.04,1,0
CHEMBL1083624,3.2313974,8.993236,O=c1cc(N2CCOCC2)c2cc(-c3cccs3)ccc2o1,IC50,1,single-target,0,313.37800000000004,3.358100000000002,42.68000000000001,0,5,2,4,3,22,0.2352941176470588,0,1
CHEMBL4081886,4.5618753,6.257437,Cc1c(C)c2c(cc(C)c3c(C)coc32)oc1=O,IC50,1,single-target,0,242.27399999999997,3.7728800000000033,43.35,0,3,0,3,3,18,0.2666666666666666,0,1
CHEMBL4070331,11.065589,2.6160746,CCN(CC)c1ccc2cc(-c3cc4ccc(N(CC)CC)cc4oc3=O)c(=O)oc2c1,IC50,1,single-target,0,432.52000000000027,5.258800000000005,66.9,0,6,7,4,4,32,0.3076923076923077,1,0
CHEMBL459825,8.008777,1.7509811,CC(C)(O[C@@H]1O[C@H](CO)[C@@H](O)[C@H](O)[C@H]1O)[C@H]1Cc2cc3ccc(=O)oc3cc2O1,IC50,1,single-target,0,408.40300000000025,-0.3083999999999995,138.82000000000002,4,9,4,4,2,29,0.55,0,1
CHEMBL4746701,13.997417,1.1512802,O=c1oc2ccccc2cc1/C(CS(=O)(=O)c1ccccc1)=N/Nc1ccccc1,Ki,2,multi-target,0,418.474,4.083100000000003,88.74,1,6,6,4,4,30,0.0434782608695652,0,1
CHEMBL4760827,14.014481,1.1451776,O=c1oc2ccc(Br)cc2cc1/C(CS(=O)(=O)c1ccccc1)=N/Nc1ccccc1,Ki,2,multi-target,0,497.37000000000006,4.845600000000004,88.74,1,6,6,4,4,31,0.0434782608695652,0,1
CHEMBL4578097,0.057772953,4.669909,Cc1cccc(-c2coc3cc4oc(=O)c(-c5nsc(=O)o5)c(C)c4cc23)c1,IC50,1,single-target,0,391.40400000000017,4.899740000000003,86.45,0,7,2,5,5,28,0.0952380952380952,0,1
CHEMBL1547867,3.5212739,6.5601864,COc1ccc(-c2coc3c(C)c4oc(=O)c(CCC(=O)O)c(C)c4cc23)cc1,EC50,2,multi-target,0,392.4070000000001,4.848840000000004,89.88000000000001,1,5,5,4,4,29,0.217391304347826,0,1
CHEMBL1489711,3.8205023,2.6763356,CCCc1cc(=O)oc2cc(OCC(=O)Nc3ccc(S(N)(=O)=O)cc3)ccc12,IC50,3,multi-target,0,416.4550000000001,2.4104,128.7,2,6,7,3,3,29,0.2,0,1
CHEMBL4099068,23.292027,11.86395,COc1ccc(Nc2ncnc3c2C(c2ccc(Cl)cc2)c2c(c(=O)oc4ccccc24)O3)cc1,IC50,1,single-target,0,483.9110000000002,6.274500000000004,86.48,1,7,4,6,5,35,0.074074074074074,1,0
CHEMBL226003,6.4491973,8.661013,CCCCCCCCCCCCNc1c(Cc2ccccc2C)c(=O)oc2ccccc12,EC50,1,single-target,0,433.63600000000014,8.025020000000008,42.24,1,3,14,3,3,32,0.4827586206896552,1,0
CHEMBL204056,6.403087,6.1029983,Cc1cc(Br)c2c(c1)c(=O)oc1c(C)c(O)ccc12,IC50,2,multi-target,0,319.15400000000005,4.031140000000002,50.44,1,3,0,3,3,19,0.1333333333333333,0,1
CHEMBL4761402,16.39519,4.7286124,O=c1cc(OCCCCCn2cc(Cn3nc4ccccc4n3)nn2)c2ccccc2o1,IC50,1,single-target,0,430.4680000000001,3.426800000000002,100.86,0,9,9,5,5,32,0.2608695652173913,0,1
CHEMBL3943702,1.6359861,-1.409529,CCc1ccc(OCCCOc2c3ccoc3cc3oc(=O)ccc23)cc1,EC50,2,multi-target,0,364.3970000000001,4.949500000000004,61.81,0,5,7,4,4,27,0.2272727272727272,0,1
CHEMBL3326705,14.765607,13.441819,COc1ccc2cc(C(=O)NCCCCCCNc3c4c(nc5ccccc35)CCCC4)c(=O)oc2c1,Ki,2,multi-target,0,499.61100000000033,5.630900000000005,93.46,2,6,10,5,4,37,0.3666666666666666,1,0
CHEMBL4452234,5.168779,-3.5738342,COc1cc2c(cc1OC)CN(CCCCCOc1ccc3c(c1)oc(=O)c1ccccc13)CC2,IC50,1,single-target,0,473.5690000000002,5.5708000000000055,61.14000000000001,0,6,9,5,4,35,0.3448275862068966,1,0
CHEMBL1392132,11.618234,4.4589996,COc1ccc(-c2cc3ccc(O)cc3oc2=O)cc1,IC50,3,multi-target,0,268.268,3.1742000000000017,59.67,1,4,2,3,3,20,0.0625,0,1
CHEMBL1382826,4.034954,12.009974,Cc1ccc2oc(=O)c3cnn(CC(=O)N4CCc5ccccc5C4)c3c2c1,EC50,2,multi-target,0,373.41200000000015,3.036020000000001,68.33999999999999,0,5,2,5,4,28,0.2272727272727272,0,1
CHEMBL2387231,3.5758996,-1.7159244,Cc1cc(=O)oc2cc(OCCCCN3CCC(c4noc5cc(F)ccc45)CC3)c(Cl)cc12,Ki,2,multi-target,0,484.9550000000002,6.073720000000005,68.71000000000001,0,6,7,5,4,34,0.3846153846153846,1,0
CHEMBL4097212,6.793921,8.822097,CCCCCCCCCCCC(c1ccc(Cl)cc1)c1c(O)c2ccccc2oc1=O,Ki,1,single-target,0,441.0110000000002,8.204800000000006,50.440000000000005,1,3,12,3,3,31,0.4444444444444444,1,0
CHEMBL204633,4.0886087,1.7904427,CCC(O)(c1cc(F)cc(OCc2ccc3c(-c4ccoc4)cc(=O)oc3c2)c1)c1ccccn1,IC50,1,single-target,0,471.48400000000015,5.812000000000005,85.7,1,6,7,5,5,35,0.1428571428571428,1,0
CHEMBL526897,11.023702,1.1963863,O=C(NNc1ccccc1)c1cc2ccc(OCc3ccccc3)cc2oc1=O,IC50,2,multi-target,0,386.4070000000001,4.1289000000000025,80.57,2,5,6,4,4,29,0.0434782608695652,0,1
CHEMBL4104918,6.778658,8.8323555,CCCCCCCCCCCC(c1ccc(C(C)(C)C)cc1)c1c(O)c2ccccc2oc1=O,Ki,1,single-target,0,462.6740000000002,8.8489,50.440000000000005,1,3,12,3,3,34,0.5161290322580645,1,0
CHEMBL568417,12.194361,1.6817416,O=C(O)c1cc2cc(CO)ccc2oc1=O,Ki,12,multi-target,1,220.18,0.9834999999999998,87.74000000000001,2,4,2,2,2,16,0.0909090909090909,0,1
CHEMBL1448808,4.806674,3.062847,CC(C)CN(Cc1cc(=O)oc2cc(-c3ccccc3)c(O)cc12)CC(C)C,EC50,1,single-target,0,379.5000000000001,5.279600000000006,53.68000000000001,1,4,7,3,3,28,0.375,1,0
CHEMBL1593882,3.8871229,0.7117414,O=C(c1ccco1)N1CCN(Cc2cc(=O)oc3cc(O)ccc23)CC1,AC50,1,single-target,0,354.3620000000001,2.0496,87.13000000000001,1,6,3,4,3,26,0.2631578947368421,0,1
CHEMBL4446787,7.2196274,-3.205496,Cc1c(C)c2ccc(OCC3CCCN(Cc4ccc(Cl)cc4)C3)cc2oc1=O,IC50,4,multi-target,0,411.9290000000001,5.354240000000006,42.68,0,4,5,4,3,29,0.375,1,0
CHEMBL1559383,5.223307,2.885713,CCOC(=O)/C=C(\C)Sc1cc(=O)oc2ccccc12,AC50,3,multi-target,0,290.34,3.352000000000002,56.510000000000005,0,5,4,2,2,20,0.2,0,1
CHEMBL102071,-1.5606761,3.9143448,Cc1c2c(=O)oc3ccccc3c2nn1-c1ccccc1,Ki,2,multi-target,0,276.295,3.4403200000000016,48.03,0,4,1,4,4,21,0.0588235294117647,0,1
CHEMBL200414,11.752966,1.342985,O=C(Oc1cc(Cl)ccc1Cl)c1cc2cc(CCl)ccc2oc1=O,IC50,1,single-target,0,383.61400000000015,5.057800000000002,56.51,0,4,3,3,3,24,0.0588235294117647,1,0
CHEMBL23174,13.5186825,1.653335,NS(=O)(=O)c1ccc(CCNC(=O)c2cc3ccccc3oc2=O)cc1,Ki,7,multi-target,1,372.402,1.4128999999999994,119.47,2,5,5,3,3,26,0.1111111111111111,0,1
CHEMBL1333191,20.17556,2.2180727,CCCCCc1cc(=O)oc2c(C(CCN3CCCCC3)c3ccc(OC)cc3)c(OC)cc(OC)c12,EC50,1,single-target,0,507.67100000000033,6.559400000000007,61.140000000000015,0,6,12,4,3,37,0.5161290322580645,2,0
CHEMBL269305,1.0155587,-3.2357569,CCC1CC(C)c2cc3c(C(F)(F)F)cc(=O)oc3cc2N1,EC50,1,single-target,0,311.303,4.509500000000004,42.24,1,3,1,3,2,22,0.4375,0,1
CHEMBL6855,1.0332738,-3.2167923,CCCC1CCNc2cc3oc(=O)cc(C(F)(F)F)c3cc21,IC50,2,multi-target,0,311.303,4.511100000000003,42.24,1,3,2,3,2,22,0.4375,0,1
CHEMBL386281,7.517226,-0.9868628,O=C(NC1CCN(Cc2ccc3ccc(=O)oc3c2)CC1)c1cc(=O)c2ccc(F)cc2o1,IC50,2,multi-target,0,448.4500000000003,3.432900000000002,92.76,1,6,4,5,4,33,0.24,0,1
CHEMBL2052002,1.018946,-3.231821,CC[C@H]1CNc2cc3oc(=O)cc(C(F)(F)F)c3cc2[C@@H]1CC,EC50,1,single-target,0,325.33000000000004,4.757100000000003,42.24,1,3,2,3,2,23,0.4705882352941176,0,1
CHEMBL459826,8.163663,1.2605968,CC(C)(O)C(=O)Cc1cc2ccc(=O)oc2cc1O,EC50,1,single-target,0,262.261,1.3810999999999998,87.74,2,5,3,2,2,19,0.2857142857142857,0,1
CHEMBL347252,19.795563,8.477547,NS(=O)(=O)c1ccc(NCc2cc(=O)oc3cc(Cl)ccc23)c(Br)c1,Ki,3,multi-target,0,443.706,3.4684000000000026,102.4,2,5,4,3,3,25,0.0625,0,1
CHEMBL1609180,12.699644,3.024839,COc1cc(CN2CCCCC2)cc2cc(C(=O)O)c(=O)oc12,AC50,1,single-target,0,317.34100000000007,2.4857000000000005,79.98,1,5,4,3,2,23,0.4117647058823529,0,1
CHEMBL1940736,4.7412724,3.2254512,COc1ccccc1NCc1cc(=O)oc2cc3oc4ccccc4c3cc12,IC50,1,single-target,0,371.3920000000001,5.313100000000003,64.61,1,5,4,5,5,28,0.0869565217391304,1,0
CHEMBL272465,6.512276,5.978585,Cc1c(Br)c(=O)oc2c(Br)c(O)c(O)cc12,AC50,3,multi-target,0,349.96200000000005,3.0376200000000004,70.67,2,4,0,2,2,16,0.1,0,1
CHEMBL1566928,4.0549498,4.12814,CCN(CC)c1ccc2c(Cl)c(Br)c(=O)oc2c1,AC50,6,multi-target,1,330.60900000000004,4.055100000000003,33.45,0,3,3,2,2,18,0.3076923076923077,0,1
CHEMBL3297870,12.749927,1.6569271,O=C(Sc1ccc(Br)cc1)c1cc2cc([N+](=O)[O-])ccc2oc1=O,IC50,1,single-target,0,406.21300000000014,4.396200000000003,90.42,0,6,3,3,3,24,0.0,0,1
CHEMBL453080,13.886226,2.3391407,O=C(c1cc2ccccc2oc1=O)N1CCN(c2cc(Cl)ccc2Cl)CC1,IC50,1,single-target,0,403.2650000000001,4.062200000000003,53.760000000000005,0,4,2,4,3,27,0.2,0,1
CHEMBL90976,-3.4992394,-0.04359241,CC[C@H](C)[C@H](NC(=O)[C@H](CCC(=O)O)NC(=O)[C@H](CCC(=O)O)NC(=O)[C@H](Cc1ccc(OP(=O)(O)O)cc1)NOC(=O)Cc1cc(=O)oc2cc(O)ccc12)C(=O)N[C@@H](CCC(=O)O)C(=O)O,IC50,3,multi-target,0,979.8390000000002,-0.1639999999999902,421.13,12,16,28,3,3,68,0.4146341463414634,3,0
CHEMBL211141,13.143793,1.1582415,O=C(Nc1ccc(NC(=O)c2cc3ccccc3oc2=O)cc1)c1cc2ccccc2oc1=O,Ki,2,multi-target,0,452.4220000000002,4.404000000000003,118.62,2,6,4,5,5,34,0.0,0,1
CHEMBL3264725,7.222775,8.47932,O=c1oc2ccc(Cl)cc2c(O)c1C(c1cccc(O)c1)c1c(O)c2cc(Cl)ccc2oc1=O,IC50,1,single-target,0,497.2860000000003,5.503200000000003,121.11,3,7,3,5,5,34,0.04,1,0
CHEMBL2393500,5.820748,-0.19479544,O=C(COc1cc(=O)oc2ccccc12)N1CCN(c2ccc(F)cc2)CC1,IC50,2,multi-target,0,382.3910000000001,2.659700000000001,62.99000000000001,0,5,4,4,3,28,0.238095238095238,0,1
CHEMBL5633283,15.27895,4.004894,COc1cccc2cc(C(=O)NCc3cn(Cc4ccc(Oc5ccccc5)c(O)c4)nn3)c(=O)oc12,IC50,1,single-target,0,498.4950000000002,3.869300000000002,128.70999999999998,2,9,8,5,5,37,0.1111111111111111,0,1
CHEMBL568348,12.363622,2.8728416,COc1cccc2cc(C(=O)O)c(=O)oc12,Ki,13,multi-target,1,220.17999999999995,1.4997999999999998,76.74000000000001,1,4,2,2,2,16,0.0909090909090909,0,1
CHEMBL448696,13.13618,1.5387076,CN(C(=O)c1cc2ccccc2oc1=O)c1ccccc1,IC50,1,single-target,0,279.295,3.069600000000001,50.52,0,3,2,3,3,21,0.0588235294117647,0,1
CHEMBL5432054,5.0636997,6.7502556,O=c1oc2ccc(O)cc2c2c1NCCC2,IC50,1,single-target,0,217.22399999999996,1.8567,62.47,2,4,0,3,2,16,0.25,0,1
CHEMBL372919,-2.56382,8.057821,O=c1cc(NC2CCN(Cc3ccc4c(c3)CCO4)CC2)c2cc(Cl)ccc2o1,IC50,1,single-target,0,410.9010000000002,4.457800000000004,54.71000000000001,1,5,4,5,3,29,0.3478260869565217,0,1
CHEMBL514713,10.540747,0.0701298,COC(=O)c1cc2ccc(OCCc3nc(-c4ccc(F)cc4)oc3C)cc2oc1=O,EC50,2,multi-target,0,423.3960000000001,4.303620000000004,91.77,0,7,6,4,4,31,0.1739130434782608,0,1
CHEMBL1470996,8.837562,-0.2197539,COc1cc(C(=O)NC(=S)Nc2ccc3oc(=O)ccc3c2)cc(OC)c1OC,AC50,1,single-target,0,414.4390000000002,2.9456000000000007,99.03,2,7,5,3,3,29,0.15,0,1
CHEMBL1417141,2.4693882,6.7910295,Cc1c(CC(=O)O)c(=O)oc2c(C)c(OCc3ccc(F)cc3Cl)ccc12,IC50,4,multi-target,0,390.794,4.408440000000003,76.74,1,4,5,3,3,27,0.2,0,1
CHEMBL243532,12.736179,4.5483365,COc1ccc2oc(=O)c(-c3ccc(CN(C)Cc4ccccc4)cc3)cc2c1,IC50,1,single-target,0,385.463,5.1006000000000045,42.68,0,4,6,4,4,29,0.16,1,0
CHEMBL3121788,10.683535,0.43599015,C#CCCCCOc1ccc2cc(NC(C)=O)c(=O)oc2c1,IC50,2,multi-target,0,299.3260000000001,2.933700000000001,68.53999999999999,1,4,6,2,2,22,0.2941176470588235,0,1
CHEMBL1566908,4.0106087,6.504571,Cc1c(CC(=O)NCCCC(=O)O)c(=O)oc2cc3c(cc12)CCC(C)(C)O3,IC50,3,multi-target,0,387.4320000000002,2.7285200000000005,105.84,2,5,6,3,2,28,0.4761904761904761,0,1
CHEMBL145451,2.4984908,4.189885,Cc1c(C)c2ccc(OS(=O)(=O)c3ccc([N+](=O)[O-])cc3)cc2oc1=O,IC50,2,multi-target,0,375.3580000000001,3.0857400000000013,116.72,0,7,4,3,3,26,0.1176470588235294,0,1
CHEMBL1369231,11.081382,2.4981143,CCN(CC)c1ccc2cc(NC(=O)CCC(=O)O)c(=O)oc2c1,EC50,1,single-target,0,332.35600000000005,2.4425,99.85,2,5,7,2,2,24,0.3529411764705882,0,1
CHEMBL452818,13.86821,2.3253183,O=C(c1cc2ccccc2oc1=O)N1CCN(c2ccc(Cl)cc2)CC1,IC50,1,single-target,0,368.8200000000001,3.408800000000002,53.760000000000005,0,4,2,4,3,26,0.2,0,1
CHEMBL363139,-2.5766544,8.071695,O=c1cc(NC2CCN(Cc3ccc4sccc4c3)CC2)c2cc(Cl)ccc2o1,IC50,1,single-target,0,424.95300000000026,5.737600000000005,45.48,1,5,4,5,4,29,0.2608695652173913,1,0
CHEMBL3192708,7.8012123,2.4619262,CC1(C)Oc2ccc3ccc(=O)oc3c2C(/C=N/CCO)=C1O,IC50,2,multi-target,0,315.32500000000005,2.2962,92.26,2,6,3,3,2,23,0.2941176470588235,0,1
CHEMBL560273,3.953299,1.8213687,O=c1cc(-c2ccccc2)c2ccc(OCc3ccc(F)cc3)cc2o1,IC50,1,single-target,0,346.357,5.178100000000003,39.44,0,3,4,4,4,26,0.0454545454545454,1,0
CHEMBL6530,1.0044873,-3.2457843,CCC1CCN(C)c2cc3oc(=O)cc(C(F)(F)F)c3cc21,EC50,1,single-target,0,311.303,4.145300000000003,33.45,0,3,1,3,2,22,0.4375,0,1
CHEMBL1650717,9.052669,-0.95088655,O=c1ccc2cc(-c3ccccc3)ccc2o1,IC50,1,single-target,0,222.243,3.4600000000000017,30.21,0,2,1,3,3,17,0.0,0,1
CHEMBL5633774,15.290284,4.0090523,O=C(NCc1cn(Cc2ccc(Oc3ccccc3)c(O)c2)nn1)c1cc2ccccc2oc1=O,IC50,1,single-target,0,468.4690000000002,3.860700000000003,119.48000000000002,2,8,7,5,5,35,0.0769230769230769,0,1
CHEMBL2425843,13.422698,-6.8808937,CCCCC1c2c(nc3c(c2N)CCCC3)Oc2c1c(=O)oc1ccccc21,IC50,2,multi-target,0,376.4560000000001,5.076800000000004,78.35000000000001,1,5,3,5,3,28,0.391304347826087,1,0
CHEMBL358640,11.745998,4.375979,Cc1csc(-c2cc3ccc(O)cc3oc2=O)n1,Ki,1,single-target,0,259.286,2.9305200000000013,63.330000000000005,1,5,1,3,3,18,0.0769230769230769,0,1
CHEMBL3220508,12.717193,0.38792053,COc1ccc(C(=O)Nc2cc3ccccc3oc2=O)cc1,IC50,2,multi-target,0,295.29400000000004,3.0539000000000014,68.53999999999999,1,4,3,3,3,22,0.0588235294117647,0,1
CHEMBL3220511,12.776648,0.40466475,COc1ccc(C(=O)Nc2cc3ccccc3oc2=O)cc1OC,IC50,1,single-target,0,325.3200000000001,3.0625000000000018,77.77,1,5,4,3,3,24,0.1111111111111111,0,1
CHEMBL3695458,6.4534936,7.640011,C=C(NC(C)C)c1cc2c(=O)oc3ccc(C)cc3c2s1,IC50,1,single-target,0,299.395,4.284820000000003,42.24,1,4,3,3,3,21,0.2352941176470588,0,1
CHEMBL1258748,11.714763,7.8512526,CC(=O)N1N=C(c2cc3ccccc3oc2=O)CC1c1ccc(O)cc1,IC50,4,multi-target,0,348.35800000000006,3.196200000000002,83.11,1,5,2,4,3,26,0.15,0,1
CHEMBL4437551,4.142435,11.027461,Cc1cc(C)c(S(=O)(=O)N2CCN(Cn3cc4c(=O)oc5ccccc5c4n3)CC2)c(C)c1,IC50,5,multi-target,1,466.5630000000003,3.031960000000001,88.65,0,7,4,5,4,33,0.3333333333333333,0,1
CHEMBL4519664,4.1167693,11.053776,CC(C)(C)c1ccc(S(=O)(=O)N2CCN(Cn3cc4c(=O)oc5ccccc5c4n3)CC2)cc1,IC50,4,multi-target,0,480.5900000000002,3.404200000000003,88.65,0,7,4,5,4,34,0.36,0,1
CHEMBL407834,6.8259115,8.785856,CCCC(c1c(O)c2ccccc2oc1=O)c1c(O)c2ccccc2oc1=O,IC50,2,multi-target,0,378.3800000000001,4.242600000000003,100.88,2,6,4,4,4,28,0.1818181818181818,0,1
CHEMBL333095,6.014604,6.194676,CC(=O)OC[C@@]1(C)c2c(c3c(C)c(O)ccc3oc2=O)O[C@@H]1C,IC50,1,single-target,0,318.3250000000001,2.4087200000000006,85.97000000000001,1,6,2,3,2,23,0.4117647058823529,0,1
CHEMBL1256851,1.6379178,-1.3922232,O=c1ccc2c(OCCCCc3ccccc3)c3ccoc3cc2o1,AC50,7,multi-target,1,334.3710000000001,4.940900000000004,52.58,0,4,6,4,4,25,0.1904761904761904,0,1
CHEMBL2316107,13.036218,6.3853583,NS(=O)(=O)c1ccc2c(c1)sc1nc(-c3cc4cc(Cl)ccc4oc3=O)cn12,Ki,4,multi-target,0,431.8820000000001,3.6232000000000015,107.67000000000002,1,7,2,5,5,28,0.0,0,1
CHEMBL4868909,6.6726956,8.076976,COc1cccc(-c2cc(-c3c(O)c4ccccc4oc3=O)nc(N)c2C#N)c1,IC50,3,multi-target,0,385.3790000000001,3.6900800000000022,122.37,2,7,3,4,4,29,0.0454545454545454,0,1
CHEMBL5569594,2.1951597,1.699942,CN(CCc1ccsc1)Cc1ccc(COc2ccc3c(CO)cc(=O)oc3c2)cc1,IC50,4,multi-target,0,435.5450000000002,4.600300000000005,62.91,1,6,9,4,4,31,0.24,0,1
CHEMBL83294,13.062091,1.609746,O=C(O)c1cc2ccccc2oc1=O,Ki,14,multi-target,1,190.154,1.4912,67.50999999999999,1,3,1,2,2,14,0.0,0,1
CHEMBL4551634,5.7838216,-9.675292,Cc1c(N2CCN(C)CC2)ccc2c3c(c(=O)oc12)CN(C(=O)c1cc(Cl)cc(NS(C)(=O)=O)c1)CC3,IC50,1,single-target,0,545.0610000000001,3.076620000000002,103.17,1,7,4,5,3,37,0.3846153846153846,1,0
CHEMBL2012478,11.845674,7.7169747,O=C(CN1CCC(Br)CC1)N1N=C(c2cc3ccccc3oc2=O)CC1c1ccccc1,IC50,1,single-target,0,494.3890000000002,4.330000000000004,66.12,0,5,4,5,3,32,0.32,0,1
CHEMBL1379083,6.383262,4.783537,O=c1oc2c(CN3CCOCC3)c(O)ccc2c2ccccc12,AC50,4,multi-target,0,311.337,2.484000000000001,62.91000000000001,1,5,2,4,3,23,0.2777777777777778,0,1
CHEMBL259477,7.285331,8.611749,O=c1oc2ccccc2c(O)c1C(c1cccnc1)c1c(O)c2ccccc2oc1=O,IC50,1,single-target,0,413.38500000000016,3.8858000000000015,113.77,2,7,3,5,5,31,0.0416666666666666,0,1
CHEMBL4517653,0.06825849,4.6803823,Cc1c(-c2nsc(=O)o2)c(=O)oc2cc3occ(C4CCCC4)c3cc12,IC50,1,single-target,0,369.3980000000002,4.581920000000003,86.45,0,7,2,5,4,26,0.3157894736842105,0,1
CHEMBL3622017,2.8812623,5.037631,O=c1oc2cc(O)ccc2c2c1CCCCC2,Ki,1,single-target,0,230.2629999999999,2.767500000000001,50.44,1,3,0,3,2,17,0.3571428571428571,0,1
CHEMBL5569412,13.163031,1.2947519,CCCNc1nc2oc(C)c(C(=O)NNC(=O)c3cc4ccccc4oc3=O)c2c(=O)n1-c1ccccc1,IC50,1,single-target,0,513.5100000000003,3.2902200000000024,148.47,3,9,6,5,5,38,0.1481481481481481,1,0
CHEMBL4780696,5.617261,4.1901097,COc1ccc2c(C)cc(=O)oc2c1O,IC50,1,single-target,0,206.197,1.81562,59.67,1,4,1,2,2,15,0.1818181818181818,0,1
CHEMBL4762527,-4.000709,-0.5095431,COc1ccc2c(CC(=O)N[C@@H](Cc3ccccc3)[C@H](O)CN(CC(C)C)S(=O)(=O)c3ccc([N+](=O)[O-])cc3)cc(=O)oc2c1,IC50,2,multi-target,0,637.7110000000004,3.6876000000000015,169.29000000000002,2,9,14,4,4,45,0.3125,1,0
CHEMBL3261208,12.658053,1.4212165,COc1ccccc1NC(=O)c1cc2cc([N+](=O)[O-])ccc2oc1=O,IC50,1,single-target,0,340.2910000000001,2.9621000000000013,111.68,1,6,4,3,3,25,0.0588235294117647,0,1
CHEMBL3354137,3.561628,3.5078866,Cc1cc(=O)oc2cc(NC(=O)NS(=O)(=O)c3ccccc3)ccc12,Ki,2,multi-target,0,358.37500000000006,2.6118200000000007,105.48,2,5,3,3,3,25,0.0588235294117647,0,1
CHEMBL1275892,2.7103853,21.3828,CO[C@@H]1[C@@H](OC(=O)c2ccc(C)[nH]2)[C@@H](O)[C@H](Oc2ccc3c(O)c(NC(=O)/C=C/c4ccc(O)c(Cl)c4)c(=O)oc3c2)OC1(C)C,IC50,1,single-target,0,655.0560000000002,4.2612200000000025,189.78,5,11,8,5,4,46,0.28125,2,0
CHEMBL5219483,4.7413015,-0.682296,Cc1c(Cl)c(=O)oc2cc(OCCCCSC(=S)N3C(C)CCCC3C)ccc12,IC50,4,multi-target,0,454.0570000000002,6.194820000000005,42.68,0,5,6,3,2,29,0.5454545454545454,1,0
CHEMBL4753209,13.85197,1.2621317,Cc1ccc(S(=O)(=O)CC(=O)c2cc3cc(Br)ccc3oc2=O)cc1,Ki,2,multi-target,0,421.2680000000001,3.520520000000002,81.41999999999999,0,5,4,3,3,25,0.1111111111111111,0,1
CHEMBL1415432,7.795266,2.4210737,CC1(C)Oc2ccc3ccc(=O)oc3c2-c2c[nH]nc21,IC50,3,multi-target,0,268.272,2.8106,68.12,1,4,0,4,3,20,0.2,0,1
CHEMBL4848583,-1.0644059,8.317611,CCN(CC)c1ccc2c(C)c(CCN3CC4(CCN(c5nccn6ccnc56)CC4)NC3=O)c(=O)oc2c1,EC50,1,single-target,0,529.6450000000002,3.597220000000002,99.21999999999998,1,8,7,6,4,39,0.4482758620689655,1,0
CHEMBL49732,7.991904,0.38702703,COc1ccc2ccc(=O)oc2c1,Ki,12,multi-target,1,176.17099999999996,1.8016,39.44,0,3,1,2,2,13,0.1,0,1
CHEMBL4289607,7.577531,-0.4818717,O=c1ccc2ccc(OCCCCCCCCCCn3ccnc3)cc2o1,IC50,1,single-target,0,368.477,5.189300000000005,57.260000000000005,0,5,12,3,3,27,0.4545454545454545,1,0
CHEMBL4779696,11.694614,4.415455,O=C(O)c1ccc(-c2ccc(-c3cc4ccc(O)cc4oc3=O)cc2)cc1,IC50,1,single-target,0,358.3490000000001,4.530800000000003,87.74000000000001,2,4,3,4,4,27,0.0,0,1
CHEMBL1835814,9.57108,-1.1436152,CCN(CC)c1cc2oc(=O)ccc2cc1-c1ccc(Cl)cc1,IC50,1,single-target,0,327.81100000000004,4.9596000000000044,33.45,0,3,4,3,3,23,0.2105263157894736,0,1
CHEMBL483974,4.756608,3.4126863,CCCc1cc(=O)oc2cc3c(c(O)c12)C(=O)CC(C)O3,IC50,1,single-target,0,288.299,2.804800000000001,76.74,1,5,2,3,2,21,0.375,0,1
CHEMBL4858385,3.9160795,4.592561,CCN(CC)c1ccc2c(C)c(CCOC(=O)NCc3cccc(C(N)=O)c3)c(=O)oc2c1,EC50,1,single-target,0,451.5230000000002,3.515420000000001,114.87,2,6,9,3,3,33,0.32,0,1
CHEMBL4856046,-1.0485023,8.330257,Cc1c(CCN2CC3(CCN(c4nccn5ccnc45)CC3)NC2=O)c(=O)oc2cc(O[C@@H](C)c3ccccc3)ccc12,EC50,1,single-target,0,578.6730000000005,4.891020000000005,105.21,1,8,7,7,5,43,0.3333333333333333,1,0
CHEMBL4877901,-1.0776532,8.3052435,CCN(CC)c1ccc2c(C)c(CCN3C(=O)NC4(CCN(C(=O)c5ccc[nH]c5=O)CC4)C3=O)c(=O)oc2c1,EC50,1,single-target,0,547.6120000000003,2.40522,136.02999999999997,2,7,7,5,3,40,0.4137931034482758,1,0
CHEMBL4859449,-1.0899432,8.296694,CCN(CC)c1ccc2c(C)c(CCN3C(=O)NC4(CCN(c5ncnc6[nH]cnc56)C4)C3=O)c(=O)oc2c1,EC50,1,single-target,0,530.5890000000003,2.3573200000000005,140.56,2,9,7,6,4,39,0.4074074074074074,1,0
CHEMBL4862037,-1.0767432,8.3075905,CCN(CC)c1ccc2c(C)c(CCN3C(=O)NC4(CCN(c5ncnc6[nH]ncc56)CC4)C3=O)c(=O)oc2c1,EC50,1,single-target,0,544.6160000000003,2.747420000000001,140.56,2,9,7,6,4,40,0.4285714285714285,1,0
CHEMBL483526,5.8400106,6.2582545,COc1cc(O)c2c(=O)oc3cc(O)cc(C)c3c2c1,IC50,1,single-target,0,272.256,2.6744200000000005,79.9,2,5,1,3,3,20,0.1333333333333333,0,1
CHEMBL494795,13.075269,1.169162,O=C(Nc1ccccc1)c1cc2ccccc2oc1=O,IC50,3,multi-target,0,265.268,3.045300000000002,59.31,1,3,2,3,3,20,0.0,0,1
CHEMBL4519947,3.536823,8.732902,O=c1cc(N2CCN(c3ccccc3)CC2)c2ccc3ccccc3c2o1,IC50,1,single-target,0,356.4250000000001,4.272800000000004,36.690000000000005,0,4,2,5,4,27,0.1739130434782608,0,1
CHEMBL5196340,7.6172214,14.6287365,O=C(COCN1CCCCC1)CN1Nc2c(c(=O)oc3cc(O)ccc23)-c2ccc(O)cc21,IC50,2,multi-target,0,451.47900000000016,3.047200000000001,115.48000000000002,3,9,6,5,3,33,0.3333333333333333,0,1
CHEMBL3622009,2.5404277,5.062187,NS(=O)(=O)Oc1ccc2c3c(c(=O)oc2c1)CCCC3,IC50,1,single-target,0,295.3160000000001,1.2540999999999998,99.6,1,5,2,3,2,20,0.3076923076923077,0,1
CHEMBL5569900,2.2424753,1.6745468,CN(Cc1ccncc1)Cc1ccc(COc2ccc3c(CO)cc(=O)oc3c2)cc1,IC50,3,multi-target,0,416.47700000000015,3.891300000000003,75.80000000000001,1,6,8,4,4,31,0.2,0,1
CHEMBL251680,2.404886,4.2031174,CCOP(=S)(OCC)Oc1ccc2c(C)c(Cl)c(=O)oc2c1,Ki,11,multi-target,1,362.7710000000001,4.431120000000004,57.900000000000006,0,6,6,2,2,22,0.3571428571428571,0,1
CHEMBL311013,7.590144,2.4694734,C=CCc1c(OC(C)(C)C=C)ccc2ccc(=O)oc12,IC50,1,single-target,0,270.32800000000003,3.864900000000003,39.44,0,3,5,2,2,20,0.2352941176470588,0,1
CHEMBL3113644,11.46555,-0.25339174,Nc1ccc2oc(=O)c(CN3CCCC3)cc2c1,IC50,2,multi-target,0,244.29399999999995,1.971,59.47,1,4,2,3,2,18,0.3571428571428571,0,1
CHEMBL1221982,10.814436,4.5963264,COc1cc(-c2cc3cc(C)cc(Br)c3oc2=O)cc(OC)c1OC,IC50,2,multi-target,0,405.2440000000002,4.556720000000004,57.900000000000006,0,5,4,3,3,25,0.2105263157894736,0,1
CHEMBL1084286,7.527155,2.3952706,CC(C)=CCc1cccc2ccc(=O)oc12,IC50,1,single-target,0,214.264,3.301700000000002,30.21,0,2,2,2,2,16,0.2142857142857142,0,1
CHEMBL3092185,11.252772,14.3888855,Cc1c(Cc2cccc(NS(N)(=O)=O)c2F)c(=O)oc2cc(OC(=O)N(C)C)ccc12,IC50,2,multi-target,0,449.4600000000002,2.5071200000000013,131.94,2,6,5,3,3,31,0.2,0,1
CHEMBL4586578,-1.5397502,3.9130096,Cc1cc(-c2c(O)c3c(=O)oc4ccccc4c3oc2=O)nn1-c1ccccc1,IC50,1,single-target,0,386.36300000000006,3.7661200000000017,98.47,1,7,2,5,5,29,0.0454545454545454,0,1
CHEMBL153064,12.214499,2.0480313,CC(=O)c1cc2ccc(O)cc2oc1=O,EC50,3,multi-target,0,204.18099999999995,1.7011999999999998,67.50999999999999,1,4,1,2,2,15,0.0909090909090909,0,1
CHEMBL4440732,9.157085,-1.234437,C#CCSc1nc(Sc2nnnn2C)c(C#N)c(-c2ccc3oc(=O)ccc3c2)n1,IC50,1,single-target,0,433.4780000000002,2.52168,123.38,0,11,5,4,4,30,0.1052631578947368,1,0
CHEMBL4580963,6.989678,-3.2868953,Cc1c(C)c2ccc(OCC3CCN(CCCCO)CC3)cc2oc1=O,IC50,3,multi-target,0,359.46600000000007,3.273140000000001,62.91,1,5,7,3,2,26,0.5714285714285714,0,1
CHEMBL1425462,2.4005897,3.5614448,CC(=O)Oc1ccc2c(C)c(CC(C)O)c(=O)oc2c1,IC50,1,single-target,0,276.28799999999995,1.95002,76.74000000000001,1,5,3,2,2,20,0.3333333333333333,0,1
CHEMBL1257134,11.705286,7.857074,CC(=O)N1N=C(c2cc3c(Br)cccc3oc2=O)CC1c1ccc(O)cc1,IC50,2,multi-target,0,427.2540000000002,3.958700000000002,83.11,1,5,2,4,3,27,0.15,0,1
CHEMBL3087899,13.709192,3.0883768,O=C(NCCC1CCN(Cc2ccccc2)CC1)c1cc2cc([N+](=O)[O-])ccc2oc1=O,IC50,2,multi-target,0,435.48000000000025,3.7333000000000025,105.69,1,6,7,4,3,32,0.3333333333333333,0,1
CHEMBL4873913,5.758525,20.633316,Cc1c(O)ccc2c(O)c(NC(=O)c3ccc(O)c(CCC(C)C)c3)c(=O)oc12,Kd,2,multi-target,0,397.42700000000025,4.059120000000002,120.0,4,6,5,3,3,29,0.2727272727272727,0,1
CHEMBL462972,8.125808,0.89203286,O=c1ccc2ccc(Oc3cc4cc(O)c(O)cc4oc3=O)cc2o1,IC50,1,single-target,0,338.27100000000013,3.1029000000000018,110.11,2,7,2,4,4,25,0.0,0,1
CHEMBL4859883,13.484396,3.010517,O=C(NC1CCN(Cc2ccc(Cl)cc2)CC1)c1cc2cc([N+](=O)[O-])c(O)c(O)c2oc1=O,IC50,1,single-target,0,473.8690000000003,3.1602000000000023,146.15,3,8,5,4,3,33,0.2727272727272727,0,1
CHEMBL5632639,15.609457,4.3134303,Cc1cc(=O)oc2cc(OCc3cn(Cc4ccc(Oc5ccccc5)c(O)c4)nn3)ccc12,IC50,1,single-target,0,455.4700000000001,4.818120000000005,99.61,1,8,7,5,5,34,0.1153846153846153,0,1
CHEMBL3394535,2.9317913,4.8667583,Cc1c(Cl)c(=O)oc2cc(/N=C/c3ccc(O)cc3O)ccc12,IC50,1,single-target,0,329.7390000000001,3.916620000000001,83.03,2,5,2,3,3,23,0.0588235294117647,0,1
CHEMBL3735625,11.236101,5.2524233,Cc1ccc(S(=O)(=O)Oc2cccc(-c3cc4cc(C)ccc4oc3=O)c2)cc1,IC50,1,single-target,0,406.4590000000002,4.844540000000004,73.58000000000001,0,5,4,4,4,29,0.0869565217391304,0,1
CHEMBL3806010,13.117516,6.530281,Cc1ccc(-c2nn(-c3ccc(S(N)(=O)=O)cc3)cc2/C=N\Nc2nc(-c3cc4cc(Br)ccc4oc3=O)cs2)cc1,Ki,4,multi-target,0,661.5630000000002,5.933520000000004,145.47,2,10,7,6,6,42,0.0344827586206896,2,0
CHEMBL4852718,12.040679,2.9643776,O=C(O)c1cc2c(oc1=O)c(-c1ccc(F)cc1)cc1cc(C(=O)O)c(=O)oc12,EC50,1,single-target,0,396.28200000000015,3.101900000000001,135.01999999999998,2,6,3,4,4,29,0.0,0,1
CHEMBL3957000,9.523919,-1.9539936,CCCCCCn1c(C#N)ccc1-c1cc2c(C)cc(=O)oc2cc1OC,IC50,1,single-target,0,364.44500000000016,5.030500000000005,68.16,0,5,7,3,3,27,0.3636363636363636,1,0
CHEMBL3764408,5.9426064,-1.2786176,O=c1cc(C(F)(F)F)c2ccc(OCCNC3CCN(Cc4ccccc4)CC3)cc2o1,IC50,3,multi-target,0,446.46900000000034,4.444800000000003,54.71,1,5,7,4,3,32,0.375,0,1
CHEMBL3765760,5.9937816,-1.1626258,O=c1ccc2ccc(OCCNCCC3CCN(Cc4ccccc4)CC3)cc2o1,IC50,3,multi-target,0,406.5260000000002,4.063700000000003,54.71,1,5,9,4,3,30,0.4,0,1
CHEMBL3764211,6.0231624,-1.3303844,Cc1cc(=O)oc2cc(CNCCC3CCN(Cc4ccccc4)CC3)ccc12,IC50,5,multi-target,1,390.5270000000001,4.493320000000004,45.48,1,4,7,4,3,29,0.4,0,1
CHEMBL2376508,12.507529,2.0524445,O=C(Cl)c1cc2cc(Cl)ccc2oc1=O,IC50,1,single-target,0,243.045,2.825400000000001,47.28,0,3,1,2,2,15,0.0,0,1
CHEMBL3394536,2.9201806,4.893705,O=c1oc2cc(/N=C/c3ccc(O)cc3O)ccc2c2c1CCCC2,IC50,1,single-target,0,335.3590000000002,3.8336000000000015,83.03,2,5,2,4,3,25,0.2,0,1
CHEMBL5592078,2.334099,6.9752364,Cc1c(CC(=O)O)c(=O)oc2c(Br)c(OCc3cccc(Br)c3)ccc12,IC50,1,single-target,0,482.12400000000014,4.832520000000003,76.74,1,4,5,3,3,26,0.1578947368421052,0,1
CHEMBL3297792,13.012346,1.6094476,O=C(SCc1ccco1)c1cc2ccccc2oc1=O,IC50,2,multi-target,0,286.30800000000005,3.459600000000002,60.42,0,5,3,3,3,20,0.0666666666666666,0,1
CHEMBL3326702,14.758852,13.42795,COc1cc2cc(C(=O)NCCCCCNc3c4c(nc5ccccc35)CCCC4)c(=O)oc2cc1OC,Ki,2,multi-target,0,515.6100000000004,5.249400000000004,102.69,2,7,10,5,4,38,0.3666666666666666,2,0
CHEMBL5081574,6.9884295,-3.3215501,Cc1c(C)c2ccc(OCC3CCN(CCCC(F)F)CC3)cc2oc1=O,IC50,3,multi-target,0,379.4470000000001,4.545940000000004,42.68,0,4,7,3,2,27,0.5714285714285714,0,1
CHEMBL5082824,2.225367,1.7106501,CN(CCCC(F)F)Cc1ccc(COc2ccc3c(CO)cc(=O)oc3c2)cc1,IC50,4,multi-target,0,417.45200000000017,4.341400000000004,62.91,1,5,10,3,3,30,0.3478260869565217,0,1
CHEMBL569627,6.366538,8.044346,COc1ccc2c(O)c(Cc3c(O)c4ccc(OC)cc4oc3=O)c(=O)oc2c1,IC50,1,single-target,0,396.35100000000017,2.9186000000000014,119.34,2,8,4,4,4,29,0.1428571428571428,0,1
CHEMBL5792650,6.0610723,3.1373193,Cc1coc2c(C)c3oc(=O)cc(-c4cccc(C(F)(F)F)c4)c3cc12,IC50,1,single-target,0,358.31500000000005,5.841840000000003,43.35,0,3,1,4,4,26,0.15,1,0
CHEMBL5572134,3.0254674,2.0320454,Cc1cc(=O)oc2cc(OCc3ccc(-c4noc([C@@H]5CCCN5)n4)cc3)ccc12,IC50,1,single-target,0,403.4380000000001,4.154920000000002,90.39,1,7,5,5,4,30,0.2608695652173913,0,1
CHEMBL5590116,5.0139956,3.133005,CCOC(=O)c1cc(=O)oc2cc(O)c(O)cc12,IC50,1,single-target,0,250.206,1.3808999999999998,96.97,2,6,2,2,2,18,0.1666666666666666,0,1
CHEMBL4762663,4.948423,3.2429073,O=c1cc(CO)c2cc(O)c(O)cc2o1,IC50,1,single-target,0,208.169,0.6964999999999999,90.9,3,5,1,2,2,15,0.1,0,1
CHEMBL3087897,13.724402,3.1182725,O=C(NCCC1CCN(Cc2ccccc2)CC1)c1cc2ccccc2oc1=O,IC50,2,multi-target,0,390.4830000000002,3.8251000000000026,62.55,1,4,6,4,3,29,0.3333333333333333,0,1
CHEMBL3262899,8.086151,1.1044072,CC(=O)Oc1cc2ccc(=O)oc2cc1OC(C)=O,Ki,2,multi-target,0,262.217,1.6436,82.81,0,6,2,2,2,19,0.1538461538461538,0,1
CHEMBL3822899,23.64507,3.215144,NS(=O)(=O)c1ccc(-n2nc(C(=O)N/N=C/c3c(Cl)c4ccccc4oc3=O)cc2-c2ccccc2Cl)cc1,IC50,2,multi-target,0,582.4250000000002,4.363800000000003,149.65,2,8,6,5,5,39,0.0,1,0
CHEMBL3823238,23.637573,3.2045045,Cc1ccc(-c2cc(C(=O)N/N=C/c3c(Cl)c4ccccc4oc3=O)nn2-c2ccc(S(N)(=O)=O)cc2)cc1,IC50,2,multi-target,0,562.0070000000003,4.018820000000002,149.65,2,8,6,5,5,39,0.037037037037037,1,0
CHEMBL4849620,3.428076,2.231463,Cc1cc(=O)oc2cc(OC(C)c3ccccc3)ccc12,EC50,1,single-target,0,280.32300000000004,4.241420000000002,39.44,0,3,3,3,3,21,0.1666666666666666,0,1
CHEMBL3823735,23.63751,3.2043104,NS(=O)(=O)c1ccc(-n2nc(C(=O)N/N=C/c3c(Cl)c4ccccc4oc3=O)cc2-c2ccc([N+](=O)[O-])cc2)cc1,IC50,2,multi-target,0,592.9770000000002,3.6186000000000025,192.79,2,10,7,5,5,41,0.0,1,0
CHEMBL3359950,2.5661366,0.64012146,NC(=O)CNc1cc(=O)oc2cc(OCc3cccc(Cl)c3)ccc12,IC50,2,multi-target,0,358.781,2.922600000000001,94.56,2,5,6,3,3,25,0.1111111111111111,0,1
CHEMBL4093867,2.8998156,3.8882768,Cc1cc(=O)oc2cc(OS(=O)(=O)c3ccc(Cl)c([N+](=O)[O-])c3)ccc12,IC50,2,multi-target,0,395.7760000000001,3.4307200000000018,116.72,0,7,4,3,3,26,0.0625,0,1
CHEMBL1830796,12.71483,2.69962,CC(=O)c1cc2cc(Cl)cc(Br)c2oc1=O,IC50,2,multi-target,0,301.523,3.411500000000001,47.28,0,3,1,2,2,16,0.0909090909090909,0,1
CHEMBL3889532,12.995609,3.4698842,O=C(NCCc1c[nH]c2ccccc12)c1cc2ccc(OCc3ccc(F)cc3)cc2oc1=O,IC50,2,multi-target,0,456.4730000000002,4.964900000000004,84.33000000000001,2,4,7,5,5,34,0.1111111111111111,0,1
CHEMBL4098990,9.000954,-0.8720029,O=c1ccc2ccc(-c3cccnc3)cc2o1,IC50,1,single-target,0,223.231,2.8550000000000004,43.1,0,3,1,3,3,17,0.0,0,1
CHEMBL1562069,3.2605345,5.4548197,CCCc1cc(=O)oc2cc3oc(C)c(C)c3cc12,IC50,4,multi-target,0,256.301,4.108540000000003,43.35,0,3,2,3,3,19,0.3125,0,1
CHEMBL259997,5.2253995,6.0419326,Cc1c(Cc2ccccc2)c(=O)oc2c(C)c(O)ccc12,Kd,1,single-target,0,280.323,3.706240000000002,50.44,1,3,2,3,3,21,0.1666666666666666,0,1
CHEMBL3823440,23.634644,3.2004128,NS(=O)(=O)c1ccc(-n2nc(C(=O)N/N=C/c3c(Cl)c4ccccc4oc3=O)cc2-c2ccc(F)cc2)cc1,IC50,2,multi-target,0,565.9700000000003,3.8495000000000026,149.65,2,8,6,5,5,39,0.0,1,0
CHEMBL1414071,12.511551,2.0204597,O=C(O)c1cc2cc(Cl)ccc2oc1=O,AC50,3,multi-target,0,224.599,2.1446000000000005,67.50999999999999,1,3,1,2,2,15,0.0,0,1
CHEMBL1927209,10.235073,5.3679304,C=CCc1cc(OC)c2oc(=O)c(-c3cn(-c4cccc(C(=O)O)c4)c(=S)[nH]3)cc2c1,IC50,1,single-target,0,434.47300000000007,4.743590000000003,97.46,2,6,6,4,4,31,0.0869565217391304,0,1
CHEMBL5083014,7.2279396,-3.199954,Cc1c(C)c2ccc(OCC3CCCN(Cc4cccc(F)c4)C3)cc2oc1=O,IC50,4,multi-target,0,395.4740000000001,4.839940000000005,42.68,0,4,5,4,3,29,0.375,0,1
CHEMBL1376708,4.2947345,5.437352,Cc1c(OCC(=O)NC2CC(C)(C)NC(C)(C)C2)ccc2c1oc(=O)c1ccccc12,AC50,2,multi-target,0,422.52500000000015,4.0588200000000025,80.57,2,5,4,4,3,31,0.44,0,1
CHEMBL205309,4.0686893,2.7648954,COc1ccc2c(CC(=O)Nc3cc(Br)ccc3N3CCN(C(=O)OC(C)(C)C)CC3)cc(=O)oc2c1,IC50,1,single-target,0,572.4560000000004,4.802400000000004,101.32,1,7,5,4,3,37,0.3703703703703703,1,0
CHEMBL348978,19.770597,8.452906,NS(=O)(=O)c1ccc(NCc2cc(=O)oc3cc(Cl)ccc23)c(I)c1,Ki,3,multi-target,0,490.706,3.310500000000002,102.4,2,5,4,3,3,25,0.0625,0,1
CHEMBL3113390,3.5289736,6.466005,Cc1c(CC(=O)O)c(=O)oc2cc3occ(-c4ccc5ccccc5c4)c3cc12,IC50,1,single-target,0,384.3870000000001,5.294920000000003,80.64999999999999,1,4,3,5,5,29,0.0833333333333333,1,0
CHEMBL153505,11.732005,4.40207,O=c1oc2cc(O)ccc2cc1-c1ccccc1,Ki,1,single-target,0,238.242,3.1656000000000013,50.44,1,3,1,3,3,18,0.0,0,1
CHEMBL121678,6.9412494,9.070207,COc1ccc2c(O)c(C(c3ccccc3)C3CC3)c(=O)oc2c1,Ki,1,single-target,0,322.36000000000007,4.049100000000003,59.67,1,4,4,4,3,24,0.25,0,1
CHEMBL11382,8.030185,0.4742276,NS(=O)(=O)Oc1ccc2ccc(=O)oc2c1,IC50,1,single-target,0,241.224,0.3752999999999998,99.6,1,5,2,2,2,16,0.0,0,1
CHEMBL1455427,12.452038,1.7784115,CC(OC(=O)c1cc2c(ccc3ccccc32)oc1=O)c1nc2ccccc2s1,IC50,1,single-target,0,401.4430000000001,5.473900000000003,69.4,0,6,3,5,5,29,0.0869565217391304,1,0
CHEMBL1529197,6.575798,4.6544747,CN1CCN(Cc2c(O)ccc3cc(-c4ccccn4)c(=O)oc23)CC1,AC50,2,multi-target,0,351.4060000000002,2.308,69.81,1,6,3,4,3,26,0.3,0,1
CHEMBL126780,13.536425,1.8881478,COc1ccccc1N1CCN(CCCCNC(=O)c2cc3ccccc3oc2=O)CC1,Ki,2,multi-target,0,435.52400000000017,3.1338000000000017,75.02000000000001,1,6,8,4,3,32,0.36,0,1
CHEMBL89757,8.487787,0.205371,COC1(c2cc(F)cc(OCc3ccc4oc(=O)ccc4c3)c2)CCOCC1,IC50,1,single-target,0,384.4030000000002,4.163200000000003,57.900000000000006,0,5,5,4,3,28,0.3181818181818182,0,1
CHEMBL1331857,4.804218,3.0140343,CCc1cc(=O)oc2cc(OC(C)=O)cc(OC(C)=O)c12,AC50,1,single-target,0,290.271,2.2060000000000004,82.81,0,6,3,2,2,21,0.2666666666666666,0,1
CHEMBL1835832,9.558209,-1.1835388,CCN(CC)c1cc2oc(=O)ccc2cc1-c1cccs1,IC50,3,multi-target,0,299.395,4.367700000000004,33.45,0,4,4,3,3,21,0.2352941176470588,0,1
CHEMBL3092184,11.253447,14.386325,Cc1c(Cc2ccc(F)c(NS(N)(=O)=O)c2)c(=O)oc2cc(OC(=O)N(C)C)ccc12,IC50,2,multi-target,0,449.46000000000026,2.5071200000000005,131.94,2,6,5,3,3,31,0.2,0,1
CHEMBL1355735,4.622342,4.9074354,COc1ccc2c(c1)c(=O)oc1c(C)c(OC(C)C(=O)N[C@@H](Cc3c[nH]c4ccc(O)cc34)C(=O)O)ccc12,IC50,1,single-target,0,530.5330000000002,4.0295200000000015,151.09,4,7,8,5,5,39,0.2068965517241379,1,0
CHEMBL3094035,2.6806228,0.84440523,N#Cc1cc(=O)oc2cc(OCc3cccc(Cl)c3)ccc12,IC50,1,single-target,0,311.724,3.8970800000000025,63.23,0,4,3,3,3,22,0.0588235294117647,0,1
CHEMBL3121795,10.70687,0.44703963,COC(=O)c1cc2ccc(OCCc3ccc(Cl)cc3)cc2oc1=O,IC50,2,multi-target,0,358.77700000000004,3.8545000000000034,65.74000000000001,0,5,5,3,3,25,0.1578947368421052,0,1
CHEMBL177085,7.013384,0.97731423,CC(C)=CCC/C(C)=C/CC/C(C)=C/COc1cc(=O)oc2ccccc12,IC50,1,single-target,0,366.5010000000001,6.591000000000007,39.44,0,3,9,2,2,27,0.375,1,0
CHEMBL3335047,5.0377135,-1.4268757,COc1cccc(CC2CCN(CCCOc3ccc4c5c(c(=O)oc4c3)CCCC5)CC2)c1,IC50,1,single-target,0,461.6020000000004,5.404000000000006,51.91,0,5,8,5,3,34,0.4827586206896552,1,0
CHEMBL3335023,1.3058805,4.433293,CCN(C)C(=O)Oc1cc(C(C)N(C)C)cc2oc(=O)c3ccccc3c12,IC50,2,multi-target,0,368.4330000000001,4.019300000000003,62.99,0,5,4,3,3,27,0.3333333333333333,0,1
CHEMBL1533974,2.6694446,1.7695134,Cc1cc2oc(=O)cc(CN(C)Cc3ccccc3)c2cc1C(C)C,EC50,1,single-target,0,335.44700000000006,4.856820000000004,33.45,0,3,5,3,3,25,0.3181818181818182,0,1
CHEMBL1370536,11.072133,2.6140084,CCN(CC)c1ccc2cc(S(=O)(=O)c3ccc(C)cc3)c(=O)oc2c1,AC50,3,multi-target,0,371.45800000000014,3.780420000000003,67.59,0,5,5,3,3,26,0.25,0,1
CHEMBL3403687,-5.507343,12.214019,CCCc1cc2c(C(F)(F)F)cc(=O)oc2c(CCC)c1OCCCCN1C(=O)CN(C)C1=O,EC50,2,multi-target,0,482.4990000000004,4.7698000000000045,80.06,0,5,10,3,2,34,0.5416666666666666,0,1
CHEMBL1835807,9.562716,-1.1521134,CCN(CC)c1cc2oc(=O)ccc2cc1-c1ccccc1,IC50,3,multi-target,0,293.366,4.306200000000003,33.45,0,3,4,3,3,22,0.2105263157894736,0,1
CHEMBL1688898,8.863547,11.106237,COc1ccc(COc2ccc3c(Cn4ccnc4)cc(=O)oc3c2)cc1,IC50,3,multi-target,0,362.3850000000001,3.6254000000000026,66.49000000000001,0,6,6,4,4,27,0.1428571428571428,0,1
CHEMBL415992,2.0790489,3.139308,Cc1c(C)c2ccc(OCc3ccc(C(C)C)cc3)cc2oc1=O,IC50,1,single-target,0,322.40400000000005,5.112240000000004,39.44,0,3,4,3,3,24,0.2857142857142857,1,0
CHEMBL1589453,13.854107,1.2672564,COc1ccc(S(=O)(=O)CC(=O)c2cc3cc(Br)ccc3oc2=O)cc1,IC50,1,single-target,0,437.26700000000005,3.2207000000000017,90.65,0,6,5,3,3,26,0.1111111111111111,0,1
CHEMBL1442864,5.812259,3.6478963,Cc1cc2c(C)cc(=O)oc2c2c1NCCC2,AC50,1,single-target,0,229.27899999999997,2.767940000000001,42.24,1,3,0,3,2,17,0.3571428571428571,0,1
CHEMBL351692,19.781092,8.466031,NS(=O)(=O)c1cccc(NCc2cc(=O)oc3cc(Cl)ccc23)c1,Ki,3,multi-target,0,364.81,2.7059000000000006,102.4,2,5,4,3,3,24,0.0625,0,1
CHEMBL209052,14.574602,3.2035344,COc1cccc2cc(C(=O)Nc3cc(Br)ccc3N3CCN(CCO)CC3)c(=O)oc12,IC50,1,single-target,0,502.3650000000004,2.9307000000000016,95.25,2,7,6,4,3,32,0.3043478260869565,1,0
CHEMBL1258983,11.70536,7.8564196,CC(=O)N1N=C(c2cc3c(Br)cccc3oc2=O)CC1c1ccccc1,IC50,2,multi-target,0,411.25500000000017,4.253100000000003,62.88,0,4,2,4,3,26,0.15,0,1
CHEMBL1431521,6.3618627,4.4791985,CCc1cc(=O)oc2c(CN3CCN(C)CC3)c(O)ccc12,AC50,1,single-target,0,302.374,1.8084,56.92,1,5,3,3,2,22,0.4705882352941176,0,1
CHEMBL3094014,2.9205627,0.7088217,O=C(O)COc1cc(=O)oc2cc(OCc3cccc(Cl)c3)ccc12,IC50,1,single-target,0,360.7490000000001,3.488800000000002,85.97000000000001,1,5,6,3,3,25,0.1111111111111111,0,1
CHEMBL5565874,15.943716,4.205161,O=c1ccc2cc(-n3cc(CN[C@@H]4C[C@H]4c4ccc(F)c(F)c4)nn3)ccc2o1,IC50,1,single-target,0,394.3810000000001,3.297600000000002,72.95,1,6,5,5,4,29,0.1904761904761904,0,1
CHEMBL2441682,3.4174075,1.7805201,COc1ccc(C(F)(F)F)c[n+]1CCCCCOc1ccc2c(C)cc(=O)oc2c1,IC50,1,single-target,0,422.4230000000002,4.665620000000004,52.55,0,4,8,3,3,30,0.3636363636363636,0,1
CHEMBL451476,6.577661,5.932431,COc1cc2c(=O)oc3c(OC)c(O)cc4c(=O)oc(c1OC)c2c34,IC50,1,single-target,0,344.27500000000015,2.2218,108.34,1,8,3,4,4,25,0.1764705882352941,0,1
CHEMBL2178987,2.6517437,3.1401014,Cc1c(C)c2ccc(OCC(=O)NN)cc2oc1=O,Ki,1,single-target,0,262.265,0.7785399999999998,94.56,2,5,3,2,2,19,0.2307692307692307,0,1
CHEMBL257751,5.632682,7.0474133,O=c1cc(C(F)(F)F)c2c(ccc3c2oc(=O)c2cccc(O)c23)[nH]1,EC50,1,single-target,0,347.24800000000005,3.5121000000000016,83.30000000000001,2,4,0,4,4,25,0.0588235294117647,0,1
CHEMBL1688901,8.880973,11.127558,O=c1cc(Cn2ccnc2)c2ccc(OCc3ccc(F)c(F)c3)cc2o1,IC50,3,multi-target,0,368.33900000000006,3.895000000000003,57.260000000000005,0,5,5,4,4,27,0.1,0,1
CHEMBL377094,4.2144284,1.8337162,O=c1cc(-c2ccoc2)c2ccc(Sc3cc(F)cc(C(O)(C(F)(F)F)C(F)(F)F)c3)cc2o1,IC50,1,single-target,0,504.3790000000001,6.655500000000004,63.58,1,5,4,4,4,34,0.1363636363636363,2,0
CHEMBL1290401,5.7556553,2.979913,COc1ccc(-c2coc3cc4oc(=O)cc(-c5ccccc5)c4cc23)cc1F,IC50,1,single-target,0,386.378,6.020900000000005,52.580000000000005,0,4,3,5,5,29,0.0416666666666666,1,0
CHEMBL1335668,7.0120416,8.816038,O=C(C[C@H](c1ccccc1)c1c(O)c2ccccc2oc1=O)c1ccccc1,AC50,2,multi-target,0,370.4040000000001,4.903500000000004,67.50999999999999,1,4,5,4,4,28,0.0833333333333333,0,1
CHEMBL1099322,-1.3863231,19.028736,COc1ccc2c(Nc3c(Cl)cncc3Cl)cc(=O)oc2c1OCCCCCCCC(=O)O,IC50,1,single-target,0,495.3590000000005,6.051000000000003,110.89,2,7,12,3,3,33,0.3478260869565217,1,0
CHEMBL1275845,2.69713,21.397623,COc1cc(C(=O)Nc2c(O)c3ccc(O[C@@H]4OC(C)(C)[C@H](OC)[C@@H](OC(=O)c5ccc(C)[nH]5)[C@H]4O)c(C)c3oc2=O)ccc1O,IC50,1,single-target,0,638.6260000000002,3.5252400000000024,199.01,5,12,8,5,4,46,0.34375,2,0
CHEMBL1441570,6.3678856,2.0763323,Cc1cc(=O)oc2cc(O[C@@H]3O[C@H](CO)[C@@H](O)[C@H](O)[C@H]3O)ccc12,Ki,3,multi-target,0,338.312,-0.7198800000000007,129.59,4,8,3,3,2,24,0.4375,0,1
CHEMBL256977,5.565455,7.126367,CCOc1ccc2oc(=O)c3c(ccc4[nH]c(=O)cc(C)c43)c2c1OC,EC50,1,single-target,0,351.3580000000001,3.503420000000002,81.53,1,5,3,4,4,26,0.2,0,1
CHEMBL1583960,11.075588,2.61104,CCN(CC)c1ccc2cc(C=O)c(=O)oc2c1,IC50,3,multi-target,0,245.278,2.4517000000000007,50.52,0,4,4,2,2,18,0.2857142857142857,0,1
CHEMBL2206130,18.00115,3.3010533,O=C(/C=C/c1cc[n+](Cc2ccc(F)cc2)cc1)c1cc2cc(Br)ccc2oc1=O,IC50,2,multi-target,0,465.2980000000002,4.926500000000003,51.16,0,3,5,4,4,30,0.0416666666666666,0,1
CHEMBL479462,7.580407,1.8883481,COc1cc2oc(=O)ccc2c2c1C=CC(C)(C)O2,Ki,5,multi-target,1,258.273,2.985800000000001,48.67,0,4,1,3,2,19,0.2666666666666666,0,1
CHEMBL2391490,1.510552,15.71947,Cc1cc(=O)oc2cc(OCCCCCCN3CCN(CC(=O)Nc4c5c(nc6ccccc46)CCCC5)CC3)ccc12,IC50,2,multi-target,0,582.7450000000001,5.723920000000006,87.91,1,7,11,6,4,43,0.4571428571428571,2,0
CHEMBL2442509,11.182945,2.259035,CN(Cc1ccccc1)c1ccc2cc(C(=O)O)c(=O)oc2c1,IC50,2,multi-target,0,309.321,3.127600000000001,70.75,1,4,4,3,3,23,0.1111111111111111,0,1
CHEMBL1567121,13.656625,1.964868,O=C(NCCN1CCN(C(=O)c2cc3ccccc3oc2=O)CC1)c1cc2ccccc2oc1=O,AC50,3,multi-target,0,473.4850000000004,2.0872,113.07000000000002,1,7,5,5,4,35,0.2307692307692307,0,1
CHEMBL503184,7.6192236,2.2550464,COc1cccc2ccc(=O)oc12,IC50,1,single-target,0,176.17099999999996,1.8016,39.44,0,3,1,2,2,13,0.1,0,1
CHEMBL3354140,3.5582855,3.491005,Cc1cc(=O)oc2cc(NC(=O)NS(=O)(=O)c3ccc(Cl)cc3)ccc12,Ki,4,multi-target,0,392.8200000000001,3.265220000000001,105.48,2,5,3,3,3,26,0.0588235294117647,0,1
CHEMBL3394534,2.946244,4.860451,Cc1c(C)c2ccc(/N=C/c3ccc(O)cc3O)cc2oc1=O,IC50,1,single-target,0,309.3210000000001,3.571640000000002,83.03,2,5,2,3,3,23,0.1111111111111111,0,1
CHEMBL3394529,4.677566,2.680942,Cc1cc(=O)oc2cc(/N=C/c3ccc(Br)cc3O)ccc12,IC50,1,single-target,0,358.1910000000001,4.320120000000003,62.8,1,4,2,3,3,22,0.0588235294117647,0,1
CHEMBL80529,6.9355903,9.099446,COc1ccc2c(O)c(C(c3cccc(NC(=O)CCNC(=O)OC(C)(C)C)c3)C3CC3)c(=O)oc2c1,Ki,1,single-target,0,508.5710000000004,4.902400000000003,127.1,3,7,8,4,3,37,0.3928571428571428,1,0
CHEMBL206441,6.4243784,6.1457705,COc1c(C)cc2c(=O)oc3c(C)c(O)ccc3c2c1C,IC50,2,multi-target,0,284.31100000000004,3.5856600000000025,59.67,1,4,1,3,3,21,0.2352941176470588,0,1
CHEMBL207083,14.610178,3.198714,CC(C)(C)OC(=O)N1CCN(c2ccc(Br)cc2NC(=O)c2cc3ccccc3oc2=O)CC1,IC50,1,single-target,0,528.4030000000001,4.864900000000005,92.09,1,6,3,4,3,34,0.32,1,0
CHEMBL407904,12.966526,4.7181606,CCN(Cc1ccccc1)Cc1ccc(-c2cc3cc(OCCNC(=O)/C=C/c4ccc(Cl)c(Cl)c4)ccc3oc2=O)cc1,IC50,1,single-target,0,627.5680000000002,7.997300000000006,71.78,1,5,12,5,5,44,0.1666666666666666,2,0
CHEMBL2177806,2.487535,6.278562,Cc1c(CCC(=O)O)c(=O)oc2c(C)c(OCc3c4ccccc4cc4ccccc34)ccc12,IC50,1,single-target,0,452.5060000000001,6.312440000000005,76.74,1,4,6,5,5,34,0.1724137931034483,1,0
CHEMBL1502034,6.3811007,4.510018,CCCc1cc(=O)oc2c(CN3CCN(C)CC3)c(O)ccc12,AC50,1,single-target,0,316.40099999999995,2.1985,56.92,1,5,4,3,2,23,0.5,0,1
CHEMBL1096812,-1.3180112,19.096785,COc1ccc2c(Nc3c(Cl)cncc3Cl)cc(=O)oc2c1OC1CCCC1,IC50,1,single-target,0,421.2800000000003,5.568400000000002,73.59,1,6,5,4,3,28,0.3,1,0
CHEMBL3261210,12.711624,1.428372,O=C(Nc1cccc(C(F)(F)F)c1)c1cc2cc([N+](=O)[O-])ccc2oc1=O,IC50,1,single-target,0,378.2620000000001,3.9723000000000015,102.45,1,5,3,3,3,27,0.0588235294117647,0,1
CHEMBL3237501,13.481203,1.596754,NS(=O)(=O)c1ccc(NC(=S)NC(=O)c2cc3ccccc3oc2=O)cc1,IC50,1,single-target,0,403.44100000000014,1.5672,131.5,3,6,3,3,3,27,0.0,0,1
CHEMBL2178436,2.9223244,2.820439,Cc1c(C)c2ccc(OCC(=O)NN3C(=O)CS/C3=N\c3ccc(Cl)cc3)cc2oc1=O,Ki,1,single-target,0,471.92200000000014,3.736340000000002,101.21,1,7,5,4,3,32,0.1818181818181818,0,1
CHEMBL3915683,1.6274824,-1.4035869,O=c1ccc2c(OCCCCCOc3ccccc3)c3ccoc3cc2o1,EC50,1,single-target,0,364.3970000000001,5.1673000000000044,61.81,0,5,8,4,4,27,0.2272727272727272,1,0
CHEMBL3545714,1.2964498,4.4389253,CCN(C)C(=O)Oc1cc(C(C)N(C)C)c2c(c1)oc(=O)c1ccccc12,IC50,1,single-target,0,368.4330000000001,4.019300000000003,62.99,0,5,4,3,3,27,0.3333333333333333,0,1
CHEMBL1597585,4.5723515,4.936783,Cc1c(OCC(=O)C(C)(C)C)ccc2c(-c3ccccc3)cc(=O)oc12,AC50,2,multi-target,0,350.4140000000001,4.762420000000005,56.510000000000005,0,4,4,3,3,26,0.2727272727272727,0,1
CHEMBL242905,12.763397,4.5186687,COc1cc2cc(-c3ccc(CN(C)Cc4cccc([N+](=O)[O-])c4)cc3)c(=O)oc2cc1OC,IC50,1,single-target,0,460.4860000000002,5.017400000000005,95.05,0,7,8,4,4,34,0.1923076923076923,1,0
CHEMBL1541449,2.757773,1.800301,Cc1cc2oc(=O)cc(CN(C)Cc3ccccc3Cl)c2cc1C,EC50,1,single-target,0,341.838,4.6952400000000045,33.45,0,3,4,3,3,24,0.25,0,1
CHEMBL197190,7.4343677,2.8706863,CCCCCN(CCCCC)Cc1c(O)ccc2ccc(=O)oc12,IC50,1,single-target,0,331.4560000000001,4.681000000000005,53.68,1,4,10,2,2,24,0.55,0,1
CHEMBL2158364,5.639336,0.27562425,CC(Oc1cc(=O)oc2ccccc12)C(=O)Nc1cccc2c(=O)[nH]ccc12,IC50,2,multi-target,0,376.3680000000001,3.0405000000000006,101.39999999999998,2,5,4,4,4,28,0.0952380952380952,0,1
CHEMBL272357,5.641051,4.282889,Cc1cc(=O)oc2c(C=O)c(O)ccc12,IC50,1,single-target,0,204.181,1.6195199999999998,67.51,1,4,1,2,2,15,0.0909090909090909,0,1
CHEMBL5631497,15.589688,4.285868,CCN(CC)c1ccc2c(OCc3cn(Cc4ccc(Oc5ccccc5)c(O)c4)nn3)cc(=O)oc2c1,IC50,1,single-target,0,512.5660000000003,5.355900000000006,102.85,1,9,10,5,5,38,0.2068965517241379,2,0
CHEMBL551028,7.013836,1.7219487,O=c1ccc2cc3ccoc3c(OCCCCOc3ccccc3)c2o1,IC50,1,single-target,0,350.37,4.777200000000004,61.81,0,5,7,4,4,26,0.1904761904761904,0,1
CHEMBL4865071,5.6314116,20.7844,CCCCc1cccc(C(=O)Nc2c(O)c3ccc(O)cc3oc2=O)c1,Ki,2,multi-target,0,353.3740000000001,3.799100000000003,99.77,3,5,5,3,3,26,0.2,0,1
CHEMBL348922,2.4605415,3.777354,Cc1c(C)c2ccc(NCc3ccccc3)cc2oc1=O,IC50,3,multi-target,0,279.339,4.0219400000000025,42.24,1,3,3,3,3,21,0.1666666666666666,0,1
CHEMBL1454587,3.5010393,5.802483,CCNc1cc2oc(=O)c(CN3CCOCC3)c(C)c2cc1C,IC50,1,single-target,0,316.401,2.673840000000001,54.71000000000001,1,5,4,3,2,23,0.5,0,1
CHEMBL2387240,3.5448918,-1.6779318,Cc1cc(=O)oc2cc(OCC(O)CN3CCC(c4noc5cc(F)ccc45)CC3)ccc12,Ki,2,multi-target,0,452.4820000000002,4.001020000000003,88.94000000000001,1,7,6,5,4,33,0.36,0,1
CHEMBL1567191,11.899304,1.2067224,Cc1cc2ccc(OC(=O)c3ccc(NC(=N)N)cc3)cc2oc1=O,AC50,1,single-target,0,337.3350000000001,2.62599,118.41,3,5,3,3,3,25,0.0555555555555555,0,1
CHEMBL3261198,12.96525,1.0285747,Cc1ccccc1NC(=O)c1cc2ccccc2oc1=O,IC50,1,single-target,0,279.295,3.353720000000001,59.31,1,3,2,3,3,21,0.0588235294117647,0,1
CHEMBL4438851,3.521926,8.745121,O=c1cc(N2CCN(c3ccc(Cl)cc3)CC2)c2ccc3ccccc3c2o1,IC50,1,single-target,0,390.8700000000002,4.926200000000004,36.690000000000005,0,4,2,5,4,28,0.1739130434782608,0,1
CHEMBL3113642,11.4663105,-0.2540011,O=c1oc2ccc(C(F)(F)F)cc2cc1CN1CCCC1,IC50,1,single-target,0,297.27600000000007,3.407600000000002,33.45,0,3,2,3,2,21,0.4,0,1
CHEMBL5401281,6.2511406,-2.1234586,O=c1cc(OCCCN2CCC(NCc3ccccc3)CC2)c2ccc(-c3cccnc3)cc2o1,IC50,2,multi-target,0,469.58500000000026,4.878100000000003,67.6,1,6,9,5,4,35,0.3103448275862069,0,1
CHEMBL120590,5.33878,-1.0604821,O=c1ccc2ccc(OCCCN3CCN(c4ccccc4)CC3)cc2o1,Ki,3,multi-target,0,364.4450000000001,3.384100000000002,45.92,0,5,6,4,3,27,0.3181818181818182,0,1
CHEMBL1085001,3.2629733,8.970756,O=c1cc(N2CCOCC2)c2ccc(-c3cccc4c3sc3ccccc34)cc2o1,IC50,1,single-target,0,413.49800000000016,5.664500000000005,42.68000000000001,0,5,2,6,5,30,0.16,1,0
CHEMBL4544784,2.3540635,6.948835,Cc1c(CC(=O)O)c(=O)oc2c(C)c(OCc3cccc(Br)c3)ccc12,IC50,2,multi-target,0,417.255,4.378440000000003,76.74,1,4,5,3,3,26,0.2,0,1
CHEMBL571059,6.1198163,8.035455,O=c1oc2c3c(ccc2c(O)c1Cc1cccc2ccccc12)CCCC3,IC50,1,single-target,0,356.42100000000016,5.121400000000003,50.44,1,3,2,5,4,27,0.2083333333333333,1,0
CHEMBL4071421,14.133125,1.893522,O=C(NCCCc1cccc(O)c1)c1cc2ccc(O)cc2oc1=O,IC50,2,multi-target,0,339.3470000000001,2.5668000000000006,99.77,3,5,5,3,3,25,0.1578947368421052,0,1
CHEMBL4173681,7.543313,2.3457527,COc1ccc2ccc(=O)oc2c1C/C=C(\C)COC(=O)C=C(C)C,IC50,2,multi-target,0,342.3910000000001,3.799800000000003,65.74000000000001,0,5,6,2,2,25,0.3,0,1
CHEMBL4062701,23.292194,11.864188,COc1ccc(Nc2ncnc3c2C(c2cccc(C)c2)c2c(c(=O)oc4ccccc24)O3)cc1,IC50,1,single-target,0,463.4930000000003,5.929520000000005,86.48,1,7,4,6,5,35,0.1071428571428571,1,0
CHEMBL4098180,2.4342232,4.2384677,Cc1c(C#N)c(=O)oc2cc(OS(C)(=O)=O)ccc12,IC50,1,single-target,0,279.273,1.3115,97.37,0,6,2,2,2,19,0.1666666666666666,0,1
CHEMBL3219185,13.056799,5.8289313,O=C(CCC(=O)Nc1nc(-c2cc3ccccc3oc2=O)cs1)NCc1ccc2c(c1)OCO2,IC50,4,multi-target,0,477.4980000000003,3.6803000000000017,119.76000000000002,2,8,7,5,4,34,0.1666666666666666,0,1
CHEMBL4100841,23.292023,11.863956,COc1ccc(Nc2ncnc3c2C(c2ccccc2)c2c(c(=O)oc4ccccc24)O3)cc1,IC50,1,single-target,0,449.4660000000002,5.621100000000004,86.48,1,7,4,6,5,34,0.074074074074074,1,0
CHEMBL204922,6.276973,6.1119304,Cc1c(O)ccc2c1oc(=O)c1c(C)c(O)ccc12,IC50,2,multi-target,0,256.257,2.974240000000001,70.67,2,4,0,3,3,19,0.1333333333333333,0,1
CHEMBL90569,5.79188,-8.834591,COc1ccc2c3c(c(=O)oc2c1)CN(Cc1cccc(Cl)c1)CC3,Ki,3,multi-target,0,355.821,4.013300000000004,42.68,0,4,3,4,3,25,0.25,0,1
CHEMBL4216146,-4.4753695,6.417624,C#CCN(CCOc1ccc2ccc(=O)oc2c1)Cc1ccc(OC)cc1,IC50,2,multi-target,0,363.4130000000001,3.315800000000002,51.91,0,5,8,3,3,27,0.2272727272727272,0,1
CHEMBL380452,6.421319,6.2243104,C/C=C/c1cccc2c(=O)oc3c(C)c(O)ccc3c12,IC50,2,multi-target,0,266.296,3.9933200000000015,50.44,1,3,1,3,3,20,0.1176470588235294,0,1
CHEMBL2408074,24.320248,4.4296503,NS(=O)(=O)c1ccc(/N=C/c2c(Cl)c3ccccc3oc2=O)cc1,IC50,2,multi-target,0,362.7940000000001,2.844400000000001,102.73000000000002,1,5,3,3,3,24,0.0,0,1
CHEMBL340625,0.3296276,3.5534706,CNC(=O)Oc1cccc(CN(C)CCCOc2ccc3ccc(=O)oc3c2)c1,IC50,3,multi-target,0,396.443,3.4121000000000024,81.01,1,6,8,3,3,29,0.2727272727272727,0,1
CHEMBL239507,2.5356238,1.1477234,CNCc1cc(=O)oc2cc(OCc3cccc(Cl)c3)ccc12,IC50,4,multi-target,0,329.783,3.7448000000000015,51.47,1,4,5,3,3,23,0.1666666666666666,0,1
CHEMBL488075,4.2256994,5.4122953,C=C(Br)COc1ccc2c3c(c(=O)oc2c1C)CCCC3,IC50,2,multi-target,0,349.2240000000002,4.267620000000004,39.44,0,3,3,3,2,21,0.3529411764705882,0,1
CHEMBL475989,10.536948,0.0706407,COC(=O)c1cc2ccc(OCCc3nc(-c4cccc(C(F)(F)F)c4)oc3C)cc2oc1=O,EC50,2,multi-target,0,473.4030000000001,5.183320000000004,91.77,0,7,6,4,4,34,0.2083333333333333,1,0
CHEMBL1830795,12.422022,2.0098681,CC(=O)c1cc2cc(Cl)ccc2oc1=O,IC50,1,single-target,0,222.62699999999995,2.649000000000001,47.28,0,3,1,2,2,15,0.0909090909090909,0,1
CHEMBL469782,11.130096,1.176319,COc1ccc(NC(=O)c2cc3ccc(OCc4ccccc4)cc3oc2=O)cc1OC,IC50,1,single-target,0,431.4440000000002,4.641500000000004,87.00000000000001,1,6,7,4,4,32,0.12,0,1
CHEMBL3286945,5.346597,-0.66197973,Cc1cc(=O)oc2cc(OCCCC(=O)N3CCC(O)(c4ccc(Br)cc4)CC3)ccc12,IC50,1,single-target,0,500.3890000000001,4.533120000000004,79.98,1,5,6,4,3,32,0.36,1,0
CHEMBL575937,2.8257437,1.2556027,CC(C(N)=O)c1cc(=O)oc2cc(OCc3ccccc3)ccc12,IC50,2,multi-target,0,323.348,2.9608000000000017,82.53000000000002,1,4,5,3,3,24,0.1578947368421052,0,1
CHEMBL4437301,10.95609,2.2804024,CCN(CC)c1ccc2cc(C(=O)NCC(O)(Cn3cncn3)c3ccc(F)cc3F)c(=O)oc2c1,IC50,1,single-target,0,497.5020000000001,2.8267000000000007,113.49000000000002,2,8,9,4,4,36,0.28,0,1
CHEMBL583128,2.9646232,1.1027856,NC(=O)[C@@H]1CCCN1Cc1cc(=O)oc2cc(OCc3ccccc3)ccc12,IC50,2,multi-target,0,378.4280000000001,2.8217,85.77000000000001,1,5,6,4,3,28,0.2727272727272727,0,1
CHEMBL1313807,3.526702,6.55961,Cc1c(CCC(=O)O)c(=O)oc2c(C)c3occ(-c4ccc(Br)cc4)c3cc12,IC50,4,multi-target,0,441.277,5.602740000000003,80.64999999999999,1,4,4,4,4,28,0.1818181818181818,1,0
CHEMBL419813,11.045512,4.98632,O=c1oc2ccc(/N=C/c3ccco3)cc2cc1-c1ccc2c(c1)OCO2,IC50,1,single-target,0,359.3370000000001,4.532300000000003,74.17,0,6,3,5,4,27,0.0476190476190476,0,1
CHEMBL3823420,23.65313,3.2237794,NS(=O)(=O)c1ccc(-n2nc(C(=O)N/N=C/c3c(Cl)c4ccccc4oc3=O)cc2-c2ccccc2O)cc1,IC50,1,single-target,0,563.9790000000003,3.416000000000002,169.88,3,9,6,5,5,39,0.0,1,0
CHEMBL3823814,23.636686,3.2036662,Cc1ccc(-c2cc(C(=O)N/N=C/c3c(Cl)c4ccccc4oc3=O)nn2-c2ccc(S(N)(=O)=O)cc2)cc1C,IC50,1,single-target,0,576.0340000000002,4.327240000000002,149.65,2,8,6,5,5,40,0.0714285714285714,1,0
CHEMBL3822638,23.637037,3.2024949,COc1ccc(-c2cc(C(=O)N/N=C/c3c(Cl)c4ccccc4oc3=O)nn2-c2ccc(S(N)(=O)=O)cc2)cc1OC,IC50,2,multi-target,0,608.0320000000003,3.7276000000000016,168.11,2,10,8,5,5,42,0.0714285714285714,1,0
CHEMBL1545605,4.011341,12.038171,Cc1ccc2oc(=O)c3cnn(CC(=O)N4CCCCCC4)c3c2c1,EC50,2,multi-target,0,339.3950000000002,2.853720000000001,68.33999999999999,0,5,2,4,3,25,0.4210526315789473,0,1
CHEMBL3427388,6.039361,11.432241,O=C(O)/C=C/c1ccc(Cc2c(-c3cccc(OC(F)(F)F)c3)c(=O)oc3cc(O)ccc23)cc1,IC50,1,single-target,0,482.41000000000014,5.752800000000003,96.97,2,5,6,4,4,35,0.0769230769230769,1,0
CHEMBL3403695,-5.531827,12.189479,CCCc1cc2c(C(F)(F)F)cc(=O)oc2c(CCC)c1OCCCCN1C(=O)NC(C)(c2ccccc2)C1=O,EC50,1,single-target,0,558.5970000000004,6.343000000000007,88.85,1,5,11,4,3,40,0.4333333333333333,2,0
CHEMBL5903039,6.1263313,3.337391,Cc1c(-c2ccccc2)c2cc3c(C)c(CN(C)C)oc3c(C)c2oc1=O,IC50,1,single-target,0,361.4410000000001,5.193060000000005,46.59,0,4,3,4,4,27,0.2608695652173913,1,0
CHEMBL567896,11.774485,1.4776078,COC(=O)c1cc2cc(CO)ccc2oc1=O,Ki,11,multi-target,1,234.207,1.0719,76.74000000000001,1,5,2,2,2,17,0.1666666666666666,0,1
CHEMBL3427413,6.0472045,11.453414,O=C(O)/C=C/c1ccc(Cc2c(-c3ccc(OC(F)(F)F)cc3)c(=O)oc3cc(F)ccc23)cc1,IC50,1,single-target,0,484.4010000000001,6.186300000000004,76.74000000000001,1,4,6,4,4,35,0.0769230769230769,1,0
CHEMBL372346,6.247678,3.0408077,COc1c2oc(=O)c(N)cc2cc2c(C)coc12,IC50,1,single-target,0,245.234,2.4384200000000007,78.6,1,5,1,3,3,18,0.1538461538461538,0,1
CHEMBL3410705,13.260429,2.6304603,CCCCOc1cccc2cc(C(=O)NC(C)(C)C)c(=O)oc12,EC50,1,single-target,0,317.38500000000005,3.500200000000002,68.53999999999999,1,4,5,2,2,23,0.4444444444444444,0,1
CHEMBL1408587,4.5297613,3.286146,Cc1cc2oc(=O)cc(COC(=O)c3[nH]nc4ccccc34)c2cc1C,EC50,1,single-target,0,348.35800000000006,3.6431400000000016,85.19,1,5,3,4,4,26,0.15,0,1
CHEMBL330100,5.8254437,-8.772329,COc1ccc2c3c(c(=O)oc2c1OC)CN(Cc1ccccc1)CC3,Ki,3,multi-target,0,351.40200000000004,3.368500000000002,51.91,0,5,4,4,3,26,0.2857142857142857,0,1
CHEMBL593424,11.800042,3.948475,Cc1cc2ccc(O)cc2oc1=O,IC50,1,single-target,0,176.17099999999996,1.80702,50.440000000000005,1,3,0,2,2,13,0.1,0,1
CHEMBL440565,7.752714,8.25793,O=c1oc2ccccc2c2c1C1CC(c3ccc(-c4ccccc4)cc3)(Oc3ccccc31)O2,IC50,1,single-target,0,444.4860000000001,6.619800000000005,48.67,0,4,2,7,5,34,0.1,1,0
CHEMBL1489817,3.6167202,3.530538,CCCCOC(=O)Nc1ccc2c(C)cc(=O)oc2c1,IC50,4,multi-target,0,275.304,3.450020000000002,68.53999999999999,1,4,4,2,2,20,0.3333333333333333,0,1
CHEMBL3116217,8.082583,1.1758949,CC(C)NCCCOc1cc2ccc(=O)oc2cc1O,IC50,1,single-target,0,277.32,2.2655000000000007,71.7,2,5,6,2,2,20,0.4,0,1
CHEMBL1323794,6.117849,4.3202233,CCc1cc(=O)oc2c(CNCc3c(F)cccc3Cl)c(O)ccc12,AC50,2,multi-target,0,361.8,4.143300000000003,62.47,2,4,5,3,3,25,0.2105263157894736,0,1
CHEMBL1600644,4.498951,3.300928,COc1cccc(NCc2cc(=O)oc3cc(C)c(O)cc23)c1,EC50,1,single-target,0,311.33700000000005,3.4277200000000017,71.7,2,5,4,3,3,23,0.1666666666666666,0,1
CHEMBL1351920,3.5922408,2.2363207,Cc1cc(=O)oc2cc(OC(=O)c3ccccc3)ccc12,IC50,1,single-target,0,280.279,3.3206200000000017,56.51,0,4,2,3,3,21,0.0588235294117647,0,1
CHEMBL1426113,3.4919348,6.4511485,COc1cccc(-c2coc3cc4oc(=O)c(CCC(=O)O)c(C)c4cc23)c1,EC50,1,single-target,0,378.3800000000001,4.540420000000003,89.88000000000001,1,5,5,4,4,28,0.1818181818181818,0,1
CHEMBL3740860,12.015658,6.2336807,COc1cccc2cc(-c3csc(-n4cc(C=O)c(-c5ccc(Cl)cc5)n4)n3)c(=O)oc12,Ki,1,single-target,0,463.90200000000016,5.243700000000003,87.22000000000001,0,8,5,5,5,32,0.0434782608695652,1,0
CHEMBL3742383,12.011214,6.2266903,O=Cc1cn(-c2nc(-c3cc4cc(Cl)ccc4oc3=O)cs2)nc1-c1ccccc1,Ki,1,single-target,0,433.87600000000015,5.235100000000003,77.99,0,7,4,5,5,30,0.0,1,0
CHEMBL1374160,4.7539167,2.5117424,COc1ccc(-c2cc(=O)oc3cc(O)ccc23)cc1,EC50,1,single-target,0,268.268,3.1742000000000017,59.67,1,4,2,3,3,20,0.0625,0,1
CHEMBL3741757,12.010828,6.236034,Cc1ccc(-c2nn(-c3nc(-c4cc5cc(Br)cc(Br)c5oc4=O)cs3)cc2C=O)cc1,Ki,1,single-target,0,571.2500000000002,6.415120000000004,77.99000000000001,0,7,4,5,5,32,0.0434782608695652,2,0
CHEMBL1501392,4.7882047,6.072957,Cc1c(CC(=O)N2CCN(C(=O)C3COc4ccccc4O3)CC2)c(=O)oc2c(O)c(O)ccc12,AC50,1,single-target,0,480.4730000000003,1.565919999999999,129.75,2,8,3,5,3,35,0.32,0,1
CHEMBL1310325,13.091463,5.7852693,CCN(CC)CCOC(=O)c1ccc(N/C=C(/C#N)c2nc(-c3cc4ccccc4oc3=O)cs2)cc1,IC50,4,multi-target,0,514.6070000000003,5.391680000000005,108.46,1,9,10,4,4,37,0.2142857142857142,2,0
CHEMBL1582191,3.2315643,2.5337188,Cc1cc(=O)oc2cc(OCC(=O)NCCc3c[nH]c4ccc(F)cc34)ccc12,IC50,1,single-target,0,394.402,3.4595200000000013,84.32999999999998,2,4,6,4,4,29,0.1818181818181818,0,1
CHEMBL4568143,10.384278,4.2443004,CCOc1cccc2cc(-c3ccc(OC)cc3OC)c(=O)oc12,Ki,1,single-target,0,326.34800000000007,3.8759000000000015,57.900000000000006,0,5,5,3,3,24,0.2105263157894736,0,1
CHEMBL91067,5.794483,-8.831234,COc1ccc2c3c(c(=O)oc2c1)CN(Cc1ccccc1Cl)CC3,Ki,2,multi-target,0,355.821,4.013300000000004,42.68,0,4,3,4,3,25,0.25,0,1
CHEMBL3941516,1.6481874,-1.383416,N#CCCCOc1c2ccoc2cc2oc(=O)ccc12,EC50,2,multi-target,0,269.256,3.2217800000000016,76.37,0,5,4,3,3,20,0.2,0,1
CHEMBL1596513,13.631994,3.0486512,COc1cccc2cc(C(=O)CC3(O)C(=O)N(Cc4ccccc4)c4ccccc43)c(=O)oc12,AC50,3,multi-target,0,455.4660000000001,3.809000000000003,97.05,1,6,6,5,4,34,0.1481481481481481,0,1
CHEMBL3400291,11.234841,14.40566,Cc1c(Cc2cccc(N(C)S(=O)(=O)CCCNCCCCCC(=O)N3CCN(c4nc(N5CCOCC5)nc(-n5c(C(F)F)nc6ccccc65)n4)CC3)c2)c(=O)oc2cc(OC(=O)N(C)C)ccc12,IC50,2,multi-target,0,1000.1429999999996,5.705620000000006,201.66999999999996,1,16,19,8,6,71,0.4489795918367347,3,0
CHEMBL418131,6.7416606,7.714067,O=c1oc2c(-c3ccccc3)cccc2c(O)c1-c1ccccc1,IC50,1,single-target,0,314.34,4.832600000000004,50.44,1,3,2,4,4,24,0.0,0,1
CHEMBL5288803,13.304771,2.660554,CCCCC[C@@H](NC(=O)c1cc2ccc(O)c(O)c2oc1=O)C(=O)Nc1c(O)c2ccc(O)c(O)c2oc1=O,IC50,1,single-target,0,540.4810000000002,2.7448000000000023,219.77,7,11,8,4,4,39,0.2307692307692307,3,0
CHEMBL1258481,4.2922077,1.9414183,Nc1nc(-c2cc(=O)oc3cc(Sc4ncc(C(O)(C(F)(F)F)C(F)(F)F)s4)ccc23)cs1,IC50,1,single-target,0,525.477,5.418600000000001,102.24,2,9,4,4,4,33,0.1666666666666666,2,0
CHEMBL2177810,2.49299,6.290358,Cc1c(CCC(=O)O)c(=O)oc2c(C)c(OCc3cccc(-c4ccccc4)c3)ccc12,IC50,1,single-target,0,428.484,5.673040000000005,76.74,1,4,7,4,4,32,0.1851851851851851,1,0
CHEMBL3417305,0.7715467,15.491886,O=c1ccc2ccc(OCCCCN3CCN(CCCNc4c5c(nc6ccccc46)CCCC5)CC3)cc2o1,IC50,3,multi-target,0,540.7080000000004,5.4988000000000055,70.84,1,7,11,6,4,40,0.4545454545454545,2,0
CHEMBL494633,12.761162,1.317258,O=C(Nc1ccccc1)c1cc2cc(Br)ccc2oc1=O,IC50,1,single-target,0,344.1640000000001,3.807800000000002,59.31,1,3,2,3,3,21,0.0,0,1
CHEMBL3220510,12.716208,0.45331785,O=C(Nc1cc2ccccc2oc1=O)c1ccc([N+](=O)[O-])cc1,IC50,1,single-target,0,310.265,2.953500000000001,102.45,1,5,3,3,3,23,0.0,0,1
CHEMBL179585,3.822313,3.2430792,C[C@](O)(CSc1ccccc1)C(=O)Nc1ccc2c(C(F)(F)F)cc(=O)oc2c1,Ki,1,single-target,0,423.41200000000015,4.293600000000002,79.54,2,5,5,3,3,29,0.2,0,1
CHEMBL5077048,4.102951,5.3412786,CCc1c(OCC(=O)NO)ccc2c3c(c(=O)oc12)CCCC3,IC50,1,single-target,0,317.3410000000002,2.1184000000000003,88.77,2,5,4,3,2,23,0.4117647058823529,0,1
CHEMBL5081492,4.239911,5.4185705,Cc1c(OCC(=O)O)ccc2c3c(c(=O)oc12)CCCC3,IC50,1,single-target,0,288.2990000000001,2.44362,76.74000000000001,1,4,3,3,2,21,0.375,0,1
CHEMBL438443,6.3798623,6.050564,COc1cc2c(=O)oc3c(C)c(O)ccc3c2cc1Br,IC50,2,multi-target,0,335.153,3.731320000000001,59.67,1,4,1,3,3,20,0.1333333333333333,0,1
CHEMBL206727,6.315307,6.0841756,CCc1c(O)ccc2c1c(=O)oc1c(F)c(O)ccc12,IC50,2,multi-target,0,274.247,3.0589000000000013,70.67,2,4,1,3,3,20,0.1333333333333333,0,1
CHEMBL5181220,7.9032917,1.6086726,C=C(C)[C@@H]1Cc2c(cc3oc(=O)ccc3c2O)O1,EC50,1,single-target,0,244.246,2.378200000000001,59.67,1,4,1,3,2,18,0.2142857142857142,0,1
CHEMBL317599,-1.6017605,3.8845453,Cc1ccc(-n2nc(C)c3c(=O)oc4ccccc4c32)cc1,Ki,1,single-target,0,290.32200000000006,3.7487400000000015,48.03,0,4,1,4,4,22,0.1111111111111111,0,1
CHEMBL5571218,2.7020311,2.1357956,NS(=O)(=O)c1ccc(COc2ccc3c(CO)cc(=O)oc3c2)cc1,Ki,8,multi-target,1,361.37500000000006,1.5117000000000005,119.83,2,6,5,3,3,25,0.1176470588235294,0,1
CHEMBL5572513,13.375784,1.9217659,COc1ccc2cc(C(=O)Nc3ccc(S(N)(=O)=O)cc3F)c(=O)oc2c1,Ki,8,multi-target,1,392.36400000000015,1.8404,128.7,2,6,4,3,3,27,0.0588235294117647,0,1
CHEMBL5285191,13.317513,3.2868109,C[C@H]1CCN(C(=O)CNc2cc3cc(-c4ccccc4)c(-c4ccccc4)cc3oc2=O)C1,IC50,1,single-target,0,438.5270000000002,5.4073000000000055,62.55,1,4,5,5,4,33,0.2142857142857142,1,0
CHEMBL3582268,13.979573,2.5860386,COc1cc2nc(N3CCN(C(=O)c4cc5ccc(O)cc5oc4=O)CC3)nc(N)c2cc1OC,IC50,1,single-target,0,477.4770000000003,2.0036,144.25,2,10,4,5,4,35,0.25,0,1
CHEMBL1347829,13.132239,1.1178671,O=C(Nc1ccc(-n2nncc2-c2ccco2)cc1)c1cc2ccccc2oc1=O,AC50,6,multi-target,1,398.37800000000016,3.886000000000003,103.16,1,7,4,5,5,30,0.0,0,1
CHEMBL3736303,11.291339,5.26312,Cc1ccc2oc(=O)c(-c3ccccc3OCc3cccc(F)c3)cc2c1,IC50,1,single-target,0,360.38400000000007,5.486520000000003,39.44,0,3,4,4,4,27,0.0869565217391304,1,0
CHEMBL3427406,6.200244,11.624348,Cc1cc(F)ccc1-c1c(Oc2ccc(/C=C/C(=O)O)cc2)c2cc(F)c(O)cc2oc1=O,IC50,1,single-target,0,450.39300000000014,5.642320000000004,96.97,2,5,5,4,4,33,0.04,1,0
CHEMBL3740902,12.0137,6.238301,Cc1ccc(-c2nn(-c3nc(-c4cc5cc(Br)ccc5oc4=O)cs3)cc2C=O)cc1,Ki,1,single-target,0,492.3540000000002,5.652620000000003,77.99000000000001,0,7,4,5,5,31,0.0434782608695652,1,0
CHEMBL3740695,12.024001,6.2452335,O=Cc1cn(-c2nc(-c3cc4cc(Cl)ccc4oc3=O)cs2)nc1-c1ccc(Cl)cc1,Ki,1,single-target,0,468.32100000000014,5.888500000000003,77.99,0,7,4,5,5,31,0.0,1,0
CHEMBL1580701,3.9645288,2.6685972,CCCCc1cc(=O)oc2cc(OCC(=O)N(CC)CC)ccc12,AC50,4,multi-target,0,331.41200000000003,3.3828000000000022,59.75,0,4,8,2,2,24,0.4736842105263157,0,1
CHEMBL3427500,6.188116,11.611058,Cc1cc(OC(F)(F)F)ccc1-c1c(Oc2ccc(/C=C/C(=O)O)cc2)c2ccc(C(F)F)cc2oc1=O,IC50,1,single-target,0,532.4170000000003,7.494720000000004,85.97,1,5,7,4,4,38,0.1111111111111111,2,0
CHEMBL1481657,20.172302,2.213907,CCCCCc1cc(=O)oc2c(C(CCN3CCCC(C)C3)c3ccc4c(c3)OCO4)c(OC)cc(OC)c12,AC50,2,multi-target,0,535.6810000000003,6.525500000000007,70.37000000000002,0,7,11,5,3,39,0.53125,2,0
CHEMBL261789,6.774185,8.694548,O=c1oc2ccccc2c(O)c1C(CCc1ccccc1)c1c(O)c2ccccc2oc1=O,IC50,1,single-target,0,440.45100000000014,5.075300000000004,100.88,2,6,5,5,5,33,0.1111111111111111,1,0
CHEMBL180436,13.119569,1.4578661,O=C(OCc1ccccc1)c1cc2ccccc2oc1=O,IC50,1,single-target,0,280.279,3.150000000000001,56.51,0,4,3,3,3,21,0.0588235294117647,0,1
CHEMBL259154,6.957108,8.6253,O=c1oc2ccccc2c(O)c1C(/C=C/c1ccccc1)c1c(O)c2ccccc2oc1=O,IC50,1,single-target,0,438.4350000000002,5.155900000000004,100.88,2,6,4,5,5,33,0.037037037037037,1,0
CHEMBL1448854,4.5339065,3.3496208,CN(C)c1cccc(C(=O)OCc2cc(=O)oc3cc(O)ccc23)c1,IC50,2,multi-target,0,339.347,2.921600000000001,79.98,1,6,4,3,3,25,0.1578947368421052,0,1
CHEMBL1947106,5.2705927,6.970413,COc1cccc2[nH]c3c(=O)oc4ccc(O)cc4c3c12,IC50,1,single-target,0,281.26700000000005,3.141700000000001,75.46000000000001,2,4,1,4,4,21,0.0625,0,1
CHEMBL2376888,12.683699,0.32388762,CC(C)COC(=O)Nc1cc2ccccc2oc1=O,IC50,1,single-target,0,261.277,2.9975000000000014,68.53999999999999,1,4,3,2,2,19,0.2857142857142857,0,1
CHEMBL333983,7.6071873,-0.9545554,O=c1ccc2ccc(CN3CCC(c4ccccc4)CC3)cc2o1,Ki,1,single-target,0,319.4040000000001,4.172600000000004,33.45,0,3,3,4,3,24,0.2857142857142857,0,1
CHEMBL1491357,12.415977,1.2192734,COc1ccc2oc(=O)c(C(=O)NCc3ccccn3)cc2c1,IC50,1,single-target,0,310.309,2.1266,81.42999999999999,1,5,4,3,3,23,0.1176470588235294,0,1
CHEMBL260998,7.2675247,8.646205,O=c1oc2ccccc2c(O)c1C(c1ccc[nH]1)c1c(O)c2ccccc2oc1=O,IC50,1,single-target,0,401.37400000000014,3.818900000000001,116.67,3,6,3,5,5,30,0.0434782608695652,0,1
CHEMBL1701595,2.3404455,3.5960588,Cc1c(CCC(=O)O)c(=O)oc2cc(OCc3ccc(Br)cc3)ccc12,IC50,1,single-target,0,417.255,4.460120000000003,76.74,1,4,6,3,3,26,0.2,0,1
CHEMBL605082,4.611013,3.6716666,O=c1cc(CSc2ccccc2)c2ccc(O)cc2o1,IC50,1,single-target,0,284.33600000000007,3.7909000000000015,50.44,1,4,3,3,3,20,0.0625,0,1
CHEMBL1326244,20.145868,2.1838875,COc1cc(OC)c2ccc(=O)oc2c1C(CC(=O)N1CCCC1)c1ccc(N(C)C)cc1,AC50,1,single-target,0,450.53500000000025,4.020600000000004,72.22,0,6,7,4,3,33,0.3846153846153846,0,1
CHEMBL4287144,12.959162,9.515165,CC(=O)c1c(C)cc2oc(=O)cc(C)c2c1OCCCCN1CCN(c2ccccc2F)CC1,Ki,2,multi-target,0,466.5530000000003,4.732740000000005,62.99000000000001,0,6,8,4,3,34,0.4074074074074074,0,1
CHEMBL4286737,12.844593,9.407752,COc1cccc(N2CCN(CCCOc3cc(C)cc4oc(=O)cc(C)c34)CC2)c1,Ki,2,multi-target,0,422.5250000000002,4.009540000000003,55.15,0,6,7,4,3,31,0.4,0,1
CHEMBL3092191,11.264695,14.377585,CNS(=O)(=O)Nc1cccc(Cc2c(C)c3ccc(OC(=O)N(C)C)cc3oc2=O)c1F,IC50,2,multi-target,0,463.48700000000025,2.7678200000000004,117.95,2,6,6,3,3,32,0.238095238095238,0,1
CHEMBL2322553,3.80083,6.762855,Cc1c(CCC(=O)Nc2ccc(CC(=O)O)cc2)c(=O)oc2cc3occ(C(C)(C)C)c3cc12,EC50,1,single-target,0,461.5140000000003,5.343520000000004,109.75,2,5,6,4,4,34,0.2962962962962963,1,0
CHEMBL481658,8.090689,1.6437879,CC(C)=CC(=O)O[C@H]1Cc2cc3ccc(=O)oc3cc2OC1(C)C,IC50,1,single-target,0,328.3640000000001,3.384500000000002,65.74000000000001,0,5,2,3,2,24,0.3684210526315789,0,1
CHEMBL4526348,16.101025,5.056622,O=Cc1c(OCc2cn(CCCOc3ccc4ccc(=O)oc4c3)nn2)ccc2ccccc12,Ki,1,single-target,0,455.47000000000014,4.398300000000003,96.45,0,8,9,5,5,34,0.1538461538461538,0,1
CHEMBL593904,4.617931,3.5953496,Cc1cccc(OCCc2cc(=O)oc3cc(O)ccc23)n1,IC50,1,single-target,0,297.31,2.823520000000001,72.56,1,5,4,3,3,22,0.1764705882352941,0,1
CHEMBL592760,4.5870476,3.3954344,O=c1cc(CNc2ccccc2)c2ccc(O)cc2o1,IC50,1,single-target,0,267.28400000000005,3.1107000000000014,62.47,2,4,3,3,3,20,0.0625,0,1
CHEMBL199527,11.5040865,4.431944,COc1cc(OC)cc(-c2cc3ccc(OC)cc3oc2=O)c1,IC50,1,single-target,0,312.321,3.485800000000002,57.9,0,5,4,3,3,23,0.1666666666666666,0,1
CHEMBL3938998,12.977356,3.4561844,COc1ccc2cc(C(=O)NCCc3c[nH]c4ccccc34)c(=O)oc2c1,IC50,2,multi-target,0,362.3850000000001,3.2554000000000016,84.33,2,4,5,4,4,27,0.1428571428571428,0,1
CHEMBL3985258,1.6139333,-1.4105822,O=c1ccc2c(OCCCCOc3ccc4ccccc4c3)c3ccoc3cc2o1,EC50,2,multi-target,0,400.4300000000002,5.930400000000004,61.81,0,5,7,5,5,30,0.16,1,0
CHEMBL1524629,-1.0077924,5.8643847,COc1cccc2cc3c(=O)oc4ccccc4c3nc12,AC50,3,multi-target,0,277.279,3.503000000000002,52.33,0,4,1,4,4,21,0.0588235294117647,0,1
CHEMBL206546,6.282135,6.1074905,Cc1c(O)ccc2c1c(=O)oc1c(F)c(O)ccc12,IC50,2,multi-target,0,260.22,2.804920000000001,70.67,2,4,0,3,3,19,0.0714285714285714,0,1
CHEMBL3955372,9.52406,-1.2816423,CCN(CC)c1cc2oc(=O)ccc2cc1-c1ccc(C#N)n1C,IC50,2,multi-target,0,321.38000000000005,3.5163800000000025,62.17,0,5,4,3,3,24,0.2631578947368421,0,1
CHEMBL383753,6.3251815,6.0936356,Cc1c(O)ccc2c1oc(=O)c1c(C)c(NS(C)(=O)=O)ccc12,IC50,2,multi-target,0,333.36500000000007,2.6401400000000006,96.61,2,5,2,3,3,23,0.1875,0,1
CHEMBL2391477,1.5209196,15.691347,COc1cc(=O)oc2cc(OCCCCCCN3CCN(CC(=O)Nc4c5c(nc6ccccc46)CCCC5)CC3)ccc12,IC50,2,multi-target,0,598.744,5.4241000000000055,97.14,1,8,12,6,4,44,0.4571428571428571,2,0
CHEMBL431479,7.6089163,-0.99280334,Cc1cccc(N2CCN(Cc3ccc4ccc(=O)oc4c3)CC2)c1,Ki,1,single-target,0,334.4190000000001,3.4236200000000023,36.69,0,4,3,4,3,25,0.2857142857142857,0,1
CHEMBL3826998,15.79311,4.0379477,CCCCCCCNC(=O)Oc1ccc(-n2cc(COc3ccc4ccc(=O)oc4c3)nn2)cc1,IC50,1,single-target,0,476.5330000000002,5.011500000000004,108.48,1,8,11,4,4,35,0.3076923076923077,1,0
CHEMBL3828443,15.79388,4.0293274,CCCCCCCNC(=O)Oc1cccc(-n2cc(COc3ccc4ccc(=O)oc4c3)nn2)c1,IC50,3,multi-target,0,476.5330000000003,5.011500000000004,108.48,1,8,11,4,4,35,0.3076923076923077,1,0
CHEMBL1830831,13.00114,1.4247203,O=C(NNc1ccccc1[N+](=O)[O-])c1cc2ccccc2oc1=O,IC50,1,single-target,0,325.2800000000001,2.4581,114.48,2,6,4,3,3,24,0.0,0,1
CHEMBL570332,6.3182993,8.022068,COc1cc2oc(=O)c(Cc3c(O)c4cc(OC)c(OC)cc4oc3=O)c(O)c2cc1OC,IC50,1,single-target,0,456.40300000000025,2.9358000000000004,137.79999999999998,2,10,6,4,4,33,0.217391304347826,0,1
CHEMBL3956846,5.166403,9.664668,O=c1oc2ccccc2c(N2CCN(c3ccc(Cl)c(Cl)c3)CC2)c1CO,IC50,1,single-target,0,405.2810000000002,3.9187000000000034,56.92,1,5,3,4,3,27,0.25,0,1
CHEMBL275331,2.6606681,4.1942983,Cc1c(C)c2ccc(OS(N)(=O)=O)cc2oc1=O,IC50,1,single-target,0,269.278,0.99214,99.6,1,5,2,2,2,18,0.1818181818181818,0,1
CHEMBL2322252,3.9180605,6.845266,Cc1c(CCC(=O)Nc2ccc(C(=O)O)cc2)c(=O)oc2c(C)c3oc4c(c3cc12)CCCC4,EC50,1,single-target,0,459.4980000000005,5.304340000000004,109.75,2,5,5,5,4,34,0.2962962962962963,1,0
CHEMBL18832,2.1334321,2.93628,Cc1nnc(COc2ccc3c(C)c(C)c(=O)oc3c2)o1,IC50,2,multi-target,0,286.287,2.6802600000000005,78.36,0,6,3,3,3,21,0.2666666666666666,0,1
CHEMBL361588,3.2456791,8.990444,Cc1ccc2oc(=O)cc(N3CCOCC3)c2c1,IC50,1,single-target,0,245.27799999999996,1.93802,42.68000000000001,0,4,1,3,2,18,0.3571428571428571,0,1
CHEMBL122239,7.290785,0.5158343,Cc1cc2ccc(OC/C=C/C3=CC(=O)C(C)(C)O3)cc2oc1=O,IC50,2,multi-target,0,326.34800000000007,3.298220000000001,65.74000000000001,0,5,4,3,2,24,0.2631578947368421,0,1
CHEMBL351044,19.78976,8.472084,NS(=O)(=O)c1ccc(NCc2cc(=O)oc3cc(Cl)ccc23)c(F)c1,Ki,3,multi-target,0,382.8,2.845000000000001,102.4,2,5,4,3,3,25,0.0625,0,1
CHEMBL1275889,2.7087338,21.384962,CO[C@@H]1[C@@H](OC(=O)c2ccc(C)[nH]2)[C@@H](O)[C@H](Oc2ccc3c(O)c(NC(=O)c4ccccc4)c(=O)oc3c2)OC1(C)C,IC50,1,single-target,0,578.5740000000002,3.502620000000002,169.54999999999998,4,10,7,5,4,42,0.3,1,0
CHEMBL488063,4.259503,5.376575,COc1c(OCC(C)=O)ccc2c3c(c(=O)oc12)CCCC3,IC50,2,multi-target,0,302.32600000000014,2.648200000000001,65.74000000000001,0,5,4,3,2,22,0.4117647058823529,0,1
CHEMBL4642176,15.42456,1.8595791,Cc1c(O)c(=O)ccn1CCNC(=O)c1cc2ccc(OCc3ccc(C(F)(F)F)cc3)cc2oc1=O,IC50,1,single-target,0,514.4560000000002,3.996520000000002,110.77,2,7,7,4,4,37,0.1923076923076923,1,0
CHEMBL32926,7.1218233,8.25979,O=c1oc2ccccc2c(O)c1C1c2ccccc2Oc2c1c(=O)oc1ccccc21,IC50,1,single-target,0,410.3810000000002,4.890900000000002,89.88000000000001,1,6,1,6,5,31,0.04,0,1
CHEMBL1529932,11.872562,4.986683,CNc1nnc(-c2cc3ccccc3oc2=O)s1,IC50,4,multi-target,0,259.29,2.3532,68.02000000000001,1,6,2,3,3,18,0.0833333333333333,0,1
CHEMBL5184719,3.8526824,5.9437346,CCCCCCc1cc2ccc(OCC(=O)NC(CCSC)C(=O)O)cc2oc1=O,IC50,1,single-target,0,435.54200000000026,3.6171000000000015,105.84,2,6,13,2,2,30,0.5,0,1
CHEMBL1761759,11.641046,4.993198,O=c1oc2ccccc2cc1-c1c[nH]c2ccccc12,IC50,1,single-target,0,261.28000000000003,3.941300000000002,46.0,1,2,1,4,4,20,0.0,0,1
CHEMBL488074,4.2285733,5.3996577,C=C(Br)COc1ccc2c3c(c(=O)oc2c1C)CCC3,IC50,2,multi-target,0,335.1970000000002,3.877520000000003,39.44,0,3,3,3,2,20,0.3125,0,1
CHEMBL4865638,11.9628725,2.98809,O=C(O)c1cc2c(oc1=O)c(-c1cccs1)cc1cc(C(=O)O)c(=O)oc12,IC50,1,single-target,0,384.3210000000002,3.024300000000002,135.01999999999998,2,7,3,4,4,27,0.0,0,1
CHEMBL4860932,5.61933,20.797688,O=C(Nc1c(O)c2ccc(O)cc2oc1=O)c1cccc(SCC2CC2)c1,Ki,2,multi-target,0,383.4250000000001,3.9586000000000015,99.77,3,6,5,4,3,27,0.2,0,1
CHEMBL4465315,2.5186138,-9.590845,O=C1N/C(=N\c2ccc3oc(=O)ccc3c2)S/C1=C/c1ccc(Cl)cc1,IC50,1,single-target,0,382.8280000000001,4.338000000000003,71.67,1,5,2,4,3,26,0.0,0,1
CHEMBL4537886,8.52934,-0.9818904,O=c1ccc2cc(/N=C/c3ccccc3)ccc2o1,IC50,1,single-target,0,249.26900000000003,3.5436000000000023,42.57,0,3,2,3,3,19,0.0,0,1
CHEMBL4754666,5.655873,6.308003,O=c1oc2cc(O)ccc2c2cc(O)c(O)cc12,IC50,1,single-target,0,244.202,2.063,90.9,3,5,0,3,3,18,0.0,0,1
CHEMBL325761,2.0459943,3.1492796,Cc1c(C)c2ccc(OCc3ccc(F)c(F)c3)cc2oc1=O,IC50,5,multi-target,1,316.30300000000005,4.267040000000002,39.44,0,3,3,3,3,23,0.1666666666666666,0,1
CHEMBL3120702,4.5363894,-1.7043291,O=c1oc2cc(OCCCCN3CCN(c4ccccc4)CC3)ccc2c2c1CCC2,Ki,2,multi-target,0,418.53700000000026,4.262900000000004,45.92,0,5,7,5,3,31,0.4230769230769231,0,1
CHEMBL3235991,7.5189104,1.757725,COc1cc(O)c(/C=C/C(=O)O[C@@H](Cc2c(OC)cc3oc(=O)ccc3c2OC)C(C)(C)O)c(OC)c1CC=C(C)C,IC50,1,single-target,0,582.6460000000001,4.980300000000005,133.89,2,10,12,3,3,42,0.375,1,0
CHEMBL5174139,8.193656,1.3560268,COc1cc2oc(=O)ccc2cc1C[C@@H](OC)C(C)(C)O,EC50,1,single-target,0,292.331,2.1300000000000003,68.9,1,5,5,2,2,21,0.4375,0,1
CHEMBL1957175,8.043972,0.13343792,CC(C)(C)[Si](C)(C)Oc1ccc2oc(=O)ccc2c1,Ki,3,multi-target,0,276.408,4.177000000000003,39.44,0,3,2,2,2,19,0.4,0,1
CHEMBL1688909,8.708584,10.946793,CN(C)c1ccc(Oc2ccc3c(Cn4ccnc4)cc(=O)oc3c2)cc1,IC50,1,single-target,0,361.40100000000007,3.8961000000000015,60.5,0,6,5,4,4,27,0.1428571428571428,0,1
CHEMBL1688892,8.906497,11.152668,O=c1cc(Cn2ccnc2)c2ccc(OCc3cccc(C(F)(F)F)c3)cc2o1,IC50,3,multi-target,0,400.3560000000001,4.635600000000004,57.260000000000005,0,5,5,4,4,29,0.1428571428571428,0,1
CHEMBL1688911,8.7448845,10.984317,O=c1cc(Cn2ccnc2)c2ccc(Oc3ccc(F)c(F)c3)cc2o1,IC50,3,multi-target,0,354.31200000000007,4.1083000000000025,57.260000000000005,0,5,4,4,4,26,0.0526315789473684,0,1
CHEMBL2088231,7.0176134,1.0086626,CC(C)=CCC/C(C)=C/COc1cccc2oc(=O)ccc12,IC50,1,single-target,0,298.382,4.864500000000004,39.44,0,3,6,2,2,22,0.3157894736842105,0,1
CHEMBL2030669,13.745341,2.822581,O=C(c1cc2cc(Br)ccc2oc1=O)N1CCN(Cc2ccccc2)CC1,IC50,1,single-target,0,427.2980000000002,3.5135000000000023,53.760000000000005,0,4,3,4,3,27,0.238095238095238,0,1
CHEMBL4644520,5.605135,3.8670352,COc1cc(-c2cc(=O)oc3c(O)c(O)ccc23)cc(OC)c1OC,IC50,1,single-target,0,344.31900000000013,2.897000000000001,98.36,2,7,4,3,3,25,0.1666666666666666,0,1
CHEMBL1835327,11.373369,5.183734,Cc1ccc2oc(=O)c(-c3ccccc3O)cc2c1,IC50,2,multi-target,0,252.26900000000003,3.474020000000001,50.44,1,3,1,3,3,19,0.0625,0,1
CHEMBL4130132,3.9682565,-2.707739,CC(=O)c1c(OCCCCN2CCN(c3ccccc3C#N)CC2)ccc2c(C)cc(=O)oc12,Ki,2,multi-target,0,459.5460000000003,4.156900000000004,86.78,0,7,8,4,3,34,0.3703703703703703,0,1
CHEMBL3965979,9.248274,-1.4933003,N#Cc1ccc(-c2ccc3oc(=O)ccc3c2)n1Cc1c(F)c(F)c(F)c(F)c1F,IC50,1,single-target,0,416.30500000000006,4.8769800000000005,58.93,0,4,3,4,4,30,0.0476190476190476,0,1
CHEMBL4591281,2.549409,6.7497764,Cc1c(CC(=O)O)c(=O)oc2c(C)c(OC3CCCC3)ccc12,IC50,1,single-target,0,316.35300000000007,3.3583400000000028,76.74,1,4,4,3,2,23,0.4444444444444444,0,1
CHEMBL4550735,2.3342652,6.984502,Cc1c(OCc2cccc(Br)c2)ccc2cc(C(=O)NO)c(=O)oc12,IC50,1,single-target,0,404.2160000000002,3.5619200000000024,88.77,2,5,4,3,3,25,0.1111111111111111,0,1
CHEMBL1277774,0.17270014,10.6266165,CCC(C)C(=O)c1c(O)c(C/C=C(\C)CCC=C(C)C)c(O)c2c(-c3ccccc3)cc(=O)oc12,IC50,1,single-target,0,474.5970000000002,7.335200000000007,87.74,2,5,9,3,3,35,0.3333333333333333,1,0
CHEMBL1835806,11.542561,1.9167092,CCOC(=O)c1cc2cc(-c3ccccc3)c(N(CC)CC)cc2oc1=O,IC50,1,single-target,0,365.42900000000014,4.482900000000003,59.75,0,5,6,3,3,27,0.2727272727272727,0,1
CHEMBL4866500,-1.0449153,8.332889,Cc1c(CCN2CC3(CCN(c4nccn5ccnc45)CC3)NC2=O)c(=O)oc2cc(OCC(C)c3ccccc3)ccc12,EC50,1,single-target,0,592.7000000000005,4.933520000000004,105.21,1,8,8,7,5,44,0.3529411764705882,1,0
CHEMBL5570366,9.0169935,0.9323928,CCOC(=O)c1cc2ccc(OCC(=O)Nc3ccc(S(N)(=O)=O)cc3Br)cc2oc1=O,Ki,7,multi-target,1,525.3330000000002,2.3971,155.0,2,8,7,3,3,32,0.15,1,0
CHEMBL4879384,4.0257664,3.9122772,CCN(c1ccc2c(C)cc(=O)oc2c1)C(C)C,EC50,1,single-target,0,245.322,3.336120000000002,33.45,0,3,3,2,2,18,0.4,0,1
CHEMBL3113638,12.556683,1.661354,O=C(O)c1cc2cc([N+](=O)[O-])ccc2oc1=O,IC50,2,multi-target,0,235.151,1.3993999999999998,110.65,1,5,2,2,2,17,0.0,0,1
CHEMBL4127281,6.6238894,8.368193,O=c1oc2ccccc2c(O)c1/C=C/n1cnc2c(N3CCCCC3)ncnc21,IC50,1,single-target,0,389.41500000000025,3.256500000000001,97.28,1,8,3,5,4,29,0.238095238095238,0,1
CHEMBL1335126,3.3640475,5.9117193,Cc1oc2cc3oc(=O)c(CCC(=O)N4CCCCC4)c(C)c3cc2c1C,IC50,5,multi-target,1,367.4450000000001,4.409560000000004,63.66,0,4,3,4,3,27,0.4545454545454545,0,1
CHEMBL4444865,12.9871,2.2490814,COc1cccc2cc(C(=O)NNC(=O)c3cc(Cl)ccc3O)c(=O)oc12,IC50,1,single-target,0,388.76300000000015,2.2354,117.87000000000002,3,6,3,3,3,27,0.0555555555555555,0,1
CHEMBL1333737,12.976469,1.326396,COc1cc(/C=C/[N+](=O)[O-])ccc1OC(=O)c1cc2ccccc2oc1=O,IC50,6,multi-target,1,367.3130000000001,3.268200000000002,108.88000000000002,0,7,5,3,3,27,0.0526315789473684,0,1
CHEMBL5403314,5.6402435,4.6324024,Cc1cc(=O)oc2c(NC(=O)C3CCCCC3)c(O)ccc12,IC50,2,multi-target,0,301.3419999999999,3.325820000000002,79.54,2,4,2,3,2,22,0.4117647058823529,0,1
CHEMBL3121775,10.694831,0.4419124,C#CCCCOc1ccc2cc(C(=O)OC)c(=O)oc2c1,IC50,2,multi-target,0,286.283,2.3718000000000004,65.74000000000001,0,5,5,2,2,21,0.25,0,1
CHEMBL5090504,6.9809065,-3.3701687,Cc1c(C)c2ccc(OCC3CCN(Cc4cccc(F)c4)CC3)cc2oc1=O,IC50,4,multi-target,0,395.47400000000016,4.839940000000005,42.68,0,4,5,4,3,29,0.375,0,1
CHEMBL380844,6.2712936,6.1093965,Cc1c(O)ccc2c1oc(=O)c1c(C)c(N)ccc12,IC50,2,multi-target,0,255.273,2.85084,76.46000000000001,2,4,0,3,3,19,0.1333333333333333,0,1
CHEMBL4535284,2.3762362,6.9254827,Cc1c(CC(=O)O)c(=O)oc2c(C)c(OCc3cccc(F)c3)ccc12,IC50,1,single-target,0,356.349,3.755040000000002,76.74,1,4,5,3,3,26,0.2,0,1
CHEMBL4079164,2.4946654,4.2035174,Cc1c(Cl)c(=O)oc2cc(OS(=O)(=O)c3ccccc3[N+](=O)[O-])ccc12,IC50,2,multi-target,0,395.7760000000001,3.4307200000000018,116.72,0,7,4,3,3,26,0.0625,0,1
CHEMBL5289870,5.6962957,8.493054,CS(=O)(=O)Oc1cccc(-c2nc(N)c3c(=O)oc4ccccc4c3n2)c1,IC50,1,single-target,0,383.3850000000001,2.3238000000000003,125.38,1,8,3,4,4,27,0.0555555555555555,0,1
CHEMBL5209359,4.274581,2.8867474,CCN(CC)c1ccc2c(COC(=O)n3cc(CCNC(C)=O)c4cc(OC)ccc43)cc(=O)oc2c1,EC50,2,multi-target,0,505.57100000000025,4.466000000000004,103.01,1,8,9,4,4,37,0.3214285714285714,1,0
CHEMBL1604500,11.961259,6.1105466,O=Cc1cn(-c2ccccc2)nc1-c1cc2c(ccc3ccccc32)oc1=O,IC50,1,single-target,0,366.3760000000001,4.611400000000003,65.1,0,5,3,5,5,28,0.0,0,1
CHEMBL1398824,7.600241,2.5858552,O=C(/C=C\c1cccs1)c1c(O)ccc2ccc(=O)oc12,EC50,2,multi-target,0,298.3190000000001,3.4562000000000017,67.50999999999999,1,5,3,3,3,21,0.0,0,1
CHEMBL4853043,11.884855,3.0597718,CC(C)c1ccc(-c2cc3cc(C(=O)O)c(=O)oc3cc2O)cc1,IC50,1,single-target,0,324.332,3.987200000000003,87.74,2,4,3,3,3,24,0.1578947368421052,0,1
CHEMBL5395551,11.703242,7.86186,CC1SC(N2N=C(c3cc4ccccc4oc3=O)CC2c2ccc(N(C)C)cc2)=NC1=O,IC50,1,single-target,0,446.53200000000027,4.028000000000003,78.48,0,7,3,5,3,32,0.25,0,1
CHEMBL5911614,6.0603485,3.0843325,Cc1ccccc1-c1cc(=O)oc2c(C)c3occ(C)c3cc12,IC50,1,single-target,0,304.345,5.131460000000003,43.35,0,3,1,4,4,23,0.15,1,0
CHEMBL2314727,13.095765,4.1265635,CN(CCCOc1cc2ccccc2oc1=O)Cc1ccccc1,IC50,2,multi-target,0,323.392,3.693900000000003,42.68,0,4,7,3,3,24,0.25,0,1
CHEMBL564092,8.5544195,-0.18629465,CCOc1ccc(-c2csc(C(C#N)CNc3ccc4oc(=O)ccc4c3)n2)cc1,IC50,1,single-target,0,417.4900000000001,5.034480000000004,88.14999999999999,1,7,7,4,4,30,0.1739130434782608,1,0
CHEMBL3265274,5.9346795,-8.451794,N=C(N)N1CCc2c(c(=O)oc3c(C=O)c(O)ccc23)C1,IC50,1,single-target,0,287.27500000000003,0.5626699999999998,120.62000000000002,3,5,1,3,2,21,0.2142857142857142,0,1
CHEMBL1438695,12.281981,1.2619162,COc1ccc2oc(=O)c(NC(=O)C3CCCCC3)cc2c1,AC50,1,single-target,0,301.342,3.320400000000002,68.53999999999999,1,4,3,3,2,22,0.4117647058823529,0,1
CHEMBL205358,4.6258283,1.4762108,CC[C@@](C)(Cc1ccc(OCCCOc2ccc3c(C(F)(F)F)cc(=O)oc3c2Cl)cc1)C(=O)O,IC50,2,multi-target,0,512.9080000000001,6.356500000000006,85.97000000000001,1,5,10,3,3,35,0.36,2,0
CHEMBL1835226,11.130222,5.0148807,CC(=O)COc1ccc2oc(=O)c(-c3ccc(C)cc3)cc2c1,IC50,1,single-target,0,308.333,3.736220000000003,56.51,0,4,4,3,3,23,0.1578947368421052,0,1
CHEMBL4878678,11.541384,1.9444147,CCOC(=O)c1cc2c3c(c(C)cc2oc1=O)O[C@](C)(CC/C=C(\C)CC/C=C(\C)CCC=C(CO)CO)CC3,IC50,1,single-target,0,552.7080000000004,6.506020000000008,106.2,2,7,13,3,2,40,0.5151515151515151,2,0
CHEMBL258230,7.5248165,1.8679993,COc1c2c(c3ccc(=O)oc3c1/C=C/C(C)(C)O)OC(C)(C)C=C2,Ki,5,multi-target,1,342.3910000000001,3.7699000000000025,68.9,1,5,3,3,2,25,0.35,0,1
CHEMBL3746509,-6.6321354,8.496257,COc1ccc(C(C)NC(=O)c2cc3c(ccc4c(C)cc(=O)oc43)oc2=N)cc1,IC50,1,single-target,0,404.42200000000014,3.826690000000002,105.53,2,6,4,4,4,30,0.1739130434782608,0,1
CHEMBL1341962,9.834213,4.064604,COc1cccc2cc(-c3cc(=O)oc4cc(C)c(O)cc34)oc12,IC50,1,single-target,0,322.31600000000003,4.2288200000000025,72.81,1,5,2,4,4,24,0.1052631578947368,0,1
CHEMBL2181542,-1.8326629,5.7141047,CCCCCCCC(C)(C)c1cc(O)c2cc(Cc3ccccc3O)c(=O)oc2c1,IC50,4,multi-target,0,408.5380000000001,6.4331000000000085,70.67,2,4,9,3,3,30,0.4230769230769231,1,0
CHEMBL1650700,12.206662,1.991572,CC(=O)c1cc2ccc(-c3ccc(C)cc3)cc2oc1=O,IC50,1,single-target,0,278.307,3.971020000000004,47.28,0,3,2,3,3,21,0.1111111111111111,0,1
CHEMBL2387539,-1.082589,5.9906974,Cc1ccccc1Cc1cc2c(C)c(O)c(C)c(C)c2oc1=O,IC50,2,multi-target,0,308.37700000000007,4.323080000000004,50.440000000000005,1,3,2,3,3,23,0.25,0,1
CHEMBL4529795,16.102089,5.08519,O=Cc1cc([N+](=O)[O-])ccc1OCc1cn(CCCOc2ccc3ccc(=O)oc3c2)nn1,Ki,1,single-target,0,450.4070000000002,3.153300000000001,139.59000000000003,0,10,10,4,4,33,0.1818181818181818,0,1
CHEMBL5402723,8.215594,0.43884233,O=C(Nc1ccc(Oc2ccc3ccc(=O)oc3c2)cc1)c1cc(-c2cccc([N+](=O)[O-])c2)on1,IC50,1,single-target,0,469.40900000000016,5.400800000000004,137.71,1,8,6,5,5,35,0.0,1,0
CHEMBL1630106,11.725693,-0.74393445,Cc1ccc2oc(=O)c(CC(CCCc3cccc(OCCN4CCCCC4)c3)C(=O)NO)cc2c1,IC50,1,single-target,0,492.6160000000004,4.653120000000003,92.01,2,6,11,4,3,36,0.4482758620689655,0,1
CHEMBL3960875,1.639899,-1.3891382,O=c1ccc2c(OCCCCOc3ccc(F)cc3)c3ccoc3cc2o1,EC50,2,multi-target,0,368.3600000000001,4.916300000000003,61.81,0,5,7,4,4,27,0.1904761904761904,0,1
CHEMBL194292,-2.5768979,8.071963,O=c1cc(NC2CCN(Cc3ccc4c(c3)OC(F)(F)O4)CC2)c2cc(Cl)ccc2o1,IC50,1,single-target,0,448.8530000000002,4.844400000000004,63.94000000000001,1,6,4,5,3,31,0.3181818181818182,0,1
CHEMBL213286,2.0697143,3.5509696,Cc1c(C)c2ccc(OCCOc3ccccc3)cc2oc1=O,IC50,2,multi-target,0,310.34900000000005,3.8676400000000015,48.67,0,4,5,3,3,23,0.2105263157894736,0,1
CHEMBL2112311,1.018243,-3.2320871,CC[C@H]1c2cc3c(C(F)(F)F)cc(=O)oc3cc2NC[C@H]1C,IC50,4,multi-target,0,311.303,4.367000000000004,42.24,1,3,1,3,2,22,0.4375,0,1
CHEMBL1591156,4.440752,5.846051,Cc1cc(=O)oc2c3c(cc(OCC(=O)N4CCC[C@H]4C(=O)O)c12)OC(C)(C)CC3,IC50,1,single-target,0,415.4420000000002,2.659420000000001,106.28,1,6,4,4,2,30,0.5,0,1
CHEMBL1688544,6.5010414,6.0481687,O=c1oc2c(O)c(O)c(O)c3c(=O)oc4c(O)c(O)c(O)c1c4c23,IC50,3,multi-target,0,334.19200000000006,0.7239999999999998,181.8,6,10,0,4,4,24,0.0,1,0
CHEMBL18042,2.0419521,3.1240122,Cc1c(C)c2ccc(OCc3ccc(C(F)(F)F)cc3)cc2oc1=O,IC50,1,single-target,0,348.32000000000005,5.007640000000003,39.44,0,3,3,3,3,25,0.2105263157894736,1,0
CHEMBL1688543,6.521263,6.030127,O=c1oc2c(O)c(O)c(O)c3c(=O)oc4c(O)c(O)cc1c4c23,IC50,3,multi-target,0,318.19300000000004,1.0183999999999995,161.57,5,9,0,4,4,23,0.0,0,1
CHEMBL1348090,12.9912815,5.8477035,O=C(Nc1nc(-c2cc3ccccc3oc2=O)cs1)c1ccco1,IC50,1,single-target,0,338.34400000000005,3.761800000000002,85.34,1,6,3,4,4,24,0.0,0,1
CHEMBL4851652,5.8606343,20.540516,CC(C)CCc1cccc(C(=O)Nc2c(O)c3ccc(NC(=O)CCCC(=O)O)cc3oc2=O)c1,Ki,2,multi-target,0,480.51700000000034,4.532900000000002,145.94,4,6,10,3,3,35,0.3076923076923077,0,1
CHEMBL237186,7.2894554,8.60311,O=c1oc2ccccc2c(O)c1C(c1ccc2c(c1)-c1ccccc1C2)c1c(O)c2ccccc2oc1=O,IC50,1,single-target,0,500.50600000000026,6.062000000000005,100.88,2,6,3,7,6,38,0.0625,2,0
CHEMBL512703,11.083586,1.1820718,CC(C)c1ccc(NC(=O)c2cc3ccc(OCc4ccccc4)cc3oc2=O)cc1,IC50,2,multi-target,0,413.47300000000007,5.747700000000005,68.53999999999999,1,4,6,4,4,31,0.1538461538461538,1,0
CHEMBL500684,11.065199,1.1686338,O=C(Nc1ccccc1Cc1ccccc1)c1cc2ccc(OCc3ccc(F)cc3)cc2oc1=O,IC50,1,single-target,0,479.5070000000002,6.354200000000004,68.53999999999999,1,4,7,5,5,36,0.0666666666666666,1,0
CHEMBL4780088,4.9384055,3.2926795,[N-]=[N+]=NCc1cc(=O)oc2cc(O)c(O)cc12,IC50,1,single-target,0,233.183,2.014500000000001,119.43000000000002,2,5,2,2,2,17,0.1,0,1
CHEMBL606421,16.360592,-2.409222,Cc1c(N2CCN(C(=O)Nc3ccc(C(C)C)cc3)CC2)c(=O)oc2cc(O)cc(O)c12,IC50,1,single-target,0,437.49600000000027,3.990120000000004,106.25,3,6,3,4,3,32,0.3333333333333333,0,1
CHEMBL2393498,5.7893214,-0.24469268,O=C(COc1cc(=O)oc2ccccc12)N1CCN(c2ccc(Cl)c(Cl)c2)CC1,IC50,2,multi-target,0,433.29100000000017,3.8274000000000026,62.99000000000001,0,5,4,4,3,29,0.238095238095238,0,1
CHEMBL3092178,11.083251,14.546898,CNS(=O)(=O)Nc1cccc(Cc2c(C)c3cc(I)c(OC(=O)N(C)C)cc3oc2=O)c1,IC50,2,multi-target,0,571.3930000000001,3.2333200000000017,117.95,2,6,6,3,3,32,0.238095238095238,1,0
CHEMBL123663,7.5893307,-0.99710476,CC(C)(C)c1ccc(N2CCN(Cc3ccc4ccc(=O)oc4c3)CC2)cc1,Ki,1,single-target,0,376.50000000000017,4.412700000000004,36.69,0,4,3,4,3,28,0.375,0,1
CHEMBL5409761,6.1862235,-1.8207134,O=C(Nc1cc(-c2ccc3c(OCCCNC4CCN(Cc5ccccc5)CC4)cc(=O)oc3c2)ccn1)c1ccccc1,IC50,1,single-target,0,588.7080000000003,6.130400000000006,96.7,2,7,11,6,5,44,0.25,2,0
CHEMBL497176,12.107726,1.9983137,O=C(COC(=O)c1cc2ccc(O)cc2oc1=O)c1ccccc1,Ki,1,single-target,0,324.288,2.5383000000000004,93.81,1,6,4,3,3,24,0.0555555555555555,0,1
CHEMBL5408041,6.213817,-2.0070622,CN(Cc1ccccc1)C1CCN(CCCOc2cc(=O)oc3cc(-c4ccc(F)cc4)ccc23)CC1,IC50,1,single-target,0,500.6140000000002,5.964400000000007,45.92,0,5,9,5,4,37,0.3225806451612903,2,0
CHEMBL5218572,23.461418,-6.6662197,COc1cc(C(=O)OCCCCCCCN(CCCOC(=O)c2c3ccccc3cc3ccccc23)CCCOc2ccc3ccc(=O)oc3c2)cc(OC)c1OC,Ki,2,multi-target,0,789.922,9.250700000000002,122.97,0,11,22,6,6,58,0.3404255319148936,3,0
CHEMBL5282499,5.619148,3.8468478,COc1ccc(-c2cc(=O)oc3c(O)c(O)ccc23)cc1O,IC50,2,multi-target,0,300.266,2.5854000000000013,100.13,3,6,2,3,3,22,0.0625,0,1
CHEMBL1777847,10.700607,4.5634284,O=c1oc2c(O)cc(Br)cc2cc1-c1ccccc1,IC50,1,single-target,0,317.138,3.9281000000000015,50.44,1,3,1,3,3,19,0.0,0,1
CHEMBL5597792,14.093906,2.494934,O=C(Cc1ccccc1[N+](=O)[O-])NCc1cn(-c2cc3ccccc3oc2=O)nn1,IC50,1,single-target,0,405.3700000000001,2.1408,133.16,1,8,6,4,4,30,0.1,0,1
CHEMBL507756,6.158226,5.0295143,Cc1c(O)ccc2c3c(c(=O)oc12)CCCC3,IC50,1,single-target,0,230.26299999999992,2.6858200000000005,50.44,1,3,0,3,2,17,0.3571428571428571,0,1
CHEMBL3286942,5.3960595,-0.66873705,Cc1cc(=O)oc2cc(OCCCC(=O)N3CCN(c4ccccc4F)CC3)ccc12,IC50,2,multi-target,0,424.4720000000001,3.748320000000003,62.99,0,5,6,4,3,31,0.3333333333333333,0,1
CHEMBL5085768,4.4905114,5.0860662,Cc1cc(=O)oc2c(C)c(OCC(=O)NO)ccc12,IC50,1,single-target,0,263.249,1.29404,88.77,2,5,3,2,2,19,0.2307692307692307,0,1
CHEMBL4876107,5.6354566,20.77934,O=C(Nc1c(O)c2ccc(O)cc2oc1=O)c1cccc(OCc2ccccc2)c1,Ki,2,multi-target,0,403.3900000000001,4.035500000000002,109.0,3,6,5,4,4,30,0.0434782608695652,0,1
CHEMBL5284393,16.19494,4.801642,Cc1cc(=O)c(O)c(CO)n1CCCn1cc(COc2cc3ccccc3oc2=O)nn1,IC50,2,multi-target,0,438.44000000000017,1.72182,132.61,2,10,8,4,4,32,0.2727272727272727,0,1
CHEMBL4553497,10.542183,4.637632,O=c1oc2c(O)c(O)ccc2cc1-c1ccc(O)cc1,Ki,3,multi-target,0,270.23999999999995,2.5768000000000004,90.9,3,5,1,3,3,20,0.0,0,1
CHEMBL4437250,2.5544064,6.723856,CCCCCCOc1ccc2c(C)c(CC(=O)O)c(=O)oc2c1C,IC50,1,single-target,0,332.3960000000001,3.9960400000000025,76.74000000000001,1,4,8,2,2,24,0.4736842105263157,0,1
CHEMBL1479259,6.4670777,4.717475,O=c1oc2c(CN3CCOCC3)c(O)c(Cl)cc2c2c1CCC2,IC50,1,single-target,0,335.78700000000015,2.4729,62.91000000000001,1,5,2,4,2,23,0.4705882352941176,0,1
CHEMBL4757985,5.540523,3.9378133,COc1ccc2c(CO)cc(=O)oc2c1O,IC50,1,single-target,0,222.196,0.9994999999999998,79.9,2,5,2,2,2,16,0.1818181818181818,0,1
CHEMBL450963,6.532646,1.0328524,C=CCOc1cccc2oc(=O)ccc12,Ki,2,multi-target,0,202.209,2.3578,39.44,0,3,3,2,2,15,0.0833333333333333,0,1
CHEMBL1630089,11.749627,-0.7333102,CCN(CC)CCOc1ccc(CCC(Cc2cc3cc(C)ccc3oc2=O)C(=O)NO)cc1,IC50,1,single-target,0,466.5780000000002,4.118920000000003,92.01,2,6,12,3,3,34,0.4074074074074074,0,1
CHEMBL2114284,7.034868,8.876831,COc1c([C@H](CC(C)=O)c2ccccc2)c(=O)oc2ccccc12,Ki,1,single-target,0,322.36000000000007,3.912600000000003,56.510000000000005,0,4,5,3,3,24,0.2,0,1
CHEMBL3403708,-5.4976025,12.2216,CCCc1c(OCCCCN2C(=O)N(C)C(C)(C)C2=O)ccc2c(C(F)(F)F)cc(=O)oc12,EC50,2,multi-target,0,468.47200000000015,4.595900000000005,80.06,0,5,8,3,2,33,0.5217391304347826,0,1
CHEMBL2322551,3.8475785,6.7912164,Cc1c(CCC(=O)Nc2ccc(C(=O)O)cc2)c(=O)oc2cc3occ(C(C)(C)C)c3cc12,EC50,1,single-target,0,447.4870000000003,5.414620000000005,109.75,2,5,5,4,4,33,0.2692307692307692,1,0
CHEMBL3904764,3.0795631,2.078655,Cc1cc(=O)oc2cc(OCC3=CC[C@@H]4C[C@H]3C4(C)C)ccc12,IC50,1,single-target,0,310.393,4.472620000000004,39.44,0,3,3,5,2,23,0.45,0,1
CHEMBL4459285,13.001932,2.3054683,CCOc1cccc2cc(C(=O)NNC(=O)c3cc(OC)ccc3O)c(=O)oc12,IC50,1,single-target,0,398.37100000000015,1.9807,127.1,3,7,5,3,3,29,0.15,0,1
CHEMBL381919,14.61597,3.1949427,O=C(Nc1cc(Br)ccc1N1CCNCC1)c1cc2ccccc2oc1=O,IC50,1,single-target,0,428.2860000000002,3.2174000000000014,74.58000000000001,2,5,3,4,3,27,0.2,0,1
CHEMBL4468552,6.980095,-3.32162,Cc1cc(=O)oc2cc(OCC3CCN(Cc4cccc(CO)c4)CC3)ccc12,IC50,4,multi-target,0,393.4830000000001,3.8847200000000033,62.91,1,5,6,4,3,29,0.375,0,1
CHEMBL4586509,6.987524,-3.3221388,Cc1cc2ccc(OCC3CCN(Cc4ccc(CO)cc4)CC3)cc2oc1=O,IC50,3,multi-target,0,393.4830000000001,3.8847200000000033,62.91,1,5,6,4,3,29,0.375,0,1
CHEMBL4744872,3.6229126,3.464577,Cc1cc(=O)oc2cc(NC(=O)/C=C/c3ccc(F)cc3)ccc12,Ki,2,multi-target,0,323.32300000000004,3.892420000000002,59.31,1,3,3,3,3,24,0.0526315789473684,0,1
CHEMBL2314730,13.541043,3.3457258,COc1ccc2cc(OC3CCN(Cc4ccccc4)CC3)c(=O)oc2c1,IC50,1,single-target,0,365.42900000000014,3.8450000000000033,51.91,0,5,5,4,3,27,0.3181818181818182,0,1
CHEMBL3764762,5.9381375,-1.2829378,Cc1c(Cl)c(=O)oc2cc(OCCNC3CCN(Cc4ccccc4)CC3)ccc12,IC50,5,multi-target,1,426.9440000000002,4.387820000000003,54.71,1,5,7,4,3,30,0.375,0,1
CHEMBL3974043,9.468561,-1.3510894,CCN(CC)c1cc2oc(=O)ccc2cc1-c1ccc(C#N)n1Cc1ccccc1,IC50,1,single-target,0,397.4780000000001,5.027680000000005,62.17,0,5,6,4,4,30,0.2,1,0
CHEMBL1566723,3.4978735,3.553983,Cc1cc(=O)oc2cc(NS(=O)(=O)c3ccc(F)cc3)ccc12,AC50,1,single-target,0,333.34000000000003,3.0413200000000007,76.38,1,4,3,3,3,23,0.0625,0,1
CHEMBL3356691,6.8963737,7.086751,CC(C)=CCOc1ccc(-c2c(C)c3cc(Br)cc(Br)c3oc2=O)cc1OCC=C(C)C,IC50,1,single-target,0,562.2980000000001,7.983420000000005,48.67,0,4,7,3,3,32,0.2692307692307692,2,0
CHEMBL206632,4.2680445,1.8818623,O=c1cc(-c2ccc(Cl)cc2)c2ccc(Sc3cc(F)cc(C(O)(C(F)(F)F)C(F)(F)F)c3)cc2o1,IC50,1,single-target,0,548.8630000000002,7.715900000000004,50.44,1,4,4,4,4,36,0.125,2,0
CHEMBL5268389,-2.2354226,-2.8780055,Cc1cc(Nc2nc(N)nc(COc3ccc4c(C)cc(=O)oc4c3)n2)ccc1Cl,EC50,2,multi-target,0,423.8600000000001,4.1530400000000025,116.16,2,8,5,4,4,30,0.1428571428571428,0,1
CHEMBL4563027,5.1608596,-3.5434837,COc1cc2c(cc1OC)CN(CCCCCOc1ccc3cc(-c4ccccc4)c(=O)oc3c1)CC2,IC50,1,single-target,0,499.6070000000002,6.084600000000007,61.14,0,6,10,5,4,37,0.3225806451612903,1,0
CHEMBL3818574,10.546837,4.6807857,O=c1oc2c(O)c(O)ccc2cc1-c1ccsc1,Ki,3,multi-target,0,260.27,2.9327000000000005,70.67,2,5,1,3,3,18,0.0,0,1
CHEMBL4443961,6.9045286,8.806505,CC(=O)CC(c1c(O)c2ccccc2oc1=O)C1CCCCC1,IC50,1,single-target,0,314.3810000000002,4.141600000000003,67.50999999999999,1,4,4,3,2,23,0.4736842105263157,0,1
CHEMBL4598256,6.9489045,-3.3649585,Cc1c(C)c2ccc(OCC3CCN(Cc4ccccc4)CC3)cc2oc1=O,IC50,4,multi-target,0,377.48400000000015,4.700840000000005,42.68,0,4,5,4,3,28,0.375,0,1
CHEMBL1277495,0.14800082,10.650291,CC(C)=CCCC1(C)C=Cc2c(O)c(C(=O)CC(C)C)c3oc(=O)cc(-c4ccccc4)c3c2O1,IC50,1,single-target,0,472.5810000000002,7.305100000000007,76.74,1,5,7,4,3,35,0.3333333333333333,1,0
CHEMBL3984180,1.594036,3.9017003,COc1cccc(COc2ccc3c4c(c(=O)oc3c2)CCCC4)c1,IC50,1,single-target,0,336.3870000000001,4.259400000000004,48.67,0,4,4,4,3,25,0.2857142857142857,0,1
CHEMBL1290285,10.36455,4.379177,COCCNc1oc2c(c1-c1cc(OC)c(OC)c(OC)c1)c(=O)oc1c(C)cccc12,IC50,1,single-target,0,439.4640000000002,4.598720000000005,92.3,1,8,8,4,4,32,0.2916666666666667,0,1
CHEMBL3612305,2.6387854,5.208861,COP(=S)(Oc1ccc2c3c(c(=O)oc2c1)CCC3)Oc1ccc2c3c(c(=O)oc2c1)CCC3,IC50,1,single-target,0,496.4770000000004,5.205500000000005,88.11,0,8,5,6,4,34,0.28,1,0
CHEMBL3410716,13.264086,2.7009687,CCCCCOc1cc(Br)cc2cc(C(=O)NC3CCCCC3)c(=O)oc12,IC50,1,single-target,0,436.34600000000034,5.187000000000005,68.53999999999999,1,4,7,3,2,27,0.5238095238095238,1,0
CHEMBL5083737,1.6364397,3.2962587,Cc1c(C)c2ccc(OCc3cccc(CN(C)CCCC(F)F)c3)cc2oc1=O,IC50,5,multi-target,1,415.4800000000001,5.465940000000005,42.68,0,4,9,3,3,30,0.375,1,0
CHEMBL3785926,3.3212357,2.340464,Cc1cc(=O)oc2cc(OCC(=O)C(C)(C)C)ccc12,IC50,1,single-target,0,274.316,3.0954200000000016,56.51,0,4,3,2,2,20,0.375,0,1
CHEMBL89921,5.81062,-8.807735,Cc1ccc2c3c(c(=O)oc2c1)CN(Cc1ccc(Cl)cc1)CC3,Ki,2,multi-target,0,339.8220000000001,4.313120000000003,33.45,0,3,2,4,3,24,0.25,0,1
CHEMBL333655,7.323439,0.5031151,CC1(C)OC(/C=C/COc2ccc3ccc(=O)oc3c2)=CC1=O,IC50,2,multi-target,0,312.3210000000001,2.9898000000000016,65.74000000000001,0,5,4,3,2,23,0.2222222222222222,0,1
CHEMBL359392,2.0688722,3.6444848,Cc1c(C)c2ccc(OC(C)c3ccccc3)cc2oc1=O,IC50,2,multi-target,0,294.3500000000001,4.549840000000004,39.44,0,3,3,3,3,22,0.2105263157894736,0,1
CHEMBL211214,14.615204,3.188157,O=C(Nc1cc(Br)ccc1N1CCN(CCO)CC1)c1cc2ccccc2oc1=O,IC50,1,single-target,0,472.3390000000003,2.9221000000000013,86.02000000000001,2,6,5,4,3,30,0.2727272727272727,0,1
CHEMBL5997954,1.8778492,3.9632792,C[C@@H](NC(=O)c1ccc2c(c1)oc(=O)c1cnccc12)c1ccccc1,IC50,1,single-target,0,344.37000000000006,3.832200000000002,72.2,1,4,3,4,4,26,0.0952380952380952,0,1
CHEMBL2181549,-1.0781925,6.0088406,Cc1ccc(C(C)C)c2cc(Cc3ccccc3O)c(=O)oc12,IC50,1,single-target,0,308.37700000000007,4.521220000000004,50.44,1,3,3,3,3,23,0.25,0,1
CHEMBL4217755,3.1449776,1.9595411,Cc1cc(=O)oc2cc(OCc3cc[n+](Cc4ccc(F)cc4)cc3)ccc12,IC50,5,multi-target,1,376.407,4.155320000000003,43.32,0,3,5,4,4,28,0.1304347826086956,0,1
CHEMBL1343861,4.740792,6.1353283,Cc1c(CC(=O)N2CCN(C(=O)C3COc4ccccc4O3)CC2)c(=O)oc2cc(O)c(Cl)cc12,AC50,1,single-target,0,498.91900000000027,2.51372,109.52,1,7,3,5,3,35,0.32,0,1
CHEMBL1253531,5.6536913,4.241395,Cc1cc(=O)oc2c3c(ccc12)O[C@@H](C)[C@H](OC(=O)[C@]12CC[C@](C)(C(=O)O1)C2(C)C)[C@@H]3OC(=O)[C@]12CC[C@](C)(C(=O)O1)C2(C)C,IC50,1,single-target,0,622.6670000000004,4.622220000000004,144.64,0,11,4,7,2,45,0.6176470588235294,2,0
CHEMBL4076889,22.316648,-4.686872,NS(=O)(=O)c1ccc(-n2nc(COC(=O)c3cc4ccccc4oc3=O)cc2-c2ccc(F)cc2)cc1,IC50,3,multi-target,0,519.5100000000002,3.789200000000003,134.49,1,8,6,5,5,37,0.0384615384615384,1,0
CHEMBL4065986,22.294798,-4.6682796,NS(=O)(=O)c1ccc(-n2nc(C(=O)OCCOc3cc(=O)oc4ccccc34)cc2-c2ccccc2)cc1,IC50,3,multi-target,0,531.5460000000003,3.528900000000002,143.72000000000003,1,9,8,5,5,38,0.074074074074074,1,0
CHEMBL4063233,22.289686,-4.663371,NS(=O)(=O)c1ccc(-n2nc(C(=O)OCCOc3cc(=O)oc4ccccc34)cc2-c2cccc(Cl)c2)cc1,IC50,3,multi-target,0,565.9910000000002,4.182300000000002,143.72000000000003,1,9,8,5,5,39,0.074074074074074,1,0
CHEMBL4101763,22.38772,-4.769393,NS(=O)(=O)c1ccc(-n2nc(C(=O)NCCOc3ccc4ccc(=O)oc4c3)cc2-c2ccccc2)cc1,IC50,3,multi-target,0,530.5620000000002,3.101900000000001,146.52000000000004,2,8,8,5,5,38,0.074074074074074,1,0
CHEMBL1079119,7.1564283,1.3357202,C/C(=C\COc1c2ccoc2cc2oc(=O)ccc12)CC[C@@H](O)C(C)(C)O,IC50,2,multi-target,0,372.41700000000014,3.776300000000003,93.04,2,6,7,3,3,27,0.3809523809523809,0,1
CHEMBL3745983,-6.631113,8.495633,Cc1cc(=O)oc2c1ccc1oc(=N)c(C(=O)NC3CCCCC3)cc12,IC50,2,multi-target,0,352.3900000000002,3.389590000000002,96.3,2,5,2,4,3,26,0.35,0,1
CHEMBL3745757,-6.6345506,8.498795,Cc1cc(=O)oc2c1ccc1oc(=N)c(C(=O)NCc3ccccc3Cl)cc12,IC50,1,single-target,0,394.81400000000014,3.910490000000002,96.3,2,5,3,4,4,28,0.0952380952380952,0,1
CHEMBL3120681,4.5404963,-1.725923,O=c1oc2cc(OCCCCN3CCN(c4cccc(C(F)(F)F)c4)CC3)ccc2c2c1CCC2,Ki,2,multi-target,0,486.5340000000003,5.281700000000006,45.92,0,5,7,5,3,35,0.4444444444444444,1,0
CHEMBL3120682,4.445781,-1.7351154,COc1ccccc1N1CCN(CCCCOc2ccc3c4c(c(=O)oc3c2)CCC4)CC1,Ki,5,multi-target,1,448.5630000000003,4.271500000000004,55.150000000000006,0,6,8,5,3,33,0.4444444444444444,0,1
CHEMBL2425487,10.405388,9.936065,COc1cc(C)c(-c2c3c4cc(OC)c(O)cc4oc(=O)c3n3ccc4cc(O)c(OC)cc4c23)cc1O,IC50,3,multi-target,0,513.5020000000003,5.470120000000006,123.0,3,9,4,6,6,38,0.1379310344827586,2,0
CHEMBL3331330,-1.5987868,3.8868294,Cc1nn(-c2ccc(F)cc2)c2c1c(=O)oc1ccccc12,IC50,1,single-target,0,294.285,3.5794200000000025,48.03,0,4,1,4,4,22,0.0588235294117647,0,1
CHEMBL3121794,10.785775,0.9398332,COC(=O)c1cc2cc(OCc3cccc(Cl)c3)ccc2oc1=O,IC50,1,single-target,0,344.75000000000006,3.812000000000003,65.74000000000001,0,5,4,3,3,24,0.1111111111111111,0,1
CHEMBL3121786,10.687371,0.43952608,C#CCCCCOc1ccc2cc(C(=O)c3ccc(OC)cc3)c(=O)oc2c1,IC50,1,single-target,0,376.4080000000001,4.214900000000004,65.74000000000001,0,5,8,3,3,28,0.217391304347826,0,1
CHEMBL572828,2.6918833,1.3496602,NNC(=O)Cc1cc(=O)oc2cc(OCc3ccccc3)ccc12,IC50,2,multi-target,0,324.336,1.9043999999999996,94.56,2,5,5,3,3,24,0.1111111111111111,0,1
CHEMBL3094017,2.9414709,0.95228344,NC(=O)COc1cc(=O)oc2cc(OCc3cccc(Br)c3)ccc12,IC50,2,multi-target,0,404.216,2.9986000000000006,91.76000000000002,1,5,6,3,3,25,0.1111111111111111,0,1
CHEMBL514556,4.0813904,2.762906,COc1ccc2c(CC(=O)Nc3ccccc3S(N)(=O)=O)cc(=O)oc2c1,Ki,4,multi-target,0,388.4010000000002,1.6302,128.7,2,6,5,3,3,27,0.1111111111111111,0,1
CHEMBL1506505,8.051376,0.4865167,O=c1ccc2ccc(Oc3ccc([N+](=O)[O-])cc3[N+](=O)[O-])cc2o1,EC50,1,single-target,0,328.2360000000001,3.4017000000000017,125.72,0,7,4,3,3,24,0.0,0,1
CHEMBL1830815,10.820391,1.1389331,CCOC(=O)c1cc2ccc(OCc3cccc(Cl)c3)cc2oc1=O,IC50,1,single-target,0,358.77700000000004,4.202100000000003,65.74000000000001,0,5,5,3,3,25,0.1578947368421052,0,1
CHEMBL363583,-2.5747073,8.070033,O=c1cc(NC2CCN(Cc3ccc4[nH]ccc4c3)CC2)c2cc(Cl)ccc2o1,IC50,1,single-target,0,407.9010000000002,5.004200000000004,61.27,2,4,4,5,4,29,0.2608695652173913,1,0
CHEMBL379100,14.5349865,3.1962032,COc1cccc2cc(C(=O)Nc3cc(Br)ccc3N3CCOCC3)c(=O)oc12,IC50,1,single-target,0,459.2960000000003,3.653000000000002,81.01,1,6,4,4,3,29,0.238095238095238,0,1
CHEMBL329126,5.7923617,-8.827714,COc1ccc2c3c(c(=O)oc2c1)CN(Cc1ccc(C)cc1)CC3,Ki,3,multi-target,0,335.4030000000001,3.668320000000002,42.68,0,4,3,4,3,25,0.2857142857142857,0,1
CHEMBL1537860,6.4962897,4.6246347,Cc1c(C)c2cc(Cl)c(O)c(CN3CCCC(C)C3)c2oc1=O,IC50,1,single-target,0,335.8310000000001,4.000740000000003,53.68,1,4,2,3,2,23,0.5,0,1
CHEMBL1253541,5.708592,4.222154,Cc1cc(=O)oc2c3c(ccc12)OC(C)(C)[C@H](OC(=O)[C@]12CC[C@](C)(C(=O)O1)C2(C)C)[C@@H]3OC(=O)[C@]12CC[C@](C)(C(=O)O1)C2(C)C,IC50,1,single-target,0,636.6940000000003,5.012320000000004,144.64,0,11,4,7,2,46,0.6285714285714286,3,0
CHEMBL592043,5.3219385,6.147091,O=c1oc2cc(O)ccc2c(C(F)(F)F)c1Cc1ccccc1,IC50,3,multi-target,0,320.2659999999999,4.108200000000002,50.44,1,3,2,3,3,23,0.1176470588235294,0,1
CHEMBL2425855,13.393738,-6.906187,COc1cc(C2c3c(nc4c(c3N)CCCC4)Oc3c2c(=O)oc2ccccc32)cc(OC)c1OC,IC50,2,multi-target,0,486.5240000000002,4.960700000000004,106.04,1,8,4,6,4,36,0.2857142857142857,0,1
CHEMBL267854,11.701843,-0.33699554,O=C(CCc1cc2cc(Cl)ccc2oc1=O)NO,IC50,3,multi-target,0,267.66799999999995,1.8844,79.54,2,4,3,2,2,18,0.1666666666666666,0,1
CHEMBL1098818,-1.3736672,19.041405,COc1ccc2c(Nc3c(Cl)cncc3Cl)cc(=O)oc2c1OCCCCCCC(=O)O,IC50,1,single-target,0,481.3320000000005,5.6609000000000025,110.89,2,7,11,3,3,32,0.3181818181818182,1,0
CHEMBL575938,2.8783543,1.1456648,CC(C(N)=O)c1cc(=O)oc2cc(OCc3cccc(F)c3)ccc12,IC50,2,multi-target,0,341.338,3.0999000000000017,82.53000000000002,1,4,5,3,3,25,0.1578947368421052,0,1
CHEMBL572768,2.8093874,1.4073032,N#CCc1cc(=O)oc2cc(OCc3ccccc3)ccc12,IC50,2,multi-target,0,291.306,3.438080000000002,63.23,0,4,4,3,3,22,0.1111111111111111,0,1
CHEMBL1630090,11.731981,-0.72896427,CCN(CC)CCOc1ccc(CCC(Cc2cc3ccc(F)cc3oc2=O)C(=O)NO)cc1,IC50,1,single-target,0,470.54100000000017,3.949600000000002,92.01,2,6,12,3,3,34,0.3846153846153846,0,1
CHEMBL593763,2.511869,1.1461535,CNCc1cc(=O)oc2cc(OCc3cccc(Cl)c3)ccc12,IC50,8,multi-target,1,329.783,3.7448000000000015,51.47,1,4,5,3,3,23,0.1666666666666666,0,1
CHEMBL335955,-0.022641834,10.821555,C[C@@H]1[C@H](O)c2c(c3c(c4c(-c5ccccc5)cc(=O)oc24)O[C@H]2[C@@H]3C2(C)C)O[C@@H]1C,IC50,1,single-target,0,404.4620000000002,4.794800000000006,68.9,1,5,1,6,3,30,0.4,0,1
CHEMBL1231470,8.5339775,1.9026573,C=CC(C)(C)c1cc2cc3c(cc2oc1=O)O[C@H](C(C)(C)O)C3,IC50,2,multi-target,0,314.38100000000003,3.3310000000000013,59.67,1,4,3,3,2,23,0.4210526315789473,0,1
CHEMBL573985,2.666462,1.4437752,NC(=O)Cc1cc(=O)oc2cc(OCc3cccnc3)ccc12,IC50,2,multi-target,0,310.309,1.7948000000000004,95.42000000000002,1,5,5,3,3,23,0.1176470588235294,0,1
CHEMBL1310996,8.757104,-0.26544642,O=C(Nc1ccc2oc(=O)ccc2c1)c1ccc(-c2ccc(Cl)cc2)o1,IC50,1,single-target,0,365.7720000000001,4.958700000000002,72.45,1,4,3,4,4,26,0.0,0,1
CHEMBL1594123,4.4627285,5.876772,CCCc1cc(=O)oc2c3c(cc(OCC(=O)N4CCC[C@H]4C(=O)O)c12)OC(C)(C)CC3,IC50,1,single-target,0,443.4960000000003,3.3035000000000023,106.28,1,6,6,4,2,32,0.5416666666666666,0,1
CHEMBL2441681,3.4186082,1.7843688,COc1ccc(C(F)(F)F)c[n+]1CCCCOc1ccc2c(C)cc(=O)oc2c1,IC50,1,single-target,0,408.3960000000001,4.275520000000004,52.55,0,4,7,3,3,29,0.3333333333333333,0,1
CHEMBL1076247,1.6346968,-5.455018,CCOCC1(CN2CCN(C)CC2)COc2ccc3c(C)cc(=O)oc3c2C1=O,IC50,1,single-target,0,400.4750000000002,1.9468200000000009,72.22,0,7,5,4,2,29,0.5454545454545454,0,1
CHEMBL1081369,1.6361423,-5.4536004,CCOCC1(CN2CCN(c3ccccn3)CC2)COc2ccc3c(C)cc(=O)oc3c2C1=O,IC50,1,single-target,0,463.53400000000033,2.916620000000001,85.10999999999999,0,8,6,5,3,34,0.4230769230769231,0,1
CHEMBL121967,7.6164913,-0.91448945,O=c1ccc2ccc(CN3CCN(Cc4ccccc4)CC3)cc2o1,Ki,1,single-target,0,334.4190000000001,3.110800000000002,36.690000000000005,0,4,4,4,3,25,0.2857142857142857,0,1
CHEMBL1870203,7.143666,1.3973175,C=C(C)[C@@H](O)COc1c2ccoc2cc2oc(=O)ccc12,AC50,1,single-target,0,286.283,2.8550000000000013,72.81,1,5,4,3,3,21,0.1875,0,1
CHEMBL196052,7.503762,2.7200031,O=c1ccc2ccc(O)c(CNCc3ccccc3)c2o1,IC50,1,single-target,0,281.31100000000004,2.788400000000001,62.47,2,4,4,3,3,21,0.1176470588235294,0,1
CHEMBL1468522,5.581284,4.442415,COc1cc(/C=C/C(=O)c2c(O)ccc3c(C)cc(=O)oc23)ccc1O,EC50,1,single-target,0,352.3420000000001,3.4173200000000024,96.97,2,6,4,3,3,26,0.1,0,1
CHEMBL1830818,11.381808,1.696222,CCOC(=O)c1cc2ccc(OC3CCCCCC3)cc2oc1=O,IC50,2,multi-target,0,330.38000000000005,4.071300000000004,65.74000000000001,0,5,4,3,2,24,0.4736842105263157,0,1
CHEMBL1165549,4.5036216,5.037327,CCCc1cc(=O)oc2c(C)c(OCC(=O)NCC(=O)NCC(=O)O)ccc12,IC50,1,single-target,0,390.3920000000001,0.7497200000000006,134.93999999999997,3,6,9,2,2,28,0.3684210526315789,0,1
CHEMBL1388603,12.889493,0.53921485,COc1ccc(-c2cc3ccccc3oc2=O)cc1NC(=O)c1ccc(Br)o1,IC50,1,single-target,0,440.2490000000001,5.076400000000002,81.67999999999999,1,5,4,4,4,28,0.0476190476190476,1,0
CHEMBL265181,7.2208858,8.590658,COc1ccccc1C(c1c(O)c2ccccc2oc1=O)c1c(O)c2ccccc2oc1=O,IC50,1,single-target,0,442.4230000000002,4.499400000000004,110.11,2,7,4,5,5,33,0.0769230769230769,0,1
CHEMBL5434620,5.6385336,4.6242466,Cc1cc(=O)oc2c(NC(=O)CCl)c(O)ccc12,IC50,1,single-target,0,267.668,1.98432,79.54,2,4,2,2,2,18,0.1666666666666666,0,1
CHEMBL5272170,5.678247,8.499999,Nc1nc(-c2cccc(OS(=O)(=O)c3cccs3)c2)nc2c1c(=O)oc1ccccc12,IC50,1,single-target,0,451.4850000000002,3.814600000000001,125.38,1,9,4,5,5,31,0.0,0,1
CHEMBL1835224,11.270162,4.8865204,COc1ccc2oc(=O)c(-c3ccc(C)cc3)cc2c1,IC50,1,single-target,0,266.296,3.777020000000003,39.44,0,3,2,3,3,20,0.1176470588235294,0,1
CHEMBL510349,11.717235,4.9751024,O=c1oc2ccccc2cc1-c1ccccc1,IC50,2,multi-target,0,222.243,3.4600000000000017,30.21,0,2,1,3,3,17,0.0,0,1
CHEMBL470602,-1.0918629,5.865558,COc1cc(C)cc2oc(=O)c(Cc3ccccc3Cl)cc12,Ki,2,multi-target,0,314.768,4.354220000000003,39.44,0,3,3,3,3,22,0.1666666666666666,0,1
CHEMBL1878306,13.323471,-6.937848,COc1ccc(C2=CC(c3ccc4c(c3)OCO4)c3c(c4ccccc4oc3=O)O2)cc1OC,IC50,1,single-target,0,456.4500000000002,5.104300000000005,76.36,0,7,4,6,4,34,0.1481481481481481,1,0
CHEMBL270248,12.957217,4.716246,CCN(Cc1ccccc1)Cc1ccc(-c2cc3ccc(OCCNC(=O)/C=C/c4ccc(Cl)c(Cl)c4)cc3oc2=O)cc1,IC50,2,multi-target,0,627.5680000000002,7.997300000000006,71.78,1,5,12,5,5,44,0.1666666666666666,2,0
CHEMBL589156,4.6251225,3.7210095,O=c1cc(CSc2nccs2)c2ccc(O)cc2o1,IC50,1,single-target,0,291.35300000000007,3.2474000000000016,63.33,1,6,3,3,3,19,0.0769230769230769,0,1
CHEMBL325841,4.8157554,2.537238,O=c1cc(-c2ccccc2)c2ccc(O)cc2o1,IC50,7,multi-target,1,238.242,3.1656000000000013,50.44,1,3,1,3,3,18,0.0,0,1
CHEMBL492022,4.0389857,2.762574,COc1ccc2c(CC(=O)Nc3cccc(S(N)(=O)=O)c3)cc(=O)oc2c1,Ki,4,multi-target,0,388.4010000000002,1.6302,128.7,2,6,5,3,3,27,0.1111111111111111,0,1
CHEMBL514381,10.534369,0.076890424,COC(=O)c1cc2ccc(OCCc3nc(-c4cccc(F)c4)oc3C)cc2oc1=O,EC50,2,multi-target,0,423.3960000000001,4.303620000000004,91.77,0,7,6,4,4,31,0.1739130434782608,0,1
CHEMBL456912,10.543551,0.07575945,COC(=O)c1cc2ccc(OCCc3nc(-c4ccc(C)cc4)oc3C)cc2oc1=O,EC50,2,multi-target,0,419.43300000000016,4.472940000000004,91.77,0,7,6,4,4,31,0.2083333333333333,0,1
CHEMBL515991,10.525274,0.053328026,COC(=O)c1cc2ccc(OCCc3nc(-c4ccc(-c5ccccc5)cc4)oc3C)cc2oc1=O,EC50,2,multi-target,0,481.5040000000002,5.831520000000006,91.77,0,7,7,5,5,36,0.1379310344827586,1,0
CHEMBL1401585,3.498411,2.5162423,Cc1cc(C)nc(SCC(=O)Oc2ccc3oc(=O)cc(C)c3c2)n1,AC50,1,single-target,0,356.4030000000001,3.205960000000002,82.29,0,7,4,3,3,25,0.2222222222222222,0,1
CHEMBL1426955,6.381137,4.815852,CC1CN(Cc2c(O)ccc3c2oc(=O)c2ccccc23)CC(C)O1,AC50,2,multi-target,0,339.3910000000001,3.261000000000002,62.91,1,5,2,4,3,25,0.35,0,1
CHEMBL2387227,4.055061,-2.5084522,COc1ccccc1N1CCN(CCCCOc2ccc3c(C)cc(=O)oc3c2Cl)CC1,Ki,3,multi-target,0,456.97000000000014,4.744620000000005,55.150000000000006,0,6,8,4,3,32,0.4,0,1
CHEMBL1478000,7.5142603,0.5424669,CC(=O)OC1CCC2(C)C(COc3ccc4ccc(=O)oc4c3)C(C)(O)CCC2C1(C)C,AC50,2,multi-target,0,442.5520000000003,4.707000000000004,85.97000000000001,1,6,4,4,2,32,0.6153846153846154,0,1
CHEMBL452751,7.1250243,1.6194687,COc1c2ccoc2c(OCC=C(C)C)c2oc(=O)ccc12,IC50,5,multi-target,1,300.31,3.892800000000003,61.81,0,5,4,3,3,22,0.2352941176470588,0,1
CHEMBL7289,1.0362948,-3.2138894,CC1(C)CCc2cc3c(C(F)(F)F)cc(=O)oc3cc2N1,IC50,3,multi-target,0,297.27599999999995,3.948500000000003,42.24,1,3,0,3,2,21,0.4,0,1
CHEMBL196350,-2.5759897,8.071021,O=c1cc(NC2CCN(Cc3ccc4ocnc4c3)CC2)c2cc(Cl)ccc2o1,IC50,1,single-target,0,409.8730000000002,4.664100000000004,71.51,1,6,4,5,4,29,0.2727272727272727,0,1
CHEMBL193416,6.6100707,4.290693,O=c1ccc2ccc(O)c(CN3CCCCC3)c2o1,IC50,1,single-target,0,259.3049999999999,2.4845000000000006,53.68,1,4,2,3,2,19,0.4,0,1
CHEMBL1443674,4.6425514,3.2702494,CCc1cc2c(COC(=O)c3cccc(NS(C)(=O)=O)c3)cc(=O)oc2cc1O,EC50,1,single-target,0,417.4390000000002,2.7895000000000008,122.91,2,7,6,3,3,29,0.2,0,1
CHEMBL1525722,3.0473502,2.0726128,COc1ccc(COc2ccc3c(C)cc(=O)oc3c2)cc1,IC50,4,multi-target,0,296.322,3.689020000000002,48.67,0,4,4,3,3,22,0.1666666666666666,0,1
CHEMBL448936,6.524932,1.0738784,CCOc1cccc2oc(=O)ccc12,IC50,1,single-target,0,190.198,2.1917,39.44,0,3,2,2,2,14,0.1818181818181818,0,1
CHEMBL1866835,12.862854,9.425924,Cc1cc(OC(C)C(=O)NCCCN2CCOCC2)c2c(C)cc(=O)oc2c1,IC50,1,single-target,0,388.4640000000001,2.01564,81.01,1,6,7,3,2,28,0.5238095238095238,0,1
CHEMBL268098,1.0279152,-3.2206109,O=c1cc(C(F)(F)F)c2cc3c(cc2o1)NCCC3,EC50,1,single-target,0,269.22200000000004,3.169900000000001,42.24,1,3,0,3,2,19,0.3076923076923077,0,1
CHEMBL205777,4.6316004,1.4924585,CC[C@@](C)(Cc1ccc(OCCCOc2ccc3c(C(F)(F)F)cc(=O)oc3c2C)cc1)C(=O)O,IC50,2,multi-target,0,492.4900000000001,6.011520000000006,85.97000000000001,1,5,10,3,3,35,0.3846153846153846,1,0
CHEMBL3706905,4.5548506,2.3898156,O=c1cc(C(F)(F)F)c2ccc(N(CC(F)(F)F)CC(F)(F)F)cc2o1,EC50,1,single-target,0,393.2050000000001,4.742800000000002,33.45,0,3,3,2,2,26,0.3571428571428571,0,1
CHEMBL6654,1.0148225,-3.2363985,CCC1Nc2cc3oc(=O)cc(C(F)(F)F)c3cc2CC1C,IC50,2,multi-target,0,311.30300000000005,4.194500000000002,42.24,1,3,1,3,2,22,0.4375,0,1
CHEMBL204272,6.371842,6.137234,O=c1oc2c(Cl)c(O)ccc2c2cc(F)c(O)c(Cl)c12,IC50,2,multi-target,0,315.083,3.803300000000001,70.67,2,4,0,3,3,20,0.0,0,1
CHEMBL363624,0.18225479,10.614747,CC(C)=CCc1c(O)cc(O)c2c(-c3ccccc3)cc(=O)oc12,IC50,1,single-target,0,322.36000000000007,4.379900000000004,70.67,2,4,3,3,3,24,0.15,0,1
CHEMBL255531,5.4687595,3.896005,O=c1cc(CCl)c2ccc(O)c(O)c2o1,IC50,1,single-target,0,226.615,1.9430000000000005,70.67,2,4,1,2,2,15,0.1,0,1
CHEMBL472638,13.501047,1.612797,NCCNC(=O)c1cc2ccccc2oc1=O,IC50,1,single-target,0,232.239,0.4814999999999996,85.32999999999998,2,4,3,2,2,17,0.1666666666666666,0,1
CHEMBL508698,13.1072855,1.1232579,O=C(Nc1cccc(F)c1)c1cc2ccccc2oc1=O,IC50,1,single-target,0,283.25800000000004,3.184400000000001,59.31,1,3,2,3,3,21,0.0,0,1
CHEMBL1535670,13.842827,1.2992712,COc1ccc(S(=O)(=O)CC(=O)c2cc3cccc(C)c3oc2=O)cc1,IC50,2,multi-target,0,372.39800000000014,2.7666200000000014,90.65,0,6,5,3,3,26,0.1578947368421052,0,1
CHEMBL204902,6.315993,6.0676093,CCc1c(O)ccc2c1c(=O)oc1c(C)c(O)ccc12,IC50,2,multi-target,0,270.28399999999993,3.228220000000001,70.67,2,4,1,3,3,20,0.1875,0,1
CHEMBL2309599,3.6204815,3.483073,Cc1cc(=O)oc2cc(NC(=O)[C@@H](CCCCN)NC(=O)[C@H](CC3CCCCC3)NC(=O)OCC3c4ccccc4-c4ccccc43)ccc12,Kd,3,multi-target,0,678.8300000000003,6.531420000000005,152.76,4,7,13,6,4,50,0.4,2,0
CHEMBL1319645,5.646524,3.788884,COc1ccc(-c2cc(=O)oc3c(O)c(O)ccc23)cc1,IC50,2,multi-target,0,284.267,2.879800000000002,79.9,2,5,2,3,3,21,0.0625,0,1
CHEMBL1409950,4.670894,3.303392,Cc1cc2oc(=O)cc(CNc3ccccc3F)c2cc1O,EC50,1,single-target,0,299.30100000000004,3.5582200000000026,62.47,2,4,3,3,3,22,0.1176470588235294,0,1
CHEMBL3972814,11.161012,2.342345,O=C(O)c1cc2ccc(N(Cc3ccc(F)cc3)Cc3ccc(F)cc3)cc2oc1=O,IC50,1,single-target,0,421.3990000000001,4.976200000000003,70.75,1,4,6,4,4,31,0.0833333333333333,0,1
CHEMBL1403039,20.163076,2.2019756,CCN(CC)CCC(c1ccc(N(C)C)cc1)c1c(OC)cc(OC)c2ccc(=O)oc12,AC50,1,single-target,0,438.56800000000027,4.740000000000005,55.150000000000006,0,6,10,3,3,32,0.4230769230769231,0,1
CHEMBL4793934,-4.097281,-0.60494983,COc1ccc2cc(C(=O)N[C@@H](Cc3ccccc3)[C@H](O)CN(CC(C)C)S(=O)(=O)c3ccc([N+](=O)[O-])cc3)c(=O)oc2c1,IC50,1,single-target,0,623.6840000000003,3.758700000000003,169.29000000000002,2,9,13,4,4,44,0.2903225806451613,1,0
CHEMBL4759593,-4.064953,-0.57255435,CC(C)CN(C[C@@H](O)[C@H](Cc1ccccc1)NC(=O)Cc1cc2ccc(N)cc2oc1=O)S(=O)(=O)c1ccc(N)cc1,IC50,1,single-target,0,592.7180000000002,2.9352,168.96,4,8,12,4,4,42,0.2903225806451613,1,0
CHEMBL18669,2.5325885,4.298837,CCCCCCCCS(=O)(=O)Oc1ccc2c(C)c(C)c(=O)oc2c1,IC50,1,single-target,0,366.47900000000016,4.478940000000004,73.58000000000001,0,5,9,2,2,25,0.5263157894736842,0,1
CHEMBL1938469,6.3380604,2.0931609,Cc1cc(=O)oc2cc(O[C@@H]3O[C@@H](C)[C@H](O)[C@@H](O)[C@H]3O)ccc12,Ki,2,multi-target,0,322.31300000000005,0.3077199999999996,109.36,3,7,2,3,2,23,0.4375,0,1
CHEMBL161658,19.77098,8.453123,NS(=O)(=O)c1cccc(NS(=O)(=O)c2ccc(NCc3cc(=O)oc4cc(Cl)ccc34)cc2)c1,Ki,3,multi-target,0,519.9880000000003,3.5067000000000013,148.57,3,7,7,4,4,34,0.0454545454545454,1,0
CHEMBL422830,2.1905844,3.7199244,Cc1c(C)c2ccc(/C=C/c3ccccc3)cc2oc1=O,IC50,2,multi-target,0,276.33500000000004,4.580240000000004,30.21,0,2,2,3,3,21,0.1052631578947368,0,1
CHEMBL4091160,2.4129255,4.256796,Cc1c(C#N)c(=O)oc2cc(OS(=O)(=O)c3cccc([N+](=O)[O-])c3)ccc12,IC50,2,multi-target,0,386.3410000000001,2.649000000000001,140.51000000000002,0,8,4,3,3,27,0.0588235294117647,0,1
CHEMBL1324640,2.4932368,5.08305,O=c1oc2cc(Oc3c([N+](=O)[O-])cc(C(F)(F)F)cc3[N+](=O)[O-])ccc2c2c1CCCC2,AC50,5,multi-target,1,450.3250000000003,5.299300000000003,125.72,0,7,4,4,3,32,0.25,1,0
CHEMBL4073185,5.0846095,4.49559,COc1ccc(S(=O)(=O)Oc2ccc3c(C)cc(=O)oc3c2OS(=O)(=O)c2ccc(OC)cc2)cc1,IC50,1,single-target,0,532.5480000000003,3.6540200000000023,135.41,0,10,8,4,4,36,0.125,1,0
CHEMBL3823400,23.633486,3.1991951,COc1ccc(-c2cc(C(=O)N/N=C/c3c(Cl)c4ccccc4oc3=O)nn2-c2ccc(S(N)(=O)=O)cc2)cc1,IC50,2,multi-target,0,578.0060000000003,3.719000000000001,158.88,2,9,7,5,5,40,0.037037037037037,1,0
CHEMBL244416,12.830798,4.550349,CCN(Cc1ccccc1)Cc1ccc(-c2cc3cc(OC)c(OC)cc3oc2=O)cc1,IC50,2,multi-target,0,429.5160000000002,5.499300000000006,51.91,0,5,8,4,4,32,0.2222222222222222,1,0
CHEMBL1221981,10.893679,4.640674,COc1cc(OC)cc(-c2cc3cc(C)cc(Br)c3oc2=O)c1,IC50,1,single-target,0,375.2180000000001,4.548120000000003,48.67,0,4,3,3,3,23,0.1666666666666666,0,1
CHEMBL1455263,4.037166,4.247906,CCN(CC)c1ccc2c(C)c(-c3ccc(N)cc3)c(=O)oc2c1,IC50,1,single-target,0,322.4080000000001,4.196820000000002,59.47,1,4,4,3,3,24,0.25,0,1
CHEMBL3116094,7.2330017,1.4189016,CC(C)(O)C(Br)COc1c2c(cc3oc(=O)ccc13)OCO2,IC50,1,single-target,0,371.18300000000016,2.4349,78.13000000000001,1,6,4,3,2,22,0.4,0,1
CHEMBL1258982,11.687899,7.875824,CC(=O)N1N=C(c2cc3ccccc3oc2=O)CC1c1ccc(Cl)cc1Cl,IC50,2,multi-target,0,401.24900000000014,4.797400000000003,62.88,0,4,2,4,3,27,0.15,0,1
CHEMBL472218,11.08897,1.1738833,O=C(Nc1ccccc1Cc1ccccc1)c1cc2ccc(OCc3ccccc3)cc2oc1=O,IC50,2,multi-target,0,461.5170000000002,6.215100000000005,68.53999999999999,1,4,7,5,5,35,0.0666666666666666,1,0
CHEMBL3094026,2.7883525,1.0679219,O=c1cc(CCl)c2ccc(OCc3cccc(Br)c3)cc2o1,IC50,1,single-target,0,379.63700000000006,4.873300000000003,39.44,0,3,4,3,3,22,0.1176470588235294,0,1
CHEMBL470008,10.974957,1.2266315,CN(C(=O)c1cc2ccc(OCc3ccccc3)cc2oc1=O)c1ccccc1,IC50,1,single-target,0,385.4190000000001,4.648600000000004,59.75000000000001,0,4,5,4,4,29,0.0833333333333333,0,1
CHEMBL3094008,2.568381,0.61201787,CCNc1cc(=O)oc2cc(OCc3cccc(Cl)c3)ccc12,IC50,2,multi-target,0,329.783,4.457200000000003,51.47,1,4,5,3,3,23,0.1666666666666666,0,1
CHEMBL5412890,3.513777,5.1450043,CNC(=O)[C@H](CNC(=O)c1cccc(COc2ccccc2C(N)=O)c1)NC(=O)COc1cc(C)cc2oc(=O)c3c(c12)CCC3,IC50,1,single-target,0,626.6659999999999,2.307620000000002,179.06,4,8,12,5,4,46,0.2647058823529412,1,0
CHEMBL1334334,6.3482475,8.710503,Cc1cc(NC(=O)C2CCCCC2)nc2c1c(=O)oc1ccccc12,AC50,4,multi-target,0,336.391,4.168420000000003,72.2,1,4,2,4,3,25,0.35,0,1
CHEMBL5415361,16.013712,4.912798,O=c1oc2cc(OCCCCn3cc(COc4ccc(-c5oc(=O)c6c(Cl)cc(Cl)cc6c5-c5ccccc5)cc4)nn3)ccc2c(-c2ccccc2)c1-c1ccc(OS(=O)(=O)O)cc1,IC50,1,single-target,0,928.8030000000002,11.08549999999999,173.19,1,12,15,9,9,65,0.1020408163265306,3,0
CHEMBL573522,2.501318,1.1409642,O=C(Cc1cc(=O)oc2cc(OCc3cccc(Cl)c3)ccc12)NCc1ccccc1,IC50,1,single-target,0,433.8910000000001,4.884300000000004,68.54,1,4,7,4,4,31,0.12,0,1
CHEMBL122754,8.160631,-0.52806425,Cc1ccc(NCCNCc2ccc3ccc(=O)oc3c2)cc1,IC50,1,single-target,0,308.3810000000001,3.3031200000000016,54.27,2,4,6,3,3,23,0.2105263157894736,0,1
CHEMBL1258747,11.715243,7.8506274,COc1ccc(C2CC(c3cc4ccccc4oc3=O)=NN2C(C)=O)cc1,IC50,3,multi-target,0,362.3850000000001,3.499200000000002,72.11,0,5,3,4,3,27,0.1904761904761904,0,1
CHEMBL600018,15.922912,-2.352701,Cc1c(N2CCN(C)CC2)c(=O)oc2cc(OCCN3CCCC3)ccc12,IC50,1,single-target,0,371.4810000000002,2.32782,49.16,0,6,5,4,2,27,0.5714285714285714,0,1
CHEMBL1598233,12.502928,1.1121786,COc1ccc2oc(=O)c(C(=O)Nc3cccc(C)c3)cc2c1,IC50,1,single-target,0,309.321,3.3623200000000013,68.53999999999999,1,4,3,3,3,23,0.1111111111111111,0,1
CHEMBL1494802,12.924248,0.4549172,O=C(Nc1cccc(Cl)c1N1CCCC1)c1cccc(-c2cc3ccccc3oc2=O)c1,AC50,6,multi-target,1,444.9180000000001,5.965900000000005,62.55,1,4,4,5,4,32,0.1538461538461538,1,0
CHEMBL4570404,6.6015472,7.174215,CC(=O)c1c(O)c2c(=O)oc3c(C)cccc3c2oc1=O,IC50,2,multi-target,0,286.23900000000003,2.11602,97.72,1,6,1,3,3,21,0.1333333333333333,0,1
CHEMBL3335058,5.1844954,-1.2645102,O=c1oc2cc(OCCN3CCC(Cc4ccccc4)CC3)ccc2c2ccccc12,IC50,1,single-target,0,413.51700000000017,5.279700000000005,42.68,0,4,6,5,4,31,0.2962962962962963,1,0
CHEMBL1530252,-1.5150583,3.9394069,CCC(C)n1nnc2c(=O)oc3ccccc3c21,AC50,2,multi-target,0,243.266,2.5087,60.92,0,5,2,3,3,18,0.3076923076923077,0,1
CHEMBL286638,6.5697064,1.1007519,CC(C)(C)C#C/C=C/CNc1cccc2oc(=O)ccc12,IC50,1,single-target,0,281.355,3.810600000000002,42.24,1,3,3,2,2,21,0.2777777777777778,0,1
CHEMBL434860,19.783575,8.465573,NS(=O)(=O)c1cc(S(N)(=O)=O)c(NCc2cc(=O)oc3cc(Cl)ccc23)c(Cl)c1Cl,Ki,3,multi-target,0,512.7800000000002,2.660100000000001,162.56,3,7,5,3,3,30,0.0625,1,0
CHEMBL268282,4.3112235,2.8720932,COc1ccc2c(CC(=O)O)cc(=O)oc2c1,IC50,2,multi-target,0,234.207,1.4287,76.74000000000001,1,4,3,2,2,17,0.1666666666666666,0,1
CHEMBL1423602,4.446512,5.912484,CSC[C@H](NC(=O)COc1cc2c(c3oc(=O)c(C)c(C)c13)CCC(C)(C)O2)C(=O)O,IC50,1,single-target,0,449.5250000000003,2.8246400000000005,115.07,2,7,7,3,2,31,0.5,0,1
CHEMBL3264727,7.188058,8.47992,CCOc1cc(C(c2c(O)c3cc(Cl)ccc3oc2=O)c2c(O)c3cc(Cl)ccc3oc2=O)ccc1O,IC50,1,single-target,0,541.3390000000003,5.901900000000006,130.34,3,8,5,5,5,37,0.1111111111111111,2,0
CHEMBL451623,6.5425344,1.0722761,CCCOc1cccc2oc(=O)ccc12,IC50,1,single-target,0,204.225,2.581800000000001,39.44,0,3,3,2,2,15,0.25,0,1
CHEMBL2178454,2.476996,6.319797,Cc1c(CCCC(=O)O)c(=O)oc2c(C)c(OCc3ccc(-c4ccccc4)cc3)ccc12,IC50,1,single-target,0,442.5110000000001,6.063140000000005,76.74,1,4,8,4,4,33,0.2142857142857142,1,0
CHEMBL35376,5.274875,-1.6269543,O=c1oc2cc(OCCCN3CCN(Cc4ccc(Cl)cc4)CC3)ccc2c(O)c1[N+](=O)[O-],Kd,1,single-target,0,473.9130000000002,3.646900000000004,109.29000000000002,1,8,8,4,3,33,0.3478260869565217,0,1
CHEMBL197849,-2.540049,8.041297,O=c1cc(NC2CCN(C/C=C/c3ccccc3)CC2)c2ccccc2o1,IC50,1,single-target,0,360.45700000000016,4.382700000000004,45.48,1,4,5,4,3,27,0.2608695652173913,0,1
CHEMBL3976042,12.993026,3.4717667,O=C(NCCc1c[nH]c2ccccc12)c1cc2ccc(OCc3ccccc3F)cc2oc1=O,IC50,2,multi-target,0,456.4730000000002,4.964900000000004,84.33000000000001,2,4,7,5,5,34,0.1111111111111111,0,1
CHEMBL2112312,1.0182348,-3.232355,CC[C@@H]1c2cc3c(C(F)(F)F)cc(=O)oc3cc2NC[C@H]1C,IC50,4,multi-target,0,311.303,4.367000000000004,42.24,1,3,1,3,2,22,0.4375,0,1
CHEMBL381697,6.343981,6.132747,COc1c(C)c(Br)c2c(=O)oc3c(C)c(O)ccc3c2c1C,IC50,2,multi-target,0,363.2070000000001,4.348160000000002,59.67,1,4,1,3,3,22,0.2352941176470588,0,1
CHEMBL1335064,4.621021,4.9065022,Cc1c(OCC(N)=O)ccc2c(-c3ccccc3)cc(=O)oc12,IC50,3,multi-target,0,309.32100000000014,2.6325200000000004,82.53,1,4,4,3,3,23,0.1111111111111111,0,1
CHEMBL3739579,12.011025,6.206227,O=Cc1cn(-c2nc(-c3cc4ccccc4oc3=O)cs2)nc1-c1ccccc1,Ki,1,single-target,0,399.4310000000001,4.581700000000003,77.99,0,7,4,5,5,29,0.0,0,1
CHEMBL282382,14.387191,18.33743,CCCc1cc(=O)oc2c3c(c4c(c12)OC(C)(C)C=C4)O[C@@H](C)C(C)[C@@H]3O,IC50,1,single-target,0,370.4450000000001,4.380100000000005,68.9,1,5,2,4,2,27,0.5,0,1
CHEMBL1688914,8.603336,10.850373,COc1ccc2c(C(c3ccccc3)n3ccnc3)cc(=O)oc2c1,IC50,1,single-target,0,332.3590000000001,3.6358000000000015,57.260000000000005,0,5,4,4,4,25,0.1,0,1
CHEMBL206218,6.3815737,6.162987,Cc1cc2c(=O)oc3c(C)c(O)ccc3c2c(C)c1Br,IC50,1,single-target,0,333.181,4.339560000000002,50.44,1,3,0,3,3,20,0.1875,0,1
CHEMBL1727447,13.659351,1.3150082,C/C(=N\NC(=O)c1ccncc1)c1cc2ccccc2oc1=O,AC50,2,multi-target,0,307.3090000000001,2.3420000000000005,84.56,1,5,3,3,3,23,0.0588235294117647,0,1
CHEMBL1423338,4.50048,3.3410408,CCN(CC)c1ccc(C(=O)OCc2cc(=O)oc3cc(O)ccc23)cc1,AC50,4,multi-target,0,367.401,3.701800000000002,79.98,1,6,6,3,3,27,0.238095238095238,0,1
CHEMBL3955849,9.274452,-1.477114,N#Cc1ccc(-c2ccc3oc(=O)ccc3c2)n1CC1CCCCC1,IC50,1,single-target,0,332.4030000000002,4.713480000000003,58.93,0,4,3,4,3,25,0.3333333333333333,0,1
CHEMBL158660,19.789055,8.478681,NS(=O)(=O)c1ccccc1NCc1cc(=O)oc2cc(Cl)ccc12,Ki,3,multi-target,0,364.81,2.705900000000001,102.4,2,5,4,3,3,24,0.0625,0,1
CHEMBL1398736,5.204437,3.6149457,Cc1ccc2oc(=O)cc(CN3CCCCC3)c2c1,IC50,1,single-target,0,257.3329999999999,3.087320000000002,33.45,0,3,2,3,2,19,0.4375,0,1
CHEMBL3092187,11.099342,14.5294695,Cc1c(Cc2cccc(NS(N)(=O)=O)c2)c(=O)oc2c(F)c(OC(=O)N(C)C)ccc12,IC50,2,multi-target,0,449.4600000000002,2.5071200000000013,131.94,2,6,5,3,3,31,0.2,0,1
CHEMBL1351746,4.914405,3.2629626,CCc1cc(=O)oc2cc(C)cc(O)c12,IC50,1,single-target,0,204.225,2.369420000000001,50.44,1,3,1,2,2,15,0.25,0,1
CHEMBL4761822,16.405231,4.7273946,O=c1cc(OCCCCn2cc(Cn3nc4ccccc4n3)nn2)c2ccccc2o1,IC50,1,single-target,0,416.44100000000014,3.036700000000001,100.86,0,9,8,5,5,31,0.2272727272727272,0,1
CHEMBL1688915,8.609452,10.856944,O=c1cc(C(c2ccccc2)n2ccnc2)c2ccc(Oc3ccccc3)cc2o1,IC50,1,single-target,0,394.4300000000002,5.419500000000005,57.260000000000005,0,5,5,5,5,30,0.04,1,0
CHEMBL1363026,3.861258,6.7287397,Cc1c(CCC(=O)NCCCn2ccnc2)c(=O)oc2cc3oc4c(c3cc12)CCCC4,IC50,1,single-target,0,433.5080000000004,4.062020000000004,90.27,1,6,7,5,4,32,0.4,0,1
CHEMBL313331,6.3949533,8.598912,O=c1oc2ccccc2c(O)c1CCCN(Cc1ccccc1)c1ccccc1,IC50,1,single-target,0,385.463,5.138000000000004,53.68,1,4,7,4,4,29,0.16,1,0
CHEMBL579300,-2.5758138,8.070827,O=c1cc(NC2CCN(CCCc3ccccc3)CC2)c2cc(Cl)ccc2o1,IC50,3,multi-target,0,396.9180000000002,4.955500000000005,45.48,1,4,6,4,3,28,0.3478260869565217,0,1
CHEMBL153406,11.953108,2.0424352,CCOC(=O)CC(=O)c1cc2ccc(O)cc2oc1=O,Ki,1,single-target,0,276.244,1.6344999999999998,93.81,1,6,4,2,2,20,0.2142857142857142,0,1
CHEMBL1372334,5.455264,4.1019764,COC(=O)Cc1cc(=O)oc2c(C)c(O)ccc12,AC50,1,single-target,0,248.234,1.5225199999999997,76.74000000000001,1,5,2,2,2,18,0.2307692307692307,0,1
CHEMBL422788,4.7594,-1.311523,Cc1cc2ccc(OCCCN3CCN(c4ccccc4)CC3)cc2oc1=O,Ki,3,multi-target,0,378.47200000000015,3.6925200000000022,45.92,0,5,6,4,3,28,0.3478260869565217,0,1
CHEMBL2177801,2.5144043,6.2794447,Cc1c(CCC(=O)O)c(=O)oc2c(C)c(OCc3ccc4ccccc4c3)ccc12,IC50,1,single-target,0,402.446,5.159240000000004,76.74,1,4,6,4,4,30,0.2,1,0
CHEMBL1566005,3.1941879,2.50533,Cc1nnc(NC(=O)COc2ccc3c(C)cc(=O)oc3c2)s1,IC50,1,single-target,0,331.35300000000007,2.27884,94.32,1,7,4,3,3,23,0.2,0,1
CHEMBL142555,5.876669,0.15498833,COc1cc(C(C)C)c2c(c1)S(=O)(=O)N(COc1cc(=O)oc3ccccc13)C2=O,Ki,1,single-target,0,429.4500000000002,3.1060000000000016,103.12,0,7,5,4,3,30,0.238095238095238,0,1
CHEMBL3903073,9.511511,-1.2799474,CCN(CC)c1cc2oc(=O)ccc2cc1-c1ccc(C#N)n1CC#N,IC50,1,single-target,0,346.3900000000001,3.5029600000000025,85.96000000000001,0,6,5,3,3,26,0.25,0,1
CHEMBL113230,-1.8120774,5.7277126,CCCCCCC(C)(C)c1cc(O)c2c(c1)oc(=O)c1ccc(C)cc12,Ki,3,multi-target,0,352.4740000000001,6.208220000000007,50.440000000000005,1,3,6,3,3,26,0.4347826086956521,1,0
CHEMBL4471734,4.0177794,11.960704,O=c1oc2ccccc2c2c1cnn2Cc1cn(-c2c(Cl)cc(Cl)cc2Cl)nn1,IC50,2,multi-target,0,446.68100000000015,4.731900000000002,78.74,0,7,3,5,5,29,0.0526315789473684,0,1
CHEMBL4789192,-3.9983444,-0.5074755,COc1ccc2c(CC(=O)N[C@@H](Cc3ccccc3)[C@H](O)CN(CC(C)C)S(=O)(=O)c3ccc(N)cc3)cc(=O)oc2c1,IC50,2,multi-target,0,607.7290000000004,3.361600000000001,152.17000000000002,3,8,13,4,4,43,0.3125,1,0
CHEMBL5414372,10.437764,4.0911994,COc1cccc2cc(Cn3ccnc3)c(=O)oc12,IC50,1,single-target,0,256.261,2.0464,57.260000000000005,0,5,3,3,3,19,0.1428571428571428,0,1
CHEMBL5286193,14.387131,18.33728,Cc1cc(=O)oc2c3c(c4c(c12)OC(C)(C)C=C4)O[C@H](C)[C@@H](C)[C@H]3O,IC50,1,single-target,0,342.3910000000001,3.736020000000003,68.9,1,5,0,4,2,25,0.45,0,1
CHEMBL258397,5.5672517,7.125111,COc1ccc2oc(=O)c3c(ccc4[nH]c(=O)cc(C)c43)c2c1,IC50,1,single-target,0,307.30500000000006,3.1047200000000013,72.3,1,4,1,4,4,23,0.1111111111111111,0,1
CHEMBL3894599,9.249863,-1.4808216,N#Cc1ccc(-c2ccc3oc(=O)ccc3c2)n1Cc1ccc2ccccc2c1,IC50,1,single-target,0,376.4150000000001,5.334680000000003,58.93,0,4,3,5,5,29,0.04,1,0
CHEMBL437731,8.692211,10.92871,O=c1cc(Cn2ccnc2)c2ccc(Oc3ccccc3)cc2o1,IC50,3,multi-target,0,318.33200000000005,3.8301000000000025,57.260000000000005,0,5,4,4,4,24,0.0526315789473684,0,1
CHEMBL4446622,4.7212005,-5.627736,O=c1oc2ccccc2cc1CO[C@H]1[C@@H](O)[C@@H](CO)O[C@@H](S[C@@H]2O[C@H](CO)[C@H](O)[C@H](OCc3cc4ccccc4oc3=O)[C@H]2O)[C@@H]1O,Kd,7,multi-target,1,674.6770000000004,-0.0188000000000009,218.72,6,15,10,6,4,47,0.4375,3,0
CHEMBL3219490,13.034238,6.4901776,Cc1sc(N/N=C/c2cc3ccccc3oc2=O)nc1-c1ccccc1,IC50,2,multi-target,0,361.4260000000001,4.670920000000003,67.49000000000001,1,6,4,4,4,26,0.05,0,1
CHEMBL4173787,-1.5384151,3.9457374,Cn1nc(Cc2ccccc2)c2c(=O)oc3ccccc3c21,Ki,2,multi-target,0,290.322,3.270500000000002,48.03,0,4,2,4,4,22,0.1111111111111111,0,1
CHEMBL4778582,16.432951,4.7456307,O=c1cc(OCCn2cc(COn3nnc4ccccc43)nn2)c2ccccc2o1,IC50,1,single-target,0,404.38600000000014,1.8369999999999995,110.09,0,10,7,5,5,30,0.15,0,1
CHEMBL3235998,7.5170407,2.1183739,COc1cc(OC)c2ccc(=O)oc2c1CC=C(C)C,IC50,1,single-target,0,274.316,3.318900000000002,48.67,0,4,4,2,2,20,0.3125,0,1
CHEMBL5218564,23.593834,-6.7990723,COc1cc(/C=C/C(=O)OCCCCCCCN(CCCOC(=O)/C=C/c2cc(OC)c(OC)c(OC)c2)CCCOc2ccc3ccc(=O)oc3c2)cc(OC)c1OC,Ki,2,multi-target,0,831.956,7.76930000000001,150.65999999999997,0,14,27,4,4,60,0.4130434782608695,3,0
CHEMBL5218606,23.548964,-6.7539153,COc1cc(/C=C/C(=O)OCCCN(CCCCCCOC(=O)c2cc(OC)c(OC)c(OC)c2)CCCOc2ccc3ccc(=O)oc3c2)cc(OC)c1OC,Ki,2,multi-target,0,791.8910000000001,6.9796000000000085,150.65999999999997,0,14,25,4,4,57,0.4186046511627907,3,0
CHEMBL5429806,8.212654,0.47559795,COc1ccc(S(=O)(=O)NCCCCNC[C@H](O)COc2ccc3ccc(=O)oc3c2)cc1,Kd,1,single-target,0,476.5510000000002,1.8896,127.1,3,8,13,3,3,33,0.3478260869565217,0,1
CHEMBL2425845,13.3897,-6.914426,Nc1c2c(nc3c1C(c1cccc(F)c1)c1c(c4ccccc4oc1=O)O3)CCCC2,IC50,2,multi-target,0,414.43600000000026,5.074000000000003,78.35000000000001,1,5,1,6,4,31,0.2,1,0
CHEMBL4540508,4.125418,11.050261,O=c1oc2ccccc2c2nn(CN3CCN(S(=O)(=O)c4ccc(Br)cc4)CC3)cc12,IC50,3,multi-target,0,503.37800000000016,2.869200000000002,88.65,0,7,4,5,4,31,0.238095238095238,1,0
CHEMBL4098491,12.889658,-7.1180854,COc1ccc(C2C(C#N)=C(NC(=O)CN3CCN(c4ccccc4)CC3)Oc3c2c(=O)oc2ccccc32)cc1,IC50,2,multi-target,0,548.5990000000003,3.999480000000004,108.04,1,8,6,6,4,41,0.21875,1,0
CHEMBL4441792,5.7780547,-9.464653,CN(C)c1ccc(-c2ccc3c4c(c(=O)oc3c2)CN(C(=O)c2ccc(C(=O)O)cc2)CC4)cc1,IC50,2,multi-target,0,468.5090000000002,4.422700000000003,91.06000000000002,1,5,4,5,4,35,0.1785714285714285,0,1
CHEMBL3931501,1.6378071,-1.3974713,CCc1ccc(OCCCCCOc2c3ccoc3cc3oc(=O)ccc23)cc1,EC50,1,single-target,0,392.4510000000001,5.729700000000006,61.81,0,5,9,4,4,29,0.2916666666666667,1,0
CHEMBL3805418,13.038803,6.176462,NS(=O)(=O)c1ccc(Nc2nc(-c3cc4cc(Cl)ccc4oc3=O)cs2)cc1,Ki,4,multi-target,0,433.89800000000014,3.9609000000000014,115.29,2,7,4,4,4,28,0.0,0,1
CHEMBL5595203,8.846597,-0.23498027,O=C(/C=C/c1cc(O)ccc1O)Nc1ccc2oc(=O)ccc2c1,IC50,1,single-target,0,323.3040000000001,2.8561000000000005,99.77,3,5,3,3,3,24,0.0,0,1
CHEMBL2012477,11.866964,7.694106,CC1CCN(CC(=O)N2N=C(c3cc4ccccc4oc3=O)CC2c2ccccc2)CC1,IC50,1,single-target,0,429.52000000000027,4.202600000000004,66.12,0,5,4,5,3,32,0.3461538461538461,0,1
CHEMBL3120694,3.6055381,-1.7443975,O=c1oc2cc(OCCCN3CCC(c4noc5cc(F)ccc45)CC3)ccc2c2c1CCC2,IC50,3,multi-target,0,462.5210000000003,5.210500000000006,68.71000000000001,0,6,6,6,4,34,0.4074074074074074,1,0
CHEMBL81277,10.964069,14.642751,CC(=O)Nc1cccc(Cc2c(C)c3cc(Cl)c(OC(=O)N(C)C)cc3oc2=O)c1,IC50,2,multi-target,0,428.8720000000002,4.364420000000004,88.85,1,5,4,3,3,30,0.2272727272727272,0,1
CHEMBL5419495,6.190526,-1.8215294,O=c1cc(OCCCNC2CCN(Cc3ccccc3)CC2)c2ccc(-c3ccc(F)nc3)cc2o1,IC50,1,single-target,0,487.5750000000003,5.017200000000004,67.6,1,6,9,5,4,36,0.3103448275862069,1,0
CHEMBL5402892,15.958643,4.2160263,O=c1ccc2ccc(OCc3cn(-c4ccc5c(c4)B(O)OC5)nn3)cc2o1,Ki,5,multi-target,1,375.1490000000001,1.1703999999999997,99.61,1,8,4,5,4,28,0.1052631578947368,0,1
CHEMBL5072382,7.1539226,-3.1991699,Cc1c(C)c2ccc(OCC3CCCN(CCCC(F)F)C3)cc2oc1=O,IC50,3,multi-target,0,379.447,4.545940000000004,42.68,0,4,7,3,2,27,0.5714285714285714,0,1
CHEMBL5434920,6.2533,-2.1050944,Cc1cccc(CNC2CCN(CCCOc3cc(=O)oc4cc(-c5cccnc5)ccc34)CC2)c1,IC50,2,multi-target,0,483.61200000000025,5.186520000000005,67.6,1,6,9,5,4,36,0.3333333333333333,1,0
CHEMBL3927354,13.182241,1.5971833,O=C(/C=C/c1ccc([N+](=O)[O-])cc1)c1cc2ccccc2oc1=O,IC50,1,single-target,0,321.2880000000001,3.5973000000000024,90.42,0,5,4,3,3,24,0.0,0,1
CHEMBL4793392,7.178571,7.8258986,C/C(=N\CC(C)C)c1c(O)c2ccccc2oc1=O,IC50,1,single-target,0,259.305,2.9636000000000013,62.8,1,4,3,2,2,19,0.3333333333333333,0,1
CHEMBL5406811,3.6231728,2.3147838,Cc1ccc(-c2cc(=O)oc3cc(O[C@H](C)C(=O)N4CC5CCC(C4)N5C)ccc23)c(C)c1,IC50,3,multi-target,0,446.54700000000025,4.149140000000004,62.99,0,5,4,5,3,33,0.4074074074074074,0,1
CHEMBL3894190,1.6037532,-1.4280373,Cc1ccc(OCCCCOc2c3ccoc3cc3oc(=O)ccc23)c([N+](=O)[O-])c1,EC50,2,multi-target,0,409.3940000000002,4.993820000000004,104.95000000000002,0,7,8,4,4,30,0.2272727272727272,0,1
CHEMBL3354141,3.5457346,3.4999847,Cc1cc(=O)oc2cc(NC(=O)NS(=O)(=O)c3ccc(F)cc3)ccc12,Ki,2,multi-target,0,376.36500000000007,2.7509200000000007,105.48,2,5,3,3,3,26,0.0588235294117647,0,1
CHEMBL5191516,8.073526,1.5764012,CC1(C)Oc2cc3oc(=O)ccc3cc2[C@@H](O)[C@@H]1O,EC50,1,single-target,0,262.261,1.3583,79.9,2,5,0,3,2,19,0.3571428571428571,0,1
CHEMBL2387265,3.5031009,-1.6652937,O=c1cc(-c2ccccc2)c2ccc(OCCCCN3CCC(c4noc5cc(F)ccc45)CC3)cc2o1,Ki,7,multi-target,1,512.5810000000002,6.778900000000006,68.71000000000001,0,6,8,6,5,38,0.2903225806451613,2,0
CHEMBL2387263,3.5057685,-1.6646882,O=c1cc(CO)c2ccc(OCCCCN3CCC(c4noc5cc(F)ccc45)CC3)cc2o1,Ki,1,single-target,0,466.5090000000002,4.604200000000004,88.94000000000001,1,7,8,5,4,34,0.3846153846153846,0,1
CHEMBL212069,13.11027,1.1614693,O=C(Nc1ccccc1NC(=O)c1cc2ccccc2oc1=O)c1cc2ccccc2oc1=O,Ki,2,multi-target,0,452.42200000000025,4.404000000000003,118.62,2,6,4,5,5,34,0.0,0,1
CHEMBL1288595,7.6986055,2.4923494,CCOc1ccc2ccc(=O)oc2c1C(C)=O,Ki,2,multi-target,0,232.23499999999996,2.3943000000000003,56.51,0,4,3,2,2,17,0.2307692307692307,0,1
CHEMBL1515251,3.5115056,6.4434695,Cc1c(CCC(=O)O)c(=O)oc2cc3occ(-c4ccc(Cl)cc4)c3cc12,EC50,1,single-target,0,382.7990000000001,5.185220000000004,80.64999999999999,1,4,4,4,4,27,0.1428571428571428,1,0
CHEMBL3403701,-5.5314884,12.189841,CCCc1cc2c(C(F)(F)F)cc(=O)oc2c(CCC)c1OCCCCN1C(=O)NC(C)(c2ccc3c(c2)OCO3)C1=O,EC50,1,single-target,0,602.6060000000003,6.071700000000006,107.31,1,7,11,5,3,43,0.4516129032258064,2,0
CHEMBL4647351,15.382975,1.8222322,Cc1c(O)c(=O)ccn1CCNC(=O)c1cc2cc(OCc3ccccc3)ccc2oc1=O,IC50,1,single-target,0,446.4590000000002,2.977720000000001,110.77,2,7,7,4,4,33,0.16,0,1
CHEMBL3286724,5.560472,-0.68249214,O=C(CCCOc1ccc2ccc(=O)oc2c1)N1CCN(c2ccc(F)cc2)CC1,IC50,2,multi-target,0,410.4450000000002,3.4399000000000024,62.99000000000001,0,5,6,4,3,30,0.3043478260869565,0,1
CHEMBL3335068,1.3499429,3.5625052,CN(CCCCOc1ccc2c(c1)oc(=O)c1ccccc12)Cc1ccccc1,IC50,2,multi-target,0,387.4790000000001,5.237200000000005,42.68,0,4,8,4,4,29,0.24,1,0
CHEMBL2334353,8.164856,1.3046005,C/C(=C\Cc1cc2ccc(=O)oc2cc1O)CO,Ki,6,multi-target,1,246.262,1.9797,70.67,2,4,3,2,2,18,0.2142857142857142,0,1
CHEMBL3335019,1.348227,4.406701,COc1cc(C(C)N(C)C)cc2oc(=O)c3ccccc3c12,IC50,2,multi-target,0,297.35400000000004,3.5774000000000026,42.68,0,4,3,3,3,22,0.2777777777777778,0,1
CHEMBL4174798,10.750491,4.8213153,Cc1ccc(-c2cc3cc(C4Nc5ccccc5C(=O)N4C)cc(C)c3oc2=O)cc1,EC50,1,single-target,0,410.4730000000002,5.273140000000005,62.55,1,4,2,5,4,31,0.1538461538461538,1,0
CHEMBL4096387,5.225704,-1.1048452,Cc1cc(=O)oc2cc(OCCN3CCC(Cc4ccccc4)CC3)ccc12,IC50,3,multi-target,0,377.484,4.434920000000004,42.68,0,4,6,4,3,28,0.375,0,1
CHEMBL145792,2.0642495,3.15776,Cc1c(C)c2ccc(OCc3ccc(C#N)cc3)cc2oc1=O,IC50,3,multi-target,0,305.3330000000001,3.860520000000003,63.23,0,4,3,3,3,23,0.1578947368421052,0,1
CHEMBL4168276,6.8048396,7.4370875,CC(=O)c1c(O)c2cc([N+](=O)[O-])ccc2oc1=O,Ki,2,multi-target,0,249.17799999999997,1.6094,110.65,1,6,2,2,2,18,0.0909090909090909,0,1
CHEMBL139604,7.435392,2.096433,COc1c2c(cc3ccc(=O)oc13)CCO2,Ki,1,single-target,0,218.2079999999999,1.7364999999999997,48.67,0,4,1,3,2,16,0.25,0,1
CHEMBL2387260,3.5604908,-1.674359,Cc1cc(=O)oc2cc(OCCCCN3CCC(c4noc5cc(F)ccc45)CC3)ccc12,Ki,7,multi-target,1,450.51000000000016,5.420320000000006,68.71000000000001,0,6,7,5,4,33,0.3846153846153846,1,0
CHEMBL1389588,13.021747,5.879261,O=c1oc2ccccc2cc1-c1csc(Nc2nc3ccc(F)cc3s2)n1,IC50,1,single-target,0,395.44000000000005,5.408900000000002,68.02000000000001,1,7,3,5,5,27,0.0,1,0
CHEMBL1630101,11.734253,-0.7214127,Cc1ccc2oc(=O)c(CC(Cc3ccc(OCCN4CCCCC4)cc3)C(=O)NO)cc2c1,IC50,1,single-target,0,464.5620000000003,3.8729200000000015,92.01,2,6,9,4,3,34,0.4074074074074074,0,1
CHEMBL3092179,11.091324,14.538351,CNS(=O)(=O)Nc1cccc(Cc2c(C)c3cc(C)c(OC(=O)N(C)C)cc3oc2=O)c1,IC50,2,multi-target,0,459.5240000000003,2.937140000000001,117.95,2,6,6,3,3,32,0.2727272727272727,0,1
CHEMBL5078809,4.1916804,5.3778877,Cc1c(OCC(=O)NO)ccc2c3c(c(=O)oc12)CCCC3,IC50,1,single-target,0,303.31400000000014,1.86442,88.77,2,5,3,3,2,22,0.375,0,1
CHEMBL3092196,11.283505,14.358995,CNS(=O)(=O)Nc1cccc(Cc2c(C)c3ccc(Oc4nccs4)cc3oc2=O)c1,IC50,2,multi-target,0,457.5330000000002,3.817120000000002,110.53,2,7,7,4,4,31,0.1428571428571428,0,1
CHEMBL91938,5.794108,-8.825728,COc1ccc2c3c(c(=O)oc2c1)CN(Cc1ccc(C(F)(F)F)cc1)CC3,Ki,3,multi-target,0,389.3730000000001,4.378700000000004,42.68,0,4,3,4,3,28,0.2857142857142857,0,1
CHEMBL1258303,4.356078,2.9093518,COc1ccc2c(/C=C/C(=O)c3ccccc3)cc(=O)oc2c1,IC50,2,multi-target,0,306.31700000000006,3.697700000000002,56.510000000000005,0,4,4,3,3,23,0.0526315789473684,0,1
CHEMBL147383,8.156797,-0.18370354,CNC(=O)[C@@H](NC(=O)[C@H](CC(C)C)[C@H](OCc1ccc2oc(=O)ccc2c1)C(=O)NO)C(C)(C)C,IC50,1,single-target,0,489.5690000000002,2.1228,146.97,4,7,10,2,2,35,0.52,0,1
CHEMBL4063523,10.891665,5.3252783,N#Cc1c(-c2cccc3ccccc23)cc(-c2cc3c(ccc4ccccc43)oc2=O)nc1N,IC50,1,single-target,0,439.47400000000016,6.282280000000003,92.91,1,5,2,6,6,34,0.0,1,0
CHEMBL1275891,2.6846063,21.408033,COc1cc(/C=C/C(=O)Nc2c(O)c3ccc(O[C@@H]4OC(C)(C)[C@H](OC)[C@@H](OC(=O)c5ccc(C)[nH]5)[C@H]4O)c(Cl)c3oc2=O)ccc1O,IC50,1,single-target,0,685.0820000000002,4.269820000000005,199.01,5,12,9,5,4,48,0.303030303030303,2,0
CHEMBL1275846,2.6860554,21.406206,CO[C@@H]1[C@@H](OC(=O)c2ccc(C)[nH]2)[C@@H](O)[C@H](Oc2ccc3c(O)c(NC(=O)/C=C/c4ccccc4)c(=O)oc3c2Cl)OC1(C)C,IC50,1,single-target,0,639.057,4.555620000000003,169.54999999999998,4,10,8,5,4,45,0.28125,1,0
CHEMBL1275844,2.6758716,21.417992,CO[C@@H]1[C@@H](OC(=O)c2ccc(C)[nH]2)[C@@H](O)[C@H](Oc2ccc3c(O)c(NC(=O)c4ccc(SC)cc4)c(=O)oc3c2Cl)OC1(C)C,IC50,1,single-target,0,659.113,4.877920000000004,169.54999999999998,4,11,8,5,4,45,0.3225806451612903,2,0
CHEMBL1275896,2.6827748,21.409582,CO[C@@H]1[C@@H](O)[C@@H](OC(=O)c2ccc(C)[nH]2)[C@H](Oc2ccc3c(O)c(NC(=O)/C=C/c4ccccc4)c(=O)oc3c2Cl)OC1(C)C,IC50,1,single-target,0,639.057,4.555620000000003,169.54999999999998,4,10,8,5,4,45,0.28125,1,0
CHEMBL3948863,12.998164,3.4662244,O=C(NCCc1c[nH]c2ccccc12)c1cc2ccc(OCc3ccccc3)cc2oc1=O,IC50,2,multi-target,0,438.4830000000002,4.825800000000004,84.33000000000001,2,4,7,5,5,33,0.1111111111111111,0,1
CHEMBL4081445,12.214778,3.2549706,COc1c(Br)cc2cc(C#N)c(=O)oc2c1[N+](=O)[O-],EC50,1,single-target,0,325.07400000000007,2.34398,106.37,0,6,2,2,2,19,0.0909090909090909,0,1
CHEMBL1607582,3.7859359,6.6567607,Cc1oc2cc3oc(=O)c(CC(=O)N[C@@H](C)C(=O)NC(Cc4ccc(Cl)cc4)C(=O)O)c(C)c3cc2c1C,AC50,1,single-target,0,538.9840000000002,3.977160000000002,138.85,3,6,8,4,4,38,0.2857142857142857,1,0
CHEMBL2393509,6.1154714,-1.1372954,O=C(CCCOc1cc(=O)oc2ccccc12)NC1CCN(Cc2ccccc2)CC1,IC50,2,multi-target,0,420.5090000000003,3.732800000000003,71.78,1,5,8,4,3,31,0.36,0,1
CHEMBL5220025,23.549015,-6.753922,COc1cc(/C=C/C(=O)OCCCCCCCN(CCCOC(=O)c2cc(OC)c(OC)c(OC)c2)CCCOc2ccc3ccc(=O)oc3c2)cc(OC)c1OC,Ki,2,multi-target,0,805.918,7.36970000000001,150.65999999999997,0,14,26,4,4,58,0.4318181818181818,3,0
CHEMBL5219055,-2.2208438,-2.864117,Cc1cccc(Nc2nc(N)nc(COc3ccc4c(C)cc(=O)oc4c3)n2)c1,EC50,1,single-target,0,389.4150000000001,3.499640000000001,116.16,2,8,5,4,4,29,0.1428571428571428,0,1
CHEMBL5218799,23.626516,-6.831915,COc1cc(/C=C/C(=O)OCCCN(CCCCCCOC(=O)c2c3ccccc3cc3ccccc23)CCCOc2ccc3ccc(=O)oc3c2)cc(OC)c1OC,Ki,2,multi-target,0,801.933,9.260200000000005,122.97,0,11,22,6,6,59,0.3125,3,0
CHEMBL5279129,4.8429546,-0.7169755,Cc1c(Cl)c(=O)oc2cc(OCCCCS(=S)N3CCCCC3C)ccc12,IC50,1,single-target,0,428.0190000000002,4.783420000000004,42.68,0,4,7,3,2,27,0.55,0,1
CHEMBL5219522,4.7593074,-0.687811,Cc1c(Cl)c(=O)oc2cc(OCCCCSC(=S)N3CCCCC3C)ccc12,IC50,3,multi-target,0,440.0300000000002,5.806320000000006,42.68,0,5,6,3,2,28,0.5238095238095238,1,0
CHEMBL5289774,-2.2223878,-2.86764,Cc1ccc(Nc2nc(N)nc(COc3ccc4ccc(=O)oc4c3)n2)cc1,EC50,2,multi-target,0,375.3880000000001,3.1912200000000013,116.16,2,8,5,4,4,28,0.1,0,1
CHEMBL1462872,20.173582,2.2158284,CCCCCc1cc(=O)oc2c(C(CCN3CCCC(C)C3)c3ccc(OC)cc3)c(OC)cc(OC)c12,AC50,2,multi-target,0,521.6980000000003,6.805400000000008,61.140000000000015,0,6,12,4,3,38,0.53125,2,0
CHEMBL5267399,-2.2179377,-2.8608253,Cc1cc(=O)oc2cc(OCc3nc(N)nc(Nc4ccc(Cl)cc4)n3)ccc12,EC50,1,single-target,0,409.8330000000001,3.844620000000001,116.16,2,8,5,4,4,29,0.1,0,1
CHEMBL4878979,12.047591,2.9464128,COc1ccccc1-c1cc2cc(C(=O)O)c(=O)oc2c2cc(C(=O)O)c(=O)oc12,IC50,1,single-target,0,408.3180000000002,2.9714,144.25,2,7,4,4,4,30,0.0476190476190476,0,1
CHEMBL4060049,14.144128,1.8910482,O=C(NCCCc1cccc(F)c1)c1cc2ccc(O)cc2oc1=O,IC50,2,multi-target,0,341.3380000000001,3.000300000000001,79.53999999999999,2,4,5,3,3,25,0.1578947368421052,0,1
CHEMBL107541,2.0636065,3.2373524,Cc1ccccc1COc1ccc2c(C)c(C)c(=O)oc2c1,IC50,3,multi-target,0,294.35,4.297260000000004,39.44,0,3,3,3,3,22,0.2105263157894736,0,1
CHEMBL4211565,5.1627245,-3.5707126,COc1ccc(-c2c(C)c3ccc(OCCN4CCN(CCO)CC4)cc3oc2=O)cc1OC,IC50,2,multi-target,0,468.5500000000003,2.7743200000000003,84.61,1,8,9,4,3,34,0.4230769230769231,0,1
CHEMBL4081954,14.154383,1.8962618,O=C(NCCCc1ccc(O)cc1)c1cc2ccc(O)cc2oc1=O,IC50,8,multi-target,1,339.3470000000001,2.5668000000000006,99.77,3,5,5,3,3,25,0.1578947368421052,0,1
CHEMBL1078190,7.1338267,1.3023689,CCCCCCCCCC1O[C@H](CC/C(C)=C/COc2c3ccoc3cc3oc(=O)ccc23)C(C)(C)O1,IC50,1,single-target,0,510.67100000000033,8.305300000000008,71.04,0,6,14,4,3,37,0.5806451612903226,2,0
CHEMBL559791,4.8229113,3.5270863,Nn1c(Cc2ccccc2F)nnc1SCc1cc(=O)oc2cc(O)c(O)cc12,IC50,1,single-target,0,414.4180000000001,2.5317000000000016,127.40000000000002,3,9,5,4,4,29,0.1052631578947368,0,1
CHEMBL600409,15.986988,-2.3921413,Cc1c(N2CCN(C)CC2)c(=O)oc2cc(N(C)C)ccc12,IC50,1,single-target,0,301.39000000000004,1.91922,39.93,0,5,2,3,2,22,0.4705882352941176,0,1
CHEMBL590613,4.712265,3.958753,O=c1oc2cc(O)ccc2c(C(F)(F)F)c1CSc1ccccn1,IC50,1,single-target,0,353.321,4.204700000000002,63.33,1,5,3,3,3,24,0.125,0,1
CHEMBL470224,-1.0517095,6.004204,Cc1ccc(C(C)C)c2cc(Cc3ccccc3)c(=O)oc12,Ki,3,multi-target,0,292.37800000000004,4.8156200000000045,30.21,0,2,3,3,3,22,0.25,0,1
CHEMBL1501222,2.5060196,3.808341,Cc1c(Cc2ccccc2)c(=O)oc2cc(OCc3ccc(C(=O)O)cc3)ccc12,EC50,1,single-target,0,400.43000000000006,4.969420000000003,76.74,1,4,6,4,4,30,0.12,0,1
CHEMBL267693,14.387227,18.337507,CCCc1cc(=O)oc2c3c(c4c(c12)OC(C)(C)C=C4)O[C@H](CC)[C@@H](C)[C@H]3O,EC50,1,single-target,0,384.4720000000001,4.770200000000005,68.9,1,5,3,4,2,28,0.5217391304347826,0,1
CHEMBL1485402,9.900272,4.092643,COC(=O)COc1ccc2oc(=O)cc(-c3cc4cccc(OC)c4o3)c2c1,IC50,1,single-target,0,380.35200000000015,3.766600000000003,88.11000000000001,0,7,5,4,4,28,0.1428571428571428,0,1
CHEMBL3092190,11.25579,14.385817,CNS(=O)(=O)Nc1ccc(F)c(Cc2c(C)c3ccc(OC(=O)N(C)C)cc3oc2=O)c1,IC50,2,multi-target,0,463.4870000000002,2.7678200000000013,117.95,2,6,6,3,3,32,0.238095238095238,0,1
CHEMBL4783462,-4.065134,-0.573058,CC(C)CN(C[C@@H](O)[C@H](Cc1ccccc1)NC(=O)c1ccc2oc(=O)ccc2c1)S(=O)(=O)c1ccc([N+](=O)[O-])cc1,IC50,1,single-target,0,593.6580000000002,3.7501000000000015,160.06,2,8,12,4,4,42,0.2666666666666666,1,0
CHEMBL167368,2.588102,4.6556697,Cc1c(CCC2CCCCC2)c(=O)oc2cc(OS(N)(=O)=O)ccc12,IC50,1,single-target,0,365.4510000000001,3.196620000000001,99.6,1,5,5,3,2,25,0.5,0,1
CHEMBL4163051,10.777352,4.8129034,CCc1cc(C2Nc3ccccc3C(=O)N2C)cc2cc(-c3ccc4c(c3)OCO4)c(=O)oc12,EC50,1,single-target,0,454.48200000000026,4.947400000000004,81.01,1,6,3,6,4,34,0.1851851851851851,0,1
CHEMBL178635,3.8478272,3.2184656,C[C@](O)(CSc1ccc(N=C=S)cc1)C(=O)Nc1ccc2c(C(F)(F)F)cc(=O)oc2c1,Ki,1,single-target,0,480.48900000000015,5.027900000000002,91.9,2,7,6,3,3,32,0.1904761904761904,1,0
CHEMBL178901,3.831687,3.232666,C[C@@](O)(CBr)C(=O)Nc1ccc2c(C(F)(F)F)cc(=O)oc2c1,Ki,1,single-target,0,394.1430000000001,2.896200000000001,79.54,2,4,3,2,2,23,0.2857142857142857,0,1
CHEMBL2178445,2.5016356,6.3226953,Cc1c(CCC(=O)O)c(=O)oc2c(C)c(OCc3ccc(-c4ccc(Cl)cc4)cc3)ccc12,IC50,1,single-target,0,462.929,6.326440000000005,76.74,1,4,7,4,4,33,0.1851851851851851,1,0
CHEMBL4469594,4.274412,10.850745,Cc1ccc(C)c(S(=O)(=O)n2cc3c(=O)oc4ccccc4c3n2)c1,IC50,4,multi-target,0,354.38700000000006,2.9965400000000013,82.17,0,6,2,4,4,25,0.1111111111111111,0,1
CHEMBL4586115,4.259502,10.860372,O=c1oc2ccccc2c2nn(S(=O)(=O)c3ccc(Br)cc3)cc12,IC50,4,multi-target,0,405.229,3.1422000000000017,82.16999999999999,0,6,2,4,4,24,0.0,0,1
CHEMBL1575192,6.4884586,4.5451803,Cc1cc(=O)oc2c(CN3CCCC3)c(O)c(Cl)cc12,AC50,1,single-target,0,293.74999999999994,3.056220000000001,53.68000000000001,1,4,2,3,2,20,0.4,0,1
CHEMBL4545402,4.238675,10.88774,O=c1oc2ccccc2c2nn(S(=O)(=O)c3cccc([N+](=O)[O-])c3)cc12,IC50,4,multi-target,0,371.3300000000001,2.2879000000000005,125.31,0,8,3,4,4,26,0.0,0,1
CHEMBL3427402,6.181068,11.602899,Cc1cc(OC(F)(F)F)ccc1-c1c(Oc2ccc(/C=C/C(=O)O)cc2)c2ccc(O)cc2oc1=O,IC50,1,single-target,0,498.4090000000003,6.262720000000004,106.20000000000002,2,6,6,4,4,36,0.0769230769230769,1,0
CHEMBL2181551,-1.190451,5.8947988,COc1cccc(Cc2cc3c(OC)cc(Br)cc3oc2=O)c1,IC50,2,multi-target,0,375.2180000000001,4.163500000000004,48.67,0,4,4,3,3,23,0.1666666666666666,0,1
CHEMBL1469070,6.1194625,-1.095532,O=C(COc1ccc2ccc(=O)oc2c1)NC1CCN(Cc2ccccc2)CC1,IC50,2,multi-target,0,392.4550000000002,2.952600000000001,71.78,1,5,6,4,3,29,0.3043478260869565,0,1
CHEMBL1835829,9.031106,-0.9340586,O=c1ccc2cc(-c3cc(F)cc(F)c3)ccc2o1,IC50,1,single-target,0,258.223,3.7382000000000017,30.21,0,2,1,3,3,19,0.0,0,1
CHEMBL472080,13.345164,1.5781038,O=C(NC1CCCCC1)c1cc2ccccc2oc1=O,IC50,1,single-target,0,271.31600000000003,2.855500000000001,59.31,1,3,2,3,2,20,0.375,0,1
CHEMBL198727,-2.5657449,8.062302,O=c1cc(NC2CCN(Cc3ccc4cc[nH]c4c3)CC2)c2cc(Cl)ccc2o1,IC50,1,single-target,0,407.9010000000002,5.004200000000004,61.27,2,4,4,5,4,29,0.2608695652173913,1,0
CHEMBL2177254,-1.5543056,5.836934,CCCCCc1cc(O)c2cc(Cc3ccccc3C)c(=O)oc2c1,Ki,2,multi-target,0,336.4310000000001,5.130520000000005,50.44,1,3,6,3,3,25,0.3181818181818182,1,0
CHEMBL2158357,5.6520443,0.26289827,CC(Oc1cc(=O)oc2ccccc12)C(=O)NCc1ccccc1,IC50,1,single-target,0,323.348,2.8767000000000014,68.53999999999999,1,4,5,3,3,24,0.1578947368421052,0,1
CHEMBL3939546,10.534458,4.6496873,O=c1oc2c(O)c(O)ccc2cc1-c1ccc(O)c(O)c1,IC50,6,multi-target,1,286.239,2.282400000000001,111.13,4,6,1,3,3,21,0.0,0,1
CHEMBL4162879,7.3363953,0.7702612,C=C(C)C(O)CC/C(C)=C/COc1ccc2ccc(=O)oc2c1,IC50,1,single-target,0,314.3810000000001,3.835300000000003,59.67,1,4,7,2,2,23,0.3157894736842105,0,1
CHEMBL3914193,10.553962,4.6046753,O=c1oc2c(O)cccc2cc1-c1ccc(O)c(O)c1,Ki,3,multi-target,0,270.23999999999995,2.5768000000000013,90.9,3,5,1,3,3,20,0.0,0,1
CHEMBL3827589,0.35810474,3.5557208,COc1ccc(-c2cc3ccc(OCCCN(C)Cc4cccc(OC(=O)NCCCCCc5ccccc5)c4)cc3oc2=O)cc1,IC50,3,multi-target,0,634.7730000000004,7.870900000000009,90.24,1,7,16,5,5,47,0.282051282051282,2,0
CHEMBL4217683,-4.497964,6.4396224,C#CCN(CCOc1ccc2ccc(=O)oc2c1)Cc1cccc(OC)c1,IC50,2,multi-target,0,363.4130000000001,3.315800000000002,51.91,0,5,8,3,3,27,0.2272727272727272,0,1
CHEMBL4205441,-4.487244,6.4244194,C#CCN(CCOc1ccc2ccc(=O)oc2c1)Cc1ccc(F)c(F)c1,IC50,2,multi-target,0,369.3670000000001,3.5854000000000026,42.68,0,4,7,3,3,27,0.1904761904761904,0,1
CHEMBL2334356,10.400406,9.926654,COc1cc(-c2c3c4cc(OC)c(O)cc4oc(=O)c3n3ccc4c(OC)c(OC)c(OC)cc4c23)ccc1O,Ki,5,multi-target,1,543.5280000000004,5.4733000000000045,121.23000000000002,2,10,6,6,6,40,0.1666666666666666,2,0
CHEMBL2334354,6.5821133,6.004888,COc1cc2c(=O)oc3c(OC)c(OC)cc4c(=O)oc(c1O)c2c34,Ki,5,multi-target,1,344.2750000000001,2.2218000000000004,108.34,1,8,3,4,4,25,0.1764705882352941,0,1
CHEMBL1612826,4.5061407,5.583888,Cc1cc(OCC(=O)N2CCC(C(=O)O)CC2)c2c(C)cc(=O)oc2c1,AC50,2,multi-target,0,359.3780000000001,2.11184,97.05,1,5,4,3,2,26,0.4210526315789473,0,1
CHEMBL4061635,23.292946,11.865607,COc1ccc(Nc2ncnc3c2C(c2cc(OC)c(OC)c(OC)c2)c2c(c(=O)oc4ccccc24)O3)cc1,IC50,1,single-target,0,539.5440000000003,5.646900000000006,114.17000000000002,1,10,7,6,5,40,0.1666666666666666,2,0
CHEMBL4084036,23.292055,11.863989,COc1ccc(Nc2ncnc3c2C(c2ccc(O)c(OC)c2)c2c(c(=O)oc4ccccc24)O3)cc1,IC50,1,single-target,0,495.4910000000003,5.335300000000005,115.94,2,9,5,6,5,37,0.1071428571428571,1,0
CHEMBL4094534,2.488939,4.2337403,Cc1c(Cl)c(=O)oc2cc(OS(=O)(=O)c3cc(Cl)ccc3Cl)ccc12,IC50,1,single-target,0,419.66900000000015,4.829320000000002,73.58,0,5,3,3,3,25,0.0625,0,1
CHEMBL4527338,11.353881,-8.708112,Cc1ccc2ccnc(N3CCN(CCCNc4cc(=O)oc5ccccc45)CC3)c2c1,IC50,4,multi-target,0,428.5360000000002,4.273820000000003,61.61000000000001,1,6,6,5,4,32,0.3076923076923077,0,1
CHEMBL3916179,1.6265422,-1.4385437,COc1cccc(OCCCOc2c3ccoc3cc3oc(=O)ccc23)c1,EC50,1,single-target,0,366.3690000000001,4.395700000000003,71.03999999999999,0,6,7,4,4,27,0.1904761904761904,0,1
CHEMBL3975442,9.260317,-1.5097152,N#Cc1ccc(-c2ccc3oc(=O)ccc3c2)n1Cc1ccc([N+](=O)[O-])cc1,IC50,1,single-target,0,371.3520000000001,4.089680000000002,102.07,0,6,4,4,4,28,0.0476190476190476,0,1
CHEMBL2387254,4.413828,-1.3414649,COc1cccc(N2CCN(CCCCOc3ccc4c(C)cc(=O)oc4c3)CC2)c1,Ki,3,multi-target,0,422.5250000000002,4.091220000000003,55.150000000000006,0,6,8,4,3,31,0.4,0,1
CHEMBL2387251,3.8812704,-1.5320725,Cc1cc(=O)oc2cc(OCCCCN3CCC(C(=O)c4ccc(F)cc4)CC3)ccc12,Ki,3,multi-target,0,437.51100000000014,4.994420000000005,59.75,0,5,8,4,3,32,0.3846153846153846,0,1
CHEMBL3734905,11.299428,5.220615,Cc1ccc2oc(=O)c(-c3ccccc3OCc3ccccc3)cc2c1,IC50,1,single-target,0,342.39400000000006,5.347420000000004,39.44,0,3,4,4,4,26,0.0869565217391304,1,0
CHEMBL4283238,12.831783,9.393763,Cc1cc(OCCCN2CCN(c3cnccn3)CC2)c2c(C)cc(=O)oc2c1,Ki,2,multi-target,0,394.47500000000025,2.790940000000001,71.7,0,7,6,4,3,29,0.4090909090909091,0,1
CHEMBL569169,6.247365,8.06091,Cc1cc2oc(=O)c(Cc3cccc4ccccc34)c(O)c2cc1C,IC50,1,single-target,0,330.3830000000001,4.859440000000004,50.44,1,3,2,4,4,25,0.1363636363636363,0,1
CHEMBL3818455,8.495806,-7.7681184,NS(=O)(=O)Oc1ccc2cc(-c3ccc(NP4(=O)OCCCO4)cc3)c(=O)oc2c1,IC50,1,single-target,0,452.3810000000003,2.999200000000001,147.16000000000005,2,8,5,4,3,30,0.1666666666666666,0,1
CHEMBL3818079,8.491503,-7.764329,CCOP(=O)(Nc1ccc(-c2cc3ccc(OS(N)(=O)=O)cc3oc2=O)cc1)OCC,IC50,1,single-target,0,468.42400000000026,3.6353000000000018,147.16,2,8,9,3,3,31,0.2105263157894736,0,1
CHEMBL88511,6.410475,8.532034,O=c1oc2ccccc2c(O)c1CCCOc1cccc([N+](=O)[O-])c1,IC50,1,single-target,0,341.319,3.418400000000002,102.81,1,6,6,3,3,25,0.1666666666666666,0,1
CHEMBL5407860,6.3390045,2.0614624,Cc1cc(=O)oc2cc(S[C@@H]3O[C@H](CO)[C@H](O)[C@H](O)[C@H]3O)ccc12,Kd,1,single-target,0,354.38000000000005,-0.0065800000000002,120.36,4,8,3,3,2,24,0.4375,0,1
CHEMBL3410696,13.287948,2.6719978,CCCCCOc1cccc2cc(C(=O)NC3CCCCC3)c(=O)oc12,EC50,1,single-target,0,357.4500000000002,4.424500000000004,68.53999999999999,1,4,7,3,2,26,0.5238095238095238,0,1
CHEMBL3354142,3.5650876,3.4849703,Cc1cc(=O)oc2cc(NC(=O)NS(=O)(=O)c3ccccc3Cl)ccc12,Ki,3,multi-target,0,392.8200000000001,3.265220000000001,105.48,2,5,3,3,3,26,0.0588235294117647,0,1
CHEMBL4760153,3.5565834,0.79257774,O=c1cc(CN2CCN(Cc3ccccc3)CC2)c2ccc(OCc3cccc(Br)c3)cc2o1,Ki,2,multi-target,0,519.4390000000002,5.4523000000000055,45.92,0,5,7,5,4,34,0.25,2,0
CHEMBL3745771,-6.6317277,8.494253,Cc1cc(=O)oc2c1ccc1oc(=N)c(C(=O)NC(C)c3ccccc3)cc12,IC50,2,multi-target,0,374.3960000000001,3.8180900000000015,96.3,2,5,3,4,4,28,0.1363636363636363,0,1
CHEMBL470213,13.144428,1.1602997,CC(C)c1ccc(NC(=O)c2cc3ccccc3oc2=O)cc1,IC50,2,multi-target,0,307.34900000000005,4.168700000000002,59.31,1,3,3,3,3,23,0.1578947368421052,0,1
CHEMBL4762795,16.451796,4.754605,O=c1cc(OCCn2cc(Cn3nnc4ccccc43)nn2)c2ccccc2o1,IC50,1,single-target,0,388.3870000000001,2.2565,100.86,0,9,6,5,5,29,0.15,0,1
CHEMBL3286941,5.3820386,-0.671155,Cc1cc(=O)oc2cc(OCCCC(=O)N3CCN(c4ccccc4O)CC3)ccc12,IC50,1,single-target,0,422.4810000000001,3.314820000000002,83.22,1,6,6,4,3,31,0.3333333333333333,0,1
CHEMBL4218157,11.15381,4.4840927,COc1ccc2cc(-c3ccc(Cl)nn3)c(=O)oc2c1,IC50,1,single-target,0,288.69000000000005,2.912000000000001,65.22,0,5,2,3,3,20,0.0714285714285714,0,1
CHEMBL4210596,3.856474,-2.8428438,CC(=O)c1c(OCCCN2CCN(c3cccc(F)c3)CC2)ccc2c(C)cc(=O)oc12,Ki,2,multi-target,0,438.49900000000025,4.034220000000003,62.99,0,6,7,4,3,32,0.36,0,1
CHEMBL3622008,2.5592625,5.0595527,NS(=O)(=O)Oc1ccc2c3c(c(=O)oc2c1)CCC3,IC50,1,single-target,0,281.28900000000004,0.8639999999999999,99.6,1,5,2,3,2,19,0.25,0,1
CHEMBL3087907,13.70531,3.1907928,COc1ccc2cc(C(=O)NC3CCN(Cc4ccccc4)CC3)c(=O)oc2c1,IC50,2,multi-target,0,392.45500000000015,3.196000000000001,71.78,1,5,5,4,3,29,0.3043478260869565,0,1
CHEMBL3086070,10.975801,14.638616,CONS(=O)(=O)Nc1cccc(Cc2c(C)c3cc(Cl)c(OC(=O)N(C)C)cc3oc2=O)c1,IC50,2,multi-target,0,495.9410000000002,3.213720000000001,127.17999999999998,2,7,7,3,3,33,0.238095238095238,0,1
CHEMBL396199,12.769494,4.52477,COc1cc2cc(-c3ccc(C[N+](C)(C)Cc4ccccc4)cc3)c(=O)oc2cc1OC,IC50,2,multi-target,0,430.52400000000017,5.2538000000000045,48.67,0,4,7,4,4,32,0.2222222222222222,1,0
CHEMBL4798200,16.40977,4.7454553,O=c1cc(OCCCCCCn2cc(Cn3nc4ccccc4n3)nn2)c2ccccc2o1,IC50,1,single-target,0,444.4950000000001,3.816900000000002,100.86,0,9,10,5,5,33,0.2916666666666667,0,1
CHEMBL3263998,11.122315,14.507477,CNS(=O)(=O)Nc1ccnc(Cc2c(C)c3cc(C)c(OC(=O)N(C)C)cc3oc2=O)c1,IC50,2,multi-target,0,460.5120000000003,2.33214,130.84,2,7,6,3,3,32,0.2857142857142857,0,1
CHEMBL5430136,8.280116,0.47592682,O=c1ccc2ccc(OC[C@@H](O)CNCCc3ccc4c(c3)OCO4)cc2o1,Kd,2,multi-target,0,383.40000000000015,2.0937,90.16,2,7,8,4,3,28,0.2857142857142857,0,1
CHEMBL4095459,5.073063,4.4498386,CCCCCCCCS(=O)(=O)Oc1ccc2c(C)cc(=O)oc2c1OS(=O)(=O)CCCCCCCC,IC50,2,multi-target,0,544.7320000000003,6.239620000000008,116.95000000000002,0,8,18,2,2,36,0.6538461538461539,2,0
CHEMBL134227,-0.008166895,10.807029,CC(=O)O[C@@H]1c2c(c3c(c4c(-c5ccccc5)cc(=O)oc24)OC(C)(C)C=C3)O[C@H](C)[C@H]1C,IC50,1,single-target,0,446.49900000000025,5.665400000000007,74.97000000000001,0,6,2,5,3,33,0.3333333333333333,1,0
CHEMBL1835817,9.427147,-1.02513,CN(C)c1cc2oc(=O)ccc2cc1-c1ccccc1,IC50,1,single-target,0,265.312,3.5260000000000025,33.45,0,3,2,3,3,20,0.1176470588235294,0,1
CHEMBL383518,6.420623,6.183758,CCc1cc(O)cc2c(=O)oc3c(C)c(O)ccc3c12,IC50,2,multi-target,0,270.284,3.228220000000001,70.67,2,4,1,3,3,20,0.1875,0,1
CHEMBL5283994,4.7491164,-0.67152464,Cc1c(Cl)c(=O)oc2cc(OCCCSC(=S)N3C(C)CCCC3C)ccc12,IC50,3,multi-target,0,440.0300000000002,5.804720000000005,42.68,0,5,5,3,2,28,0.5238095238095238,1,0
CHEMBL470220,13.141978,1.1153054,CSc1ccc(NC(=O)c2cc3ccccc3oc2=O)cc1,IC50,2,multi-target,0,311.3620000000001,3.7672000000000025,59.31,1,4,3,3,3,22,0.0588235294117647,0,1
CHEMBL146222,2.0342755,4.2151346,O=c1oc2cc(OCc3ccccc3)ccc2c2c1CCCC2,IC50,4,multi-target,0,306.36100000000016,4.250800000000004,39.44,0,3,3,4,3,23,0.25,0,1
CHEMBL4851758,10.875122,3.6125968,NS(=O)(=O)c1cc2cc(Cl)ccc2oc1=O,Ki,4,multi-target,0,259.67,1.0938000000000003,90.37,1,4,1,2,2,16,0.0,0,1
CHEMBL3586601,1.8863908,3.0840266,Cc1c(C)c2ccc(OCc3ccc(CN(C)Cc4cccc(Cl)c4)cc3)cc2oc1=O,IC50,2,multi-target,0,447.9620000000001,6.274240000000005,42.68,0,4,7,4,4,32,0.2222222222222222,1,0
CHEMBL557769,-1.4395566,5.9577503,CCCCCCc1cc2c3c(c(=O)oc2cc1OC)CCC3,IC50,1,single-target,0,300.3980000000001,4.4131000000000045,39.44,0,3,6,3,2,22,0.5263157894736842,0,1
CHEMBL3586612,8.845395,0.4214242,CN(CCc1ccc(COc2ccc3ccc(=O)oc3c2)cc1)Cc1ccccc1,IC50,3,multi-target,0,399.4900000000001,5.046500000000004,42.68,0,4,8,4,4,30,0.1923076923076923,1,0
CHEMBL559268,1.6328309,-1.4018383,Cc1cc(=O)c2c(OCCCCOc3ccccc3)c3ccc(=O)oc3cc2o1,IC50,1,single-target,0,392.40700000000015,4.445820000000004,78.88000000000001,0,6,7,4,4,29,0.217391304347826,0,1
CHEMBL1688895,8.900557,11.147126,O=c1cc(Cn2ccnc2)c2ccc(OCc3cccc([N+](=O)[O-])c3)cc2o1,IC50,3,multi-target,0,377.3560000000001,3.525000000000002,100.4,0,7,6,4,4,28,0.1,0,1
CHEMBL253694,11.695727,-0.3379442,O=C(CCc1cc2cc(Br)ccc2oc1=O)NO,IC50,3,multi-target,0,312.119,1.9935,79.54,2,4,3,2,2,18,0.1666666666666666,0,1
CHEMBL253711,11.760051,-0.6761201,C=CCC(Cc1cc2cc(C)ccc2oc1=O)C(=O)NO,IC50,1,single-target,0,287.31499999999994,2.34162,79.54,2,4,5,2,2,21,0.25,0,1
CHEMBL4797696,-3.9994705,-0.5085383,Cc1cc(=O)oc2cc(OC(=O)N[C@@H](Cc3ccccc3)[C@H](O)CN(CC(C)C)S(=O)(=O)c3ccc([N+](=O)[O-])cc3)ccc12,IC50,1,single-target,0,623.6840000000002,4.417120000000004,169.28999999999996,2,9,12,4,4,44,0.2903225806451613,1,0
CHEMBL286094,5.27592,-1.6194718,O=c1oc2cc(OCCN3CCN(Cc4ccc(Cl)cc4)CC3)ccc2c(O)c1[N+](=O)[O-],Kd,1,single-target,0,459.8860000000002,3.2568000000000024,109.29000000000002,1,8,7,4,3,32,0.3181818181818182,0,1
CHEMBL207109,4.1150517,1.7579579,O=c1cc(-c2ccoc2)c2ccc(COc3cc(F)cc([C@]4(O)C[C@H]5CO[C@@H](C4)O5)c3)cc2o1,IC50,1,single-target,0,464.4450000000003,4.494000000000004,91.27,1,7,5,6,4,34,0.2692307692307692,0,1
CHEMBL469783,11.093384,1.1668702,COc1cc(NC(=O)c2cc3ccc(OCc4ccccc4)cc3oc2=O)cc(OC)c1,IC50,2,multi-target,0,431.4440000000002,4.641500000000003,87.00000000000001,1,6,7,4,4,32,0.12,0,1
CHEMBL4793980,-9.887357,0.1466741,COc1ccc2c(CC(=O)N[C@@H](CC(=O)O)C(=O)O[C@@H]3CC[C@@]4(C)[C@H](CC[C@@H]5[C@@H]4CC[C@]4(C)[C@@H]([C@H](C)CCC(=O)OCCOCCOCCOCCN=[N+]=[N-])CC[C@@H]54)C3)cc(=O)oc2c1,IC50,1,single-target,0,909.0869999999996,7.193900000000007,234.89,2,13,24,6,2,65,0.7291666666666666,3,0
CHEMBL4751815,16.106033,4.8506002,Cc1cc(=O)c(O)c(CO)n1CCCn1cc(COc2ccc3ccc(=O)oc3c2)nn1,IC50,2,multi-target,0,438.44000000000017,1.72182,132.61,2,10,8,4,4,32,0.2727272727272727,0,1
CHEMBL26125,12.96612,4.714642,CCN(Cc1ccccc1)Cc1ccc(-c2cc3ccc(OCCNC(=O)Cc4cc(F)cc(F)c4)cc3oc2=O)cc1,IC50,2,multi-target,0,582.6470000000003,6.498000000000006,71.78,1,5,12,5,5,43,0.2,2,0
CHEMBL474786,8.756785,-0.25790346,O=C(Nc1ccc2oc(=O)ccc2c1)c1ccc(-c2cccc(Cl)c2)o1,IC50,1,single-target,0,365.7720000000001,4.958700000000002,72.45,1,4,3,4,4,26,0.0,0,1
CHEMBL3087905,13.721357,3.0803049,O=C(NC1CCN(Cc2ccccc2)CC1)c1cc2cc(Br)ccc2oc1=O,IC50,2,multi-target,0,441.32500000000016,3.949900000000003,62.55,1,4,4,4,3,28,0.2727272727272727,0,1
CHEMBL193518,6.0415483,11.37791,O=c1oc2cc(O)ccc2c(Cc2ccccc2)c1-c1ccc(Cl)cc1,IC50,2,multi-target,0,362.812,5.409800000000002,50.44,1,3,3,4,4,26,0.0454545454545454,1,0
CHEMBL470226,13.289542,1.2287786,CS(=O)(=O)c1ccc(NC(=O)c2cc3ccccc3oc2=O)cc1,IC50,2,multi-target,0,343.3600000000001,2.4488000000000003,93.45,1,5,3,3,3,24,0.0588235294117647,0,1
CHEMBL1494927,6.3742423,6.0610085,Cc1c(O)ccc2cc(S(=O)(=O)c3ccccc3)c(=O)oc12,IC50,4,multi-target,0,316.33400000000006,2.6398200000000003,84.58,1,5,2,3,3,22,0.0625,0,1
CHEMBL4593774,14.040156,3.3641198,O=C(NC1CCN(Cc2ccccc2)CC1)c1cc2ccc(OCc3cn(Cc4ccc(Cl)c(Cl)c4)nn3)cc2oc1=O,IC50,1,single-target,0,618.5210000000002,5.713000000000006,102.49,1,8,9,6,5,43,0.25,2,0
CHEMBL252403,12.730905,0.3938774,O=C(Nc1cc2ccccc2oc1=O)c1ccccc1,IC50,1,single-target,0,265.268,3.045300000000001,59.31,1,3,2,3,3,20,0.0,0,1
CHEMBL1456255,11.488941,4.323366,Cn1c(-c2cc3ccc(OC(=O)C(C)(C)C)cc3oc2=O)nc2ccccc21,EC50,2,multi-target,0,376.4120000000001,4.298200000000003,74.33000000000001,0,6,2,4,4,28,0.2272727272727272,0,1
CHEMBL1465693,6.369797,4.972785,CN(Cc1c(O)ccc2c1oc(=O)c1ccccc12)C1CCCCC1,IC50,2,multi-target,0,337.4190000000001,4.416300000000003,53.68,1,4,3,4,3,25,0.3809523809523809,0,1
CHEMBL495154,12.764411,2.7391424,Cc1cccc(NC(=O)c2cc3cc(Cl)cc(Br)c3oc2=O)c1,IC50,1,single-target,0,392.6360000000001,4.769620000000002,59.31,1,3,2,3,3,23,0.0588235294117647,0,1
CHEMBL212068,13.460532,1.6182396,O=C(NCCCCCCNC(=O)c1cc2ccccc2oc1=O)c1cc2ccccc2oc1=O,Ki,2,multi-target,0,460.4860000000003,3.619600000000002,118.62,2,6,9,4,4,34,0.2307692307692307,0,1
CHEMBL3612349,2.6513894,5.2053676,O=c1oc2cc(OP(O)(=S)Oc3ccc4c5c(c(=O)oc4c3)CCCCC5)ccc2c2c1CCCCC2,IC50,1,single-target,0,538.5580000000004,6.111800000000005,99.11,1,7,4,6,4,37,0.3571428571428571,2,0
CHEMBL2178426,2.2403193,2.635213,CCN(CC)CCSc1nnc(COc2ccc3c(C)c(C)c(=O)oc3c2)s1,Ki,1,single-target,0,419.5720000000002,4.274240000000004,68.46000000000001,0,8,9,3,3,28,0.45,0,1
CHEMBL2178991,2.1985896,2.75605,Cc1c(C)c2ccc(OCc3nnc(S)s3)cc2oc1=O,Ki,1,single-target,0,320.3950000000001,3.1290400000000016,65.22,1,7,3,3,3,21,0.2142857142857142,0,1
CHEMBL1275842,2.6870375,21.40749,CO[C@@H]1[C@@H](OC(=O)c2ccc(C)[nH]2)[C@@H](O)[C@H](Oc2ccc3c(O)c(NC(=O)c4ccc(O)c(NC(=O)C(C)C)c4)c(=O)oc3c2Cl)OC1(C)C,IC50,1,single-target,0,714.124,4.456120000000002,218.88,6,12,9,5,4,50,0.3529411764705882,3,0
CHEMBL1255818,4.9073715,2.717832,O=c1cc(-c2ccccc2)c2cc(O)c(O)cc2o1,IC50,2,multi-target,0,254.241,2.8712000000000018,70.67,2,4,1,3,3,19,0.0,0,1
CHEMBL3259963,10.951473,2.4541764,CCN(CC)c1ccc2cc(/C=C/C3=[N+](CCCCCC(=O)NCCCCCCOc4cccc5c4CCCC5CCCN4CCN(C5CCCCC5)CC4)c4ccccc4C3(C)C)c(=O)oc2c1,Ki,1,single-target,0,939.3629999999991,12.195199999999987,81.27,1,7,24,8,4,69,0.5833333333333334,2,0
CHEMBL4471876,15.968901,4.9148703,Cc1cc(=O)oc2cc(OCCCCCn3cc(CNc4c5c(nc6cc(Cl)ccc46)CCCC5)nn3)ccc12,IC50,2,multi-target,0,558.0820000000002,6.634720000000007,95.07,1,8,10,6,5,40,0.3548387096774194,2,0
CHEMBL3586605,1.9708052,3.0863159,Cc1c(C)c2ccc(OCc3ccc(CN(C)Cc4ccc(C#N)cc4)cc3)cc2oc1=O,IC50,4,multi-target,0,438.5270000000001,5.492520000000005,66.47,0,5,7,4,4,33,0.2142857142857142,1,0
CHEMBL3116213,8.053924,1.2157302,CCN(CC)CCCOc1cc2ccc(=O)oc2cc1O,IC50,1,single-target,0,291.34700000000004,2.609300000000001,62.91,1,5,7,2,2,21,0.4375,0,1
CHEMBL550276,1.6654155,-1.3862458,COc1c2ccoc2c(OCCCCOc2ccccc2)c2oc(=O)cc(C)c12,IC50,1,single-target,0,394.4230000000001,5.094220000000004,71.03999999999999,0,6,8,4,4,29,0.2608695652173913,1,0
CHEMBL3941249,5.1633296,9.670995,O=c1oc2ccccc2c(N2CCN(c3ccccc3)CC2)c1CO,IC50,1,single-target,0,336.39100000000013,2.6119000000000008,56.92,1,5,3,4,3,25,0.25,0,1
CHEMBL3120692,4.3973875,-1.798099,COc1ccccc1N1CCN(CCCCOc2cc3oc(=O)c4c(c3cc2Cl)CCC4)CC1,Ki,2,multi-target,0,483.00800000000027,4.9249000000000045,55.15,0,6,8,5,3,34,0.4444444444444444,0,1
CHEMBL4206193,10.39979,9.929798,COc1ccc(-c2c3c4cc(OC)c(OCCCN(C)C)cc4oc(=O)c3n3ccc4cc(O)c(OC)cc4c23)cc1O,IC50,1,single-target,0,584.6250000000002,5.786600000000007,115.24,2,10,9,6,6,43,0.2424242424242424,2,0
CHEMBL4532350,11.653004,7.90438,CN(C)c1ccc(C2CC(c3c(O)c4ccccc4oc3=O)=NN2c2nc(-c3ccccc3)c(/N=N/c3ccc(Cl)cc3)s2)cc1,IC50,1,single-target,0,647.1600000000002,9.1126,106.89,1,10,7,7,6,46,0.1142857142857142,2,0
CHEMBL3265269,5.9370747,-8.449341,CC(=O)N1CCc2c(c(=O)oc3c(C=O)c(O)ccc23)C1,IC50,1,single-target,0,287.2710000000001,1.2157,87.82000000000001,1,5,1,3,2,21,0.2666666666666666,0,1
CHEMBL4647450,15.254265,1.7672158,Cc1c(O)c(=O)ccn1CCNC(=O)c1cc2ccccc2oc1=O,IC50,1,single-target,0,340.3350000000001,1.39872,101.54,2,6,4,3,3,25,0.1666666666666666,0,1
CHEMBL584162,7.687334,2.0793397,COc1cc([C@H]2Oc3ccc4ccc(=O)oc4c3O[C@@H]2CO)cc(OC)c1O,IC50,1,single-target,0,386.35600000000017,2.3892,107.59000000000002,2,8,4,4,3,28,0.25,0,1
CHEMBL239508,2.6635137,0.85778636,O=Cc1cc(=O)oc2cc(OCc3cccc(Cl)c3)ccc12,IC50,3,multi-target,0,314.724,3.837900000000002,56.510000000000005,0,4,4,3,3,22,0.0588235294117647,0,1
CHEMBL1340864,3.9525492,2.5729208,CCCc1cc(=O)oc2cc(OCc3nn[nH]n3)ccc12,AC50,3,multi-target,0,286.291,1.8376,93.9,1,6,5,3,3,21,0.2857142857142857,0,1
CHEMBL1457199,12.006493,6.0942345,O=C1CSC(c2cn(-c3ccccc3)nc2-c2cc3ccccc3oc2=O)N1Cc1ccco1,AC50,2,multi-target,0,469.5220000000003,5.012900000000004,81.47999999999999,0,7,5,6,5,34,0.1153846153846153,1,0
CHEMBL590130,4.622267,3.69649,O=c1cc(CSc2ncccn2)c2ccc(O)cc2o1,IC50,1,single-target,0,286.31200000000007,2.5809000000000006,76.22,1,6,3,3,3,20,0.0714285714285714,0,1
CHEMBL1079387,1.6344148,-5.4553576,CCOCC1(CN2CCN(c3ccccc3)CC2)COc2ccc3c(C)cc(=O)oc3c2C1=O,IC50,1,single-target,0,462.54600000000033,3.521620000000002,72.22,0,7,6,5,3,34,0.4074074074074074,0,1
CHEMBL1354146,6.453881,7.1271873,O=c1oc2ccccc2c2c1ccc1ccccc12,AC50,1,single-target,0,246.265,4.099400000000003,30.21,0,2,0,4,4,19,0.0,0,1
CHEMBL540174,6.4618745,0.9848161,O=c1ccc2c(OCCCCOc3ccccc3)cccc2o1,IC50,1,single-target,0,310.34900000000005,4.031000000000003,48.67,0,4,7,3,3,23,0.2105263157894736,0,1
CHEMBL3612308,2.646473,5.203068,O=c1oc2cc(OP(O)(=S)Oc3ccc4c5c(c(=O)oc4c3)CCC5)ccc2c2c1CCC2,IC50,1,single-target,0,482.4500000000005,4.551400000000004,99.11,1,7,4,6,4,33,0.25,0,1
CHEMBL1406942,4.7190013,3.079756,CC(C)CN(Cc1cc(=O)oc2cc3c(cc12)CCCC3)CC(C)C,EC50,1,single-target,0,341.4950000000001,4.7858000000000045,33.45,0,3,6,3,2,25,0.5909090909090909,0,1
CHEMBL422798,-0.008925208,10.8082485,C[C@@H]1[C@@H](C)Oc2c3c(c4c(-c5ccccc5)cc(=O)oc4c2[C@@H]1O)OC(C)(C)C=C3,IC50,1,single-target,0,404.46200000000016,5.094600000000007,68.9,1,5,1,5,3,30,0.32,1,0
CHEMBL3087904,13.721926,3.0762284,O=C(NC1CCN(Cc2ccccc2)CC1)c1cc2ccccc2oc1=O,IC50,2,multi-target,0,362.42900000000014,3.187400000000002,62.55,1,4,4,4,3,27,0.2727272727272727,0,1
CHEMBL1164612,14.619209,3.1939538,O=C(Nc1cc(-c2ccccc2)ccc1N1CCNCC1)c1cc2ccccc2oc1=O,IC50,1,single-target,0,425.4880000000002,4.121900000000003,74.58000000000001,2,5,4,5,4,32,0.1538461538461538,0,1
CHEMBL4216807,3.1537802,2.0490284,Cc1cc(=O)oc2cc(OCc3cc[n+](Cc4ccc([N+](=O)[O-])cc4)cc3)ccc12,IC50,3,multi-target,0,403.4140000000001,3.924420000000003,86.46,0,5,6,4,4,30,0.1304347826086956,0,1
CHEMBL585360,2.7390623,1.4948217,CN(C)CCc1cc(=O)oc2cc(OCc3ccccc3)ccc12,IC50,2,multi-target,0,323.392,3.4761000000000024,42.68000000000001,0,4,6,3,3,24,0.25,0,1
CHEMBL494978,12.672185,1.0014815,Cc1cc(C)cc(NC(=O)c2cc3cc(C)ccc3oc2=O)c1,IC50,1,single-target,0,307.34900000000005,3.9705600000000025,59.31,1,3,2,3,3,23,0.1578947368421052,0,1
CHEMBL478669,4.0579405,2.7497456,COc1ccc2c(CC(=O)NNc3ccc(S(N)(=O)=O)cc3)cc(=O)oc2c1,Ki,4,multi-target,0,403.4160000000002,1.1348,140.72999999999996,3,7,6,3,3,28,0.1111111111111111,0,1
CHEMBL4210401,3.1382878,1.9740577,Cc1ccccc1C[n+]1ccc(COc2ccc3c(C)cc(=O)oc3c2)cc1,IC50,4,multi-target,0,372.4440000000001,4.324640000000003,43.32,0,3,5,4,4,28,0.1666666666666666,0,1
CHEMBL4441966,7.197611,-3.1671507,Cc1c(C)c2ccc(OCC3CCCN(C)C3)cc2oc1=O,IC50,3,multi-target,0,301.386,3.130440000000002,42.68,0,4,3,3,2,22,0.5,0,1
CHEMBL4072568,8.398123,-7.6733437,NS(=O)(=O)Oc1ccc2cc(-c3ccc(NC(=O)Cc4ccc(F)c(C(F)(F)F)c4)cc3)c(=O)oc2c1,IC50,1,single-target,0,536.4590000000002,4.381400000000003,128.7,2,6,6,4,4,37,0.0833333333333333,1,0
CHEMBL5572056,2.9049377,3.2038634,Cc1c(Cl)c(=O)oc2cc(OCC(=O)Nc3ccc(S(N)(=O)=O)cc3)ccc12,Ki,7,multi-target,1,422.8460000000001,2.41972,128.7,2,6,5,3,3,28,0.1111111111111111,0,1
CHEMBL4176119,6.888117,7.351253,CC(=O)c1c(O)c2cc(Br)ccc2oc1=O,Ki,2,multi-target,0,283.077,2.463700000000001,67.50999999999999,1,4,1,2,2,16,0.0909090909090909,0,1
CHEMBL3586607,9.047432,0.5352186,CN(Cc1ccc(C#N)cc1)Cc1ccc(COc2ccc3cc(C#N)c(=O)oc3c2)cc1,IC50,1,single-target,0,435.4830000000002,4.747360000000004,90.26,0,6,7,4,4,33,0.1481481481481481,0,1
CHEMBL3116209,8.085015,1.177191,CCN(CC)CCOc1cc2ccc(=O)oc2cc1O,IC50,1,single-target,0,277.32,2.2192000000000003,62.91,1,5,6,2,2,20,0.4,0,1
CHEMBL1376937,13.242002,1.5764246,O=C(OC[C@@H]1CCCN2CCCC[C@H]12)c1cc2ccccc2oc1=O,AC50,2,multi-target,0,341.40700000000004,3.2143000000000024,59.75,0,5,3,4,2,25,0.5,0,1
CHEMBL575521,2.623999,1.401324,CN(C)Cc1cc(=O)oc2cc(OCc3cccc(F)c3)ccc12,IC50,1,single-target,0,327.355,3.572700000000002,42.68000000000001,0,4,5,3,3,24,0.2105263157894736,0,1
CHEMBL2425850,13.440188,-6.863354,Nc1c2c(nc3c1C(c1ccc(Cl)cc1Cl)c1c(c4ccccc4oc1=O)O3)CCCC2,IC50,1,single-target,0,465.3360000000004,6.2417000000000025,78.35000000000001,1,5,1,6,4,32,0.2,1,0
CHEMBL4094868,6.1395216,-0.82523835,O=C(c1ccccc1)c1ccc2n1CCC2C(=O)NCCOc1ccc2ccc(=O)oc2c1,Ki,1,single-target,0,442.4710000000002,3.508000000000002,90.54,1,6,7,5,4,33,0.1923076923076923,0,1
CHEMBL2178443,2.4948413,6.3144307,Cc1c(CCC(=O)O)c(=O)oc2c(C)c(OCc3ccc(-c4ccccc4)cc3)ccc12,IC50,1,single-target,0,428.484,5.673040000000005,76.74,1,4,7,4,4,32,0.1851851851851851,1,0
CHEMBL1508246,5.5248485,4.263561,CCC(=O)Oc1c(C(=O)CC)cc2c(C)cc(=O)oc2c1C,IC50,1,single-target,0,302.326,3.317940000000002,73.58000000000001,0,5,4,2,2,22,0.3529411764705882,0,1
CHEMBL4855281,10.785108,3.7402394,NS(=O)(=O)c1cc2cccc(O)c2oc1=O,Ki,4,multi-target,0,241.224,0.1460000000000004,110.6,2,5,1,2,2,16,0.0,0,1
CHEMBL2178434,2.252316,2.7073877,Cc1c(C)c2ccc(OCc3nnc(Nc4ccc(Cl)cc4)s3)cc2oc1=O,Ki,1,single-target,0,413.8860000000001,5.237340000000002,77.25,1,7,5,4,4,28,0.15,1,0
CHEMBL4215220,11.076669,4.489299,Cc1ccc2cc(-c3ccc(Cl)nn3)c(=O)oc2c1,IC50,1,single-target,0,272.691,3.211820000000002,55.99,0,4,1,3,3,19,0.0714285714285714,0,1
CHEMBL4069692,22.388357,-4.768953,NS(=O)(=O)c1ccc(-n2nc(C(=O)OCCOc3ccc4ccc(=O)oc4c3)cc2-c2ccc(Cl)cc2)cc1,IC50,2,multi-target,0,565.9910000000002,4.182300000000003,143.72000000000003,1,9,8,5,5,39,0.074074074074074,1,0
CHEMBL1309685,20.162544,2.2089684,COc1cc(OC)c2c(-c3ccccc3)cc(=O)oc2c1C(CC(=O)N1CCCC1)c1ccc2c(c1)OCO2,IC50,1,single-target,0,527.5730000000005,5.350300000000005,87.44000000000001,0,7,7,6,4,39,0.2903225806451613,2,0
CHEMBL3922127,1.6327506,-1.4087152,Cc1ccc(OCCCOc2c3ccoc3cc3oc(=O)ccc23)cc1,EC50,2,multi-target,0,350.3700000000001,4.695520000000004,61.81,0,5,6,4,4,26,0.1904761904761904,0,1
CHEMBL1618958,5.649776,-0.6711975,O=C(COc1ccc2ccc(=O)oc2c1)N1CCN(c2ccccc2)CC1,IC50,2,multi-target,0,364.40100000000007,2.520600000000001,62.99000000000001,0,5,4,4,3,27,0.238095238095238,0,1
CHEMBL4062197,22.287432,-4.6676474,COc1cc(-c2cc(C(=O)OCCOc3cc(=O)oc4ccccc34)nn2-c2ccc(S(N)(=O)=O)cc2)cc(OC)c1OC,IC50,3,multi-target,0,621.6240000000001,3.5547000000000013,171.40999999999997,1,12,11,5,5,44,0.1666666666666666,2,0
CHEMBL1835824,9.247607,-0.8029621,CN(C)c1ccc(-c2cc3ccc(=O)oc3cc2O)cc1,IC50,1,single-target,0,281.311,3.231600000000001,53.68000000000001,1,4,2,3,3,21,0.1176470588235294,0,1
CHEMBL78779,11.26456,14.371309,Cc1c(Cc2ccc(F)cc2)c(=O)oc2cc(OC(=O)N(C)C)ccc12,IC50,2,multi-target,0,355.3650000000001,3.891720000000003,59.75,0,4,3,3,3,26,0.2,0,1
CHEMBL3805906,13.83877,1.2793353,C/C(=N\Nc1ccc(S(N)(=O)=O)cc1)c1cc2cc(Cl)ccc2oc1=O,Ki,4,multi-target,0,391.8360000000001,2.929900000000001,114.76,2,6,4,3,3,26,0.0588235294117647,0,1
CHEMBL5793603,4.5282335,2.0558498,O=C(c1c(Cl)cccc1C(F)(F)F)c1nc(-c2ccc3c(O)cc(=O)oc3c2)c2n1CCCC2,EC50,1,single-target,0,488.84900000000033,5.601600000000004,85.32999999999998,1,6,3,5,4,34,0.2083333333333333,1,0
CHEMBL4582505,6.985341,-3.3385572,Cc1c(C)c2ccc(OCC3CCN(Cc4ccc(C#N)cc4)CC3)cc2oc1=O,IC50,3,multi-target,0,402.49400000000014,4.572520000000004,66.47,0,5,5,4,3,30,0.36,0,1
CHEMBL1345017,7.1300993,3.8051398,O=c1ccc2cc3c4c(c2o1)CCCN4CCC3,IC50,3,multi-target,0,241.2899999999999,2.4918000000000005,33.45,0,3,0,4,2,18,0.4,0,1
CHEMBL2314724,13.221746,3.9911065,COc1cc2cc(NC(=O)CCN(C)Cc3ccccc3)c(=O)oc2cc1OC,IC50,1,single-target,0,396.44300000000015,3.270800000000002,81.01,1,6,8,3,3,29,0.2727272727272727,0,1
CHEMBL502021,11.06159,1.1672236,O=C(NCc1ccccc1)c1cc2ccc(OCc3ccccc3)cc2oc1=O,IC50,1,single-target,0,385.4190000000001,4.302000000000003,68.53999999999999,1,4,6,4,4,29,0.0833333333333333,0,1
CHEMBL469583,13.194893,1.2048296,CCc1ccc(NC(=O)c2cc3ccccc3oc2=O)cc1,IC50,2,multi-target,0,293.322,3.607700000000002,59.31,1,3,3,3,3,22,0.1111111111111111,0,1
CHEMBL108660,3.0956414,2.0752058,Cc1cc(=O)oc2cc(OCc3ccccc3)ccc12,IC50,10,multi-target,1,266.296,3.6804200000000025,39.44,0,3,3,3,3,20,0.1176470588235294,0,1
CHEMBL209812,2.0573866,3.6711698,Cc1c(C)c2ccc(OCC(O)c3ccccc3)cc2oc1=O,IC50,2,multi-target,0,310.3490000000001,3.522240000000002,59.67,1,4,4,3,3,23,0.2105263157894736,0,1
CHEMBL3586577,1.6685263,3.4382179,Cc1c(C)c2ccc(OCCCCCNCc3ccccc3)cc2oc1=O,IC50,8,multi-target,1,365.473,4.748740000000003,51.47,1,4,9,3,3,27,0.3478260869565217,0,1
CHEMBL2206123,18.017418,3.2947905,COc1cccc2cc(C(=O)/C=C/c3cc[n+](Cc4ccccc4C)cc3)c(=O)oc12,IC50,2,multi-target,0,412.46500000000015,4.341920000000004,60.39,0,4,6,4,4,31,0.1153846153846153,0,1
CHEMBL211248,2.2143495,3.736711,Cc1c(C)c2ccc(S(=O)(=O)Cc3ccccc3)cc2oc1=O,IC50,2,multi-target,0,328.38900000000007,3.383740000000002,64.35,0,4,3,3,3,23,0.1666666666666666,0,1
CHEMBL3094001,3.0507185,1.0541471,CCCOc1cc(=O)oc2cc(OCc3cccc(Br)c3)ccc12,IC50,1,single-target,0,389.245,4.923300000000004,48.67,0,4,6,3,3,24,0.2105263157894736,0,1
CHEMBL3139072,2.4006994,1.0619851,CCCCNCc1cc(=O)oc2cc(OCc3cccc(Cl)c3)ccc12,IC50,1,single-target,0,371.864,4.915100000000004,51.47,1,4,8,3,3,26,0.2857142857142857,0,1
CHEMBL1557704,11.230087,3.0845141,CCCCCCc1cc2cc(S(=O)(=O)c3ccc(Cl)cc3)c(=O)oc2cc1O,AC50,2,multi-target,0,420.9140000000001,5.107600000000005,84.58,1,5,7,3,3,28,0.2857142857142857,1,0
CHEMBL206442,14.59984,3.1731071,O=C(Nc1cc(Br)ccc1N1CCN(Cc2ccccc2)CC1)c1cc2ccccc2oc1=O,IC50,1,single-target,0,518.4110000000003,5.130000000000004,65.79,1,5,5,5,4,34,0.1851851851851851,2,0
CHEMBL1499658,4.780897,3.4942744,COc1cccc(-n2c(SCc3cc(=O)oc4cc(O)c(O)cc34)nc3ccccc3c2=O)c1,IC50,5,multi-target,1,474.49400000000014,4.204200000000004,114.79000000000002,2,9,5,5,5,34,0.08,0,1
CHEMBL1957186,7.8119855,0.27511886,O=c1ccc2ccc(OCCF)cc2o1,Ki,3,multi-target,0,208.188,2.1413,39.44,0,3,3,2,2,15,0.1818181818181818,0,1
CHEMBL452555,13.872624,2.3545914,COc1ccc(N2CCN(C(=O)c3cc4ccccc4oc3=O)CC2)cc1,IC50,1,single-target,0,364.4010000000002,2.764000000000001,62.99,0,5,3,4,3,27,0.238095238095238,0,1
CHEMBL1946917,5.267214,6.938652,O=c1oc2cc(O)ccc2c2c1[nH]c1ccc(O)cc12,IC50,4,multi-target,0,267.24,2.8387,86.46,3,4,0,4,4,20,0.0,0,1
CHEMBL572166,6.4173584,7.9766307,O=c1oc2ccc(Cl)cc2c(O)c1Cc1c(O)c2cc(Cl)ccc2oc1=O,IC50,1,single-target,0,405.1890000000001,4.208200000000001,100.88,2,6,2,4,4,27,0.0526315789473684,0,1
CHEMBL4103770,10.868558,5.317553,N#Cc1c(-c2cccc3ccccc23)cc(-c2cc3c(ccc4ccccc43)oc2=O)[nH]c1=O,IC50,1,single-target,0,440.45800000000014,5.993380000000003,86.85999999999999,1,4,2,6,6,34,0.0,1,0
CHEMBL3335053,4.9911127,-1.4315175,COc1cccc(CC2CCN(CCCCOc3ccc4c5c(c(=O)oc4c3)CCCC5)CC2)c1,IC50,2,multi-target,0,475.6290000000004,5.794100000000006,51.91,0,5,9,5,3,35,0.5,1,0
CHEMBL3335051,1.1167326,3.6346576,COc1cccc(CN(C)CCCCOc2ccc3c4c(c(=O)oc3c2)CCCC4)c1,IC50,1,single-target,0,421.53700000000026,4.971400000000005,51.91,0,5,9,4,3,31,0.4230769230769231,0,1
CHEMBL3331341,-1.6309676,3.8393264,Cc1nn(-c2ccccc2)c2c1c(=O)oc1ccc(Br)cc12,Ki,2,multi-target,0,355.191,4.202820000000002,48.03,0,4,1,4,4,22,0.0588235294117647,0,1
CHEMBL4646097,-1.1662196,5.750691,O=c1oc2cccc(O)c2cc1Cc1ccc(O)cc1,IC50,1,single-target,0,268.268,2.795000000000001,70.67,2,4,2,3,3,20,0.0625,0,1
CHEMBL4218447,10.406857,9.938087,COc1ccc(-c2c3c4cc(O)c(OC)cc4oc(=O)c3n3ccc4cc(O)c(OC)cc4c23)cc1O,IC50,1,single-target,0,499.47500000000025,5.161700000000006,123.0,3,9,4,6,6,37,0.1071428571428571,1,0
CHEMBL4543140,10.914148,2.2141843,CCN(CC)c1ccc2cc(C(=O)NCC(O)(Cn3ccnc3)c3ccc(F)cc3F)c(=O)oc2c1,IC50,1,single-target,0,496.5140000000001,3.431700000000002,100.6,2,7,9,4,4,36,0.2692307692307692,0,1
CHEMBL601424,16.342155,-2.40674,Cc1c(N2CCN(C(=O)c3ccccc3)CC2)c(=O)oc2cc(O)cc(O)c12,IC50,1,single-target,0,380.40000000000015,2.475020000000001,94.22,2,6,2,4,3,28,0.238095238095238,0,1
CHEMBL4467446,7.519717,0.5499996,CC1=CC(O/C=C2\C[C@]3(C)C(COc4ccc5ccc(=O)oc5c4)[C@](C)(O)CC[C@H]3C(C)(C)C2=O)OC1=O,EC50,1,single-target,0,522.5940000000004,4.684000000000004,112.27,1,8,5,5,2,38,0.5,1,0
CHEMBL3764644,5.9800014,-1.2766333,Cc1cc2ccc(OCCNC3CCN(Cc4ccccc4)CC3)cc2oc1=O,IC50,3,multi-target,0,392.49900000000014,3.7344200000000023,54.71,1,5,7,4,3,29,0.375,0,1
CHEMBL4065593,7.376653,8.818397,O=C1C(O)=C(C(c2ccc([N+](=O)[O-])cc2)c2c(O)c3ccccc3oc2=O)C(=O)c2ccccc21,IC50,1,single-target,0,469.4050000000002,4.430000000000003,147.95,2,8,4,5,4,35,0.0384615384615384,0,1
CHEMBL4082235,11.116183,-8.915504,CN(CCCNc1cc(=O)oc2ccccc12)C(=O)c1cccs1,IC50,1,single-target,0,342.4200000000001,3.428700000000002,62.55,1,5,6,3,3,24,0.2222222222222222,0,1
CHEMBL18492,2.5225654,4.170787,Cc1c(C)c2ccc(OS(C)(=O)=O)cc2oc1=O,IC50,1,single-target,0,268.29,1.74824,73.58000000000001,0,5,2,2,2,18,0.25,0,1
CHEMBL1331911,3.7215905,6.621754,CCCCC(NC(=O)Cc1c(C)c2cc3c(-c4ccccc4)coc3c(C)c2oc1=O)C(=O)O,AC50,1,single-target,0,461.5140000000002,5.125140000000004,109.75,2,5,8,4,4,34,0.2962962962962963,1,0
CHEMBL1596400,11.056741,2.5897272,CCN(CC)c1ccc2cc(C#N)c(=O)oc2c1,EC50,2,multi-target,0,242.278,2.51088,57.24,0,4,3,2,2,18,0.2857142857142857,0,1
CHEMBL3827058,0.35801977,3.5573802,COc1ccc(-c2cc3cc(OCCCN(C)Cc4cccc(OC(=O)NCCCCCc5ccccc5)c4)ccc3oc2=O)cc1,IC50,3,multi-target,0,634.7730000000004,7.8709000000000096,90.24,1,7,16,5,5,47,0.282051282051282,2,0
CHEMBL1426944,12.699915,0.34467676,O=C(Nc1cc2ccccc2oc1=O)C1CCCCC1,AC50,3,multi-target,0,271.316,3.3118000000000016,59.31,1,3,2,3,2,20,0.375,0,1
CHEMBL3828693,0.34666684,3.5552294,CCCCCCCNC(=O)Oc1cccc(CN(C)CCCCCOc2ccc3ccc(=O)oc3c2)c1,IC50,3,multi-target,0,508.6590000000005,6.532900000000007,81.01,1,6,16,3,3,37,0.4666666666666667,2,0
CHEMBL3927410,1.7782187,4.837369,CC1(C)[C@H]2CC=C(CCOc3ccc4c5c(c(=O)oc4c3)CCCC5)[C@@H]1C2,IC50,1,single-target,0,364.4850000000002,5.433100000000006,39.44,0,3,4,6,2,27,0.5416666666666666,1,0
CHEMBL4060753,2.4535005,4.2936397,CCCCS(=O)(=O)Oc1ccc2c(C)c(C#N)c(=O)oc2c1,IC50,2,multi-target,0,321.35400000000004,2.4818000000000007,97.37,0,6,5,2,2,22,0.3333333333333333,0,1
CHEMBL4100010,2.5460448,4.1367683,Cc1c(Cl)c(=O)oc2cc(OS(=O)(=O)c3ccc(Cl)cc3)ccc12,IC50,2,multi-target,0,385.2240000000001,4.175920000000002,73.58,0,5,3,3,3,24,0.0625,0,1
CHEMBL4210805,11.117935,4.5642195,COc1ccc2oc(=O)c(-c3ccc(Cl)nn3)cc2c1,IC50,1,single-target,0,288.69,2.912000000000001,65.22,0,5,2,3,3,20,0.0714285714285714,0,1
CHEMBL4080704,12.508936,1.106843,COc1ccc2oc(=O)c(C(=O)Nc3cccc(Cl)c3)cc2c1,IC50,1,single-target,0,329.73900000000003,3.707300000000002,68.53999999999999,1,4,3,3,3,23,0.0588235294117647,0,1
CHEMBL4163548,17.859417,12.885511,O=C(CCCCC1CCSS1)NCc1cn(CCCOc2ccc3cc(-c4ccc(Cl)c(Cl)c4)c(=O)oc3c2)nn1,IC50,1,single-target,0,633.6230000000003,7.1577000000000055,99.25,1,9,13,5,4,41,0.3793103448275862,2,0
CHEMBL4171486,3.5987732,6.5058956,Cc1c(CC(=O)Nc2ccc(S(N)(=O)=O)cc2)c(=O)oc2cc3occ(-c4ccc(F)cc4)c3cc12,Ki,4,multi-target,0,506.51100000000025,4.482320000000002,132.61,2,6,5,5,5,36,0.0769230769230769,1,0
CHEMBL176325,3.3665795,8.880435,COc1cccc2c(N3CCOCC3)cc(=O)oc12,IC50,1,single-target,0,261.277,1.6381999999999997,51.91,0,5,2,3,2,19,0.3571428571428571,0,1
CHEMBL1099164,-1.2721871,19.142752,COc1ccc2c(Nc3c(Cl)cncc3Cl)cc(=O)oc2c1OCCCCCCCCN(C)C,IC50,1,single-target,0,508.4460000000005,6.528000000000005,76.83,1,7,13,3,3,34,0.44,2,0
CHEMBL3299111,13.227518,1.3954387,CC(C)(C)NC(=O)c1cc2ccccc2oc1=O,IC50,2,multi-target,0,245.278,2.321300000000001,59.31,1,3,1,2,2,18,0.2857142857142857,0,1
CHEMBL3297787,12.748963,2.7127028,CCCCCCN(CCCCCC)C(=O)c1cc2cc(Br)cc(Br)c2oc1=O,IC50,2,multi-target,0,515.2860000000001,6.920800000000006,50.52,0,3,11,2,2,28,0.5454545454545454,2,0
CHEMBL4126092,3.9666345,-2.7002602,CC(=O)c1c(OCCCCN2CCN(c3cccc(Cl)c3Cl)CC2)ccc2c(C)cc(=O)oc12,Ki,2,multi-target,0,503.42600000000033,5.592020000000006,62.99,0,6,8,4,3,34,0.3846153846153846,2,0
CHEMBL4435433,13.004574,2.2292805,COc1ccc(O)c(C(=O)NNC(=O)c2cc3cccc(OC)c3oc2=O)c1,IC50,1,single-target,0,384.34400000000016,1.5906,127.1,3,7,4,3,3,28,0.1052631578947368,0,1
CHEMBL3734992,11.183777,5.224451,Cc1ccc2oc(=O)c(-c3cccc(OC(=O)N(C)C)c3)cc2c1,IC50,1,single-target,0,323.34800000000007,3.828820000000002,59.75,0,4,2,3,3,24,0.1578947368421052,0,1
CHEMBL389825,12.7848425,4.491397,COc1ccccc1CN(C)Cc1ccc(-c2cc3cc(OC)c(OC)cc3oc2=O)cc1,IC50,2,multi-target,0,445.5150000000002,5.117800000000005,61.14000000000001,0,6,8,4,4,33,0.2222222222222222,1,0
CHEMBL225499,8.8627205,11.107092,O=c1cc(Cn2ccnc2)c2ccc(OCc3ccccc3)cc2o1,IC50,3,multi-target,0,332.35900000000004,3.616800000000002,57.260000000000005,0,5,5,4,4,25,0.1,0,1
CHEMBL470020,13.012873,0.99554396,Cc1ccc(NC(=O)c2cc3ccccc3oc2=O)c(C)c1,IC50,2,multi-target,0,293.32200000000006,3.6621400000000017,59.31,1,3,2,3,3,22,0.1111111111111111,0,1
CHEMBL2349224,2.9366388,-7.0031457,COc1cccc2cc(CN(Cc3ccccc3)C(=O)CNCc3cn([C@H]4C[C@H](n5cc(C)c(=O)[nH]c5=O)O[C@@H]4CO)nn3)c(=O)oc12,IC50,2,multi-target,0,657.6840000000002,1.3912199999999997,186.80999999999997,3,13,12,6,5,48,0.3333333333333333,2,0
CHEMBL3121862,10.529582,0.8177562,CC(=O)Nc1cc2ccc(OCc3cccc(Cl)c3)cc2oc1=O,IC50,2,multi-target,0,343.7660000000001,3.983800000000003,68.53999999999999,1,4,4,3,3,24,0.1111111111111111,0,1
CHEMBL88296,5.7681737,-8.860895,COc1ccc2c3c(c(=O)oc2c1)CN(Cc1ccc([N+](=O)[O-])cc1)CC3,Ki,1,single-target,0,366.3730000000001,3.2681000000000022,85.82,0,6,4,4,3,27,0.25,0,1
CHEMBL4779428,-4.0198684,-0.5282091,CC(C)CN(C[C@@H](O)[C@H](Cc1ccccc1)NC(=O)Cc1cc(=O)oc2cc(O)ccc12)S(=O)(=O)c1ccc([N+](=O)[O-])cc1,IC50,2,multi-target,0,623.6840000000003,3.3846000000000016,180.29,3,9,13,4,4,44,0.2903225806451613,1,0
CHEMBL4127779,3.9067852,-2.787667,CC(=O)c1c(OCCCCN2CCN(c3cnccn3)CC2)ccc2c(C)cc(=O)oc12,Ki,2,multi-target,0,436.5120000000002,3.0752200000000016,88.77,0,8,8,4,3,32,0.4166666666666667,0,1
CHEMBL4104227,6.8221693,8.832326,CCCCCCCCCCCC(c1ccc(OC)cc1)c1c(O)c2ccccc2oc1=O,Ki,1,single-target,0,436.59200000000016,7.560000000000008,59.67,1,4,13,3,3,32,0.4642857142857143,1,0
CHEMBL2408075,24.317049,4.426747,O=c1oc2ccccc2c(Cl)c1/C=N/c1ccc(S(=O)(=O)Nc2nccs2)cc1,IC50,2,multi-target,0,445.9090000000001,4.454300000000002,101.63,1,7,5,4,4,29,0.0,0,1
CHEMBL2425846,13.410591,-6.891091,Nc1c2c(nc3c1C(c1ccc(F)cc1)c1c(c4ccccc4oc1=O)O3)CCCC2,IC50,2,multi-target,0,414.43600000000026,5.074000000000003,78.35000000000001,1,5,1,6,4,31,0.2,1,0
CHEMBL2322280,3.882569,6.8003993,Cc1c(CCC(=O)Nc2cccc(C(=O)O)c2)c(=O)oc2cc3oc4c(c3cc12)CCCC4,EC50,1,single-target,0,445.4710000000004,4.995920000000004,109.75,2,5,5,5,4,33,0.2692307692307692,0,1
CHEMBL205989,6.3984203,6.1681967,C=Cc1cccc2c(=O)oc3c(C)c(O)ccc3c12,IC50,1,single-target,0,252.269,3.603220000000001,50.44,1,3,1,3,3,19,0.0625,0,1
CHEMBL3805545,13.0967655,6.5074606,COc1ccc(-c2nn(-c3ccc(S(N)(=O)=O)cc3)cc2/C=N\Nc2nc(-c3cc4cc(Cl)ccc4oc3=O)cs2)cc1,Ki,4,multi-target,0,633.1110000000002,5.524600000000003,154.7,2,11,8,6,6,43,0.0344827586206896,3,0
CHEMBL3094015,2.9142497,0.68921393,CCOC(=O)COc1cc(=O)oc2cc(OCc3cccc(Cl)c3)ccc12,IC50,1,single-target,0,388.80300000000005,3.9673000000000025,74.97000000000001,0,6,7,3,3,27,0.2,0,1
CHEMBL3093992,2.9292414,0.7630466,COc1cc(=O)oc2cc(OCc3cccc(Cl)c3)ccc12,IC50,2,multi-target,0,316.74,4.0340000000000025,48.67,0,4,4,3,3,22,0.1176470588235294,0,1
CHEMBL1835827,9.01527,-0.9059758,O=c1ccc2cc(-c3ccc(F)cc3)ccc2o1,IC50,1,single-target,0,240.233,3.5991000000000017,30.21,0,2,1,3,3,18,0.0,0,1
CHEMBL4204002,-4.477509,6.419644,C#CCN(CCCOc1ccc2ccc(=O)oc2c1)Cc1ccc(C(C)C)cc1,IC50,2,multi-target,0,389.4950000000002,4.820700000000005,42.68,0,4,9,3,3,29,0.32,0,1
CHEMBL3596581,8.5313835,1.9163358,C=CC(C)(C)c1cc2cc3c(cc2oc1=O)OC(C)(C)C=C3,IC50,1,single-target,0,296.366,4.440800000000004,39.44,0,3,2,3,2,22,0.3157894736842105,0,1
CHEMBL1835812,9.52852,-1.1303765,CCN(CC)c1cc2oc(=O)ccc2cc1-c1ccc(N(C)C)cc1,IC50,1,single-target,0,336.43500000000006,4.372200000000004,36.690000000000005,0,4,5,3,3,25,0.2857142857142857,0,1
CHEMBL3133843,-9.126161,6.935926,COc1ccc2c(Cn3cc(CSC(=S)N4CCN(C(=O)OC(C)(C)C)CC4)nn3)cc(=O)oc2c1,IC50,1,single-target,0,531.6600000000004,3.5122000000000027,102.93,0,10,5,4,3,36,0.4583333333333333,1,0
CHEMBL3286728,5.3286963,-0.67631733,Cc1cc(=O)oc2cc(OCCCC(=O)N3CCN(c4ccccc4)CC3)ccc12,IC50,2,multi-target,0,406.4820000000001,3.6092200000000014,62.99,0,5,6,4,3,30,0.3333333333333333,0,1
CHEMBL4470317,15.772795,2.1787488,COc1ccc2cc(Cn3ccc(=O)c(O)c3C)c(=O)oc2c1,IC50,1,single-target,0,313.3090000000001,2.02562,81.67,1,6,3,3,3,23,0.1764705882352941,0,1
CHEMBL4590498,4.1459036,11.112799,O=c1oc2ccccc2c2nn(Cc3cn(-c4c(Cl)cc(Cl)cc4Cl)nn3)cc12,IC50,2,multi-target,0,446.6810000000001,4.731900000000001,78.74,0,7,3,5,5,29,0.0526315789473684,0,1
CHEMBL3098769,5.8846626,4.442487,Cc1cc(=O)oc2c(CN[C@@H](CC(C)C)C(=O)O)c(O)ccc12,IC50,1,single-target,0,319.357,2.3959200000000003,99.77,3,5,6,2,2,23,0.4117647058823529,0,1
CHEMBL3263995,11.230939,14.409298,CNS(=O)(=O)Nc1cccc(Cc2c(C)c3ccc(OC(=O)N(C)C)cc3oc2=O)n1,IC50,2,multi-target,0,446.4850000000002,2.0237199999999995,130.83999999999995,2,7,6,3,3,31,0.25,0,1
CHEMBL4860675,10.752837,3.6791794,COc1cccc2oc(=O)c(S(N)(=O)=O)cc12,Ki,4,multi-target,0,255.251,0.4489999999999998,99.6,1,5,2,2,2,17,0.1,0,1
CHEMBL4781495,-4.0756774,-0.58344024,CC(C)CN(C[C@@H](O)[C@H](Cc1ccccc1)NC(=O)Cc1cc2ccc(N)cc2oc1=O)S(=O)(=O)c1ccc([N+](=O)[O-])cc1,IC50,1,single-target,0,622.7000000000003,3.261200000000001,186.08,3,9,13,4,4,44,0.2903225806451613,1,0
CHEMBL4846304,10.840178,3.648951,NS(=O)(=O)c1cc2cc(Br)ccc2oc1=O,Ki,4,multi-target,0,304.1210000000001,1.2029000000000003,90.37,1,4,1,2,2,16,0.0,0,1
CHEMBL367262,3.2801812,8.952711,O=c1cc(N2CCOCC2)c2ccccc2o1,IC50,1,single-target,0,231.251,1.6295999999999995,42.68000000000001,0,4,1,3,2,17,0.3076923076923077,0,1
CHEMBL3121792,10.6756115,0.46417907,C#CCCCCOc1ccc2cc(-c3ccc(OC)cc3)c(=O)oc2c1,IC50,1,single-target,0,348.3980000000001,4.6509000000000045,48.67,0,4,7,3,3,26,0.2272727272727272,0,1
CHEMBL3121864,7.367674,0.81710345,COC(=O)c1cc2cc(OC/C=C(\C)CCC=C(C)C)ccc2oc1=O,IC50,1,single-target,0,356.41800000000006,4.651100000000004,65.74000000000001,0,5,7,2,2,26,0.3333333333333333,0,1
CHEMBL2003049,7.3632054,0.7995637,C/C(=C\COc1ccc2ccc(=O)oc2c1)CCC(=O)C(C)(C)O,Ki,5,multi-target,1,330.38000000000005,3.238300000000002,76.74,1,5,7,2,2,24,0.3684210526315789,0,1
CHEMBL3622012,2.5085752,5.0649877,NS(=O)(=O)Oc1ccc2c3c(c(=O)oc2c1)CCCCCCCC3,IC50,1,single-target,0,351.42400000000026,2.8145000000000007,99.6,1,5,2,3,2,24,0.4705882352941176,0,1
CHEMBL469350,12.848817,1.0262543,O=C(Nc1ccccc1Cc1ccccc1)c1cc2ccccc2oc1=O,IC50,1,single-target,0,355.3930000000001,4.636100000000003,59.31,1,3,4,4,4,27,0.0434782608695652,0,1
CHEMBL461383,3.196322,9.035576,Cc1ccc2oc(=O)cc(N3CCN(C(=O)c4ccc(Cl)cc4)CC3)c2c1,IC50,1,single-target,0,382.84700000000015,3.717220000000003,53.760000000000005,0,4,2,4,3,27,0.238095238095238,0,1
CHEMBL4097207,22.38064,-4.7616677,NS(=O)(=O)c1ccc(-n2nc(C(=O)OCCOc3ccc4ccc(=O)oc4c3)cc2-c2cccc(F)c2)cc1,IC50,3,multi-target,0,549.5360000000003,3.668000000000003,143.72000000000003,1,9,8,5,5,39,0.074074074074074,1,0
CHEMBL471228,11.267682,1.2474207,COc1ccc(NC(=O)c2cc3ccc(OCc4ccccc4)c(C)c3oc2=O)cc1OC,IC50,2,multi-target,0,445.4710000000002,4.949920000000004,87.00000000000001,1,6,7,4,4,33,0.1538461538461538,0,1
CHEMBL470612,11.048698,1.1678344,N#Cc1c(F)c(F)c(NC(=O)c2cc3ccc(OCc4ccccc4)cc3oc2=O)c(F)c1F,IC50,2,multi-target,0,468.3620000000002,5.052380000000002,92.33,1,5,5,4,4,34,0.0416666666666666,1,0
CHEMBL80362,6.946236,9.122063,COc1ccc2c(O)c(C(c3cccc(NS(=O)(=O)c4cccc5cccnc45)c3)C3CC3)c(=O)oc2c1,Ki,1,single-target,0,528.5860000000004,5.398100000000003,118.73,2,7,7,6,5,38,0.1724137931034483,2,0
CHEMBL512719,13.070243,1.0166264,Cc1cccc(C)c1NC(=O)c1cc2ccccc2oc1=O,IC50,2,multi-target,0,293.32200000000006,3.6621400000000017,59.31,1,3,2,3,3,22,0.1111111111111111,0,1
CHEMBL3394533,2.893359,4.8515162,O=c1oc2cc(/N=C/c3ccccc3O)ccc2c2c1CCC2,IC50,1,single-target,0,305.33300000000014,3.7379000000000016,62.8,1,4,2,4,3,23,0.1578947368421052,0,1
CHEMBL4164409,12.544553,1.6497118,CC(=O)c1cc2cc([N+](=O)[O-])ccc2oc1=O,Ki,2,multi-target,0,233.179,1.9038,90.42,0,5,2,2,2,17,0.0909090909090909,0,1
CHEMBL4064364,3.5292614,6.0524044,CCCc1c(C)c2cc3c(C)coc3cc2oc1=O,IC50,5,multi-target,1,256.301,4.108540000000004,43.35,0,3,2,3,3,19,0.3125,0,1
CHEMBL3220507,12.674718,0.52385724,Cc1ccc(C(=O)Nc2cc3cc(C)ccc3oc2=O)cc1,IC50,3,multi-target,0,293.322,3.6621400000000017,59.31,1,3,2,3,3,22,0.1111111111111111,0,1
CHEMBL4163924,-1.6551726,3.801769,Cc1nn(-c2ccccc2)c2c1c(=O)oc1ccc(NCc3ccccc3)cc12,Ki,2,multi-target,0,381.43500000000006,5.052420000000003,60.06,1,5,4,5,5,29,0.0833333333333333,1,0
CHEMBL4589224,16.096136,5.218268,NS(=O)(=O)c1ccc(C/N=C/c2cc(Br)ccc2OCc2cn(CCCOc3ccc4ccc(=O)oc4c3)nn2)cc1,Ki,3,multi-target,0,652.5270000000003,4.461600000000004,151.90000000000003,1,10,12,5,5,42,0.1724137931034483,1,0
CHEMBL3326708,14.761274,13.433752,COc1cc2cc(C(=O)NCCCCCCNc3c4c(nc5ccccc35)CCCC4)c(=O)oc2cc1OC,Ki,2,multi-target,0,529.6370000000003,5.639500000000005,102.69,2,7,11,5,4,39,0.3870967741935484,2,0
CHEMBL3327246,14.737501,13.411317,COc1ccc2oc(=O)c(C(=O)NCCCCCCCNc3c4c(nc5ccccc35)CCCC4)cc2c1,IC50,4,multi-target,0,513.6380000000004,6.021000000000006,93.46,2,6,11,5,4,38,0.3870967741935484,2,0
CHEMBL3327249,14.763337,13.438625,O=C(NCCCCCCCNc1c2c(nc3ccccc13)CCCC2)c1cc2cc(OC(F)(F)F)ccc2oc1=O,Ki,2,multi-target,0,567.6080000000003,6.911000000000006,93.46,2,6,11,5,4,41,0.3870967741935484,2,0
CHEMBL3326709,14.763428,13.438597,O=C(NCCCCCCNc1c2c(nc3ccccc13)CCCC2)c1cc2cc(OC(F)(F)F)ccc2oc1=O,IC50,4,multi-target,0,553.5810000000004,6.5209000000000055,93.46,2,6,10,5,4,40,0.3666666666666666,2,0
CHEMBL3322159,-3.432746,0.053507723,O=C(Cc1cc(=O)oc2cc(O)ccc12)NCCCNc1c2c(nc3ccccc13)CCCC2,IC50,2,multi-target,0,457.5300000000003,4.086500000000003,104.46,3,6,7,5,4,34,0.2962962962962963,0,1
CHEMBL3094004,2.9191322,0.72509515,CSCOc1cc(=O)oc2cc(OCc3cccc(Cl)c3)ccc12,IC50,1,single-target,0,362.834,4.724700000000003,48.67,0,5,6,3,3,24,0.1666666666666666,0,1
CHEMBL3417297,0.83773035,15.546183,CCOc1cc(=O)oc2cc(OCCN3CCN(CCCNc4c5c(nc6ccccc46)CCCC5)CC3)ccc12,IC50,4,multi-target,0,556.7070000000003,5.117300000000005,80.07000000000001,1,8,11,6,4,41,0.4545454545454545,2,0
CHEMBL77169,7.572393,2.4344578,C=CCc1c(OC(C)=O)ccc2ccc(=O)oc12,IC50,1,single-target,0,244.246,2.4468000000000005,56.510000000000005,0,4,3,2,2,18,0.1428571428571428,0,1
CHEMBL3403710,-5.526777,12.193155,CCCc1c(OCCCCN2C(=O)NC(C)(c3ccc(OC)cc3)C2=O)ccc2c(C(F)(F)F)cc(=O)oc12,EC50,1,single-target,0,546.5420000000001,5.399100000000005,98.08,1,6,10,4,3,39,0.3928571428571428,2,0
CHEMBL121884,7.580718,-0.9813596,O=c1ccc2ccc(CN3CCN(c4ccc(F)cc4)CC3)cc2o1,Ki,1,single-target,0,338.3820000000001,3.2543000000000024,36.690000000000005,0,4,3,4,3,25,0.25,0,1
CHEMBL540196,3.2213063,9.015864,Cc1ccc(N2CCN(c3cc(=O)oc4ccc(C)cc34)CC2)cc1,IC50,1,single-target,0,334.4190000000001,3.736440000000002,36.69,0,4,2,4,3,25,0.2857142857142857,0,1
CHEMBL122862,8.1537695,-0.51427734,Cc1ccc(NCCNCc2ccc3ccc(=O)oc3c2)cc1C,Ki,1,single-target,0,322.40800000000013,3.6115400000000015,54.27,2,4,6,3,3,24,0.25,0,1
CHEMBL120616,5.980532,6.1959124,CC(=O)OC[C@@]1(C)c2c(c3c(C)c(O)ccc3oc2=O)O[C@H]1C,IC50,1,single-target,0,318.3250000000001,2.4087200000000006,85.97000000000001,1,6,2,3,2,23,0.4117647058823529,0,1
CHEMBL1452050,3.8926456,6.791962,Cc1c(CCC(=O)N[C@@H](C)C(=O)O)c(=O)oc2c(C)c3oc4c(c3cc12)CCCC4,AC50,1,single-target,0,411.4540000000003,3.5567400000000022,109.75,2,5,5,4,3,30,0.4347826086956521,0,1
CHEMBL3805919,13.912585,1.2242182,C/C(=N\Nc1ccc(S(N)(=O)=O)cc1)c1cc2cc(Br)ccc2oc1=O,Ki,4,multi-target,0,436.2870000000001,3.0390000000000006,114.76,2,6,4,3,3,26,0.0588235294117647,0,1
CHEMBL3804909,13.1089325,6.523207,NS(=O)(=O)c1ccc(-n2cc(/C=N\Nc3nc(-c4cc5cc(Br)ccc5oc4=O)cs3)c(-c3ccc(F)cc3)n2)cc1,Ki,4,multi-target,0,665.5260000000001,5.764200000000004,145.47000000000003,2,10,7,6,6,42,0.0,2,0
CHEMBL3121789,10.710944,0.43948647,C#CCCCCOc1ccc2oc(=O)c(NC(C)=O)cc2c1,IC50,1,single-target,0,299.326,2.933700000000001,68.53999999999999,1,4,6,2,2,22,0.2941176470588235,0,1
CHEMBL3120181,10.72487,0.4342785,C#CCCCOc1ccc2oc(=O)c(C(=O)OC)cc2c1,IC50,1,single-target,0,286.283,2.3718000000000004,65.74,0,5,5,2,2,21,0.25,0,1
CHEMBL4071420,14.158706,1.9240153,O=C(NCCCCc1ccc(O)cc1)c1cc2ccc(O)cc2oc1=O,IC50,2,multi-target,0,353.37400000000014,2.956900000000001,99.77,3,5,6,3,3,26,0.2,0,1
CHEMBL3326706,14.762663,13.437199,COc1ccc2oc(=O)c(C(=O)NCCCCCCNc3c4c(nc5ccccc35)CCCC4)cc2c1,Ki,2,multi-target,0,499.6110000000003,5.630900000000005,93.46,2,6,10,5,4,37,0.3666666666666666,1,0
CHEMBL2088232,7.2352724,0.86102444,CC(C)=CCC/C(C)=C/COc1ccc2oc(=O)ccc2c1,IC50,1,single-target,0,298.382,4.864500000000005,39.44,0,3,6,2,2,22,0.3157894736842105,0,1
CHEMBL396247,12.810656,4.517474,COc1cc2cc(-c3ccc(CN(CCO)Cc4ccccc4)cc3)c(=O)oc2cc1OC,IC50,2,multi-target,0,445.51500000000016,4.471700000000004,72.14,1,6,9,4,4,33,0.2222222222222222,0,1
CHEMBL3410724,13.295829,2.6609156,CCCCOc1c(OC)ccc2cc(C(=O)NCC3CC3)c(=O)oc12,IC50,1,single-target,0,345.3950000000001,3.120300000000001,77.77,1,5,8,3,2,25,0.4736842105263157,0,1
CHEMBL19240,5.541354,6.2724295,Cc1c(C)c2ccc(O)cc2oc1=O,IC50,1,single-target,0,190.19799999999995,2.1154399999999995,50.440000000000005,1,3,0,2,2,14,0.1818181818181818,0,1
CHEMBL3736482,11.296063,5.254912,Cc1ccc2oc(=O)c(-c3ccc(OCc4cccc(F)c4)cc3)cc2c1,IC50,1,single-target,0,360.38400000000007,5.486520000000004,39.44,0,3,4,4,4,27,0.0869565217391304,1,0
CHEMBL3359955,8.879503,11.125533,CC(C)Oc1ccc(COc2ccc3c(Cn4ccnc4)cc(=O)oc3c2)cc1,IC50,3,multi-target,0,390.4390000000001,4.404000000000004,66.49000000000001,0,6,7,4,4,29,0.217391304347826,0,1
CHEMBL170548,8.472066,0.64329726,CCC1CCN(C(=O)C(CCCN=C(N)N)NS(=O)(=O)c2ccc3ccc(=O)oc3c2)CC1,IC50,1,single-target,0,477.5870000000003,1.142100000000002,161.08999999999995,3,6,9,3,2,33,0.5,0,1
CHEMBL3322161,-3.428532,0.056739405,O=C(Cc1cc(=O)oc2cc(O)ccc12)NNC(=S)Nc1c2c(nc3ccccc13)CCCC2,IC50,2,multi-target,0,474.5420000000003,3.4859000000000027,116.49,4,6,3,5,4,34,0.2,0,1
CHEMBL3601440,5.800365,3.322532,O=c1cc(C(F)(F)F)c2ccc3c(c2o1)C=CCO3,Ki,3,multi-target,0,268.19,3.2174000000000014,39.44,0,3,0,3,2,19,0.1538461538461538,0,1
CHEMBL223983,7.582998,2.381532,COc1ccc2ccc(=O)oc2c1Cn1ccnc1,IC50,1,single-target,0,256.261,2.0464,57.26,0,5,3,3,3,19,0.1428571428571428,0,1
CHEMBL4464759,6.9812055,-3.3149242,Cc1c(C)c2ccc(OCC3CCN(CCCO)CC3)cc2oc1=O,IC50,4,multi-target,0,345.4390000000001,2.883040000000001,62.91,1,5,6,3,2,25,0.55,0,1
CHEMBL599996,16.345066,-2.4041753,Cc1c(N2CCN(C(=O)NCc3ccccc3)CC2)c(=O)oc2cc(O)cc(O)c12,IC50,1,single-target,0,409.4420000000002,2.544420000000001,106.25,3,6,3,4,3,30,0.2727272727272727,0,1
CHEMBL611508,15.947286,-2.377166,CCC1CCC(Oc2ccc3c(C)c(N4CCN(C)CC4)c(=O)oc3c2)CC1,IC50,1,single-target,0,384.52000000000027,4.200820000000004,45.92,0,5,4,4,2,28,0.6086956521739131,0,1
CHEMBL2177250,-1.5232098,5.846448,CCCCCc1cc(O)c2cc(Cc3cccc(O)c3)c(=O)oc2c1,Ki,3,multi-target,0,338.4030000000001,4.527700000000005,70.67,2,4,6,3,3,25,0.2857142857142857,0,1
CHEMBL3261207,12.627969,1.4561075,Cc1ccccc1NC(=O)c1cc2cc([N+](=O)[O-])ccc2oc1=O,IC50,1,single-target,0,324.2920000000001,3.2619200000000017,102.45,1,5,3,3,3,24,0.0588235294117647,0,1
CHEMBL472069,13.142191,1.066707,O=C(Nc1c(F)cccc1F)c1cc2ccccc2oc1=O,IC50,2,multi-target,0,301.24800000000005,3.323500000000002,59.31,1,3,2,3,3,22,0.0,0,1
CHEMBL3261199,12.9302,0.98600346,COc1ccccc1NC(=O)c1cc2ccccc2oc1=O,IC50,1,single-target,0,295.29400000000004,3.0539000000000014,68.53999999999999,1,4,3,3,3,22,0.0588235294117647,0,1
CHEMBL150254,13.013722,1.5299667,O=C(COC(=O)c1cc2ccccc2oc1=O)c1ccccc1,Ki,1,single-target,0,308.289,2.832700000000001,73.58000000000001,0,5,4,3,3,23,0.0555555555555555,0,1
CHEMBL342327,2.0120847,3.2827947,Cc1c(C)c2ccc(OCc3ccccc3C#N)cc2oc1=O,IC50,3,multi-target,0,305.3330000000001,3.860520000000003,63.23,0,4,3,3,3,23,0.1578947368421052,0,1
CHEMBL2181546,-2.6352892,5.31346,CCCCC1(c2cc(O)c3cc(Cc4ccccc4O)c(=O)oc3c2)CCCCC1,Ki,3,multi-target,0,406.5220000000003,6.187100000000006,70.67,2,4,6,4,3,30,0.4230769230769231,1,0
CHEMBL2047528,0.34470463,3.5565734,CN(CCCOc1ccc2ccc(=O)oc2c1)Cc1cccc(OC(=O)NCCCCCc2ccccc2)c1,IC50,4,multi-target,0,528.6490000000003,6.195300000000007,81.00999999999999,1,6,14,4,4,39,0.3125,2,0
CHEMBL143316,8.147509,-0.4923379,O=c1ccc2ccc(CNc3ccccc3)cc2o1,IC50,3,multi-target,0,251.28500000000005,3.405100000000002,42.24,1,3,3,3,3,19,0.0625,0,1
CHEMBL322966,8.567177,0.39556566,CC(C)[C@H](NC(=O)OCc1ccccc1)C(=O)N[C@@H](C)C(=O)NC(CC(=O)O)C(=O)COc1ccc2ccc(=O)oc2c1,IC50,1,single-target,0,595.6050000000004,2.1560999999999995,190.34,4,9,14,3,3,43,0.3333333333333333,1,0
CHEMBL3410727,13.301041,2.655546,CCCCOc1c(OC)ccc2cc(C(=O)NC(CC)CC)c(=O)oc12,IC50,1,single-target,0,361.4380000000002,3.898900000000003,77.77,1,5,9,2,2,26,0.5,0,1
CHEMBL293864,7.901239,1.8340183,COc1cc2ccc(=O)oc2c(O[C@@H]2O[C@H](CO)[C@@H](O)[C@H](O)[C@H]2O)c1O,Ki,5,multi-target,1,370.31,-1.3141000000000005,159.05,5,10,4,3,2,26,0.4375,0,1
CHEMBL3901171,15.918885,4.9096007,O=c1cc(C(F)(F)F)c2ccc(OCCCCn3cc(CCCCN4C[C@H](O)[C@@H](O)[C@H](O)[C@H]4CO)nn3)cc2o1,IC50,1,single-target,0,570.5650000000002,1.3443999999999985,154.31,4,11,12,4,3,40,0.5769230769230769,2,0
CHEMBL4172130,2.599392,3.3663554,COC(=O)Cc1c(C)c2ccc(OCC(=O)c3ccc(Cl)cc3)cc2oc1=O,Ki,2,multi-target,0,400.8140000000001,3.732020000000002,82.81,0,6,6,3,3,28,0.1904761904761904,0,1
CHEMBL2425833,-1.2496303,-5.735296,N#CC1=C(N)Oc2c(c(=O)oc3ccccc23)C1c1cc[n+](Cc2ccccc2Cl)cc1,IC50,2,multi-target,0,442.8820000000002,4.0003800000000025,93.13,1,5,3,5,4,32,0.08,0,1
CHEMBL206500,6.298797,5.9997797,CCc1c(O)ccc2c1oc(=O)c1c(C)c(O)ccc12,IC50,2,multi-target,0,270.28399999999993,3.228220000000001,70.67,2,4,1,3,3,20,0.1875,0,1
CHEMBL1934676,6.6915674,7.900128,COc1ccc(-c2c(O)c3cc(C)ccc3oc2=O)cc1Cl,IC50,1,single-target,0,316.74,4.136020000000002,59.67,1,4,2,3,3,22,0.1176470588235294,0,1
CHEMBL2425841,-1.2724048,-5.7141232,N#CC1=C(N)Oc2c(c(=O)oc3ccccc23)C1c1ccc[n+](Cc2ccccc2F)c1,IC50,2,multi-target,0,426.4270000000001,3.486080000000002,93.13,1,5,3,5,4,32,0.08,0,1
CHEMBL4521148,15.821471,2.162068,Cc1cc(=O)c(O)cn1Cc1cc2ccc(OCc3ccccc3)cc2oc1=O,IC50,1,single-target,0,389.4070000000001,3.596020000000002,81.66999999999999,1,6,5,4,4,29,0.1304347826086956,0,1
CHEMBL2206127,18.01916,3.3044763,COc1cccc2cc(C(=O)/C=C/c3cc[n+](Cc4ccc(CCl)cc4)cc3)c(=O)oc12,IC50,2,multi-target,0,446.9100000000002,4.772300000000005,60.39,0,4,7,4,4,32,0.1153846153846153,0,1
CHEMBL128551,0.3391537,3.5553539,CCCCNC(=O)Oc1cccc(CN(C)CCCOc2ccc3ccc(=O)oc3c2)c1,IC50,3,multi-target,0,438.52400000000017,4.582400000000004,81.01,1,6,11,3,3,32,0.36,0,1
CHEMBL3586599,9.246914,0.61489534,Cc1cc2ccc(OCc3ccc(CN(C)Cc4cccc(Cl)c4)cc3)cc2oc1=O,IC50,2,multi-target,0,433.93500000000006,5.965820000000005,42.68,0,4,7,4,4,31,0.1923076923076923,1,0
CHEMBL3586575,1.5604604,3.4472995,CCN(CCCOc1ccc2c(C)c(C)c(=O)oc2c1)Cc1ccccc1,IC50,4,multi-target,0,365.47300000000007,4.700840000000004,42.68,0,4,8,3,3,27,0.3478260869565217,0,1
CHEMBL1288596,7.7112465,2.4986296,CCCOc1ccc2ccc(=O)oc2c1C(C)=O,Ki,2,multi-target,0,246.26199999999997,2.7844000000000007,56.51,0,4,4,2,2,18,0.2857142857142857,0,1
CHEMBL145781,8.602454,0.405067,O=c1ccc2ccc(OCc3ccccc3)cc2o1,Ki,16,multi-target,1,252.269,3.3720000000000017,39.44,0,3,3,3,3,19,0.0625,0,1
CHEMBL3586771,2.3114917,1.6263459,CN(Cc1ccccc1)Cc1ccc(COc2ccc3c(CO)cc(=O)oc3c2)cc1,IC50,6,multi-target,1,415.48900000000015,4.496300000000005,62.91,1,5,8,4,4,31,0.1923076923076923,0,1
CHEMBL1315870,4.4467773,5.854233,CCCCc1cc(=O)oc2c3c(cc(OCC(=O)N4CCC[C@H]4C(=O)O)c12)OC(C)(C)CC3,IC50,1,single-target,0,457.5230000000003,3.693600000000002,106.28,1,6,7,4,2,33,0.56,0,1
CHEMBL378988,13.273177,1.4761276,O=C(N[C@H]1CCCC[C@@H]1NC(=O)c1cc2ccccc2oc1=O)c1cc2ccccc2oc1=O,Ki,2,multi-target,0,458.47000000000025,3.370400000000002,118.62,2,6,4,5,4,34,0.2307692307692307,0,1
CHEMBL1497574,11.043009,2.4775774,CCN(CC)c1ccc2cc(C(=O)Nc3ccccn3)c(=O)oc2c1,EC50,2,multi-target,0,337.3790000000001,3.286500000000001,75.44,1,5,5,3,3,25,0.2105263157894736,0,1
CHEMBL1934195,7.0860243,1.5225843,COc1c2occc2c(OC/C=C(\C)CCC=C(C)C)c2ccc(=O)oc12,IC50,1,single-target,0,368.4290000000001,5.619300000000004,61.81,0,5,7,3,3,27,0.3181818181818182,1,0
CHEMBL1535692,3.921177,6.7297807,Cc1c(CC(=O)NCCCCCC(=O)O)c(=O)oc2c(C)c3oc4c(c3cc12)CCCC4,IC50,4,multi-target,0,439.5080000000003,4.338540000000004,109.75,2,5,8,4,3,32,0.48,0,1
CHEMBL162021,19.772633,8.454959,NS(=O)(=O)c1ccc(NNCc2cc(=O)oc3cc(Cl)ccc23)cc1,Ki,3,multi-target,0,379.825,2.2105,114.43,3,6,5,3,3,25,0.0625,0,1
CHEMBL3612750,3.9289088,4.4971876,CCCCCCCCCCc1c(C)c2ccc(N(CC)CCCC(=O)O)cc2oc1=O,IC50,1,single-target,0,429.60100000000034,6.475720000000007,70.75,1,4,15,2,2,31,0.6153846153846154,1,0
CHEMBL87575,11.802264,1.3333622,O=C(Oc1ccccc1Cl)c1cc2cc(CCl)ccc2oc1=O,Ki,1,single-target,0,349.16900000000004,4.4044000000000025,56.51,0,4,3,3,3,23,0.0588235294117647,0,1
CHEMBL71271,11.730741,4.8396826,O=c1oc2ccccc2cc1-c1ccc(O)cc1,EC50,3,multi-target,0,238.242,3.1656000000000013,50.44,1,3,1,3,3,18,0.0,0,1
CHEMBL303984,2.6887288,21.405891,CO[C@@H]1[C@@H](OC(=O)c2ccc(C)[nH]2)[C@@H](O)[C@H](Oc2ccc3c(O)c(NC(=O)c4ccc(O)c(CC=C(C)C)c4)c(=O)oc3c2Cl)OC1(C)C,IC50,1,single-target,0,697.1370000000002,5.370320000000004,189.78,5,11,9,5,4,49,0.3428571428571428,3,0
CHEMBL1585011,5.8656144,3.5449405,Cc1cc2c(C(F)(F)F)cc(=O)oc2c2c1NCCC2,AC50,2,multi-target,0,283.2490000000001,3.478320000000002,42.24,1,3,0,3,2,20,0.3571428571428571,0,1
CHEMBL71851,8.13581,1.2321472,COc1cc2ccc(=O)oc2cc1O,Ki,12,multi-target,1,192.17,1.5071999999999997,59.67,1,4,1,2,2,14,0.1,0,1
CHEMBL3954803,9.255315,-1.499438,N#Cc1ccc(-c2ccc3oc(=O)ccc3c2)n1Cc1ccc(F)cc1,IC50,1,single-target,0,344.345,4.320580000000002,58.93,0,4,3,4,4,26,0.0476190476190476,0,1
CHEMBL1221930,10.818978,4.6016536,Cc1cc(Br)c2oc(=O)c(-c3ccccc3)cc2c1,IC50,1,single-target,0,315.16600000000005,4.530920000000003,30.21,0,2,1,3,3,19,0.0625,0,1
CHEMBL1830827,10.903315,1.2298324,O=C(O)c1cc2ccc(OCc3ccc(Cl)c(Cl)c3)cc2oc1=O,IC50,1,single-target,0,365.16800000000006,4.377000000000002,76.74000000000001,1,4,4,3,3,24,0.0588235294117647,0,1
CHEMBL3335017,1.4903725,4.3091984,CC(c1ccc2c(c1)oc(=O)c1ccccc12)N(C)C,IC50,2,multi-target,0,267.328,3.568800000000002,33.45,0,3,2,3,3,20,0.2352941176470588,0,1
CHEMBL3084441,10.954871,2.4688876,CCN(CC)c1ccc2cc(C(=O)NCCOc3cccc4c(C(=O)N[C@@H]5C[C@H]6CCC[C@@H](C5)N6C)nn(C)c34)c(=O)oc2c1,Ki,1,single-target,0,614.7470000000002,4.079800000000003,121.93999999999998,2,9,10,6,4,45,0.4705882352941176,1,0
CHEMBL466773,-0.00154706,10.80059,C[C@H]1[C@H](C)Oc2c3c(c4c(-c5ccccc5)cc(=O)oc4c2[C@H]1O)OC(C)(C)C=C3,IC50,1,single-target,0,404.46200000000016,5.094600000000007,68.9,1,5,1,5,3,30,0.32,1,0
CHEMBL1389163,3.2213585,4.533231,COc1ccc2c(c1)c(=O)oc1cc(OCC(=O)N3CCc4ccccc4C3)ccc12,IC50,3,multi-target,0,415.44500000000016,3.918500000000003,68.98,0,5,4,5,4,31,0.2,0,1
CHEMBL4867617,5.6262016,20.788275,CC(C)Sc1cccc(C(=O)Nc2c(O)c3ccc(O)cc3oc2=O)c1,Ki,2,multi-target,0,371.4140000000001,3.9570000000000025,99.77,3,6,4,3,3,26,0.1578947368421052,0,1
CHEMBL161032,19.773098,8.454969,NS(=O)(=O)c1nnc(NC(=O)CCNCc2cc(=O)oc3cc(Cl)ccc23)s1,Ki,3,multi-target,0,443.8940000000002,1.0637,157.28000000000003,3,9,7,3,3,28,0.2,0,1
CHEMBL2408090,24.31642,4.4266863,Cc1ccc2oc(=O)c(/C=N/c3ccc(S(=O)(=O)Nc4cc(C)on4)cc3)c(Cl)c2c1,IC50,2,multi-target,0,457.89500000000015,4.602640000000003,114.77,1,7,5,4,4,31,0.0952380952380952,0,1
CHEMBL1594993,3.8674242,2.4701102,CCCc1cc(=O)oc2cc(OCc3ccc(C(=O)O)o3)ccc12,IC50,1,single-target,0,328.32000000000005,3.615700000000002,89.88,1,5,6,3,3,24,0.2222222222222222,0,1
CHEMBL202896,6.431242,6.117935,CCc1cc(OC)cc2c(=O)oc3c(C)c(O)ccc3c12,IC50,2,multi-target,0,284.311,3.531220000000003,59.67,1,4,2,3,3,21,0.2352941176470588,0,1
CHEMBL2158356,5.637627,0.27147388,Cc1c(Cl)cccc1NC(=O)C(C)Oc1cc(=O)oc2ccccc12,IC50,2,multi-target,0,357.79300000000006,4.160820000000002,68.53999999999999,1,4,4,3,3,25,0.1578947368421052,0,1
CHEMBL430776,10.42313,9.95345,COc1ccc(-c2c3c4cc(OC)c(OS(=O)(=O)O)cc4oc(=O)c3n3ccc4cc(OC)c(OC)cc4c23)cc1O,IC50,1,single-target,0,593.5660000000003,4.940700000000005,155.37,2,11,7,6,6,42,0.1379310344827586,2,0
CHEMBL4105181,23.292082,11.864042,COc1ccc(Nc2ncnc3c2C(c2ccc(O)c(O)c2)c2c(c(=O)oc4ccccc24)O3)cc1,IC50,1,single-target,0,481.4640000000003,5.032300000000005,126.94,3,9,4,6,5,36,0.074074074074074,1,0
CHEMBL2178992,2.3960068,2.452242,CCN(CC)CCSc1nnc(COc2ccc3c(C)cc(=O)oc3c2)o1,Ki,1,single-target,0,389.4770000000002,3.497320000000002,81.60000000000001,0,8,9,3,3,27,0.4210526315789473,0,1
CHEMBL2425852,13.400205,-6.89243,Cc1ccc(C2c3c(nc4c(c3N)CCCC4)Oc3c2c(=O)oc2ccccc32)cc1,IC50,1,single-target,0,410.47300000000007,5.243320000000004,78.35000000000001,1,5,1,6,4,31,0.2307692307692307,1,0
CHEMBL4094013,5.0736375,4.4772696,Cc1cc(=O)oc2c(OS(=O)(=O)c3ccc(Cl)cc3)c(OS(=O)(=O)c3ccc(Cl)cc3)ccc12,IC50,2,multi-target,0,541.3860000000002,4.943620000000003,116.95,0,8,6,4,4,34,0.0454545454545454,1,0
CHEMBL4060132,6.0475755,7.186395,O=C1C=CC(=O)c2c1ccc1c2c(=O)oc2cc(F)ccc21,IC50,2,multi-target,0,294.237,3.020500000000001,64.35,0,4,0,4,3,22,0.0,0,1
CHEMBL202018,6.5315194,2.2699237,Cc1cc(=O)oc2cc(OC3CCCCC3=O)ccc12,IC50,1,single-target,0,272.29999999999995,2.991920000000001,56.51,0,4,2,3,2,20,0.375,0,1
CHEMBL4082634,2.404347,4.2900653,CCCc1ccc(S(=O)(=O)Oc2ccc3c(C)c(C#N)c(=O)oc3c2)cc1,IC50,2,multi-target,0,383.4250000000001,3.6933000000000025,97.37,0,6,5,3,3,27,0.2,0,1
CHEMBL3133848,-9.126574,6.9360905,CC(C)(C)OC(=O)N1CCN(C(=S)SCc2cn(Cc3cc(=O)oc4cc(F)ccc34)nn2)CC1,IC50,1,single-target,0,519.6240000000003,3.6427000000000014,93.7,0,9,4,4,3,35,0.4347826086956521,1,0
CHEMBL2314721,13.589818,3.284789,COc1cc2cc(C(=O)OCC3CCN(Cc4ccccc4)CC3)c(=O)oc2cc1OC,IC50,2,multi-target,0,437.4920000000002,3.879200000000004,78.21000000000001,0,7,7,4,3,32,0.36,0,1
CHEMBL4084312,2.465311,4.2811494,CCCCS(=O)(=O)Oc1ccc2c(C)c(Cl)c(=O)oc2c1,IC50,2,multi-target,0,330.7890000000001,3.2635200000000024,73.58000000000001,0,5,5,2,2,21,0.3571428571428571,0,1
CHEMBL4099648,12.464002,1.1233355,COc1ccc2oc(=O)c(C(=O)Nc3ccc(C)cc3)cc2c1,IC50,1,single-target,0,309.321,3.3623200000000013,68.53999999999999,1,4,3,3,3,23,0.1111111111111111,0,1
CHEMBL571926,7.010155,8.706663,COC(=O)C(c1c(O)c2ccccc2oc1=O)c1c(O)c2ccccc2oc1=O,IC50,1,single-target,0,394.33500000000015,2.6155,127.18,2,8,3,4,4,29,0.0952380952380952,0,1
CHEMBL2112216,1.0093337,-3.2421622,CC[C@H]1C[C@@H](C)Nc2cc3oc(=O)cc(C(F)(F)F)c3cc21,EC50,1,single-target,0,311.303,4.509500000000004,42.24,1,3,1,3,2,22,0.4375,0,1
CHEMBL4742237,3.6420593,0.7744573,COc1ccc(N2CCN(Cc3cc(=O)oc4cc(OCc5ccc(Br)cc5)ccc34)CC2)cc1,Ki,2,multi-target,0,535.4380000000003,5.4653000000000045,55.150000000000006,0,6,7,5,4,35,0.25,2,0
CHEMBL308315,5.788588,0.12014736,O=C(Oc1cc(=O)oc2ccccc12)C1CC1,IC50,1,single-target,0,230.219,2.1084,56.510000000000005,0,4,2,3,2,17,0.2307692307692307,0,1
CHEMBL4782287,3.6598544,0.75147355,COc1ccc(N2CCN(Cc3cc(=O)oc4cc(OCc5ccccc5F)ccc34)CC2)cc1,Ki,2,multi-target,0,474.53200000000027,4.841900000000004,55.150000000000006,0,6,7,5,4,35,0.25,0,1
CHEMBL3813974,7.1185837,3.8388624,Cc1c(/C=N/N2C=Nc3c([nH]c4ccccc34)C2)c(=O)oc2c3c4c(cc12)CCCN4CCC3,Ki,1,single-target,0,451.5300000000004,4.791020000000003,77.2,1,6,2,7,4,34,0.2962962962962963,0,1
CHEMBL1485126,13.03787,5.9030585,COc1ccc2nc(Nc3nc(-c4cc5ccccc5oc4=O)cs3)sc2c1,IC50,1,single-target,0,407.47600000000017,5.278400000000001,77.25,1,8,4,5,5,28,0.05,1,0
CHEMBL602888,15.97176,-2.3766909,COc1ccc(COc2ccc3c(C)c(N4CCN(C)CC4)c(=O)oc3c2)cc1,IC50,1,single-target,0,394.4710000000002,3.440820000000002,55.150000000000006,0,6,5,4,3,29,0.3478260869565217,0,1
CHEMBL4469018,15.8144245,2.1760526,Cc1c(O)c(=O)ccn1Cc1cc2ccc(OCc3ccccc3)cc2oc1=O,IC50,1,single-target,0,389.4070000000001,3.596020000000002,81.66999999999999,1,6,5,4,4,29,0.1304347826086956,0,1
CHEMBL4064035,4.7140064,-5.620372,O=c1oc2ccc(F)c(F)c2cc1CO[C@H]1[C@@H](O)[C@@H](CO)O[C@@H](SS[C@@H]2O[C@H](CO)[C@H](O)[C@H](n3cc(-c4cc(F)c(F)c(F)c4)nn3)[C@H]2O)[C@@H]1O,Kd,1,single-target,0,765.6880000000001,1.132899999999999,209.99,6,16,10,6,4,51,0.4333333333333333,3,0
CHEMBL3326700,14.762567,13.4371395,COc1ccc2oc(=O)c(C(=O)NCCCCCNc3c4c(nc5ccccc35)CCCC4)cc2c1,Ki,2,multi-target,0,485.5840000000002,5.240800000000005,93.46,2,6,9,5,4,36,0.3448275862068966,1,0
CHEMBL601650,15.979321,-2.3787253,Cc1c(N2CCN(C)CC2)c(=O)oc2cc(O)ccc12,IC50,1,single-target,0,274.32,1.55882,56.92,1,5,1,3,2,20,0.4,0,1
CHEMBL4551962,7.191353,-3.2139256,Cc1c(C)c2ccc(OCC3CCCN(Cc4cccc(CO)c4)C3)cc2oc1=O,IC50,4,multi-target,0,407.51000000000016,4.193140000000003,62.91,1,5,6,4,3,30,0.4,0,1
CHEMBL4059741,2.4238858,4.2501006,CCS(=O)(=O)Oc1ccc2c(C)c(C#N)c(=O)oc2c1,IC50,1,single-target,0,293.3,1.7016000000000002,97.37,0,6,3,2,2,20,0.2307692307692307,0,1
CHEMBL1743357,7.1569633,1.3421751,C/C(=C\COc1c2ccoc2cc2oc(=O)ccc12)CCC(OC(C)(C)C(O)CC/C(C)=C/COc1c2ccoc2cc2oc(=O)ccc12)C(C)(C)O,Ki,1,single-target,0,726.8190000000004,8.598200000000004,154.85,2,11,16,6,6,53,0.3809523809523809,3,0
CHEMBL158693,19.773407,8.455279,Cn1nc(S(N)(=O)=O)s/c1=N\S(=O)(=O)c1ccc(NCc2cc(=O)oc3cc(Cl)ccc23)cc1,Ki,3,multi-target,0,542.0200000000003,1.7905000000000009,166.71999999999997,2,10,6,4,4,34,0.1052631578947368,1,0
CHEMBL3094009,2.5675867,0.65120876,CC(C)Nc1cc(=O)oc2cc(OCc3cccc(Cl)c3)ccc12,IC50,1,single-target,0,343.81,4.8457000000000034,51.47,1,4,5,3,3,24,0.2105263157894736,0,1
CHEMBL4559061,11.351145,-8.709827,O=C1CN(c2nccc3ccccc23)CCN1CCCNc1cc(=O)oc2ccccc12,IC50,2,multi-target,0,428.4920000000001,3.4920000000000018,78.68,1,6,6,5,4,32,0.24,0,1
CHEMBL4467826,11.355475,-8.705915,O=c1cc(NCCCN2CCN(c3nccc4ccccc34)CC2)c2cc(F)ccc2o1,IC50,4,multi-target,0,432.49900000000025,4.1045000000000025,61.61000000000001,1,6,6,5,4,32,0.28,0,1
CHEMBL2178988,2.4638312,2.408457,Cc1cc(=O)oc2cc(OCc3nnc(S)o3)ccc12,Ki,2,multi-target,0,290.3,2.35212,78.36,1,7,3,3,3,20,0.1538461538461538,0,1
CHEMBL1735637,11.025493,1.2051802,COC(=O)c1ccc(COc2ccc3cc(-c4ccc(F)cc4)c(=O)oc3c2)cc1,IC50,1,single-target,0,404.39300000000014,4.964700000000004,65.74000000000001,0,5,5,4,4,30,0.0833333333333333,0,1
CHEMBL3818390,10.542433,4.6777325,O=c1oc2c(O)c(O)ccc2cc1-c1cc(Br)cs1,Ki,3,multi-target,0,339.16599999999994,3.6952000000000007,70.67,2,5,1,3,3,19,0.0,0,1
CHEMBL4554567,11.927902,2.2340937,Cc1cc(O)cc2oc(=O)c(C(=O)CCN(C)C)cc12,IC50,1,single-target,0,275.304,1.94142,70.75,1,5,4,2,2,20,0.3333333333333333,0,1
CHEMBL3359953,8.893585,11.140385,O=c1cc(Cn2ccnc2)c2ccc(OCc3ccc([N+](=O)[O-])cc3)cc2o1,IC50,3,multi-target,0,377.3560000000001,3.525000000000002,100.4,0,7,6,4,4,28,0.1,0,1
CHEMBL3742224,12.0123205,6.2236967,Cc1ccc(-c2nn(-c3nc(-c4cc5cc(Cl)cc(Cl)c5oc4=O)cs3)cc2C=O)cc1,Ki,1,single-target,0,482.3480000000002,6.196920000000004,77.99000000000001,0,7,4,5,5,32,0.0434782608695652,1,0
CHEMBL3092177,11.371829,14.258293,CNS(=O)(=O)Nc1cccc(Cc2c(C)c3ccc(Oc4ncccn4)cc3oc2=O)c1C,IC50,2,multi-target,0,466.5190000000002,3.4590400000000017,123.42000000000002,2,7,7,4,4,33,0.1739130434782608,0,1
CHEMBL3739672,12.007361,6.2338996,O=Cc1cn(-c2nc(-c3cc4cc(Br)ccc4oc3=O)cs2)nc1-c1ccc(Cl)cc1,Ki,1,single-target,0,512.7720000000002,5.997600000000004,77.99,0,7,4,5,5,31,0.0,2,0
CHEMBL375046,8.7538805,10.987235,COc1cc(Cn2ccnc2)c2ccc(=O)oc2c1,IC50,1,single-target,0,256.261,2.0464,57.260000000000005,0,5,3,3,3,19,0.1428571428571428,0,1
CHEMBL1310964,6.500114,4.5546656,Cc1cc(=O)oc2c(CN3CCCCC3)c(O)c(Cl)cc12,IC50,1,single-target,0,307.777,3.446320000000002,53.68000000000001,1,4,2,3,2,21,0.4375,0,1
CHEMBL4069084,2.0961967,3.2750568,Cc1c(C#N)c(=O)oc2cc(OCc3ccc(Br)cc3Br)ccc12,IC50,2,multi-target,0,449.09800000000007,5.077100000000002,63.23,0,4,3,3,3,24,0.1111111111111111,1,0
CHEMBL1520857,4.100373,5.312294,Cc1c(OCc2nn[nH]n2)ccc2c3c(c(=O)oc12)CCC(C)C3,IC50,1,single-target,0,326.35600000000017,2.31832,93.9,1,6,3,4,3,24,0.4117647058823529,0,1
CHEMBL1277588,0.092244945,10.706055,CCC(C)C(=O)c1c(O)c2c(c3c(-c4ccccc4)cc(=O)oc13)OC(C)(CCC=C(C)C)C=C2,IC50,1,single-target,0,472.5810000000003,7.305100000000008,76.74,1,5,7,4,3,35,0.3333333333333333,1,0
CHEMBL198546,0.046557292,10.751166,CC(C)C(=O)c1c2c(c3oc(=O)cc(-c4ccccc4)c3c1O)C=CC(C)(C)O2,IC50,1,single-target,0,390.4350000000001,5.188500000000005,76.74000000000001,1,5,3,4,3,29,0.25,1,0
CHEMBL1463576,2.6040895,5.1481113,Cc1ccc(S(=O)(=O)NC(CC(C)C)C(=O)Oc2ccc3c4c(c(=O)oc3c2)CCC4)cc1,AC50,4,multi-target,0,469.5590000000004,3.888720000000003,102.68,1,6,7,4,3,33,0.36,0,1
CHEMBL198913,3.5267763,3.7840552,Cc1cc(=O)oc2cc(CS(N)(=O)=O)ccc12,Ki,4,multi-target,0,253.279,0.8899199999999999,90.37,1,4,2,2,2,17,0.1818181818181818,0,1
CHEMBL4780710,3.5247726,0.8373476,O=c1cc(CN2CCN(Cc3ccccc3)CC2)c2ccc(OCc3cc(F)ccc3F)cc2o1,Ki,2,multi-target,0,476.5230000000002,4.968000000000005,45.92,0,5,7,5,4,35,0.25,0,1
CHEMBL4465266,3.4829748,6.431232,Cc1c(CCC(=O)ON2C(=O)CCC2=O)c(=O)oc2cc3occ(-c4ccccc4)c3cc12,IC50,2,multi-target,0,445.4270000000001,4.054420000000004,107.03,0,7,5,5,4,33,0.2,0,1
CHEMBL3265283,5.547303,4.0806355,C=CCOC(=O)NCCc1cc(=O)oc2c(C=O)c(O)ccc12,IC50,1,single-target,0,317.297,1.7658,105.84,2,6,6,2,2,23,0.1875,0,1
CHEMBL4082111,23.292023,11.863902,COc1ccc(Nc2ncnc3c2C(c2ccc(OC)c(OC)c2)c2c(c(=O)oc4ccccc24)O3)cc1,IC50,1,single-target,0,509.5180000000003,5.638300000000005,104.94,1,9,6,6,5,38,0.1379310344827586,2,0
CHEMBL4090465,2.4557226,4.286718,CCCCCCCCS(=O)(=O)Oc1ccc2c(C)c(C#N)c(=O)oc2c1,IC50,2,multi-target,0,377.46200000000016,4.042200000000004,97.37,0,6,9,2,2,26,0.4736842105263157,0,1
CHEMBL3403686,-5.5129824,12.20862,CCCc1cc2c(C(F)(F)F)cc(=O)oc2c(CCC)c1OCCCCN1C(=O)CSC1=O,EC50,2,multi-target,0,485.5240000000004,5.5712000000000055,76.82,0,6,10,3,2,33,0.5217391304347826,1,0
CHEMBL3297785,12.772818,2.6828673,CC(C)NC(=O)c1cc2cc(Br)cc(Br)c2oc1=O,IC50,2,multi-target,0,389.04300000000006,3.4562000000000017,59.31,1,3,2,2,2,19,0.2307692307692307,0,1
CHEMBL3121784,10.706741,0.43077606,C#CCCCCOc1ccc2cc(C(=O)OC)c(=O)oc2c1,IC50,2,multi-target,0,300.31000000000006,2.7619000000000007,65.74000000000001,0,5,6,2,2,22,0.2941176470588235,0,1
CHEMBL3121866,10.699204,0.43980724,C#CCNCCOc1ccc2cc(C(=O)OC)c(=O)oc2c1,IC50,2,multi-target,0,301.29800000000006,1.1812,77.77,1,6,6,2,2,22,0.25,0,1
CHEMBL472081,13.298979,1.431834,CC(C)NC(=O)c1cc2ccccc2oc1=O,IC50,2,multi-target,0,231.251,1.9312,59.31,1,3,2,2,2,17,0.2307692307692307,0,1
CHEMBL1985459,6.6544304,1.3072945,O=c1ccc2c(ccc3ncccc32)o1,IC50,2,multi-target,0,197.193,2.3412,43.1,0,3,0,3,3,15,0.0,0,1
CHEMBL4292362,12.89131,9.454078,Cc1cc(OCCCCN2CCN(c3ccccc3C#N)CC2)c2c(C)cc(=O)oc2c1,Ki,2,multi-target,0,431.5360000000003,4.262720000000003,69.71000000000001,0,6,7,4,3,32,0.3846153846153846,0,1
CHEMBL32097,5.2765927,-1.6292186,O=c1oc2cc(OCC(O)CN3CCN(Cc4ccc(Cl)cc4)CC3)ccc2c(O)c1[N+](=O)[O-],Kd,1,single-target,0,489.9120000000002,2.6177000000000006,129.52,2,9,8,4,3,34,0.3478260869565217,0,1
CHEMBL225178,5.9194245,-0.030720375,O=c1cc(OCCn2ccnc2)c2ccccc2o1,IC50,1,single-target,0,256.261,2.0685,57.260000000000005,0,5,4,3,3,19,0.1428571428571428,0,1
CHEMBL1221980,10.817512,4.6084166,COc1ccc(-c2cc3cc(C)cc(Br)c3oc2=O)cc1,IC50,1,single-target,0,345.1920000000001,4.539520000000002,39.44,0,3,2,3,3,21,0.1176470588235294,0,1
CHEMBL1275900,2.7385724,21.35637,C=CCc1cc(C(=O)Nc2c(O)c3ccc(O[C@@H]4OC(C)(C)[C@H](OC)[C@@H](O)[C@H]4OC(=O)c4ccc(C)[nH]4)c(C)c3oc2=O)ccc1O,IC50,1,single-target,0,648.6650000000003,4.245140000000004,189.78,5,11,9,5,4,47,0.3235294117647059,2,0
CHEMBL1275895,2.676208,21.417624,CO[C@@H]1[C@@H](O)[C@@H](OC(=O)c2ccc(C)[nH]2)[C@H](Oc2ccc3c(O)c(NC(=O)c4cc(C)c(O)c(C)c4)c(=O)oc3c2Cl)OC1(C)C,IC50,1,single-target,0,657.0720000000001,4.478460000000004,189.78,5,11,7,5,4,46,0.34375,2,0
CHEMBL1830814,11.026908,1.3262149,CCOC(=O)c1cc2ccc(OCc3ccccc3)cc2oc1=O,IC50,1,single-target,0,324.33200000000005,3.548700000000002,65.74000000000001,0,5,5,3,3,24,0.1578947368421052,0,1
CHEMBL1275883,2.7036483,21.391216,C=CCc1cc(C(=O)Nc2c(O)c3ccc(O[C@@H]4OC(C)(C)[C@H](OC)[C@@H](OC(=O)c5ccc(C)[nH]5)[C@H]4O)c(C)c3oc2=O)ccc1O,IC50,1,single-target,0,648.6650000000003,4.245140000000004,189.78,5,11,9,5,4,47,0.3235294117647059,2,0
CHEMBL1830817,10.961391,1.3364098,CCOC(=O)c1cc2ccc(OCc3ccc(Cl)c(Cl)c3)cc2oc1=O,IC50,1,single-target,0,393.2220000000001,4.855500000000004,65.74000000000001,0,5,5,3,3,26,0.1578947368421052,0,1
CHEMBL3629470,15.679479,0.30836496,COc1ccc(/C=C/c2cc(OC)cc(OC)c2/C=C/C(=O)c2cc3c(OC)cccc3oc2=O)cc1,IC50,1,single-target,0,498.5310000000002,5.893900000000006,84.20000000000002,0,7,9,4,4,37,0.1333333333333333,1,0
CHEMBL1275884,2.658069,21.435461,COc1cc(C(=O)Nc2c(O)c3ccc(O[C@@H]4OC(C)(C)[C@H](OC)[C@@H](OC(=O)c5ccc(C)[nH]5)[C@H]4O)c(Cl)c3oc2=O)ccc1O,IC50,1,single-target,0,659.0440000000002,3.870220000000003,199.01,5,12,8,5,4,46,0.3225806451612903,2,0
CHEMBL440526,0.35207886,3.5685995,CCCCCCCNC(=O)Oc1cccc(CN(C)CCCOc2ccc3ccc(=O)oc3c2)c1,IC50,5,multi-target,1,480.6050000000004,5.752700000000006,81.01,1,6,14,3,3,35,0.4285714285714285,1,0
CHEMBL3417308,0.74230474,15.463242,O=c1ccc2ccc(OCCCCCCN3CCN(CCNc4c5c(nc6ccccc46)CCCC5)CC3)cc2o1,IC50,4,multi-target,0,554.7350000000004,5.888900000000006,70.84,1,7,12,6,4,41,0.4705882352941176,2,0
CHEMBL206557,14.5594,3.2106943,COc1cccc2cc(C(=O)Nc3cc(Br)ccc3N3CCNCC3)c(=O)oc12,IC50,1,single-target,0,458.3120000000002,3.2260000000000018,83.81,2,6,4,4,3,29,0.238095238095238,0,1
CHEMBL4212943,3.8641582,-2.8389301,CC(=O)c1c(OCCCCN2CCN(c3cccc(F)c3)CC2)ccc2c(C)cc(=O)oc12,Ki,2,multi-target,0,452.5260000000002,4.424320000000004,62.99,0,6,8,4,3,33,0.3846153846153846,0,1
CHEMBL4740708,13.958361,3.3071337,Cc1ccc(Cn2cc(Oc3ccc4cc(C(=O)NC5CCN(Cc6ccccc6)CC5)c(=O)oc4c3)nn2)cc1C,IC50,1,single-target,0,563.6580000000004,5.236340000000005,102.49,1,8,8,6,5,42,0.2727272727272727,2,0
CHEMBL3265272,5.914689,-8.501914,O=Cc1c(O)ccc2c3c(c(=O)oc12)CN(Cc1ccc(F)cc1)CC3,IC50,1,single-target,0,353.34900000000005,3.008500000000001,70.74999999999999,1,5,3,4,3,26,0.2,0,1
CHEMBL210451,14.602417,3.1832,CC(C)(C)OC(=O)N1CCN(c2ccc(-c3ccccc3)cc2NC(=O)c2cc3ccccc3oc2=O)CC1,IC50,1,single-target,0,525.6050000000002,5.769400000000005,92.09,1,6,4,5,4,39,0.2580645161290322,2,0
CHEMBL4168105,17.838232,12.862648,O=C(CCCCC1CCSS1)NCc1cn(CCCCOc2ccc3ccc(=O)oc3c2)nn1,IC50,1,single-target,0,502.6620000000004,4.574000000000003,99.25,1,9,13,4,3,34,0.5,1,0
CHEMBL4128107,11.779717,5.175505,O=c1oc2ccccc2cc1-c1nn(CN2CCOCC2)c(=S)o1,IC50,1,single-target,0,345.3800000000001,2.2686900000000003,73.64,0,8,3,4,3,24,0.3125,0,1
CHEMBL2442513,10.938496,1.2171402,O=C(O)c1cc2ccc(OCc3ccccc3)cc2oc1=O,IC50,1,single-target,0,296.278,3.0702000000000007,76.74000000000001,1,4,4,3,3,22,0.0588235294117647,0,1
CHEMBL4633106,15.323058,1.7805403,Cc1c(O)c(=O)ccn1CCNC(=O)c1cc2cccc(OCc3ccccc3)c2oc1=O,IC50,1,single-target,0,446.4590000000002,2.977720000000001,110.77,2,7,7,4,4,33,0.16,0,1
CHEMBL3785112,11.779836,7.7705846,CCC(=O)N1N=C(c2cc3ccccc3oc2=O)CC1c1ccccc1,IC50,1,single-target,0,346.386,3.8807000000000023,62.88,0,4,3,4,3,26,0.1904761904761904,0,1
CHEMBL1363380,13.185464,1.3598317,O=C(COc1ccc(F)cc1)NNC(=O)c1cc2ccccc2oc1=O,EC50,1,single-target,0,356.30900000000014,1.7720999999999998,97.64,2,5,4,3,3,26,0.0555555555555555,0,1
CHEMBL411046,7.2062964,8.570362,COc1ccc(C(c2c(O)c3ccccc3oc2=O)c2c(O)c3ccccc3oc2=O)cc1OC,IC50,1,single-target,0,472.4490000000002,4.508000000000004,119.34000000000002,2,8,5,5,5,35,0.1111111111111111,0,1
CHEMBL5079345,4.1064935,5.3527126,O=C(COc1ccc2c3c(c(=O)oc2c1Br)CCCC3)NO,IC50,1,single-target,0,368.1830000000001,2.3185,88.77000000000001,2,5,3,3,2,22,0.3333333333333333,0,1
CHEMBL4739944,11.761753,4.4503455,O=c1oc2cc(O)ccc2cc1-c1ccc(I)cc1,IC50,1,single-target,0,364.138,3.770200000000001,50.44,1,3,1,3,3,19,0.0,0,1
CHEMBL5775015,6.083488,3.365918,Cc1noc2c(C)c3oc(=O)cc(-c4ccccc4)c3cc12,IC50,1,single-target,0,291.30600000000004,4.218040000000002,56.24,0,4,1,4,4,22,0.1111111111111111,0,1
CHEMBL3427401,6.1841416,11.606131,Cc1cc(F)ccc1-c1c(Oc2ccc(/C=C/C(=O)O)cc2)c2ccc(O)cc2oc1=O,IC50,1,single-target,0,432.4030000000001,5.503220000000005,96.97,2,5,5,4,4,32,0.04,1,0
CHEMBL204781,4.0958986,1.7551535,O=c1cc(-c2ccccc2)c2ccc(COc3cc(F)cc([C@]4(O)C[C@H]5CO[C@@H](C4)O5)c3)cc2o1,IC50,1,single-target,0,474.48400000000026,4.901000000000005,78.13000000000001,1,6,5,6,4,35,0.25,0,1
CHEMBL570731,11.224956,5.102376,COc1cccc(-c2cc3cc(C)ccc3oc2=O)c1,IC50,1,single-target,0,266.29599999999994,3.777020000000003,39.44,0,3,2,3,3,20,0.1176470588235294,0,1
CHEMBL513763,-0.9601929,5.722247,O=c1oc2ccc3ccccc3c2cc1Cc1ccccc1,IC50,2,multi-target,0,286.33,4.537000000000004,30.21,0,2,2,4,4,22,0.05,0,1
CHEMBL549285,4.8243318,3.5760884,Cn1c(SCc2cc(=O)oc3cc(O)c(O)cc23)nc2ccccc21,IC50,1,single-target,0,354.38700000000006,3.383200000000002,88.49000000000001,2,7,3,4,4,25,0.1111111111111111,0,1
CHEMBL3335048,5.0532155,-1.466647,O=c1oc2cc(OCCCN3CCN(Cc4ccccc4)CC3)ccc2c2c1CCCC2,IC50,2,multi-target,0,432.5640000000003,4.258500000000004,45.92,0,5,7,5,3,32,0.4444444444444444,0,1
CHEMBL2387234,3.5135415,-1.6660954,O=c1cc(-c2ccc(F)cc2)c2ccc(OCCCCN3CCC(c4noc5cc(F)ccc45)CC3)cc2o1,Ki,1,single-target,0,530.5710000000004,6.918000000000006,68.71000000000001,0,6,8,6,5,39,0.2903225806451613,2,0
CHEMBL2387245,3.5094762,-1.6636894,CCCc1cc(=O)oc2cc(OCCCCN3CCC(c4noc5cc(F)ccc45)CC3)ccc12,Ki,3,multi-target,0,478.5640000000002,6.064400000000006,68.71000000000001,0,6,9,5,4,35,0.4285714285714285,1,0
CHEMBL1362657,2.8382087,4.8065834,O=c1oc2cc(/N=C\c3ccc4c(c3)OCO4)ccc2c2ccccc12,AC50,2,multi-target,0,343.3380000000001,4.425500000000003,61.03,0,5,2,5,4,26,0.0476190476190476,0,1
CHEMBL4169054,7.605222,14.618092,COc1ccc2c(Oc3ccc(OCCN4CCCCC4)cc3)c(-c3ccc(F)cc3)c(=O)oc2c1,IC50,1,single-target,0,489.5430000000002,6.264700000000006,61.14,0,6,8,5,4,36,0.2758620689655172,1,0
CHEMBL573300,2.6818404,1.3269725,CNC(=O)Cc1cc(=O)oc2cc(OCc3ccccc3)ccc12,IC50,2,multi-target,0,323.348,2.6605,68.54,1,4,5,3,3,24,0.1578947368421052,0,1
CHEMBL574420,2.467635,1.4137132,CN(Cc1ccccc1)Cc1cc(=O)oc2cc(OCc3cccc(Cl)c3)ccc12,IC50,1,single-target,0,419.9080000000001,5.657400000000004,42.68000000000001,0,4,7,4,4,30,0.16,1,0
CHEMBL3629808,15.661548,0.32547516,COc1ccc(/C=C/c2cc(OC)cc(OC)c2/C=C/C(=O)c2cc3cc(Br)ccc3oc2=O)cc1,IC50,1,single-target,0,547.4010000000002,6.6478000000000055,74.97,0,6,8,4,4,36,0.1034482758620689,2,0
CHEMBL4647954,12.848895,4.3047624,C#CCN(C)Cc1cc2cc(OC)c(O)cc2oc1=O,IC50,1,single-target,0,273.288,1.5722,62.91,1,5,4,2,2,20,0.2666666666666666,0,1
CHEMBL259890,5.63432,4.221517,Cc1cc(=O)oc2c([N+](=O)[O-])c(O)ccc12,IC50,1,single-target,0,221.168,1.7152199999999995,93.58,1,5,1,2,2,16,0.1,0,1
CHEMBL4633420,3.6860874,6.580161,Cc1c(CC(=O)N[C@@H](CSCc2ccccc2)C(=O)O)c(=O)oc2c(C)c3occ(-c4ccc(F)cc4)c3cc12,IC50,1,single-target,0,559.6150000000002,6.007440000000005,109.75,2,6,9,5,5,40,0.1935483870967742,2,0
CHEMBL2408076,24.319592,4.4291954,N=C(N)NS(=O)(=O)c1ccc(/N=C/c2c(Cl)c3ccccc3oc2=O)cc1,IC50,2,multi-target,0,404.83500000000015,2.3687700000000005,138.61,3,6,4,3,3,27,0.0,0,1
CHEMBL1835227,11.303104,4.8650346,Cc1ccc(-c2cc3cc(OC4CCCC4)ccc3oc2=O)cc1,IC50,1,single-target,0,320.38800000000003,5.089820000000004,39.44,0,3,3,4,3,24,0.2857142857142857,1,0
CHEMBL2376886,12.687247,0.34746945,CCOC(=O)Nc1cc2ccccc2oc1=O,IC50,1,single-target,0,233.223,2.3614000000000006,68.53999999999999,1,4,2,2,2,17,0.1666666666666666,0,1
CHEMBL3929764,5.7025456,4.233735,Cc1cc(=O)oc2c3c(ccc12)O[C@H](c1cc(F)c(F)cc1F)[C@H](N)C3,IC50,1,single-target,0,361.3190000000001,3.5222200000000017,65.46,1,4,1,4,3,26,0.2105263157894736,0,1
CHEMBL1947112,5.2493405,6.9631276,O=c1oc2ccc(O)cc2c2c1[nH]c1ccc(F)cc12,IC50,1,single-target,0,269.231,3.2722000000000007,66.22999999999999,2,3,0,4,4,20,0.0,0,1
CHEMBL1947114,5.241606,6.9617963,O=c1oc2ccc(O)cc2c2c1[nH]c1cc(O)ccc12,IC50,1,single-target,0,267.24,2.8387,86.46,3,4,0,4,4,20,0.0,0,1
CHEMBL2349084,2.9490697,-6.991498,Cc1cn([C@H]2C[C@H](n3cc(CNCc4cc5ccccc5oc4=O)nn3)[C@@H](CO)O2)c(=O)[nH]c1=O,IC50,2,multi-target,0,480.4810000000002,0.3538199999999999,157.27,3,11,7,5,4,35,0.3478260869565217,1,0
CHEMBL4283591,7.5725427,-0.46399128,Cc1cn(CCCCCCCCOc2ccc3ccc(=O)oc3c2)cn1,IC50,1,single-target,0,354.4500000000001,4.717520000000004,57.260000000000005,0,5,10,3,3,26,0.4285714285714285,0,1
CHEMBL196272,11.52861,4.0735474,O=C(O)/C=C/c1ccc(O)c(Oc2cc3cc(O)c(O)cc3oc2=O)c1,IC50,1,single-target,0,356.2860000000001,2.799900000000001,137.43,4,7,4,3,3,26,0.0,0,1
CHEMBL204819,6.350092,6.0748305,Cc1c(O)ccc2c1oc(=O)c1c(O)c(O)ccc12,IC50,2,multi-target,0,258.229,2.3714200000000005,90.9,3,5,0,3,3,19,0.0714285714285714,0,1
CHEMBL1172192,2.6890972,21.405512,COC1C(OC(=O)c2ccc(C)[nH]2)C(O)C(Oc2ccc3c(O)c(NC(=O)c4ccc(O)c(CC=C(C)C)c4)c(=O)oc3c2Cl)OC1(C)C,IC50,2,multi-target,0,697.1370000000002,5.370320000000004,189.78,5,11,9,5,4,49,0.3428571428571428,3,0
CHEMBL1830800,12.254239,2.1151452,O=C(c1ccccc1)c1cc2cc(O)ccc2oc1=O,IC50,2,multi-target,0,266.252,2.7296000000000014,67.50999999999999,1,4,2,3,3,20,0.0,0,1
CHEMBL2088235,7.279982,0.82146907,CC(C)=CCC/C(C)=C/CC/C(C)=C/COc1ccc2oc(=O)ccc2c1,IC50,1,single-target,0,366.5010000000001,6.591000000000006,39.44,0,3,9,2,2,27,0.375,1,0
CHEMBL550822,1.7167029,-1.3543652,COc1c2occc2c(OC)c2c(OCCCCOc3ccccc3)cc(=O)oc12,IC50,1,single-target,0,410.4220000000001,4.794400000000005,80.27,0,7,9,4,4,30,0.2608695652173913,0,1
CHEMBL458648,10.544236,0.08201962,COC(=O)c1cc2ccc(OCCc3nc(-c4ccc(OC)cc4)oc3C)cc2oc1=O,EC50,2,multi-target,0,435.4320000000002,4.173120000000004,101.0,0,8,7,4,4,32,0.2083333333333333,0,1
CHEMBL244948,7.557179,2.4903004,O=c1ccc2ccc(O)c(O)c2o1,IC50,5,multi-target,1,178.14299999999997,1.2041999999999995,70.67,2,4,0,2,2,13,0.0,0,1
CHEMBL4441993,5.7791624,-9.480996,Cc1c(OCCN(C)C)ccc2c3c(c(=O)oc12)CN(C(=O)c1ccc(C(=O)O)cc1)CC3,IC50,2,multi-target,0,450.4910000000002,2.9385200000000014,100.29,1,6,6,4,3,33,0.32,0,1
CHEMBL205800,4.271586,1.8720791,O=c1cc(-c2ccc(F)cc2)c2cc(Sc3cc(F)cc(C(O)(C(F)(F)F)C(F)(F)F)c3)ccc2o1,IC50,1,single-target,0,532.4080000000001,7.201600000000004,50.44,1,4,4,4,4,36,0.125,2,0
CHEMBL3335022,1.3363025,4.4273295,CC(c1cc(O)cc2oc(=O)c3ccccc3c12)N(C)C,IC50,1,single-target,0,283.327,3.2744000000000018,53.68000000000001,1,4,2,3,3,21,0.2352941176470588,0,1
CHEMBL414859,6.3627014,6.185923,Cc1c(O)ccc2c1oc(=O)c1cc(O)cc(C)c12,IC50,2,multi-target,0,256.257,2.974240000000001,70.67,2,4,0,3,3,19,0.1333333333333333,0,1
CHEMBL3350092,11.022267,2.474455,CCN(CC)c1ccc2cc(C(=O)NC[C@H]3N[C@H](CO)[C@H](O)[C@@H]3O)c(=O)oc2c1,Ki,1,single-target,0,405.45100000000014,-0.5764999999999985,135.27000000000004,5,8,7,3,2,29,0.5,0,1
CHEMBL1364528,13.012538,1.2333382,O=C(Nc1cccc(-c2cn3ccccc3n2)c1)c1cc2ccccc2oc1=O,IC50,1,single-target,0,381.3910000000001,4.360000000000003,76.61000000000001,1,5,3,5,5,29,0.0,0,1
CHEMBL206440,6.382481,6.069033,C=Cc1ccc2c(c1)c(=O)oc1c(C)c(O)ccc12,IC50,2,multi-target,0,252.269,3.603220000000002,50.44,1,3,1,3,3,19,0.0625,0,1
CHEMBL1075735,11.924681,2.1438222,CCCC(=O)c1cc2ccc(OC)cc2oc1=O,IC50,1,single-target,0,246.26199999999997,2.7844000000000007,56.51,0,4,4,2,2,18,0.2857142857142857,0,1
CHEMBL237187,7.2586093,8.596001,O=c1oc2ccccc2c(O)c1C(c1ccc(Cl)cc1)c1c(O)c2ccccc2oc1=O,IC50,1,single-target,0,446.8420000000002,5.144200000000003,100.88,2,6,3,5,5,32,0.04,1,0
CHEMBL3113639,11.673752,-0.15611207,CCCNCc1cc2ccccc2oc1=O,IC50,2,multi-target,0,217.268,2.2926,42.24,1,3,4,2,2,16,0.3076923076923077,0,1
CHEMBL1372308,5.8737,3.6989992,Cc1c(O)ccc2c(-c3ccccc3)cc(=O)oc12,IC50,5,multi-target,1,252.269,3.474020000000002,50.44,1,3,1,3,3,19,0.0625,0,1
CHEMBL303846,8.057972,1.7358927,CC1(C)C=Cc2cc3ccc(=O)oc3cc2O1,Ki,6,multi-target,1,228.247,2.9772000000000007,39.44,0,3,0,3,2,17,0.2142857142857142,0,1
CHEMBL3113646,11.470674,-0.25646183,COc1ccc2oc(=O)c(CN3CCCC3)cc2c1,IC50,1,single-target,0,259.3049999999999,2.3974,42.68,0,4,3,3,2,19,0.4,0,1
CHEMBL196156,7.4987154,2.738112,O=c1ccc2ccc(O)c(CNCCc3ccccc3)c2o1,IC50,1,single-target,0,295.338,2.8309000000000006,62.47,2,4,5,3,3,22,0.1666666666666666,0,1
CHEMBL374632,11.047141,2.6708918,CCN(CC)c1ccc2cc(-c3nc4ccccc4[nH]3)c(=O)oc2c1,IC50,5,multi-target,1,333.3910000000001,4.182500000000003,62.13,1,4,4,4,4,25,0.2,0,1
CHEMBL471232,13.083923,1.1272504,Cc1cc(C)cc(NC(=O)c2cc3ccccc3oc2=O)c1,IC50,2,multi-target,0,293.32200000000006,3.6621400000000017,59.31,1,3,2,3,3,22,0.1111111111111111,0,1
CHEMBL212661,9.414577,0.7107424,Cc1cc2ccc(OCc3ccccc3)cc2oc1=O,IC50,2,multi-target,0,266.296,3.6804200000000025,39.44,0,3,3,3,3,20,0.1176470588235294,0,1
CHEMBL1596578,2.2658103,3.4745247,CC(=O)COc1ccc2c(C)c(-c3ccccc3)c(=O)oc2c1,EC50,1,single-target,0,308.333,3.736220000000002,56.510000000000005,0,4,4,3,3,23,0.1578947368421052,0,1
CHEMBL87825,11.779381,1.4691705,CCOC(=O)c1cc2cc(CCl)ccc2oc1=O,Ki,1,single-target,0,266.67999999999995,2.708500000000001,56.51,0,4,3,2,2,18,0.2307692307692307,0,1
CHEMBL23744,13.517236,1.635598,NS(=O)(=O)c1ccc(CNC(=O)c2cc3ccccc3oc2=O)cc1,Ki,7,multi-target,1,358.37500000000006,1.3703999999999994,119.47,2,5,4,3,3,25,0.0588235294117647,0,1
CHEMBL57138,10.417165,9.948274,COc1ccc(-c2c3n(c4c(=O)oc5cc(O)c(OC)cc5c24)CCc2c-3cc(OC)c(OC)c2OC)cc1O,IC50,1,single-target,0,545.5440000000004,5.092000000000005,121.75000000000004,2,10,6,6,5,40,0.2333333333333333,2,0
CHEMBL51767,4.3918877,-1.5456799,COc1ccccc1N1CCN(CCCOc2ccc3c(C)cc(=O)oc3c2)CC1,Ki,6,multi-target,1,408.49800000000016,3.701120000000002,55.150000000000006,0,6,7,4,3,30,0.375,0,1
CHEMBL3586594,2.7673042,1.9186573,Cc1cc(=O)oc2cc(OCc3ccc(CN(C)Cc4ccccc4)cc3)ccc12,IC50,4,multi-target,0,399.49000000000007,5.312420000000005,42.68,0,4,7,4,4,30,0.1923076923076923,1,0
CHEMBL52229,7.550608,2.3462393,COc1ccc2ccc(=O)oc2c1CC=C(C)C,IC50,5,multi-target,1,244.28999999999996,3.3103000000000016,39.44,0,3,3,2,2,18,0.2666666666666666,0,1
CHEMBL97453,5.8601804,6.463756,COc1cc(O)c2c(c1)oc(=O)c1c3cc(O)c(O)cc3oc21,IC50,7,multi-target,1,314.249,2.817800000000001,113.27,3,7,1,4,4,23,0.0625,0,1
CHEMBL4213345,3.1222103,1.9847332,Cc1cc(=O)oc2cc(OCc3cc[n+](Cc4ccc(Br)cc4)cc3)ccc12,IC50,4,multi-target,0,437.3130000000001,4.778720000000003,43.32,0,3,5,4,4,28,0.1304347826086956,0,1
CHEMBL3116211,8.043191,1.1430511,O=c1ccc2cc(OCCN3CCCCC3)c(O)cc2o1,IC50,1,single-target,0,289.331,2.3633000000000006,62.91,1,5,4,3,2,21,0.4375,0,1
CHEMBL1835228,11.264424,5.000287,Cc1ccc(-c2cc3cc(C)ccc3oc2=O)cc1,IC50,2,multi-target,0,250.297,4.076840000000003,30.21,0,2,1,3,3,19,0.1176470588235294,0,1
CHEMBL1269290,4.4397984,-1.7144516,CCN(CC)c1ccc2cc(/C=C/C3=[N+](CCCCCC(=O)Oc4cccc(CCN5CCN(c6ccccc6OC)CC5)c4)c4ccccc4C3(C)C)c(=O)oc2c1,Ki,1,single-target,0,796.0450000000001,9.268100000000004,78.47000000000001,0,8,17,7,5,59,0.38,2,0
CHEMBL197069,0.15867873,10.640313,CC(C)=CCc1c(O)c(C(=O)C(C)C)c(O)c2c(-c3ccccc3)cc(=O)oc12,IC50,1,single-target,0,392.45100000000014,5.218600000000006,87.74,2,5,5,3,3,29,0.25,1,0
CHEMBL122116,7.6361303,-0.99931157,Cc1cccc(N2CCN(Cc3ccc4oc(=O)ccc4c3)CC2)c1,Ki,1,single-target,0,334.4190000000001,3.4236200000000023,36.69,0,4,3,4,3,25,0.2857142857142857,0,1
CHEMBL213511,8.265646,0.16762795,O=C(OCc1ccc2ccc(=O)oc2c1)c1ccccc1,IC50,2,multi-target,0,280.279,3.150000000000001,56.510000000000005,0,4,3,3,3,21,0.0588235294117647,0,1
CHEMBL2425829,-1.2798012,-5.708231,N#CC1=C(N)Oc2c(c(=O)oc3ccccc23)C1c1ccc[n+](Cc2cccc(Cl)c2)c1,IC50,2,multi-target,0,442.8820000000002,4.0003800000000025,93.13,1,5,3,5,4,32,0.08,0,1
CHEMBL259975,7.2762256,8.614601,O=c1oc2ccccc2c(O)c1C(c1ccccc1Cl)c1c(O)c2ccccc2oc1=O,IC50,1,single-target,0,446.8420000000002,5.144200000000003,100.88,2,6,3,5,5,32,0.04,1,0
CHEMBL4636875,-0.97257084,5.729606,CCOP(=S)(OCC)Oc1ccc(Cc2cc3ccccc3oc2=O)cc1,IC50,1,single-target,0,404.4240000000001,5.060100000000005,57.9,0,6,8,3,3,27,0.25,1,0
CHEMBL370608,-2.576444,8.070473,O=c1cc(NC2CCN(Cc3ccc4ncoc4c3)CC2)c2cc(Cl)ccc2o1,IC50,1,single-target,0,409.8730000000002,4.664100000000004,71.51,1,6,4,5,4,29,0.2727272727272727,0,1
CHEMBL4215397,10.400114,9.931053,COc1ccc(-c2c3c4cc(OC)c(OCCCNC(=N)N)cc4oc(=O)c3n3ccc4cc(O)c(OC)cc4c23)cc1O,IC50,1,single-target,0,598.6120000000002,4.708070000000005,173.89999999999998,5,10,9,6,6,44,0.1875,1,0
CHEMBL1963107,4.4147787,-1.7660503,COc1cc2oc(=O)c(C)c(C)c2cc1OCCCN1CCN(c2ccccc2OC)CC1,IC50,1,single-target,0,452.5510000000003,4.018140000000003,64.38000000000001,0,7,8,4,3,33,0.4230769230769231,0,1
CHEMBL2440134,3.4050317,1.7855756,COc1c(F)c[n+](CCCCOc2ccc3c(C)cc(=O)oc3c2)cc1F,IC50,1,single-target,0,376.3790000000001,3.5349200000000023,52.55,0,4,7,3,3,27,0.3,0,1
CHEMBL505948,10.416766,9.947835,COc1ccc(-c2c3c4cc(OC)c(OS(=O)(=O)O)cc4oc(=O)c3n3ccc4cc(OC)c(OC)cc4c23)cc1O,IC50,1,single-target,0,593.5660000000003,4.940700000000005,155.37,2,11,7,6,6,42,0.1379310344827586,2,0
CHEMBL1288557,7.6691794,2.513901,CCC(=O)c1c(O)ccc2ccc(=O)oc12,Ki,2,multi-target,0,218.208,2.0912999999999995,67.50999999999999,1,4,2,2,2,16,0.1666666666666666,0,1
CHEMBL592757,4.574601,3.3891923,O=c1cc(Cc2ccccc2)c2ccc(O)cc2o1,IC50,1,single-target,0,252.269,3.089400000000002,50.44,1,3,2,3,3,19,0.0625,0,1
CHEMBL90173,5.8170238,-8.797482,COc1cc2oc(=O)c3c(c2cc1OC)CCN(Cc1ccc(Cl)cc1)C3,Ki,1,single-target,0,385.8470000000001,4.021900000000003,51.91,0,5,4,4,3,27,0.2857142857142857,0,1
CHEMBL2425832,-1.2446113,-5.74046,N#CC1=C(N)Oc2c(c(=O)oc3ccccc23)C1c1cc[n+](Cc2ccccc2F)cc1,IC50,2,multi-target,0,426.4270000000001,3.486080000000002,93.13,1,5,3,5,4,32,0.08,0,1
CHEMBL1290219,7.710145,2.4296424,CC(=O)c1c(OCCC23CC4CC(CC(C4)C2)C3)ccc2ccc(=O)oc12,Ki,2,multi-target,0,366.4570000000001,4.9809000000000045,56.510000000000005,0,4,5,6,2,27,0.5652173913043478,0,1
CHEMBL4163753,-1.4829483,4.0191174,O=c1oc2ccccc2c2nn(Cc3ccccc3)c(Cc3ccccc3)c12,Ki,2,multi-target,0,366.4200000000001,4.781800000000003,48.03,0,4,4,5,5,28,0.0833333333333333,0,1
CHEMBL4159294,-1.4776155,4.01449,Cn1nc2c(c1Cc1ccccc1)c(=O)oc1ccccc12,Ki,2,multi-target,0,290.322,3.270500000000002,48.03,0,4,2,4,4,22,0.1111111111111111,0,1
CHEMBL4104128,5.2145834,-1.1250422,Cc1c(Cl)c(=O)oc2cc(OCCN3CCN(Cc4ccc(Br)cc4)CC3)ccc12,IC50,2,multi-target,0,491.81300000000016,4.713920000000004,45.92,0,5,6,4,3,30,0.3478260869565217,0,1
CHEMBL4483550,0.052114855,4.665073,Cc1c(-c2nsc(=O)o2)c(=O)oc2cc3occ(-c4ccc(F)cc4)c3cc12,IC50,1,single-target,0,395.3670000000001,4.730420000000002,86.45,0,7,2,5,5,28,0.05,0,1
CHEMBL1441824,3.52444,6.4544387,Cc1c(CC(=O)O)c(=O)oc2cc3occ(-c4ccc(F)cc4)c3cc12,Ki,2,multi-target,0,352.31700000000006,4.280820000000003,80.64999999999999,1,4,3,4,4,26,0.1,0,1
CHEMBL4073073,23.292147,11.864161,COc1ccc(Nc2ncnc3c2C(c2cccc([N+](=O)[O-])c2)c2c(c(=O)oc4ccccc24)O3)cc1,IC50,1,single-target,0,494.4630000000003,5.5293000000000045,129.62,1,9,5,6,5,37,0.074074074074074,1,0
CHEMBL4074899,10.8991785,5.3084173,N#Cc1c(-c2cccs2)cc(-c2cc3c(ccc4ccccc43)oc2=O)nc1N,IC50,1,single-target,0,395.4430000000001,5.190580000000002,92.91,1,6,2,5,5,29,0.0,1,0
CHEMBL2425858,13.41639,-6.8840876,Nc1c2c(nc3c1C(c1cccs1)c1c(c4ccccc4oc1=O)O3)CCCC2,IC50,2,multi-target,0,402.4750000000003,4.996400000000003,78.35000000000001,1,6,1,6,4,29,0.217391304347826,0,1
CHEMBL4101491,23.292252,11.864288,COc1ccc(Nc2ncnc3c2C(c2cccc(Cl)c2)c2c(c(=O)oc4ccccc24)O3)cc1,IC50,1,single-target,0,483.9110000000002,6.274500000000004,86.48,1,7,4,6,5,35,0.074074074074074,1,0
CHEMBL4066424,6.0150294,7.1478744,CCN(CC)c1ccc2c(c1)oc(=O)c1c3c(ccc12)C(=O)C=CC3=O,IC50,2,multi-target,0,347.37000000000006,3.7276000000000025,67.59,0,5,3,4,3,26,0.1904761904761904,0,1
CHEMBL2387257,4.3975,-1.4526098,Cc1cccc(N2CCN(CCCCOc3ccc4c(C)cc(=O)oc4c3)CC2)c1C,Ki,3,multi-target,0,420.5530000000003,4.699460000000005,45.92,0,5,7,4,3,31,0.4230769230769231,0,1
CHEMBL1173036,3.1769218,3.7178142,O=C(O)c1ccccc1-c1ccccc1C(=O)Nc1ccc2c(c1)oc(=O)c1ccccc12,IC50,1,single-target,0,435.4350000000002,5.563700000000003,96.61,2,4,4,5,5,33,0.0,1,0
CHEMBL2178447,2.4812837,6.3238544,Cc1c(CCC(=O)O)c(=O)oc2c(C)c(OCc3ccc(-c4ccc(C(F)(F)F)cc4)cc3)ccc12,IC50,1,single-target,0,496.4810000000001,6.691840000000005,76.74,1,4,7,4,4,36,0.2142857142857142,1,0
CHEMBL426854,6.370918,6.010023,CCc1c(O)ccc2c1oc(=O)c1cc(Br)ccc12,IC50,2,multi-target,0,319.15399999999994,3.976700000000002,50.440000000000005,1,3,1,3,3,19,0.1333333333333333,0,1
CHEMBL2178446,2.4761307,6.2886605,Cc1c(CCC(=O)O)c(=O)oc2c(C)c(OCc3ccc(-c4ccc(F)cc4)cc3)ccc12,IC50,1,single-target,0,446.4740000000001,5.812140000000005,76.74,1,4,7,4,4,33,0.1851851851851851,1,0
CHEMBL2205240,5.1423144,3.1179125,Cc1cc(=O)oc2cc(O)c(Cl)cc12,IC50,1,single-target,0,210.616,2.46042,50.44,1,3,0,2,2,14,0.1,0,1
CHEMBL1432377,3.4730809,6.4102736,Cc1c(CCC(=O)O)c(=O)oc2cc3occ(-c4ccccc4)c3cc12,IC50,2,multi-target,0,348.35400000000004,4.531820000000003,80.64999999999999,1,4,4,4,4,26,0.1428571428571428,0,1
CHEMBL3612303,2.6311417,5.219453,O=c1oc2cc(OP(=S)(Cl)Oc3ccc4c5c(c(=O)oc4c3)CCCC5)ccc2c2c1CCCC2,IC50,1,single-target,0,528.9500000000004,6.5781000000000045,78.88000000000001,0,7,4,6,4,35,0.3076923076923077,2,0
CHEMBL3612302,2.653648,5.242012,O=c1oc2cc(OP(=S)(Cl)Oc3ccc4c5c(c(=O)oc4c3)CCC5)ccc2c2c1CCC2,IC50,1,single-target,0,500.89600000000047,5.797900000000004,78.88000000000001,0,7,4,6,4,33,0.25,2,0
CHEMBL4637881,15.380487,1.8191962,CCCOc1ccc2cc(C(=O)NCCn3ccc(=O)c(O)c3C)c(=O)oc2c1,IC50,1,single-target,0,398.4150000000002,2.18752,110.77,2,7,7,3,3,29,0.2857142857142857,0,1
CHEMBL1502425,5.0149684,3.0217974,CCOc1cc2c(C)cc(=O)oc2cc1Cl,AC50,2,multi-target,0,238.67,3.153520000000002,39.44,0,3,2,2,2,16,0.25,0,1
CHEMBL4453513,6.5537705,7.183264,CC(=O)CC(=O)c1c(O)c2c(=O)oc3ccc4ccccc4c3c2oc1=O,IC50,2,multi-target,0,364.30900000000014,2.9200000000000017,114.79,1,7,3,4,4,27,0.1,0,1
CHEMBL4450310,7.1888285,-3.22021,Cc1c(C)c2ccc(OCC3CCCN(Cc4ccc(CO)cc4)C3)cc2oc1=O,IC50,4,multi-target,0,407.51000000000016,4.193140000000003,62.91,1,5,6,4,3,30,0.4,0,1
CHEMBL4451675,2.5189807,1.53244,CN(C)Cc1cc(=O)oc2cc(OCc3cccc(CO)c3)ccc12,IC50,2,multi-target,0,339.3910000000001,2.9259000000000013,62.91000000000001,1,5,6,3,3,25,0.25,0,1
CHEMBL1426284,6.3846493,4.5771174,CCCCc1cc(=O)oc2c(CN(C)C)c(O)ccc12,IC50,1,single-target,0,275.348,2.902800000000001,53.68000000000001,1,4,5,2,2,20,0.4375,0,1
CHEMBL1600989,12.522324,2.8852572,O=C(O)c1cc2cc(Cl)cc(Cl)c2oc1=O,EC50,1,single-target,0,259.044,2.798000000000001,67.50999999999999,1,3,1,2,2,16,0.0,0,1
CHEMBL1435494,4.433061,5.8856297,Cc1cc(=O)oc2c3c(cc(OCC(=O)N[C@@H](Cc4ccccc4)C(=O)O)c12)OC(C)(C)CC3,IC50,2,multi-target,0,465.5020000000003,3.395920000000002,115.07,2,6,7,4,3,34,0.3461538461538461,0,1
CHEMBL5820522,13.315972,2.189049,CCCc1c(OC)ccc2cc(C(=O)Nc3ccc(S(N)(=O)=O)cc3Br)c(=O)oc12,EC50,1,single-target,0,495.35100000000017,3.416300000000001,128.7,2,6,6,3,3,30,0.2,0,1
CHEMBL4578377,6.9183426,-3.3591728,Cc1c(C)c2ccc(OCC3CCN(Cc4cccc(OCCCO[N+](=O)[O-])c4)CC3)cc2oc1=O,IC50,4,multi-target,0,496.5600000000004,4.678040000000005,104.28,0,8,11,4,3,36,0.4444444444444444,0,1
CHEMBL1487479,6.357676,4.7678146,O=c1oc2c(CN3CCOCC3)c(O)ccc2c2c1CCCC2,IC50,1,single-target,0,315.36900000000014,2.2096,62.91000000000001,1,5,2,4,2,23,0.5,0,1
CHEMBL4102669,8.425781,-7.700413,NS(=O)(=O)Oc1ccc2cc(-c3ccc(NC(=O)Cc4cc(F)c(F)c(F)c4)cc3)c(=O)oc2c1,IC50,1,single-target,0,504.4420000000002,3.640800000000002,128.7,2,6,6,4,4,35,0.0434782608695652,1,0
CHEMBL3394526,4.6900573,2.690193,Cc1cc(=O)oc2cc(/N=C/c3ccc(O)cc3O)ccc12,IC50,1,single-target,0,295.29400000000004,3.2632200000000013,83.03,2,5,2,3,3,22,0.0588235294117647,0,1
CHEMBL3359949,2.5498922,0.88554466,N#CCCc1cc(=O)oc2cc(OCc3cccc(Cl)c3)ccc12,IC50,1,single-target,0,339.778,4.481580000000003,63.23,0,4,5,3,3,24,0.1578947368421052,0,1
CHEMBL4129293,3.9568722,-2.7239583,CC(=O)c1c(OCCCN2CCN(c3ccccc3C#N)CC2)ccc2c(C)cc(=O)oc12,Ki,2,multi-target,0,445.5190000000003,3.7668000000000026,86.78,0,7,7,4,3,33,0.3461538461538461,0,1
CHEMBL4751864,3.5930307,0.76493573,Cc1cc(C)cc(COc2ccc3c(CN4CCN(Cc5ccccc5)CC4)cc(=O)oc3c2)c1,Ki,2,multi-target,0,468.59700000000026,5.306640000000005,45.92,0,5,7,5,4,35,0.3,1,0
CHEMBL326485,7.387703,0.48311546,CC1(c2ccccc2)OC(/C=C/COc2ccc3ccc(=O)oc3c2)=CC1=O,IC50,1,single-target,0,374.3920000000001,4.126600000000004,65.74000000000001,0,5,5,4,3,28,0.1304347826086956,0,1
CHEMBL3978528,1.6116585,-1.3885828,O=c1ccc2c(OCCCCn3cccn3)c3ccoc3cc2o1,EC50,2,multi-target,0,324.3360000000001,3.594900000000002,70.4,0,6,6,4,4,24,0.2222222222222222,0,1
CHEMBL4213201,10.3978,4.243183,COc1ccc(OC)c(Nc2nnc(-c3cc4cccc(OC)c4oc3=O)s2)c1,Kd,1,single-target,0,411.4390000000002,4.080900000000002,95.71,1,9,6,4,4,29,0.15,0,1
CHEMBL3417301,0.82531536,15.538728,Cc1cc2ccc(OCCN3CCN(CCCNc4c5c(nc6ccccc46)CCCC5)CC3)cc2oc1=O,IC50,3,multi-target,0,526.6810000000004,5.027020000000005,70.84,1,7,9,6,4,39,0.4375,2,0
CHEMBL4873316,10.831063,3.6453578,Cc1ccc2oc(=O)c(S(N)(=O)=O)cc2c1,Ki,4,multi-target,0,239.252,0.7488200000000003,90.37,1,4,1,2,2,16,0.1,0,1
CHEMBL4164474,17.840897,12.865539,O=C(CCCCC1CCSS1)NCc1cn(CCCCOc2ccc3cc(-c4ccc(Cl)cc4)c(=O)oc3c2)nn1,IC50,1,single-target,0,613.2050000000003,6.894400000000007,99.25,1,9,14,5,4,41,0.4,2,0
CHEMBL3094018,2.9260774,0.7214411,CNC(=O)COc1cc(=O)oc2cc(OCc3cccc(Cl)c3)ccc12,IC50,1,single-target,0,373.792,3.1502000000000017,77.77,1,5,6,3,3,26,0.1578947368421052,0,1
CHEMBL3093989,3.2873428,0.834549,O=c1cc(CN2CCOCC2)c2ccc(OCc3cccc(Cl)c3)cc2o1,IC50,1,single-target,0,385.847,3.8576000000000032,51.91,0,5,5,4,3,27,0.2857142857142857,0,1
CHEMBL4291929,7.57724,-0.47272474,O=c1ccc2ccc(OCCCCCCCCn3ccnc3)cc2o1,IC50,1,single-target,0,340.42299999999994,4.409100000000004,57.260000000000005,0,5,10,3,3,25,0.4,0,1
CHEMBL4087613,11.059999,2.6189904,CCN(CC)c1ccc2cc(-c3cnco3)c(=O)oc2c1,IC50,1,single-target,0,284.315,3.294200000000002,59.48,0,5,4,3,3,21,0.25,0,1
CHEMBL3094031,2.6999514,0.7968632,CC(=O)c1cc(=O)oc2cc(OCc3cccc(Cl)c3)ccc12,IC50,1,single-target,0,328.75100000000003,4.228000000000003,56.510000000000005,0,4,4,3,3,23,0.1111111111111111,0,1
CHEMBL437770,11.734503,4.446701,O=c1oc2cc(O)ccc2cc1-c1nc2ccccc2s1,IC50,3,multi-target,0,295.319,3.775300000000001,63.33,1,5,1,4,4,21,0.0,0,1
CHEMBL3970030,19.72674,8.427492,CN[C@@H](C)C(=O)N[C@@H]1C(=O)N(Cc2cc(=O)oc3cc(Cl)ccc23)c2ccccc2N(C(=O)CS(C)(=O)=O)[C@H]1C,IC50,1,single-target,0,589.0700000000002,1.852000000000001,146.1,2,8,7,4,3,40,0.3333333333333333,1,0
CHEMBL3427390,6.0480185,11.4284725,O=C(O)/C=C/c1ccc(Cc2c(-c3ccc(Cl)cc3)c(=O)oc3cc(O)ccc23)cc1,IC50,1,single-target,0,432.85900000000015,5.5076000000000045,87.74,2,4,5,4,4,31,0.04,1,0
CHEMBL4083749,3.0130668,3.683076,Cc1ccc([N+](=O)[O-])cc1S(=O)(=O)Oc1ccc2c(C)cc(=O)oc2c1,IC50,2,multi-target,0,375.3580000000002,3.0857400000000013,116.72,0,7,4,3,3,26,0.1176470588235294,0,1
CHEMBL4088028,5.0822005,4.461459,Cc1cc(=O)oc2c(OS(=O)(=O)c3ccccc3)c(OS(=O)(=O)c3ccccc3)ccc12,IC50,1,single-target,0,472.49600000000015,3.636820000000003,116.95,0,8,6,4,4,32,0.0454545454545454,0,1
CHEMBL4758696,16.407478,4.89584,O=c1ccc2ccc(OCCn3cc(Cn4nnc5ccccc54)nn3)cc2o1,IC50,1,single-target,0,388.38700000000006,2.2565,100.86,0,9,6,5,5,29,0.15,0,1
CHEMBL3265287,5.95582,-8.416801,C=CCOC(=O)N1CCCCc2c(c(=O)oc3c(C=O)c(O)ccc23)C1,IC50,1,single-target,0,357.3620000000001,2.772000000000001,97.05,1,6,3,3,2,26,0.3157894736842105,0,1
CHEMBL4211175,-4.4852667,6.4268517,C#CCN(CCOc1ccc2ccc(=O)oc2c1)Cc1ccc(C(C)C)cc1,IC50,2,multi-target,0,375.4680000000001,4.430600000000004,42.68,0,4,8,3,3,28,0.2916666666666667,0,1
CHEMBL4218281,3.1239474,2.003309,Cc1cc(=O)oc2cc(OCc3cc[n+](Cc4cccc(Br)c4)cc3)ccc12,IC50,4,multi-target,0,437.3130000000001,4.778720000000003,43.32,0,3,5,4,4,28,0.1304347826086956,0,1
CHEMBL3959937,1.6247177,-1.4105233,O=c1ccc2c(OCCCOCc3ccccc3)c3ccoc3cc2o1,EC50,2,multi-target,0,350.3700000000001,4.524900000000003,61.81,0,5,7,4,4,26,0.1904761904761904,0,1
CHEMBL3946665,9.014853,-0.9318816,CC(=O)c1ccc(-c2ccc3oc(=O)ccc3c2)s1,IC50,1,single-target,0,270.309,3.7241000000000017,47.28,0,4,2,3,3,19,0.0666666666666666,0,1
CHEMBL2387235,3.4949,-1.6561319,COc1cccc(-c2cc(=O)oc3cc(OCCCCN4CCC(c5noc6cc(F)ccc56)CC4)ccc23)c1,Ki,1,single-target,0,542.6070000000003,6.787500000000007,77.94000000000001,0,7,9,6,5,40,0.3125,2,0
CHEMBL3417299,0.82741404,15.531984,Cc1c(Cl)c(=O)oc2cc(OCCN3CCN(CCCNc4c5c(nc6ccccc46)CCCC5)CC3)ccc12,IC50,6,multi-target,1,561.1260000000003,5.680420000000006,70.84,1,7,9,6,4,40,0.4375,2,0
CHEMBL3589966,16.066061,4.353475,COc1cc2c(cc1OC)CN(S(=O)(=O)c1cccc(-n3cc(COc4cc(=O)oc5ccccc45)nn3)c1)CC2,IC50,1,single-target,0,574.615,3.7169000000000025,125.99,0,10,8,6,5,41,0.2068965517241379,1,0
CHEMBL3394541,3.2068496,4.085496,Cc1c(C)c2ccc(NCc3ccccc3O)cc2oc1=O,IC50,1,single-target,0,295.338,3.727540000000002,62.47,2,4,3,3,3,22,0.1666666666666666,0,1
CHEMBL3331333,-1.6345093,3.8473804,COc1ccc2c(c1)oc(=O)c1c(C)nn(-c3ccc(C(F)(F)F)cc3)c12,IC50,1,single-target,0,374.318,4.467720000000003,57.26,0,5,2,4,4,27,0.1578947368421052,0,1
CHEMBL3623670,15.964269,4.2343826,O=c1ccc2ccc(OCc3cn(-c4ccc(O)cc4)nn3)cc2o1,Ki,3,multi-target,0,335.3190000000001,2.658300000000001,90.38,1,7,4,4,4,25,0.0555555555555555,0,1
CHEMBL4088674,5.212275,-1.2235855,Cc1c(C#N)c(=O)oc2cc(OCCN3CCC(Cc4ccccc4)CC3)ccc12,IC50,3,multi-target,0,402.49400000000014,4.306600000000004,66.47,0,5,6,4,3,30,0.36,0,1
CHEMBL4588244,4.7168775,-5.62077,O=c1oc2ccc(Cl)cc2cc1CO[C@H]1[C@@H](O)[C@@H](CO)O[C@@H](S[C@@H]2O[C@H](CO)[C@H](O)[C@H](OCc3cc4cc(Cl)ccc4oc3=O)[C@H]2O)[C@@H]1O,Kd,4,multi-target,0,743.5670000000002,1.2879999999999987,218.72,6,15,10,6,4,49,0.4375,3,0
CHEMBL1275888,2.6923833,21.401096,COc1cc(C(=O)Nc2c(O)c3ccc(O[C@@H]4OC(C)(C)[C@H](OC)[C@@H](OC(=O)c5ccc(C)[nH]5)[C@H]4O)cc3oc2=O)ccc1O,IC50,1,single-target,0,624.5990000000003,3.2168200000000016,199.01,5,12,8,5,4,45,0.3225806451612903,2,0
CHEMBL4443629,12.997116,5.932573,O=C(O)c1ccc(Nc2nc(-c3cc4ccccc4oc3=O)cs2)cc1,IC50,1,single-target,0,364.38200000000006,4.358300000000002,92.43,2,6,4,4,4,26,0.0,0,1
CHEMBL4160630,17.841255,12.865908,O=C(CCCCC1CCSS1)NCc1cn(CCCCCOc2ccc3cc(-c4ccc(Cl)c(Cl)c4)c(=O)oc3c2)nn1,IC50,1,single-target,0,661.6770000000002,7.937900000000007,99.25,1,9,15,5,4,43,0.4193548387096774,2,0
CHEMBL1835811,9.564215,-1.1644058,CCN(CC)c1cc2oc(=O)ccc2cc1-c1ccc(NC(C)=O)cc1,IC50,1,single-target,0,350.41800000000006,4.264600000000003,62.55,1,4,5,3,3,26,0.238095238095238,0,1
CHEMBL1165583,14.575386,3.1934664,COc1cccc2cc(C(=O)Nc3cc(Br)ccc3N3CCNCC3)c(=O)oc12,IC50,1,single-target,0,458.3120000000002,3.2260000000000018,83.81,2,6,4,4,3,29,0.238095238095238,0,1
CHEMBL4171854,17.84099,12.865644,O=C(CCCCC1CCSS1)NCc1cn(CCCOc2ccc3cc(-c4ccc(Br)cc4)c(=O)oc3c2)nn1,IC50,1,single-target,0,643.6290000000001,6.613400000000007,99.25,1,9,13,5,4,40,0.3793103448275862,2,0
CHEMBL2206119,18.015251,3.2993367,COc1cccc2cc(C(=O)/C=C/c3cc[n+](Cc4ccccc4Cl)cc3)c(=O)oc12,IC50,2,multi-target,0,432.88300000000015,4.686900000000004,60.39,0,4,6,4,4,31,0.08,0,1
CHEMBL4291739,12.983898,9.539909,CC(=O)c1c(C)cc2oc(=O)cc(C)c2c1OCCCCN1CCN(c2ccc([N+](=O)[O-])cc2)CC1,Ki,2,multi-target,0,493.56000000000034,4.501840000000004,106.13000000000002,0,8,9,4,3,36,0.4074074074074074,0,1
CHEMBL4084384,23.292051,11.863993,COc1ccc(Nc2ncnc3c2C(c2ccc(F)cc2)c2c(c(=O)oc4ccccc24)O3)cc1,IC50,1,single-target,0,467.4560000000002,5.760200000000004,86.48,1,7,4,6,5,35,0.074074074074074,1,0
CHEMBL494798,12.696012,1.0167456,Cc1ccc2oc(=O)c(C(=O)Nc3cccc(Cl)c3)cc2c1,IC50,2,multi-target,0,313.74000000000007,4.007120000000002,59.31,1,3,2,3,3,22,0.0588235294117647,0,1
CHEMBL341394,0.004486966,10.794732,C[C@H]1[C@@H](C)Oc2c3c(c4c(-c5ccccc5)cc(=O)oc4c2[C@@H]1O)OC(C)(C)C=C3,IC50,1,single-target,0,404.46200000000016,5.094600000000007,68.9,1,5,1,5,3,30,0.32,1,0
CHEMBL2426555,5.659202,6.350573,Cc1c(Oc2ccc(Cl)cc2O)c(=O)oc2cc(O)ccc12,IC50,1,single-target,0,318.71200000000005,3.9583200000000014,79.9,2,5,2,3,3,22,0.0625,0,1
CHEMBL575907,2.5606813,0.6550223,NC(=O)[C@H](CO)Nc1cc(=O)oc2cc(OCc3cccc(Cl)c3)ccc12,IC50,1,single-target,0,388.8070000000001,2.2835,114.79000000000002,3,6,7,3,3,27,0.1578947368421052,0,1
CHEMBL1326008,4.4629345,5.9003577,Cc1c(C)c2c(OCC(=O)N[C@@H](C)C(=O)O)cc3c(c2oc1=O)CCC(C)(C)O3,IC50,1,single-target,0,403.43100000000027,2.48154,115.07,2,6,5,3,2,29,0.4761904761904761,0,1
CHEMBL2349088,2.941358,-6.999179,Cc1cn([C@H]2C[C@H](n3cc(CNCc4cc5cc(Cl)ccc5oc4=O)nn3)[C@@H](CO)O2)c(=O)[nH]c1=O,IC50,1,single-target,0,514.9260000000002,1.0072199999999996,157.27,3,11,7,5,4,36,0.3478260869565217,2,0
CHEMBL2349223,2.9380002,-7.0022955,Cc1cn([C@H]2C[C@H](n3cc(CNCC(=O)N(Cc4ccccc4)Cc4cc5cc(Br)ccc5oc4=O)nn3)[C@@H](CO)O2)c(=O)[nH]c1=O,IC50,2,multi-target,0,706.554,2.14512,177.57999999999998,3,12,11,6,5,47,0.3125,2,0
CHEMBL495225,12.72083,0.9713706,Cc1ccc2oc(=O)c(C(=O)Nc3ccccc3Cl)cc2c1,IC50,1,single-target,0,313.74000000000007,4.007120000000002,59.31,1,3,2,3,3,22,0.0588235294117647,0,1
CHEMBL495153,12.761442,2.7820249,Cc1cccc(NC(=O)c2cc3cc(Cl)cc(Cl)c3oc2=O)c1,IC50,1,single-target,0,348.1850000000001,4.660520000000003,59.31,1,3,2,3,3,23,0.0588235294117647,0,1
CHEMBL573301,2.6294854,1.2950385,CNCc1cc(=O)oc2cc(OCc3ccc4c(c3)OCO4)ccc12,IC50,2,multi-target,0,339.3470000000001,2.820100000000001,69.93,1,6,5,4,3,25,0.2105263157894736,0,1
CHEMBL1538522,8.100975,0.2826872,O=C(Oc1ccc2ccc(=O)oc2c1)c1ccccc1,Ki,2,multi-target,0,266.25199999999995,3.012200000000001,56.510000000000005,0,4,2,3,3,20,0.0,0,1
CHEMBL1714370,4.4455857,5.913618,CCc1cc(=O)oc2c3c(cc(OCC(=O)NCCCC(=O)O)c12)OC(C)(C)CC3,AC50,2,multi-target,0,417.4580000000003,2.8188000000000013,115.07,2,6,8,3,2,30,0.5,0,1
CHEMBL1080948,1.6370938,-5.451373,Cc1cc(=O)oc2c3c(ccc12)OCC(CO)(CN1CCCC1)C3=O,IC50,1,single-target,0,343.3790000000002,1.7510199999999998,79.98,1,6,3,4,2,25,0.4736842105263157,0,1
CHEMBL1080227,1.6342188,-5.4554152,CCOCC1(CN2CCCCC2)COc2ccc3c(C)cc(=O)oc3c2C1=O,IC50,1,single-target,0,385.46000000000015,3.1853200000000017,68.98,0,6,5,4,2,28,0.5454545454545454,0,1
CHEMBL2425859,13.419089,-6.884368,CC1c2c(nc3c(c2N)CCCC3)Oc2c1c(=O)oc1ccccc21,IC50,2,multi-target,0,334.375,3.906500000000002,78.35000000000001,1,5,0,5,3,25,0.3,0,1
CHEMBL23967,13.369578,1.5761706,NS(=O)(=O)c1ccc(NC(=O)c2cc3ccccc3oc2=O)cc1,Ki,7,multi-target,1,344.34800000000007,1.6927000000000003,119.47,2,5,3,3,3,24,0.0,0,1
CHEMBL1464332,3.4835591,6.570987,Cc1oc2c(C)c3oc(=O)c(CCC(=O)O)c(C)c3cc2c1-c1ccccc1,IC50,3,multi-target,0,376.4080000000001,5.148660000000004,80.65,1,4,4,4,4,28,0.217391304347826,1,0
CHEMBL350430,19.769186,8.451583,NS(=O)(=O)c1ccc(CCNCc2cc(=O)oc3cc(Cl)ccc23)cc1,Ki,3,multi-target,0,392.8640000000001,2.4261,102.4,2,5,6,3,3,26,0.1666666666666666,0,1
CHEMBL1830832,13.129971,1.2420628,Cc1ccc(NNC(=O)c2cc3ccccc3oc2=O)cc1,IC50,1,single-target,0,294.31000000000006,2.858320000000001,71.34,2,4,3,3,3,22,0.0588235294117647,0,1
CHEMBL592761,4.627453,3.7096975,O=c1cc(CSc2cccs2)c2ccc(O)cc2o1,IC50,1,single-target,0,290.36500000000007,3.852400000000002,50.44,1,5,3,3,3,19,0.0714285714285714,0,1
CHEMBL274513,2.0889432,3.1343238,Cc1c(C)c2ccc(OCc3cc(C4CC4)on3)cc2oc1=O,IC50,2,multi-target,0,311.33700000000005,3.8542400000000026,65.47,0,5,4,4,3,23,0.3333333333333333,0,1
CHEMBL266552,14.387245,18.337402,CCCc1cc(=O)oc2c3c(c4c(c12)OC(C)(C)C=C4)OC(C)(C)[C@H](C)[C@H]3O,EC50,1,single-target,0,384.4720000000001,4.770200000000005,68.9,1,5,2,4,2,28,0.5217391304347826,0,1
CHEMBL1258413,4.3335147,2.913875,COc1ccc(C(=O)/C=C/c2cc(=O)oc3cc(OC)ccc23)cc1,IC50,2,multi-target,0,336.3430000000001,3.7063000000000015,65.74000000000001,0,5,5,3,3,25,0.1,0,1
CHEMBL1498450,3.8834343,2.3135157,CCc1cc(=O)oc2cc(OC(=O)c3ccco3)ccc12,IC50,1,single-target,0,284.267,3.167600000000002,69.65,0,5,3,3,3,21,0.125,0,1
CHEMBL274029,2.5117075,3.9875572,COc1ccc2c(C)c(C)c(=O)oc2c1,IC50,3,multi-target,0,204.225,2.4184400000000004,39.44,0,3,1,2,2,15,0.25,0,1
CHEMBL301141,5.2497697,2.9134777,O=c1cc(O)c2ccccc2o1,Ki,3,multi-target,0,162.14399999999998,1.4986,50.44,1,3,0,2,2,12,0.0,0,1
CHEMBL53569,7.196595,1.7620357,O=c1ccc2ccc3occc3c2o1,IC50,5,multi-target,1,186.166,2.539200000000001,43.35,0,3,0,3,3,14,0.0,0,1
CHEMBL3261211,13.2400055,1.5746435,CCCCCCN(CCCCCC)C(=O)c1cc2ccccc2oc1=O,IC50,2,multi-target,0,357.4940000000001,5.395800000000006,50.52,0,3,11,2,2,26,0.5454545454545454,1,0
CHEMBL1084883,0.34004006,3.5561588,CCCCCCNC(=O)Oc1cccc(CN(C)CCCOc2ccc3ccc(=O)oc3c2)c1,IC50,1,single-target,0,466.5780000000003,5.362600000000006,81.01,1,6,13,3,3,34,0.4074074074074074,1,0
CHEMBL1095226,-1.2722191,19.142868,COc1ccc2c(Nc3c(Cl)cncc3Cl)cc(=O)oc2c1OCCCCCN(C)C,IC50,1,single-target,0,466.3650000000004,5.357700000000004,76.83,1,7,10,3,3,31,0.3636363636363636,1,0
CHEMBL348997,19.775297,8.457043,CCN(Cc1cc(=O)oc2cc(Cl)ccc12)C1CC(C)S(=O)(=O)c2sc(S(N)(=O)=O)cc21,Ki,3,multi-target,0,517.0500000000003,3.2844000000000007,127.75,1,8,5,4,3,32,0.35,1,0
CHEMBL3115509,11.823411,7.72693,CCCCSCC(=O)N1N=C(c2cc3ccccc3oc2=O)C[C@@H]1c1ccccc1C(F)(F)F,IC50,1,single-target,0,488.5310000000002,6.022800000000005,62.88,0,5,7,4,3,34,0.32,1,0
CHEMBL1080229,1.630934,-5.4585533,CCOCC1(CN(CC)CC)COc2ccc3c(C)cc(=O)oc3c2C1=O,IC50,1,single-target,0,373.4490000000001,3.041220000000002,68.98,0,6,7,3,2,27,0.5238095238095238,0,1
CHEMBL4648730,4.10948,0.26747268,CC(C)=CCN(C(=O)CCN1CCN(C(=O)c2ccco2)CC1)c1ccc2c(C)cc(=O)oc2c1,IC50,1,single-target,0,477.5610000000003,3.841720000000003,87.21000000000001,0,6,7,4,3,35,0.3703703703703703,0,1
CHEMBL2205577,18.029484,3.3133051,COc1cccc2cc(C(=O)/C=C/c3cc[n+](Cc4ccc(F)cc4)cc3)c(=O)oc12,IC50,2,multi-target,0,416.4280000000001,4.172600000000003,60.39,0,4,6,4,4,31,0.08,0,1
CHEMBL1438166,4.3641148,5.3197765,CCCOc1ccc2c3c(c(=O)oc2c1OCCC)CCC3,IC50,2,multi-target,0,302.37000000000006,3.859300000000003,48.67,0,4,6,3,2,22,0.5,0,1
CHEMBL4571403,11.875653,2.2683573,COc1ccc2cc(C(=O)CCN3CCCCC3)c(=O)oc2c1,IC50,2,multi-target,0,315.369,2.8603000000000014,59.75,0,5,5,3,2,23,0.4444444444444444,0,1
CHEMBL5180694,4.9701385,3.727075,O=c1cc(C[n+]2cn(Cc3ccc4ccccc4c3)c3ccccc32)c2ccc(O)c(O)c2o1,IC50,2,multi-target,0,449.4860000000002,4.696200000000005,79.48,2,5,4,6,6,34,0.0714285714285714,0,1
CHEMBL3923137,1.6304481,-1.3998158,O=c1ccc2c(OCCCCNc3ccncc3)c3ccoc3cc2o1,EC50,2,multi-target,0,350.37400000000014,4.205300000000003,77.5,1,6,7,4,4,26,0.2,0,1
CHEMBL1436736,5.648346,3.0536616,COc1cc(OC)c2c(-c3cccc(-c4ccc(OC)c(F)c4)c3)cc(=O)oc2c1,AC50,1,single-target,0,406.40900000000016,5.2919000000000045,57.900000000000006,0,5,5,4,4,30,0.125,1,0
CHEMBL2387252,4.411263,-1.3992527,Cc1ccc(S(=O)(=O)N2CCN(CCCCOc3ccc4c(C)cc(=O)oc4c3)CC2)cc1,Ki,2,multi-target,0,470.5910000000002,3.5753400000000024,80.06000000000002,0,6,8,4,3,33,0.4,0,1
CHEMBL350327,19.780115,8.46323,NS(=O)(=O)c1ccc(NCc2cc(=O)oc3cc(Cl)ccc23)cc1,Ki,3,multi-target,0,364.81,2.705900000000001,102.4,2,5,4,3,3,24,0.0625,0,1
CHEMBL2181539,-1.8069047,5.725608,CCCCCCC(C)(C)c1cc(OC)c2cc(Cc3ccccc3OC)c(=O)oc2c1,Ki,2,multi-target,0,422.56500000000017,6.649000000000008,48.67,0,4,10,3,3,31,0.4444444444444444,1,0
CHEMBL2425847,13.467604,-6.835459,Nc1c2c(nc3c1C(c1ccccc1Cl)c1c(c4ccccc4oc1=O)O3)CCCC2,IC50,2,multi-target,0,430.8910000000003,5.588300000000004,78.35000000000001,1,5,1,6,4,31,0.2,1,0
CHEMBL2408087,24.317917,4.427708,Cc1ccc2oc(=O)c(/C=N/c3ccc(S(=O)(=O)Nc4nccs4)cc3)c(Cl)c2c1,IC50,2,multi-target,0,459.9360000000001,4.7627200000000025,101.63,1,7,5,4,4,30,0.05,0,1
CHEMBL2397719,10.514166,4.502634,Cc1cccc2cc(-c3cc(O)c(O)c(O)c3)c(=O)oc12,Ki,2,multi-target,0,284.26700000000005,2.885220000000001,90.9,3,5,1,3,3,21,0.0625,0,1
CHEMBL5209099,7.6275134,14.642425,CNCCOc1ccc(N2Nc3c(c(=O)oc4cc(O)ccc34)-c3ccc(O)cc32)cc1,IC50,2,multi-target,0,431.4480000000001,3.948000000000002,107.20000000000002,4,8,5,5,4,32,0.125,0,1
CHEMBL1761763,11.30525,4.8268285,COc1ccc2oc(=O)c(-c3cccs3)cc2c1,IC50,1,single-target,0,258.298,3.530100000000002,39.44,0,4,2,3,3,18,0.0714285714285714,0,1
CHEMBL5174251,4.7116165,3.578182,O=c1cc(Cn2c[n+](CCCCn3c[n+](Cc4cc(=O)oc5cc(O)ccc45)c4ccccc43)c3ccccc32)c2ccc(O)cc2o1,IC50,2,multi-target,0,640.6960000000003,5.372000000000006,118.5,2,8,9,8,8,48,0.1578947368421052,2,0
CHEMBL3787517,3.5340579,2.322297,Cc1cc(=O)oc2cc(OC(C)C(=O)c3ccccc3)ccc12,IC50,1,single-target,0,308.333,3.7516200000000026,56.51,0,4,4,3,3,23,0.1578947368421052,0,1
CHEMBL278974,2.508876,4.190085,Cc1c(C)c2ccc(OS(=O)(=O)c3ccc(Br)cc3)cc2oc1=O,IC50,1,single-target,0,409.25700000000006,3.9400400000000033,73.58000000000001,0,5,3,3,3,24,0.1176470588235294,0,1
CHEMBL5187253,7.6196866,14.632279,O=C(COCN1CCCCC1)CN1Nc2cc(O)ccc2-c2c1c1ccc(O)cc1oc2=O,IC50,2,multi-target,0,451.4790000000002,3.0472,115.48000000000002,3,9,6,5,3,33,0.3333333333333333,0,1
CHEMBL2425844,13.424619,-6.876905,Nc1c2c(nc3c1C(c1ccccc1)c1c(c4ccccc4oc1=O)O3)CCCC2,IC50,2,multi-target,0,396.4460000000003,4.934900000000003,78.35000000000001,1,5,1,6,4,30,0.2,0,1
CHEMBL3286721,5.570616,-0.69786996,O=C(CCCOc1ccc2ccc(=O)oc2c1)N1CCN(c2ccccc2)CC1,IC50,1,single-target,0,392.4550000000002,3.3008000000000024,62.99000000000001,0,5,6,4,3,29,0.3043478260869565,0,1
CHEMBL574145,6.330832,8.230153,O=c1oc2ccccc2c(O)c1Cc1ccccc1,IC50,1,single-target,0,252.269,3.0894000000000013,50.44,1,3,2,3,3,19,0.0625,0,1
CHEMBL4451548,7.025168,-3.312517,Cc1c(C)c2ccc(OCC3CCN(C)CC3)cc2oc1=O,IC50,3,multi-target,0,301.386,3.130440000000002,42.68,0,4,3,3,2,22,0.5,0,1
CHEMBL4463853,11.896896,2.2781386,COc1ccc2cc(C(=O)CCN3CCCC3)c(=O)oc2c1,IC50,2,multi-target,0,301.342,2.4702,59.75,0,5,5,3,2,22,0.4117647058823529,0,1
CHEMBL514534,1.8697467,3.3717325,Cc1c(C)c2ccc(OCCCOc3cc(O)cc([N+](C)(C)C)c3)cc2oc1=O,IC50,2,multi-target,0,398.47900000000016,4.160040000000003,68.9,1,5,7,3,3,29,0.3478260869565217,0,1
CHEMBL1523876,13.40819,1.3977057,Cc1ccc[n+](CC(=O)c2cc3ccccc3oc2=O)c1,AC50,1,single-target,0,280.30300000000005,2.27182,51.16,0,3,3,3,3,21,0.1176470588235294,0,1
CHEMBL4447506,7.2335086,-3.1959593,Cc1c(C)c2ccc(OCC3CCCN(Cc4cccc(Cl)c4)C3)cc2oc1=O,IC50,4,multi-target,0,411.9290000000001,5.354240000000006,42.68,0,4,5,4,3,29,0.375,1,0
CHEMBL486219,5.4126754,3.2010489,COc1cc(O)c2c(-c3ccc(O)c(O)c3)cc(=O)oc2c1,IC50,1,single-target,0,300.2660000000001,2.5854000000000017,100.13,3,6,2,3,3,22,0.0625,0,1
CHEMBL1530961,4.465981,5.08465,Cc1cc(OCC(=O)NCC(O)c2ccccc2)c2c(C)cc(=O)oc2c1,IC50,1,single-target,0,367.4010000000002,2.638440000000001,88.77,2,5,6,3,3,27,0.238095238095238,0,1
CHEMBL1493400,2.7253077,6.3608913,COc1ccc2c(c1)c(=O)oc1c(C)c(OCc3cc(C(=O)O)oc3C)ccc12,AC50,2,multi-target,0,394.3790000000001,4.441840000000003,99.11,1,6,5,4,4,29,0.1818181818181818,0,1
CHEMBL358644,12.1861925,2.1126595,NC(=S)c1cc2ccc(O)cc2oc1=O,EC50,3,multi-target,0,221.237,1.1327999999999998,76.46000000000001,2,4,1,2,2,15,0.0,0,1
CHEMBL4174316,13.46604,1.5161473,O=C(NCc1cc[n+](Cc2cccc(F)c2)cc1)c1cc2ccccc2oc1=O,IC50,2,multi-target,0,389.4060000000002,3.197900000000001,63.190000000000005,1,3,5,4,4,29,0.0869565217391304,0,1
CHEMBL4205520,3.1446157,1.9916915,Cc1cccc(C[n+]2ccc(COc3ccc4c(C)cc(=O)oc4c3)cc2)c1,IC50,4,multi-target,0,372.4440000000001,4.324640000000003,43.32,0,3,5,4,4,28,0.1666666666666666,0,1
CHEMBL199788,11.596325,4.435242,COc1cc(OC)cc(-c2cc3ccc(O)cc3oc2=O)c1,IC50,1,single-target,0,298.29400000000004,3.182800000000001,68.9,1,5,3,3,3,22,0.1176470588235294,0,1
CHEMBL1881564,3.4806027,2.3557029,Cc1cc(=O)oc2cc(OCC(=O)N3CCCC3)ccc12,IC50,1,single-target,0,287.31499999999994,2.10262,59.75,0,4,3,3,2,21,0.375,0,1
CHEMBL153425,11.727728,4.449686,O=c1oc2cc(O)ccc2cc1-c1cc2ccccn2n1,Ki,1,single-target,0,278.267,2.8133000000000017,67.74,1,5,1,4,4,21,0.0,0,1
CHEMBL3977549,3.6184778,3.4397066,Cc1cc(=O)oc2cc(NC(=O)c3ccccc3NC(=O)c3ccc(Cl)cc3)ccc12,Ki,2,multi-target,0,432.8630000000001,5.259420000000003,88.41,2,4,4,4,4,31,0.0416666666666666,1,0
CHEMBL89166,6.4249797,8.566715,O=c1oc2ccccc2c(O)c1SCCOc1ccccc1,IC50,1,single-target,0,314.362,3.6697000000000015,59.67,1,5,5,3,3,22,0.1176470588235294,0,1
CHEMBL1300174,3.7939506,6.651294,Cc1oc2c(C)c3oc(=O)c(CC(=O)N[C@@H](CCCNC(N)=O)C(=O)O)c(C)c3cc2c1C,IC50,1,single-target,0,457.4830000000002,2.33328,164.86999999999998,4,6,8,3,3,33,0.391304347826087,0,1
CHEMBL177697,7.339777,0.76477766,C/C(=C\COc1ccc2ccc(=O)oc2c1)CC[C@@H]1C(C)(C)[C@H]2CC[C@]1(C)O2,IC50,1,single-target,0,382.50000000000017,5.492000000000005,48.67,0,4,6,4,2,28,0.5416666666666666,1,0
CHEMBL1499653,20.182058,2.2259204,COc1ccc(C(CC(=O)N2CCCC2)c2c(OC)cc(OC)c3c(-c4ccccc4)cc(=O)oc23)cc1,IC50,3,multi-target,0,513.5900000000003,5.630200000000006,78.21,0,6,8,5,4,38,0.2903225806451613,2,0
CHEMBL573052,2.671054,1.3435774,CNCc1cc(=O)oc2cc(OCc3ccccc3)ccc12,IC50,2,multi-target,0,295.338,3.091400000000002,51.47,1,4,5,3,3,22,0.1666666666666666,0,1
CHEMBL1350520,6.2707705,4.432189,Cc1c(O)ccc2c(CN3CCN(CCO)CC3)cc(=O)oc12,AC50,1,single-target,0,318.373,0.9169200000000002,77.14999999999999,2,6,4,3,2,23,0.4705882352941176,0,1
CHEMBL2387243,4.397193,-1.572208,COc1ccccc1N1CCN(CCCCOc2ccc3c(C(F)(F)F)cc(=O)oc3c2)CC1,Ki,2,multi-target,0,476.4950000000001,4.801600000000004,55.150000000000006,0,6,8,4,3,34,0.4,0,1
CHEMBL2177253,-1.4338343,5.956334,CCCCCc1cc(OC)c2cc(Cc3ccccc3C)c(=O)oc2c1,Ki,3,multi-target,0,350.45800000000014,5.433520000000005,39.44,0,3,7,3,3,26,0.3478260869565217,1,0
CHEMBL2387530,-1.4518182,5.9535623,CCCCCc1cc(OC)c2cc(Cc3ccc(Cl)cc3)c(=O)oc2c1,IC50,4,multi-target,0,370.8760000000001,5.778500000000005,39.44,0,3,7,3,3,26,0.3181818181818182,1,0
CHEMBL2387230,3.5709677,-1.7432947,Cc1cc(=O)oc2c(C)c(OCCCCN3CCC(c4noc5cc(F)ccc45)CC3)ccc12,Ki,7,multi-target,1,464.53700000000015,5.7287400000000055,68.71000000000001,0,6,7,5,4,34,0.4074074074074074,1,0
CHEMBL1544637,12.933369,0.5012506,COc1ccc(C(=O)Nc2cccc(-c3cc4ccccc4oc3=O)c2)cc1[N+](=O)[O-],IC50,1,single-target,0,416.3890000000002,4.629100000000004,111.68,1,6,5,4,4,31,0.0434782608695652,0,1
CHEMBL1288622,7.7206597,2.4957232,CCOc1ccc2ccc(=O)oc2c1C(=O)CC,Ki,2,multi-target,0,246.26199999999992,2.7844000000000007,56.51,0,4,4,2,2,18,0.2857142857142857,0,1
CHEMBL3326707,-3.358936,0.29925472,Cc1ccc2oc(=O)c(C(=O)NCCCCCCNc3c4c(nc5ccccc35)CCCC4)cc2c1,Ki,3,multi-target,0,483.61200000000025,5.930720000000005,84.23,2,5,9,5,4,36,0.3666666666666666,1,0
CHEMBL444449,1.6419007,-1.3898554,O=c1ccc2c(OCCCCOc3ccccc3)c3ccoc3cc2o1,IC50,12,multi-target,1,350.3700000000001,4.777200000000004,61.81,0,5,7,4,4,26,0.1904761904761904,0,1
CHEMBL1688903,8.669994,10.908712,O=c1cc(Cn2ccnc2)c2ccc(Oc3cccc(Cl)c3)cc2o1,IC50,1,single-target,0,352.7770000000001,4.483500000000003,57.260000000000005,0,5,4,4,4,25,0.0526315789473684,0,1
CHEMBL3403688,-5.5197806,12.201783,CCCc1cc2c(C(F)(F)F)cc(=O)oc2c(CCC)c1OCCCCN1C(=O)CCC1=O,EC50,1,single-target,0,467.4840000000005,5.024800000000005,76.82,0,5,10,3,2,33,0.5416666666666666,1,0
CHEMBL3309944,1.5391592,15.690278,Cc1cc(=O)oc2cc(OCCCCCCCN3CCN(CC(=O)Nc4c5c(nc6ccccc46)CCCC5)CC3)ccc12,IC50,1,single-target,0,596.772,6.114020000000006,87.91,1,7,12,6,4,44,0.4722222222222222,2,0
CHEMBL122597,8.142538,-0.53845644,Cc1ccc(NCCNCc2ccc3ccc(=O)oc3c2)cc1Cl,Ki,1,single-target,0,342.82600000000014,3.956520000000002,54.27,2,4,6,3,3,24,0.2105263157894736,0,1
CHEMBL69085,10.671498,4.714216,O=c1oc2c(O)cccc2cc1-c1ccc2c(c1)OCO2,IC50,1,single-target,0,282.25100000000003,2.894300000000001,68.9,1,5,1,4,3,21,0.0625,0,1
CHEMBL567517,7.2718964,1.9347692,COc1c(OCC=C(C)C)ccc2ccc(=O)oc12,IC50,2,multi-target,0,260.289,3.146600000000001,48.67,0,4,4,2,2,19,0.2666666666666666,0,1
CHEMBL5997397,13.290374,2.3772156,CCCc1c(OC)ccc2cc(C(=O)Nc3cccnc3CC)c(=O)oc12,EC50,1,single-target,0,366.41700000000014,3.963800000000002,81.42999999999999,1,5,6,3,3,27,0.2857142857142857,0,1
CHEMBL569641,6.143938,8.0037985,O=c1oc2c3c(ccc2c(O)c1Cc1ccc2ccccc2c1)CCCC3,IC50,1,single-target,0,356.42100000000016,5.121400000000003,50.44,1,3,2,5,4,27,0.2083333333333333,1,0
CHEMBL3360631,4.003046,12.039957,O=C(Cn1ncc2c(=O)oc3ccccc3c21)Nc1ccc2ccccc2c1,IC50,1,single-target,0,369.38000000000005,3.9346000000000014,77.13,1,5,3,5,5,28,0.0454545454545454,0,1
CHEMBL3360626,4.00582,12.04097,O=C(Cn1ncc2c(=O)oc3ccccc3c21)Nc1ccc(C(F)(F)F)cc1,IC50,1,single-target,0,387.317,3.800200000000002,77.13,1,5,3,4,4,28,0.1052631578947368,0,1
CHEMBL1835823,9.229189,-0.77342147,COc1cc2oc(=O)ccc2cc1-c1ccc(N(C)C)cc1,IC50,1,single-target,0,295.338,3.534600000000002,42.68,0,4,3,3,3,22,0.1666666666666666,0,1
CHEMBL1978342,7.2544084,8.6306095,O=C(c1ccccc1)c1ccc(C(c2c(O)c3ccccc3oc2=O)c2c(O)c3ccccc3oc2=O)cc1,IC50,1,single-target,0,516.5050000000003,5.721800000000005,117.95,2,7,5,6,6,39,0.03125,2,0
CHEMBL91658,5.7869477,-8.844674,COc1ccc(CN2CCc3c(c(=O)oc4cc(OC)ccc34)C2)cc1,Ki,1,single-target,0,351.4020000000001,3.3685000000000027,51.91,0,5,4,4,3,26,0.2857142857142857,0,1
CHEMBL3403699,-5.5307236,12.190655,CCCc1cc2c(C(F)(F)F)cc(=O)oc2c(CCC)c1OCCCCN1C(=O)NC(C)(c2ccc(OC)cc2)C1=O,EC50,1,single-target,0,588.6230000000004,6.351600000000008,98.08,1,6,12,4,3,42,0.4516129032258064,2,0
CHEMBL3261213,12.587152,1.5787715,CCC(C)NC(=O)c1cc2cc([N+](=O)[O-])ccc2oc1=O,IC50,2,multi-target,0,290.27500000000003,2.2295,102.45,1,5,4,2,2,21,0.2857142857142857,0,1
CHEMBL3417304,0.78539073,15.497911,O=c1ccc2ccc(OCCCCCN3CCN(CCCNc4c5c(nc6ccccc46)CCCC5)CC3)cc2o1,IC50,4,multi-target,0,554.7350000000004,5.888900000000006,70.84,1,7,12,6,4,41,0.4705882352941176,2,0
CHEMBL3335050,1.199412,3.6442635,CN(CCCCOc1ccc2c3c(c(=O)oc2c1)CCCC3)Cc1ccccc1,IC50,2,multi-target,0,391.51100000000025,4.962800000000005,42.68,0,4,8,4,3,29,0.4,0,1
CHEMBL1451018,3.7465162,5.3712068,Cc1cc(OCC(=O)NCCc2ccc(S(N)(=O)=O)cc2)c2c(C)c(C)c(=O)oc2c1,IC50,1,single-target,0,444.5090000000002,2.10336,128.7,2,6,7,3,3,31,0.2727272727272727,0,1
CHEMBL3335031,1.2049675,3.6294692,CN(CCCOc1ccc2c3c(c(=O)oc2c1)CCCC3)Cc1ccccc1,IC50,2,multi-target,0,377.48400000000015,4.572700000000004,42.68,0,4,7,4,3,28,0.375,0,1
CHEMBL3335054,4.992981,-1.5128782,O=c1oc2cc(OCCCCN3CCN(Cc4ccccc4)CC3)ccc2c2c1CCCC2,IC50,2,multi-target,0,446.5910000000003,4.6486000000000045,45.92,0,5,8,5,3,33,0.4642857142857143,0,1
CHEMBL439811,2.0063825,3.20316,CC(=O)Nc1cccc(COc2ccc3c(C)c(C)c(=O)oc3c2)c1,IC50,3,multi-target,0,337.37500000000006,3.9472400000000025,68.53999999999999,1,4,4,3,3,25,0.2,0,1
CHEMBL2314431,13.658122,3.102033,COc1cc2cc(C(=O)N3CCN(Cc4ccccc4)CC3)c(=O)oc2cc1OC,IC50,1,single-target,0,408.4540000000002,2.768200000000001,72.22,0,6,5,4,3,30,0.3043478260869565,0,1
CHEMBL177241,3.2914472,8.928671,COc1ccc2c(N3CCOCC3)cc(=O)oc2c1,IC50,1,single-target,0,261.277,1.6382,51.91,0,5,2,3,2,19,0.3571428571428571,0,1
CHEMBL412610,-1.6028539,3.8796384,Cc1nn(-c2ccccc2)c2c1c(=O)oc1ccccc12,Ki,3,multi-target,0,276.295,3.4403200000000016,48.03,0,4,1,4,4,21,0.0588235294117647,0,1
CHEMBL1830811,12.670104,2.6888995,CCOC(=O)c1cc2cc(Cl)cc(Br)c2oc1=O,IC50,1,single-target,0,331.5490000000001,3.385600000000002,56.51,0,4,2,2,2,18,0.1666666666666666,0,1
CHEMBL591523,12.597579,1.8007057,CC(=O)c1cc2cc(Br)ccc2oc1=O,IC50,1,single-target,0,267.078,2.7581000000000016,47.28,0,3,1,2,2,15,0.0909090909090909,0,1
CHEMBL3402994,11.27628,14.362302,Cc1c(Cc2cccc(N)c2)c(=O)oc2cc(OC(=O)N(C)C)ccc12,IC50,1,single-target,0,352.39000000000004,3.3348200000000023,85.77,1,5,3,3,3,26,0.2,0,1
CHEMBL1830834,12.845153,1.4414521,O=C(NNc1ccc([N+](=O)[O-])cc1[N+](=O)[O-])c1cc2ccccc2oc1=O,IC50,2,multi-target,0,370.2770000000001,2.3663,157.62,2,8,5,3,3,27,0.0,0,1
CHEMBL583587,2.721128,1.3457325,NC(=O)Cc1cc(=O)oc2cc(OCc3cccc(F)c3)ccc12,IC50,2,multi-target,0,327.31100000000004,2.538900000000001,82.53000000000002,1,4,5,3,3,24,0.1111111111111111,0,1
CHEMBL3115513,11.856757,7.6899543,O=C(CSc1ncccn1)N1N=C(c2cc3ccccc3oc2=O)C[C@@H]1c1ccccc1C(F)(F)F,IC50,1,single-target,0,510.4970000000002,5.071800000000003,88.66,0,7,5,5,4,36,0.16,2,0
CHEMBL592758,4.5562534,3.44232,O=c1cc(CCc2ccccc2)c2ccc(O)cc2o1,IC50,1,single-target,0,266.29600000000005,3.283800000000002,50.44,1,3,3,3,3,20,0.1176470588235294,0,1
CHEMBL2441680,3.4364443,1.7609637,COc1ccc(C(F)(F)F)c[n+]1CCCOc1ccc2c(C)cc(=O)oc2c1,IC50,1,single-target,0,394.36900000000014,3.8854200000000025,52.55,0,4,6,3,3,28,0.3,0,1
CHEMBL70378,11.076541,5.028885,CC(=O)Oc1ccc2oc(=O)c(-c3ccc4c(c3)OCO4)cc2c1,IC50,1,single-target,0,324.28800000000007,3.1140000000000017,74.97,0,6,2,4,3,24,0.1111111111111111,0,1
CHEMBL1374545,2.5995378,1.7853559,CSc1ccc(CN(C)Cc2cc(=O)oc3c(C)c(C)ccc23)cc1,AC50,1,single-target,0,353.4870000000001,4.763740000000005,33.45,0,4,5,3,3,25,0.2857142857142857,0,1
CHEMBL2178449,2.4856055,6.299543,Cc1c(CCC(=O)O)c(=O)oc2c(C)c(OCc3ccc(-c4ccc(F)cc4F)cc3)ccc12,IC50,1,single-target,0,464.46400000000006,5.951240000000005,76.74,1,4,7,4,4,34,0.1851851851851851,1,0
CHEMBL2425830,-1.2993915,-5.688513,Cc1cccc(C[n+]2cccc(C3C(C#N)=C(N)Oc4c3c(=O)oc3ccccc43)c2)c1,IC50,2,multi-target,0,422.46400000000017,3.655400000000002,93.13,1,5,3,5,4,32,0.1153846153846153,0,1
CHEMBL194523,-2.5735059,8.069141,O=c1cc(NC2CCN(C/C=C/c3ccccc3)CC2)c2cc(Cl)ccc2o1,IC50,1,single-target,0,394.9020000000002,5.036100000000005,45.48,1,4,5,4,3,28,0.2608695652173913,1,0
CHEMBL598070,16.315628,-2.4136577,Cc1c(N2CCN(C)CC2)c(=O)oc2cc(O)cc(O)c12,IC50,1,single-target,0,290.319,1.26442,77.15,2,6,1,3,2,21,0.4,0,1
CHEMBL2387536,-1.0873314,5.9882097,COc1c(C)c(C)c2oc(=O)c(Cc3ccc(F)cc3)cc2c1C,Ki,3,multi-target,0,326.367,4.456760000000004,39.44,0,3,3,3,3,24,0.25,0,1
CHEMBL4173553,7.5964327,14.614113,CN(C)CCOc1ccc(Oc2c(-c3ccc(F)cc3)c(=O)oc3cc(O)ccc23)cc1,IC50,1,single-target,0,435.45100000000014,5.037400000000005,72.14,1,6,7,4,4,32,0.16,1,0
CHEMBL4744593,7.556725,0.64388096,C/C(=C\CCP(=O)(OCOC(=O)C(C)(C)C)Oc1ccc2ccc(=O)oc2c1)CO,EC50,1,single-target,0,438.4130000000002,4.257000000000004,112.27,1,8,9,2,2,30,0.4285714285714285,0,1
CHEMBL469340,-1.0677296,5.889588,COc1ccccc1Cc1cc2c(ccc3ccccc32)oc1=O,Ki,1,single-target,0,316.3560000000001,4.545600000000004,39.44,0,3,3,4,4,24,0.0952380952380952,0,1
CHEMBL3427399,6.1064715,11.509442,Cc1cc(OC(F)(F)F)ccc1-c1c(Cc2ccc(/C=C/C(=O)O)cc2)c2ccc(O)cc2oc1=O,IC50,1,single-target,0,496.4370000000002,6.061220000000005,96.97,2,5,6,4,4,36,0.1111111111111111,1,0
CHEMBL2206121,18.03034,3.3071547,COc1cccc2cc(C(=O)/C=C/c3cc[n+](Cc4cccc(Cl)c4Cl)cc3)c(=O)oc12,IC50,2,multi-target,0,467.3280000000002,5.340300000000003,60.39,0,4,6,4,4,32,0.08,1,0
CHEMBL3427414,6.2008433,11.629162,Cc1cc(F)ccc1-c1c(Oc2ccc(/C=C/C(=O)O)cc2)c2ccccc2oc1=O,IC50,1,single-target,0,416.4040000000001,5.797620000000005,76.74000000000001,1,4,5,4,4,31,0.04,1,0
CHEMBL4568307,4.1328363,11.035648,O=c1oc2ccccc2c2nn(CN3CCN(S(=O)(=O)c4ccc([N+](=O)[O-])cc4)CC3)cc12,IC50,4,multi-target,0,469.4790000000002,2.0149,131.79000000000002,0,9,5,5,4,33,0.238095238095238,0,1
CHEMBL3261200,12.788199,2.5070412,O=C(NCCCN1CCOCC1)c1cc2cc(Br)cc(Br)c2oc1=O,IC50,2,multi-target,0,474.1490000000001,2.770100000000001,71.78,1,5,5,3,2,25,0.4117647058823529,0,1
CHEMBL3235995,7.647395,1.9551876,CC1(C)C=Cc2c(c(O)cc3ccc(=O)oc23)O1,IC50,1,single-target,0,244.246,2.682800000000001,59.67,1,4,0,3,2,18,0.2142857142857142,0,1
CHEMBL6018174,13.290036,2.291869,CCCc1c(OC)ccc2cc(C(=O)Nc3ccc(NC(=O)[C@H](N)CCC(=O)O)cc3C)c(=O)oc12,EC50,1,single-target,0,495.5320000000003,3.4454200000000013,160.95999999999998,4,7,10,3,3,36,0.3076923076923077,0,1
CHEMBL1451176,2.3787038,6.7782264,Cc1c(C)c2ccc(Oc3ccc([N+](=O)[O-])cc3C(F)(F)F)c(C)c2oc1=O,AC50,3,multi-target,0,393.3170000000001,5.437560000000003,82.58000000000001,0,5,3,3,3,28,0.2105263157894736,1,0
CHEMBL3286727,5.567436,-0.6854212,O=C(CCCOc1ccc2ccc(=O)oc2c1)N1CCC(O)(c2ccc(Br)cc2)CC1,IC50,1,single-target,0,486.36200000000025,4.224700000000004,79.98,1,5,6,4,3,31,0.3333333333333333,0,1
CHEMBL3716221,5.4028697,6.2041583,Cc1c(Cc2ccc(Cl)c(Cl)c2)c(=O)oc2cc(O)ccc12,IC50,1,single-target,0,335.18600000000004,4.704620000000003,50.44,1,3,2,3,3,22,0.1176470588235294,0,1
CHEMBL1584449,3.4991527,5.1538115,Cc1cc(OC(=O)c2ccco2)c2c3c(c(=O)oc2c1)CCCC3,EC50,1,single-target,0,324.3320000000001,3.792420000000004,69.65,0,5,2,4,3,24,0.2631578947368421,0,1
CHEMBL2314725,13.232804,4.008629,COc1cc2cc(NC(=O)CCCN(C)Cc3ccccc3)c(=O)oc2cc1OC,IC50,1,single-target,0,410.47000000000014,3.6609000000000025,81.01,1,6,9,3,3,30,0.3043478260869565,0,1
CHEMBL233451,7.093226,8.314426,O=c1oc2ccccc2c(O)c1C1CC(c2ccc(-c3ccc(Br)cc3)cc2)Cc2ccccc21,IC50,1,single-target,0,523.4260000000002,7.790000000000007,50.44,1,3,3,6,5,35,0.1290322580645161,2,0
CHEMBL2115262,7.816996,8.280096,CO[C@]1(C)C[C@@H](c2ccccc2)c2c(c3ccccc3oc2=O)O1,Ki,1,single-target,0,322.3600000000001,4.070000000000004,48.67,0,4,2,4,3,24,0.25,0,1
CHEMBL161443,19.783424,8.465109,Cn1nc(S(N)(=O)=O)s/c1=N\Cc1cc(=O)oc2cc(Cl)ccc12,Ki,3,multi-target,0,386.84200000000016,0.9897000000000008,120.55,1,8,3,3,3,24,0.1538461538461538,0,1
CHEMBL1835820,9.466656,-1.1263433,CN(C)c1cc2oc(=O)ccc2cc1-c1cccc(C#N)c1,IC50,1,single-target,0,290.322,3.397680000000002,57.24,0,4,2,3,3,22,0.1111111111111111,0,1
CHEMBL4792125,13.882155,1.2419448,O=C(CS(=O)(=O)c1ccccc1)c1cc2cc(Br)ccc2oc1=O,Ki,2,multi-target,0,407.2410000000001,3.212100000000002,81.41999999999999,0,5,4,3,3,24,0.0588235294117647,0,1
CHEMBL492115,2.5975273,5.0955377,NC(=O)COc1ccc2c3c(c(=O)oc2c1)CCCCC3,EC50,1,single-target,0,287.31500000000005,1.926,82.53000000000002,1,4,3,3,2,21,0.375,0,1
CHEMBL4856029,12.310189,3.3276117,O=C(O)c1cc2c(oc1=O)c(Br)cc1cc(-c3nnn[nH]3)c(=O)oc12,IC50,1,single-target,0,405.1200000000001,1.5401999999999996,152.18,2,8,2,4,4,25,0.0,0,1
CHEMBL7187,14.387566,18.33826,CCCc1cc(=O)oc2c3c(c4c(c12)OC(C)(C)C=C4)O[C@@H](C)[C@H](C)[C@@H]3O,IC50,2,multi-target,0,370.4450000000001,4.380100000000005,68.9,1,5,2,4,2,27,0.5,0,1
CHEMBL3828293,0.3396576,3.5587554,CN(CCCCCOc1ccc2ccc(=O)oc2c1)Cc1cccc(OC(=O)NCCCCCc2ccccc2)c1,IC50,3,multi-target,0,556.7030000000004,6.975500000000007,81.00999999999999,1,6,16,4,4,41,0.3529411764705882,2,0
CHEMBL1970493,7.8214808,2.428353,CC1(C)Oc2ccc3ccc(=O)oc3c2C(/C=N/O)=C1Cl,IC50,3,multi-target,0,305.717,3.3739000000000017,72.03,1,5,1,3,2,21,0.2,0,1
CHEMBL1650701,12.15205,2.014011,COc1ccc(-c2ccc3cc(C(C)=O)c(=O)oc3c2)cc1,IC50,1,single-target,0,294.3059999999999,3.6712000000000025,56.510000000000005,0,4,3,3,3,22,0.1111111111111111,0,1
CHEMBL1507262,7.601879,0.50919425,C=C1CCC2C(C)(C)[C@@H](O)CC[C@@]2(C)[C@@H]1COc1ccc2ccc(=O)oc2c1,EC50,1,single-target,0,382.50000000000006,4.941400000000005,59.67,1,4,3,4,2,28,0.5416666666666666,0,1
CHEMBL2158362,5.662838,0.23772952,CC(Oc1cc(=O)oc2ccccc12)C(=O)N1CCOCC1,IC50,2,multi-target,0,303.31400000000014,1.4191,68.98,0,5,3,3,2,22,0.375,0,1
CHEMBL1082094,1.6336498,-5.455312,CCCCN(CCCC)CC1(COCC)COc2ccc3c(C)cc(=O)oc3c2C1=O,IC50,1,single-target,0,429.5570000000001,4.601620000000004,68.98,0,6,11,3,2,31,0.6,0,1
CHEMBL3335070,5.056198,-1.3643773,COc1cccc(CC2CCN(CCCCOc3ccc4c(c3)oc(=O)c3ccccc34)CC2)c1,IC50,1,single-target,0,471.5970000000002,6.0685000000000064,51.91,0,5,9,5,4,35,0.3666666666666666,1,0
CHEMBL145768,2.5109303,4.1787305,Cc1ccc(S(=O)(=O)Oc2ccc3c(C)c(C)c(=O)oc3c2)cc1,IC50,1,single-target,0,344.3880000000001,3.485960000000002,73.58000000000001,0,5,3,3,3,24,0.1666666666666666,0,1
CHEMBL2112310,1.0184706,-3.2318218,CC[C@@H]1CNc2cc3oc(=O)cc(C(F)(F)F)c3cc2[C@H]1CC,IC50,4,multi-target,0,325.33000000000004,4.757100000000003,42.24,1,3,2,3,2,23,0.4705882352941176,0,1
CHEMBL3819594,10.609296,4.771735,O=c1oc2c(O)c(O)ccc2cc1-c1cccs1,Ki,3,multi-target,0,260.27,2.9327000000000005,70.67,2,5,1,3,3,18,0.0,0,1
CHEMBL459523,5.6761293,4.254893,Cc1cc(=O)oc2c(C)c(O)ccc12,IC50,1,single-target,0,190.198,2.1154399999999995,50.44,1,3,0,2,2,14,0.1818181818181818,0,1
CHEMBL3818426,10.550986,4.6799216,O=c1oc2c(O)cccc2cc1-c1cc(Br)cs1,Ki,1,single-target,0,323.167,3.989600000000001,50.44,1,4,1,3,3,18,0.0,0,1
CHEMBL4214449,12.4901085,1.6258891,CC(C)(Oc1ccc(C(=O)c2cc3ccccc3oc2=O)cc1)C(=O)O,EC50,2,multi-target,0,352.3420000000001,3.266000000000001,93.81,1,5,5,3,3,26,0.15,0,1
CHEMBL1603147,20.175957,2.231384,COc1ccc(C(CC(=O)N2CCCC(C)C2)c2c(OC)cc(OC)c3c(-c4ccccc4)cc(=O)oc23)cc1,IC50,4,multi-target,0,541.6440000000002,6.266300000000006,78.21,0,6,8,5,4,40,0.3333333333333333,2,0
CHEMBL2177263,-1.7944167,5.730253,CCCCCCC(C)(C)c1cc(OC)c2cc(Cc3ccccc3)c(=O)oc2c1,Ki,3,multi-target,0,392.5390000000001,6.640400000000007,39.44,0,3,9,3,3,29,0.4230769230769231,1,0
CHEMBL51628,8.223929,0.95251864,O=c1ccc2ccc(O)cc2o1,Ki,8,multi-target,1,162.14399999999998,1.4986,50.44,1,3,0,2,2,12,0.0,0,1
CHEMBL2177260,-1.5590247,5.8352184,CCCCCc1cc(O)c2cc(Cc3ccccc3Cl)c(=O)oc2c1,Ki,2,multi-target,0,356.84900000000005,5.475500000000005,50.44,1,3,6,3,3,25,0.2857142857142857,1,0
CHEMBL390152,7.5854244,-0.47587764,O=c1ccc2ccc(OCCn3ccnc3)cc2o1,IC50,1,single-target,0,256.261,2.0685,57.260000000000005,0,5,4,3,3,19,0.1428571428571428,0,1
CHEMBL3335024,1.2971092,4.4382157,CCN(C)C(=O)Oc1cc(C(C)N(C)C)c2c(c1)oc(=O)c1ccccc12,IC50,1,single-target,0,368.4330000000001,4.019300000000003,62.99,0,5,4,3,3,27,0.3333333333333333,0,1
CHEMBL3763819,6.0400987,-1.1944264,O=c1ccc2ccc(OCCCNC3CCN(Cc4ccccc4)CC3)cc2o1,IC50,3,multi-target,0,392.49900000000014,3.816100000000003,54.71,1,5,8,4,3,29,0.375,0,1
CHEMBL3765293,5.992033,-1.2870247,O=c1cc(Cl)c2ccc(OCCNC3CCN(Cc4ccccc4)CC3)cc2o1,IC50,5,multi-target,1,412.9170000000002,4.079400000000003,54.71,1,5,7,4,3,29,0.3478260869565217,0,1
CHEMBL3326710,-3.3618875,0.29273003,O=C(NCCCCCCCNc1c2c(nc3ccccc13)CCCC2)c1cc2ccccc2oc1=O,Ki,2,multi-target,0,483.6120000000004,6.012400000000006,84.22999999999999,2,5,10,5,4,36,0.3666666666666666,1,0
CHEMBL101286,-1.6152003,3.8728395,COc1ccc(-n2nc(C)c3c(=O)oc4ccccc4c32)cc1,Ki,1,single-target,0,306.321,3.448920000000002,57.260000000000005,0,5,2,4,4,23,0.1111111111111111,0,1
CHEMBL239046,12.965384,4.715682,CCN(Cc1ccccc1)Cc1ccc(-c2cc3cc(OCCNC(=O)/C=C/c4cc(F)cc(F)c4)ccc3oc2=O)cc1,IC50,2,multi-target,0,594.6580000000002,6.968700000000007,71.78,1,5,12,5,5,44,0.1666666666666666,2,0
CHEMBL1319229,2.6089,6.6456785,CCc1c(C)c2ccc(OCC(=O)OC(C)C)c(C)c2oc1=O,IC50,1,single-target,0,318.369,3.302640000000002,65.74000000000001,0,5,5,2,2,23,0.4444444444444444,0,1
CHEMBL592042,5.2576456,6.1039,Cc1c(Cc2ccccc2)c(=O)oc2cc(O)ccc12,AC50,2,multi-target,0,266.296,3.397820000000002,50.44,1,3,2,3,3,20,0.1176470588235294,0,1
CHEMBL3326711,14.767447,13.446529,COc1ccc2cc(C(=O)NCCCCCCCNc3c4c(nc5ccccc35)CCCC4)c(=O)oc2c1,Ki,2,multi-target,0,513.6380000000004,6.021000000000006,93.46,2,6,11,5,4,38,0.3870967741935484,2,0
CHEMBL2334357,10.425668,9.958396,COc1ccc(-c2c3n(c4c(=O)oc5cc(OC)c(O)cc5c24)CCc2cc(OS(=O)(=O)O)c(OC)cc2-3)cc1O,Ki,5,multi-target,1,581.5550000000003,4.256400000000004,166.89,3,11,6,6,5,41,0.1785714285714285,2,0
CHEMBL3322162,-3.413178,0.075918995,O=C(Cc1cc(=O)oc2cc(O)ccc12)N/N=C1\SCC(=O)N1c1c2c(nc3ccccc13)CCCC2,IC50,2,multi-target,0,514.5630000000003,3.635300000000002,125.1,2,8,4,6,4,37,0.2222222222222222,1,0
CHEMBL3326704,-3.3616138,0.29313678,O=C(NCCCCCCNc1c2c(nc3ccccc13)CCCC2)c1cc2ccccc2oc1=O,Ki,3,multi-target,0,469.5850000000004,5.622300000000005,84.22999999999999,2,5,9,5,4,35,0.3448275862068966,1,0
CHEMBL3747774,-6.6516905,8.515428,Cc1cc(=O)oc2c1ccc1oc(=N)c(C(=O)NCc3cccc(Cl)c3)cc12,IC50,1,single-target,0,394.81400000000014,3.910490000000002,96.3,2,5,3,4,4,28,0.0952380952380952,0,1
CHEMBL3586586,8.887507,0.41452533,CN(Cc1ccccc1)Cc1cccc(COc2ccc3ccc(=O)oc3c2)c1,IC50,3,multi-target,0,385.4630000000001,5.004000000000005,42.68,0,4,7,4,4,29,0.16,1,0
CHEMBL3417293,0.8276126,15.53367,O=c1oc2cc(OCCN3CCN(CCCNc4c5c(nc6ccccc46)CCCC5)CC3)ccc2c2c1CCCC2,IC50,4,multi-target,0,566.7460000000001,5.597400000000006,70.84,1,7,9,7,4,42,0.4857142857142857,2,0
CHEMBL365927,3.6032474,3.475346,CC(=O)NCCCC[C@H](NC(=O)OCc1ccccc1)C(=O)Nc1ccc2c(C)cc(=O)oc2c1,IC50,4,multi-target,0,479.5330000000002,3.641320000000001,126.74,3,6,10,3,3,35,0.3076923076923077,0,1
CHEMBL141680,5.7810936,3.0032287,COCc1cc(=O)oc2cc3occ(C)c3cc12,Kd,3,multi-target,0,244.246,2.9940200000000017,52.58,0,4,2,3,3,18,0.2142857142857142,0,1
CHEMBL1419155,2.6179433,4.1376457,COc1ccc(NS(=O)(=O)c2ccc3oc(=O)c4[nH]c(=O)c(=O)n(C)c4c3c2)cc1,AC50,1,single-target,0,429.41000000000014,1.1425999999999996,140.46999999999997,2,8,4,4,4,30,0.1052631578947368,0,1
CHEMBL1098541,-1.3740675,19.041117,COc1ccc2c(Nc3c(Cl)cncc3Cl)cc(=O)oc2c1OCCCCC(=O)O,IC50,1,single-target,0,453.2780000000004,4.880700000000002,110.89,2,7,9,3,3,30,0.25,0,1
CHEMBL195020,7.768597,2.3423476,CN1COc2ccc3ccc(=O)oc3c2C1,IC50,1,single-target,0,217.22399999999996,1.5747,42.68,0,4,0,3,2,16,0.25,0,1
CHEMBL11185,3.1566627,3.894285,Cc1cc(=O)oc2cc(OS(N)(=O)=O)ccc12,IC50,2,multi-target,0,255.251,0.68372,99.6,1,5,2,2,2,17,0.1,0,1
CHEMBL1630102,11.729848,-0.73601496,Cc1ccc2oc(=O)c(CC(Cc3cccc(OCCN4CCCCC4)c3)C(=O)NO)cc2c1,IC50,1,single-target,0,464.5620000000003,3.8729200000000015,92.01,2,6,9,4,3,34,0.4074074074074074,0,1
CHEMBL1581298,-1.4411061,3.9702578,CC(C)Cn1cnc2c(=O)oc3ccccc3c21,IC50,1,single-target,0,242.278,2.798700000000001,48.03,0,4,2,3,3,18,0.2857142857142857,0,1
CHEMBL32953,5.278616,-1.6717145,CN1CCN(CCCOc2ccc3c(O)c([N+](=O)[O-])c(=O)oc3c2)CC1,Kd,1,single-target,0,363.3700000000002,1.4230999999999996,109.29,1,8,6,3,2,26,0.4705882352941176,0,1
CHEMBL197251,11.542615,3.995423,O=c1oc2cc(O)c(O)cc2cc1O,IC50,1,single-target,0,194.142,0.9098,90.9,3,5,0,2,2,14,0.0,0,1
CHEMBL3235990,7.535342,1.6544136,COc1cc2oc(=O)ccc2c(OC)c1C[C@H](OC(=O)[C@]1(O)C[C@@H](O)[C@@H](O)[C@H](OC(=O)/C=C/c2ccc(O)c(O)c2)C1)C(C)(C)O,IC50,1,single-target,0,644.6260000000002,1.318499999999999,222.64999999999995,6,14,10,4,3,46,0.40625,3,0
CHEMBL4472789,6.965602,-3.3541927,Cc1c(C)c2ccc(OCC3CCN(Cc4ccccc4)CC3)cc2oc1=O,IC50,4,multi-target,0,377.48400000000015,4.700840000000005,42.68,0,4,5,4,3,28,0.375,0,1
CHEMBL1602356,20.156372,2.1972213,COc1cc(OC)c2ccc(=O)oc2c1C(CC(=O)N1CCCC(C)C1)c1ccc2c(c1)OCO2,IC50,1,single-target,0,479.52900000000034,4.319400000000004,87.44000000000001,0,7,6,5,3,35,0.4074074074074074,0,1
CHEMBL1505071,4.4159937,2.3580985,O=C(Oc1cc2oc(=O)cc(-c3ccccc3)c2cc1Cl)C1CCCCC1,AC50,5,multi-target,1,382.8430000000002,5.599100000000004,56.51,0,4,3,4,3,27,0.2727272727272727,1,0
CHEMBL461307,3.1927173,9.035122,Cc1ccc(C(=O)N2CCN(c3cc(=O)oc4ccc(C)cc34)CC2)cc1,IC50,1,single-target,0,362.42900000000014,3.3722400000000023,53.760000000000005,0,4,2,4,3,27,0.2727272727272727,0,1
CHEMBL461382,3.1936023,9.040499,Cc1ccc2oc(=O)cc(N3CCN(C(=O)c4ccccc4)CC3)c2c1,IC50,1,single-target,0,348.4020000000001,3.063820000000001,53.760000000000005,0,4,2,4,3,26,0.238095238095238,0,1
CHEMBL91766,6.4187875,8.521656,O=C(CCc1c(O)c2ccccc2oc1=O)c1ccccc1,IC50,1,single-target,0,294.306,3.3141000000000016,67.50999999999999,1,4,4,3,3,22,0.1111111111111111,0,1
CHEMBL1532491,7.103308,8.277662,O=c1oc2ccccc2c(O)c1[C@H]1c2ccc(O)cc2Oc2c1c(=O)oc1ccccc21,IC50,1,single-target,0,426.3800000000002,4.596500000000002,110.11,2,7,1,6,5,32,0.04,0,1
CHEMBL1934673,6.5482364,7.7723436,COc1ccc(-c2c(O)c3cc(C)ccc3oc2=O)cc1,IC50,1,single-target,0,282.295,3.4826200000000025,59.67,1,4,2,3,3,21,0.1176470588235294,0,1
CHEMBL1407021,4.1933956,5.364968,Cc1c(C)c2ccc(OCC(=O)Nc3ccc(S(N)(=O)=O)cc3)c(C)c2oc1=O,IC50,3,multi-target,0,416.4550000000002,2.38316,128.7,2,6,5,3,3,29,0.2,0,1
CHEMBL278471,7.4652653,-0.93953013,O=c1ccc2cc(N3CCN(CCCCc4c[nH]c5ccc(F)cc45)CC3)ccc2o1,IC50,2,multi-target,0,419.50000000000017,4.5583000000000045,52.48,1,4,6,5,4,31,0.32,0,1
CHEMBL519241,6.073952,5.021469,COc1c(O)ccc2c3c(c(=O)oc12)CCC3,IC50,1,single-target,0,232.2349999999999,1.9959,59.67,1,4,1,3,2,17,0.3076923076923077,0,1
CHEMBL1406911,13.021281,5.994668,COc1ccc2oc(=O)c(-c3csc(Nc4cccc(O)c4)n3)cc2c1,AC50,3,multi-target,0,366.3980000000001,4.3743000000000025,84.59,2,7,4,4,4,26,0.0526315789473684,0,1
CHEMBL258733,7.3220234,8.59937,O=c1oc2ccccc2c(O)c1C(c1c(O)c2ccccc2oc1=O)c1c[nH]c2ccccc12,IC50,1,single-target,0,451.43400000000014,4.972100000000003,116.67,3,6,3,6,6,34,0.037037037037037,0,1
CHEMBL416175,2.4624324,4.225709,Cc1c(C)c2ccc(OS(=O)(=O)c3ccc(C#N)cc3)cc2oc1=O,IC50,1,single-target,0,355.37100000000004,3.049220000000002,97.37,0,6,3,3,3,25,0.1111111111111111,0,1
CHEMBL1688897,8.810647,11.053153,O=c1cc(Cn2ccnc2)c2ccc(OCc3ccc(Cl)cc3)cc2o1,IC50,3,multi-target,0,366.804,4.270200000000003,57.260000000000005,0,5,5,4,4,26,0.1,0,1
CHEMBL2408088,24.32098,4.4307194,Cc1ccc2oc(=O)c(/C=N/c3ccc(S(=O)(=O)NC(=N)N)cc3)c(Cl)c2c1,IC50,2,multi-target,0,418.86200000000014,2.6771900000000004,138.61,3,6,4,3,3,28,0.0555555555555555,0,1
CHEMBL1258414,4.386655,2.945748,COc1ccc2c(/C=C/C(=O)c3ccc(OC)c(OC)c3)cc(=O)oc2c1,IC50,2,multi-target,0,366.3690000000001,3.714900000000002,74.97,0,6,6,3,3,27,0.1428571428571428,0,1
CHEMBL1440892,5.7298884,3.6821551,COc1ccc(-c2cc(=O)oc3c(C)c(O)c(CN(C)C)cc23)cc1,IC50,3,multi-target,0,339.391,3.544220000000002,62.91,1,5,4,3,3,25,0.25,0,1
CHEMBL444181,12.725032,0.9807055,Cc1ccc2oc(=O)c(C(=O)Nc3cnc4ccccc4c3)cc2c1,IC50,1,single-target,0,330.3430000000001,3.9019200000000014,72.2,1,4,2,4,4,25,0.05,0,1
CHEMBL4647022,5.653313,3.8062735,O=c1cc(-c2ccc(O)cc2)c2ccc(O)c(O)c2o1,IC50,1,single-target,0,270.24,2.5768000000000004,90.9,3,5,1,3,3,20,0.0,0,1
CHEMBL4635225,5.3601394,3.1554766,COc1ccc(-c2cc(=O)oc3cc(O)cc(O)c23)cc1OC,IC50,1,single-target,0,314.29300000000006,2.8884000000000016,89.13000000000001,2,6,3,3,3,23,0.1176470588235294,0,1
CHEMBL1688896,8.869851,11.115826,O=c1cc(Cn2ccnc2)c2ccc(OCc3ccc(F)cc3)cc2o1,IC50,1,single-target,0,350.34900000000005,3.755900000000002,57.260000000000005,0,5,5,4,4,26,0.1,0,1
CHEMBL2387248,4.4217615,-1.3925014,Cc1cc(=O)oc2cc(OCCCCN3CCN(c4ccccn4)CC3)ccc12,Ki,3,multi-target,0,393.4870000000001,3.4776200000000026,58.81,0,6,7,4,3,29,0.391304347826087,0,1
CHEMBL470016,-1.1113467,5.855096,COc1ccc(Cc2cc3c(OC)cc(C)cc3oc2=O)c(OC)c1,Ki,2,multi-target,0,340.3750000000001,3.7180200000000023,57.900000000000006,0,5,5,3,3,25,0.25,0,1
CHEMBL4562582,2.412343,6.8611555,Cc1c(CC(=O)O)c(=O)oc2c(C)c(OCc3cc(C(F)(F)F)ccc3F)ccc12,IC50,1,single-target,0,424.346,4.773840000000003,76.74,1,4,5,3,3,30,0.238095238095238,0,1
CHEMBL4556219,2.3645194,6.9286046,Cc1c(CC(=O)O)c(=O)oc2c(C)c(OCc3cccc(Cl)c3)ccc12,IC50,1,single-target,0,372.804,4.269340000000003,76.74,1,4,5,3,3,26,0.2,0,1
CHEMBL507574,3.2253728,9.009306,COc1ccc(N2CCN(c3cc(=O)oc4ccc(C)cc34)CC2)cc1,IC50,1,single-target,0,350.4180000000002,3.4366200000000022,45.92,0,5,3,4,3,26,0.2857142857142857,0,1
CHEMBL3824071,23.625746,3.191274,CCOc1ccc(-c2cc(C(=O)N/N=C/c3c(Cl)c4ccccc4oc3=O)nn2-c2ccc(S(N)(=O)=O)cc2)cc1,IC50,2,multi-target,0,592.0330000000002,4.1091000000000015,158.88,2,9,8,5,5,41,0.0714285714285714,1,0
CHEMBL4558377,3.5243373,8.744562,COc1ccccc1N1CCN(c2cc(=O)oc3c2ccc2ccccc23)CC1,IC50,1,single-target,0,386.45100000000014,4.281400000000003,45.92,0,5,3,5,4,29,0.2083333333333333,0,1
CHEMBL3190775,7.792189,2.435533,CC1(C)Oc2ccc3ccc(=O)oc3c2C(/C=N/NC(N)=S)=C1O,EC50,1,single-target,0,345.38000000000005,2.0521,110.08,3,6,2,3,2,24,0.1875,0,1
CHEMBL4847100,12.132016,2.8813624,COc1cccc(-c2c3oc(=O)c(C(=O)O)cc3cc3cc(C(=O)O)c(=O)oc23)c1,IC50,1,single-target,0,408.31800000000015,2.9714,144.25,2,7,4,4,4,30,0.0476190476190476,0,1
CHEMBL4861414,11.982572,2.938504,O=C(O)c1cc2c(oc1=O)c(-c1ccccc1F)cc1cc(C(=O)O)c(=O)oc12,IC50,1,single-target,0,396.28200000000015,3.101900000000001,135.01999999999998,2,6,3,4,4,29,0.0,0,1
CHEMBL1390568,20.177015,2.2213356,COc1ccc(C(CC(=O)N2CCOCC2)c2c(OC)cc(OC)c3c(-c4ccccc4)cc(=O)oc23)cc1,IC50,3,multi-target,0,529.5890000000003,4.8666000000000045,87.44000000000001,0,7,8,5,4,39,0.2903225806451613,1,0
CHEMBL1582229,6.5449944,4.57489,O=c1oc2c(CN3CCN(CCO)CC3)c(O)ccc2cc1-c1ccccn1,AC50,1,single-target,0,381.4320000000001,1.6704999999999994,90.04,2,7,5,4,3,28,0.3333333333333333,0,1
CHEMBL3120695,3.5979786,-1.7406701,O=c1oc2cc(OCCCCCN3CCC(c4noc5cc(F)ccc45)CC3)ccc2c2c1CCC2,Ki,3,multi-target,0,490.57500000000033,5.990700000000007,68.71000000000001,0,6,8,6,4,36,0.4482758620689655,1,0
CHEMBL3093991,3.0121698,1.1193782,COc1cc(=O)oc2cc(OCc3cccc(F)c3)ccc12,IC50,1,single-target,0,300.285,3.519700000000002,48.67,0,4,4,3,3,22,0.1176470588235294,0,1
CHEMBL4847976,-2.643893,5.3143253,CCCCC1(c2cc(O)c3cc(CCC)c(=O)oc3c2)CCCCC1,Ki,2,multi-target,0,342.47900000000016,5.843200000000005,50.44,1,3,6,3,2,25,0.5909090909090909,1,0
CHEMBL4850004,-2.6376636,5.3185916,CCCCC1(c2cc(O)c3cc(CC)c(=O)oc3c2)CCCC1,Ki,1,single-target,0,314.4250000000001,5.063000000000004,50.44,1,3,5,3,2,23,0.55,1,0
CHEMBL573755,2.745682,1.3903966,CN(C)C(=O)Cc1cc(=O)oc2cc(OCc3ccccc3)ccc12,IC50,2,multi-target,0,337.375,3.0027000000000017,59.75,0,4,5,3,3,25,0.2,0,1
CHEMBL1398194,20.188185,2.2323182,COc1cc(C(CC(=O)N2CCCC2)c2c(OC)cc(OC)c3c(-c4ccccc4)cc(=O)oc23)cc(OC)c1OC,IC50,2,multi-target,0,573.6420000000002,5.647400000000006,96.67,0,8,10,5,4,42,0.3333333333333333,2,0
CHEMBL575934,2.7492435,0.9562455,Cc1cc(=O)oc2cc(OCc3cccc(Cl)c3)ccc12,IC50,2,multi-target,0,300.741,4.333820000000003,39.44,0,3,3,3,3,21,0.1176470588235294,0,1
CHEMBL4873678,5.80665,20.596807,CC(C)CCc1cccc(C(=O)Nc2c(O)c3ccc(-c4ccc(C(=O)O)cc4)cc3oc2=O)c1,Ki,2,multi-target,0,471.5090000000002,5.704700000000006,116.84,3,5,7,4,4,35,0.1785714285714285,1,0
CHEMBL1530370,-1.5302211,3.9362838,Cn1c(C(F)(F)F)nc2c(=O)oc3ccccc3c21,AC50,1,single-target,0,268.1940000000001,2.698500000000001,48.03,0,4,0,3,3,19,0.1666666666666666,0,1
CHEMBL4519129,2.518613,-9.590885,O=C1N/C(=N\c2ccc3oc(=O)ccc3c2)S/C1=C/c1ccc(Br)cc1,IC50,1,single-target,0,427.27900000000005,4.4471000000000025,71.67,1,5,2,4,3,26,0.0,0,1
CHEMBL3759178,5.388581,3.856726,Cc1ccc2c(CCl)cc(=O)oc2c1C,IC50,1,single-target,0,222.671,3.148640000000002,30.21,0,2,1,2,2,15,0.25,0,1
CHEMBL1349786,13.3483095,1.512179,Cc1ccc(CN(C(=O)c2cc3ccccc3oc2=O)C2CCS(=O)(=O)C2)cc1,AC50,4,multi-target,0,411.4790000000002,2.9309200000000013,84.66,0,5,4,4,3,29,0.2727272727272727,0,1
CHEMBL1688906,8.704662,10.941444,O=c1cc(Cn2ccnc2)c2ccc(Oc3ccc(Cl)cc3)cc2o1,IC50,1,single-target,0,352.7770000000001,4.483500000000003,57.260000000000005,0,5,4,4,4,25,0.0526315789473684,0,1
CHEMBL75121,12.773753,4.5066514,COc1cc2cc(-c3ccc(CN(C)Cc4ccccc4)cc3)c(=O)oc2cc1OC,IC50,4,multi-target,0,415.48900000000015,5.109200000000005,51.91,0,5,7,4,4,31,0.1923076923076923,1,0
CHEMBL470221,13.145313,1.161442,O=C(Nc1ccc(F)cc1)c1cc2ccccc2oc1=O,IC50,2,multi-target,0,283.25800000000004,3.184400000000002,59.31,1,3,2,3,3,21,0.0,0,1
CHEMBL4862930,-1.4512691,5.961367,CCCCCc1cc(OC)c2cc(Cc3ccccn3)c(=O)oc2c1,Ki,2,multi-target,0,337.4190000000001,4.520100000000004,52.33,0,4,7,3,3,25,0.3333333333333333,0,1
CHEMBL4877653,-1.4541553,5.9698915,CCCCCc1cc(OC)c2cc(Cc3cccnc3)c(=O)oc2c1,Ki,2,multi-target,0,337.4190000000001,4.520100000000004,52.33,0,4,7,3,3,25,0.3333333333333333,0,1
CHEMBL1598157,6.396392,4.4718423,Cc1cc(=O)oc2c(CN3CCN(CCO)CC3)c(O)ccc12,AC50,1,single-target,0,318.373,0.9169199999999996,77.15,2,6,4,3,2,23,0.4705882352941176,0,1
CHEMBL1370790,4.445533,3.2620387,O=C(Cc1cc(=O)oc2cc(O)ccc12)NCC1CCC(C(=O)O)CC1,IC50,1,single-target,0,359.3780000000002,2.0483,116.84000000000002,3,5,5,3,2,26,0.4210526315789473,0,1
CHEMBL5419378,11.689821,7.8760786,Cc1nc(N2N=C(c3cc4ccccc4oc3=O)CC2c2ccc(N(C)C)cc2)sc1/N=N/c1ccc(Cl)cc1,IC50,1,single-target,0,569.0900000000003,8.048420000000005,86.66000000000001,0,9,6,6,5,40,0.1666666666666666,2,0
CHEMBL397932,6.397354,8.439937,CC(C)=CCc1c(O)c2ccccc2oc1=O,IC50,1,single-target,0,230.263,3.0073000000000008,50.440000000000005,1,3,2,2,2,17,0.2142857142857142,0,1
CHEMBL4798301,13.80075,1.2925854,Cc1ccc(S(=O)(=O)CC(=O)c2cc3ccccc3oc2=O)cc1,Ki,2,multi-target,0,342.37200000000007,2.758020000000001,81.41999999999999,0,5,4,3,3,24,0.1111111111111111,0,1
CHEMBL201199,6.569756,2.3528123,COc1c(OC2CCCCC2=O)ccc2c(C)cc(=O)oc12,IC50,1,single-target,0,302.3260000000001,3.0005200000000016,65.74000000000001,0,5,3,3,2,22,0.4117647058823529,0,1
CHEMBL5771030,5.8251586,2.9988308,Cc1coc2cc3oc(=O)cc(-c4ccccc4Cl)c3cc12,IC50,1,single-target,0,310.73600000000005,5.168020000000002,43.35,0,3,1,4,4,22,0.0555555555555555,1,0
CHEMBL337029,-0.0016130346,10.800747,C[C@H]1[C@H](O)c2c(c3c(c4c(-c5ccccc5)cc(=O)oc24)OC(C)(C)C=C3)O[C@@H]1C,IC50,1,single-target,0,404.4620000000002,5.094600000000006,68.9,1,5,1,5,3,30,0.32,1,0
CHEMBL377318,2.07672,3.5775988,Cc1c(C)c2ccc(OC/C=C/c3ccccc3)cc2oc1=O,IC50,1,single-target,0,306.3610000000001,4.5020400000000045,39.44,0,3,4,3,3,23,0.15,0,1
CHEMBL571058,6.206833,7.9376583,Cc1cc2oc(=O)c(Cc3c(O)c4cc(C)c(C)cc4oc3=O)c(O)c2cc1C,IC50,1,single-target,0,392.40700000000015,4.135080000000003,100.88,2,6,2,4,4,29,0.217391304347826,0,1
CHEMBL3822695,23.638683,3.2057111,NS(=O)(=O)c1ccc(-n2nc(C(=O)N/N=C/c3c(Cl)c4ccccc4oc3=O)cc2-c2cccc(F)c2)cc1,IC50,2,multi-target,0,565.9700000000003,3.8495000000000026,149.65,2,8,6,5,5,39,0.0,1,0
CHEMBL3335028,5.0349708,-1.4234059,COc1cccc(CC2CCN(CCOc3ccc4c5c(c(=O)oc4c3)CCCC5)CC2)c1,IC50,1,single-target,0,447.5750000000004,5.013900000000005,51.91,0,5,7,5,3,33,0.4642857142857143,1,0
CHEMBL3335060,5.124006,-1.4000936,O=c1oc2cc(OCCN3CCN(Cc4ccccc4)CC3)ccc2c2ccccc12,IC50,2,multi-target,0,414.50500000000017,4.142800000000004,45.92,0,5,6,5,4,31,0.2692307692307692,0,1
CHEMBL3335055,5.0106425,-1.4755383,COc1cccc(CN2CCN(CCCCOc3ccc4c5c(c(=O)oc4c3)CCCC5)CC2)c1,IC50,2,multi-target,0,476.6170000000004,4.657200000000005,55.150000000000006,0,6,9,5,3,35,0.4827586206896552,0,1
CHEMBL430228,7.2752314,8.605556,Nc1cccc(C(c2c(O)c3ccccc3oc2=O)c2c(O)c3ccccc3oc2=O)c1,IC50,1,single-target,0,427.4120000000002,4.073000000000002,126.9,3,7,3,5,5,32,0.04,0,1
CHEMBL212555,13.424694,1.9013168,COc1ccc2cc(C(=O)NCCCCNC(=O)c3cc4ccc(OC)cc4oc3=O)c(=O)oc2c1,Ki,2,multi-target,0,492.48400000000026,2.856600000000001,137.07999999999998,2,8,9,4,4,36,0.2307692307692307,0,1
CHEMBL274030,2.1429048,3.1289008,Cc1c(C)c2ccc(OCc3ccc(Cl)cc3)cc2oc1=O,IC50,5,multi-target,1,314.7680000000001,4.642240000000004,39.44,0,3,3,3,3,22,0.1666666666666666,0,1
CHEMBL4162191,7.6189976,14.63277,O=c1oc2cc(O)ccc2c(Oc2ccc(OCCN3CCCCC3)cc2)c1-c1ccc(O)cc1,IC50,1,single-target,0,473.5250000000003,5.528200000000005,92.37,2,7,7,5,4,35,0.25,1,0
CHEMBL259025,8.181736,0.85177463,O=c1ccc2ccc(Oc3cc4ccc(O)cc4oc3=O)cc2o1,IC50,2,multi-target,0,322.2720000000001,3.3973000000000013,89.88000000000001,1,6,2,4,4,24,0.0,0,1
CHEMBL1440032,13.659714,2.905749,O=C(CN1CCN(Cc2ccccc2)CC1)N1CCCc2c1c(=O)oc1ccc(O)cc21,AC50,5,multi-target,1,433.50800000000027,2.595600000000001,77.23,1,6,4,5,3,32,0.36,0,1
CHEMBL1587369,6.348115,4.5143003,CCCc1cc(=O)oc2c(CN3CCOCC3)c(O)ccc12,AC50,3,multi-target,0,303.35799999999995,2.283300000000001,62.91000000000001,1,5,4,3,2,22,0.4705882352941176,0,1
CHEMBL1835225,11.411338,4.8568964,Cc1ccc(-c2cc3cc(O)ccc3oc2=O)cc1,IC50,2,multi-target,0,252.269,3.474020000000002,50.440000000000005,1,3,1,3,3,19,0.0625,0,1
CHEMBL3335062,1.3675162,3.5540423,CN(CCCOc1ccc2c(c1)oc(=O)c1ccccc12)Cc1ccccc1,IC50,2,multi-target,0,373.4520000000001,4.847100000000005,42.68,0,4,7,4,4,28,0.2083333333333333,0,1
CHEMBL2349222,2.9400094,-7.0005045,Cc1cn([C@H]2C[C@H](n3cc(CNCC(=O)N(Cc4ccccc4)Cc4cc5ccccc5oc4=O)nn3)[C@@H](CO)O2)c(=O)[nH]c1=O,IC50,2,multi-target,0,627.6580000000002,1.38262,177.57999999999998,3,12,11,6,5,46,0.3125,2,0
CHEMBL244619,12.675016,4.5592356,CN(Cc1ccccc1)Cc1ccc(-c2cc3cc([N+](=O)[O-])ccc3oc2=O)cc1,IC50,1,single-target,0,400.4340000000001,5.000200000000005,76.59,0,5,6,4,4,30,0.125,1,0
CHEMBL109085,2.008353,3.1971538,Cc1cccc(COc2ccc3c(C)c(C)c(=O)oc3c2)c1,IC50,4,multi-target,0,294.35,4.297260000000004,39.44,0,3,3,3,3,22,0.2105263157894736,0,1
CHEMBL1320460,6.508524,4.6886096,CCCCc1cc(=O)oc2c(CN(C)C)c(O)c(Cl)cc12,IC50,1,single-target,0,309.79299999999995,3.5562000000000022,53.68000000000001,1,4,5,2,2,21,0.4375,0,1
CHEMBL243130,12.775237,4.5032463,COc1cc2cc(-c3ccc(CN(C)Cc4ccccc4C)cc3)c(=O)oc2cc1OC,IC50,1,single-target,0,429.5160000000002,5.417620000000006,51.91,0,5,7,4,4,32,0.2222222222222222,1,0
CHEMBL413794,12.690465,4.5402107,COc1ccc2oc(=O)c(-c3cccc(CN(C)Cc4ccccc4)c3)cc2c1,IC50,1,single-target,0,385.4630000000001,5.1006000000000045,42.68,0,4,6,4,4,29,0.16,1,0
CHEMBL3394543,2.9820535,4.5283914,O=c1oc2cc(NCc3ccccc3O)ccc2c2c1CCCC2,IC50,1,single-target,0,321.3760000000002,3.9895000000000014,62.47,2,4,3,4,3,24,0.25,0,1
CHEMBL242906,12.753778,4.53319,COc1cc2cc(-c3ccc(CN(C)Cc4ccc([N+](=O)[O-])cc4)cc3)c(=O)oc2cc1OC,IC50,1,single-target,0,460.4860000000002,5.017400000000005,95.05,0,7,8,4,4,34,0.1923076923076923,1,0
CHEMBL243311,12.706707,4.4884562,COc1ccc2cc(-c3cccc(CN(C)Cc4ccccc4)c3)c(=O)oc2c1,IC50,1,single-target,0,385.4630000000001,5.1006000000000045,42.68,0,4,6,4,4,29,0.16,1,0
CHEMBL88443,6.3866878,8.580516,O=c1oc2ccccc2c(O)c1CCCOc1ccccc1,IC50,1,single-target,0,296.32199999999995,3.510200000000002,59.67,1,4,5,3,3,22,0.1666666666666666,0,1
CHEMBL1957187,3.6369452,3.5170069,Cc1cc(C)cc(NC(=O)Nc2ccc3c(C)cc(=O)oc3c2)c1,Ki,3,multi-target,0,322.3640000000001,4.362260000000003,71.34,2,3,2,3,3,24,0.1578947368421052,0,1
CHEMBL3322093,7.894299,0.22836877,C#CCOc1ccc2oc(=O)ccc2c1,Ki,3,multi-target,0,200.193,1.805,39.44,0,3,2,2,2,15,0.0833333333333333,0,1
CHEMBL3623666,15.963366,4.221363,O=c1ccc2ccc(OCc3cn(-c4cccc(Br)c4)nn3)cc2o1,Ki,2,multi-target,0,398.21600000000007,3.715200000000002,70.15,0,6,4,4,4,25,0.0555555555555555,0,1
CHEMBL4638187,7.2081923,7.783533,C/C(=N\NC(=O)C(O)C(O)C(=O)N/N=C(\C)c1c(O)c2ccccc2oc1=O)c1c(O)c2ccccc2oc1=O,IC50,1,single-target,0,550.4800000000002,0.4129999999999997,224.26,6,12,7,4,4,40,0.1538461538461538,3,0
CHEMBL2177257,-1.4481789,5.949084,CCCCCc1cc(OC)c2cc(Cc3ccccc3OC)c(=O)oc2c1,EC50,3,multi-target,0,366.45700000000016,5.133700000000005,48.67,0,4,8,3,3,27,0.3478260869565217,1,0
CHEMBL576259,6.149362,8.04418,O=c1oc2ccc3c(c2c(O)c1Cc1ccc2ccccc2c1)CCCC3,IC50,1,single-target,0,356.42100000000016,5.121400000000003,50.44,1,3,2,5,4,27,0.2083333333333333,1,0
CHEMBL4086016,23.292084,11.864041,COc1ccc(Nc2ncnc3c2C(c2ccc([N+](=O)[O-])cc2)c2c(c(=O)oc4ccccc24)O3)cc1,IC50,1,single-target,0,494.4630000000003,5.5293000000000045,129.62,1,9,5,6,5,37,0.074074074074074,1,0
CHEMBL2181552,-1.228937,5.878776,COc1cccc(Cc2cc3c(OC)cc(CBr)cc3oc2=O)c1,Ki,2,multi-target,0,389.24500000000006,4.295900000000004,48.67,0,4,5,3,3,24,0.2105263157894736,0,1
CHEMBL1957188,3.5959716,3.5331655,Cc1cc(=O)oc2cc(NC(=O)OC(C)(C)C)ccc12,Ki,3,multi-target,0,275.304,3.4484200000000023,68.54,1,4,1,2,2,20,0.3333333333333333,0,1
CHEMBL1830829,13.335103,1.4542155,NNC(=O)c1cc2ccccc2oc1=O,IC50,1,single-target,0,204.185,0.3964999999999997,85.32999999999998,2,4,1,2,2,15,0.0,0,1
CHEMBL1373593,11.801268,4.454486,COC(=O)C(C)Oc1ccc2cc(-c3ccccc3)c(=O)oc2c1,EC50,1,single-target,0,324.3320000000001,3.4003000000000023,65.74000000000001,0,5,4,3,3,24,0.1578947368421052,0,1
CHEMBL3120684,4.516734,-1.7081089,COc1ccc(N2CCN(CCCCOc3ccc4c5c(c(=O)oc4c3)CCC5)CC2)cc1,Ki,1,single-target,0,448.56300000000033,4.271500000000004,55.150000000000006,0,6,8,5,3,33,0.4444444444444444,0,1
CHEMBL2387228,4.0535054,-2.5134726,COc1ccccc1N1CCN(CCCCOc2ccc3c(C)cc(=O)oc3c2C)CC1,Ki,3,multi-target,0,436.5520000000002,4.399640000000004,55.150000000000006,0,6,8,4,3,32,0.4230769230769231,0,1
CHEMBL4780130,-4.0597334,-0.5676046,COc1ccc(S(=O)(=O)N(CC(C)C)C[C@@H](O)[C@H](Cc2ccccc2)NC(=O)Cc2cc3ccc(N)cc3oc2=O)cc1,IC50,1,single-target,0,607.7290000000003,3.361600000000001,152.17,3,8,13,4,4,43,0.3125,1,0
CHEMBL4863904,10.833461,3.6630692,NS(=O)(=O)c1cc2cc(F)ccc2oc1=O,Ki,4,multi-target,0,243.215,0.5795000000000005,90.37,1,4,1,2,2,16,0.0,0,1
CHEMBL18327,2.0979655,3.007747,Cc1c(C)c2ccc(OCc3nc(C(C)C)no3)cc2oc1=O,IC50,1,single-target,0,314.34100000000007,3.4952400000000017,78.36000000000001,0,6,4,3,3,23,0.3529411764705882,0,1
CHEMBL1426078,-1.5647726,3.910605,Cc1nc2c(=O)oc3ccccc3c2n1-c1ccccc1,EC50,1,single-target,0,276.295,3.4403200000000016,48.03,0,4,1,4,4,21,0.0588235294117647,0,1
CHEMBL5286270,5.9723825,8.285287,COc1ccc(C(=O)c2nc3c(c(-c4ccccc4)c2N)c(=O)oc2ccc(Br)cc23)cc1,Kd,1,single-target,0,501.3360000000002,5.592500000000003,95.42,1,6,4,5,5,33,0.0384615384615384,2,0
CHEMBL3094000,2.9762383,0.8189462,CCCOc1cc(=O)oc2cc(OCc3cccc(Cl)c3)ccc12,IC50,1,single-target,0,344.79400000000004,4.814200000000004,48.67,0,4,6,3,3,24,0.2105263157894736,0,1
CHEMBL5171320,3.8332272,5.945298,CCCCCCc1c(C)c2ccc(OCC(=O)NC(Cc3ccccc3)C(=O)O)cc2oc1=O,IC50,1,single-target,0,465.5460000000002,4.415120000000003,105.84,2,5,12,3,3,34,0.3703703703703703,0,1
CHEMBL4548338,16.121483,5.031615,O=Cc1ccc(OCc2cn(CCCOc3ccc4ccc(=O)oc4c3)nn2)cc1,Ki,1,single-target,0,405.4100000000001,3.2451000000000016,96.45,0,8,9,4,4,30,0.1818181818181818,0,1
CHEMBL5200407,8.523078,1.9215429,C=CC(C)(C)c1cc2cc3c(c(CC=C(C)C)c2oc1=O)O[C@H](C(C)(C)O)C3,EC50,1,single-target,0,382.5000000000001,4.839700000000005,59.67,1,4,5,3,2,28,0.4583333333333333,0,1
CHEMBL5176647,8.519911,1.9176477,C=CC(C)(C)c1cc2c(O)c(CC=C(C)C)c(OC)cc2oc1=O,EC50,1,single-target,0,328.4080000000001,4.479500000000004,59.67,1,4,5,2,2,24,0.35,0,1
CHEMBL1957172,7.8777637,0.29860792,C=CCOc1ccc2oc(=O)ccc2c1,Ki,3,multi-target,0,202.209,2.3578,39.44,0,3,3,2,2,15,0.0833333333333333,0,1
CHEMBL2425849,13.418878,-6.883572,Nc1c2c(nc3c1C(c1ccc(Cl)cc1)c1c(c4ccccc4oc1=O)O3)CCCC2,IC50,1,single-target,0,430.8910000000003,5.588300000000003,78.35000000000001,1,5,1,6,4,31,0.2,1,0
CHEMBL2387533,-1.0640299,5.9793053,COc1ccccc1Cc1cc2c(C)c(OC)c(C)c(C)c2oc1=O,Ki,3,multi-target,0,338.4030000000001,4.326260000000004,48.67,0,4,4,3,3,25,0.2857142857142857,0,1
CHEMBL4476238,5.1771035,-3.5836778,COc1cc2c(cc1OC)CN(CCCCOc1ccc3c(C)c(C)c(=O)oc3c1)CC2,IC50,2,multi-target,0,437.5360000000002,4.644340000000004,61.14,0,6,8,4,3,32,0.4230769230769231,0,1
CHEMBL487049,6.628614,2.2515495,COc1cc(OC2CCCCC2=O)cc2oc(=O)ccc12,IC50,1,single-target,0,288.299,2.692100000000001,65.74000000000001,0,5,3,3,2,21,0.375,0,1
CHEMBL1512213,6.393058,4.651189,Cc1c(C)c2ccc(O)c(CN3CCCC3)c2oc1=O,AC50,1,single-target,0,273.33199999999994,2.711240000000001,53.68,1,4,2,3,2,20,0.4375,0,1
CHEMBL301410,10.40662,9.937298,COc1ccc(-c2c3c4cc(OC)c(O)cc4oc(=O)c3n3ccc4c(OC)c(OC)c(OC)cc4c23)cc1O,IC50,1,single-target,0,543.5280000000004,5.473300000000005,121.23000000000002,2,10,6,6,6,40,0.1666666666666666,2,0
CHEMBL1796807,12.28393,2.5939417,O=C(c1ccccc1)c1cc2cc(Br)cc(O)c2oc1=O,IC50,2,multi-target,0,345.1480000000001,3.492100000000001,67.50999999999999,1,4,2,3,3,21,0.0,0,1
CHEMBL4293407,12.870626,9.43335,Cc1cc(OCCCCN2CCN(c3ccc([N+](=O)[O-])cc3)CC2)c2c(C)cc(=O)oc2c1,Ki,1,single-target,0,451.5230000000003,4.299240000000004,89.05999999999999,0,7,8,4,3,33,0.4,0,1
CHEMBL470199,-1.0831537,5.8429513,COc1cc(C)cc2oc(=O)c(Cc3ccccc3)cc12,IC50,2,multi-target,0,280.323,3.700820000000003,39.44,0,3,3,3,3,21,0.1666666666666666,0,1
CHEMBL1610085,6.271336,4.9320326,CCCCN(CC)Cc1c(O)ccc2c3c(c(=O)oc12)CCC3,IC50,1,single-target,0,315.4130000000001,3.609300000000003,53.68,1,4,6,3,2,23,0.5263157894736842,0,1
CHEMBL1574794,4.2823515,5.6398196,Cc1c(C)c2ccc(OCC(=O)N3CCC[C@@H]3C(=O)O)c(C)c2oc1=O,IC50,1,single-target,0,359.3780000000001,2.17266,97.05,1,5,4,3,2,26,0.4210526315789473,0,1
CHEMBL3427393,6.0388637,11.442235,O=C(O)/C=C/c1ccc(Cc2c(-c3ccc(OC(F)(F)F)cc3)c(=O)oc3cc(O)ccc23)cc1,IC50,1,single-target,0,482.41000000000014,5.752800000000004,96.97,2,5,6,4,4,35,0.0769230769230769,1,0
CHEMBL1765162,11.781162,5.0740013,O=c1oc2ccccc2cc1-c1nn[nH]n1,EC50,1,single-target,0,214.184,0.9730999999999996,84.67,1,5,1,3,3,16,0.0,0,1
CHEMBL5393927,5.601913,4.6914177,COc1ccc(C(=O)Nc2c(O)ccc3c(C)cc(=O)oc23)cc1,IC50,2,multi-target,0,325.32000000000005,3.067920000000001,88.77,2,5,3,3,3,24,0.1111111111111111,0,1
CHEMBL2425854,13.407622,-6.8924003,COc1ccc(C2c3c(nc4c(c3N)CCCC4)Oc3c2c(=O)oc2ccccc32)cc1OC,IC50,2,multi-target,0,456.49800000000016,4.952100000000003,96.81,1,7,3,6,4,34,0.2592592592592592,0,1
CHEMBL2385102,3.5546317,-1.7045505,Cc1c(C)c2ccc(OCCCCN3CCC(c4noc5cc(F)ccc45)CC3)cc2oc1=O,Ki,7,multi-target,1,464.5370000000002,5.728740000000006,68.71000000000001,0,6,7,5,4,34,0.4074074074074074,1,0
CHEMBL3706904,4.389614,2.588918,O=c1cc(C(F)(F)F)c2ccc(NCC(F)(F)F)cc2o1,IC50,1,single-target,0,311.18100000000004,3.786000000000002,42.24,1,3,2,2,2,21,0.25,0,1
CHEMBL1443086,13.300675,1.6213084,CCc1ccc(CN(C(=O)c2cc3ccccc3oc2=O)C2CCS(=O)(=O)C2)cc1,AC50,4,multi-target,0,425.50600000000026,3.1849000000000016,84.66,0,5,5,4,3,30,0.3043478260869565,0,1
CHEMBL4531900,11.335817,-8.722691,O=c1cc(NCCCN2CCN(c3nccc4ccccc34)CC2)c2ccccc2o1,IC50,4,multi-target,0,414.5090000000002,3.9654000000000025,61.61000000000001,1,6,6,5,4,31,0.28,0,1
CHEMBL4553878,5.182647,-3.603394,COc1cc2c(cc1OC)CN(C/C=C/COc1ccc3c(C)c(C)c(=O)oc3c1)CC2,IC50,2,multi-target,0,435.52000000000027,4.420340000000004,61.14,0,6,7,4,3,32,0.3461538461538461,0,1
CHEMBL547869,6.498992,6.0920396,C=Cc1cc(OC)c2c(c1)c(=O)oc1c2cc(OC)c2c(O)ccc([C@H]3O[C@H]([C@H](C)O)[C@H](O)[C@H]3O)c21,IC50,2,multi-target,0,494.49600000000015,3.007700000000002,138.82000000000002,4,9,5,5,4,36,0.2962962962962963,0,1
CHEMBL13357,11.80861,1.345277,O=C(Oc1ccccc1)c1cc2cc(CCl)ccc2oc1=O,IC50,2,multi-target,0,314.72400000000005,3.751000000000002,56.51,0,4,3,3,3,22,0.0588235294117647,0,1
CHEMBL2181541,-1.8336616,5.7080736,CCCCCCCC(C)(C)c1cc(OC)c2cc(Cc3ccccc3OC)c(=O)oc2c1,Ki,2,multi-target,0,436.5920000000002,7.039100000000008,48.67,0,4,11,3,3,32,0.4642857142857143,1,0
CHEMBL1459529,6.3959823,4.6656685,Cc1c(O)c(CN2CCCC2)cc2c3c(c(=O)oc12)CCC3,IC50,1,single-target,0,299.3700000000001,2.8915200000000016,53.68,1,4,2,4,2,22,0.5,0,1
CHEMBL269090,14.387247,18.337574,CCCc1cc(=O)oc2c3c(c4c(c12)OC(C)(C)C=C4)O[C@H](C)[C@@H](C)C3=O,EC50,1,single-target,0,368.4290000000001,4.529400000000004,65.74000000000001,0,5,2,4,2,27,0.4545454545454545,0,1
CHEMBL1520346,11.023056,2.6984017,CCN(CC)c1ccc2cc(-c3nc4ccccc4n3C)c(=O)oc2c1,IC50,3,multi-target,0,347.4180000000001,4.192900000000003,51.27,0,5,4,4,4,26,0.238095238095238,0,1
CHEMBL5561753,13.056917,5.8075385,COc1ccc(C(=O)NNc2nc(-c3cc4ccccc4oc3=O)cs2)c(C)c1,Ki,2,multi-target,0,407.45100000000014,3.990420000000002,93.46,2,7,5,4,4,29,0.0952380952380952,0,1
CHEMBL3265280,6.004505,-8.37434,C=CCOC(=O)N1CCc2c(c(=O)oc3c(C(=O)OC)c(O)ccc23)C1,IC50,1,single-target,0,359.3340000000001,1.9659,106.28,1,7,3,3,2,26,0.2777777777777778,0,1
CHEMBL4279872,12.965766,9.5222645,CC(=O)c1c(C)cc2oc(=O)cc(C)c2c1OCCCN1CCN(c2ccccc2C#N)CC1,Ki,2,multi-target,0,459.5460000000003,4.075220000000003,86.78,0,7,7,4,3,34,0.3703703703703703,0,1
CHEMBL274190,4.8867702,3.1697726,O=C(O)Cc1cc(=O)oc2ccccc12,IC50,1,single-target,0,204.181,1.4201,67.50999999999999,1,3,2,2,2,15,0.0909090909090909,0,1
CHEMBL513209,13.176418,1.146539,O=C(O)c1ccc(NC(=O)c2cc3ccccc3oc2=O)cc1,IC50,2,multi-target,0,309.27700000000004,2.743500000000001,96.61,2,4,3,3,3,23,0.0,0,1
CHEMBL4466943,11.93006,2.2072651,COc1ccc2cc(C(=O)CCN(C)C)c(=O)oc2c1,IC50,2,multi-target,0,275.304,1.936,59.75,0,5,5,2,2,20,0.3333333333333333,0,1
CHEMBL6043442,6.095246,3.3489556,CNCc1nc2cc3c(-c4ccccc4)cc(=O)oc3c(C)c2o1,IC50,1,single-target,0,320.3480000000001,3.6290200000000015,68.27000000000001,1,5,3,4,4,24,0.1578947368421052,0,1
CHEMBL1796134,13.307155,1.4222699,O=C(NC12CC3CC(CC(C3)C1)C2)c1cc2ccccc2oc1=O,IC50,1,single-target,0,323.39200000000005,3.4916000000000027,59.31,1,3,2,6,2,24,0.5,0,1
CHEMBL1542752,7.090244,3.8297002,CC(C)c1cc(=O)oc2c3c4c(cc12)CCCN4CCC3,AC50,2,multi-target,0,283.371,3.6152000000000015,33.45,0,3,1,4,2,21,0.5,0,1
CHEMBL91367,5.778625,-9.386249,COc1ccc2c3c(c(=O)oc2c1)CN(C(=O)c1ccccc1)CC3,Ki,1,single-target,0,335.35900000000004,3.000100000000001,59.75,0,4,2,4,3,25,0.2,0,1
CHEMBL1343011,10.4851,4.2366695,COc1cccc2cc(-c3cn4ccc(C)cc4n3)c(=O)oc12,IC50,1,single-target,0,306.3210000000001,3.424720000000001,56.74,0,5,2,4,4,23,0.1111111111111111,0,1
CHEMBL3360735,11.323684,5.0630217,Cc1ccc2oc(=O)c(-c3ccc(N)cc3)cc2c1,IC50,1,single-target,0,251.28500000000005,3.350620000000001,56.23,1,3,1,3,3,19,0.0625,0,1
CHEMBL1603267,12.978866,1.490481,CC(C)OC(=O)c1cc2ccccc2oc1=O,AC50,3,multi-target,0,232.235,2.3582,56.51,0,4,2,2,2,17,0.2307692307692307,0,1
CHEMBL1830824,12.357497,2.8704293,O=C(O)c1cc2cc(I)cc(I)c2oc1=O,IC50,1,single-target,0,441.9460000000001,2.700400000000001,67.50999999999999,1,3,1,2,2,16,0.0,0,1
CHEMBL4543997,11.94047,2.1434095,CCN(CC)CCC(=O)c1cc2ccc(O)cc2oc1=O,IC50,2,multi-target,0,289.3310000000001,2.4132000000000007,70.75,1,5,6,2,2,21,0.375,0,1
CHEMBL4067585,23.291817,11.863522,COc1ccc(Nc2ncnc3c2C(c2ccc(O)cc2)c2c(c(=O)oc4ccccc24)O3)cc1,IC50,1,single-target,0,465.46500000000026,5.326700000000004,106.71,2,8,4,6,5,35,0.074074074074074,1,0
CHEMBL4216733,-4.4901648,6.429107,C#CCN(CCCOc1ccc2ccc(=O)oc2c1)Cc1cccc(F)c1,IC50,2,multi-target,0,365.4040000000001,3.836400000000003,42.68,0,4,8,3,3,27,0.2272727272727272,0,1
CHEMBL3094012,2.558369,0.6252609,CCOC(=O)Nc1cc(=O)oc2cc(OCc3cccc(Cl)c3)ccc12,IC50,1,single-target,0,373.792,4.593800000000003,77.77,1,5,5,3,3,26,0.1578947368421052,0,1
CHEMBL1934197,7.094396,1.5519056,COc1c2ccoc2c(OC/C=C(\C)CCC=C(C)C)c2oc(=O)ccc12,IC50,1,single-target,0,368.4290000000001,5.619300000000004,61.81,0,5,7,3,3,27,0.3181818181818182,1,0
CHEMBL2391476,1.5266484,15.687779,COc1cc(=O)oc2cc(OCCCCCN3CCN(CC(=O)Nc4c5c(nc6ccccc46)CCCC5)CC3)ccc12,IC50,2,multi-target,0,584.7170000000001,5.034000000000005,97.14,1,8,11,6,4,43,0.4411764705882353,2,0
CHEMBL4077653,22.283314,-4.657105,COc1cccc(-c2cc(C(=O)OCCOc3cc(=O)oc4ccccc34)nn2-c2ccc(S(N)(=O)=O)cc2)c1,IC50,3,multi-target,0,561.5720000000002,3.5375000000000014,152.95,1,10,9,5,5,40,0.1071428571428571,1,0
CHEMBL4215298,-4.418679,6.373773,C#CCN(C)CCCCOc1ccc2ccc(=O)oc2c1,IC50,2,multi-target,0,285.343,2.5170000000000003,42.68,0,4,7,2,2,21,0.3529411764705882,0,1
CHEMBL2425837,-1.2469923,-5.7396994,N#CC1=C(N)Oc2c(c(=O)oc3ccccc23)C1c1cc[n+](Cc2cccc(Cl)c2)cc1,IC50,2,multi-target,0,442.8820000000002,4.0003800000000025,93.13,1,5,3,5,4,32,0.08,0,1
CHEMBL575486,2.525559,0.91119844,NCCc1cc(=O)oc2cc(OCc3cccc(Cl)c3)ccc12,IC50,2,multi-target,0,329.783,3.526600000000003,65.46000000000001,1,4,5,3,3,23,0.1666666666666666,0,1
CHEMBL4210358,-4.427284,6.383038,C#CCN(C)CCCOc1ccc2ccc(=O)oc2c1,IC50,2,multi-target,0,271.31600000000003,2.1269,42.68,0,4,6,2,2,20,0.3125,0,1
CHEMBL3928866,1.5744021,-1.4612691,O=c1ccc2c(OCCCOc3cccc(C(F)(F)F)c3)c3ccoc3cc2o1,EC50,2,multi-target,0,404.34000000000015,5.405900000000004,61.81,0,5,6,4,4,29,0.1904761904761904,1,0
CHEMBL3962809,1.6195476,-1.4074361,O=c1ccc2c(OCCCCCOc3ccc(F)cc3)c3ccoc3cc2o1,EC50,1,single-target,0,382.3870000000001,5.306400000000004,61.81,0,5,8,4,4,28,0.2272727272727272,1,0
CHEMBL4754135,3.6684918,3.437698,COc1cc(/C=C/C(=O)Nc2ccc3c(C)cc(=O)oc3c2)cc(OC)c1OC,Ki,2,multi-target,0,395.4110000000002,3.7791200000000025,87.0,1,6,6,3,3,29,0.1818181818181818,0,1
CHEMBL3908749,7.0285473,1.72766,N#CCCCOc1c2occc2cc2ccc(=O)oc12,EC50,2,multi-target,0,269.25600000000003,3.2217800000000016,76.37,0,5,4,3,3,20,0.2,0,1
CHEMBL4062286,7.2582707,1.9159563,COc1c(OC/C=C(\C)C[C@@H]2C=C(CCC(N)=O)C(=O)O2)ccc2ccc(=O)oc12,IC50,1,single-target,0,413.42600000000016,2.6341,118.06000000000002,1,7,9,3,2,30,0.3181818181818182,0,1
CHEMBL4100677,12.3402195,3.3407876,O=c1oc2c([N+](=O)[O-])c(O)c(Br)cc2cc1-c1nnn[nH]1,EC50,1,single-target,0,354.0760000000001,1.3493999999999993,148.04,2,8,2,3,3,21,0.0,0,1
CHEMBL3116214,8.047723,1.1463178,O=c1ccc2cc(OCCCN3CCCCC3)c(O)cc2o1,IC50,1,single-target,0,303.35799999999995,2.753400000000001,62.91,1,5,5,3,2,22,0.4705882352941176,0,1
CHEMBL3586611,2.2841835,1.6766541,CN(Cc1ccc(C#N)cc1)Cc1ccc(COc2ccc3c(CO)cc(=O)oc3c2)cc1,IC50,4,multi-target,0,440.4990000000002,4.367980000000004,86.7,1,6,8,4,4,33,0.1851851851851851,0,1
CHEMBL1522581,20.176432,2.2205312,CCN(CC)C(=O)CC(c1ccc(OC)cc1)c1c(OC)cc(OC)c2c(-c3ccccc3)cc(=O)oc12,IC50,1,single-target,0,515.6060000000003,5.876200000000006,78.21,0,6,10,4,4,38,0.2903225806451613,2,0
CHEMBL4070303,23.291954,11.863857,COc1ccc(Nc2ncnc3c2C(c2ccccc2OC)c2c(c(=O)oc4ccccc24)O3)cc1,IC50,1,single-target,0,479.4920000000003,5.629700000000004,95.71,1,8,5,6,5,36,0.1071428571428571,1,0
CHEMBL3982686,1.625154,-1.4097593,CCc1ccc(OCCCCOc2c3ccoc3cc3oc(=O)ccc23)cc1,EC50,2,multi-target,0,378.4240000000001,5.339600000000004,61.81,0,5,8,4,4,28,0.2608695652173913,1,0
CHEMBL4586124,3.782028,3.8101642,C#CCNc1ccc2c(C)cc(=O)oc2c1,Ki,3,multi-target,0,213.236,2.14652,42.24,1,3,2,2,2,16,0.1538461538461538,0,1
CHEMBL4160822,16.147463,4.980876,NC1=NC2(CCCCC2)N(c2ccc(OCc3cn(CCCCOc4ccc5ccc(=O)oc5c4)nn3)cc2)C(N)=N1,IC50,2,multi-target,0,570.6540000000002,3.932500000000002,159.38,2,12,10,6,4,42,0.3666666666666666,2,0
CHEMBL4098452,14.170197,1.8617351,O=C(NCCCc1ccccc1O)c1cc2ccc(O)cc2oc1=O,IC50,2,multi-target,0,339.3470000000001,2.5668000000000006,99.77,3,5,5,3,3,25,0.1578947368421052,0,1
CHEMBL2177264,-1.8256071,5.716794,CCCCCCC(C)(C)c1cc(O)c2cc(Cc3ccccc3)c(=O)oc2c1,Ki,4,multi-target,0,378.5120000000001,6.337400000000008,50.44,1,3,8,3,3,28,0.4,1,0
CHEMBL3113647,11.417758,-0.22174196,CCCOc1ccc2oc(=O)c(CN3CCCC3)cc2c1,IC50,2,multi-target,0,287.3589999999999,3.1776000000000018,42.68,0,4,5,3,2,21,0.4705882352941176,0,1
CHEMBL4213170,3.8559077,-2.8434572,CC(=O)c1c(OCCCN2CCN(c3cc(C)cc(C)c3)CC2)ccc2c(C)cc(=O)oc12,Ki,2,multi-target,0,448.5630000000003,4.511960000000005,62.99,0,6,7,4,3,33,0.4074074074074074,0,1
CHEMBL148561,8.200027,-0.50586504,O=c1ccc2ccc(NCCNc3ccccc3)cc2o1,Ki,1,single-target,0,280.32700000000006,3.317000000000001,54.27,2,4,5,3,3,21,0.1176470588235294,0,1
CHEMBL3735711,11.302916,5.2069197,Cc1ccc2oc(=O)c(-c3ccc(OCc4ccccc4)cc3)cc2c1,IC50,1,single-target,0,342.39400000000006,5.347420000000004,39.44,0,3,4,4,4,26,0.0869565217391304,1,0
CHEMBL3805222,13.797975,1.2621096,C/C(=N\Nc1ccc(S(N)(=O)=O)cc1)c1cc2ccccc2oc1=O,Ki,4,multi-target,0,357.3910000000001,2.2765000000000004,114.76,2,6,4,3,3,25,0.0588235294117647,0,1
CHEMBL3740335,12.013025,6.2383676,O=Cc1cn(-c2nc(-c3cc4cc(Br)cc(Br)c4oc3=O)cs2)nc1-c1ccccc1,Ki,1,single-target,0,557.2230000000002,6.106700000000003,77.99,0,7,4,5,5,31,0.0,2,0
CHEMBL3120689,4.4403763,-1.7334273,COc1ccccc1N1CCN(CCCOc2ccc3c4c(c(=O)oc3c2)CCC4)CC1,Ki,2,multi-target,0,434.5360000000003,3.881400000000003,55.150000000000006,0,6,7,5,3,32,0.4230769230769231,0,1
CHEMBL3120678,4.5027657,-1.667886,O=c1oc2cc(OCCCCN3CCN(c4cccc(Cl)c4Cl)CC3)ccc2c2c1CCC2,Ki,3,multi-target,0,487.4270000000003,5.569700000000006,45.92,0,5,7,5,3,33,0.4230769230769231,1,0
CHEMBL4217736,3.9510417,-2.7294512,CC(=O)c1c(OCCCCN2CCN(c3ccccc3Cl)CC2)ccc2c(C)cc(=O)oc12,Ki,2,multi-target,0,468.9810000000003,4.938620000000005,62.99,0,6,8,4,3,33,0.3846153846153846,0,1
CHEMBL4215022,3.9856877,-2.6723204,COc1ccccc1N1CCN(CCCOc2ccc3c(C)cc(=O)oc3c2C(C)=O)CC1,EC50,3,multi-target,0,450.53500000000025,3.9037200000000034,72.22,0,7,8,4,3,33,0.3846153846153846,0,1
CHEMBL2316108,13.035311,6.4103456,NS(=O)(=O)c1ccc2c(c1)sc1nc(-c3cc4cc(Br)ccc4oc3=O)cn12,Ki,4,multi-target,0,476.33300000000014,3.732300000000002,107.67000000000002,1,7,2,5,5,28,0.0,0,1
CHEMBL575737,2.9228842,1.1142136,NC(=O)[C@@H]1CCCN1Cc1cc(=O)oc2cc(OCc3cccc(F)c3)ccc12,IC50,1,single-target,0,396.4180000000001,2.9608,85.77000000000001,1,5,6,4,3,29,0.2727272727272727,0,1
CHEMBL4069655,11.107307,1.1337379,Nc1ccccc1NC(=O)c1ccc(CNC(=O)c2cc3ccc(OCc4ccc(Br)cc4)cc3oc2=O)cc1,IC50,1,single-target,0,598.4530000000002,5.8990000000000045,123.66,3,6,8,5,5,40,0.064516129032258,2,0
CHEMBL4161751,17.8401,12.8647175,CCOC(=O)c1cc2ccc(OCCCn3cc(CNC(=O)CCCCC4CCSS4)nn3)cc2oc1=O,IC50,1,single-target,0,560.6980000000003,4.360600000000003,125.55,1,11,14,4,3,38,0.5,2,0
CHEMBL4167524,4.701815,-0.63958615,Cc1cc(=O)oc2cc(OCCCCSC(=S)N3CCCCC3)ccc12,IC50,1,single-target,0,391.55800000000016,4.764420000000005,42.68,0,5,6,3,2,26,0.5,0,1
CHEMBL4103223,2.3991132,4.2729235,COc1ccc(S(=O)(=O)Oc2ccc3c(C)c(C#N)c(=O)oc3c2)cc1,IC50,2,multi-target,0,371.3700000000001,2.7494000000000014,106.6,0,7,4,3,3,26,0.1111111111111111,0,1
CHEMBL4129173,3.86591,-2.8344247,COc1cccc(N2CCN(CCCCOc3ccc4c(C)cc(=O)oc4c3C(C)=O)CC2)c1,Ki,2,multi-target,0,464.5620000000003,4.293820000000004,72.22,0,7,9,4,3,34,0.4074074074074074,0,1
CHEMBL4099822,3.3629444,5.664444,CCCc1c(C)c2cc3c(C)c(C)oc3cc2oc1=O,IC50,5,multi-target,1,270.328,4.416960000000004,43.35,0,3,2,3,3,20,0.3529411764705882,0,1
CHEMBL4105082,3.0126195,3.8417284,Cc1cc(=O)oc2cc(OS(=O)(=O)c3cc(Cl)c(Cl)cc3Cl)ccc12,IC50,2,multi-target,0,419.66900000000015,4.829320000000002,73.58,0,5,3,3,3,25,0.0625,0,1
CHEMBL1480000,4.578406,3.3855267,CCCCc1cc(=O)oc2cc(O)ccc12,AC50,1,single-target,0,218.252,2.841200000000001,50.44,1,3,3,2,2,16,0.3076923076923077,0,1
CHEMBL1392868,12.905381,0.99649185,COc1ccccc1NC(=O)Cn1nnc(-c2ccccc2NC(=O)c2cc3ccccc3oc2=O)n1,AC50,4,multi-target,0,496.4830000000002,3.3461000000000016,141.24,2,9,7,5,5,37,0.0769230769230769,0,1
CHEMBL502746,6.579905,1.2004352,COc1cccc2oc(=O)ccc12,IC50,1,single-target,0,176.171,1.8016,39.44,0,3,1,2,2,13,0.1,0,1
CHEMBL3115514,11.804101,7.7521067,CCCCSCC(=O)N1N=C(c2cc3ccccc3oc2=O)C[C@@H]1c1ccc(C(F)(F)F)cc1,IC50,1,single-target,0,488.5310000000002,6.022800000000005,62.88,0,5,7,4,3,34,0.32,1,0
CHEMBL4061479,5.246089,-1.016605,O=c1cc(C(F)(F)F)c2ccc(OCCN3CCN(Cc4ccc(Br)cc4)CC3)cc2o1,IC50,1,single-target,0,511.33800000000025,4.770900000000005,45.92,0,5,6,4,3,32,0.3478260869565217,1,0
CHEMBL3109006,9.002344,-0.9159301,CC(C)(C)n1nc(-c2ccc3oc(=O)ccc3c2)c(C(N)=O)c1N,IC50,1,single-target,0,326.3560000000001,2.0926,117.14,2,6,2,3,3,24,0.2352941176470588,0,1
CHEMBL1324161,3.9616127,5.8877354,Cc1c(Cc2ccccc2)c(=O)oc2c(C)c(OCC(=O)NC[C@H]3CC[C@H](C(=O)O)CC3)ccc12,IC50,1,single-target,0,477.5570000000002,4.3866400000000025,105.84,2,5,8,4,3,35,0.3928571428571428,0,1
CHEMBL3427396,6.121281,11.518108,COc1cc(F)ccc1-c1c(Cc2ccc(/C=C/C(=O)O)cc2)c2ccc(O)cc2oc1=O,IC50,1,single-target,0,446.4300000000002,5.001900000000005,96.97,2,5,6,4,4,33,0.0769230769230769,1,0
CHEMBL3586588,8.928899,0.43339756,COc1cccc(CN(C)Cc2cccc(COc3ccc4ccc(=O)oc4c3)c2)c1,IC50,3,multi-target,0,415.48900000000015,5.012600000000004,51.91,0,5,8,4,4,31,0.1923076923076923,1,0
CHEMBL1544136,11.089361,2.644002,CCN(CC)c1ccc2cc(S(=O)(=O)c3ccc(Cl)cc3)c(=O)oc2c1,AC50,2,multi-target,0,391.8760000000001,4.125400000000004,67.59,0,5,5,3,3,26,0.2105263157894736,0,1
CHEMBL3196338,12.305204,2.0181038,C/C(=N\NC(=O)CC#N)c1cc2ccc(O)cc2oc1=O,AC50,1,single-target,0,285.25900000000007,1.2524799999999998,115.69,2,6,3,2,2,21,0.1428571428571428,0,1
CHEMBL1321811,5.07362,3.0319793,CC(=O)Oc1cc2oc(=O)cc(C)c2cc1OC(C)=O,IC50,1,single-target,0,276.244,1.95202,82.81,0,6,2,2,2,20,0.2142857142857142,0,1
CHEMBL2408081,24.336329,4.4464893,CC(C)(C)c1cc(C(C)(C)C)c2oc(=O)c(/C=N/c3ccc(S(=O)(=O)Nc4nccs4)cc3)c(Cl)c2c1,IC50,2,multi-target,0,558.1250000000001,7.049300000000005,101.63,1,7,5,4,4,37,0.2962962962962963,2,0
CHEMBL54909,7.624546,2.1068966,COc1cc2ccc(=O)oc2c(O)c1O,Ki,7,multi-target,1,208.169,1.2127999999999997,79.9,2,5,1,2,2,15,0.1,0,1
CHEMBL1377177,6.505011,4.5887475,CCN1CCN(Cc2c(O)c(Cl)cc3c(C)cc(=O)oc23)CC1,IC50,2,multi-target,0,336.8190000000002,2.59792,56.92,1,5,3,3,2,23,0.4705882352941176,0,1
CHEMBL4127202,15.302489,-0.756989,C/C(=N\Nc1nc(-c2cc3ccccc3oc2=O)cs1)c1ccc(Cl)cc1N,IC50,1,single-target,0,410.88600000000014,4.988200000000003,93.51,2,7,4,4,4,28,0.05,0,1
CHEMBL4465987,9.171893,-1.2561275,C#CCSc1nc(Sc2nnnn2CCN(C)C)c(C#N)c(-c2ccc3oc(=O)ccc3c2)n1,IC50,1,single-target,0,490.5740000000003,2.5462800000000003,126.62000000000002,0,12,8,4,4,34,0.2272727272727272,1,0
CHEMBL142923,2.0307221,3.1835334,Cc1c(C)c2ccc(OCc3ccc(F)c(O)c3)cc2oc1=O,IC50,2,multi-target,0,314.31200000000007,3.833540000000002,59.67,1,4,3,3,3,23,0.1666666666666666,0,1
CHEMBL1574512,10.862835,5.0902686,COc1ccc(-c2nnc(-c3cc4c(ccc5ccccc54)oc3=O)o2)cc1,IC50,1,single-target,0,370.36400000000015,4.671800000000004,78.36,0,6,3,5,5,28,0.0454545454545454,0,1
CHEMBL4483375,3.5356371,8.735082,O=c1cc(N2CCN(C(c3ccc(F)cc3)c3ccc(F)cc3)CC2)c2ccc3ccccc3c2o1,IC50,1,single-target,0,482.53000000000026,6.136000000000005,36.690000000000005,0,4,4,6,5,36,0.1666666666666666,1,0
CHEMBL488267,6.9156394,1.9305044,COc1cc(OCC(C)=O)cc2oc(=O)ccc12,IC50,1,single-target,0,248.234,1.7694,65.74000000000001,0,5,4,2,2,18,0.2307692307692307,0,1
CHEMBL4063174,5.949994,-0.8475616,O=c1ccc2ccc(OCCN3CCCCC3)cc2o1,IC50,2,multi-target,0,273.33199999999994,2.657700000000001,42.68,0,4,4,3,2,20,0.4375,0,1
CHEMBL253551,7.531712,2.0390763,COc1cc2ccc(=O)oc2c(OC)c1OC,Ki,5,multi-target,1,236.223,1.8188,57.900000000000006,0,5,3,2,2,17,0.25,0,1
CHEMBL4550762,6.9333224,-3.3512888,Cc1c(C)c2ccc(OCC3CCN(Cc4ccc(CCO)cc4)CC3)cc2oc1=O,IC50,3,multi-target,0,421.5370000000002,4.235640000000004,62.91,1,5,7,4,3,31,0.4230769230769231,0,1
CHEMBL575285,2.6549685,1.2785236,CNCc1cc(=O)oc2cc(OCc3cccc(F)c3)ccc12,IC50,2,multi-target,0,313.32800000000003,3.230500000000002,51.47,1,4,5,3,3,23,0.1666666666666666,0,1
CHEMBL1608190,2.518759,3.449889,Cc1c(Br)c(=O)oc2cc(OCC(=O)N3C[C@H]4C[C@@H](C3)c3cccc(=O)n3C4)ccc12,IC50,1,single-target,0,485.3340000000003,3.050320000000001,81.75,0,6,3,5,3,31,0.3478260869565217,0,1
CHEMBL1410122,4.1740785,2.3223085,CCCc1cc2c(-c3ccccc3)cc(=O)oc2cc1OCc1ccc(C(=O)O)o1,EC50,1,single-target,0,404.4180000000002,5.282700000000005,89.88,1,5,7,4,4,30,0.1666666666666666,1,0
CHEMBL1431585,5.022523,3.4972389,O=c1cc(CN2CCC3(CC2)OCCO3)c2c(ccc3ccccc32)o1,AC50,1,single-target,0,351.40200000000004,3.2851000000000026,51.91,0,5,2,5,3,26,0.3809523809523809,0,1
CHEMBL1718931,7.185238,1.3758821,CC(=O)O[C@H](COc1c2ccoc2cc2oc(=O)ccc12)C(C)(C)O,AC50,1,single-target,0,346.3350000000001,2.620600000000001,99.11,1,7,5,3,3,25,0.3333333333333333,0,1
CHEMBL197138,0.17251907,10.626537,COc1c(C(=O)CC(C)C)c(O)c(CC=C(C)C)c2oc(=O)cc(-c3ccccc3)c12,IC50,1,single-target,0,420.50500000000017,5.911700000000007,76.74000000000001,1,5,7,3,3,31,0.3076923076923077,1,0
CHEMBL4080965,8.965919,-0.822865,O=c1ccc2ccc(-c3ccncc3)cc2o1,IC50,1,single-target,0,223.231,2.8550000000000004,43.1,0,3,1,3,3,17,0.0,0,1
CHEMBL1488551,11.768816,5.002226,O=c1oc2ccccc2cc1-c1nc(-c2cccs2)cs1,EC50,2,multi-target,0,311.387,4.645000000000001,43.1,0,5,2,4,4,21,0.0,0,1
CHEMBL1382890,2.6829035,5.147997,CC(C)CCNC(=O)COc1ccc2c3c(c(=O)oc2c1)CCC3,EC50,1,single-target,0,329.39600000000013,2.822800000000001,68.53999999999999,1,4,6,3,2,24,0.4736842105263157,0,1
CHEMBL1502154,6.2378435,4.8656144,CCN(CC)Cc1c(O)ccc2c(C)c(CC(=O)OC)c(=O)oc12,IC50,1,single-target,0,333.38400000000007,2.36432,79.98,1,6,6,2,2,24,0.4444444444444444,0,1
CHEMBL4564123,3.5674613,8.705295,O=c1cc(N2CCN(c3ccccc3Cl)CC2)c2ccc3ccccc3c2o1,IC50,1,single-target,0,390.8700000000002,4.926200000000004,36.690000000000005,0,4,2,5,4,28,0.1739130434782608,0,1
CHEMBL1428368,20.174435,2.2163208,CCCCCc1cc(=O)oc2c(C(CCN3CCCCC3)c3ccc4c(c3)OCO4)c(OC)cc(OC)c12,AC50,1,single-target,0,521.6540000000003,6.279500000000007,70.37000000000002,0,7,11,5,3,38,0.5161290322580645,2,0
CHEMBL311624,7.8873215,0.4536207,C=CC(C)(C)Oc1ccc2ccc(=O)oc2c1,IC50,1,single-target,0,230.263,3.136400000000002,39.44,0,3,3,2,2,17,0.2142857142857142,0,1
CHEMBL1940737,1.7134917,3.432555,COc1cc2c(C)c(OC)c(=O)oc2cc1OCCCCOc1cc(O)cc(N(C)C)c1,IC50,1,single-target,0,443.49600000000027,4.128220000000003,90.6,1,8,10,3,3,32,0.375,0,1
CHEMBL3586610,2.3420813,1.5452026,CN(Cc1ccc(COc2ccc3c(CO)cc(=O)oc3c2)cc1)Cc1cccc(Cl)c1,IC50,6,multi-target,1,449.9340000000002,5.149700000000005,62.91,1,5,8,4,4,32,0.1923076923076923,1,0
CHEMBL253489,11.693621,-0.35689548,Cc1ccc2oc(=O)c(CCC(=O)NO)cc2c1,IC50,3,multi-target,0,247.25,1.5394199999999998,79.54,2,4,3,2,2,18,0.2307692307692307,0,1
CHEMBL1563538,7.955689,1.7859207,O=c1ccc2cc(OC3O[C@H](CO)[C@@H](O)[C@H](O)[C@H]3O)c(O)cc2o1,AC50,1,single-target,0,340.2840000000001,-1.322700000000001,149.82,5,9,3,3,2,24,0.4,0,1
CHEMBL179591,3.2642965,8.974606,O=c1cc(N2CCOCC2)c2cc(Cl)ccc2o1,IC50,1,single-target,0,265.696,2.2830000000000004,42.68000000000001,0,4,1,3,2,18,0.3076923076923077,0,1
CHEMBL577614,2.7345319,1.2684789,C[C@H](NCc1cc(=O)oc2cc(OCc3ccccc3)ccc12)C(N)=O,IC50,2,multi-target,0,352.3900000000001,2.3354000000000004,94.56,2,5,7,3,3,26,0.2,0,1
CHEMBL1525295,6.0357904,4.851094,COC(=O)Cc1c(C)c2ccc(O)c(CNCc3ccc(OC)c(OC)c3)c2oc1=O,AC50,1,single-target,0,427.45300000000026,2.8295200000000005,107.23000000000002,2,8,8,3,3,31,0.3043478260869565,0,1
CHEMBL1387945,11.725456,4.428278,O=c1oc2cc(O)ccc2cc1-c1ccc(F)cc1,IC50,1,single-target,0,256.232,3.3047000000000013,50.44,1,3,1,3,3,19,0.0,0,1
CHEMBL471247,-1.0556309,5.8210998,COc1cccc2oc(=O)c(Cc3ccccc3)cc12,Ki,1,single-target,0,266.296,3.392400000000002,39.44,0,3,3,3,3,20,0.1176470588235294,0,1
CHEMBL1525854,3.7534332,2.3510065,COc1ccc(-c2cc(=O)oc3cc(OCC(=O)Nc4ccc(CCO)cc4)ccc23)cc1,IC50,1,single-target,0,445.4710000000001,4.020900000000003,98.0,2,6,8,4,4,33,0.1538461538461538,0,1
CHEMBL469976,13.385692,1.5218874,O=C(NCc1ccccc1)c1cc2ccccc2oc1=O,IC50,1,single-target,0,279.295,2.7230000000000008,59.31,1,3,3,3,3,21,0.0588235294117647,0,1
CHEMBL3359957,8.875003,11.118873,COc1ccc(COc2ccc3c(Cn4ccnc4)cc(=O)oc3c2)cc1OC,IC50,3,multi-target,0,392.4110000000002,3.634000000000002,75.72000000000001,0,7,7,4,4,29,0.1818181818181818,0,1
CHEMBL270672,3.9666474,3.7137768,Cc1cc(=O)oc2cc(N)ccc12,Ki,3,multi-target,0,175.18699999999998,1.68362,56.23,1,3,0,2,2,13,0.1,0,1
CHEMBL145452,2.472796,4.18697,COc1ccc(S(=O)(=O)Oc2ccc3c(C)c(C)c(=O)oc3c2)cc1,IC50,3,multi-target,0,360.3870000000001,3.1861400000000017,82.81000000000002,0,6,4,3,3,25,0.1666666666666666,0,1
CHEMBL569640,6.174748,7.9014006,Cc1ccc2c(O)c(Cc3c(O)c4ccc(C)c(C)c4oc3=O)c(=O)oc2c1C,IC50,1,single-target,0,392.4070000000002,4.135080000000003,100.88,2,6,2,4,4,29,0.217391304347826,0,1
CHEMBL2387537,-1.0781664,6.001837,Cc1c(O)c(C)c2cc(Cc3ccc(F)cc3)c(=O)oc2c1C,IC50,2,multi-target,0,312.3400000000001,4.153760000000003,50.44,1,3,2,3,3,23,0.2105263157894736,0,1
CHEMBL589396,4.614678,3.6222093,Cc1cccc(CCc2cc(=O)oc3cc(O)ccc23)n1,IC50,1,single-target,0,281.31100000000004,2.987220000000001,63.33,1,4,3,3,3,21,0.1764705882352941,0,1
CHEMBL109018,1.9929044,3.195077,Cc1c(C)c2ccc(OCc3cccc(Cl)c3)cc2oc1=O,IC50,5,multi-target,1,314.7680000000001,4.642240000000003,39.44,0,3,3,3,3,22,0.1666666666666666,0,1
CHEMBL4870255,12.400068,2.848022,O=C(O)c1cc2cc3cc(C(=O)O)c(=O)oc3c(O)c2oc1=O,IC50,1,single-target,0,318.19300000000004,1.0013999999999998,155.25,3,7,2,3,3,23,0.0,0,1
CHEMBL1522354,4.610582,3.11376,CCCCc1cc(=O)oc2cc(C)cc(OCc3nn[nH]n3)c12,IC50,1,single-target,0,314.345,2.5361200000000004,93.9,1,6,6,3,3,23,0.375,0,1
CHEMBL2425831,-1.3272705,-5.6597643,N#CC1=C(N)Oc2c(c(=O)oc3ccccc23)C1c1ccc[n+](Cc2ccc(F)cc2)c1,IC50,2,multi-target,0,426.4270000000001,3.486080000000002,93.13,1,5,3,5,4,32,0.08,0,1
CHEMBL76959,7.5657997,2.4843986,C=CCc1c(OC(=O)c2ccccc2)ccc2ccc(=O)oc12,IC50,1,single-target,0,306.3170000000001,3.740700000000003,56.510000000000005,0,4,4,3,3,23,0.0526315789473684,0,1
CHEMBL274746,2.4799867,4.1886983,Cc1c(C)c2cc(OS(=O)(=O)c3ccccc3)ccc2oc1=O,IC50,1,single-target,0,330.3610000000001,3.1775400000000014,73.58000000000001,0,5,3,3,3,23,0.1176470588235294,0,1
CHEMBL1393700,3.182053,5.256917,O=C(Oc1cc2oc(=O)c3c(c2cc1Cl)CCCC3)c1cccs1,EC50,1,single-target,0,360.818,4.605900000000003,56.51,0,5,2,4,3,24,0.2222222222222222,0,1
CHEMBL4784089,4.0238047,-2.5893114,COc1ccc(-c2ccccc2N2CCN(CCCCOc3ccc4c(C)cc(=O)oc4c3Cl)CC2)cc1,Ki,2,multi-target,0,533.0680000000003,6.411620000000007,55.150000000000006,0,6,9,5,4,38,0.3225806451612903,2,0
CHEMBL297923,10.420911,9.952232,COc1ccc(-c2c3n(c4c(=O)oc5cc(OS(=O)(=O)O)c(OC)cc5c24)C(O)Cc2c-3cc(OC)c(OC)c2OC)cc1O,IC50,1,single-target,0,641.6070000000002,4.058900000000003,185.35,3,13,8,6,5,45,0.2333333333333333,2,0
CHEMBL3735436,11.447963,5.092881,Cc1ccc2oc(=O)c(-c3c[nH]c4ccccc34)cc2c1,IC50,2,multi-target,0,275.3070000000001,4.249720000000003,46.0,1,2,1,4,4,21,0.0555555555555555,0,1
CHEMBL4215743,11.146963,4.5374985,COc1ccc2oc(=O)c(-c3ccc(Br)nn3)cc2c1,IC50,1,single-target,0,333.141,3.021100000000001,65.22,0,5,2,3,3,20,0.0714285714285714,0,1
CHEMBL3786231,11.837402,7.689231,CCCCN(CCCC)CC(=O)N1N=C(c2cc3ccccc3oc2=O)CC1c1ccccc1,IC50,1,single-target,0,459.59000000000015,5.372900000000006,66.12,0,5,10,4,3,34,0.3928571428571428,1,0
CHEMBL4792307,4.0341425,-2.5757165,COc1ccc(-c2ccccc2N2CCN(C[C@@H](O)COc3cc(Cl)c4oc(=O)cc(C)c4c3)CC2)cc1,Ki,2,multi-target,0,535.0400000000004,4.992320000000005,75.38,1,7,8,5,4,38,0.3,1,0
CHEMBL4760803,-3.9801948,-0.487865,CC(C)CN(C[C@@H](O)[C@H](Cc1ccccc1)NCc1cc(=O)oc2cc(O)ccc12)S(=O)(=O)c1ccc([N+](=O)[O-])cc1,IC50,1,single-target,0,595.6740000000002,3.815500000000003,163.22000000000003,3,9,13,4,4,42,0.3,1,0
CHEMBL3735661,11.389275,5.1998186,Cc1ccc2oc(=O)c(-c3cccc4ccccc34)cc2c1,IC50,2,multi-target,0,286.33000000000004,4.921620000000003,30.21,0,2,1,4,4,22,0.05,0,1
CHEMBL3827220,15.759044,4.0331736,O=C(NCCCCCc1ccccc1)Oc1cccc(Cn2cc(COc3ccc4ccc(=O)oc4c3)nn2)c1,IC50,3,multi-target,0,538.6040000000004,5.513200000000006,108.48,1,8,12,5,5,40,0.2258064516129032,2,0
CHEMBL4447913,16.094362,5.21171,NS(=O)(=O)c1ccc(C/N=C/c2c(OCc3cn(CCCOc4ccc5ccc(=O)oc5c4)nn3)ccc3ccccc23)cc1,Ki,3,multi-target,0,623.6910000000003,4.852300000000005,151.90000000000003,1,10,12,6,6,45,0.1515151515151515,1,0
CHEMBL2207074,4.1984377,2.9537818,COc1ccc2c(C3CC(=O)C4=C(C3)OC(N)=C(C#N)C4C)cc(=O)oc2c1,IC50,1,single-target,0,378.38400000000007,2.862380000000001,115.55,1,7,2,4,2,28,0.2857142857142857,0,1
CHEMBL141326,2.9395404,1.2691597,O=c1cc(O)c2ccc(OCc3ccccc3)cc2o1,IC50,1,single-target,0,268.268,3.077600000000001,59.67,1,4,3,3,3,20,0.0625,0,1
CHEMBL2178990,2.397046,2.5108747,Cc1cc(=O)oc2cc(OCc3nnc(S)s3)ccc12,Ki,2,multi-target,0,306.368,2.820620000000001,65.22,1,7,3,3,3,20,0.1538461538461538,0,1
CHEMBL3959682,4.173467,2.7416492,CN[C@@H](C)C(=O)N[C@@H]1C(=O)N(Cc2cc(=O)oc3cc(OC)ccc23)c2ccccc2N(C(=O)CS(C)(=O)=O)[C@H]1C,IC50,1,single-target,0,584.6510000000003,1.2072000000000018,155.32999999999998,2,9,8,4,3,41,0.3571428571428571,1,0
CHEMBL3394542,3.1669178,4.1314087,Cc1c(Cl)c(=O)oc2cc(NCc3ccccc3O)ccc12,IC50,1,single-target,0,315.7560000000001,4.072520000000002,62.47,2,4,3,3,3,22,0.1176470588235294,0,1
CHEMBL1255659,8.502426,-0.9143393,O=Nc1ccc2oc(=O)ccc2c1,AC50,4,multi-target,0,175.143,2.1909,59.64,0,4,1,2,2,13,0.0,0,1
CHEMBL3957916,5.166102,9.668079,O=c1oc2ccccc2c(N2CCN(C(c3ccccc3)c3ccc(Cl)cc3)CC2)c1CO,IC50,1,single-target,0,460.9610000000002,4.850300000000005,56.92,1,5,5,5,4,33,0.2222222222222222,0,1
CHEMBL484769,11.055743,1.1564128,Cc1cccc(Cl)c1NC(=O)c1cc2ccc(OCc3ccc(F)cc3)cc2oc1=O,IC50,2,multi-target,0,437.8540000000002,5.725220000000003,68.53999999999999,1,4,5,4,4,31,0.0833333333333333,1,0
CHEMBL4445352,15.824976,2.1806426,CCc1c(O)c(=O)ccn1Cc1cc2ccc(OCc3ccccc3)cc2oc1=O,IC50,1,single-target,0,403.4340000000001,3.8500000000000014,81.66999999999999,1,6,6,4,4,30,0.1666666666666666,0,1
CHEMBL2425834,-1.2346679,-5.7500644,Cc1ccccc1C[n+]1ccc(C2C(C#N)=C(N)Oc3c2c(=O)oc2ccccc32)cc1,IC50,2,multi-target,0,422.46400000000017,3.655400000000002,93.13,1,5,3,5,4,32,0.1153846153846153,0,1
CHEMBL206759,4.637094,1.4955648,CC[C@@](C)(Cc1ccc(OCCCOc2cc3oc(=O)cc(C(F)(F)F)c3cc2Cl)cc1)C(=O)O,EC50,1,single-target,0,512.9080000000001,6.356500000000006,85.97000000000001,1,5,10,3,3,35,0.36,2,0
CHEMBL4174883,16.129599,5.0018697,NC1=NC2(CCCCC2)N(c2ccc(OCc3cn(CCCOc4ccc5ccc(=O)oc5c4)nn3)cc2)C(N)=N1,IC50,2,multi-target,0,556.6270000000002,3.542400000000001,159.38,2,12,9,6,4,41,0.3448275862068966,2,0
CHEMBL2206129,18.002178,3.2993264,O=C(/C=C/c1cc[n+](Cc2ccccc2F)cc1)c1cc2cc(Br)ccc2oc1=O,IC50,2,multi-target,0,465.2980000000002,4.926500000000003,51.16,0,3,5,4,4,30,0.0416666666666666,0,1
CHEMBL161371,19.776903,8.459146,NS(=O)(=O)c1cc(S(N)(=O)=O)c(NCc2cc(=O)oc3cc(Cl)ccc23)cc1Cl,Ki,3,multi-target,0,478.33500000000015,2.0067000000000004,162.56,3,7,5,3,3,29,0.0625,0,1
CHEMBL4102241,22.387112,-4.767767,NS(=O)(=O)c1ccc(-n2nc(C(=O)OCCOc3ccc4ccc(=O)oc4c3)cc2-c2ccc(F)cc2)cc1,IC50,3,multi-target,0,549.5360000000003,3.668000000000003,143.72000000000003,1,9,8,5,5,39,0.074074074074074,1,0
CHEMBL3087908,13.64386,3.147106,COc1cccc2cc(C(=O)NC3CCN(Cc4ccccc4)CC3)c(=O)oc12,IC50,2,multi-target,0,392.45500000000015,3.196000000000001,71.78,1,5,5,4,3,29,0.3043478260869565,0,1
CHEMBL4091054,4.899697,-0.7987994,Cc1cc(=O)oc2cc(OCCN3CCCCC3)ccc12,IC50,2,multi-target,0,287.3589999999999,2.966120000000001,42.68,0,4,4,3,2,21,0.4705882352941176,0,1
CHEMBL3193444,13.52989,1.3649124,C/C(=N\NC(=O)CC#N)c1cc2ccccc2oc1=O,AC50,2,multi-target,0,269.26,1.54688,95.46,1,5,3,2,2,20,0.1428571428571428,0,1
CHEMBL3092188,11.182872,14.45517,CN(C)C(=O)Oc1ccc2c(CF)c(Cc3cccc(NS(N)(=O)=O)c3)c(=O)oc2c1,IC50,2,multi-target,0,449.4600000000001,2.5291,131.94,2,6,6,3,3,31,0.2,0,1
CHEMBL3427405,6.13423,11.538783,Cc1cc(F)ccc1-c1c(Cc2ccc(/C=C/C(=O)O)cc2)c2c(F)cc(O)cc2oc1=O,IC50,1,single-target,0,448.42100000000016,5.440820000000006,87.74000000000001,2,4,5,4,4,33,0.0769230769230769,1,0
CHEMBL3427398,6.062668,11.457579,Cc1cc(Cl)ccc1-c1c(Cc2ccc(/C=C/C(=O)O)cc2)c2ccc(O)cc2oc1=O,IC50,1,single-target,0,446.8860000000002,5.816020000000005,87.74000000000001,2,4,5,4,4,32,0.0769230769230769,1,0
CHEMBL334946,0.014567372,10.784476,C[C@H]1Oc2c3c(c4c(-c5ccccc5)cc(=O)oc4c2C(=O)[C@@H]1C)OC(C)(C)C=C3,IC50,1,single-target,0,402.4460000000002,5.243900000000005,65.74,0,5,1,5,3,30,0.28,1,0
CHEMBL4087245,8.466018,-7.739194,NS(=O)(=O)Oc1ccc2cc(-c3ccc(NC(=O)c4ccc(F)c(F)c4)cc3)c(=O)oc2c1,IC50,1,single-target,0,472.4250000000002,3.5728000000000018,128.7,2,6,5,4,4,33,0.0,0,1
CHEMBL4591085,11.309143,-8.753222,N#Cc1cc2ccccc2c(N2CCN(CCCNc3cc(=O)oc4ccccc34)CC2)n1,IC50,3,multi-target,0,439.5190000000002,3.837080000000002,85.4,1,7,6,5,4,33,0.2692307692307692,0,1
CHEMBL4288960,12.874244,9.435698,Cc1cc(OCCCCN2CCN(c3cnccn3)CC2)c2c(C)cc(=O)oc2c1,Ki,2,multi-target,0,408.5020000000002,3.181040000000001,71.7,0,7,7,4,3,30,0.4347826086956521,0,1
CHEMBL445184,12.946231,1.111247,Cc1cccc(NC(=O)c2cc3ccccc3oc2=O)c1,IC50,3,multi-target,0,279.295,3.353720000000001,59.31,1,3,2,3,3,21,0.0588235294117647,0,1
CHEMBL1938472,6.360506,2.0691,Cc1cc(=O)oc2cc(O[C@@H]3O[C@H](CO[C@H]4O[C@H](CO)[C@H](O)[C@H](O)[C@H]4O)[C@@H](O)[C@H](O)[C@H]3O)ccc12,Ki,4,multi-target,0,500.4530000000001,-2.8956799999999987,208.74,7,13,6,4,2,35,0.5909090909090909,3,0
CHEMBL4455899,5.2343283,6.755521,CC(C)Cn1cnc2c(=O)oc3ccc(O)cc3c21,EC50,1,single-target,0,258.277,2.5043000000000006,68.26,1,5,2,3,3,19,0.2857142857142857,0,1
CHEMBL2047529,0.33447745,3.5535383,CN(CCCOc1ccc2ccc(=O)oc2c1)Cc1cccc(OC(=O)NCCCCCCCN2CCOCC2)c1,IC50,4,multi-target,0,565.7110000000004,5.065000000000005,93.48,1,8,16,4,3,41,0.5,2,0
CHEMBL4071144,11.587649,4.3633866,CC1(C)C=Cc2cc3cc(-c4ccc(O)cc4O)c(=O)oc3cc2O1,IC50,1,single-target,0,336.3430000000001,4.055400000000002,79.9,2,5,1,4,3,25,0.15,0,1
CHEMBL4463247,13.002017,2.3354013,CCOc1cccc2cc(C(=O)NNC(=O)c3cc(Cl)ccc3O)c(=O)oc12,IC50,1,single-target,0,402.7900000000001,2.6255,117.87000000000002,3,6,4,3,3,28,0.1052631578947368,0,1
CHEMBL4784235,3.5873268,0.818799,O=c1cc(CN2CCN(Cc3ccccc3)CC2)c2ccc(OCc3ccccc3)cc2o1,Ki,2,multi-target,0,440.5430000000002,4.689800000000004,45.92,0,5,7,5,4,33,0.25,0,1
CHEMBL3403704,-5.5321693,12.189249,CCCc1cc2c(C(F)(F)F)cc(=O)oc2c(CCC)c1OCCCCN1C(=O)NC(C)(c2ccc([N+](=O)[O-])cc2)C1=O,EC50,1,single-target,0,603.5940000000004,6.251200000000007,131.99,1,7,12,4,3,43,0.4333333333333333,2,0
CHEMBL1484327,11.621426,4.4578104,COc1ccc(-c2cc3ccc(O)cc3oc2=O)cc1OC,IC50,4,multi-target,0,298.29400000000004,3.182800000000001,68.9,1,5,3,3,3,22,0.1176470588235294,0,1
CHEMBL4799424,3.627329,3.4615462,Cc1cc(=O)oc2cc(NC(=O)/C=C/c3cccc(F)c3)ccc12,Ki,2,multi-target,0,323.32300000000004,3.892420000000002,59.31,1,3,3,3,3,24,0.0526315789473684,0,1
CHEMBL3403692,-5.5205226,12.201047,CCCc1cc2c(C(F)(F)F)cc(=O)oc2c(CCC)c1OCCCCN1C(=O)N(C)C(C)(C)C1=O,EC50,2,multi-target,0,510.55300000000045,5.548400000000006,80.06,0,5,10,3,2,36,0.5769230769230769,2,0
CHEMBL573693,6.204782,7.974003,Cc1cc2oc(=O)c(Cc3ccccc3)c(O)c2cc1C,IC50,1,single-target,0,280.32300000000004,3.706240000000002,50.44,1,3,2,3,3,21,0.1666666666666666,0,1
CHEMBL5397716,6.262134,-2.1294172,O=c1cc(OCCCN2CCC(CNCc3ccccc3F)CC2)c2ccc(-c3cccnc3)cc2o1,IC50,2,multi-target,0,501.60200000000026,5.264800000000005,67.6,1,6,10,5,4,37,0.3333333333333333,2,0
CHEMBL271709,12.974302,4.7233524,CCN(Cc1ccccc1)Cc1ccc(-c2cc3ccc(OCCNC(=O)/C=C/c4cc(F)cc(F)c4)cc3oc2=O)cc1,IC50,2,multi-target,0,594.6580000000002,6.968700000000007,71.78,1,5,12,5,5,44,0.1666666666666666,2,0
CHEMBL3286949,8.488417,0.6619374,COc1ccc(CCNC(=O)COc2ccc3ccc(=O)oc3c2)cc1OC,IC50,1,single-target,0,383.40000000000015,2.547900000000001,87.0,1,6,8,3,3,28,0.238095238095238,0,1
CHEMBL3335025,1.2204931,3.6732416,CN(CCOc1ccc2c3c(c(=O)oc2c1)CCCC3)Cc1ccccc1,IC50,1,single-target,0,363.4570000000001,4.182600000000003,42.68,0,4,6,4,3,27,0.3478260869565217,0,1
CHEMBL3335064,5.154895,-1.3313011,O=c1oc2cc(OCCCN3CCC(Cc4ccccc4)CC3)ccc2c2ccccc12,IC50,2,multi-target,0,427.54400000000015,5.669800000000006,42.68,0,4,7,5,4,32,0.3214285714285714,1,0
CHEMBL574038,7.6757,2.1572669,COc1cc([C@@H]2Oc3ccc4ccc(=O)oc4c3O[C@H]2CO)ccc1O,IC50,1,single-target,0,356.3300000000001,2.3806000000000007,98.36,2,7,3,4,3,26,0.2105263157894736,0,1
CHEMBL1080949,1.6342695,-5.455381,CCOCC1(CN2CCOCC2)COc2ccc3c(C)cc(=O)oc3c2C1=O,IC50,1,single-target,0,387.4320000000002,2.03162,78.21000000000001,0,7,5,4,2,28,0.5238095238095238,0,1
CHEMBL4460538,7.2472963,-3.1880252,Cc1c(C)c2ccc(OCC3CCCN(Cc4cccc(Br)c4)C3)cc2oc1=O,IC50,3,multi-target,0,456.3800000000001,5.463340000000006,42.68,0,4,5,4,3,29,0.375,1,0
CHEMBL5405024,6.4553604,7.5960994,Cc1ccc(-n2cc(C#N)c3cc4c(=O)oc5ccc(C)cc5c4nc32)cc1,IC50,1,single-target,0,365.3920000000001,4.773620000000004,71.82,0,5,1,5,5,28,0.0869565217391304,0,1
CHEMBL1077922,1.6379251,-5.4503865,Cc1cc(=O)oc2c3c(ccc12)OCC(CO)(CN1CCOCC1)C3=O,IC50,1,single-target,0,359.3780000000002,0.9874199999999996,89.21000000000001,1,7,3,4,2,26,0.4736842105263157,0,1
CHEMBL1835230,11.140901,4.913679,COc1ccc(-c2cc3cc(C)ccc3oc2=O)cc1OC,IC50,2,multi-target,0,296.32200000000006,3.7856200000000015,48.67,0,4,3,3,3,22,0.1666666666666666,0,1
CHEMBL1098542,-1.3758743,19.039255,COc1ccc2c(Nc3c(Cl)cncc3Cl)cc(=O)oc2c1OCCCCCC(=O)O,IC50,1,single-target,0,467.3050000000004,5.270800000000002,110.89,2,7,10,3,3,31,0.2857142857142857,1,0
CHEMBL4761025,14.031928,1.137481,Cc1ccc(S(=O)(=O)C/C(=N\Nc2ccc(S(N)(=O)=O)cc2)c2cc3ccccc3oc2=O)cc1,Ki,4,multi-target,0,511.5810000000002,3.038920000000002,148.89999999999998,2,8,7,4,4,35,0.0833333333333333,1,0
CHEMBL5171038,8.545871,1.898939,C=CC(C)(C)c1cc2cc(CC(=O)C(C)C)c(OC)cc2oc1=O,EC50,1,single-target,0,328.4080000000001,4.032800000000003,56.51,0,4,6,2,2,24,0.4,0,1
CHEMBL3264000,11.371598,14.274557,CNS(=O)(=O)Nc1nccc(Cc2c(C)c3ccc(Oc4ccccn4)cc3oc2=O)c1F,IC50,2,multi-target,0,470.4820000000002,3.2897200000000018,123.42000000000002,2,7,7,4,4,33,0.1363636363636363,0,1
CHEMBL3545709,1.5063475,4.3068385,C[C@@H](c1ccc2c(c1)oc(=O)c1ccccc12)N(C)C,IC50,2,multi-target,0,267.328,3.568800000000002,33.45,0,3,2,3,3,20,0.2352941176470588,0,1
CHEMBL1337320,2.6130314,5.183112,CCC(C)C(NS(=O)(=O)c1ccc(C)cc1)C(=O)Oc1ccc2c3c(c(=O)oc2c1)CCC3,AC50,4,multi-target,0,469.5590000000004,3.888720000000003,102.68,1,6,7,4,3,33,0.36,0,1
CHEMBL5570372,8.585827,0.71838593,NS(=O)(=O)c1ccc(NC(=O)COc2ccc3ccc(=O)oc3c2)c(Cl)c1,Ki,8,multi-target,1,408.8190000000001,2.1113,128.7,2,6,5,3,3,27,0.0588235294117647,0,1
CHEMBL4761017,14.022601,1.1679701,Cc1ccc(S(=O)(=O)C/C(=N\Nc2ccc(S(N)(=O)=O)cc2)c2cc3cc(Br)ccc3oc2=O)cc1,Ki,4,multi-target,0,590.4770000000002,3.801420000000002,148.89999999999998,2,8,7,4,4,36,0.0833333333333333,1,0
CHEMBL3261203,12.795625,2.6924834,Cc1cccc(NC(=O)c2cc3cc(Br)cc(Br)c3oc2=O)c1,IC50,1,single-target,0,437.08700000000016,4.878720000000002,59.31,1,3,2,3,3,23,0.0588235294117647,0,1
CHEMBL515454,10.5328,0.071747266,COC(=O)c1cc2ccc(OCCc3nc(-c4cccc(C)c4)oc3C)cc2oc1=O,EC50,1,single-target,0,419.43300000000016,4.472940000000005,91.77,0,7,6,4,4,31,0.2083333333333333,0,1
CHEMBL4863350,-2.6415932,5.314668,CCCCc1cc2c(O)cc(C3(CCCC)CCCCC3)cc2oc1=O,Ki,1,single-target,0,356.50600000000014,6.233300000000005,50.440000000000005,1,3,7,3,2,26,0.6086956521739131,1,0
CHEMBL4850969,-1.7756288,5.7382197,CCCCC(C)(C)c1cc(OC)c2cc(Cc3ccccc3C)c(=O)oc2c1,Ki,1,single-target,0,378.5120000000001,6.168620000000007,39.44,0,3,7,3,3,28,0.4,1,0
CHEMBL574860,2.5208213,1.2343577,CN(C)Cc1cc(=O)oc2cc(OCc3cccc(Cl)c3)ccc12,IC50,2,multi-target,0,343.81,4.087000000000003,42.68000000000001,0,4,5,3,3,24,0.2105263157894736,0,1
CHEMBL1378353,12.696566,1.1914186,Cc1nc(-c2cccc(NC(=O)c3cc4cc(Br)ccc4oc3=O)c2)cs1,AC50,3,multi-target,0,441.306,5.239720000000003,72.2,1,5,3,4,4,27,0.05,1,0
CHEMBL1892379,5.138853,-1.3643422,CC(Oc1ccc2c(c1)oc(=O)c1ccccc12)C(=O)NCCCN1CCOCC1,IC50,1,single-target,0,410.4700000000003,2.552,81.00999999999999,1,6,7,4,3,30,0.391304347826087,0,1
CHEMBL4872368,11.847284,3.093926,O=C(O)c1cc2cc(-c3ccc(F)cc3)c(O)cc2oc1=O,IC50,1,single-target,0,300.2410000000001,3.002900000000001,87.74000000000001,2,4,2,3,3,22,0.0,0,1
CHEMBL4871041,-1.0853294,8.290639,CCN(CC)c1ccc2c(C)c(CCN3C(=O)NC4(CCN(C(=O)c5c[nH]cn5)C4)C3=O)c(=O)oc2c1,EC50,1,single-target,0,506.56300000000033,2.0499199999999997,131.85000000000002,2,7,7,5,3,37,0.4230769230769231,1,0
CHEMBL4875945,3.2874832,2.1283712,Cc1cc(=O)oc2cc(OCC(C)c3ccccc3)ccc12,EC50,1,single-target,0,294.35,4.283920000000004,39.44,0,3,4,3,3,22,0.2105263157894736,0,1
CHEMBL573988,2.4957943,1.0392376,CNCCc1cc(=O)oc2cc(OCc3cccc(Cl)c3)ccc12,IC50,2,multi-target,0,343.81,3.787300000000004,51.47,1,4,6,3,3,24,0.2105263157894736,0,1
CHEMBL356714,2.0209854,3.2052867,Cc1c(C)c2ccc(OCc3cccc(C#N)c3)cc2oc1=O,IC50,3,multi-target,0,305.3330000000001,3.860520000000003,63.23,0,4,3,3,3,23,0.1578947368421052,0,1
CHEMBL2322278,3.8595288,6.741587,Cc1c(CC(=O)Nc2ccc(C(=O)O)cc2)c(=O)oc2cc3oc4c(c3cc12)CCCC4,EC50,1,single-target,0,431.4440000000004,4.605820000000003,109.75,2,5,4,5,4,32,0.24,0,1
CHEMBL4483602,12.923125,1.830417,O=C(NNC(=O)c1cc2ccccc2oc1=O)c1cc(Cl)ccc1O,IC50,1,single-target,0,358.7370000000001,2.2268000000000003,108.64,3,5,2,3,3,25,0.0,0,1
CHEMBL1347715,3.8882368,3.439965,COCc1cc(=O)oc2cc(NC(=O)c3ccc(C(C)(C)C)cc3)ccc12,AC50,1,single-target,0,365.42900000000014,4.489200000000004,68.53999999999999,1,4,4,3,3,27,0.2727272727272727,0,1
CHEMBL1520131,11.282248,3.152373,CCCCCCc1cc2cc(-c3nnc(-c4ccccc4OC)o3)c(=O)oc2cc1O,IC50,1,single-target,0,420.4650000000002,5.347000000000006,98.59,1,7,8,4,4,31,0.2916666666666667,1,0
CHEMBL3920525,9.5269985,-1.9539863,COc1cc2oc(=O)cc(C)c2cc1-c1ccc(C#N)n1CC1CCCCC1,IC50,1,single-target,0,376.4560000000002,5.030500000000004,68.16,0,5,4,4,3,28,0.391304347826087,1,0
CHEMBL505327,-1.0768389,5.8745327,COc1ccccc1Cc1cc2c(OC)cccc2oc1=O,Ki,2,multi-target,0,296.32200000000006,3.4010000000000025,48.67,0,4,4,3,3,22,0.1666666666666666,0,1
CHEMBL88855,6.3939624,8.574781,O=c1oc2ccccc2c(O)c1CCOc1ccccc1,IC50,1,single-target,0,282.295,3.1201000000000008,59.67,1,4,4,3,3,21,0.1176470588235294,0,1
CHEMBL3785474,11.854296,7.6758847,CCCCCCN(CCCCCC)CC(=O)N1N=C(c2cc3ccccc3oc2=O)CC1c1ccccc1C(F)(F)F,IC50,1,single-target,0,583.6950000000004,7.952100000000009,66.12,0,5,14,4,3,42,0.4848484848484848,2,0
CHEMBL4439360,12.162285,2.5851994,O=C(CCN1CCOCC1)c1cc2cc(Br)c(O)c(Br)c2oc1=O,IC50,2,multi-target,0,461.1060000000001,2.9286000000000025,79.98,1,6,4,3,2,24,0.375,0,1
CHEMBL224649,7.713038,-0.63056326,O=c1ccc2ccc(Cn3ccnc3)cc2o1,IC50,1,single-target,0,226.235,2.0378,48.03,0,4,2,3,3,17,0.0769230769230769,0,1
CHEMBL5169638,20.286877,-7.2727795,COc1cc(/C=C/c2cc(=O)oc3c2ccc2oc(-c4ccc(C)cc4)cc23)cc(OC)c1,IC50,4,multi-target,0,438.47900000000016,6.702220000000006,61.81,0,5,5,5,5,33,0.1071428571428571,1,0
CHEMBL4550005,11.939509,2.2576144,Cc1cc(O)cc2oc(=O)c(C(=O)CCN3CCCC3)cc12,IC50,1,single-target,0,301.34200000000004,2.47562,70.75,1,5,4,3,2,22,0.4117647058823529,0,1
CHEMBL4210550,10.399931,9.930634,COc1ccc(-c2c3c4cc(O)c(OCCCN(C)C)cc4oc(=O)c3n3ccc4cc(O)c(OC)cc4c23)cc1O,IC50,1,single-target,0,570.5980000000002,5.483600000000005,126.24,3,10,8,6,6,42,0.21875,2,0
CHEMBL2425828,-1.2983564,-5.6894555,N#CC1=C(N)Oc2c(c(=O)oc3ccccc23)C1c1ccc[n+](Cc2cccc(F)c2)c1,IC50,1,single-target,0,426.4270000000001,3.486080000000002,93.13,1,5,3,5,4,32,0.08,0,1
CHEMBL1651089,7.142384,1.331194,COC(C)(C)[C@H](O)CC/C(C)=C/COc1c2ccoc2cc2oc(=O)ccc12,IC50,1,single-target,0,386.4440000000001,4.430400000000004,82.03999999999999,1,6,8,3,3,28,0.4090909090909091,0,1
CHEMBL1392611,4.2244163,5.43857,Cc1c(C)c2ccc(OCC(=O)Nc3ccccn3)c(C)c2oc1=O,AC50,1,single-target,0,338.3630000000001,3.1307600000000013,81.43,1,5,4,3,3,25,0.2105263157894736,0,1
CHEMBL2425836,-1.2688686,-5.7173843,Cc1cccc(C[n+]2ccc(C3C(C#N)=C(N)Oc4c3c(=O)oc3ccccc43)cc2)c1,IC50,2,multi-target,0,422.46400000000017,3.655400000000002,93.13,1,5,3,5,4,32,0.1153846153846153,0,1
CHEMBL3586613,8.532816,0.29209587,O=c1ccc2ccc(OCc3ccc(CCNCc4ccccc4)cc3)cc2o1,IC50,3,multi-target,0,385.463,4.704300000000004,51.47,1,4,8,4,4,29,0.16,0,1
CHEMBL264936,7.2143097,8.588216,COc1cccc(C(c2c(O)c3ccccc3oc2=O)c2c(O)c3ccccc3oc2=O)c1,IC50,1,single-target,0,442.4230000000002,4.499400000000003,110.11,2,7,4,5,5,33,0.0769230769230769,0,1
CHEMBL4796142,15.867203,4.3914685,Cc1cc(=O)oc2cc(-n3cc(Cn4cc(F)c(=O)[nH]c4=O)nn3)ccc12,Ki,2,multi-target,0,369.31200000000007,0.7195199999999995,115.78,1,8,3,4,4,27,0.1176470588235294,0,1
CHEMBL511304,-1.1555451,5.865623,COc1cccc(Cc2cc3c(OC)cc(C)cc3oc2=O)c1,Ki,2,multi-target,0,310.34900000000005,3.7094200000000015,48.67,0,4,4,3,3,23,0.2105263157894736,0,1
CHEMBL1372307,10.42889,4.2470226,CCOc1cccc2cc(-c3cn4cc(C)ccc4n3)c(=O)oc12,IC50,1,single-target,0,320.34800000000007,3.8148200000000023,56.74,0,5,3,4,4,24,0.1578947368421052,0,1
CHEMBL4167588,10.766105,4.802804,Cc1cc(C2Nc3ccccc3C(=O)N2C)cc2cc(-c3cccs3)c(=O)oc12,EC50,1,single-target,0,402.47500000000014,5.026220000000003,62.55,1,5,2,5,4,29,0.1304347826086956,1,0
CHEMBL3940526,1.6211133,-1.4013637,O=c1ccc2c(OCCCCOc3ccc(Cl)cc3)c3ccoc3cc2o1,EC50,2,multi-target,0,384.8150000000001,5.430600000000004,61.81,0,5,7,4,4,27,0.1904761904761904,1,0
CHEMBL1416373,3.5578458,5.1562476,Cc1cc(OCc2nn[nH]n2)c2c3c(c(=O)oc2c1)CCCC3,IC50,1,single-target,0,312.3290000000002,2.0723199999999995,93.9,1,6,3,4,3,23,0.375,0,1
CHEMBL2441683,3.3890436,1.8162644,COc1c(F)c[n+](CCCOc2ccc3c(C)cc(=O)oc3c2)cc1F,IC50,1,single-target,0,362.3520000000001,3.144820000000002,52.55,0,4,6,3,3,26,0.2631578947368421,0,1
CHEMBL4856823,5.643881,20.772112,CCCCCc1cccc(C(=O)Nc2c(O)c3ccc(O)cc3oc2=O)c1,Ki,2,multi-target,0,367.4010000000001,4.189200000000003,99.77,3,5,6,3,3,27,0.238095238095238,0,1
CHEMBL4854105,-1.062841,8.321805,CCN(CC)c1ccc2c(C)c(CCN3C(=O)NC4(CCN(c5nccn6ncnc56)CC4)C3=O)c(=O)oc2c1,EC50,1,single-target,0,544.6160000000003,2.51882,129.18,1,10,7,6,4,40,0.4285714285714285,1,0
CHEMBL3087901,13.734779,3.1328313,COc1ccc2cc(C(=O)NCCC3CCN(Cc4ccccc4)CC3)c(=O)oc2c1,IC50,2,multi-target,0,420.5090000000002,3.833700000000003,71.78,1,5,7,4,3,31,0.36,0,1
CHEMBL3086064,11.00749,14.608009,Cc1c(Cc2cccc(NS(N)(=O)=O)c2)c(=O)oc2cc(OC(=O)N(C)C)c(Cl)cc12,IC50,2,multi-target,0,465.91500000000025,3.0214200000000018,131.94,2,6,5,3,3,31,0.2,0,1
CHEMBL4861156,-1.079067,8.305086,CCN(CC)c1ccc2c(C)c(CCN3C(=O)NC4(CCN(c5ncccn5)C4)C3=O)c(=O)oc2c1,EC50,1,single-target,0,490.5640000000003,2.481020000000001,111.87999999999998,1,8,7,5,3,36,0.4230769230769231,0,1
CHEMBL575732,2.8906987,0.9497243,NC(=O)[C@@H]1CCCN1c1cc(=O)oc2cc(OCc3cccc(Cl)c3)ccc12,IC50,1,single-target,0,398.84600000000006,3.4795000000000025,85.77000000000001,1,5,5,4,3,28,0.238095238095238,0,1
CHEMBL1830810,11.864426,1.6649859,CCOC(=O)c1cc2cc(OC)ccc2oc1=O,IC50,1,single-target,0,248.23399999999995,1.9783,65.74000000000001,0,5,3,2,2,18,0.2307692307692307,0,1
CHEMBL584377,2.7596295,1.1387211,C[C@H](Nc1cc(=O)oc2cc(OCc3ccccc3)ccc12)C(N)=O,IC50,2,multi-target,0,338.36300000000006,2.6576999999999997,94.56,2,5,6,3,3,25,0.1578947368421052,0,1
CHEMBL574191,2.6982694,1.3842251,NC(=O)Cc1cc(=O)oc2cc(OCc3cccc(O)c3)ccc12,IC50,2,multi-target,0,325.32000000000005,2.1054000000000004,102.76000000000002,2,5,5,3,3,24,0.1111111111111111,0,1
CHEMBL1467623,2.4918077,6.284328,Cc1c(CCC(=O)O)c(=O)oc2c(C)c(OCc3cc4c(cc3Cl)OCO4)ccc12,IC50,6,multi-target,1,430.8400000000001,4.388140000000004,95.2,1,6,6,4,3,30,0.2727272727272727,0,1
CHEMBL4783964,3.6163342,0.77933985,O=c1cc(CN2CCN(Cc3ccccc3)CC2)c2ccc(OCc3ccccc3[N+](=O)[O-])cc2o1,Ki,2,multi-target,0,485.54000000000025,4.598000000000004,89.06,0,7,8,5,4,36,0.25,0,1
CHEMBL4851243,5.6106367,20.805723,CCCSc1cccc(C(=O)Nc2c(O)c3ccc(O)cc3oc2=O)c1,Ki,2,multi-target,0,371.4140000000001,3.9586000000000015,99.77,3,6,5,3,3,26,0.1578947368421052,0,1
CHEMBL3403689,-5.5206065,12.201114,CCCc1cc2c(C(F)(F)F)cc(=O)oc2c(CCC)c1OCCCCN1CCOC1=O,EC50,1,single-target,0,455.4730000000004,5.328000000000006,68.97999999999999,0,5,10,3,2,32,0.5652173913043478,1,0
CHEMBL4875883,5.864736,20.5352,CC(C)CCc1cccc(C(=O)Nc2c(O)c3ccc(NS(=O)(=O)c4ccccc4)cc3oc2=O)c1,Ki,2,multi-target,0,506.5800000000002,5.140300000000004,125.71,3,6,8,4,4,36,0.1851851851851851,2,0
CHEMBL3403709,-5.5262923,12.19418,CCCc1c(OCCCCN2C(=O)NC(C)(c3ccccc3)C2=O)ccc2c(C(F)(F)F)cc(=O)oc12,EC50,1,single-target,0,516.5160000000002,5.390500000000006,88.85000000000001,1,5,9,4,3,37,0.3703703703703703,2,0
CHEMBL1688912,8.742735,10.976168,O=c1cc(Cn2ccnc2)c2ccc(Nc3ccccc3)cc2o1,IC50,1,single-target,0,317.34800000000007,3.7814000000000014,60.06,1,5,4,4,4,24,0.0526315789473684,0,1
CHEMBL1346518,12.945751,0.7661865,CCc1ccc(OCC(=O)Nc2ccc(-c3cc4ccccc4oc3=O)c(OC)c2)cc1,EC50,1,single-target,0,429.4720000000002,5.048500000000004,77.77,1,5,7,4,4,32,0.1538461538461538,1,0
CHEMBL574419,2.7668953,1.3740208,NC(=O)Cc1cc(=O)oc2cc(OCc3ccccc3)ccc12,IC50,2,multi-target,0,309.321,2.399800000000001,82.53000000000002,1,4,5,3,3,23,0.1111111111111111,0,1
CHEMBL4208961,3.1402485,1.9901977,Cc1cc(=O)oc2cc(OCc3cc[n+](Cc4ccccc4Br)cc3)ccc12,IC50,5,multi-target,1,437.3130000000001,4.778720000000003,43.32,0,3,5,4,4,28,0.1304347826086956,0,1
CHEMBL577175,2.9839897,1.1788065,NC(=O)[C@@H]1CCCN1c1cc(=O)oc2cc(OCc3ccccc3)ccc12,IC50,2,multi-target,0,364.40100000000007,2.826100000000001,85.77000000000001,1,5,5,4,3,27,0.238095238095238,0,1
CHEMBL3410708,13.263531,2.6104498,CCCCOc1cccc2cc(C(=O)NC(CC)CC)c(=O)oc12,EC50,1,single-target,0,331.4120000000001,3.8903000000000025,68.53999999999999,1,4,8,2,2,24,0.4736842105263157,0,1
CHEMBL3586600,2.5824888,1.6226887,Cc1cc(=O)oc2cc(OCc3ccc(CN(C)Cc4cccc(Cl)c4)cc3)ccc12,IC50,3,multi-target,0,433.9350000000001,5.965820000000006,42.68,0,4,7,4,4,31,0.1923076923076923,1,0
CHEMBL3586597,8.906427,0.41412303,COc1cccc(CN(C)Cc2ccc(COc3ccc4ccc(=O)oc4c3)cc2)c1,IC50,3,multi-target,0,415.4890000000001,5.012600000000005,51.91,0,5,8,4,4,31,0.1923076923076923,1,0
CHEMBL3086072,11.010072,14.604123,Cc1c(Cc2cccc(NS(=O)(=O)NCCN)c2)c(=O)oc2cc(OC(=O)N(C)C)c(Cl)cc12,IC50,2,multi-target,0,508.9840000000002,2.611020000000001,143.97,3,7,8,3,3,34,0.2727272727272727,1,0
CHEMBL3359954,8.870291,11.116195,CCCOc1ccc(COc2ccc3c(Cn4ccnc4)cc(=O)oc3c2)cc1,IC50,3,multi-target,0,390.4390000000001,4.405600000000003,66.49000000000001,0,6,8,4,4,29,0.217391304347826,0,1
CHEMBL1544947,11.2859955,3.1254363,CCCCCCc1cc2cc(-c3nnc(-c4ccccc4O)o3)c(=O)oc2cc1O,IC50,1,single-target,0,406.43800000000016,5.044000000000006,109.59,2,7,7,4,4,30,0.2608695652173913,1,0
CHEMBL453805,7.0957346,1.6935667,CC(C)=CCOc1c2occc2cc2ccc(=O)oc12,IC50,3,multi-target,0,270.28400000000005,3.8842000000000025,52.58,0,4,3,3,3,20,0.1875,0,1
CHEMBL5403469,5.6418033,4.6353846,Cc1cc(=O)oc2c(NC(=O)CC(C)(C)C)c(O)ccc12,IC50,1,single-target,0,289.331,3.181720000000001,79.54,2,4,2,2,2,21,0.375,0,1
CHEMBL205009,6.374965,6.029863,COc1ccc2c(c1)c(=O)oc1c(C)c(O)ccc12,IC50,1,single-target,0,256.257,2.968820000000002,59.67,1,4,1,3,3,19,0.1333333333333333,0,1
CHEMBL333658,7.6149387,-1.0079161,Cc1ccccc1N1CCN(Cc2ccc3ccc(=O)oc3c2)CC1,Ki,1,single-target,0,334.4190000000001,3.4236200000000023,36.69,0,4,3,4,3,25,0.2857142857142857,0,1
CHEMBL4747566,5.468846,3.910088,COc1ccc2c(CCl)cc(=O)oc2c1O,IC50,1,single-target,0,240.642,2.246000000000001,59.67,1,4,2,2,2,16,0.1818181818181818,0,1
CHEMBL4646157,-0.8942598,5.6356797,O=c1oc2ccccc2cc1Cc1ccc(O)cc1,IC50,1,single-target,0,252.269,3.0894000000000013,50.44,1,3,2,3,3,19,0.0625,0,1
CHEMBL1543615,12.987693,3.4494483,O=C(NCCc1c[nH]c2ccccc12)c1cc2ccccc2oc1=O,IC50,2,multi-target,0,332.3590000000001,3.246800000000001,75.1,2,3,4,4,4,25,0.1,0,1
CHEMBL4450711,5.873378,-0.10579309,O=c1cc(OCCCCN2CCN(c3ncccn3)CC2)c2ccccc2o1,IC50,1,single-target,0,380.44800000000015,2.5642000000000005,71.7,0,7,7,4,3,28,0.3809523809523809,0,1
CHEMBL3586593,9.231785,0.61425173,Cc1cc2ccc(OCc3ccc(CN(C)Cc4ccccc4)cc3)cc2oc1=O,IC50,4,multi-target,0,399.49000000000007,5.312420000000005,42.68,0,4,7,4,4,30,0.1923076923076923,1,0
CHEMBL122427,8.165341,-0.49768996,O=c1ccc2ccc(CNCCCNc3ccccc3)cc2o1,Ki,1,single-target,0,308.38100000000003,3.384800000000002,54.27,2,4,7,3,3,23,0.2105263157894736,0,1
CHEMBL1688918,8.618052,10.865015,N#Cc1ccc(C(c2cc(=O)oc3cc(Oc4ccccc4)ccc23)n2ccnc2)cc1,IC50,1,single-target,0,419.44000000000005,5.291180000000004,81.05,0,6,5,5,5,32,0.0384615384615384,1,0
CHEMBL203519,6.3108826,6.0278516,Cc1c(O)ccc2c1oc(=O)c1ccccc12,IC50,1,single-target,0,226.231,2.9602200000000005,50.440000000000005,1,3,0,3,3,17,0.0714285714285714,0,1
CHEMBL312466,7.528992,2.5192127,C=CCc1c(OC(=O)Nc2ccccc2)ccc2ccc(=O)oc12,IC50,1,single-target,0,321.3320000000001,4.132400000000003,68.53999999999999,1,4,4,3,3,24,0.0526315789473684,0,1
CHEMBL2171900,2.5640426,6.629903,COC(=O)Cc1c(C)c2ccc(OCc3ccc(C(=O)OC)cc3)c(C)c2oc1=O,IC50,1,single-target,0,410.4220000000002,3.490940000000003,92.04,0,7,6,3,3,30,0.2608695652173913,0,1
CHEMBL1083005,3.2718704,8.9673395,O=c1cc(N2CCOCC2)c2ccc(-c3ccccc3)cc2o1,IC50,1,single-target,0,307.34900000000005,3.296600000000001,42.68000000000001,0,4,2,4,3,23,0.2105263157894736,0,1
CHEMBL2178444,2.4782693,6.3126173,Cc1c(CCC(=O)O)c(=O)oc2c(C)c(OCc3ccc(-c4ccccc4C#N)cc3)ccc12,IC50,1,single-target,0,453.4940000000001,5.544720000000004,100.53,1,5,7,4,4,34,0.1785714285714285,1,0
CHEMBL2206126,18.021711,3.3024487,COc1cccc2cc(C(=O)/C=C/c3cc[n+](Cc4cccc(C#N)c4)cc3)c(=O)oc12,IC50,2,multi-target,0,423.44800000000015,3.9051800000000014,84.17999999999999,0,5,6,4,4,32,0.0769230769230769,0,1
CHEMBL4537471,11.886187,2.3039527,COc1ccc2cc(C(=O)CCN3CCOCC3)c(=O)oc2c1,IC50,2,multi-target,0,317.341,1.7066,68.97999999999999,0,6,5,3,2,23,0.4117647058823529,0,1
CHEMBL4092434,22.297207,-4.6706195,NS(=O)(=O)c1ccc(-n2nc(C(=O)OCCOc3cc(=O)oc4ccccc34)cc2-c2ccc([N+](=O)[O-])cc2)cc1,IC50,3,multi-target,0,576.5430000000002,3.437100000000002,186.86,1,11,9,5,5,41,0.074074074074074,2,0
CHEMBL4075969,22.39186,-4.773212,Cc1ccc(-c2cc(C(=O)OCCOc3ccc4ccc(=O)oc4c3)nn2-c2ccc(S(N)(=O)=O)cc2)cc1,IC50,2,multi-target,0,545.5730000000002,3.837320000000002,143.72,1,9,8,5,5,39,0.1071428571428571,1,0
CHEMBL4065539,22.386322,-4.767078,NS(=O)(=O)c1ccc(-n2nc(C(=O)Oc3ccc4ccc(=O)oc4c3)cc2-c2ccccc2)cc1,IC50,3,multi-target,0,487.49300000000017,3.512300000000001,134.49,1,8,5,5,5,35,0.0,0,1
CHEMBL2205573,17.975454,3.281103,O=C(/C=C/c1cc[n+](Cc2ccccc2F)cc1)c1cc2ccccc2oc1=O,IC50,2,multi-target,0,386.40200000000016,4.164000000000003,51.16,0,3,5,4,4,29,0.0416666666666666,0,1
CHEMBL488072,4.258812,5.445522,CC(=O)COc1ccc2c(oc(=O)c3ccccc32)c1C,IC50,2,multi-target,0,282.295,3.2224200000000023,56.51,0,4,3,3,3,21,0.1764705882352941,0,1
CHEMBL4079516,10.892142,5.310027,N#Cc1c(-c2cccs2)cc(-c2cc3c(ccc4ccccc43)oc2=O)[nH]c1=O,IC50,1,single-target,0,396.4270000000001,4.9016800000000025,86.85999999999999,1,5,2,5,5,29,0.0,0,1
CHEMBL478193,1.8142794,3.4046931,Cc1c(C)c2ccc(OCCCCOc3cc(O)cc([N+](C)(C)C)c3)cc2oc1=O,IC50,2,multi-target,0,412.50600000000014,4.550140000000004,68.9,1,5,8,3,3,30,0.375,0,1
CHEMBL2425840,-1.2414193,-5.744951,N#CC1=C(N)Oc2c(c(=O)oc3ccccc23)C1c1cc[n+](Cc2ccc(Cl)cc2Cl)cc1,IC50,2,multi-target,0,477.3270000000002,4.653780000000003,93.13,1,5,3,5,4,33,0.08,0,1
CHEMBL3959541,13.523443,0.94604224,O=C(/C=C\Nc1ccc(S(=O)(=O)Nc2ccnn2-c2ccccc2)cc1)c1cc2ccccc2oc1=O,IC50,1,single-target,0,512.5470000000001,4.588000000000004,123.3,2,8,8,5,5,37,0.0,1,0
CHEMBL3623667,15.923169,4.1844115,COc1cccc(-n2cc(COc3ccc4ccc(=O)oc4c3)nn2)c1,Ki,3,multi-target,0,349.34600000000006,2.9613000000000005,79.38000000000001,0,7,5,4,4,26,0.1052631578947368,0,1
CHEMBL4072941,3.180728,5.5247273,Cc1oc2cc3oc(=O)c(C)c(C)c3cc2c1C,IC50,4,multi-target,0,242.27399999999997,3.7728800000000025,43.35,0,3,0,3,3,18,0.2666666666666666,0,1
CHEMBL4205764,3.1783946,1.9321917,Cc1cc(=O)oc2cc(OCc3cc[n+](Cc4ccccc4F)cc3)ccc12,IC50,4,multi-target,0,376.407,4.155320000000003,43.32,0,3,5,4,4,28,0.1304347826086956,0,1
CHEMBL4210383,12.486914,1.5999846,CCOC(=O)C(C)(C)Oc1ccc(C(=O)c2cc3ccccc3oc2=O)cc1,EC50,2,multi-target,0,380.3960000000001,3.744500000000003,82.81,0,6,6,3,3,28,0.2272727272727272,0,1
CHEMBL2177811,2.3474195,3.6602643,Cc1c(CCC(=O)O)c(=O)oc2cc(OCc3ccc(-c4ccccc4)cc3)ccc12,IC50,1,single-target,0,414.4570000000001,5.364620000000004,76.74,1,4,7,4,4,31,0.1538461538461538,1,0
CHEMBL2177808,2.336059,3.6818073,Cc1c(CCC(=O)O)c(=O)oc2cc(OCc3ccccc3-c3ccccc3)ccc12,IC50,1,single-target,0,414.4570000000001,5.364620000000004,76.74,1,4,7,4,4,31,0.1538461538461538,1,0
CHEMBL2178455,2.4818943,6.3027573,Cc1c(OCc2ccc(-c3ccccc3)cc2)ccc2cc(CCC(=O)O)c(=O)oc12,IC50,1,single-target,0,414.45700000000033,5.364620000000005,76.74000000000001,1,4,7,4,4,31,0.1538461538461538,1,0
CHEMBL2158006,5.646735,0.265806,CC(Oc1cc(=O)oc2ccccc12)C(=O)Nc1ccc(N2CCOCC2=O)cc1,IC50,2,multi-target,0,408.41000000000025,2.5622000000000007,98.07999999999998,1,6,5,4,3,30,0.2272727272727272,0,1
CHEMBL5426265,15.6870165,2.166288,COc1ncc(-c2cc(OC3CCOCC3)c3ncnc(C)c3c2)cc1N(Cc1cc2ccc(O)cc2oc1=O)S(=O)(=O)c1ccc(F)cc1F,IC50,1,single-target,0,716.7190000000003,6.052320000000006,154.17999999999998,1,11,9,7,6,51,0.2222222222222222,3,0
CHEMBL302011,7.742123,2.3724945,CC1=C2c3c(ccc4ccc(=O)oc34)OCC2OC1=O,IC50,1,single-target,0,270.23999999999995,1.8843000000000003,65.74000000000001,0,5,0,4,2,20,0.2,0,1
CHEMBL2158363,5.6364536,0.28397682,COC(=O)C(CC(C)C)NC(=O)C(C)Oc1cc(=O)oc2ccccc12,IC50,1,single-target,0,361.39400000000006,2.264199999999999,94.84,1,6,7,2,2,26,0.4210526315789473,0,1
CHEMBL2178453,2.5190778,6.6273937,Cc1c(CC(=O)O)c(=O)oc2c(C)c(OCc3ccc(-c4ccccc4)cc3)ccc12,IC50,1,single-target,0,414.4570000000001,5.282940000000004,76.74,1,4,6,4,4,31,0.1538461538461538,1,0
CHEMBL3770126,11.60574,4.180387,CN1C2CCC1CC(Oc1ccc3cc(-c4ccoc4)c(=O)oc3c1)C2,IC50,2,multi-target,0,351.40200000000016,4.057000000000003,55.82,0,5,3,5,3,26,0.3809523809523809,0,1
CHEMBL4205833,11.117749,4.5235095,COc1ccc(-c2cc3ccc(C)cc3oc2=O)nn1,IC50,1,single-target,0,268.272,2.5670200000000003,65.22,0,5,2,3,3,20,0.1333333333333333,0,1
CHEMBL4097394,8.470586,-7.7425475,NS(=O)(=O)Oc1ccc2cc(-c3ccc(NC(=O)c4ccc(F)cc4)cc3)c(=O)oc2c1,IC50,1,single-target,0,454.4350000000002,3.433700000000001,128.7,2,6,5,4,4,32,0.0,0,1
CHEMBL4089817,14.137512,1.8930106,O=C(NCCCc1ccc(F)cc1)c1cc2ccc(O)cc2oc1=O,IC50,8,multi-target,1,341.3380000000001,3.000300000000001,79.53999999999999,2,4,5,3,3,25,0.1578947368421052,0,1
CHEMBL2048091,12.976263,6.044489,O=c1oc2ccccc2c(O)c1-c1csc(Nc2ccc(S(=O)(=O)O)cc2)n1,Ki,1,single-target,0,416.4360000000001,3.612400000000001,129.73,3,8,4,4,4,28,0.0,0,1
CHEMBL3814334,11.166627,2.3708732,CCCN(CCC)c1ccc2cc(C(=O)O)c(=O)oc2c1,IC50,1,single-target,0,289.331,3.1176000000000013,70.75,1,4,6,2,2,21,0.375,0,1
CHEMBL4093222,6.116241,7.147576,O=C1C=CC(=O)c2c1ccc1c2c(=O)oc2c3ccccc3ccc12,IC50,3,multi-target,0,326.307,4.034600000000002,64.35,0,4,0,5,4,25,0.0,0,1
CHEMBL4159640,4.6575255,-0.5976831,Cc1cc(=O)oc2cc(OCCSC(=S)N3CCC(N4CCCCC4)CC3)ccc12,IC50,1,single-target,0,446.6380000000004,4.4486200000000045,45.92,0,6,5,4,2,30,0.5652173913043478,0,1
CHEMBL4075821,6.0485153,7.2172008,O=C1C=CC(=O)c2c1ccc1c2c(=O)oc2ccc(Cl)cc21,IC50,2,multi-target,0,310.692,3.5348000000000006,64.35,0,4,0,4,3,22,0.0,0,1
CHEMBL4642136,15.326979,1.7905838,Cc1c(O)c(=O)ccn1CCNC(=O)c1cc2cc(O)ccc2oc1=O,IC50,1,single-target,0,356.3340000000001,1.1043199999999995,121.77,3,7,4,3,3,26,0.1666666666666666,0,1
CHEMBL4636030,15.385084,1.8306078,CCOc1ccc2cc(C(=O)NCCn3ccc(=O)c(O)c3C)c(=O)oc2c1,IC50,1,single-target,0,384.38800000000015,1.7974199999999998,110.77,2,7,6,3,3,28,0.25,0,1
CHEMBL2408089,24.317007,4.4271655,Cc1ccc2oc(=O)c(/C=N/c3ccc(S(=O)(=O)Nc4nc(C)cc(C)n4)cc3)c(Cl)c2c1,IC50,2,multi-target,0,482.9490000000002,4.713060000000003,114.52,1,7,5,4,4,33,0.1304347826086956,0,1
CHEMBL4634695,15.39138,1.8352171,COc1ccc2cc(C(=O)NCCn3ccc(=O)c(O)c3C)c(=O)oc2c1,IC50,1,single-target,0,370.36100000000016,1.40732,110.77,2,7,5,3,3,27,0.2105263157894736,0,1
CHEMBL3264731,7.239601,8.486684,O=c1oc2ccc(Cl)cc2c(O)c1C(c1cccc([N+](=O)[O-])c1)c1c(O)c2cc(Cl)ccc2oc1=O,IC50,1,single-target,0,526.2840000000003,5.705800000000004,144.02,2,8,4,5,5,36,0.04,2,0
CHEMBL3094033,2.7047894,0.7759994,CCOC(=O)c1cc(=O)oc2cc(OCc3cccc(Cl)c3)ccc12,IC50,1,single-target,0,358.777,4.202100000000003,65.74000000000001,0,5,5,3,3,25,0.1578947368421052,0,1
CHEMBL3416552,4.049667,4.213339,CCN(CC)c1ccc2c(C)c(-c3ccc(N4C(=O)C=CC4=O)cc3)c(=O)oc2c1,IC50,3,multi-target,0,402.4500000000001,4.044020000000003,70.83000000000001,0,5,5,4,3,30,0.2083333333333333,0,1
CHEMBL573986,2.689939,1.4477524,NC(=O)Cc1cc(=O)oc2cc(OCc3ccncc3)ccc12,IC50,2,multi-target,0,310.309,1.7948000000000002,95.42000000000002,1,5,5,3,3,23,0.1176470588235294,0,1
CHEMBL380717,6.304737,6.1898527,Cc1c(O)ccc2c1oc(=O)c1c(C)c(O)cc(C)c12,IC50,2,multi-target,0,270.284,3.282660000000001,70.67,2,4,0,3,3,20,0.1875,0,1
CHEMBL3427400,6.1531363,11.560987,Cc1cc(F)ccc1-c1c(-c2ccc(/C=C/C(=O)O)cc2)c2ccc(O)cc2oc1=O,IC50,1,single-target,0,416.40400000000017,5.377920000000005,87.74000000000001,2,4,4,4,4,31,0.04,1,0
CHEMBL3582270,14.018818,2.6458364,CCN(CC)c1ccc2cc(-n3cc(C(=O)N4CCN(c5nc(N)c6cc(OC)c(OC)cc6n5)CC4)nn3)c(=O)oc2c1,IC50,3,multi-target,0,599.6520000000003,2.7249000000000008,157.97000000000003,1,13,8,6,5,44,0.3333333333333333,2,0
CHEMBL3360632,4.016277,12.0572405,COc1cc(NC(=O)Cn2ncc3c(=O)oc4ccccc4c32)ccc1Cl,IC50,1,single-target,0,383.79100000000005,3.4434000000000022,86.36,1,6,4,4,4,27,0.1052631578947368,0,1
CHEMBL3804918,10.919106,2.4451523,CCN(CC)c1ccc2cc(C(=O)NCCCCN3CCC(Nc4nc5ccccc5n4Cc4ccc(F)cc4)CC3)c(=O)oc2c1,IC50,1,single-target,0,638.7880000000001,6.262800000000007,95.64,2,8,13,6,5,47,0.3783783783783784,2,0
CHEMBL308819,7.872285,0.29721254,C#CCOc1ccc2ccc(=O)oc2c1,Ki,4,multi-target,0,200.193,1.805,39.44,0,3,2,2,2,15,0.0833333333333333,0,1
CHEMBL4863083,10.832785,3.6413414,NS(=O)(=O)c1cc2cc([N+](=O)[O-])ccc2oc1=O,Ki,4,multi-target,0,270.222,0.3486000000000003,133.51000000000002,1,6,2,2,2,18,0.0,0,1
CHEMBL4845700,10.832506,3.6576395,COc1ccc2oc(=O)c(S(N)(=O)=O)cc2c1,Ki,4,multi-target,0,255.251,0.4490000000000002,99.6,1,5,2,2,2,17,0.1,0,1
CHEMBL4175759,8.160837,0.33163446,O=c1ccc2ccc(O/C=C/c3ccccc3)cc2o1,Ki,1,single-target,0,264.28000000000003,3.8427000000000016,39.44,0,3,3,3,3,20,0.0,0,1
CHEMBL3417300,0.83641183,15.544275,Cc1c(C)c2ccc(OCCN3CCN(CCCNc4c5c(nc6ccccc46)CCCC5)CC3)cc2oc1=O,IC50,6,multi-target,1,540.7080000000003,5.335440000000005,70.84,1,7,9,6,4,40,0.4545454545454545,2,0
CHEMBL355539,4.2272925,2.776562,COc1ccc2c(CN(C)C)cc(=O)oc2c1,IC50,1,single-target,0,233.267,1.8632,42.68,0,4,3,2,2,17,0.3076923076923077,0,1
CHEMBL3261209,12.645147,1.4295619,Cc1cccc(NC(=O)c2cc3cc([N+](=O)[O-])ccc3oc2=O)c1,IC50,1,single-target,0,324.2920000000001,3.2619200000000017,102.45,1,5,3,3,3,24,0.0588235294117647,0,1
CHEMBL600017,15.955732,-2.3710508,Cc1c(N2CCN(C)CC2)c(=O)oc2cc(OCCN3CCCCC3)ccc12,IC50,1,single-target,0,385.50800000000027,2.7179200000000003,49.16,0,6,5,4,2,28,0.5909090909090909,0,1
CHEMBL3976058,6.998802,1.7569112,N#CCCCCOc1c2occc2cc2ccc(=O)oc12,EC50,2,multi-target,0,283.283,3.611880000000003,76.37,0,5,5,3,3,21,0.25,0,1
CHEMBL2402696,-1.5978428,3.8893433,Cc1nn(-c2ccc(Br)cc2)c2c1c(=O)oc1ccccc12,IC50,1,single-target,0,355.1910000000001,4.202820000000003,48.03,0,4,1,4,4,22,0.0588235294117647,0,1
CHEMBL3953745,1.6552187,-1.3752866,O=c1ccc2c(OCCOCc3ccccc3)c3ccoc3cc2o1,EC50,3,multi-target,0,336.34300000000013,4.134800000000003,61.81,0,5,6,4,4,25,0.15,0,1
CHEMBL3086067,10.959536,14.646622,Cc1c(Cc2cccc(NC(=O)N(C)C)c2)c(=O)oc2cc(OC(=O)N(C)C)c(Cl)cc12,IC50,2,multi-target,0,457.91400000000016,4.499520000000004,92.09,1,5,4,3,3,32,0.2608695652173913,0,1
CHEMBL3360634,4.0037584,12.040003,O=C(Cn1ncc2c(=O)oc3ccccc3c21)Nc1ccc2cc[nH]c2c1,IC50,1,single-target,0,358.357,3.2627000000000006,92.92,2,5,3,5,5,27,0.05,0,1
CHEMBL316148,11.842905,1.3922619,CC(C)OC(=O)c1cc2cc(CCl)ccc2oc1=O,Ki,1,single-target,0,280.707,3.0970000000000013,56.51,0,4,3,2,2,19,0.2857142857142857,0,1
CHEMBL4758084,16.410652,4.9339914,O=c1ccc2ccc(OCCCn3cc(Cn4nnc5ccccc54)nn3)cc2o1,IC50,1,single-target,0,402.4140000000001,2.6466000000000003,100.86,0,9,7,5,5,30,0.1904761904761904,0,1
CHEMBL509131,13.879718,2.3393745,Cc1ccccc1N1CCN(C(=O)c2cc3ccccc3oc2=O)CC1,IC50,1,single-target,0,348.40200000000016,3.063820000000001,53.76,0,4,2,4,3,26,0.238095238095238,0,1
CHEMBL509670,3.208462,9.025695,Cc1ccc2oc(=O)cc(N3CCN(c4ccccc4C)CC3)c2c1,IC50,1,single-target,0,334.4190000000001,3.736440000000002,36.690000000000005,0,4,2,4,3,25,0.2857142857142857,0,1
CHEMBL3120165,4.5567684,-1.6969848,O=c1oc2cc(OCCCCN3CCC(c4nc5ccccc5o4)CC3)ccc2c2c1CCC2,Ki,3,multi-target,0,458.5580000000003,5.461500000000005,68.71000000000001,0,6,7,6,4,34,0.4285714285714285,1,0
CHEMBL205637,4.0500827,2.731073,COc1ccc2c(CC(=O)Nc3cc(Br)ccc3N3CCN(S(=O)(=O)c4cccs4)CC3)cc(=O)oc2c1,IC50,1,single-target,0,618.5310000000001,4.317700000000003,109.16,1,8,7,5,4,38,0.2307692307692307,1,0
CHEMBL5202811,5.652369,6.3273582,O=c1oc2cc(O)ccc2c2oc3ccc4c(c3c12)CN(C1CCCC1)CO4,IC50,2,multi-target,0,377.3960000000002,4.492500000000002,76.05,1,6,1,6,4,28,0.3181818181818182,0,1
CHEMBL4064323,5.6415024,6.2909217,CC(C)=CCc1cc2c(cc1O)oc(=O)c1c3ccc(O)cc3oc21,Kd,1,single-target,0,336.3430000000001,4.612300000000005,83.81,2,5,2,4,4,25,0.15,0,1
CHEMBL3899683,1.6162735,-1.4294697,COc1cccc(OCCCCOc2c3ccoc3cc3oc(=O)ccc23)c1,EC50,2,multi-target,0,380.3960000000001,4.785800000000004,71.03999999999999,0,6,8,4,4,28,0.2272727272727272,0,1
CHEMBL4060572,6.442258,8.626161,CCCCCCCCCCCCc1c(O)c2ccccc2oc1=O,Ki,1,single-target,0,330.4680000000001,5.962000000000007,50.440000000000005,1,3,11,2,2,24,0.5714285714285714,1,0
CHEMBL4526845,10.578433,4.6228485,O=c1oc2c(O)cccc2cc1-c1ccc(Br)cc1,Ki,3,multi-target,0,317.138,3.9281000000000015,50.44,1,3,1,3,3,19,0.0,0,1
CHEMBL3417307,0.7980735,15.509939,O=c1ccc2ccc(OCCN3CCN(CCCNc4c5c(nc6ccccc46)CCCC5)CC3)cc2o1,IC50,3,multi-target,0,512.6540000000003,4.718600000000004,70.84,1,7,9,6,4,38,0.4193548387096774,1,0
CHEMBL3928695,3.6020527,3.4435968,Cc1cc(=O)oc2cc(NC(=O)c3ccccc3NC(=O)c3ccccc3)ccc12,Ki,2,multi-target,0,398.4180000000001,4.606020000000003,88.41,2,4,4,4,4,30,0.0416666666666666,0,1
CHEMBL3335072,5.1412764,-1.4167907,COc1cccc(CN2CCN(CCCCOc3ccc4c(c3)oc(=O)c3ccccc34)CC2)c1,IC50,1,single-target,0,472.5850000000002,4.931600000000005,55.15,0,6,9,5,4,35,0.3448275862068966,0,1
CHEMBL4798868,11.696924,4.477648,O=c1oc2cc(O)ccc2cc1-c1ccc2ccccc2c1,IC50,1,single-target,0,288.302,4.318800000000002,50.44,1,3,1,4,4,22,0.0,0,1
CHEMBL3297871,12.839471,1.588303,O=C(SCc1ccco1)c1cc2cc([N+](=O)[O-])ccc2oc1=O,IC50,2,multi-target,0,331.30500000000006,3.3678000000000026,103.56,0,7,4,3,3,23,0.0666666666666666,0,1
CHEMBL3746269,-6.6346116,8.498764,Cc1cc(=O)oc2c1ccc1oc(=N)c(C(=O)NCc3ccc(C(C)(C)C)cc3)cc12,IC50,2,multi-target,0,416.4770000000002,4.554590000000004,96.3,2,5,3,4,4,31,0.24,0,1
CHEMBL4848104,15.891647,4.4444246,O=c1ccc2ccc(OCc3cn(Cc4cc(=O)c(O)co4)nn3)cc2o1,IC50,1,single-target,0,367.31700000000006,1.6705999999999996,120.59,1,9,5,4,4,27,0.1111111111111111,0,1
CHEMBL3417309,0.7623788,15.482614,O=c1ccc2ccc(OCCCCCN3CCN(CCNc4c5c(nc6ccccc46)CCCC5)CC3)cc2o1,IC50,4,multi-target,0,540.7080000000004,5.4988000000000055,70.84,1,7,11,6,4,40,0.4545454545454545,2,0
CHEMBL3417312,0.72960234,15.449315,O=c1ccc2ccc(OCCN3CCN(CCNc4c5c(nc6ccccc46)CCCC5)CC3)cc2o1,IC50,3,multi-target,0,498.6270000000004,4.328500000000004,70.84,1,7,8,6,4,37,0.4,0,1
CHEMBL3601439,5.6775036,4.225081,Cc1cc(=O)oc2c3c(ccc12)OCC=C3,Ki,2,multi-target,0,214.22,2.5070200000000007,39.44,0,3,0,3,2,16,0.1538461538461538,0,1
CHEMBL3746215,-6.61356,8.478894,Cc1cc(=O)oc2c1ccc1oc(=N)c(C(=O)NC3CC3)cc12,IC50,2,multi-target,0,310.3090000000001,2.21929,96.3,2,5,2,4,3,23,0.2352941176470588,0,1
CHEMBL4746114,13.954361,1.1845126,O=C(N/N=C(\CS(=O)(=O)c1ccccc1)c1cc2ccccc2oc1=O)c1ccccc1,Ki,2,multi-target,0,446.4840000000002,3.4010000000000016,105.81,1,6,6,4,4,32,0.0416666666666666,0,1
CHEMBL3629475,15.664498,0.3225375,COc1ccc(/C=C/c2cc(OC)cc(OC)c2/C=C/C(=O)c2cc3ccc(Cl)cc3oc2=O)cc1,IC50,1,single-target,0,502.95000000000016,6.538700000000006,74.97,0,6,8,4,4,36,0.1034482758620689,2,0
CHEMBL3612307,2.6516793,5.22443,COP(=S)(Oc1ccc2c3c(c(=O)oc2c1)CCCCC3)Oc1ccc2c3c(c(=O)oc2c1)CCCCC3,IC50,1,single-target,0,552.5850000000003,6.765900000000007,88.11,0,8,5,6,4,38,0.3793103448275862,2,0
CHEMBL3410729,13.2996025,2.664273,CCCCCOc1c(OC)ccc2cc(C(=O)NCc3ccc4c(c3)OCO4)c(=O)oc12,Ki,1,single-target,0,439.4640000000003,4.029300000000003,96.23,1,7,9,4,3,32,0.3333333333333333,0,1
CHEMBL3427397,6.1249037,11.527473,Cc1cc(F)ccc1-c1c(Cc2ccc(/C=C/C(=O)O)cc2)c2ccc(O)cc2oc1=O,IC50,1,single-target,0,430.43100000000015,5.301720000000006,87.74000000000001,2,4,5,4,4,32,0.0769230769230769,1,0
CHEMBL3427404,6.167615,11.578963,Cc1cc(F)ccc1-c1c(N(C)c2ccc(/C=C/C(=O)O)cc2)c2ccc(O)cc2oc1=O,IC50,1,single-target,0,445.4460000000002,5.478820000000005,90.98000000000002,2,5,5,4,4,33,0.0769230769230769,1,0
CHEMBL4758314,7.206183,7.790732,C/C(=N\Cc1ccccc1)c1c(O)c2ccccc2oc1=O,IC50,1,single-target,0,293.32200000000006,3.507800000000003,62.8,1,4,3,3,3,22,0.1111111111111111,0,1
CHEMBL2387255,4.4203763,-1.359654,COc1ccc(N2CCN(CCCCOc3ccc4c(C)cc(=O)oc4c3)CC2)cc1,Ki,3,multi-target,0,422.5250000000002,4.091220000000003,55.150000000000006,0,6,8,4,3,31,0.4,0,1
CHEMBL4470726,5.8856316,-0.13752091,O=c1cc(OCCCN2CCN(c3ccccc3)CC2)c2ccccc2o1,IC50,1,single-target,0,364.44500000000016,3.384100000000002,45.92,0,5,6,4,3,27,0.3181818181818182,0,1
CHEMBL3417296,0.83663154,15.546995,O=c1cc(C(F)(F)F)c2ccc(OCCN3CCN(CCCNc4c5c(nc6ccccc46)CCCC5)CC3)cc2o1,IC50,3,multi-target,0,580.6510000000003,5.737400000000005,70.84,1,7,9,6,4,42,0.4375,2,0
CHEMBL4451890,11.33867,-8.721477,O=c1cc(NCCCN2CCN(c3nccc4ncccc34)CC2)c2ccccc2o1,IC50,4,multi-target,0,415.4970000000002,3.360400000000001,74.5,1,7,6,5,4,31,0.2916666666666667,0,1
CHEMBL494800,12.679059,0.99294126,Cc1ccc2oc(=O)c(C(=O)Nc3ccc(Cl)cc3)cc2c1,IC50,2,multi-target,0,313.74000000000007,4.007120000000002,59.31,1,3,2,3,3,22,0.0588235294117647,0,1
CHEMBL5279622,13.350924,2.612037,CCCCCCC(NC(=O)c1cc2ccc(O)c(O)c2oc1=O)C(=O)Nc1cc2ccc(O)c(O)c2oc1=O,IC50,1,single-target,0,538.5090000000004,3.429300000000003,199.54,6,10,9,4,4,39,0.2592592592592592,2,0
CHEMBL3425530,6.028318,11.433425,Cc1cc2c(Cc3ccc(/C=C/C(=O)O)cc3)c(-c3ccc(OC(F)(F)F)cc3)c(=O)oc2cc1O,IC50,1,single-target,0,496.4370000000002,6.061220000000005,96.97,2,5,6,4,4,36,0.1111111111111111,1,0
CHEMBL3094132,2.3603532,1.0633229,CCCNCc1cc(=O)oc2cc(OCc3cccc(Cl)c3)ccc12,IC50,1,single-target,0,357.83700000000005,4.525000000000004,51.47,1,4,7,3,3,25,0.25,0,1
CHEMBL4161244,17.840445,12.865045,COc1ccc(-c2cc3ccc(OCCCn4cc(CNC(=O)CCCCC5CCSS5)nn4)cc3oc2=O)cc1OC,IC50,2,multi-target,0,624.7850000000003,5.868100000000005,117.71,1,11,15,5,4,43,0.4193548387096774,3,0
CHEMBL3139148,2.384259,1.0814592,CCCNCc1cc(=O)oc2cc(OCc3cccc(Cl)c3)ccc12,IC50,1,single-target,0,357.83700000000005,4.525000000000004,51.47,1,4,7,3,3,25,0.25,0,1
CHEMBL4637509,15.422298,1.8855728,Cc1c(O)c(=O)ccn1CCNC(=O)c1cc2ccc(OCc3cc(F)ccc3F)cc2oc1=O,IC50,1,single-target,0,482.43900000000025,3.255920000000001,110.77,2,7,7,4,4,35,0.16,0,1
CHEMBL4450045,6.9576845,-3.3597543,Cc1c(C)c2ccc(OCC3CCN(Cc4cccc(CO)c4)CC3)cc2oc1=O,IC50,5,multi-target,1,407.5100000000002,4.193140000000003,62.91,1,5,6,4,3,30,0.4,0,1
CHEMBL3356690,6.957027,7.117042,CC(C)=CCOc1ccc(-c2c(C)c3cc(Br)ccc3oc2=O)cc1OCC=C(C)C,IC50,1,single-target,0,483.4020000000002,7.220920000000007,48.67,0,4,7,3,3,31,0.2692307692307692,1,0
CHEMBL92373,5.7940755,-8.826486,COc1ccc2c3c(c(=O)oc2c1)CN(Cc1ccc(Cl)cc1)CC3,Ki,2,multi-target,0,355.821,4.013300000000004,42.68,0,4,3,4,3,25,0.25,0,1
CHEMBL5203645,8.094117,1.5723165,CC(=O)[C@@H]1Cc2cc3ccc(=O)oc3cc2O1,EC50,1,single-target,0,230.219,1.6855,56.510000000000005,0,4,1,3,2,17,0.2307692307692307,0,1
CHEMBL5176175,11.616184,3.9219668,COc1cc2cc3c(cc2oc1=O)OC(C)(C)CC3,EC50,1,single-target,0,260.289,2.9052000000000016,48.67,0,4,1,3,2,19,0.4,0,1
CHEMBL3764166,5.979656,-1.2990031,COc1cc(=O)oc2cc(OCCNC3CCN(Cc4ccccc4)CC3)ccc12,IC50,3,multi-target,0,408.49800000000016,3.434600000000001,63.940000000000005,1,6,8,4,3,30,0.375,0,1
CHEMBL4061169,8.508529,-7.7785506,NS(=O)(=O)Oc1ccc2cc(-c3ccc([N+](=O)[O-])cc3)c(=O)oc2c1,IC50,1,single-target,0,362.3190000000001,1.9505,142.74,1,7,4,3,3,25,0.0,0,1
CHEMBL3094021,8.897529,0.37689576,O=c1ccc2ccc(OCc3cccc(Cl)c3)cc2o1,IC50,1,single-target,0,286.71400000000006,4.025400000000003,39.44,0,3,3,3,3,20,0.0625,0,1
CHEMBL1830793,12.335899,1.973271,CC(=O)c1cc2cc(O)ccc2oc1=O,IC50,1,single-target,0,204.18099999999995,1.7011999999999998,67.50999999999999,1,4,1,2,2,15,0.0909090909090909,0,1
CHEMBL3121863,7.351982,0.7926381,COC(=O)c1cc2ccc(OC/C=C(\C)CCC=C(C)C)cc2oc1=O,IC50,2,multi-target,0,356.4180000000001,4.651100000000004,65.74000000000001,0,5,7,2,2,26,0.3333333333333333,0,1
CHEMBL3968204,10.97668,2.4678679,CCN(CC)c1ccc2cc(C(=O)NCCOCCOCCOCCn3cc(CCCCN4C[C@H](O)[C@@H](O)[C@H](O)[C@H]4CO)nn3)c(=O)oc2c1,IC50,1,single-target,0,704.8220000000005,-0.2075999999999955,205.11,5,15,22,4,3,50,0.6470588235294118,2,0
CHEMBL3410725,13.312764,2.644309,CCCCOc1c(OC)ccc2cc(C(=O)NC(C)C)c(=O)oc12,IC50,1,single-target,0,333.3840000000001,3.1187000000000014,77.77,1,5,7,2,2,24,0.4444444444444444,0,1
CHEMBL3265282,5.55364,4.0962605,C=CCOC(=O)NCc1cc(=O)oc2c(C=O)c(O)ccc12,IC50,1,single-target,0,303.27,1.7232999999999998,105.84,2,6,5,2,2,22,0.1333333333333333,0,1
CHEMBL3121796,10.760501,0.48959333,COC(=O)c1cc2cc(OCCc3ccc(Cl)cc3)ccc2oc1=O,IC50,1,single-target,0,358.77700000000004,3.8545000000000034,65.74000000000001,0,5,5,3,3,25,0.1578947368421052,0,1
CHEMBL2381401,11.9453,2.3626723,COc1ccc2cc(C(=O)CN3CCN(Cc4ccccc4)CC3)c(=O)oc2c1,IC50,2,multi-target,0,392.45500000000015,2.802100000000001,62.99,0,6,6,4,3,29,0.3043478260869565,0,1
CHEMBL3427386,6.066184,11.451732,Cc1cccc(-c2c(Cc3ccc(/C=C/C(=O)O)cc3)c3ccc(O)cc3oc2=O)c1,IC50,1,single-target,0,412.4410000000002,5.162620000000005,87.74000000000001,2,4,5,4,4,31,0.0769230769230769,1,0
CHEMBL3417302,0.83741134,15.546818,Cc1cc(=O)oc2cc(OCCN3CCN(CCCNc4c5c(nc6ccccc46)CCCC5)CC3)ccc12,IC50,4,multi-target,0,526.6810000000004,5.027020000000005,70.84,1,7,9,6,4,39,0.4375,2,0
CHEMBL3417306,0.7793148,15.498114,O=c1ccc2ccc(OCCCN3CCN(CCCNc4c5c(nc6ccccc46)CCCC5)CC3)cc2o1,IC50,3,multi-target,0,526.6810000000004,5.108700000000005,70.84,1,7,10,6,4,39,0.4375,2,0
CHEMBL3410721,13.299435,2.6886482,CCCOc1c(OC)ccc2cc(C(=O)NC3CCCCC3)c(=O)oc12,IC50,1,single-target,0,359.42200000000025,3.6529000000000025,77.77,1,5,6,3,2,26,0.5,0,1
CHEMBL2178448,2.4855297,6.310817,Cc1c(CCC(=O)O)c(=O)oc2c(C)c(OCc3ccc(-c4ccc(Cl)c(Cl)c4)cc3)ccc12,IC50,1,single-target,0,497.3740000000001,6.979840000000005,76.74,1,4,7,4,4,34,0.1851851851851851,1,0
CHEMBL3094006,2.9117477,0.72300047,O=c1cc(Oc2ccccc2)c2ccc(OCc3cccc(Cl)c3)cc2o1,IC50,1,single-target,0,378.8110000000001,5.817700000000004,48.67,0,4,5,4,4,27,0.0454545454545454,1,0
CHEMBL3094028,2.74895,0.88745236,O=c1cc(O)c2ccc(OCc3cccc(Cl)c3)cc2o1,IC50,1,single-target,0,302.713,3.7310000000000025,59.67,1,4,3,3,3,21,0.0625,0,1
CHEMBL2322281,3.874212,6.7769094,Cc1c(CCC(=O)Nc2ccc(C(=O)O)cc2)c(=O)oc2cc3oc4c(c3cc12)CCCC4,EC50,1,single-target,0,445.4710000000004,4.995920000000004,109.75,2,5,5,5,4,33,0.2692307692307692,0,1
CHEMBL592524,4.5031395,3.34519,COCc1cc(=O)oc2cc(O)ccc12,IC50,1,single-target,0,206.197,1.6449999999999998,59.67,1,4,2,2,2,15,0.1818181818181818,0,1
CHEMBL207739,11.796109,1.3431599,Nc1cccc(OC(=O)c2cc3cc(CCl)ccc3oc2=O)c1,IC50,1,single-target,0,329.7390000000001,3.3332000000000024,82.53,1,5,3,3,3,23,0.0588235294117647,0,1
CHEMBL3094039,2.7381554,0.8738357,CC(O)c1cc(=O)oc2cc(OCc3cccc(Cl)c3)ccc12,IC50,1,single-target,0,330.767,4.078700000000003,59.67,1,4,4,3,3,23,0.1666666666666666,0,1
CHEMBL2237988,6.9353175,8.006837,O=C(/C=C/c1ccc(Cl)cc1)c1c(O)c2ccccc2oc1=O,IC50,1,single-target,0,326.73500000000007,4.0481000000000025,67.50999999999999,1,4,3,3,3,23,0.0,0,1
CHEMBL360708,3.832572,3.2609477,C[C@](O)(CBr)C(=O)Nc1ccc2c(C(F)(F)F)cc(=O)oc2c1,Ki,1,single-target,0,394.1430000000001,2.896200000000001,79.54,2,4,3,2,2,23,0.2857142857142857,0,1
CHEMBL1403032,6.362062,4.520806,CCc1cc(=O)oc2c(C)c(O)c(CN3CCCCC3)cc12,IC50,1,single-target,0,301.386,3.3553200000000025,53.68,1,4,3,3,2,22,0.5,0,1
CHEMBL158827,19.773392,8.456148,NS(=O)(=O)c1ccc(NCc2cc(=O)oc3cc(Cl)ccc23)c(Cl)c1,Ki,3,multi-target,0,399.255,3.359300000000002,102.4,2,5,4,3,3,25,0.0625,0,1
CHEMBL1505052,4.433724,5.0591154,Cc1c(OCc2nn[nH]n2)ccc2c(-c3ccccc3)cc(=O)oc12,IC50,1,single-target,0,334.3350000000001,2.860520000000001,93.9,1,6,4,4,4,25,0.1111111111111111,0,1
CHEMBL408980,7.376865,0.77036065,CC(C)=CC(O)C/C(C)=C/COc1ccc2ccc(=O)oc2c1,AC50,2,multi-target,0,314.3810000000001,3.835300000000003,59.67,1,4,6,2,2,23,0.3157894736842105,0,1
CHEMBL2177256,-1.5346173,5.8410554,CCCCCc1cc(O)c2cc(Cc3cccc(C)c3)c(=O)oc2c1,Ki,2,multi-target,0,336.43100000000004,5.130520000000005,50.44,1,3,6,3,3,25,0.3181818181818182,1,0
CHEMBL1466372,3.4861476,5.156467,Cc1cc(OC(=O)CCCNC(=O)OC(C)(C)C)c2c3c(c(=O)oc2c1)CCC3,AC50,4,multi-target,0,401.4590000000003,3.8004200000000026,94.84,1,6,5,3,2,29,0.5,0,1
CHEMBL3359948,2.5092702,1.0074838,NC(=O)CCc1cc(=O)oc2cc(OCc3cccc(Cl)c3)ccc12,IC50,2,multi-target,0,357.79300000000006,3.4433000000000025,82.53000000000002,1,4,6,3,3,25,0.1578947368421052,0,1
CHEMBL2408078,24.302664,4.412869,Cc1cc(NS(=O)(=O)c2ccc(/N=C/c3c(Cl)c4ccccc4oc3=O)cc2)no1,IC50,2,multi-target,0,443.86800000000017,4.294220000000003,114.77,1,7,5,4,4,30,0.05,0,1
CHEMBL1488512,6.4896193,4.553584,CN1CCN(Cc2c(O)c(Cl)cc3c(-c4ccccc4)cc(=O)oc23)CC1,EC50,1,single-target,0,384.86300000000017,3.5664000000000016,56.92,1,5,3,4,3,27,0.2857142857142857,0,1
CHEMBL3094011,2.5505378,0.59780574,CC(=O)Nc1cc(=O)oc2cc(OCc3cccc(Cl)c3)ccc12,IC50,2,multi-target,0,343.766,3.983800000000002,68.54,1,4,4,3,3,24,0.1111111111111111,0,1
CHEMBL478605,1.7466687,3.4253163,Cc1c(C)c2ccc(OCCCOc3cc(O)cc(N(C)C)c3)cc2oc1=O,IC50,1,single-target,0,383.4440000000001,4.029340000000003,72.14,1,6,7,3,3,28,0.3181818181818182,0,1
CHEMBL4445345,4.6171155,-0.91512036,Cc1cc(=O)oc2ccc(OC/C=C/CCn3cnc4c(N5CCCCC5)ncnc43)cc12,IC50,2,multi-target,0,445.5230000000003,4.256720000000003,86.28,0,8,7,5,4,33,0.36,0,1
CHEMBL3359951,2.5477524,0.61143416,O=C(CCl)Nc1cc(=O)oc2cc(OCc3cccc(Cl)c3)ccc12,IC50,2,multi-target,0,378.21100000000007,4.202700000000003,68.54,1,4,5,3,3,25,0.1111111111111111,0,1
CHEMBL4875925,5.654788,20.761658,O=C(Nc1c(O)c2ccc(O)cc2oc1=O)c1cccc(CCC2CC2)c1,Ki,2,multi-target,0,365.38500000000016,3.799100000000002,99.77,3,5,5,4,3,27,0.238095238095238,0,1
CHEMBL4853950,5.554409,20.860834,CCCCOc1cccc(C(=O)Nc2c(O)c3ccc(O)cc3oc2=O)c1,Ki,2,multi-target,0,369.3730000000001,3.6354000000000015,109.0,3,6,6,3,3,27,0.2,0,1
CHEMBL1484595,11.9768095,6.1109166,O=Cc1cn(-c2ccccc2)nc1-c1cc2cc(O)ccc2oc1=O,IC50,5,multi-target,1,332.31500000000005,3.163800000000002,85.33000000000001,1,6,3,4,4,25,0.0,0,1
CHEMBL2178981,2.8712103,2.854724,Cc1c(C)c2ccc(OCC(=O)N/N=C/c3ccc(Cl)cc3)cc2oc1=O,Ki,1,single-target,0,384.8190000000001,3.592340000000002,80.9,1,5,5,3,3,27,0.15,0,1
CHEMBL3622013,2.5137825,5.0614843,NS(=O)(=O)Oc1ccc2c3c(c(=O)oc2c1)CCCCCCCCC3,IC50,1,single-target,0,365.4510000000003,3.204600000000002,99.6,1,5,2,3,2,25,0.5,0,1
CHEMBL4848404,-1.0293247,8.338311,Cc1c(CN2CC3(CCN(c4nccn5ccnc45)CC3)NC2=O)c(=O)oc2cc(OCC(C)c3ccccc3)ccc12,EC50,1,single-target,0,578.6730000000005,4.891020000000005,105.21,1,8,7,7,5,43,0.3333333333333333,1,0
CHEMBL2314427,13.162181,4.0660763,COc1cc2cc(C(=O)NCCN(C)Cc3ccccc3)c(=O)oc2cc1OC,IC50,1,single-target,0,396.44300000000015,2.6720000000000006,81.01,1,6,8,3,3,29,0.2727272727272727,0,1
CHEMBL4557277,16.093784,5.2135425,COc1cc(/C=N/Cc2ccc(S(N)(=O)=O)cc2)ccc1OCc1cn(CCCOc2ccc3ccc(=O)oc3c2)nn1,Ki,3,multi-target,0,603.6570000000003,3.707700000000002,161.13,1,11,13,5,5,43,0.2,2,0
CHEMBL4592118,5.7841563,-9.671763,Cc1cc(C(=O)N2CCc3c(c(=O)oc4c(C)c(N5CCN(C)CC5)ccc34)C2)ccc1NS(C)(=O)=O,IC50,1,single-target,0,524.6430000000004,2.7316400000000005,103.17,1,7,4,5,3,37,0.4074074074074074,1,0
CHEMBL239483,13.156796,1.3415848,Cc1cc(C)cc(OCC(=O)NNC(=O)c2cc3ccccc3oc2=O)c1,IC50,1,single-target,0,366.3730000000001,2.24984,97.64,2,5,4,3,3,27,0.15,0,1
CHEMBL2178441,2.2875786,2.5431652,Cc1cc(=O)oc2cc(OCc3nnc(SCCN4CCOCC4)n3-c3ccc(Cl)cc3)ccc12,Ki,1,single-target,0,513.0190000000002,4.338820000000004,82.62,0,9,8,5,4,35,0.32,1,0
CHEMBL4079848,7.713849,0.018804992,CC(C(=O)NCCOc1ccc2ccc(=O)oc2c1)c1cccc(C(=O)c2ccccc2)c1,Ki,3,multi-target,0,441.4830000000002,4.322700000000004,85.60999999999999,1,5,8,4,4,33,0.1481481481481481,0,1
CHEMBL4778607,14.013902,1.1329534,Cc1ccc(S(=O)(=O)C/C(=N\Nc2ccccc2)c2cc3cc(Br)ccc3oc2=O)cc1,Ki,2,multi-target,0,511.3970000000002,5.1540200000000045,88.74000000000001,1,6,6,4,4,32,0.0833333333333333,2,0
CHEMBL3545708,1.4828087,4.324703,CC(c1ccc2c(c1)oc(=O)c1ccccc12)N(C)C,IC50,2,multi-target,0,267.328,3.568800000000002,33.45,0,3,2,3,3,20,0.2352941176470588,0,1
CHEMBL4635429,15.28997,1.7591901,COc1cccc2cc(C(=O)NCCn3ccc(=O)c(O)c3C)c(=O)oc12,IC50,1,single-target,0,370.36100000000016,1.4073199999999997,110.77,2,7,5,3,3,27,0.2105263157894736,0,1
CHEMBL4635480,13.843161,1.6990879,Cc1cc(=O)c(O)cn1CCNC(=O)c1cc2ccccc2oc1=O,IC50,1,single-target,0,340.3350000000001,1.39872,101.54,2,6,4,3,3,25,0.1666666666666666,0,1
CHEMBL4452340,15.830145,2.1862156,CCc1c(O)c(=O)ccn1Cc1cc2ccc(OCc3cc(F)cc(F)c3)cc2oc1=O,IC50,1,single-target,0,439.4140000000001,4.128200000000003,81.66999999999999,1,6,6,4,4,32,0.1666666666666666,0,1
CHEMBL3586576,1.4917774,3.4572737,Cc1c(C)c2ccc(OCCCCN(C)Cc3ccccc3)cc2oc1=O,IC50,7,multi-target,1,365.473,4.700840000000005,42.68,0,4,8,3,3,27,0.3478260869565217,0,1
CHEMBL3736060,11.230383,5.314038,Cc1ccc2oc(=O)c(-c3cccc(OCCCCN(C)C)c3)cc2c1,IC50,2,multi-target,0,351.4460000000001,4.489020000000004,42.68,0,4,7,3,3,26,0.3181818181818182,0,1
CHEMBL4459084,6.442942,7.099419,Cc1ccc2oc(=O)c3c(O)cc(=O)oc3c2c1,IC50,2,multi-target,0,244.202,1.91342,80.64999999999999,1,5,0,3,3,18,0.0769230769230769,0,1
CHEMBL4082622,22.395514,-4.778,COc1cc(-c2cc(C(=O)OCCOc3ccc4ccc(=O)oc4c3)nn2-c2ccc(S(N)(=O)=O)cc2)cc(OC)c1OC,IC50,3,multi-target,0,621.6240000000001,3.5547000000000013,171.40999999999997,1,12,11,5,5,44,0.1666666666666666,2,0
CHEMBL352395,7.8238626,8.270811,CO[C@@]1(C)C[C@@H](c2ccccc2)c2c(c3ccccc3oc2=O)O1,Ki,1,single-target,0,322.3600000000001,4.070000000000004,48.67,0,4,2,4,3,24,0.25,0,1
CHEMBL1462636,13.148763,1.8785204,C=CCc1cccc2cc(C(=O)Nc3ccc(CC(=O)O)cc3)c(=O)oc12,IC50,1,single-target,0,363.3690000000001,3.400900000000001,96.61,2,4,6,3,3,27,0.0952380952380952,0,1
CHEMBL5619680,11.829334,1.201626,CC(C)c1cc(=O)oc2ccc(OC(=O)c3ccc(NC(=N)N)cc3)cc12,IC50,2,multi-target,0,365.38900000000007,3.44097,118.40999999999998,3,5,4,3,3,27,0.15,0,1
CHEMBL3622010,2.4930649,5.0387306,NS(=O)(=O)Oc1ccc2c3c(c(=O)oc2c1)CCCCCC3,IC50,1,single-target,0,323.3700000000002,2.0343,99.6,1,5,2,3,2,22,0.4,0,1
CHEMBL1309782,12.589431,1.6245099,Cc1ccc(C(=O)C(C)OC(=O)c2cc3cc([N+](=O)[O-])ccc3oc2=O)cc1,IC50,1,single-target,0,381.34000000000015,3.437820000000002,116.72,0,7,5,3,3,28,0.15,0,1
CHEMBL3427394,6.0680842,11.461248,O=C(O)/C=C/c1ccc(Cc2c(-c3ccc(F)cc3F)c(=O)oc3cc(O)ccc23)cc1,IC50,1,single-target,0,434.3940000000001,5.132400000000004,87.74,2,4,5,4,4,32,0.04,1,0
CHEMBL1258869,11.753175,7.8065205,CC(=O)N1N=C(c2cc3ccccc3oc2=O)CC1c1ccccc1,IC50,2,multi-target,0,332.35900000000004,3.4906000000000024,62.88,0,4,2,4,3,25,0.15,0,1
CHEMBL4099702,11.1512985,-8.884754,CN(CCCNc1cc(=O)oc2ccccc12)C(=O)c1cccc(Cl)c1,IC50,1,single-target,0,370.8360000000001,4.020600000000003,62.55,1,4,6,3,3,26,0.2,0,1
CHEMBL4518471,4.257165,10.862792,CC(C)(C)c1ccc(S(=O)(=O)n2cc3c(=O)oc4ccccc4c3n2)cc1,IC50,4,multi-target,0,382.441,3.6772000000000022,82.17,0,6,2,4,4,27,0.2,0,1
CHEMBL1400243,3.77497,0.8807147,O=c1cc(CN2CCN(c3ccc(F)cc3)CC2)c2cc3c(cc2o1)CCCC3,AC50,1,single-target,0,392.4740000000003,4.133100000000003,36.690000000000005,0,4,3,5,3,29,0.375,0,1
CHEMBL4552685,10.414747,4.301931,CCOc1cccc2cc(-c3ccc(OC)c(OC)c3)c(=O)oc12,Ki,1,single-target,0,326.348,3.8759000000000032,57.900000000000006,0,5,5,3,3,24,0.2105263157894736,0,1
CHEMBL607137,16.3482,-2.4132848,Cc1c(N2CCN(S(=O)(=O)c3ccccc3)CC2)c(=O)oc2cc(O)cc(O)c12,IC50,1,single-target,0,416.4550000000002,2.02352,111.29000000000002,2,7,3,4,3,29,0.25,0,1
CHEMBL4165622,7.565764,14.623341,CCN(CC)CCOc1ccc(Oc2c(-c3ccc(F)cc3)c(=O)oc3cc(O)ccc23)cc1,IC50,1,single-target,0,463.50500000000017,5.817600000000006,72.14,1,6,9,4,4,34,0.2222222222222222,1,0
CHEMBL3623669,15.957011,4.1981096,O=c1ccc2ccc(OCc3cn(-c4ccc(C(F)(F)F)cc4)nn3)cc2o1,Ki,3,multi-target,0,387.31700000000006,3.9715000000000025,70.15,0,6,4,4,4,28,0.1052631578947368,0,1
CHEMBL3629813,15.662533,0.32605058,C=CCc1cc(OC)c2oc(=O)c(C(=O)/C=C/c3c(/C=C/c4ccc(OC)cc4)cc(OC)cc3OC)cc2c1,IC50,2,multi-target,0,538.5960000000002,6.622400000000007,84.2,0,7,11,4,4,40,0.1515151515151515,2,0
CHEMBL4208757,11.085312,4.5512166,Cc1ccc2oc(=O)c(-c3ccc(Br)nn3)cc2c1,IC50,1,single-target,0,317.14200000000005,3.320920000000001,55.99,0,4,1,3,3,19,0.0714285714285714,0,1
CHEMBL4285172,12.8792,9.440779,Cc1cc(OCCCCN2CCN(c3cccc(Cl)c3Cl)CC2)c2c(C)cc(=O)oc2c1,Ki,2,multi-target,0,475.41600000000034,5.697840000000007,45.92,0,5,7,4,3,32,0.4,1,0
CHEMBL4876151,10.605275,3.913977,CCOc1cccc2cc(S(N)(=O)=O)c(=O)oc12,Ki,4,multi-target,0,269.278,0.8391000000000002,99.6,1,5,3,2,2,18,0.1818181818181818,0,1
CHEMBL3937217,9.247066,-1.4532385,N#CCn1c(C#N)ccc1-c1ccc2oc(=O)ccc2c1,IC50,1,single-target,0,275.267,2.656760000000001,82.72,0,5,2,3,3,21,0.0625,0,1
CHEMBL4860280,10.799601,3.6906996,NS(=O)(=O)c1cc2cccc(F)c2oc1=O,Ki,4,multi-target,0,243.215,0.5795000000000005,90.37,1,4,1,2,2,16,0.0,0,1
CHEMBL5182136,20.2869,-7.272795,COc1cc(/C=C/c2cc(=O)oc3c2ccc2oc(-c4cc(OC)cc(OC)c4)cc23)cc(OC)c1,IC50,5,multi-target,1,484.50400000000025,6.411000000000006,80.27000000000001,0,7,7,5,5,36,0.1379310344827586,1,0
CHEMBL5962980,5.801867,2.9930232,Cc1cccc(-c2cc(=O)oc3cc4occ(C)c4cc23)c1,IC50,1,single-target,0,290.318,4.823040000000003,43.35,0,3,1,4,4,22,0.1052631578947368,0,1
CHEMBL4096323,12.391956,2.9567182,O=C(O)c1cc2cc(Br)cc([N+](=O)[O-])c2oc1=O,EC50,1,single-target,0,314.0470000000001,2.161900000000001,110.65,1,5,2,2,2,18,0.0,0,1
CHEMBL3087898,13.754535,3.0875177,O=C(NCCC1CCN(Cc2ccccc2)CC1)c1cc2cc(Br)ccc2oc1=O,IC50,2,multi-target,0,469.3790000000002,4.587600000000004,62.55,1,4,6,4,3,30,0.3333333333333333,0,1
CHEMBL4086849,12.886505,-7.119462,COc1ccc(C2C(C#N)=C(NC(=O)CN3CCOCC3)Oc3c2c(=O)oc2ccccc32)c(OC)c1,IC50,1,single-target,0,503.5110000000003,2.5180800000000003,123.26000000000002,1,9,6,5,3,37,0.2962962962962963,1,0
CHEMBL3417295,0.8925899,15.596238,O=c1cc(-c2ccccc2)c2ccc(OCCN3CCN(CCCNc4c5c(nc6ccccc46)CCCC5)CC3)cc2o1,IC50,2,multi-target,0,588.7520000000002,6.385600000000006,70.84,1,7,10,7,5,44,0.3513513513513513,2,0
CHEMBL1172750,6.366311,2.0739882,Cc1cc(=O)oc2cc(O[C@H]3O[C@H](CO)[C@@H](O)[C@H](O)[C@@H]3O)ccc12,Ki,4,multi-target,0,338.312,-0.7198800000000007,129.59,4,8,3,3,2,24,0.4375,0,1
CHEMBL5088259,3.371744,5.3249593,O=C(COc1cc2oc(=O)c3c(c2cc1Cl)CCCC3)NO,IC50,1,single-target,0,323.7320000000001,2.2094,88.77,2,5,3,3,2,22,0.3333333333333333,0,1
CHEMBL3735254,11.24531,5.196418,CC(=O)Oc1ccccc1-c1cc2cc(C)ccc2oc1=O,IC50,1,single-target,0,294.30600000000004,3.6937200000000026,56.51,0,4,2,3,3,22,0.1111111111111111,0,1
CHEMBL4069839,8.457657,-7.727465,NS(=O)(=O)Oc1ccc2cc(-c3cc(F)c(F)c(F)c3)c(=O)oc2c1,IC50,1,single-target,0,371.2920000000001,2.4596,99.6,1,5,3,3,3,25,0.0,0,1
CHEMBL3331339,-1.672761,3.8155901,Cc1nn(-c2ccc(C(F)(F)F)cc2)c2c1c(=O)oc1ccc(Cl)cc12,IC50,1,single-target,0,378.737,5.112520000000003,48.03,0,4,1,4,4,26,0.1111111111111111,1,0
CHEMBL50703,5.746323,3.965119,Cc1cc2c(ccc3c(C)cc(=O)oc32)o1,Ki,3,multi-target,0,214.21999999999997,3.1560400000000017,43.35,0,3,0,3,3,16,0.1538461538461538,0,1
CHEMBL2177252,-1.4875525,5.8612676,CCCCCc1cc(O)c2cc(Cc3ccccc3)c(=O)oc2c1,Ki,2,multi-target,0,322.40400000000005,4.822100000000004,50.44,1,3,6,3,3,24,0.2857142857142857,0,1
CHEMBL266473,1.0179955,-3.2337468,CCC1CCc2cc3c(C(F)(F)F)cc(=O)oc3cc2N1,EC50,1,single-target,0,297.27599999999995,3.948500000000003,42.24,1,3,1,3,2,21,0.4,0,1
CHEMBL1650702,12.241613,2.00033,CC(=O)c1cc2ccc(-c3ccc(O)cc3)cc2oc1=O,IC50,1,single-target,0,280.279,3.3682000000000025,67.50999999999999,1,4,2,3,3,21,0.0588235294117647,0,1
CHEMBL212578,14.601733,3.18739,O=C(Nc1cc(-c2ccccc2)ccc1N1CCN(Cc2ccccc2)CC1)c1cc2ccccc2oc1=O,IC50,1,single-target,0,515.6130000000003,6.034500000000006,65.79,1,5,6,6,5,39,0.1515151515151515,2,0
CHEMBL3629467,15.659776,0.3269379,COc1ccc(/C=C/c2cc(OC)cc(OC)c2/C=C/C(=O)c2cc3cccc(OC)c3oc2=O)cc1,IC50,1,single-target,0,498.5310000000002,5.893900000000006,84.20000000000002,0,7,9,4,4,37,0.1333333333333333,1,0
CHEMBL2181550,-1.1354455,5.826669,COc1cccc(Cc2cc3c(OC)cccc3oc2=O)c1,IC50,2,multi-target,0,296.322,3.4010000000000016,48.67,0,4,4,3,3,22,0.1666666666666666,0,1
CHEMBL107488,1.9499741,3.2554166,Cc1c(C)c2ccc(OCc3cccc(O)c3)cc2oc1=O,IC50,3,multi-target,0,296.32200000000006,3.694440000000003,59.67,1,4,3,3,3,22,0.1666666666666666,0,1
CHEMBL4163570,17.839785,12.864342,CC(=O)c1cc2ccc(OCCCn3cc(CNC(=O)CCCCC4CCSS4)nn3)cc2oc1=O,IC50,1,single-target,0,530.6720000000004,4.386500000000003,116.32,1,10,13,4,3,36,0.48,1,0
CHEMBL1447279,3.6438918,3.4371624,Cc1cc(=O)oc2cc(NC(=O)c3ccc(OC(F)F)cc3)ccc12,IC50,1,single-target,0,345.30100000000004,3.9551200000000017,68.54,1,4,4,3,3,25,0.1111111111111111,0,1
CHEMBL243263,8.38197,-0.11333603,O=c1ccc2cc(O)ccc2o1,Ki,3,multi-target,0,162.14399999999998,1.4986,50.44,1,3,0,2,2,12,0.0,0,1
CHEMBL3410728,13.296906,2.6768878,CCCCOc1c(OC)ccc2cc(C(=O)NC(C)CCC)c(=O)oc12,IC50,1,single-target,0,361.4380000000002,3.898900000000003,77.77,1,5,9,2,2,26,0.5,0,1
CHEMBL5079544,2.2616096,1.6475167,CN(CCCO)Cc1ccc(COc2ccc3c(CO)cc(=O)oc3c2)cc1,IC50,2,multi-target,0,383.4440000000001,2.6785000000000005,83.14,2,6,9,3,3,28,0.3181818181818182,0,1
CHEMBL5185240,20.286901,-7.2728105,COc1cc(/C=C/c2cc(=O)oc3c2ccc2oc(-c4ccc(Cl)cc4)cc23)cc(OC)c1,IC50,4,multi-target,0,458.8970000000001,7.047200000000005,61.81,0,5,5,5,5,33,0.074074074074074,1,0
CHEMBL4634082,15.405766,1.8450551,Cc1c(O)c(=O)ccn1CCNC(=O)c1cc2ccc(OCc3cc(F)cc(F)c3)cc2oc1=O,IC50,1,single-target,0,482.43900000000025,3.255920000000001,110.77,2,7,7,4,4,35,0.16,0,1
CHEMBL3787196,11.854546,7.7101374,NC(=O)C1CCN(CC(=O)N2N=C(c3cc4ccccc4oc3=O)CC2c2ccccc2)CC1,IC50,1,single-target,0,458.5180000000003,2.668000000000001,109.21,1,6,5,5,3,34,0.3076923076923077,0,1
CHEMBL2178457,2.4692316,6.3163195,CCc1c(OCc2ccc(-c3ccccc3)cc2)ccc2c(C)c(CCCC(=O)O)c(=O)oc12,IC50,1,single-target,0,456.5380000000004,6.317120000000006,76.74000000000001,1,4,9,4,4,34,0.2413793103448276,1,0
CHEMBL1938470,6.327022,2.1009567,Cc1cc(=O)oc2cc(O[C@@H]3OC[C@@H](O)[C@@H](O)[C@H]3O)ccc12,Ki,2,multi-target,0,308.286,-0.0807800000000004,109.36,3,7,2,3,2,22,0.4,0,1
CHEMBL4642359,4.21752,1.5673014,O=c1cc(-c2cc3ccccc3oc2=O)c2ccc(OCc3c(Cl)cccc3Cl)cc2o1,IC50,1,single-target,0,465.2880000000002,6.452200000000003,69.65,0,5,4,5,5,32,0.04,1,0
CHEMBL569415,6.3477235,7.897753,Cc1ccc2oc(=O)c(Cc3c(O)c4cc(C)ccc4oc3=O)c(O)c2c1,IC50,1,single-target,0,364.3530000000001,3.5182400000000023,100.88,2,6,2,4,4,27,0.1428571428571428,0,1
CHEMBL1957180,5.96931,0.25611937,C=CCOc1cc(=O)oc2ccccc12,Ki,3,multi-target,0,202.209,2.3578,39.44,0,3,3,2,2,15,0.0833333333333333,0,1
CHEMBL4759897,-4.090449,-0.5984,CC(C)CN(C[C@@H](O)[C@H](Cc1ccccc1)NC(=O)c1cc2ccccc2oc1=O)S(=O)(=O)c1ccc(N)cc1,IC50,2,multi-target,0,563.6760000000002,3.424100000000002,142.94,3,7,11,4,4,40,0.2666666666666666,1,0
CHEMBL4790017,3.664211,3.4272463,Cc1cc(=O)oc2cc(NC(=O)/C=C/c3ccc(F)c(F)c3)ccc12,Ki,2,multi-target,0,341.31300000000005,4.031520000000002,59.31,1,3,3,3,3,25,0.0526315789473684,0,1
CHEMBL3360731,11.3076515,5.0842857,Cc1ccc2oc(=O)c(-c3cccc([N+](=O)[O-])c3)cc2c1,IC50,1,single-target,0,281.26700000000005,3.6766200000000016,73.35,0,4,2,3,3,21,0.0625,0,1
CHEMBL4104094,7.785794,0.06670113,CC(C)Cc1ccc(C(C)C(=O)NCCOc2ccc3ccc(=O)oc3c2)cc1,Ki,2,multi-target,0,393.48300000000006,4.290200000000003,68.53999999999999,1,4,8,3,3,29,0.3333333333333333,0,1
CHEMBL3957520,12.990828,3.4425197,CCOc1ccc2cc(C(=O)NCCc3c[nH]c4ccccc34)c(=O)oc2c1,IC50,1,single-target,0,376.4120000000001,3.645500000000002,84.33,2,4,6,4,4,28,0.1818181818181818,0,1
CHEMBL4633922,3.7923987,6.621823,Cc1c(CCC(=O)N[C@@H](CSCc2ccccc2)C(=O)O)c(=O)oc2cc3oc4c(c3cc12)CCCC4,IC50,1,single-target,0,519.6190000000004,5.161820000000004,109.75,2,6,9,5,4,37,0.3448275862068966,2,0
CHEMBL2206125,18.020868,3.3039196,COc1cccc2cc(C(=O)/C=C/c3cc[n+](Cc4ccc(C)cc4)cc3)c(=O)oc12,IC50,2,multi-target,0,412.46500000000015,4.341920000000004,60.39,0,4,6,4,4,31,0.1153846153846153,0,1
CHEMBL4470947,5.783964,-9.67662,Cc1c(N2CCN(C)[C@@H](C)C2)ccc2c3c(c(=O)oc12)CN(C(=O)c1ccc(NS(C)(=O)=O)c(Cl)c1)CC3,IC50,2,multi-target,0,559.0880000000001,3.4651200000000024,103.17,1,7,4,5,3,38,0.4074074074074074,1,0
CHEMBL4128424,3.386076,2.545364,O=C(COc1ccc2c(-c3ccccc3)cc(=O)oc2c1)NN1C(=O)CSC1c1ccc(Cl)cc1,IC50,1,single-target,0,506.9670000000002,4.797600000000004,88.85,1,6,6,5,4,35,0.1153846153846153,1,0
CHEMBL4078343,5.6551456,-0.9999852,O=c1ccc2ccc(OCCN3CCC(Cc4ccccc4)CC3)cc2o1,IC50,3,multi-target,0,363.4570000000001,4.126500000000004,42.68,0,4,6,4,3,27,0.3478260869565217,0,1
CHEMBL4097867,3.0235949,2.0524733,Cc1cc(=O)oc2cc(OCc3ccc(Br)cc3)ccc12,IC50,2,multi-target,0,345.192,4.442920000000004,39.44,0,3,3,3,3,21,0.1176470588235294,0,1
CHEMBL244415,12.736352,4.5007486,COc1ccc(CN(C)Cc2ccc(-c3cc4cc(OC)c(OC)cc4oc3=O)cc2)cc1,IC50,1,single-target,0,445.5150000000002,5.117800000000005,61.14000000000001,0,6,8,4,4,33,0.2222222222222222,1,0
CHEMBL4797003,11.678582,4.479323,Cc1ccc(-c2cc3ccc(O)cc3oc2=O)cc1,IC50,1,single-target,0,252.269,3.474020000000002,50.440000000000005,1,3,1,3,3,19,0.0625,0,1
CHEMBL4576916,3.3907819,6.305119,Cc1c(CCC(=O)ON2C(=O)CCC2=O)c(=O)oc2cc3occ(C4CCCCC4)c3cc12,IC50,1,single-target,0,451.4750000000003,4.435120000000004,107.03,0,7,5,5,3,33,0.44,0,1
CHEMBL4451925,4.2557964,10.868355,O=c1oc2ccccc2c2nn(S(=O)(=O)c3ccc(Cl)cc3)cc12,IC50,4,multi-target,0,360.7780000000001,3.033100000000001,82.16999999999999,0,6,2,4,4,24,0.0,0,1
CHEMBL198591,13.08151,6.1281805,COc1ccc2oc(=O)c(-c3csc(N/N=C/c4ccccc4O)n3)cc2c1,IC50,1,single-target,0,393.4240000000001,4.0767000000000015,96.95,2,8,5,4,4,28,0.05,0,1
CHEMBL56918,7.342206,0.552342,C/C(=C\COc1ccc2ccc(=O)oc2c1)C1=CC(=O)C(C)(C)O1,Ki,7,multi-target,1,326.34800000000007,3.379900000000002,65.74,0,5,4,3,2,24,0.2631578947368421,0,1
CHEMBL3261201,12.82071,2.6375556,Cc1ccccc1NC(=O)c1cc2cc(Br)cc(Br)c2oc1=O,IC50,1,single-target,0,437.0870000000001,4.878720000000002,59.31,1,3,2,3,3,23,0.0588235294117647,0,1
CHEMBL1288534,8.1603155,1.285058,CC(=O)c1cc2ccc(=O)oc2cc1O,Ki,1,single-target,0,204.18099999999995,1.7011999999999998,67.51,1,4,1,2,2,15,0.0909090909090909,0,1
CHEMBL1487004,6.925039,8.021633,O=C(CC1CCCCC1)c1c(O)c2ccccc2oc1=O,EC50,1,single-target,0,286.3270000000001,3.6517000000000026,67.50999999999999,1,4,3,3,2,21,0.4117647058823529,0,1
CHEMBL4546647,5.784319,-9.673279,Cc1c(N2CCN(C)CC2)ccc2c3c(c(=O)oc12)CN(C(=O)c1ccc(NS(C)(=O)=O)c(Cl)c1)CC3,IC50,2,multi-target,0,545.0610000000001,3.076620000000002,103.17,1,7,4,5,3,37,0.3846153846153846,1,0
CHEMBL108697,2.0125253,3.2109113,Cc1c(C)c2ccc(OCc3cccc(F)c3)cc2oc1=O,IC50,4,multi-target,0,298.31300000000005,4.127940000000003,39.44,0,3,3,3,3,22,0.1666666666666666,0,1
CHEMBL383592,0.14562617,10.65292,CC(C)=CCc1c(O)c(C(=O)C(C)C)c2oc(=O)cc(-c3ccccc3)c2c1O,IC50,1,single-target,0,392.4510000000001,5.218600000000005,87.74,2,5,5,3,3,29,0.25,1,0
CHEMBL5094348,1.5615925,3.4175313,Cc1c(C)c2ccc(OCCCN(Cc3cccc(F)c3)C(C)C)cc2oc1=O,IC50,3,multi-target,0,397.4900000000001,5.228440000000005,42.68,0,4,8,3,3,29,0.375,1,0
CHEMBL4520209,11.656178,7.9187984,CN(C)c1ccc(C2CC(c3cc4ccccc4oc3=O)=NN2c2nc(-c3ccccc3)c(/N=N/c3ccc(Cl)cc3)s2)cc1,IC50,1,single-target,0,631.1610000000003,9.406999999999996,86.66000000000001,0,9,7,7,6,45,0.1142857142857142,2,0
CHEMBL4786536,7.227521,7.7748275,C/C(=N\Cc1ccc(C)cc1)c1c(O)c2ccccc2oc1=O,IC50,1,single-target,0,307.3490000000001,3.816220000000003,62.8,1,4,3,3,3,23,0.1578947368421052,0,1
CHEMBL4175605,4.878646,2.5444827,O=c1cc(-c2ccccc2Cl)c2ccc(O)cc2o1,Ki,2,multi-target,0,272.687,3.8190000000000017,50.44,1,3,1,3,3,19,0.0,0,1
CHEMBL3093990,3.0731637,1.1569237,COc1cc(=O)oc2cc(OCc3ccccc3)ccc12,IC50,1,single-target,0,282.295,3.380600000000002,48.67,0,4,4,3,3,21,0.1176470588235294,0,1
CHEMBL4078408,8.449528,-7.7236404,NS(=O)(=O)Oc1ccc2cc(-c3ccc(NC(=O)Cc4c(F)c(F)c(F)c(F)c4F)cc3)c(=O)oc2c1,IC50,1,single-target,0,540.4220000000001,3.919000000000002,128.7,2,6,6,4,4,37,0.0434782608695652,1,0
CHEMBL1501269,6.4826293,4.5473695,Cc1cc(=O)oc2c(CN3CCC(C)CC3)c(O)c(Cl)cc12,IC50,5,multi-target,1,321.80400000000003,3.6923200000000014,53.68000000000001,1,4,2,3,2,22,0.4705882352941176,0,1
CHEMBL4855805,3.8942208,4.5938797,CCN(CC)c1ccc2c(C)c(CCOC(=O)NCc3cccc(-c4c[nH]cn4)c3)c(=O)oc2c1,EC50,1,single-target,0,474.56100000000015,4.806620000000003,100.46,2,6,9,4,4,35,0.2962962962962963,0,1
CHEMBL5178058,7.675611,14.690823,CNCCOc1ccc(N2Nc3cc(O)ccc3-c3c2c2ccc(O)cc2oc3=O)cc1,IC50,2,multi-target,0,431.4480000000002,3.948000000000001,107.20000000000002,4,8,5,5,4,32,0.125,0,1
CHEMBL3746981,-6.631371,8.495121,Cc1cc(=O)oc2c1ccc1oc(=N)c(C(=O)NC(c3ccccc3)c3ccccc3)cc12,IC50,1,single-target,0,436.4670000000001,4.846490000000003,96.3,2,5,4,5,5,33,0.074074074074074,0,1
CHEMBL3739747,11.72357,4.4418736,O=c1oc2cc(O)ccc2cc1-c1ccc(Cl)cc1,IC50,1,single-target,0,272.68699999999995,3.8190000000000017,50.44,1,3,1,3,3,19,0.0,0,1
CHEMBL3427408,6.041073,11.450183,Cc1c(O)ccc2c(Cc3ccc(/C=C/C(=O)O)cc3)c(-c3ccc(OC(F)(F)F)cc3)c(=O)oc12,IC50,1,single-target,0,496.4370000000002,6.061220000000003,96.97,2,5,6,4,4,36,0.1111111111111111,1,0
CHEMBL4646565,15.387534,1.8272306,Cc1cccc(COc2ccc3cc(C(=O)NCCn4ccc(=O)c(O)c4C)c(=O)oc3c2)c1,IC50,1,single-target,0,460.4860000000002,3.2861400000000014,110.77,2,7,7,4,4,34,0.1923076923076923,0,1
CHEMBL2178432,2.754753,2.910399,Cc1c(C)c2ccc(OCC(=O)NNC(=S)Nc3ccc(Cl)cc3)cc2oc1=O,Ki,1,single-target,0,431.9010000000002,3.4598400000000007,92.6,3,5,4,3,3,29,0.15,0,1
CHEMBL2178980,3.1546087,2.5664186,Cc1cc(=O)oc2cc(OCC(=O)N/N=C/c3ccc(Cl)cc3)ccc12,Ki,1,single-target,0,370.7920000000001,3.283920000000001,80.89999999999999,1,5,5,3,3,26,0.1052631578947368,0,1
CHEMBL3099016,6.2153826,5.0116725,O=c1oc2c(O)c(O)ccc2c2c1CCC2,Ki,1,single-target,0,218.2079999999999,1.6928999999999994,70.67,2,4,0,3,2,16,0.25,0,1
CHEMBL3092183,11.24166,14.399612,Cc1c(Cc2cc(NS(N)(=O)=O)ccc2F)c(=O)oc2cc(OC(=O)N(C)C)ccc12,IC50,2,multi-target,0,449.4600000000002,2.5071200000000013,131.94,2,6,5,3,3,31,0.2,0,1
CHEMBL3326698,-3.356163,0.29973397,O=C(NCCCCCNc1c2c(nc3ccccc13)CCCC2)c1cc2ccccc2oc1=O,Ki,3,multi-target,0,455.55800000000033,5.232200000000004,84.22999999999999,2,5,8,5,4,34,0.3214285714285714,1,0
CHEMBL3356692,11.031651,4.9169707,CC(C)=CCOc1ccc(-c2cc3cc(Br)ccc3oc2=O)cc1OCC=C(C)C,IC50,1,single-target,0,469.3750000000002,6.912500000000006,48.67,0,4,7,3,3,30,0.24,1,0
CHEMBL3318732,15.619182,0.34125513,COc1ccc2cc(C(=O)/C=C/C=C/c3ccc(OC)c(OC)c3)c(=O)oc2c1,IC50,7,multi-target,1,392.4070000000002,4.271100000000004,74.97,0,6,7,3,3,29,0.1304347826086956,0,1
CHEMBL2070828,6.6576905,6.3111763,COc1cccc2c1c(O)cc1cc(C)c(=O)oc12,IC50,1,single-target,0,256.257,2.968820000000001,59.67,1,4,1,3,3,19,0.1333333333333333,0,1
CHEMBL4753411,-4.0489216,-0.55693895,CC(C)CN(C[C@@H](O)[C@H](Cc1ccccc1)NC(=O)Oc1c2occc2cc2ccc(=O)oc12)S(=O)(=O)c1ccc([N+](=O)[O-])cc1,IC50,1,single-target,0,649.6780000000002,4.854900000000004,182.43,2,10,12,5,5,46,0.25,1,0
CHEMBL4748014,-4.0851164,-0.592107,CC(C)CN(C[C@@H](O)[C@H](Cc1ccccc1)NC(=O)c1cc2ccc(O)cc2oc1=O)S(=O)(=O)c1ccc(N)cc1,IC50,2,multi-target,0,579.6750000000002,3.1297000000000006,163.17,4,8,11,4,4,41,0.2666666666666666,1,0
CHEMBL4754375,-4.001387,-0.51005447,COc1ccc(S(=O)(=O)N(CC(C)C)C[C@@H](O)[C@H](Cc2ccccc2)NC(=O)Cc2cc(=O)oc3cc(O)ccc23)cc1,IC50,2,multi-target,0,608.7130000000003,3.485000000000001,146.38,3,8,13,4,4,43,0.3125,1,0
CHEMBL1830801,11.107779,2.4521067,CCN(CC)c1ccc2cc(C(=O)c3ccccc3)c(=O)oc2c1,IC50,1,single-target,0,321.3760000000001,3.870200000000003,50.52,0,4,5,3,3,24,0.2,0,1
CHEMBL5583649,8.557455,0.7301785,NS(=O)(=O)c1ccc(NC(=O)COc2ccc3ccc(=O)oc3c2)cc1,Ki,7,multi-target,1,374.3740000000001,1.4579,128.7,2,6,5,3,3,26,0.0588235294117647,0,1
CHEMBL4169349,6.879065,7.363564,CCOc1c(C(C)=O)c(=O)oc2ccc(Br)cc12,Ki,2,multi-target,0,311.13100000000003,3.1568000000000014,56.510000000000005,0,4,3,2,2,18,0.2307692307692307,0,1
CHEMBL3326701,-3.3610365,0.29475972,Cc1ccc2oc(=O)c(C(=O)NCCCCCNc3c4c(nc5ccccc35)CCCC4)cc2c1,Ki,2,multi-target,0,469.5850000000003,5.540620000000005,84.23,2,5,8,5,4,35,0.3448275862068966,1,0
CHEMBL2391488,1.533578,15.699669,Cc1cc(=O)oc2cc(OCCCCN3CCN(CC(=O)Nc4c5c(nc6ccccc46)CCCC5)CC3)ccc12,IC50,2,multi-target,0,554.6910000000003,4.943720000000005,87.91,1,7,9,6,4,41,0.4242424242424242,1,0
CHEMBL4167366,-1.6408095,3.8128984,Cc1nn(-c2ccccc2)c2c1c(=O)oc1ccc(NC(=O)c3ccccc3)cc12,Ki,1,single-target,0,395.41800000000006,4.692620000000003,77.13,1,5,3,5,5,30,0.0416666666666666,0,1
CHEMBL3585361,1.5122567,3.4184175,Cc1c(C)c2ccc(OCCCCCN(C)Cc3cccc(Cl)c3)cc2oc1=O,IC50,3,multi-target,0,413.9450000000001,5.744340000000006,42.68,0,4,9,3,3,29,0.375,1,0
CHEMBL3786734,11.806213,7.749386,O=C(CCl)N1N=C(c2cc3ccccc3oc2=O)CC1c1ccccc1,IC50,1,single-target,0,366.80400000000014,3.709500000000002,62.88,0,4,3,4,3,26,0.15,0,1
CHEMBL3586583,1.5405731,3.4177032,CCN(CCCCCCOc1ccc2c(C)c(C)c(=O)oc2c1)Cc1ccccc1,IC50,7,multi-target,1,407.5540000000002,5.871140000000007,42.68,0,4,11,3,3,30,0.4230769230769231,1,0
CHEMBL1957185,7.905448,0.31156585,Cc1ccc(S(=O)(=O)OCCOc2ccc3ccc(=O)oc3c2)cc1,Ki,3,multi-target,0,360.38700000000006,2.885720000000002,82.81000000000002,0,6,6,3,3,25,0.1666666666666666,0,1
CHEMBL3586608,2.3249166,1.6590644,CN(Cc1ccccc1)Cc1ccc(COc2ccc3c(CO)cc(=O)oc3c2)cc1,IC50,8,multi-target,1,415.48900000000015,4.496300000000005,62.91,1,5,8,4,4,31,0.1923076923076923,0,1
CHEMBL2391483,1.4176222,15.746684,O=C(CN1CCN(CCCCOc2ccc3ccc(=O)oc3c2)CC1)Nc1c2c(nc3ccccc13)CCCC2,IC50,2,multi-target,0,540.6640000000002,4.635300000000004,87.91,1,7,9,6,4,40,0.40625,1,0
CHEMBL5218778,23.597466,-6.802731,COc1cc(/C=C/C(=O)OCCCCCCN(CCCOC(=O)/C=C/c2cc(OC)c(OC)c(OC)c2)CCCOc2ccc3ccc(=O)oc3c2)cc(OC)c1OC,Ki,2,multi-target,0,817.929,7.37920000000001,150.65999999999997,0,14,26,4,4,59,0.4,3,0
CHEMBL5632581,12.007125,1.2171067,N=C(N)c1ccc2cc(OC(=O)c3cc4ccccc4oc3=O)ccc2c1,Ki,1,single-target,0,358.3530000000001,3.4494700000000025,106.38000000000002,2,5,3,4,4,27,0.0,0,1
CHEMBL3121781,10.679226,0.43130234,C#CCCCOc1ccc2cc(NC(C)=O)c(=O)oc2c1,IC50,2,multi-target,0,285.29900000000004,2.5436000000000005,68.53999999999999,1,4,5,2,2,21,0.25,0,1
CHEMBL4639488,15.438908,1.8710278,Cc1c(O)c(=O)ccn1CCNC(=O)c1cc2ccc(OCc3ccc(C(C)(C)C)cc3)cc2oc1=O,IC50,1,single-target,0,502.5670000000004,4.275220000000004,110.77,2,7,7,4,4,37,0.2758620689655172,1,0
CHEMBL4853160,5.7094703,20.69391,CC(C)CCc1cc(C(=O)Nc2c(O)c3ccc(O)cc3oc2=O)ccc1F,Ki,2,multi-target,0,385.3910000000001,4.184200000000002,99.77,3,5,5,3,3,28,0.238095238095238,0,1
CHEMBL4865705,5.6867666,20.717918,CC(C)CCc1ccccc1C(=O)Nc1c(O)c2ccc(O)cc2oc1=O,Ki,2,multi-target,0,367.4010000000001,4.045100000000002,99.77,3,5,5,3,3,27,0.238095238095238,0,1
CHEMBL1946918,5.253097,6.924209,O=c1oc2cc(O)ccc2c2c1[nH]c1cc(O)ccc12,IC50,1,single-target,0,267.24,2.8387,86.46,3,4,0,4,4,20,0.0,0,1
CHEMBL4465651,6.3846526,6.0521054,O=c1oc2c(Br)c(O)ccc2c2ccc(O)cc12,Ki,1,single-target,0,307.09900000000005,3.119900000000001,70.67,2,4,0,3,3,18,0.0,0,1
CHEMBL5532453,8.684727,-0.25034073,O=C(CNC(=O)Oc1ccccc1)Nc1ccc2oc(=O)ccc2c1,Ki,1,single-target,0,338.31900000000013,2.520100000000001,97.64,2,5,4,3,3,25,0.0555555555555555,0,1
CHEMBL4287173,12.965672,9.520507,CC(=O)c1c(C)cc2oc(=O)cc(C)c2c1OCCCN1CCN(c2cnccn2)CC1,Ki,2,multi-target,0,436.5120000000002,2.993540000000002,88.77000000000001,0,8,7,4,3,32,0.4166666666666667,0,1
CHEMBL3629471,15.667351,0.31553903,COc1ccc(/C=C/c2cc(OC)cc(OC)c2/C=C/C(=O)c2cc3cccc(C)c3oc2=O)cc1,IC50,1,single-target,0,482.5320000000002,6.193720000000006,74.97,0,6,8,4,4,36,0.1333333333333333,1,0
CHEMBL3322158,-3.4371035,0.037630156,O=C(Cc1cc(=O)oc2cc(O)ccc12)NCCNc1c2c(nc3ccccc13)CCCC2,IC50,2,multi-target,0,443.5030000000002,3.6964000000000015,104.46,3,6,6,5,4,33,0.2692307692307692,0,1
CHEMBL2387258,4.3780727,-1.4767588,Cc1cc(=O)oc2cc(OCCCCN3CCN(c4cccc(Cl)c4Cl)CC3)ccc12,Ki,3,multi-target,0,461.3890000000002,5.389420000000005,45.92,0,5,7,4,3,31,0.375,1,0
CHEMBL3360630,4.010165,12.044892,COc1ccc(NC(=O)Cn2ncc3c(=O)oc4ccccc4c32)cc1OC,IC50,1,single-target,0,379.3720000000001,2.7986000000000013,95.59,1,7,5,4,4,28,0.15,0,1
CHEMBL3764790,12.7830925,2.746665,O=C(Nc1cccc(O)c1)c1cc2cc(Cl)cc(Br)c2oc1=O,IC50,1,single-target,0,394.60800000000006,4.1668,79.53999999999999,2,4,2,3,3,23,0.0,0,1
CHEMBL2408083,24.32272,4.432666,Cc1cc(C)nc(NS(=O)(=O)c2ccc(/N=C/c3c(Cl)c4cc(C(C)(C)C)cc(C(C)(C)C)c4oc3=O)cc2)n1,IC50,2,multi-target,0,581.1380000000004,6.999640000000007,114.52,1,7,5,4,4,40,0.3333333333333333,2,0
CHEMBL2322549,3.8147328,6.720175,Cc1c(CCC(=O)NC(Cc2ccccc2)C(=O)O)c(=O)oc2cc3occ(C(C)(C)C)c3cc12,EC50,1,single-target,0,475.54100000000034,4.889820000000005,109.75,2,5,7,4,4,35,0.3214285714285714,0,1
CHEMBL5288759,6.3124223,8.439045,COc1ccccc1CCCCc1c(O)c2ccc(O)cc2oc1=O,IC50,1,single-target,0,340.37500000000006,3.7782000000000022,79.9,2,5,6,3,3,25,0.25,0,1
CHEMBL5087976,4.608991,1.4894854,O=c1cc(C(F)(F)F)c2ccc(OCc3ccc(Cl)cc3)cc2o1,IC50,1,single-target,0,354.71100000000007,5.044200000000003,39.44,0,3,3,3,3,24,0.1176470588235294,1,0
CHEMBL2178983,2.828573,2.9093273,C/C(=N\NC(=O)COc1ccc2c(C)c(C)c(=O)oc2c1)c1ccc(Cl)cc1,Ki,1,single-target,0,398.8460000000001,3.982440000000003,80.89999999999999,1,5,5,3,3,28,0.1904761904761904,0,1
CHEMBL4764288,13.902172,1.2171389,C/C(=N\NC(=O)c1ccc(S(N)(=O)=O)cc1)c1cc2cc(Br)ccc2oc1=O,Ki,4,multi-target,0,464.29700000000014,2.3569000000000004,131.83,2,6,4,3,3,28,0.0555555555555555,0,1
CHEMBL5287344,8.236616,0.92468613,O=c1ccc2ccc(Cc3cc4ccc(O)cc4oc3=O)cc2o1,IC50,1,single-target,0,320.30000000000007,3.195800000000002,80.64999999999999,1,5,2,4,4,24,0.0526315789473684,0,1
CHEMBL4756231,13.963332,1.1807396,Cc1ccc(S(=O)(=O)C/C(=N\NC(=O)c2ccc(S(N)(=O)=O)cc2)c2cc3ccccc3oc2=O)cc1,Ki,4,multi-target,0,539.5910000000002,2.35682,165.96999999999997,2,8,7,4,4,37,0.08,1,0
CHEMBL5590449,7.824714,0.029447088,O=C(OCCCOc1ccc2oc(=O)ccc2c1)c1ccc2c(c1)no[n+]2[O-],Ki,2,multi-target,0,382.32800000000015,2.1935,118.71,0,8,6,4,4,28,0.1578947368421052,0,1
CHEMBL5598352,7.8431926,0.051089626,O=C(Oc1ccc2oc(=O)ccc2c1)c1ccc2c(c1)no[n+]2[O-],Ki,2,multi-target,0,324.24800000000005,1.7868,109.48,0,7,2,4,4,24,0.0,0,1
CHEMBL2391653,1.4463512,15.739333,O=C(CN1CCN(CCOc2ccc3ccc(=O)oc3c2)CC1)Nc1c2c(nc3ccccc13)CCCC2,IC50,2,multi-target,0,512.6100000000005,3.855100000000003,87.91,1,7,7,6,4,38,0.3666666666666666,1,0
CHEMBL4060097,12.880778,-7.122101,N#CC1=C(NC(=O)CN2CCN(c3ccccc3)CC2)Oc2c(c(=O)oc3ccccc23)C1c1ccccc1,IC50,2,multi-target,0,518.5730000000003,3.9908800000000033,98.81000000000002,1,7,5,6,4,39,0.1935483870967742,1,0
CHEMBL4441397,11.379883,-8.67905,O=c1cc(N[C@H]2C[C@@H](N3CCN(c4nccc5ccccc45)CC3)C2)c2ccccc2o1,IC50,3,multi-target,0,426.52000000000027,4.106300000000004,61.61000000000001,1,6,4,6,4,32,0.3076923076923077,0,1
CHEMBL4537564,11.31111,-8.750431,O=c1cc(NCCCN2CCN(c3nc(F)cc4ccccc34)CC2)c2ccccc2o1,IC50,4,multi-target,0,432.4990000000002,4.104500000000003,61.61000000000001,1,6,6,5,4,32,0.28,0,1
CHEMBL4283662,7.5781946,-0.47868937,Cc1nccn1CCCCCCCCCCOc1ccc2ccc(=O)oc2c1,IC50,1,single-target,0,382.504,5.4977200000000055,57.260000000000005,0,5,12,3,3,28,0.4782608695652174,1,0
CHEMBL571283,6.270718,8.121387,O=c1oc2ccccc2c(O)c1Cc1ccc2ccccc2c1,IC50,1,single-target,0,302.329,4.242600000000002,50.44,1,3,2,4,4,23,0.05,0,1
CHEMBL5563945,15.338132,-0.8225926,CCOc1cccc2cc(/C(C)=N/Nc3nc(-c4ccc(Br)cc4)cs3)c(=O)oc12,Ki,3,multi-target,0,484.3750000000001,5.913800000000004,76.72,1,7,6,4,4,30,0.1363636363636363,1,0
CHEMBL3297796,12.965083,1.6382387,O=C(SCc1ccco1)c1cc2cc(Br)c(Br)cc2oc1=O,IC50,1,single-target,0,444.1000000000001,4.984600000000001,60.42,0,5,3,3,3,22,0.0666666666666666,0,1
CHEMBL3297791,12.920845,1.6172134,O=C(Sc1ccc(Br)cc1)c1cc2ccccc2oc1=O,IC50,2,multi-target,0,361.21600000000007,4.488000000000003,47.28,0,4,2,3,3,21,0.0,0,1
CHEMBL3359944,2.5439963,0.9224249,O=c1cc(CCCl)c2ccc(OCc3cccc(Cl)c3)cc2o1,IC50,2,multi-target,0,349.21300000000014,4.806700000000004,39.44,0,3,5,3,3,23,0.1666666666666666,0,1
CHEMBL4102277,2.484092,4.30784,CCCCCCCCS(=O)(=O)Oc1ccc2c(C)c(Cl)c(=O)oc2c1,IC50,2,multi-target,0,386.89700000000016,4.823920000000005,73.58000000000001,0,5,9,2,2,25,0.5,0,1
CHEMBL3926174,13.584408,0.9582598,COc1ncnc(NS(=O)(=O)c2ccc(N/C=C\C(=O)c3cc4ccccc4oc3=O)cc2)c1OC,IC50,1,single-target,0,508.5120000000003,3.209500000000002,149.72,2,10,9,4,4,36,0.0833333333333333,1,0
CHEMBL4277211,12.859092,9.423137,Cc1cc(OCCCCN2CCN(c3ccc(Cl)cc3)CC2)c2c(C)cc(=O)oc2c1,Ki,2,multi-target,0,440.9710000000003,5.044440000000004,45.92,0,5,7,4,3,31,0.4,1,0
CHEMBL4290523,12.962076,9.518425,CC(=O)c1c(C)cc2oc(=O)cc(C)c2c1OCCCN1CCN(c2ccncc2)CC1,Ki,1,single-target,0,435.5240000000002,3.5985400000000025,75.88000000000001,0,7,7,4,3,32,0.4,0,1
CHEMBL3265265,5.9887857,-8.416483,C=CCOC(=O)N1CCc2c(c(=O)oc3c(C4SCCCS4)c(O)ccc23)C1,IC50,1,single-target,0,419.5240000000002,4.048000000000003,79.98,1,7,3,4,2,28,0.4,0,1
CHEMBL3356686,11.06171,4.8545403,COc1ccc(-c2cc3cc(Br)ccc3oc2=O)cc1OC,IC50,1,single-target,0,361.19100000000014,4.239700000000003,48.67,0,4,3,3,3,22,0.1176470588235294,0,1
CHEMBL3356687,6.8304663,7.1115265,Cc1c(-c2ccc(O)c(O)c2)c(=O)oc2ccc(Br)cc12,IC50,1,single-target,0,347.164,3.942120000000002,70.67,2,4,1,3,3,21,0.0625,0,1
CHEMBL1520373,3.1510525,5.3552585,COc1ccc2c(c1)c(=O)oc1cc3oc(C)c(C)c3cc12,IC50,2,multi-target,0,294.306,4.317840000000003,52.58,0,4,1,4,4,22,0.1666666666666666,0,1
CHEMBL4746620,3.6663933,0.74607575,COc1ccc(N2CCN(Cc3cc(=O)oc4cc(OCc5cccc(Br)c5)ccc34)CC2)cc1,Ki,2,multi-target,0,535.4380000000003,5.4653000000000045,55.150000000000006,0,6,7,5,4,35,0.25,2,0
CHEMBL5568708,13.419073,1.7607158,NS(=O)(=O)c1ccc(NC(=O)c2cc3ccccc3oc2=O)c(Br)c1,Ki,7,multi-target,1,423.2440000000001,2.4552000000000005,119.47,2,5,3,3,3,25,0.0,0,1
CHEMBL4747317,8.817351,-0.20763816,COc1cc(/C=C/C(=O)Nc2ccc3oc(=O)ccc3c2)cc(OC)c1OC,Ki,2,multi-target,0,381.3840000000001,3.4707000000000017,87.0,1,6,6,3,3,28,0.1428571428571428,0,1
CHEMBL4762423,8.806882,-0.19866271,O=C(/C=C/c1ccccc1OC(F)F)Nc1ccc2oc(=O)ccc2c1,Ki,2,multi-target,0,357.3120000000001,4.046300000000002,68.53999999999999,1,4,5,3,3,26,0.0526315789473684,0,1
CHEMBL4743602,3.6538289,3.4598944,Cc1cc(=O)oc2cc(NC(=O)/C=C/c3ccccc3)ccc12,Ki,2,multi-target,0,305.333,3.753320000000002,59.31,1,3,3,3,3,23,0.0526315789473684,0,1
CHEMBL5575791,8.615839,0.7443848,NS(=O)(=O)c1ccc(NC(=O)COc2ccc3ccc(=O)oc3c2)c(F)c1,Ki,8,multi-target,1,392.3640000000001,1.597,128.7,2,6,5,3,3,27,0.0588235294117647,0,1
CHEMBL5563085,9.301362,0.876693,N#Cc1cc2ccc(OCc3ccc(S(N)(=O)=O)cc3)cc2oc1=O,Ki,9,multi-target,1,356.3590000000001,1.89108,123.39,1,6,4,3,3,25,0.0588235294117647,0,1
CHEMBL4097542,7.748729,0.03615153,CC1=C(CC(=O)NCCOc2ccc3oc(=O)ccc3c2)c2cc(F)ccc2/C1=C\c1ccc([S+](C)[O-])cc1,Ki,3,multi-target,0,543.6160000000002,5.582500000000006,91.6,1,5,8,5,4,39,0.1612903225806451,2,0
CHEMBL1531320,14.118024,1.8794117,O=C(NCc1ccco1)c1cc2ccc(O)cc2oc1=O,EC50,7,multi-target,1,285.25500000000005,2.0216000000000003,92.68,2,5,3,3,3,21,0.0666666666666666,0,1
CHEMBL5550030,3.6470559,3.7969017,Cc1cc(=O)oc2cc(NCc3cc(I)cc(I)c3O)ccc12,Kd,1,single-target,0,533.1030000000001,4.628320000000003,62.47,2,4,3,3,3,23,0.1176470588235294,1,0
CHEMBL4170974,7.6215086,14.639178,CCN(CC)CCOc1ccc(Nc2c(-c3ccc(O)cc3)c(=O)oc3cc(O)ccc23)cc1,IC50,1,single-target,0,460.5300000000002,5.335400000000006,95.17,3,7,9,4,4,34,0.2222222222222222,1,0
CHEMBL591811,5.3600955,6.1884937,CCCc1c(C)c2ccc(O)cc2oc1=O,IC50,1,single-target,0,218.25199999999995,2.759520000000001,50.440000000000005,1,3,2,2,2,16,0.3076923076923077,0,1
CHEMBL1835810,9.568782,-1.1711148,CCN(CC)c1cc2oc(=O)ccc2cc1-c1ccc(N)c([N+](=O)[O-])c1,IC50,1,single-target,0,353.3780000000001,3.7966000000000015,102.61,1,6,5,3,3,26,0.2105263157894736,0,1
CHEMBL4295030,12.975253,9.531576,CC(=O)c1c(C)cc2oc(=O)cc(C)c2c1OCCCN1CCN(c2ccc(Cl)cc2)CC1,Ki,2,multi-target,0,468.9810000000002,4.856940000000005,62.99000000000001,0,6,7,4,3,33,0.3846153846153846,0,1
CHEMBL4278818,12.824353,9.390152,Cc1cc(OCCCN2CCOCC2)c2c(C)cc(=O)oc2c1,Ki,1,single-target,0,317.38500000000005,2.5109400000000006,51.91,0,5,5,3,2,23,0.5,0,1
CHEMBL5268456,8.261934,0.05552516,O=C(COC(=O)c1ccc(O)cc1O)Oc1ccc2oc(=O)ccc2c1,IC50,1,single-target,0,356.2860000000001,1.9666,123.27,2,8,4,3,3,26,0.0555555555555555,0,1
CHEMBL4638045,5.5987206,3.8514857,COc1ccc(-c2cc(=O)oc3c(O)c(O)ccc23)cc1OC,IC50,1,single-target,0,314.29300000000006,2.8884000000000025,89.13000000000001,2,6,3,3,3,23,0.1176470588235294,0,1
CHEMBL4448759,4.1691294,10.997752,CC(C)c1cc(C(C)C)c(S(=O)(=O)N2CCN(Cn3cc4c(=O)oc5ccccc5c4n3)CC2)c(C(C)C)c1,IC50,4,multi-target,0,550.7250000000003,5.476900000000006,88.65,0,7,7,5,4,39,0.4666666666666667,2,0
CHEMBL2268532,7.87289,0.29844737,CCC#CCOc1ccc2ccc(=O)oc2c1,Ki,1,single-target,0,228.247,2.5852000000000004,39.44,0,3,2,2,2,17,0.2142857142857142,0,1
CHEMBL4293973,12.861721,9.425562,Cc1cc(OCCCN2CCN(c3ccc(Cl)cc3)CC2)c2c(C)cc(=O)oc2c1,Ki,2,multi-target,0,426.9440000000002,4.654340000000004,45.92,0,5,6,4,3,30,0.375,0,1
CHEMBL4290571,12.881748,9.444231,Cc1cc(OCCCN2CCN(c3ccccc3C#N)CC2)c2c(C)cc(=O)oc2c1,Ki,2,multi-target,0,417.5090000000002,3.872620000000003,69.71000000000001,0,6,6,4,3,31,0.36,0,1
CHEMBL4514364,2.4884465,1.6465045,CN(C)Cc1cc(=O)oc2cc(OCc3ccc(CO)cc3)ccc12,IC50,3,multi-target,0,339.391,2.9259000000000013,62.91000000000001,1,5,6,3,3,25,0.25,0,1
CHEMBL2114285,6.980022,8.873421,CC[C@H](c1ccccc1)c1c(OC)c2ccccc2oc1=O,Ki,1,single-target,0,294.35,4.343500000000003,39.44,0,3,4,3,3,22,0.2105263157894736,0,1
CHEMBL4559221,0.071817964,4.678769,Cc1c(-c2nsc(=O)o2)c(=O)oc2cc3occ(C4CCC4)c3cc12,IC50,1,single-target,0,355.3710000000001,4.1918200000000025,86.45,0,7,2,5,4,25,0.2777777777777778,0,1
CHEMBL3427389,6.072379,11.46114,O=C(O)/C=C/c1ccc(Cc2c(-c3ccc(F)cc3)c(=O)oc3cc(O)ccc23)cc1,IC50,1,single-target,0,416.4040000000001,4.993300000000004,87.74,2,4,5,4,4,31,0.04,0,1
CHEMBL3931242,1.8011336,4.882957,CC1(C)[C@H]2CC=C(COc3ccc4c5c(c(=O)oc4c3)CCCC5)[C@@H]1C2,IC50,1,single-target,0,350.4580000000002,5.0430000000000055,39.44,0,3,3,6,2,26,0.5217391304347826,1,0
CHEMBL3359946,2.739211,0.9002807,O=c1cc(CCN2CCCCC2)c2ccc(OCc3cccc(Cl)c3)cc2o1,IC50,1,single-target,0,397.9020000000001,5.053800000000005,42.68000000000001,0,4,6,4,3,28,0.3478260869565217,1,0
CHEMBL4781507,16.460457,4.7454743,O=c1cc(OCCCCCCn2cc(Cn3nnc4ccccc43)nn2)c2ccccc2o1,IC50,1,single-target,0,444.4950000000002,3.816900000000003,100.86,0,9,10,5,5,33,0.2916666666666667,0,1
CHEMBL4206927,-4.522392,6.4632487,C#CCN(CCCCOc1ccc2ccc(=O)oc2c1)Cc1ccc(C(C)C)cc1,IC50,2,multi-target,0,403.52200000000016,5.210800000000005,42.68,0,4,10,3,3,30,0.3461538461538461,1,0
CHEMBL369452,3.3286488,8.916976,Cc1cccc2c(N3CCOCC3)cc(=O)oc12,IC50,1,single-target,0,245.278,1.93802,42.68,0,4,1,3,2,18,0.3571428571428571,0,1
CHEMBL3335052,5.068323,-1.3809841,O=c1oc2cc(OCCCCN3CCC(Cc4ccccc4)CC3)ccc2c2c1CCCC2,IC50,2,multi-target,0,445.6030000000003,5.785500000000006,42.68,0,4,8,5,3,33,0.4827586206896552,1,0
CHEMBL2425856,13.402875,-6.895696,Nc1c2c(nc3c1C(c1ccc4c(c1)OCO4)c1c(c4ccccc4oc1=O)O3)CCCC2,IC50,2,multi-target,0,440.45500000000027,4.663600000000003,96.81000000000002,1,7,1,7,4,33,0.2307692307692307,0,1
CHEMBL3335057,1.2395251,3.5881808,COc1cccc(CN(C)CCOc2ccc3c(c2)oc(=O)c2ccccc23)c1,IC50,2,multi-target,0,389.4510000000001,4.465600000000004,51.91,0,5,7,4,4,29,0.2083333333333333,0,1
CHEMBL4562275,5.0896506,-3.4716465,Cc1c(C)c2ccc(OCCCCN3CCc4ccccc4C3)cc2oc1=O,IC50,4,multi-target,0,377.4840000000001,4.627140000000004,42.68,0,4,6,4,3,28,0.375,0,1
CHEMBL5560339,15.336446,-0.81528753,CCOc1cccc2cc(/C(C)=N/Nc3nc(-c4cc5cccc(OC)c5oc4=O)cs3)c(=O)oc12,Ki,3,multi-target,0,503.5360000000003,5.266300000000004,116.15999999999998,1,10,7,5,5,36,0.1538461538461538,2,0
CHEMBL4856916,11.853486,3.043407,COc1ccc(-c2cc3cc(C(=O)O)c(=O)oc3cc2O)cc1,IC50,1,single-target,0,312.277,2.8724,96.97,2,5,3,3,3,23,0.0588235294117647,0,1
CHEMBL4870213,12.171224,2.8413055,COc1ccc(-c2c3oc(=O)c(C(=O)O)cc3cc3cc(C(=O)O)c(=O)oc23)cc1,IC50,1,single-target,0,408.31800000000015,2.971400000000001,144.25,2,7,4,4,4,30,0.0476190476190476,0,1
CHEMBL2387238,3.580269,-1.6579378,Cc1cc(=O)oc2cc(OCCCCCN3CCC(c4noc5cc(F)ccc45)CC3)ccc12,Ki,3,multi-target,0,464.53700000000015,5.810420000000006,68.71000000000001,0,6,8,5,4,34,0.4074074074074074,1,0
CHEMBL200198,11.680268,4.401047,O=c1oc2cc(O)ccc2cc1-c1cc(O)cc(O)c1,IC50,2,multi-target,0,270.23999999999995,2.5768000000000004,90.9,3,5,1,3,3,20,0.0,0,1
CHEMBL3622016,2.519443,5.07473,NS(=O)(=O)Oc1ccc2c3c(c(=O)oc2c1)CCCCCCCCCCCCC3,IC50,1,single-target,0,421.5590000000005,4.765000000000005,99.6,1,5,2,3,2,29,0.5909090909090909,0,1
CHEMBL3235997,7.5074806,1.8105873,COc1cc2oc(=O)ccc2c(OC)c1CCC(C)C,IC50,1,single-target,0,276.332,3.3988000000000023,48.67,0,4,5,2,2,20,0.4375,0,1
CHEMBL4764162,-4.0964317,-0.6038989,CC(C)CN(C[C@@H](O)[C@H](Cc1ccccc1)NC(=O)c1cc2ccc(O)cc2oc1=O)S(=O)(=O)c1ccc([N+](=O)[O-])cc1,IC50,2,multi-target,0,609.6570000000003,3.455700000000002,180.29,3,9,12,4,4,43,0.2666666666666666,1,0
CHEMBL4458187,5.7776933,-9.458201,CN(C)CCCOc1ccc2c3c(c(=O)oc2c1)CN(C(=O)c1ccc(C(=O)O)cc1)CC3,IC50,2,multi-target,0,450.4910000000002,3.020200000000001,100.29,1,6,7,4,3,33,0.32,0,1
CHEMBL4849400,-2.636934,5.3166857,CCCCC1(c2cc(O)c3cc(C)c(=O)oc3c2)CCCCC1,Ki,1,single-target,0,314.4250000000002,5.199120000000004,50.44,1,3,4,3,2,23,0.55,1,0
CHEMBL4870551,-1.2052821,-5.7789803,N#CC1=C(N)Oc2c(c(=O)oc3ccccc23)C1c1cnc2ccccc2c1,IC50,1,single-target,0,367.3640000000001,3.5593800000000018,102.14,1,6,1,5,4,28,0.0454545454545454,0,1
CHEMBL4168368,3.5219073,6.431274,Cc1ccc(-c2coc3cc4oc(=O)c(CC(=O)O)c(C)c4cc23)cc1,Ki,2,multi-target,0,348.35400000000004,4.450140000000003,80.65,1,4,3,4,4,26,0.1428571428571428,0,1
CHEMBL333828,13.865713,2.3565884,CC(C)(C)NC(=O)[C@@H]1CN(C(=O)c2cc3ccccc3oc2=O)CCN1C[C@@H](O)C[C@@H](Cc1ccccc1)C(=O)NC1c2ccccc2C[C@H]1O,IC50,1,single-target,0,694.8290000000003,3.2185,152.42,4,8,10,6,4,51,0.4,1,0
CHEMBL4090473,3.0948474,5.458055,Cc1oc2cc3oc(=O)c4c(c3cc2c1C)CCCC4,IC50,4,multi-target,0,268.31199999999995,4.034840000000003,43.35,0,3,0,4,3,20,0.3529411764705882,0,1
CHEMBL3939561,9.524296,-1.9562399,COc1cc2oc(=O)cc(C)c2cc1-c1ccc(C#N)n1Cc1ccc(F)cc1,IC50,1,single-target,0,388.3980000000001,4.637600000000004,68.16,0,5,4,4,4,29,0.1304347826086956,0,1
CHEMBL1782745,7.308466,-0.23684993,O=c1ccc2cc(OCCCNC[C@@H]3CCCN4CCCC[C@H]34)ccc2o1,IC50,1,single-target,0,370.49300000000017,3.416000000000002,54.71,1,5,7,4,2,27,0.5909090909090909,0,1
CHEMBL3977424,5.1759396,9.649761,O=c1oc2ccccc2c(N2CCN(c3cccc(Cl)c3Cl)CC2)c1CO,IC50,1,single-target,0,405.2810000000002,3.9187000000000034,56.92,1,5,3,4,3,27,0.25,0,1
CHEMBL1383420,3.8983848,-2.7885015,Cc1cc(=O)oc2c(C)c(OC(C)C(=O)NCCCN3CCOCC3)ccc12,AC50,1,single-target,0,388.4640000000002,2.0156399999999994,81.00999999999999,1,6,7,3,2,28,0.5238095238095238,0,1
CHEMBL4063405,7.7302256,0.025721556,CC(C(=O)NCCOc1ccc2ccc(=O)oc2c1)c1ccc(-c2ccccc2)c(F)c1,Ki,1,single-target,0,431.46300000000014,4.897800000000005,68.53999999999999,1,4,7,4,4,32,0.1538461538461538,0,1
CHEMBL4069089,7.7195263,0.0029682964,O=C(Cc1ccccc1Nc1c(Cl)cccc1Cl)NCCOc1ccc2oc(=O)ccc2c1,Ki,3,multi-target,0,483.3510000000002,5.581100000000005,80.57,2,5,8,4,4,33,0.12,1,0
CHEMBL4097725,6.058621,7.1784043,O=C1C=CC(=O)c2c1ccc1c2c(=O)oc2cc(Cl)ccc21,IC50,2,multi-target,0,310.692,3.534800000000001,64.35,0,4,0,4,3,22,0.0,0,1
CHEMBL4583024,11.358798,-8.702394,CN(C)c1ccc2ccnc(N3CCN(CCCNc4cc(=O)oc5ccccc45)CC3)c2c1,IC50,4,multi-target,0,457.57800000000015,4.031400000000003,64.85000000000001,1,7,7,5,4,34,0.3333333333333333,0,1
CHEMBL3121783,3.2710733,2.044396,C#CCCCOc1ccc2c(C)cc(=O)oc2c1,IC50,2,multi-target,0,242.274,2.893620000000001,39.44,0,3,4,2,2,18,0.2666666666666666,0,1
CHEMBL3121777,10.692133,0.44701928,C#CCCCOc1ccc2cc(C(=O)c3ccc(OC)cc3)c(=O)oc2c1,IC50,1,single-target,0,362.3810000000001,3.8248000000000015,65.74000000000001,0,5,7,3,3,27,0.1818181818181818,0,1
CHEMBL3359956,8.846517,11.091121,O=c1cc(Cn2ccnc2)c2ccc(OCCc3ccccc3)cc2o1,IC50,3,multi-target,0,346.386,3.659300000000002,57.260000000000005,0,5,6,4,4,26,0.1428571428571428,0,1
CHEMBL4451013,4.26944,10.849273,O=c1oc2ccccc2c2nn(S(=O)(=O)c3ccc(C(F)(F)F)cc3)cc12,IC50,4,multi-target,0,394.33,3.398500000000001,82.16999999999999,0,6,2,4,4,27,0.0588235294117647,0,1
CHEMBL2391487,1.5356212,15.696882,Cc1cc(=O)oc2cc(OCCCN3CCN(CC(=O)Nc4c5c(nc6ccccc46)CCCC5)CC3)ccc12,IC50,2,multi-target,0,540.6640000000003,4.553620000000004,87.91,1,7,8,6,4,40,0.40625,1,0
CHEMBL3086063,10.9404545,14.66507,Cc1c(Cc2cccc(N)c2)c(=O)oc2cc(OC(=O)N(C)C)c(Cl)cc12,IC50,2,multi-target,0,386.8350000000001,3.9882200000000023,85.77,1,5,3,3,3,27,0.2,0,1
CHEMBL4079043,22.386086,-4.766974,NS(=O)(=O)c1ccc(-n2nc(C(=O)OCCOc3ccc4ccc(=O)oc4c3)cc2-c2ccccc2)cc1,IC50,3,multi-target,0,531.5460000000003,3.528900000000003,143.72000000000003,1,9,8,5,5,38,0.074074074074074,1,0
CHEMBL1275897,2.6819117,21.413443,CCCc1cc(C(=O)Nc2c(O)c3ccc(O[C@@H]4OC(C)(C)[C@H](OC)[C@@H](O)[C@H]4OC(=O)c4ccc(C)[nH]4)c(C)c3oc2=O)ccc1O,IC50,1,single-target,0,650.6810000000003,4.469140000000004,189.78,5,11,9,5,4,47,0.3823529411764705,2,0
CHEMBL1275893,2.6542892,21.439697,CO[C@@H]1[C@@H](O)[C@@H](OC(=O)c2ccc(C)[nH]2)[C@H](Oc2ccc3c(O)c(NC(=O)c4ccc(SC)cc4)c(=O)oc3c2Cl)OC1(C)C,IC50,1,single-target,0,659.113,4.877920000000004,169.54999999999998,4,11,8,5,4,45,0.3225806451612903,2,0
CHEMBL2425857,13.41433,-6.887496,Nc1c2c(nc3c1C(c1ccncc1)c1c(c4ccccc4oc1=O)O3)CCCC2,IC50,1,single-target,0,397.4340000000003,4.329900000000003,91.24,1,6,1,6,4,30,0.2083333333333333,0,1
CHEMBL5633426,15.639188,4.247329,O=c1ccc2ccc(OCc3cn(Cc4ccc(Oc5ccccc5)c(O)c4)nn3)cc2o1,IC50,1,single-target,0,441.4430000000001,4.509700000000004,99.61,1,8,7,5,5,33,0.08,0,1
CHEMBL80556,6.9424014,9.102338,COc1ccc2c(O)c(C(c3cccc(NS(=O)(=O)c4ccc(C#N)cc4)c3)C3CC3)c(=O)oc2c1,Ki,1,single-target,0,502.54800000000034,4.721580000000002,129.63,2,7,7,5,4,36,0.1851851851851851,1,0
CHEMBL4854056,4.0356727,3.951692,CCCN(CC)c1ccc2c(C)cc(=O)oc2c1,EC50,1,single-target,0,245.32199999999995,3.337720000000002,33.45,0,3,4,2,2,18,0.4,0,1
CHEMBL4779600,-4.0419936,-0.5498331,COc1ccc(S(=O)(=O)N(CC(C)C)C[C@@H](O)[C@H](Cc2ccccc2)NC(=O)c2ccc3oc(=O)ccc3c2)cc1,IC50,2,multi-target,0,578.6870000000002,3.850500000000002,126.15,2,7,12,4,4,41,0.2903225806451613,1,0
CHEMBL122531,7.616093,-1.0023341,Cc1ccccc1N1CCN(Cc2ccc3oc(=O)ccc3c2)CC1,Ki,1,single-target,0,334.4190000000001,3.4236200000000023,36.69,0,4,3,4,3,25,0.2857142857142857,0,1
CHEMBL2376885,12.6927395,0.347567,O=C(Nc1cc2ccccc2oc1=O)OCc1ccccc1,IC50,1,single-target,0,295.2939999999999,3.5417000000000023,68.54,1,4,3,3,3,22,0.0588235294117647,0,1
CHEMBL4465361,11.382282,-8.685348,O=c1cc(NC[C@@H](O)CN2CCN(c3nccc4ccc(F)cc34)CC2)c2ccccc2o1,IC50,4,multi-target,0,448.4980000000002,3.075300000000002,81.84,2,7,6,5,4,33,0.28,0,1
CHEMBL3623675,15.858685,4.37362,Cc1cc(=O)oc2cc(-n3cc(CSc4ccccc4)nn3)ccc12,Ki,3,multi-target,0,349.415,3.974420000000003,60.92,0,6,4,4,4,25,0.1052631578947368,0,1
CHEMBL3891045,9.131115,-1.0860528,N#Cc1ccc(-c2ccc3oc(=O)ccc3c2)[nH]1,IC50,1,single-target,0,236.23,2.6597800000000005,69.78999999999999,1,3,1,3,3,18,0.0,0,1
CHEMBL4081898,5.545699,6.3012056,CCc1c(-c2ccc(O)cc2Cl)c(=O)oc2cc(O)ccc12,EC50,1,single-target,0,316.74,4.0870000000000015,70.67,2,4,2,3,3,22,0.1176470588235294,0,1
CHEMBL4082196,5.579437,6.3185453,Cc1cc(O)ccc1-c1c(C)c2ccc(O)cc2oc1=O,EC50,2,multi-target,0,282.295,3.4880400000000025,70.67,2,4,1,3,3,21,0.1176470588235294,0,1
CHEMBL4437630,14.01195,3.3463612,O=C(NC1CCN(Cc2ccccc2)CC1)c1cc2ccc(OCc3cn(Cc4ccccc4Cl)nn3)cc2oc1=O,IC50,1,single-target,0,584.0760000000002,5.059600000000005,102.49,1,8,9,6,5,42,0.25,2,0
CHEMBL3905250,12.992902,3.4674838,O=C(NCCc1c[nH]c2ccccc12)c1cc2ccc(OCc3ccc(Cl)c(Cl)c3)cc2oc1=O,IC50,1,single-target,0,507.3730000000003,6.132600000000004,84.33000000000001,2,4,7,5,5,35,0.1111111111111111,2,0
CHEMBL4086218,5.18974,-1.0416709,Cc1cc(=O)oc2cc(OCCN3CCN(Cc4ccc(Br)cc4)CC3)ccc12,IC50,3,multi-target,0,457.36800000000005,4.060520000000003,45.92,0,5,6,4,3,29,0.3478260869565217,0,1
CHEMBL3818036,10.4475765,4.835663,CC(=O)Oc1ccc2cc(-c3cccs3)c(=O)oc2c1OC(C)=O,Ki,1,single-target,0,344.34400000000016,3.3721000000000023,82.81,0,7,3,3,3,24,0.1176470588235294,0,1
CHEMBL4171465,17.827196,12.849824,Cc1cc(=O)oc2cc(OCCCn3cc(CNC(=O)CCCCC4CCSS4)nn3)ccc12,IC50,1,single-target,0,502.6620000000003,4.492320000000004,99.25,1,9,12,4,3,34,0.5,1,0
CHEMBL1275899,2.675083,21.418463,COc1cc(C(=O)Nc2c(O)c3ccc(O[C@@H]4OC(C)(C)[C@H](OC)[C@@H](O)[C@H]4OC(=O)c4ccc(C)[nH]4)c(Cl)c3oc2=O)ccc1O,IC50,1,single-target,0,659.0440000000002,3.870220000000003,199.01,5,12,8,5,4,46,0.3225806451612903,2,0
CHEMBL330966,8.188062,-0.39150396,O=c1ccc2ccc(CNCCOc3ccccc3)cc2o1,Ki,1,single-target,0,295.338,2.9616000000000016,51.47,1,4,6,3,3,22,0.1666666666666666,0,1
CHEMBL1275898,2.7094567,21.384987,CO[C@@H]1[C@@H](O)[C@@H](OC(=O)c2ccc(C)[nH]2)[C@H](Oc2ccc3c(O)c(NC(=O)c4ccc(N)c(C)c4)c(=O)oc3c2C)OC1(C)C,IC50,1,single-target,0,621.6430000000001,3.701660000000002,195.57,5,11,7,5,4,45,0.34375,2,0
CHEMBL2018200,3.839536,5.927586,C=C(C)COc1cc(C)cc2oc(=O)c(CC(=O)NCc3ccc(S(N)(=O)=O)cc3)c(C)c12,IC50,1,single-target,0,470.5470000000002,2.8710400000000007,128.7,2,6,8,3,3,33,0.25,0,1
CHEMBL4467368,8.8727255,-0.49222568,O=c1ccc2cc(S(=O)(=O)Nc3ccc(-c4nc5cc(NS(=O)(=O)c6ccc(Cl)s6)ccc5o4)cc3)ccc2o1,IC50,4,multi-target,0,614.0820000000002,5.917700000000004,148.57999999999998,2,9,7,6,6,40,0.0,2,0
CHEMBL1275843,2.70219,21.393227,CCCc1cc(C(=O)Nc2c(O)c3ccc(O[C@@H]4OC(C)(C)[C@H](OC)[C@@H](OC(=O)c5ccc(C)[nH]5)[C@H]4O)c(C)c3oc2=O)ccc1O,IC50,1,single-target,0,650.6810000000003,4.469140000000005,189.78,5,11,9,5,4,47,0.3823529411764705,2,0
CHEMBL4470789,0.060799256,4.6704288,COc1cccc(-c2coc3cc4oc(=O)c(-c5nsc(=O)o5)c(C)c4cc23)c1,IC50,1,single-target,0,407.4030000000001,4.599920000000003,95.68,0,8,3,5,5,29,0.0952380952380952,0,1
CHEMBL3819591,8.490138,-7.763311,COP(=O)(Nc1ccc(-c2cc3ccc(OS(N)(=O)=O)cc3oc2=O)cc1)OC,IC50,1,single-target,0,440.3700000000002,2.8551,147.16,2,8,7,3,3,29,0.1176470588235294,0,1
CHEMBL4872970,5.8146343,20.588999,CCn1nccc1-c1ccc2c(O)c(NC(=O)c3cccc(CCC(C)C)c3)c(=O)oc2c1,Ki,2,multi-target,0,445.5190000000002,5.2229000000000045,97.36,2,6,7,4,4,33,0.2692307692307692,1,0
CHEMBL3410710,13.234133,2.6102538,CCCCOc1cccc2cc(C(=O)NC(C)C)c(=O)oc12,EC50,1,single-target,0,303.35800000000006,3.110100000000001,68.53999999999999,1,4,6,2,2,22,0.4117647058823529,0,1
CHEMBL5403431,8.240684,0.49338698,COc1ccc(S(=O)(=O)Nc2ccc(CCNC[C@H](O)COc3ccc4ccc(=O)oc4c3)cc2)cc1,Kd,2,multi-target,0,524.5950000000004,3.174400000000001,127.1,3,8,12,4,4,37,0.2222222222222222,1,0
CHEMBL1390792,3.7862737,2.4925272,CCCc1cc(=O)oc2cc(OCC(=O)N3CCc4ccccc43)ccc12,AC50,2,multi-target,0,363.413,3.713600000000003,59.75,0,4,5,4,3,27,0.2727272727272727,0,1
CHEMBL4635250,6.9574456,8.880465,CCOP(=O)(OCC)Oc1c(C(CC(C)=O)c2ccccc2)c(=O)oc2ccccc12,IC50,1,single-target,0,444.4200000000001,5.463900000000005,92.04,0,7,10,3,3,31,0.3043478260869565,1,0
CHEMBL1835836,9.236199,-1.4142925,Cn1c(C#N)ccc1-c1ccc2oc(=O)ccc2c1,IC50,1,single-target,0,250.257,2.670180000000001,58.93,0,4,1,3,3,19,0.0666666666666666,0,1
CHEMBL4529750,6.940406,-3.3748548,Cc1cc2ccc(OCC3CCN(Cc4cccc(CO)c4)CC3)cc2oc1=O,IC50,4,multi-target,0,393.4830000000002,3.8847200000000015,62.91,1,5,6,4,3,29,0.375,0,1
CHEMBL4069985,7.6181545,14.630847,COc1ccc(-c2c(Nc3ccc(OCCN4CCCCC4)cc3)c3ccc(O)cc3oc2=O)cc1,IC50,1,single-target,0,486.56800000000027,5.782500000000006,84.16999999999999,2,7,8,5,4,36,0.2758620689655172,1,0
CHEMBL1506329,20.143187,2.1870263,COc1cc(C(CC(=O)N2CCCC2)c2c(OC)cc(OC)c3ccc(=O)oc23)cc(OC)c1OC,EC50,3,multi-target,0,497.54400000000027,3.980400000000003,96.67,0,8,9,4,3,36,0.4074074074074074,0,1
CHEMBL145374,3.8892112,1.8760557,O=c1cc(-c2ccccc2)c2ccc(OCc3ccccc3)cc2o1,IC50,2,multi-target,0,328.367,5.039000000000003,39.44,0,3,4,4,4,25,0.0454545454545454,1,0
CHEMBL4215550,3.872666,-2.843363,CC(=O)c1c(OCCCN2CCN(c3cccc(Br)c3)CC2)ccc2c(C)cc(=O)oc12,Ki,2,multi-target,0,499.40500000000026,4.657620000000004,62.99,0,6,7,4,3,32,0.36,0,1
CHEMBL559624,5.905267,0.11226674,O=c1cc(OCCCCOc2ccccc2)c2ccccc2o1,IC50,1,single-target,0,310.3490000000001,4.031000000000003,48.67,0,4,7,3,3,23,0.2105263157894736,0,1
CHEMBL3133849,-9.126706,6.9360204,CC(C)(C)OC(=O)N1CCN(C(=S)SCc2cn(Cc3cc(=O)oc4ccccc34)nn2)CC1,IC50,1,single-target,0,501.6340000000003,3.5036000000000023,93.7,0,9,4,4,3,34,0.4347826086956521,1,0
CHEMBL513034,-1.1257378,5.836064,COc1cc(C)cc2oc(=O)c(Cc3ccc(Cl)cc3)cc12,Ki,2,multi-target,0,314.768,4.354220000000003,39.44,0,3,3,3,3,22,0.1666666666666666,0,1
CHEMBL5069986,4.1788983,5.3533454,COc1c(OCC(=O)NO)ccc2c3c(c(=O)oc12)CCCC3,IC50,1,single-target,0,319.31300000000016,1.5645999999999998,98.0,2,6,4,3,2,23,0.375,0,1
CHEMBL5590525,15.9646,4.283295,O=C(Cn1cc(COc2cc(OCc3cn(CC(=O)Nc4ccc(S(=O)(=O)Nc5ccccn5)cc4)nn3)c3c(-c4ccccc4)cc(=O)oc3c2)nn1)Nc1ccc(S(=O)(=O)Nc2ccccn2)cc1,IC50,1,single-target,0,995.0289999999998,5.470000000000004,286.4099999999999,4,18,19,9,9,71,0.0851063829787234,3,0
CHEMBL1456931,3.998615,5.4200773,COc1ccc2c(c1)c(=O)oc1c(C)c(OCC(=O)N3CCc4ccccc4C3)ccc12,AC50,4,multi-target,0,429.4720000000002,4.226920000000003,68.98,0,5,4,5,4,32,0.2307692307692307,0,1
CHEMBL4072433,2.5185263,3.8550432,Cc1oc(C(=O)O)cc1COc1ccc2c(C)c(Cc3ccccc3)c(=O)oc2c1,IC50,1,single-target,0,404.4180000000001,4.870840000000004,89.88000000000001,1,5,6,4,4,30,0.1666666666666666,0,1
CHEMBL1419637,6.3938627,4.4451795,CCc1cc(=O)oc2cc(C)c(CN3CCCC3)c(O)c12,IC50,1,single-target,0,287.3589999999999,2.9652200000000017,53.68000000000001,1,4,3,3,2,21,0.4705882352941176,0,1
CHEMBL4791933,3.9340398,3.617933,Cc1cc(Nc2ccc3c(C)cc(=O)oc3c2)n2nc(SCc3nc4ccccc4[nH]3)nc2n1,IC50,1,single-target,0,469.53000000000014,4.759740000000003,114.0,2,9,5,6,6,34,0.125,0,1
CHEMBL402991,11.705237,-0.36617666,CC(C)(C)c1ccc2oc(=O)c(CCC(=O)NO)cc2c1,IC50,1,single-target,0,289.331,2.5285,79.54,2,4,3,2,2,21,0.375,0,1
CHEMBL5583585,2.615646,3.033131,Cc1c(Cl)c(=O)oc2cc(OCc3ccc(S(N)(=O)=O)cc3)ccc12,Ki,8,multi-target,1,379.8210000000001,2.9812200000000004,99.6,1,5,4,3,3,25,0.1176470588235294,0,1
CHEMBL4083422,6.439731,8.59208,CCCCCCCCCCc1c(O)c2ccccc2oc1=O,Ki,1,single-target,0,302.4140000000001,5.181800000000006,50.440000000000005,1,3,9,2,2,22,0.5263157894736842,1,0
CHEMBL4460238,5.7781687,-9.422037,CN(C)Cc1ccc(-c2ccc3c4c(c(=O)oc3c2)CN(C(=O)c2ccc(C(=O)O)cc2)CC4)cc1,IC50,2,multi-target,0,482.5360000000003,4.418300000000004,91.06000000000002,1,5,5,5,4,36,0.2068965517241379,0,1
CHEMBL3927855,1.628018,-1.4080597,O=c1ccc2c(OCCCOc3ccc(Cl)cc3)c3ccoc3cc2o1,EC50,1,single-target,0,370.7880000000001,5.040500000000003,61.81,0,5,6,4,4,26,0.15,1,0
CHEMBL4648584,10.106872,4.2095447,COc1cccc2cc(-c3cc(=O)oc4c(C)c(OCc5ccc(Cl)cc5)ccc34)c(=O)oc12,IC50,1,single-target,0,474.8960000000001,6.115820000000004,78.88000000000001,0,6,5,5,5,34,0.1111111111111111,1,0
CHEMBL4796953,16.322168,4.9254327,O=c1ccc2ccc(OCCCCn3cc(Cn4nc5ccccc5n4)nn3)cc2o1,IC50,1,single-target,0,416.4410000000001,3.036700000000001,100.86,0,9,8,5,5,31,0.2272727272727272,0,1
CHEMBL1830799,12.262405,2.5591266,O=C(c1ccccc1)c1cc2cccc(O)c2oc1=O,IC50,2,multi-target,0,266.252,2.729600000000002,67.50999999999999,1,4,2,3,3,20,0.0,0,1
CHEMBL5194087,6.308799,6.5718336,Cc1cc(O)c2c(c1)-c1c(-c3c[nH]c4ccccc34)c(=O)oc3c1c-2c(O)c1cccc(O)c13,IC50,1,single-target,0,447.44600000000025,6.167120000000005,106.69,4,5,1,7,6,34,0.0357142857142857,1,0
CHEMBL4850480,-1.0796362,8.303577,CCN(CC)c1ccc2c(C)c(CCN3C(=O)NC4(CCN(c5ncccn5)CC4)C3=O)c(=O)oc2c1,EC50,1,single-target,0,504.5910000000004,2.871120000000001,111.87999999999998,1,8,7,5,3,37,0.4444444444444444,1,0
CHEMBL3297794,13.153253,1.5771997,CCCCSC(=O)c1cc2ccccc2oc1=O,IC50,1,single-target,0,262.33,3.4665000000000017,47.28,0,4,4,2,2,18,0.2857142857142857,0,1
CHEMBL575931,2.5198705,1.123293,CNC(=O)Cc1cc(=O)oc2cc(OCc3cccc(Cl)c3)ccc12,IC50,2,multi-target,0,357.79300000000006,3.313900000000001,68.54,1,4,5,3,3,25,0.1578947368421052,0,1
CHEMBL1397449,4.3345594,5.585162,CCc1cc(=O)oc2c(C)c(OCC(=O)N3CCC[C@@H]3C(=O)O)ccc12,IC50,2,multi-target,0,359.37800000000004,2.11822,97.05,1,5,5,3,2,26,0.4210526315789473,0,1
CHEMBL569406,6.3225336,7.9192095,O=c1oc2ccc(F)cc2c(O)c1Cc1c(O)c2cc(F)ccc2oc1=O,IC50,1,single-target,0,372.27900000000005,3.179600000000001,100.88,2,6,2,4,4,27,0.0526315789473684,0,1
CHEMBL3133851,-9.126637,6.936095,Cc1ccc2c(Cn3cc(CSC(=S)N4CCN(C(=O)OC(C)(C)C)CC4)nn3)cc(=O)oc2c1,IC50,1,single-target,0,515.6610000000004,3.812020000000003,93.7,0,9,4,4,3,35,0.4583333333333333,1,0
CHEMBL3612304,2.6249416,5.22605,O=c1oc2cc(OP(=S)(Cl)Oc3ccc4c5c(c(=O)oc4c3)CCCCC5)ccc2c2c1CCCCC2,IC50,1,single-target,0,557.0040000000002,7.358300000000006,78.88000000000001,0,7,4,6,4,37,0.3571428571428571,2,0
CHEMBL3133846,-9.126624,6.936084,CC(C)(C)OC(=O)N1CCN(C(=S)SCc2cn(Cc3cc(=O)oc4cc(Cl)ccc34)nn2)CC1,IC50,1,single-target,0,536.0790000000002,4.157000000000004,93.7,0,9,4,4,3,35,0.4347826086956521,1,0
CHEMBL1420535,3.2290645,5.278931,CC(Oc1cc2oc(=O)c3c(c2cc1Cl)CCCC3)C(=O)NCc1ccncc1,EC50,1,single-target,0,412.87300000000016,3.8039000000000014,81.42999999999999,1,5,5,4,3,29,0.3181818181818182,0,1
CHEMBL5433796,6.3270345,8.179069,CSc1ccc(Cc2c(O)c3ccccc3oc2=O)cc1,IC50,1,single-target,0,298.36300000000006,3.811300000000003,50.440000000000005,1,4,3,3,3,21,0.1176470588235294,0,1
CHEMBL5435578,6.756701,8.013738,O=c1oc2ccc(Cl)cc2c(O)c1-c1ccccc1O,IC50,1,single-target,0,288.68600000000004,3.524600000000001,70.67,2,4,1,3,3,20,0.0,0,1
CHEMBL182831,6.660204,7.442305,Cc1ccc2oc(=O)c3cc([N+](=O)[O-])ccc3c2c1,IC50,1,single-target,0,255.229,3.1628200000000017,73.35,0,4,1,3,3,19,0.0714285714285714,0,1
CHEMBL2387259,4.4129887,-1.3551296,Cc1cc(=O)oc2cc(OCCCCN3CCN(c4nsc5ccccc45)CC3)ccc12,Ki,3,multi-target,0,449.57600000000014,4.692320000000004,58.81,0,7,7,5,4,32,0.36,0,1
CHEMBL4848196,5.8950143,0.03543986,CC1=C(O)C(=O)C=C2C1=CC=C1[C@@]2(C)CC[C@@]2(C)[C@@H]3C[C@](C)(C(=O)OCCOc4cc(=O)oc5ccccc45)CC[C@]3(C)CC[C@]12C,IC50,1,single-target,0,638.8009999999999,8.341700000000007,103.04,1,7,5,7,2,47,0.525,2,0
CHEMBL1830830,13.114962,1.3306726,O=C(NNc1ccccc1)c1cc2ccccc2oc1=O,IC50,2,multi-target,0,280.283,2.5499,71.34,2,4,3,3,3,21,0.0,0,1
CHEMBL4762927,3.6258655,3.4493034,Cc1cc(=O)oc2cc(NC(=O)/C=C/c3ccc(C#N)cc3)ccc12,Ki,2,multi-target,0,330.343,3.6250000000000018,83.1,1,4,3,3,3,25,0.05,0,1
CHEMBL175890,3.8317907,3.2233007,C[C@](O)(CSc1ccc(F)cc1)C(=O)Nc1ccc2c(C(F)(F)F)cc(=O)oc2c1,Ki,1,single-target,0,441.40200000000016,4.432700000000002,79.54,2,5,5,3,3,30,0.2,0,1
CHEMBL2408085,24.3111,4.4215217,Cc1ccnc(NS(=O)(=O)c2ccc(/N=C/c3c(Cl)c4cc(C(C)(C)C)cc(C(C)(C)C)c4oc3=O)cc2)n1,IC50,2,multi-target,0,567.1110000000003,6.691220000000007,114.52,1,7,5,4,4,39,0.3103448275862069,2,0
CHEMBL2408079,24.312904,4.422691,Cc1ccnc(NS(=O)(=O)c2ccc(/N=C/c3c(Cl)c4ccccc4oc3=O)cc2)n1,IC50,2,multi-target,0,454.8950000000002,4.096220000000003,114.52,1,7,5,4,4,31,0.0476190476190476,0,1
CHEMBL3086075,10.975596,14.638044,COCCNS(=O)(=O)Nc1cccc(Cc2c(C)c3cc(Cl)c(OC(=O)N(C)C)cc3oc2=O)c1,IC50,2,multi-target,0,523.9950000000003,3.298720000000001,127.17999999999998,2,7,9,3,3,35,0.3043478260869565,1,0
CHEMBL3086078,11.183021,14.453266,Cc1c(Cc2cccc(NS(N)(=O)=O)c2F)c(=O)oc2cc(OC(=O)N(C)C)c(F)cc12,IC50,6,multi-target,1,467.4500000000002,2.6462200000000013,131.94,2,6,5,3,3,32,0.2,0,1
CHEMBL576116,6.254159,8.114692,Cc1ccc(Cc2c(O)c3ccccc3oc2=O)cc1C,IC50,1,single-target,0,280.32300000000004,3.706240000000002,50.440000000000005,1,3,2,3,3,21,0.1666666666666666,0,1
CHEMBL3956598,13.013373,3.4659576,O=C(NCCc1c[nH]c2ccccc12)c1cc2ccc(OCc3cccc(F)c3)cc2oc1=O,IC50,2,multi-target,0,456.4730000000002,4.964900000000004,84.33000000000001,2,4,7,5,5,34,0.1111111111111111,0,1
CHEMBL5218919,23.514458,-6.7191324,COc1cc(C(=O)OCCCCCCCN(CCCOC(=O)c2cc(OC)c(OC)c(OC)c2)CCCOc2ccc3ccc(=O)oc3c2)cc(OC)c1OC,Ki,2,multi-target,0,779.8800000000002,6.970100000000008,150.65999999999997,0,14,25,4,4,56,0.4523809523809524,3,0
CHEMBL4090835,8.472621,-7.7442417,NS(=O)(=O)Oc1ccc2cc(-c3ccc(F)c(F)c3)c(=O)oc2c1,IC50,1,single-target,0,353.3020000000001,2.3205,99.6,1,5,3,3,3,24,0.0,0,1
CHEMBL3360629,4.0046015,12.041909,O=C(Cn1ncc2c(=O)oc3ccccc3c21)Nc1ccc2c(c1)OCCO2,IC50,1,single-target,0,377.35600000000017,2.552600000000001,95.59,1,7,3,5,4,28,0.15,0,1
CHEMBL3326703,14.763117,13.438489,O=C(NCCCCCNc1c2c(nc3ccccc13)CCCC2)c1cc2cc(OC(F)(F)F)ccc2oc1=O,Ki,2,multi-target,0,539.5540000000003,6.130800000000005,93.46,2,6,9,5,4,39,0.3448275862068966,2,0
CHEMBL4074339,12.664622,1.018756,Cc1ccc2oc(=O)c(C(=O)Nc3cccc(O)c3)cc2c1,IC50,1,single-target,0,295.29400000000004,3.0593200000000014,79.54,2,4,2,3,3,22,0.0588235294117647,0,1
CHEMBL4076698,12.436982,1.1605657,COc1ccc2oc(=O)c(C(=O)Nc3ccccc3)cc2c1,IC50,1,single-target,0,295.29400000000004,3.0539000000000014,68.53999999999999,1,4,3,3,3,22,0.0588235294117647,0,1
CHEMBL602474,16.326878,-2.42794,Cc1cccc(N2CCN(c3c(C)c4c(O)cc(O)cc4oc3=O)CC2)c1C,IC50,1,single-target,0,380.4440000000002,3.4560600000000026,77.15,2,6,2,4,3,28,0.3181818181818182,0,1
CHEMBL5220375,0.33721474,3.5529544,CN(CCCOc1ccc2ccc(=O)oc2c1)Cc1cccc(OC(=O)NC2CCCCC2)c1,IC50,3,multi-target,0,464.5620000000003,5.115000000000005,81.00999999999999,1,6,9,4,3,34,0.4074074074074074,1,0
CHEMBL494632,12.650685,1.500773,O=C(Nc1ccccc1)c1cc2cc([N+](=O)[O-])ccc2oc1=O,IC50,1,single-target,0,310.26500000000004,2.953500000000002,102.45,1,5,3,3,3,23,0.0,0,1
CHEMBL3787387,3.4882605,2.34646,CCOC(=O)C(CC)Oc1ccc2c(C)cc(=O)oc2c1,IC50,1,single-target,0,290.315,2.8219200000000013,65.74000000000001,0,5,5,2,2,21,0.375,0,1
CHEMBL1384282,4.4467945,5.9138565,CCc1cc(=O)oc2c3c(cc(OCC(=O)NCCCCCC(=O)O)c12)OC(C)(C)CC3,AC50,2,multi-target,0,445.5120000000004,3.599000000000002,115.07,2,6,10,3,2,32,0.5416666666666666,0,1
CHEMBL333057,8.165986,-0.5037977,CCN(CCNCc1ccc2ccc(=O)oc2c1)c1ccccc1,Ki,1,single-target,0,322.408,3.4091000000000022,45.48,1,4,7,3,3,24,0.25,0,1
CHEMBL6015318,8.651407,-0.2816305,O=c1ccc2cc(NCc3cc4cc(Cl)ccc4[nH]c3=O)ccc2o1,IC50,1,single-target,0,352.7770000000001,3.900000000000002,75.1,2,4,3,4,4,25,0.0526315789473684,0,1
CHEMBL3696483,4.50416,-1.6958554,O=c1oc2cc(OCCCCN3CCN(c4ccccc4CO)CC3)ccc2c2c1CCC2,IC50,2,multi-target,0,448.56300000000033,3.755200000000003,66.15,1,6,8,5,3,33,0.4444444444444444,0,1
CHEMBL3746565,-6.6501756,8.514114,Cc1cc(=O)oc2c1ccc1oc(=N)c(C(=O)NCc3ccccc3Br)cc12,IC50,1,single-target,0,439.2650000000001,4.019590000000003,96.3,2,5,3,4,4,28,0.0952380952380952,0,1
CHEMBL2426556,11.687885,4.41614,O=c1oc2cc(O)ccc2cc1-c1ccc(Oc2ccc(Cl)cc2O)cc1,IC50,1,single-target,0,380.783,5.316900000000004,79.9,2,5,3,4,4,27,0.0,1,0
CHEMBL2426552,11.562645,4.31826,O=c1oc2cc(O)ccc2cc1Oc1ccc(Cl)cc1O,IC50,2,multi-target,0,304.685,3.6499,79.9,2,5,2,3,3,21,0.0,0,1
CHEMBL1333924,7.9319153,0.44691676,CN(C)C(=O)COc1ccc2ccc(=O)oc2c1,AC50,2,multi-target,0,247.25,1.2599999999999998,59.75,0,4,3,2,2,18,0.2307692307692307,0,1
CHEMBL1587018,12.136538,2.114874,COc1cccc(C(=O)c2cc3ccc(O)cc3oc2=O)c1,EC50,1,single-target,0,296.278,2.738200000000001,76.74000000000001,1,5,3,3,3,22,0.0588235294117647,0,1
CHEMBL3623325,4.1780434,2.775375,COc1ccc2c(CSC3=CC(=O)c4ccccc4C3=O)cc(=O)oc2c1,IC50,3,multi-target,0,378.40500000000014,3.997900000000004,73.58000000000001,0,6,4,4,3,27,0.0952380952380952,0,1
CHEMBL2326855,11.404039,1.6733974,CCOC(=O)c1cc2ccc(OCCN3CCCCC3)cc2oc1=O,IC50,1,single-target,0,345.3950000000001,2.8344000000000014,68.98,0,6,6,3,2,25,0.4736842105263157,0,1
CHEMBL3121793,10.846253,0.97902685,COC(=O)c1cc2ccc(OCc3cccc(F)c3)cc2oc1=O,IC50,2,multi-target,0,328.2950000000001,3.2977000000000016,65.74000000000001,0,5,4,3,3,24,0.1111111111111111,0,1
CHEMBL4796869,-4.0304494,-0.5391203,COc1ccc(S(=O)(=O)N(CC(C)C)C[C@@H](O)[C@H](Cc2ccccc2)NC(=O)Cc2cc(=O)oc3cc(OC)ccc23)cc1,IC50,2,multi-target,0,622.7400000000002,3.788000000000001,135.38,2,8,14,4,4,44,0.3333333333333333,1,0
CHEMBL4129984,13.580361,1.3288281,CCOC(=O)C1=C(C)N(CC)/C(=N\N=C(/C)c2cc3ccccc3oc2=O)C1,IC50,2,multi-target,0,381.4320000000001,3.478200000000003,84.47,0,6,5,3,2,28,0.3333333333333333,0,1
CHEMBL2158359,5.66172,0.28001124,COc1ccc(NC(=O)C(C)Oc2cc(=O)oc3ccccc23)cc1,IC50,2,multi-target,0,339.34700000000004,3.207600000000001,77.77,1,5,5,3,3,25,0.1578947368421052,0,1
CHEMBL4470695,10.931768,2.2553859,CCN(CC)c1ccc2cc(C(=O)NCC(O)(Cn3ccnc3)c3ccc(Cl)cc3Cl)c(=O)oc2c1,IC50,1,single-target,0,529.4240000000002,4.460300000000004,100.6,2,7,9,4,4,36,0.2692307692307692,1,0
CHEMBL4745129,7.560478,0.64243555,C/C(C=O)=C\CCP(=O)(OCOC(=O)C(C)(C)C)Oc1ccc2ccc(=O)oc2c1,EC50,1,single-target,0,436.39700000000016,4.463600000000004,109.11000000000004,0,8,9,2,2,30,0.3809523809523809,0,1
CHEMBL2390982,5.843915,-0.24812546,O=C(CCCOc1cc(=O)oc2ccccc12)N1CCC(Cc2ccccc2)CC1,IC50,2,multi-target,0,405.49400000000026,4.433300000000004,59.75000000000001,0,4,7,4,3,30,0.36,0,1
CHEMBL4472017,7.794416,0.0644722,O=C(Nc1ccc(C(=O)NCCOc2ccc3oc(=O)ccc3c2)cc1)Nc1ccc(Cl)c(C(F)(F)F)c1,Ki,1,single-target,0,545.9010000000002,5.918000000000003,109.67000000000002,3,5,7,4,4,38,0.1153846153846153,2,0
CHEMBL4165930,5.8490214,3.7738457,Cc1c(O)ccc2c(-c3ccccc3F)cc(=O)oc12,Ki,2,multi-target,0,270.259,3.613120000000001,50.44,1,3,1,3,3,20,0.0625,0,1
CHEMBL4096344,11.113401,-8.908081,O=C(CNc1cc(=O)oc2ccccc12)OCC(=O)c1ccc(Br)cc1,IC50,1,single-target,0,416.227,3.393500000000002,85.61000000000001,1,6,6,3,3,26,0.1052631578947368,0,1
CHEMBL4080152,2.4022238,4.291995,Cc1c(C#N)c(=O)oc2cc(OS(=O)(=O)c3cc(Cl)ccc3Cl)ccc12,IC50,2,multi-target,0,410.2340000000001,4.047600000000002,97.37,0,6,3,3,3,26,0.0588235294117647,0,1
CHEMBL4093774,23.292109,11.86404,COc1ccc(Nc2ncnc3c2C(c2ccc(Br)cc2)c2c(c(=O)oc4ccccc24)O3)cc1,IC50,1,single-target,0,528.3620000000003,6.383600000000004,86.48,1,7,4,6,5,35,0.074074074074074,2,0
CHEMBL4101742,5.069074,4.4692054,CCCc1ccc(S(=O)(=O)Oc2ccc3c(C)cc(=O)oc3c2OS(=O)(=O)c2ccc(CCC)cc2)cc1,IC50,1,single-target,0,556.6580000000004,5.541820000000005,116.95000000000002,0,8,10,4,4,38,0.25,2,0
CHEMBL4128053,3.846726,-2.8578594,COc1cccc(N2CCN(CCCOc3ccc4c(C)cc(=O)oc4c3C(C)=O)CC2)c1,Ki,2,multi-target,0,450.5350000000003,3.9037200000000034,72.22,0,7,8,4,3,33,0.3846153846153846,0,1
CHEMBL4291530,7.568347,-0.48266372,Cc1nccn1CCCCCCCCOc1ccc2ccc(=O)oc2c1,IC50,1,single-target,0,354.45000000000005,4.717520000000005,57.260000000000005,0,5,10,3,3,26,0.4285714285714285,0,1
CHEMBL4076002,22.37452,-4.7554927,NS(=O)(=O)c1ccc(-n2nc(C(=O)OCCOc3ccc4ccc(=O)oc4c3)cc2-c2ccccc2Cl)cc1,IC50,3,multi-target,0,565.9910000000002,4.182300000000003,143.72000000000003,1,9,8,5,5,39,0.074074074074074,1,0
CHEMBL4079816,12.327253,3.3739839,O=c1oc2c([N+](=O)[O-])c(O)c([N+](=O)[O-])cc2cc1-c1nnn[nH]1,EC50,1,single-target,0,320.177,0.4950999999999996,191.18,2,10,3,3,3,23,0.0,0,1
CHEMBL4087225,5.066399,4.467103,Cc1cc(=O)oc2c(OS(=O)(=O)c3cc(Cl)ccc3Cl)c(OS(=O)(=O)c3cc(Cl)ccc3Cl)ccc12,IC50,2,multi-target,0,610.2760000000002,6.250420000000003,116.95,0,8,6,4,4,36,0.0454545454545454,2,0
CHEMBL4128298,13.142814,1.3432994,O=C(Cn1c(Cc2ccc(Br)cc2)nc2ccccc2c1=O)NNC(=O)c1cc2ccccc2oc1=O,IC50,2,multi-target,0,559.3760000000002,3.317400000000001,123.3,2,7,5,5,5,37,0.074074074074074,1,0
CHEMBL3623674,15.891464,4.351777,Cc1cc(=O)oc2cc(-n3cc(COc4ccccc4)nn3)ccc12,Ki,3,multi-target,0,333.34700000000004,3.261120000000002,70.15,0,6,4,4,4,25,0.1052631578947368,0,1
CHEMBL206406,6.381815,6.083892,Cc1c(O)ccc2c1oc(=O)c1c(Br)cc(Br)cc12,IC50,2,multi-target,0,384.023,4.485220000000001,50.440000000000005,1,3,0,3,3,19,0.0714285714285714,0,1
CHEMBL1341350,12.971768,1.4145635,O=C(OCCNc1ccc(C(F)(F)F)cc1[N+](=O)[O-])c1cc2ccccc2oc1=O,EC50,1,single-target,0,422.31500000000017,3.9889000000000023,111.68,1,7,6,3,3,30,0.1578947368421052,0,1
CHEMBL590376,4.6307697,3.7550294,O=c1cc(CSc2ccc([N+](=O)[O-])cn2)c2ccc(O)cc2o1,IC50,1,single-target,0,330.3210000000001,3.094100000000001,106.47,1,7,4,3,3,23,0.0666666666666666,0,1
CHEMBL4746453,8.834471,-0.23907164,N#Cc1ccc(/C=C/C(=O)Nc2ccc3oc(=O)ccc3c2)cc1,Ki,2,multi-target,0,316.31600000000003,3.316580000000001,83.1,1,4,3,3,3,24,0.0,0,1
CHEMBL3805601,13.092267,6.498868,NS(=O)(=O)c1ccc(-n2cc(/C=N\Nc3nc(-c4cc5cc(Cl)ccc5oc4=O)cs3)c(-c3ccccc3)n2)cc1,Ki,4,multi-target,0,603.0850000000003,5.5160000000000045,145.47000000000003,2,10,7,6,6,41,0.0,2,0
CHEMBL1301353,3.5063999,6.551445,COc1cccc(-c2coc3c(C)c4oc(=O)c(CCC(=O)O)c(C)c4cc23)c1,EC50,2,multi-target,0,392.40700000000015,4.848840000000004,89.88000000000001,1,5,5,4,4,29,0.217391304347826,0,1
CHEMBL1494387,3.5804758,6.6016145,Cc1c(CC(=O)O)c(=O)oc2c(C)c3occ(-c4ccc(Br)cc4)c3cc12,IC50,2,multi-target,0,427.25000000000006,5.212640000000003,80.64999999999999,1,4,3,4,4,27,0.1428571428571428,1,0
CHEMBL380720,5.691011,6.2609015,Cc1cc(C)c2c(c1)c(=O)oc1cc(O)ccc12,IC50,2,multi-target,0,240.258,3.2686400000000013,50.44,1,3,0,3,3,18,0.1333333333333333,0,1
CHEMBL607808,4.6413474,3.7109241,O=c1cc(CSc2ccncc2)c2ccc(O)cc2o1,IC50,1,single-target,0,285.32400000000007,3.185900000000001,63.33,1,5,3,3,3,20,0.0666666666666666,0,1
CHEMBL590129,4.642702,3.7668574,O=c1cc(CSc2ccccn2)c2ccc(O)cc2o1,IC50,1,single-target,0,285.32400000000007,3.185900000000001,63.33,1,5,3,3,3,20,0.0666666666666666,0,1
CHEMBL248922,12.962998,4.714045,CCN(Cc1ccccc1)Cc1ccc(-c2cc3cc(OCCNC(=O)CCc4ccc(F)c(F)c4)ccc3oc2=O)cc1,IC50,2,multi-target,0,596.6740000000003,6.888100000000007,71.78,1,5,13,5,5,44,0.2222222222222222,2,0
CHEMBL4218045,11.220774,4.599492,COc1ccc2oc(=O)c(-c3ccc(OC)nn3)cc2c1,IC50,1,single-target,0,284.271,2.2672,74.45,0,6,3,3,3,21,0.1333333333333333,0,1
CHEMBL4643271,4.169288,1.6008968,O=c1cc(-c2cc3ccccc3oc2=O)c2ccc(OCc3cccc4ccccc34)cc2o1,IC50,1,single-target,0,446.4580000000002,6.298600000000005,69.65,0,5,4,6,6,34,0.0344827586206896,1,0
CHEMBL4085211,12.318061,3.3468108,O=c1oc2c([N+](=O)[O-])cc(Br)cc2cc1-c1nnn[nH]1,EC50,1,single-target,0,338.077,1.6437999999999997,127.81,1,7,2,3,3,20,0.0,0,1
CHEMBL585024,13.039099,5.773138,O=C(NNc1nc(-c2cc3ccccc3oc2=O)cs1)c1ccccc1,Ki,2,multi-target,0,363.398,3.6734000000000018,84.22999999999999,2,6,4,4,4,26,0.0,0,1
CHEMBL5394126,7.7475514,-0.6786818,O=c1ccc2ccc(Cn3cnnc3)cc2o1,IC50,1,single-target,0,227.223,1.4328,60.92,0,5,2,3,3,17,0.0833333333333333,0,1
CHEMBL529210,7.6265287,1.9795586,COc1cc2ccc(=O)oc2c2c1OC(C)(C)C=C2,IC50,1,single-target,0,258.273,2.985800000000001,48.67,0,4,1,3,2,19,0.2666666666666666,0,1
CHEMBL1242213,13.013187,2.0109172,COc1cccc2cc(C(=O)Nc3cccc(-c4cn5ccccc5n4)c3)c(=O)oc12,IC50,1,single-target,0,411.41700000000014,4.368600000000003,85.83999999999999,1,6,4,5,5,31,0.0416666666666666,0,1
CHEMBL4541579,4.327885,2.2002246,O=c1cc(-c2ccccc2)c2ccc(NCCCSc3nc4ccccc4o3)cc2o1,IC50,1,single-target,0,428.51300000000015,6.1955000000000044,68.27000000000001,1,6,7,5,5,31,0.12,1,0
CHEMBL223929,7.7008753,-0.7110602,O=c1ccc2ccc(Cn3cncn3)cc2o1,IC50,1,single-target,0,227.223,1.4328,60.92,0,5,2,3,3,17,0.0833333333333333,0,1
CHEMBL4798303,3.6101775,0.8003337,COc1ccc(N2CCN(Cc3cc(=O)oc4cc(OCc5cc(C)cc(C)c5)ccc34)CC2)cc1,Ki,2,multi-target,0,484.59600000000034,5.319640000000005,55.150000000000006,0,6,7,5,4,36,0.3,1,0
CHEMBL5401344,6.2765956,-2.1453996,O=c1cc(OCCCN2CCC(NCc3cccc([N+](=O)[O-])c3)CC2)c2ccc(-c3cccnc3)cc2o1,IC50,1,single-target,0,514.5820000000003,4.786300000000003,110.74,1,8,10,5,4,38,0.3103448275862069,1,0
CHEMBL238297,7.2266603,8.609353,O=c1oc2ccccc2c(O)c1C(c1ccccc1)c1c(O)c2ccccc2oc1=O,IC50,1,single-target,0,412.39700000000016,4.490800000000002,100.88,2,6,3,5,5,31,0.04,0,1
CHEMBL4648322,13.3650465,3.637006,COc1cc2cc(NC(=O)[C@@H]3CCC[C@H](NCc4ccccc4)C3)c(=O)oc2cc1OC,IC50,2,multi-target,0,436.5080000000002,4.097300000000003,89.80000000000001,2,6,7,4,3,32,0.36,0,1
CHEMBL4129198,3.432562,2.499598,O=C(COc1ccc2c(-c3ccccc3)cc(=O)oc2c1)NN1C(=O)CSC1c1ccc(F)cc1,IC50,1,single-target,0,490.51200000000017,4.283300000000002,88.85,1,6,6,5,4,35,0.1153846153846153,0,1
CHEMBL1448291,12.934707,0.82128835,COc1cc(NC(=O)c2cc(Cl)ccc2Cl)ccc1-c1cc2ccccc2oc1=O,AC50,5,multi-target,1,440.2820000000002,6.027700000000003,68.53999999999999,1,4,4,4,4,30,0.0434782608695652,1,0
CHEMBL381622,6.4337115,6.1293783,C=Cc1cc(OC)cc2c(=O)oc3c(C)c(O)ccc3c12,IC50,1,single-target,0,282.295,3.6118200000000016,59.67,1,4,2,3,3,21,0.1176470588235294,0,1
CHEMBL4171790,-1.6427656,3.8106623,Cc1nn(-c2ccccc2)c2c1c(=O)oc1ccc(NC(=O)Nc3ccccc3)cc12,Ki,2,multi-target,0,410.4330000000001,5.084320000000003,89.16,2,5,3,5,5,31,0.0416666666666666,1,0
CHEMBL4167848,12.372559,1.9360099,CC(=O)c1cc2cc([N+](=O)[O-])c(Cl)cc2oc1=O,Ki,2,multi-target,0,267.624,2.557200000000001,90.42,0,5,2,2,2,18,0.0909090909090909,0,1
CHEMBL4466035,5.175747,-3.5775042,COc1cc2c(cc1OC)CN(CCCCCOc1ccc3c(C)c(Cl)c(=O)oc3c1)CC2,IC50,2,multi-target,0,471.9810000000002,5.379420000000006,61.14,0,6,9,4,3,33,0.4230769230769231,1,0
CHEMBL3094016,2.8823562,0.7312257,NC(=O)COc1cc(=O)oc2cc(OCc3cccc(Cl)c3)ccc12,IC50,2,multi-target,0,359.76500000000004,2.889500000000001,91.76000000000002,1,5,6,3,3,25,0.1111111111111111,0,1
CHEMBL5596294,7.8139424,0.046942465,O=C(OCCOc1ccc2ccc(=O)oc2c1)c1ccc2c(c1)no[n+]2[O-],Ki,2,multi-target,0,368.3010000000001,1.8033999999999997,118.71,0,8,5,4,4,27,0.1111111111111111,0,1
CHEMBL4082922,7.6987143,-0.019098962,CC(C(=O)NCCOc1ccc2oc(=O)ccc2c1)c1cccc(C(=O)c2ccccc2)c1,Ki,2,multi-target,0,441.4830000000002,4.322700000000004,85.60999999999999,1,5,8,4,4,33,0.1481481481481481,0,1
CHEMBL5596856,4.0926933,1.6314119,O=c1cc(-c2ccccc2)c2ccc(OC[C@@H]3CCCN3Cc3cccc4ccccc34)cc2o1,IC50,3,multi-target,0,461.5610000000002,6.656600000000005,42.68,0,4,6,6,5,35,0.1935483870967742,1,0
CHEMBL3121785,10.719868,0.45424786,C#CCCCCOc1ccc2oc(=O)c(C(=O)OC)cc2c1,IC50,1,single-target,0,300.31,2.7619000000000007,65.74,0,5,6,2,2,22,0.2941176470588235,0,1
CHEMBL3121865,10.711694,0.44304106,CCCCCCOc1ccc2cc(C(=O)OC)c(=O)oc2c1,IC50,2,multi-target,0,304.34200000000004,3.538700000000002,65.74000000000001,0,5,7,2,2,22,0.4117647058823529,0,1
CHEMBL1947108,5.264176,6.982172,O=c1oc2ccc(O)cc2c2c1[nH]c1cccc(C(F)(F)F)c12,IC50,1,single-target,0,319.238,4.1519,66.22999999999999,2,3,0,4,4,23,0.0625,0,1
CHEMBL1947110,5.2429914,6.9403524,O=c1oc2ccc(O)cc2c2c1[nH]c1ccc(O)cc12,IC50,2,multi-target,0,267.24,2.8387,86.46,3,4,0,4,4,20,0.0,0,1
CHEMBL4858765,10.826017,3.6621516,NS(=O)(=O)c1cc2ccccc2oc1=O,Ki,4,multi-target,0,225.225,0.4404000000000004,90.37,1,4,1,2,2,15,0.0,0,1
CHEMBL149463,13.08807,1.6031275,CC(=O)c1cc2ccccc2oc1=O,IC50,5,multi-target,1,188.182,1.9956,47.28,0,3,1,2,2,14,0.0909090909090909,0,1
CHEMBL402030,11.740419,-0.6820164,Cc1ccc2oc(=O)c(CC(Cc3ccccc3)C(=O)NO)cc2c1,IC50,1,single-target,0,337.37500000000006,3.008220000000001,79.54,2,4,5,3,3,25,0.2,0,1
CHEMBL5407516,5.432779,3.9133477,O=C(O)Cc1cc(=O)oc2c(O)c(O)ccc12,IC50,1,single-target,0,236.179,0.8312999999999997,107.97,3,5,2,2,2,17,0.0909090909090909,0,1
CHEMBL2387261,4.218934,-1.4133068,Cc1cc(=O)oc2cc(OCCCCN3CCC(c4nc5ccccc5o4)CC3)ccc12,Ki,2,multi-target,0,432.52000000000015,5.281220000000006,68.71000000000001,0,6,7,5,4,32,0.3846153846153846,1,0
CHEMBL2349225,2.9201696,-7.019939,CCOc1cccc2cc(CN(Cc3ccccc3)C(=O)CNCc3cn([C@H]4C[C@H](n5cc(C)c(=O)[nH]c5=O)O[C@@H]4CO)nn3)c(=O)oc12,IC50,2,multi-target,0,671.7110000000001,1.7813199999999991,186.80999999999997,3,13,13,6,5,49,0.3529411764705882,2,0
CHEMBL4869248,10.860852,3.6492522,COc1ccc2cc(S(N)(=O)=O)c(=O)oc2c1,Ki,4,multi-target,0,255.25099999999995,0.4490000000000004,99.6,1,5,2,2,2,17,0.1,0,1
CHEMBL5281344,4.486665,2.9480038,COc1ccc2oc(=O)cc(CCl)c2c1,IC50,1,single-target,0,224.643,2.540400000000001,39.44,0,3,2,2,2,15,0.1818181818181818,0,1
CHEMBL1830833,13.084268,1.2806789,O=C(NNc1ccc(Cl)cc1)c1cc2ccccc2oc1=O,IC50,2,multi-target,0,314.7280000000001,3.2033000000000014,71.34,2,4,3,3,3,22,0.0,0,1
CHEMBL5523449,15.334772,-0.8329237,CCOc1cccc2cc(/C(C)=N/Nc3nc(-c4ccc(OC)cc4)cs3)c(=O)oc12,Ki,3,multi-target,0,435.50500000000017,5.159900000000003,85.95,1,8,7,4,4,31,0.1739130434782608,1,0
CHEMBL1835828,9.121716,-1.0598301,N#Cc1cccc(-c2ccc3oc(=O)ccc3c2)c1,IC50,1,single-target,0,247.253,3.331680000000002,54.0,0,3,1,3,3,19,0.0,0,1
CHEMBL593427,5.533509,6.2785797,Cc1c(C#N)c(=O)oc2cc(O)ccc12,IC50,1,single-target,0,201.181,1.6787,74.23,1,4,0,2,2,15,0.0909090909090909,0,1
CHEMBL4760876,-4.110929,-0.6186057,CC(C)CN(C[C@@H](O)[C@H](Cc1ccccc1)NC(=O)c1cc2ccccc2oc1=O)S(=O)(=O)c1ccc([N+](=O)[O-])cc1,IC50,1,single-target,0,593.6580000000002,3.7501000000000015,160.06,2,8,12,4,4,42,0.2666666666666666,1,0
CHEMBL4073902,12.277635,3.3802502,O=c1oc2cc(O)c(Br)cc2cc1-c1nnn[nH]1,EC50,1,single-target,0,309.07899999999995,1.4411999999999991,104.9,2,6,1,3,3,18,0.0,0,1
CHEMBL4547392,5.882993,-0.087564126,CN(CCCOc1cc(=O)oc2ccccc12)CCN1CCOCC1,IC50,1,single-target,0,346.4270000000002,1.8259,55.150000000000006,0,6,8,3,2,25,0.5263157894736842,0,1
CHEMBL4294180,7.5584846,-0.47605947,Cc1cn(CCCCCCOc2ccc3ccc(=O)oc3c2)cn1,IC50,1,single-target,0,326.3960000000001,3.9373200000000015,57.260000000000005,0,5,8,3,3,24,0.3684210526315789,0,1
CHEMBL1481360,6.497431,8.583415,CCCCc1cc2c(c(NC(C)=O)n1)c(=O)oc1ccccc12,EC50,2,multi-target,0,310.353,3.6422000000000017,72.2,1,4,4,3,3,23,0.2777777777777778,0,1
CHEMBL1560033,6.272127,4.4194527,Cc1c(O)ccc2c(CN3CCN(C/C=C/c4ccccc4)CC3)cc(=O)oc12,AC50,1,single-target,0,390.4830000000002,3.6380200000000023,56.92,1,5,5,4,3,29,0.2916666666666667,0,1
CHEMBL4760259,8.840624,-0.24622191,O=C(/C=C/c1ccc(Cl)cc1)Nc1ccc2oc(=O)ccc2c1,Ki,2,multi-target,0,325.7510000000001,4.098300000000002,59.31,1,3,3,3,3,23,0.0,0,1
CHEMBL4449161,8.524462,-0.9823955,O=c1ccc2cc(/N=C/c3ccc(Cl)cc3)ccc2o1,IC50,1,single-target,0,283.71400000000006,4.197000000000003,42.57,0,3,2,3,3,20,0.0,0,1
CHEMBL4093346,14.8675785,2.4126692,CCCCNC(=O)c1cn([C@H]2[C@@H](O)[C@@H](CO)O[C@@H](SS[C@@H]3O[C@H](CO)[C@H](O)[C@H](OCc4cc5c(F)c(F)ccc5oc4=O)[C@H]3O)[C@@H]2O)nn1,Kd,1,single-target,0,734.7530000000003,-0.4214999999999992,239.09,7,17,13,5,3,49,0.5862068965517241,3,0
CHEMBL2393497,5.8219476,-0.18375874,O=C(COc1cc(=O)oc2ccccc12)N1CCN(c2ccccc2)CC1,IC50,1,single-target,0,364.4010000000001,2.520600000000001,62.99000000000001,0,5,4,4,3,27,0.238095238095238,0,1
CHEMBL4796382,2.5264351,2.3591008,COc1ccc(CSc2nnc(COc3ccc4c(C)cc(=O)oc4c3)o2)cc1,Ki,1,single-target,0,410.4510000000002,4.364320000000003,87.59000000000002,0,8,7,4,4,29,0.1904761904761904,0,1
CHEMBL1830828,11.341469,1.7848287,O=C(O)c1cc2ccc(OC3CCCCCC3)cc2oc1=O,IC50,1,single-target,0,302.326,3.592800000000002,76.74000000000001,1,4,3,3,2,22,0.4117647058823529,0,1
CHEMBL4167207,4.2555737,10.832204,O=c1oc2ccccc2c2nn(-c3ccccc3)cc12,Ki,1,single-target,0,262.26800000000003,3.1319000000000017,48.03,0,4,1,4,4,20,0.0,0,1
CHEMBL502858,12.777136,0.98309714,Cc1ccc2oc(=O)c(C(=O)Nc3ccccc3C)cc2c1,IC50,1,single-target,0,293.32200000000006,3.6621400000000017,59.31,1,3,2,3,3,22,0.1111111111111111,0,1
CHEMBL2387226,4.4347196,-1.7032114,COc1ccccc1N1CCN(CCCCOc2ccc3c(C)c(C)c(=O)oc3c2)CC1,Ki,1,single-target,0,436.5520000000002,4.399640000000004,55.150000000000006,0,6,8,4,3,32,0.4230769230769231,0,1
CHEMBL203340,6.3416243,6.133838,Cc1c(O)c(Cl)cc2c1c(=O)oc1c(Cl)c(O)ccc12,IC50,2,multi-target,0,311.12,3.972620000000001,70.67,2,4,0,3,3,20,0.0714285714285714,0,1
CHEMBL4279918,12.898111,9.461077,Cc1cc(OCCCN2CCN(c3cccc(Cl)c3Cl)CC2)c2c(C)cc(=O)oc2c1,Ki,2,multi-target,0,461.3890000000003,5.307740000000006,45.92,0,5,6,4,3,31,0.375,1,0
CHEMBL4580037,15.816867,2.1521585,Cc1cc(=O)c(O)cn1Cc1cc2ccc(OCc3cccc(F)c3)cc2oc1=O,IC50,1,single-target,0,407.3970000000001,3.735120000000003,81.66999999999999,1,6,5,4,4,30,0.1304347826086956,0,1
CHEMBL3629807,15.670596,0.32864332,COc1ccc(/C=C/c2cc(OC)cc(OC)c2/C=C/C(=O)c2cc3ccc(Br)cc3oc2=O)cc1,IC50,2,multi-target,0,547.4010000000002,6.6478000000000055,74.97,0,6,8,4,4,36,0.1034482758620689,2,0
CHEMBL4800041,5.104157,3.1711917,CCc1cc2c(C)cc(=O)oc2cc1O,IC50,1,single-target,0,204.225,2.3694200000000003,50.44,1,3,1,2,2,15,0.25,0,1
CHEMBL4522440,15.800249,2.1731634,Cc1c(O)c(=O)ccn1Cc1cc2ccc(OCc3ccc(F)cc3)cc2oc1=O,IC50,1,single-target,0,407.3970000000001,3.735120000000003,81.66999999999999,1,6,5,4,4,30,0.1304347826086956,0,1
CHEMBL3986431,3.6875665,3.401036,O=C(Nc1ccccc1C(=O)Nc1ccc2c(C(F)(F)F)cc(=O)oc2c1)c1ccccc1,Ki,2,multi-target,0,452.3880000000001,5.316400000000003,88.41000000000001,2,4,4,4,4,33,0.0416666666666666,1,0
CHEMBL454614,13.811135,2.327368,O=C(c1ccc([N+](=O)[O-])cc1)N1CCN(C(=O)c2cc3ccccc3oc2=O)CC1,IC50,1,single-target,0,407.3820000000002,2.2994000000000003,113.97,0,6,3,4,3,30,0.1904761904761904,0,1
CHEMBL4217589,12.40906,1.757889,CC(C)(Oc1ccc(C(=O)c2cc3c(ccc4ccccc43)oc2=O)cc1)C(=O)O,EC50,1,single-target,0,402.40200000000016,4.4192000000000045,93.81,1,5,5,4,4,30,0.125,0,1
CHEMBL4092206,14.0301695,1.8053627,O=C(NCCCc1ccc(O)cc1)c1cc2ccccc2oc1=O,IC50,1,single-target,0,323.3480000000001,2.861200000000001,79.53999999999999,2,4,5,3,3,24,0.1578947368421052,0,1
CHEMBL2387256,4.417062,-1.3597963,Cc1cc(=O)oc2cc(OCCCCN3CCN(c4cccc(C(F)(F)F)c4)CC3)ccc12,Ki,3,multi-target,0,460.4960000000001,5.1014200000000045,45.92,0,5,7,4,3,33,0.4,1,0
CHEMBL2381324,2.5242553,5.0457354,CC1CCCCN1CC(O)COc1ccc2c3c(c(=O)oc2c1)CCC3,IC50,1,single-target,0,357.4500000000002,2.8958000000000013,62.91,1,5,5,4,2,26,0.5714285714285714,0,1
CHEMBL4062467,11.719381,4.467521,O=c1oc2cc(O)ccc2cc1-c1ccc(O)c(F)c1,EC50,1,single-target,0,272.231,3.0103,70.67,2,4,1,3,3,20,0.0,0,1
CHEMBL5918318,5.813337,2.9946012,Cc1coc2cc3oc(=O)cc(-c4cccc(Cl)c4)c3cc12,IC50,1,single-target,0,310.73600000000005,5.168020000000002,43.35,0,3,1,4,4,22,0.0555555555555555,1,0
CHEMBL3143301,13.23072,1.2158,CC(=O)N(C(=O)c1cc2ccccc2oc1=O)[C@@H](Cc1ccc(F)cc1)C(=O)N[C@@H](Cc1ccc(NC(=N)N)cc1)C(=O)N[C@@H](CC(C)C)C(=O)N[C@@H](CCCN=C(N)N)C(N)=O,IC50,1,single-target,0,869.9559999999994,1.1195700000000055,324.28,9,10,20,4,4,63,0.3255813953488372,2,0
CHEMBL3094038,2.7593908,1.1284734,O=c1cc(CO)c2ccc(OCc3cccc(Br)c3)cc2o1,IC50,1,single-target,0,361.191,3.626800000000002,59.67,1,4,4,3,3,22,0.1176470588235294,0,1
CHEMBL4634075,15.411569,1.8444216,COc1ccc(COc2ccc3cc(C(=O)NCCn4ccc(=O)c(O)c4C)c(=O)oc3c2)cc1,IC50,1,single-target,0,476.4850000000002,2.986320000000001,120.0,2,8,8,4,4,35,0.1923076923076923,0,1
CHEMBL3327248,14.754357,13.422676,COc1cc2cc(C(=O)NCCCCCCCNc3c4c(nc5ccccc35)CCCC4)c(=O)oc2cc1OC,Ki,2,multi-target,0,543.6640000000003,6.029600000000006,102.69,2,7,12,5,4,40,0.40625,2,0
CHEMBL3286726,5.6798086,-0.71347785,O=C(CCCOc1ccc2ccc(=O)oc2c1)N1CCC(Cc2ccccc2)CC1,IC50,1,single-target,0,405.49400000000026,4.433300000000004,59.75000000000001,0,4,7,4,3,30,0.36,0,1
CHEMBL2178460,2.5039437,6.2907653,Cc1c(CCC(=O)O)c(=O)oc2c(C)c(OCc3ccccc3)ccc12,IC50,2,multi-target,0,352.386,4.006040000000002,76.74,1,4,6,3,3,26,0.238095238095238,0,1
CHEMBL3094025,2.5549974,0.9767596,O=c1cc(CCl)c2ccc(OCc3cccc(Cl)c3)cc2o1,IC50,1,single-target,0,335.1860000000001,4.764200000000003,39.44,0,3,4,3,3,22,0.1176470588235294,0,1
CHEMBL3972306,15.931724,4.8966174,Cc1cc(=O)oc2cc(OCCCCn3cc(CCCCN4C[C@H](O)[C@@H](O)[C@H](O)[C@H]4CO)nn3)ccc12,IC50,1,single-target,0,516.5950000000001,0.6340199999999998,154.31,4,11,12,4,3,37,0.5769230769230769,2,0
CHEMBL3601438,6.0245633,3.3843477,Cc1c(-c2ccccc2)c2ccc3c(c2oc1=O)C=CCO3,Ki,3,multi-target,0,290.318,4.174020000000003,39.44,0,3,1,4,3,22,0.1052631578947368,0,1
CHEMBL4583269,16.086441,5.2391176,NS(=O)(=O)c1ccc(C/N=C/c2cccc(OCc3cn(CCCOc4ccc5ccc(=O)oc5c4)nn3)c2)cc1,Ki,3,multi-target,0,573.6310000000003,3.699100000000003,151.90000000000003,1,10,12,5,5,41,0.1724137931034483,1,0
CHEMBL5561433,15.324957,-0.80116904,CCOc1cccc2cc(/C(C)=N/Nc3nc(-c4cc5ccc(OC)cc5oc4=O)cs3)c(=O)oc12,Ki,2,multi-target,0,503.5360000000003,5.266300000000004,116.15999999999998,1,10,7,5,5,36,0.1538461538461538,2,0
CHEMBL4290781,7.5614743,-0.47789866,Cc1cn(CCCCCCCCCCOc2ccc3ccc(=O)oc3c2)cn1,IC50,1,single-target,0,382.5040000000001,5.4977200000000055,57.260000000000005,0,5,12,3,3,28,0.4782608695652174,1,0
CHEMBL145292,2.089566,3.398603,O=c1oc2cc(OCc3ccccc3)ccc2c2ccccc12,IC50,2,multi-target,0,302.32900000000006,4.525200000000003,39.44,0,3,3,4,4,23,0.05,0,1
CHEMBL5597948,14.147322,2.606527,COc1cc(/C=C/C(=O)OCc2cn(-c3cc4ccccc4oc3=O)nn2)ccc1O,IC50,1,single-target,0,419.39300000000014,2.8445000000000014,116.68,1,9,6,4,4,31,0.0909090909090909,0,1
CHEMBL1382813,6.5199046,4.5853987,Cc1cc(=O)oc2c(CN3CCN(C)CC3)c(O)c(Cl)cc12,AC50,2,multi-target,0,322.792,2.20782,56.92,1,5,2,3,2,22,0.4375,0,1
CHEMBL232230,6.9256225,8.817835,CC(O)CC(c1ccccc1)c1c(O)c2ccccc2oc1=O,IC50,1,single-target,0,310.3490000000001,3.4014000000000024,70.67,2,4,4,3,3,23,0.2105263157894736,0,1
CHEMBL4442992,16.029442,4.8765492,Cc1cc(=O)oc2cc(OCc3cn(CCCCCCCCCCOc4ccc5ccc(=O)oc5c4)nn3)ccc12,Ki,2,multi-target,0,557.6470000000003,6.578120000000007,109.59,0,9,15,5,5,41,0.375,2,0
CHEMBL1457600,2.739912,6.401404,COc1ccc2c(c1)c(=O)oc1c(C)c(OCc3ccc(C(=O)O)cc3)ccc12,IC50,1,single-target,0,390.3910000000001,4.540420000000003,85.97000000000001,1,5,5,4,4,29,0.1304347826086956,0,1
CHEMBL4092954,12.315797,3.3824954,O=c1oc2c(Br)c(O)c(Br)cc2cc1-c1nnn[nH]1,EC50,1,single-target,0,387.9750000000001,2.2037000000000004,104.9,2,6,1,3,3,19,0.0,0,1
CHEMBL4474935,7.059419,-3.4091277,Cc1c(C)c2ccc(OC3CCN(Cc4ccc(C#N)cc4)CC3)cc2oc1=O,IC50,3,multi-target,0,388.46700000000016,4.324920000000004,66.47,0,5,4,4,3,29,0.3333333333333333,0,1
CHEMBL4098383,23.291594,11.862681,COc1ccc(Nc2ncnc3c2C(c2ccc(OC)cc2)c2c(c(=O)oc4ccccc24)O3)cc1,IC50,1,single-target,0,479.49200000000025,5.629700000000004,95.71,1,8,5,6,5,36,0.1071428571428571,1,0
CHEMBL1452114,20.215832,2.2562528,CCCCCc1cc(=O)oc2c(C(CCN3CCCC(C)C3)c3ccc(N(C)C)cc3)c(OC)cc(OC)c12,EC50,3,multi-target,0,534.7410000000002,6.862800000000009,55.150000000000006,0,6,12,4,3,39,0.5454545454545454,2,0
CHEMBL1527922,3.1557565,2.4877906,Cc1cc(=O)oc2cc(OCC(=O)Nc3nnc(CC(C)C)s3)ccc12,AC50,1,single-target,0,373.4340000000001,3.1689200000000017,94.32,1,7,6,3,3,26,0.3333333333333333,0,1
CHEMBL253710,11.733459,-0.6393737,Cc1ccc2oc(=O)c(CC(C)C(=O)NO)cc2c1,IC50,2,multi-target,0,261.277,1.7854199999999998,79.54,2,4,3,2,2,19,0.2857142857142857,0,1
CHEMBL1782746,7.297017,-0.22324018,O=c1ccc2cc(OCCCSC[C@@H]3CCCN4CCCC[C@H]34)ccc2o1,IC50,2,multi-target,0,387.5450000000002,4.559600000000004,42.68,0,5,7,4,2,27,0.5909090909090909,0,1
CHEMBL402459,6.9810357,8.734091,CC(c1c(O)c2ccccc2oc1=O)c1c(O)c2ccccc2oc1=O,IC50,1,single-target,0,350.326,3.4624000000000024,100.88,2,6,2,4,4,26,0.1,0,1
CHEMBL1700729,2.2912877,3.5097644,C=C1CC(COc2ccc3c(C)c(Cl)c(=O)oc3c2)(c2ccccc2)OC1=O,AC50,1,single-target,0,396.8260000000001,4.532220000000004,65.74000000000001,0,5,4,4,3,28,0.1818181818181818,0,1
CHEMBL1331120,13.028865,5.833886,O=c1oc2ccccc2cc1-c1csc(NN=C2CCCCC2)n1,AC50,5,multi-target,1,339.4200000000002,4.648500000000003,67.49000000000001,1,6,3,4,3,24,0.2777777777777778,0,1
CHEMBL156692,7.4340706,0.68518484,CC(C)=CCOc1ccc2ccc(=O)oc2c1,Ki,1,single-target,0,230.263,3.1380000000000017,39.44,0,3,3,2,2,17,0.2142857142857142,0,1
CHEMBL2205576,18.036108,3.3182802,COc1cccc2cc(C(=O)/C=C/c3cc[n+](Cc4cccc(F)c4)cc3)c(=O)oc12,IC50,2,multi-target,0,416.4280000000001,4.172600000000004,60.39,0,4,6,4,4,31,0.08,0,1
CHEMBL4206008,10.577674,4.292206,COc1cccc2cc(-c3ccc(Br)nn3)c(=O)oc12,IC50,1,single-target,0,333.1410000000001,3.021100000000001,65.22,0,5,2,3,3,20,0.0714285714285714,0,1
CHEMBL276076,2.0734568,3.1728623,Cc1c(C)c2ccc(OCc3ccc(F)cc3)cc2oc1=O,IC50,4,multi-target,0,298.31300000000005,4.127940000000003,39.44,0,3,3,3,3,22,0.1666666666666666,0,1
CHEMBL4558078,4.035987,4.159586,CCN(CC)c1ccc2c(c1)oc(=O)c1ncn(CC(C)C)c12,EC50,1,single-target,0,313.40100000000007,3.6449000000000025,51.27,0,5,5,3,3,23,0.4444444444444444,0,1
CHEMBL4854325,-2.6389124,5.3161116,CCCCC1(c2cc(O)c3cc(CCC)c(=O)oc3c2)CCCC1,Ki,1,single-target,0,328.4520000000001,5.4531000000000045,50.44,1,3,6,3,2,24,0.5714285714285714,1,0
CHEMBL4519239,8.522354,-0.6344416,CSc1ccc(C2SCC(=O)N2c2ccc3oc(=O)ccc3c2)cc1,IC50,1,single-target,0,369.467,4.293500000000003,50.52,0,5,3,4,3,25,0.1578947368421052,0,1
CHEMBL4645323,3.8459048,5.9503284,Cc1c(Cc2ccccc2)c(=O)oc2cc(OCC(=O)N[C@@H](CSCc3ccccc3)C(=O)O)ccc12,IC50,1,single-target,0,517.6030000000002,4.573820000000003,105.84,2,6,11,4,4,37,0.2068965517241379,1,0
CHEMBL2391479,1.4982455,15.719468,O=C(CN1CCN(CCCOc2ccc3c(-c4ccccc4)cc(=O)oc3c2)CC1)Nc1c2c(nc3ccccc13)CCCC2,IC50,2,multi-target,0,602.735,5.912200000000006,87.91,1,7,9,7,5,45,0.3243243243243243,2,0
CHEMBL3092181,11.081522,14.545921,CNS(=O)(=O)Nc1cccc(Cc2c(C)c3cc(C#N)c(OC(=O)N(C)C)cc3oc2=O)c1,IC50,2,multi-target,0,470.5070000000003,2.5004,141.74,2,7,6,3,3,33,0.2272727272727272,0,1
CHEMBL4073153,2.4450974,4.2290754,CCCc1ccc(S(=O)(=O)Oc2ccc3c(C)c(Cl)c(=O)oc3c2)cc1,IC50,1,single-target,0,392.8600000000001,4.475020000000004,73.58000000000001,0,5,5,3,3,26,0.2105263157894736,0,1
CHEMBL5085564,22.410557,-4.8034286,COc1cc(-c2cc(C(=O)CCCOc3ccc4ccc(=O)oc4c3)nn2-c2ccccc2)cc(OC)c1OC,IC50,2,multi-target,0,540.5720000000001,5.713400000000005,102.02,0,9,11,5,5,40,0.1935483870967742,2,0
CHEMBL5074785,2.5289865,6.72886,Cc1c(CC(=O)O)c(=O)oc2c(C)c(OCc3ccccc3F)ccc12,IC50,1,single-target,0,356.349,3.755040000000002,76.74,1,4,5,3,3,26,0.2,0,1
CHEMBL4129432,3.8647118,-2.8276165,CC(=O)c1c(OCCCN2CCOCC2)ccc2c(C)cc(=O)oc12,Ki,2,multi-target,0,345.3950000000001,2.40512,68.97999999999999,0,6,6,3,2,25,0.4736842105263157,0,1
CHEMBL5594963,2.3831286,3.3384953,O=C(O)COc1ccc2c(c1)oc(=O)c1ccc(-c3cnc(Cl)c(NS(=O)(=O)c4ccc(F)cc4)c3)cc12,IC50,1,single-target,0,554.9390000000001,5.064900000000003,135.8,2,7,7,5,5,38,0.0384615384615384,2,0
CHEMBL5087488,4.6077776,1.4843391,Cc1ccc(COc2ccc3c(C(F)(F)F)cc(=O)oc3c2)cc1,IC50,1,single-target,0,334.29300000000006,4.699220000000003,39.44,0,3,3,3,3,24,0.1666666666666666,0,1
CHEMBL4070018,6.754831,8.795227,CCCCCCCCCCCC(c1ccc(Cl)cc1Cl)c1c(O)c2ccccc2oc1=O,Ki,1,single-target,0,475.4560000000002,8.858199999999998,50.440000000000005,1,3,12,3,3,32,0.4444444444444444,1,0
CHEMBL3596579,7.5284014,2.193352,CC(=O)Oc1cc(OC(C)=O)c2ccc(=O)oc2c1CC=C(C)C,IC50,1,single-target,0,330.3360000000001,3.152300000000002,82.81,0,6,4,2,2,24,0.2777777777777778,0,1
CHEMBL4539336,5.196766,-3.593732,COc1cc2c(cc1OC)CN(Cc1ccccc1COc1ccc3c(C)c(C)c(=O)oc3c1)CC2,IC50,1,single-target,0,485.5800000000004,5.564340000000007,61.14,0,6,7,5,4,36,0.3,1,0
CHEMBL2322555,3.8337522,6.774578,Cc1c(CC(=O)Nc2ccc(C(=O)O)cc2)c(=O)oc2c(C)c3occ(C(C)(C)C)c3cc12,EC50,1,single-target,0,447.4870000000003,5.332940000000004,109.75,2,5,4,4,4,33,0.2692307692307692,1,0
CHEMBL4568961,5.788259,-0.054385874,O=C(Oc1cc(=O)oc2ccccc12)N1CCN(c2ccccc2)CC1,IC50,1,single-target,0,350.3740000000001,3.1140000000000017,62.99000000000001,0,5,2,4,3,26,0.2,0,1
CHEMBL3264675,16.041515,4.326324,O=c1cc(OCc2cn(-c3ccc(S(=O)(=O)N4CCc5ccccc5C4)cc3)nn2)c2ccccc2o1,IC50,1,single-target,0,514.5630000000003,3.699700000000002,107.53,0,8,6,6,5,37,0.1481481481481481,1,0
CHEMBL5413502,5.6378007,4.658237,Cc1cc(=O)oc2c(NC(=O)OC(C)C)c(O)ccc12,IC50,1,single-target,0,277.276,2.7639200000000006,88.77000000000001,2,5,2,2,2,20,0.2857142857142857,0,1
CHEMBL4744108,3.5140035,0.7938829,O=c1cc(CN2CCN(Cc3ccccc3)CC2)c2ccc(OCc3cccc(Cl)c3)cc2o1,Ki,2,multi-target,0,474.9880000000002,5.343200000000006,45.92,0,5,7,5,4,34,0.25,1,0
CHEMBL3427409,6.009555,11.489201,O=C(O)/C=C/c1ccc(Cc2c(-c3ccc(OC(F)(F)F)cc3)c(=O)oc3ccccc23)cc1,IC50,1,single-target,0,466.4110000000001,6.047200000000005,76.74000000000001,1,4,6,4,4,34,0.0769230769230769,1,0
CHEMBL3427411,6.1337595,11.539783,Cc1cc(F)ccc1-c1c(Cc2ccc(/C=C/C(=O)O)cc2)c2ccc(C(F)F)cc2oc1=O,IC50,1,single-target,0,464.43900000000014,6.533720000000005,67.50999999999999,1,3,6,4,4,34,0.1111111111111111,1,0
CHEMBL2387743,-1.0541314,5.960451,COc1ccccc1Cc1cc2c(C)ccc(C)c2oc1=O,IC50,2,multi-target,0,294.35,4.009240000000004,39.44,0,3,3,3,3,22,0.2105263157894736,0,1
CHEMBL3747030,-6.6346374,8.499179,COc1ccc(CNC(=O)c2cc3c(ccc4c(C)cc(=O)oc43)oc2=N)c(OC)c1,IC50,1,single-target,0,420.42100000000016,3.274290000000001,114.76,2,7,5,4,4,31,0.1739130434782608,0,1
CHEMBL2442514,10.987947,1.2272087,O=C(O)c1cc2ccc(OCCc3ccccc3)cc2oc1=O,IC50,1,single-target,0,310.30500000000006,3.112700000000002,76.74000000000001,1,4,5,3,3,23,0.1111111111111111,0,1
CHEMBL4077330,5.0434303,4.480059,Cc1cc(=O)oc2c(OS(=O)(=O)c3ccc([N+](=O)[O-])cc3)c(OS(=O)(=O)c3ccc([N+](=O)[O-])cc3)ccc12,IC50,2,multi-target,0,562.4900000000002,3.4532200000000017,203.23,0,12,8,4,4,38,0.0454545454545454,2,0
CHEMBL3120693,4.460413,-1.7209367,COc1ccccc1N1CCN(CCCCOc2ccc3c4c(c(=O)oc3c2)CCCC4)CC1,Ki,3,multi-target,0,462.5900000000003,4.661600000000004,55.150000000000006,0,6,8,5,3,34,0.4642857142857143,0,1
CHEMBL3827432,0.3364236,3.55473,CN(CCCOc1ccc2ccc(=O)oc2c1)Cc1cccc(OC(=O)NCCCCCCc2ccccc2)c1,IC50,3,multi-target,0,542.6760000000004,6.585400000000007,81.00999999999999,1,6,15,4,4,40,0.3333333333333333,2,0
CHEMBL5567569,16.404123,4.688174,Cc1ccc(C(C)C)cc1OCc1cn(CCCCCCOc2cc(=O)oc3ccccc23)nn1,IC50,1,single-target,0,475.5890000000003,6.034720000000006,79.38000000000001,0,7,12,4,4,35,0.3928571428571428,1,0
CHEMBL3094020,2.9064987,0.70533204,O=C(COc1cc(=O)oc2cc(OCc3cccc(Cl)c3)ccc12)N1CCCCC1,IC50,1,single-target,0,427.8840000000002,4.416700000000003,68.98,0,5,6,4,3,30,0.3043478260869565,0,1
CHEMBL123031,7.5982494,-0.99829704,Cc1ccc(N2CCN(Cc3ccc4ccc(=O)oc4c3)CC2)cc1Cl,IC50,1,single-target,0,368.86400000000015,4.077020000000004,36.69,0,4,3,4,3,26,0.2857142857142857,0,1
CHEMBL5570926,2.6679444,2.1000435,CCN(CC)Cc1cc(=O)oc2cc(OCc3ccc(S(N)(=O)=O)cc3)ccc12,Ki,8,multi-target,1,416.4990000000001,2.8612,102.84,1,6,8,3,3,29,0.2857142857142857,0,1
CHEMBL5564140,2.7000573,2.1113293,CC(C)(C)OC(=O)N1CCN(c2cc(=O)oc3cc(OCc4ccc(S(N)(=O)=O)cc4)ccc23)CC1,Ki,7,multi-target,1,515.5880000000002,3.076500000000001,132.38,1,8,5,4,3,36,0.36,1,0
CHEMBL5568690,2.7342694,2.1797266,Cc1cc(=O)oc2cc(OCc3ccc(S(N)(=O)=O)cc3)ccc12,Ki,9,multi-target,1,345.37600000000003,2.32782,99.6,1,5,4,3,3,24,0.1176470588235294,0,1
CHEMBL5266810,-2.2061412,-2.8485508,Cc1cc(=O)oc2cc(OCc3nc(N)nc(Nc4ccc(F)cc4)n3)ccc12,EC50,1,single-target,0,393.378,3.3303200000000004,116.16,2,8,5,4,4,29,0.1,0,1
CHEMBL5286544,-2.2432933,-2.8849123,Cc1c(Cl)cc(Nc2nc(N)nc(COc3ccc4c(C)cc(=O)oc4c3)n2)cc1Cl,EC50,2,multi-target,0,458.3050000000002,4.806440000000002,116.16,2,8,5,4,4,31,0.1428571428571428,0,1
CHEMBL3237500,13.446778,1.5892287,NS(=O)(=O)c1cccc(NC(=S)NC(=O)c2cc3ccccc3oc2=O)c1,IC50,1,single-target,0,403.44100000000014,1.5672,131.5,3,6,3,3,3,27,0.0,0,1
CHEMBL3966564,3.0541022,2.0509229,Cc1cc(=O)oc2cc(OCC3=CC[C@H]4C[C@@H]3C4(C)C)ccc12,IC50,1,single-target,0,310.393,4.472620000000004,39.44,0,3,3,5,2,23,0.45,0,1
CHEMBL4208341,-4.5142875,6.45599,C#CCN(CCCOc1ccc2ccc(=O)oc2c1)Cc1cccc(OC)c1,IC50,2,multi-target,0,377.44000000000017,3.7059000000000015,51.91,0,5,9,3,3,28,0.2608695652173913,0,1
CHEMBL177279,3.3037746,8.932732,O=c1cc(N2CCOCC2)c2cc3ccccc3cc2o1,IC50,1,single-target,0,281.31100000000004,2.782800000000001,42.68000000000001,0,4,1,4,3,21,0.2352941176470588,0,1
CHEMBL523874,12.693488,1.0010567,Cc1ccc2oc(=O)c(C(=O)NCc3cccc4ccccc34)cc2c1,IC50,1,single-target,0,343.38200000000006,4.184620000000003,59.31,1,3,3,4,4,26,0.0909090909090909,0,1
CHEMBL4747834,-4.1244926,-0.6321789,COc1ccc(S(=O)(=O)N(CC(C)C)C[C@@H](O)[C@H](Cc2ccccc2)NC(=O)c2cc3ccc(OC)cc3oc2=O)cc1,IC50,2,multi-target,0,608.7130000000002,3.8591000000000015,135.38,2,8,13,4,4,43,0.3125,1,0
CHEMBL4524609,16.094545,5.2175736,CCN(CC)c1ccc(/C=N/Cc2ccc(S(N)(=O)=O)cc2)c(OCc2cn(CCCOc3ccc4ccc(=O)oc4c3)nn2)c1,Ki,3,multi-target,0,644.7540000000004,4.545300000000004,155.14,1,11,15,5,5,46,0.2727272727272727,2,0
CHEMBL4456509,16.103642,5.2400813,NS(=O)(=O)c1ccc(C/N=C/c2ccccc2OCc2cn(CCCOc3ccc4ccc(=O)oc4c3)nn2)cc1,Ki,3,multi-target,0,573.6310000000003,3.699100000000003,151.90000000000003,1,10,12,5,5,41,0.1724137931034483,1,0
CHEMBL4443546,16.101074,5.0792356,COc1cccc(C=O)c1OCc1cn(CCCOc2ccc3ccc(=O)oc3c2)nn1,Ki,1,single-target,0,435.4360000000001,3.253700000000001,105.68,0,9,10,4,4,32,0.217391304347826,0,1
CHEMBL1394720,3.7892053,6.6304927,CCCC(NC(=O)Cc1c(C)c2cc3c(C)c(C)oc3c(C)c2oc1=O)C(=O)N[C@@H](Cc1ccccc1)C(=O)O,IC50,1,single-target,0,546.6200000000003,4.412380000000003,138.85,3,6,10,4,4,40,0.3548387096774194,1,0
CHEMBL1543423,13.767791,1.2654239,O=C(CS(=O)(=O)c1ccccc1)c1cc2ccccc2oc1=O,Ki,2,multi-target,0,328.34500000000014,2.4496,81.41999999999999,0,5,4,3,3,23,0.0588235294117647,0,1
CHEMBL4474051,5.7841854,-9.679263,Cc1c(N2CCN(C)[C@H](C)C2)ccc2c3c(c(=O)oc12)CN(C(=O)c1ccc(NS(C)(=O)=O)c(Cl)c1)CC3,IC50,2,multi-target,0,559.0880000000001,3.4651200000000024,103.17,1,7,4,5,3,38,0.4074074074074074,1,0
CHEMBL2205574,17.982716,3.2948697,O=C(/C=C/c1cc[n+](Cc2ccc(F)cc2)cc1)c1cc2ccccc2oc1=O,IC50,2,multi-target,0,386.40200000000016,4.164000000000003,51.16,0,3,5,4,4,29,0.0416666666666666,0,1
CHEMBL1409809,12.576234,5.677142,Cc1ccc(-c2csc(Cc3nc(-c4cc5ccccc5oc4=O)cs3)n2)cc1,AC50,4,multi-target,0,416.5270000000001,5.939220000000004,55.99,0,6,4,5,5,29,0.0869565217391304,1,0
CHEMBL5594378,8.84535,-0.2240432,O=C(/C=C/c1cc(O)c(O)c(O)c1)Nc1ccc2oc(=O)ccc2c1,IC50,1,single-target,0,339.3030000000001,2.561700000000001,120.0,4,6,3,3,3,25,0.0,0,1
CHEMBL4174424,-1.6363857,3.8303652,Cc1c2c(=O)oc3ccc([N+](=O)[O-])cc3c2nn1-c1ccccc1,Ki,2,multi-target,0,321.29200000000003,3.348520000000001,91.17,0,6,2,4,4,24,0.0588235294117647,0,1
CHEMBL4176917,7.614303,14.628474,O=c1oc2cc(O)ccc2c(Oc2ccc(OCCN3CCCC3)cc2)c1-c1ccc(F)cc1,IC50,1,single-target,0,461.48900000000026,5.5716000000000045,72.14,1,6,7,5,4,34,0.2222222222222222,1,0
CHEMBL4093683,12.212042,3.2179298,COc1c(Br)cc2cc(C#N)c(=O)oc2c1Br,EC50,1,single-target,0,358.973,3.1982800000000005,63.23,0,4,1,2,2,17,0.0909090909090909,0,1
CHEMBL4062531,12.310311,3.4128308,COc1cc2oc(=O)c(-c3nnn[nH]3)cc2cc1Br,EC50,1,single-target,0,323.106,1.7441999999999998,93.9,1,6,2,3,3,19,0.0909090909090909,0,1
CHEMBL3086062,10.99173,14.615072,Cc1c(Cc2ccccc2N)c(=O)oc2cc(OC(=O)N(C)C)c(Cl)cc12,IC50,2,multi-target,0,386.8350000000001,3.9882200000000023,85.77,1,5,3,3,3,27,0.2,0,1
CHEMBL202112,5.2301955,3.0769517,Cc1cc(=O)oc2cc3oc4c(c3cc12)CCCC4,IC50,1,single-target,0,254.2849999999999,3.726420000000002,43.35,0,3,0,4,3,19,0.3125,0,1
CHEMBL3120691,4.366638,-1.899831,COc1ccccc1N1CCN(CCCCOc2ccc3c4c(c(=O)oc3c2Cl)CCC4)CC1,Ki,3,multi-target,0,483.00800000000027,4.9249000000000045,55.150000000000006,0,6,8,5,3,34,0.4444444444444444,0,1
CHEMBL1328027,3.8399854,5.9626985,CCCCCCc1c(C)c2ccc(OCC(=O)N[C@@H](Cc3ccccc3)C(=O)O)cc2oc1=O,IC50,1,single-target,0,465.5460000000002,4.415120000000003,105.84,2,5,12,3,3,34,0.3703703703703703,0,1
CHEMBL570570,6.125585,7.9643545,O=c1oc2c3c(ccc2c(O)c1Cc1c(O)c2ccc4c(c2oc1=O)CCCC4)CCCC3,IC50,1,single-target,0,444.48300000000046,4.6590000000000025,100.88,2,6,2,6,4,33,0.3333333333333333,0,1
CHEMBL5574397,6.2589097,2.1243424,C=C(C)[C@@H]1CC[C@]2(C(=O)NCCCCCC(=O)Nc3ccc4c(C)cc(=O)oc4c3)CC[C@]3(C)[C@H](CC[C@@H]4[C@@]5(C)CC[C@H](O[C@@H]6OC[C@H](O)[C@H](O)[C@H]6O[C@@H]6O[C@@H](C)[C@H](O)[C@@H](O)[C@H]6O)[C@@](C)(CO)[C@@H]5CC[C@]43C)[C@@H]12,IC50,1,single-target,0,1021.2990000000004,6.022520000000011,246.70999999999995,8,14,14,9,2,73,0.7719298245614035,4,0
CHEMBL4082300,2.117523,3.23696,Cc1c(C#N)c(=O)oc2cc(OCc3ccc(F)cc3)ccc12,IC50,2,multi-target,0,309.296,3.691200000000002,63.23,0,4,3,3,3,23,0.1111111111111111,0,1
CHEMBL1830797,12.693177,2.6980588,CC(=O)c1cc2cc(Br)cc(Br)c2oc1=O,IC50,1,single-target,0,345.97400000000005,3.5206000000000017,47.28,0,3,1,2,2,16,0.0909090909090909,0,1
CHEMBL4634418,4.104123,0.2592914,CC(C)=CCN(C(=O)CCN1CCN(C(=O)c2cccc([N+](=O)[O-])c2)CC1)c1ccc2c(C)cc(=O)oc2c1,IC50,1,single-target,0,532.5970000000003,4.156920000000003,117.21,0,7,8,4,3,39,0.3448275862068966,1,0
CHEMBL4641535,4.1171236,0.24655844,CC(C)=CCN(C(=O)CCN1CCN(C(=O)c2ccc(C(C)C)cc2)CC1)c1ccc2c(C)cc(=O)oc2c1,IC50,1,single-target,0,529.6810000000004,5.372120000000006,74.07000000000001,0,5,8,4,3,39,0.40625,2,0
CHEMBL268492,4.706911,3.199326,O=C(O)Cc1cc(=O)oc2cc(Cl)ccc12,IC50,1,single-target,0,238.626,2.0735,67.50999999999999,1,3,2,2,2,16,0.0909090909090909,0,1
CHEMBL1399519,6.505396,4.5460224,CCCc1cc(=O)oc2c(CN3CCN(C)CC3)c(O)c(Cl)cc12,IC50,1,single-target,0,350.84599999999995,2.851900000000001,56.92,1,5,4,3,2,24,0.5,0,1
CHEMBL4466331,2.5475764,6.7394695,Cc1c(CC(=O)O)c(=O)oc2c(C)c(OCc3ccccc3I)ccc12,IC50,1,single-target,0,464.255,4.220540000000003,76.74,1,4,5,3,3,26,0.2,0,1
CHEMBL4293826,12.902165,9.46348,Cc1cc(OCCCN2CCN(c3ccccc3F)CC2)c2c(C)cc(=O)oc2c1,Ki,2,multi-target,0,410.48900000000026,4.140040000000004,45.92,0,5,6,4,3,30,0.375,0,1
CHEMBL4293165,12.909111,9.472446,Cc1cc(OCCCCN2CCN(c3ccccc3F)CC2)c2c(C)cc(=O)oc2c1,Ki,2,multi-target,0,424.51600000000025,4.530140000000004,45.92,0,5,7,4,3,31,0.4,0,1
CHEMBL1477983,6.278226,4.762663,COC(=O)Cc1c(C)c2ccc(O)c(CN3CCCC(C)C3)c2oc1=O,IC50,1,single-target,0,359.4220000000002,2.7544200000000005,79.98,1,6,4,3,2,26,0.5,0,1
CHEMBL3262900,8.182733,0.2707925,O=C(Oc1cc2ccc(=O)oc2cc1OC(=O)c1ccccc1)c1ccccc1,Ki,2,multi-target,0,386.359,4.2314000000000025,82.81,0,6,4,4,4,29,0.0,0,1
CHEMBL1405092,20.20225,2.245542,COc1ccc(C(CCN2CCCCC2)c2c(OC)cc(OC)c3c(-c4ccccc4)cc(=O)oc23)cc1,EC50,1,single-target,0,513.6340000000002,6.493700000000008,61.14,0,6,9,5,4,38,0.34375,2,0
CHEMBL1370010,5.6668725,4.258074,Cc1cc(=O)oc2c(N)c(O)ccc12,AC50,1,single-target,0,191.186,1.3892199999999997,76.46000000000001,2,4,0,2,2,14,0.1,0,1
CHEMBL3236000,7.518,2.0448353,COC1=CC(=O)c2cc(C)cc(-c3c(OC)cc(OC)c4ccc(=O)oc34)c2C1=O,IC50,1,single-target,0,406.3900000000002,3.6949200000000015,92.04,0,7,4,4,3,30,0.1739130434782608,0,1
CHEMBL1688902,8.699768,10.939566,O=c1cc(Cn2ccnc2)c2ccc(Oc3cccc(F)c3)cc2o1,IC50,1,single-target,0,336.32200000000006,3.9692000000000025,57.260000000000005,0,5,4,4,4,25,0.0526315789473684,0,1
CHEMBL4648527,13.680595,1.6611941,O=C(NCCn1ccc(=O)c(O)c1)c1cc2ccccc2oc1=O,IC50,1,single-target,0,326.3080000000001,1.0902999999999996,101.54,2,6,4,3,3,24,0.1176470588235294,0,1
CHEMBL3545713,1.2844796,4.443524,CCN(C)C(=O)Oc1cc(C(C)N(C)C)cc2oc(=O)c3ccccc3c12,IC50,2,multi-target,0,368.4330000000001,4.019300000000003,62.99,0,5,4,3,3,27,0.3333333333333333,0,1
CHEMBL2393507,5.8449917,-0.21820123,O=C(COc1cc(=O)oc2ccccc12)N1CCC(Cc2ccccc2)CC1,IC50,2,multi-target,0,377.44000000000017,3.653100000000003,59.75000000000001,0,4,5,4,3,28,0.3043478260869565,0,1
CHEMBL572233,11.237113,4.9149756,COc1ccc(-c2cc3cc(C)ccc3oc2=O)cc1,IC50,1,single-target,0,266.296,3.777020000000003,39.44,0,3,2,3,3,20,0.1176470588235294,0,1
CHEMBL1688900,8.877797,11.123313,O=c1cc(Cn2ccnc2)c2ccc(OCc3cc(F)cc(F)c3)cc2o1,IC50,3,multi-target,0,368.33900000000006,3.895000000000003,57.260000000000005,0,5,5,4,4,27,0.1,0,1
CHEMBL36517,5.301754,-1.6577033,O=c1oc2cc(CN3CCN(Cc4ccc(Cl)cc4)CC3)ccc2c(O)c1[N+](=O)[O-],Kd,1,single-target,0,429.8600000000002,3.3780000000000032,100.06,1,7,5,4,3,30,0.2857142857142857,0,1
CHEMBL3612749,3.9258997,4.5018764,CCCCCCc1c(C)c2ccc(N(CC)CCCC(=O)O)cc2oc1=O,IC50,1,single-target,0,373.49300000000017,4.915320000000004,70.75,1,4,11,2,2,27,0.5454545454545454,0,1
CHEMBL1835328,11.164575,5.202173,CC(=O)COc1cccc(-c2cc3cc(C)ccc3oc2=O)c1,IC50,1,single-target,0,308.333,3.736220000000002,56.51,0,4,4,3,3,23,0.1578947368421052,0,1
CHEMBL5283267,12.462417,2.1678681,O=c1oc2ccc(Cl)cc2cc1Cl,IC50,1,single-target,0,215.035,3.0998,30.21,0,2,0,2,2,13,0.0,0,1
CHEMBL2206124,18.034754,3.3018436,COc1cccc2cc(C(=O)/C=C/c3cc[n+](Cc4cccc(C)c4)cc3)c(=O)oc12,IC50,2,multi-target,0,412.46500000000015,4.341920000000004,60.39,0,4,6,4,4,31,0.1153846153846153,0,1
CHEMBL575093,2.556669,0.90817595,N#CCc1cc(=O)oc2cc(OCc3cccc(Cl)c3)ccc12,IC50,2,multi-target,0,325.75100000000003,4.091480000000002,63.23,0,4,4,3,3,23,0.1111111111111111,0,1
CHEMBL2334350,7.574,1.9280047,COc1c2c(c(OC)c3oc(=O)ccc13)OC(C)(C)C=C2,Ki,5,multi-target,1,288.299,2.994400000000001,57.900000000000006,0,5,2,3,2,21,0.3125,0,1
CHEMBL1324820,4.646674,3.696324,O=c1cc(CSc2nc(O)c3ccccc3n2)c2ccc(O)cc2o1,IC50,1,single-target,0,352.3710000000001,3.439700000000001,96.45,2,7,3,4,4,25,0.0555555555555555,0,1
CHEMBL3265270,5.9301677,-8.456626,CN1CCc2c(c(=O)oc3c(C=O)c(O)ccc23)C1,IC50,1,single-target,0,259.261,1.299,70.75,1,5,1,3,2,19,0.2857142857142857,0,1
CHEMBL469768,13.164245,1.0559484,O=C(Nc1c(F)c(F)c(F)c(F)c1F)c1cc2ccccc2oc1=O,IC50,1,single-target,0,355.2180000000001,3.740800000000002,59.31,1,3,2,3,3,25,0.0,0,1
CHEMBL4466838,12.002171,2.154516,CN(C)CCC(=O)c1cc2ccc(O)cc2oc1=O,IC50,1,single-target,0,261.277,1.6329999999999998,70.75,1,5,4,2,2,19,0.2857142857142857,0,1
CHEMBL5434276,8.244123,0.4903149,COc1ccc(S(=O)(=O)NCCCCCCNC[C@H](O)COc2ccc3ccc(=O)oc3c2)cc1,Kd,1,single-target,0,504.6050000000002,2.6698000000000004,127.1,3,8,15,3,3,35,0.4,1,0
CHEMBL2178435,3.150328,2.5706508,Cc1cc(=O)oc2cc(OCC(=O)NN3C(=O)CS/C3=N\c3ccc(Cl)cc3)ccc12,Ki,1,single-target,0,457.895,3.427920000000001,101.21,1,7,5,4,3,31,0.1428571428571428,0,1
CHEMBL80972,6.939799,9.129644,COc1ccc2c(O)c(C(c3cccc(NS(=O)(=O)c4cn(C)cn4)c3)C3CC3)c(=O)oc2c1,Ki,1,single-target,0,481.5300000000003,3.583400000000001,123.66,2,8,7,5,4,34,0.25,0,1
CHEMBL3975017,9.00189,-0.91082656,Cc1ccc(-c2ccc3oc(=O)ccc3c2)s1,IC50,1,single-target,0,242.299,3.829920000000002,30.21,0,3,1,3,3,17,0.0714285714285714,0,1
CHEMBL3936738,9.020906,-0.9270617,O=c1ccc2cc(-c3sccc3Cl)ccc2o1,IC50,1,single-target,0,262.71700000000004,4.174900000000002,30.21,0,3,1,3,3,17,0.0,0,1
CHEMBL4447887,3.5311592,8.73613,O=c1cc(N2CCN(c3ccccc3C(F)(F)F)CC2)c2ccc3ccccc3c2o1,IC50,1,single-target,0,424.42200000000025,5.291600000000004,36.690000000000005,0,4,2,5,4,31,0.2083333333333333,1,0
CHEMBL5289073,6.5386686,1.0719199,C#CCOc1cccc2oc(=O)ccc12,Ki,2,multi-target,0,200.193,1.805,39.44,0,3,2,2,2,15,0.0833333333333333,0,1
CHEMBL3417294,0.8377446,15.548335,Nc1cc(=O)oc2cc(OCCN3CCN(CCCNc4c5c(nc6ccccc46)CCCC5)CC3)ccc12,IC50,3,multi-target,0,527.6690000000003,4.300800000000004,96.86,2,8,9,6,4,39,0.4193548387096774,1,0
CHEMBL3335021,1.4106807,4.378185,CC(c1cc(O)c2c(c1)oc(=O)c1ccccc12)N(C)C,IC50,2,multi-target,0,283.327,3.2744000000000018,53.68000000000001,1,4,2,3,3,21,0.2352941176470588,0,1
CHEMBL3265264,5.9582386,-8.422324,C=CCOC(=O)N1CCc2c(c(=O)oc3c(C4OCCCO4)c(O)ccc23)C1,IC50,1,single-target,0,387.3880000000002,2.6148000000000007,98.44,1,7,3,4,2,28,0.4,0,1
CHEMBL3545701,1.4047233,4.405305,CC(c1cc(O)c2c(c1)oc(=O)c1ccccc12)N(C)C,IC50,2,multi-target,0,283.327,3.2744000000000018,53.68000000000001,1,4,2,3,3,21,0.2352941176470588,0,1
CHEMBL4761710,11.730444,4.472537,O=c1oc2cc(O)ccc2cc1-c1ccc(Br)cc1,IC50,1,single-target,0,317.138,3.9281000000000015,50.44,1,3,1,3,3,19,0.0,0,1
CHEMBL2334004,7.5620947,1.9309512,C=C(C)/C=C/c1c(OC)c2c(c3ccc(=O)oc13)OC(C)(C)C=C2,Ki,5,multi-target,1,324.37600000000003,4.575100000000004,48.67,0,4,3,3,2,24,0.25,0,1
CHEMBL2334355,10.417084,9.949814,COc1ccc(-c2c3n(c4c(=O)oc5cc(O)c(OC)cc5c24)CCc2c-3cc(OC)c(OC)c2O)cc1O,Ki,5,multi-target,1,531.5170000000004,4.789000000000005,132.75000000000003,3,10,5,6,5,39,0.2068965517241379,1,0
CHEMBL1835233,11.141996,4.8869967,COc1cc(OC)c(Br)c(-c2cc3cc(C)ccc3oc2=O)c1,IC50,1,single-target,0,375.2180000000001,4.548120000000004,48.67,0,4,3,3,3,23,0.1666666666666666,0,1
CHEMBL4855577,13.623643,3.0838418,Cc1c(O)c([N+](=O)[O-])cc2cc(C(=O)NC3CCN(Cc4cccc(F)c4)CC3)c(=O)oc12,IC50,1,single-target,0,455.4420000000002,3.2487200000000023,125.92,2,7,5,4,3,33,0.3043478260869565,0,1
CHEMBL1777845,10.753288,4.572448,COc1ccc(-c2cc3cc(Br)cc(OC)c3oc2=O)cc1,IC50,1,single-target,0,361.19100000000014,4.239700000000003,48.67,0,4,3,3,3,22,0.1176470588235294,0,1
CHEMBL5395261,5.6259637,4.7115207,Cc1cc(=O)oc2c(NC(=O)c3ccc(Cl)cc3)c(O)ccc12,IC50,2,multi-target,0,329.73900000000003,3.712720000000002,79.54,2,4,2,3,3,23,0.0588235294117647,0,1
CHEMBL5433421,5.6378303,4.6332808,Cc1cc(=O)oc2c(NC(=O)OCCl)c(O)ccc12,IC50,1,single-target,0,283.667,2.55182,88.77000000000001,2,5,2,2,2,19,0.1666666666666666,0,1
CHEMBL5436279,5.635754,4.6774883,COc1ccc(C(=O)Nc2c(O)ccc3c(C)cc(=O)oc23)cc1OC,IC50,2,multi-target,0,355.3460000000001,3.0765200000000013,98.0,2,6,4,3,3,26,0.1578947368421052,0,1
CHEMBL438977,6.3861237,6.085796,Cc1c(O)ccc2c1oc(=O)c1cc(Br)ccc12,IC50,1,single-target,0,305.127,3.7227200000000016,50.440000000000005,1,3,0,3,3,18,0.0714285714285714,0,1
CHEMBL3286947,5.620244,-0.6631666,O=C(COc1ccc2ccc(=O)oc2c1)N1CCN(c2ccc(Cl)c(Cl)c2)CC1,IC50,1,single-target,0,433.29100000000017,3.8274000000000026,62.99000000000001,0,5,4,4,3,29,0.238095238095238,0,1
CHEMBL5633706,12.029581,1.309955,COc1cc2cc(C(=O)Oc3ccc4c(N)nccc4c3)c(=O)oc2cc1OC,Ki,3,multi-target,0,392.3670000000002,3.159800000000001,113.88,1,8,4,4,4,29,0.0952380952380952,0,1
CHEMBL1650554,12.081652,1.9835634,CC(=O)c1cc2ccc(OS(=O)(=O)C(F)(F)F)cc2oc1=O,IC50,1,single-target,0,336.24300000000005,2.224,90.65,0,6,3,2,2,22,0.1666666666666666,0,1
CHEMBL3586585,8.852692,0.40580937,CCN(CC)Cc1cccc(COc2ccc3ccc(=O)oc3c2)c1,IC50,2,multi-target,0,337.4190000000001,4.213800000000004,42.68,0,4,7,3,3,25,0.2857142857142857,0,1
CHEMBL488917,6.548658,2.3661535,Cc1cc(=O)oc2c(C)c(OC3CCCCC3=O)ccc12,IC50,2,multi-target,0,286.32699999999994,3.300340000000002,56.51,0,4,2,3,2,21,0.4117647058823529,0,1
CHEMBL2425827,-1.2610838,-5.724811,N#CC1=C(N)Oc2c(c(=O)oc3ccccc23)C1c1ccc[n+](Cc2ccccc2Cl)c1,IC50,2,multi-target,0,442.8820000000002,4.000380000000003,93.13,1,5,3,5,4,32,0.08,0,1
CHEMBL4539659,6.9475927,-3.3620956,Cc1c(C)c2ccc(OCC3CCN(Cc4cccc(Cl)c4)CC3)cc2oc1=O,IC50,4,multi-target,0,411.9290000000002,5.354240000000006,42.68,0,4,5,4,3,29,0.375,1,0
CHEMBL4642069,3.2131917,2.372378,Cc1cc(=O)oc2cc(OCC(=O)NNCc3ccccc3)ccc12,IC50,1,single-target,0,338.363,2.30122,80.57,2,5,6,3,3,25,0.1578947368421052,0,1
CHEMBL381617,14.539979,3.1920848,COc1cccc2cc(C(=O)Nc3cc(Br)ccc3N3CCN(Cc4ccccc4)CC3)c(=O)oc12,IC50,1,single-target,0,548.4370000000002,5.138600000000006,75.02000000000001,1,6,6,5,4,36,0.2142857142857142,2,0
CHEMBL266928,1.0241961,-3.2254312,O=c1cc(C(F)(F)F)c2cc3c(cc2o1)NCCC3C(F)(F)C(F)(F)F,EC50,1,single-target,0,387.226,4.908600000000002,42.24,1,3,1,3,2,26,0.4,0,1
CHEMBL3116210,8.035108,1.1357708,O=c1ccc2cc(OCCN3CCCC3)c(O)cc2o1,IC50,1,single-target,0,275.304,1.9732,62.91,1,5,4,3,2,20,0.4,0,1
CHEMBL122485,5.283116,9.470123,CN1CCc2ccc3c(=O)oc4cccc5c4c3c2[C@H]1C5,Ki,5,multi-target,1,277.323,3.0313000000000017,33.45,0,3,0,5,3,21,0.2777777777777778,0,1
CHEMBL124419,5.2720246,9.482562,CN1CCc2ccc3oc(=O)c4cccc5c4c3c2[C@H]1C5,Ki,5,multi-target,1,277.323,3.0313000000000017,33.45,0,3,0,5,3,21,0.2777777777777778,0,1
CHEMBL256769,5.569385,7.1262407,COc1c(C(=O)OC(F)(F)F)ccc2oc(=O)c3c(ccc4[nH]c(=O)cc(C)c43)c12,EC50,1,single-target,0,419.31100000000015,3.7813200000000022,98.6,1,6,2,4,4,30,0.15,0,1
CHEMBL1782747,7.3036346,-0.23616907,O=c1ccc2cc(OCCCCSC[C@@H]3CCCN4CCCC[C@H]34)ccc2o1,IC50,2,multi-target,0,401.5720000000002,4.949700000000004,42.68,0,5,8,4,2,28,0.6086956521739131,0,1
CHEMBL3577296,11.122513,2.3970883,CCN(CC)CCN(Cc1ccc(Cl)cc1)c1ccc2cc(C(=N)N)c(=O)oc2c1,IC50,1,single-target,0,426.9480000000002,4.078870000000001,86.56,2,5,9,3,3,30,0.3043478260869565,0,1
CHEMBL444596,8.164803,-0.51325935,O=c1ccc2cc(CNCCNc3ccccc3)ccc2o1,Ki,1,single-target,0,294.35400000000004,2.9947000000000017,54.27,2,4,6,3,3,22,0.1666666666666666,0,1
CHEMBL3740871,12.04719,6.184211,O=Cc1cn(-c2nc(-c3cc4cc(Cl)cc(Cl)c4oc3=O)cs2)nc1-c1ccccc1,Ki,1,single-target,0,468.3210000000002,5.888500000000003,77.99,0,7,4,5,5,31,0.0,1,0
CHEMBL2273029,8.217949,0.085245095,CC(=O)Oc1ccc2oc(=O)ccc2c1,Ki,2,multi-target,0,204.181,1.7183,56.51,0,4,1,2,2,15,0.0909090909090909,0,1
CHEMBL2115267,6.97295,8.869827,CC[C@@H](c1ccccc1)c1c(OC)c2ccccc2oc1=O,Ki,1,single-target,0,294.35,4.343500000000003,39.44,0,3,4,3,3,22,0.2105263157894736,0,1
CHEMBL470017,-1.0560131,5.9658046,COc1ccccc1Cc1cc2c(OC)ccc(C)c2oc1=O,Ki,2,multi-target,0,310.34900000000005,3.7094200000000015,48.67,0,4,4,3,3,23,0.2105263157894736,0,1
CHEMBL145403,4.6165433,1.4786761,O=c1cc(C(F)(F)F)c2ccc(OCc3ccccc3)cc2o1,IC50,2,multi-target,0,320.2660000000001,4.390800000000002,39.44,0,3,3,3,3,23,0.1176470588235294,0,1
CHEMBL2321901,2.5001757,1.0935855,CNCc1cc(=O)oc2cc(OS(=O)(=O)c3cccc(Cl)c3)ccc12,IC50,2,multi-target,0,379.8210000000001,2.9335000000000013,85.60999999999999,1,6,5,3,3,25,0.1176470588235294,0,1
CHEMBL3628489,4.297211,2.8447638,COc1ccc2oc(=O)cc(CCNC(C)=O)c2c1,Ki,2,multi-target,0,261.277,1.4802,68.53999999999999,1,4,4,2,2,19,0.2857142857142857,0,1
CHEMBL87446,11.795029,1.376977,C=CCOC(=O)c1cc2cc(CCl)ccc2oc1=O,Ki,1,single-target,0,278.69100000000003,2.874600000000001,56.51,0,4,4,2,2,19,0.1428571428571428,0,1
CHEMBL574859,2.6808307,1.5747728,CN(C)Cc1cc(=O)oc2cc(OCc3ccccc3)ccc12,IC50,2,multi-target,0,309.365,3.433600000000002,42.68000000000001,0,4,5,3,3,23,0.2105263157894736,0,1
CHEMBL600196,16.32447,-2.4413974,CCN1CCN(c2c(C)c3c(O)cc(O)cc3oc2=O)CC1,IC50,1,single-target,0,304.3460000000001,1.6545199999999998,77.15,2,6,2,3,2,22,0.4375,0,1
CHEMBL12580,4.3374805,2.8875022,COc1ccc2c(/C=C/C(=O)O)cc(=O)oc2c1,IC50,1,single-target,0,246.218,1.8994,76.74000000000001,1,4,3,2,2,18,0.0769230769230769,0,1
CHEMBL2177809,2.3432796,3.6909053,Cc1c(CCC(=O)O)c(=O)oc2cc(OCc3cccc(-c4ccccc4)c3)ccc12,IC50,1,single-target,0,414.4570000000001,5.364620000000004,76.74,1,4,7,4,4,31,0.1538461538461538,1,0
CHEMBL2178442,2.2522151,2.5907874,Cc1c(C)c2ccc(OCc3nnc(SCCN4CCOCC4)n3-c3ccc(Cl)cc3)cc2oc1=O,Ki,1,single-target,0,527.0460000000003,4.647240000000004,82.62,0,9,8,5,4,36,0.3461538461538461,1,0
CHEMBL145217,2.0949447,3.112922,Cc1c(C)c2ccc(OCc3cc([N+](=O)[O-])cc([N+](=O)[O-])c3)cc2oc1=O,IC50,2,multi-target,0,370.3170000000001,3.805240000000003,125.72,0,7,5,3,3,27,0.1666666666666666,0,1
CHEMBL1098016,7.615687,2.315008,COc1ccc2ccc(=O)oc2c1C(C=O)=C(C)C,Ki,5,multi-target,1,258.2729999999999,2.7939000000000007,56.51,0,4,3,2,2,19,0.2,0,1
CHEMBL3286946,5.609884,-0.69058365,O=C(COc1ccc2ccc(=O)oc2c1)N1CCN(c2ccccc2F)CC1,IC50,2,multi-target,0,382.3910000000001,2.659700000000001,62.99000000000001,0,5,4,4,3,28,0.238095238095238,0,1
CHEMBL3918464,1.7810963,4.86485,CC1(C)[C@@H]2CC=C(COc3ccc4c5c(c(=O)oc4c3)CCCC5)[C@H]1C2,IC50,1,single-target,0,350.4580000000002,5.0430000000000055,39.44,0,3,3,6,2,26,0.5217391304347826,1,0
CHEMBL51681,4.4227433,-1.4024391,Cc1cc(=O)oc2cc(OCCCN3CCN(c4ccccn4)CC3)ccc12,Ki,3,multi-target,0,379.46,3.0875200000000014,58.81,0,6,6,4,3,28,0.3636363636363636,0,1
CHEMBL603104,15.962796,-2.3733113,Cc1c(N2CCN(C)CC2)c(=O)oc2cc(OCCc3cccs3)ccc12,IC50,1,single-target,0,384.5010000000001,3.536220000000003,45.92,0,6,5,4,3,27,0.3809523809523809,0,1
CHEMBL1083623,3.2931137,8.984937,O=c1cc(N2CCOCC2)c2cc(-c3ccccc3)ccc2o1,IC50,1,single-target,0,307.34900000000005,3.296600000000001,42.68000000000001,0,4,2,4,3,23,0.2105263157894736,0,1
CHEMBL3899148,1.631355,-1.4093454,Cc1ccc(OCCCCOc2c3ccoc3cc3oc(=O)ccc23)cc1,EC50,2,multi-target,0,364.3970000000001,5.085620000000004,61.81,0,5,7,4,4,27,0.2272727272727272,1,0
CHEMBL3967878,5.165728,9.666848,O=c1oc2ccccc2c(N2CCN(c3cccc(Cl)c3)CC2)c1CO,IC50,1,single-target,0,370.8360000000001,3.265300000000002,56.92,1,5,3,4,3,26,0.25,0,1
CHEMBL4647439,10.029911,4.183478,COc1cccc2cc(-c3cc(=O)oc4cc(OCC(C)=O)ccc34)c(=O)oc12,IC50,1,single-target,0,392.3630000000001,3.5428000000000024,95.95,0,7,5,4,4,29,0.1363636363636363,0,1
CHEMBL123030,7.5759115,-1.0175029,Cc1ccc(N2CCN(Cc3ccc4ccc(=O)oc4c3)CC2)cc1C,Ki,1,single-target,0,348.4460000000002,3.732040000000003,36.69,0,4,3,4,3,26,0.3181818181818182,0,1
CHEMBL244624,12.715781,4.544394,CN(Cc1ccccc1)Cc1ccc(-c2cc3cc(N)ccc3oc2=O)cc1,IC50,1,single-target,0,370.45200000000006,4.674200000000003,59.47,1,4,5,4,4,28,0.125,0,1
CHEMBL3806054,13.10054,6.511711,NS(=O)(=O)c1ccc(-n2cc(/C=N\Nc3nc(-c4cc5cc(Cl)ccc5oc4=O)cs3)c(-c3ccc(F)cc3)n2)cc1,Ki,4,multi-target,0,621.0750000000003,5.655100000000004,145.47000000000003,2,10,7,6,6,42,0.0,2,0
CHEMBL3084436,10.944972,2.4712923,CCN(CC)c1ccc2cc(C(=O)NCCOCCOCCn3nc(C(=O)N[C@@H]4C[C@H]5CCC[C@@H](C4)N5C)c4ccccc43)c(=O)oc2c1,Ki,1,single-target,0,672.8270000000002,4.197200000000003,131.17000000000002,2,10,15,6,4,49,0.5135135135135135,1,0
CHEMBL4218830,3.9630287,-2.6987977,COc1ccccc1N1CCN(CCCCOc2ccc3c(C)cc(=O)oc3c2C(C)=O)CC1,Ki,2,multi-target,0,464.5620000000002,4.293820000000004,72.22,0,7,9,4,3,34,0.4074074074074074,0,1
CHEMBL3735242,11.193422,5.3359323,Cc1ccc2oc(=O)c(-c3cccc(OCCN(C)C)c3)cc2c1,IC50,1,single-target,0,323.39200000000005,3.708820000000002,42.68,0,4,5,3,3,24,0.25,0,1
CHEMBL3734880,11.236231,5.267425,Cc1ccc2oc(=O)c(-c3cccc(OCCCCBr)c3)cc2c1,IC50,2,multi-target,0,387.273,5.322320000000004,39.44,0,3,6,3,3,24,0.25,1,0
CHEMBL4100903,7.7606573,-0.0010399902,CC(C)Cc1ccc(C(C)C(=O)NCCOc2ccc3oc(=O)ccc3c2)cc1,Ki,1,single-target,0,393.48300000000006,4.290200000000003,68.53999999999999,1,4,8,3,3,29,0.3333333333333333,0,1
CHEMBL4096350,7.7436175,0.037818767,CC(C(=O)NCCOc1ccc2oc(=O)ccc2c1)c1ccc(-c2ccccc2)c(F)c1,Ki,3,multi-target,0,431.46300000000014,4.897800000000005,68.53999999999999,1,4,7,4,4,32,0.1538461538461538,0,1
CHEMBL3966957,9.23147,-1.5034959,N#Cc1ccc(-c2ccc3oc(=O)ccc3c2)n1Cc1ccccc1,IC50,1,single-target,0,326.355,4.181480000000002,58.93,0,4,3,4,4,25,0.0476190476190476,0,1
CHEMBL3909527,1.7859781,4.859254,CC1(C)[C@@H]2CC=C(COc3ccc4c5c(c(=O)oc4c3)CCC5)[C@H]1C2,IC50,1,single-target,0,336.4310000000001,4.652900000000005,39.44,0,3,3,6,2,25,0.5,0,1
CHEMBL78493,7.024299,8.797886,COc1c(C(O)c2ccccc2)c(=O)oc2ccccc12,Ki,1,single-target,0,282.295,2.883300000000001,59.67,1,4,3,3,3,21,0.1176470588235294,0,1
CHEMBL5555311,13.294584,11.616517,CC(=O)OC[C@H]1O[C@@H](N(C(C)=O)C2=NN(C(C)=O)C(c3cc(=O)oc4ccc(OCCC(C)C)cc34)S2)[C@H](OC(C)=O)[C@@H](OC(C)=O)[C@@H]1OC(C)=O,IC50,2,multi-target,0,747.7760000000003,3.0144,206.84999999999997,0,16,11,4,2,52,0.5294117647058824,2,0
CHEMBL5555276,8.731106,-0.20186165,COc1ccc(NC(=S)Nc2ccc3oc(=O)ccc3c2)cc1,Ki,1,single-target,0,326.377,3.610500000000001,63.5,2,4,3,3,3,23,0.0588235294117647,0,1
CHEMBL2335190,7.7098303,2.4768198,CCc1ccc2ccc(=O)oc2c1C(C)=O,Ki,1,single-target,0,216.23599999999996,2.5580000000000007,47.28,0,3,2,2,2,16,0.2307692307692307,0,1
CHEMBL4282511,6.9337096,7.9726048,O=C(/C=C/c1ccc(O)cc1)c1c(O)c2ccccc2oc1=O,IC50,1,single-target,0,308.2890000000001,3.1003000000000016,87.74000000000001,2,5,3,3,3,23,0.0,0,1
CHEMBL3121790,7.821191,0.22347781,C#CCCCCOc1ccc2ccc(=O)oc2c1,IC50,2,multi-target,0,242.274,2.9753000000000007,39.44,0,3,5,2,2,18,0.2666666666666666,0,1
CHEMBL2177807,2.5103576,6.2729354,Cc1c(CCC(=O)O)c(=O)oc2c(C)c(OCc3ccccc3-c3ccccc3)ccc12,IC50,1,single-target,0,428.484,5.673040000000005,76.74,1,4,7,4,4,32,0.1851851851851851,1,0
CHEMBL3092195,11.370774,14.276814,CNS(=O)(=O)Nc1cccc(Cc2c(C)c3ccc(Oc4ncccn4)cc3oc2=O)c1F,IC50,4,multi-target,0,470.4820000000002,3.2897200000000018,123.42000000000002,2,7,7,4,4,33,0.1363636363636363,0,1
CHEMBL3360638,4.010856,12.044411,COc1cc(NC(=O)C(C)n2ncc3c(=O)oc4ccccc4c32)ccc1Cl,IC50,1,single-target,0,397.8180000000001,4.004400000000002,86.36,1,6,4,4,4,28,0.15,0,1
CHEMBL3963020,14.16996,2.6671104,CCc1cc(CNc2cc(Cl)nn3c(-c4ccc(OC)c(S(=O)(=O)NCc5cn(-c6cc7ccc(O)cc7oc6=O)nn5)c4)c(C)nc23)ccn1,IC50,1,single-target,0,728.191,4.807420000000003,191.66,3,14,11,7,7,51,0.1764705882352941,2,0
CHEMBL3403693,-5.520926,12.200826,CCCc1cc2c(C(F)(F)F)cc(=O)oc2c(CCC)c1OCCCCN1C(=O)NC(C)C1=O,EC50,2,multi-target,0,482.4990000000004,4.816100000000004,88.85,1,5,10,3,2,34,0.5416666666666666,0,1
CHEMBL2048083,6.97925,7.7712646,CC(=O)c1c(O)c2ccccc2oc1=O,Ki,2,multi-target,0,204.18099999999995,1.7011999999999998,67.50999999999999,1,4,1,2,2,15,0.0909090909090909,0,1
CHEMBL3938469,9.526933,-1.9619584,COc1cc2oc(=O)cc(C)c2cc1-c1ccc(C#N)[nH]1,IC50,1,single-target,0,280.283,2.976800000000001,79.02,1,4,2,3,3,21,0.125,0,1
CHEMBL3975572,9.504827,-1.9358236,Cc1cc(=O)oc2cc(O)c(-c3ccc(C#N)n3C)cc12,IC50,1,single-target,0,280.283,2.6842000000000006,79.16,1,5,1,3,3,21,0.125,0,1
CHEMBL4068704,14.147951,1.8957613,O=C(NCCCc1cc(F)cc(F)c1)c1cc2ccc(O)cc2oc1=O,IC50,2,multi-target,0,359.3280000000001,3.139400000000002,79.53999999999999,2,4,5,3,3,26,0.1578947368421052,0,1
CHEMBL4099477,8.422935,-7.697598,NS(=O)(=O)Oc1ccc2cc(-c3ccc(NC(=O)Cc4cc(C(F)(F)F)ccc4C(F)(F)F)cc3)c(=O)oc2c1,IC50,1,single-target,0,586.4660000000001,5.2611000000000026,128.7,2,6,6,4,4,40,0.12,2,0
CHEMBL4078971,3.1341214,5.4686265,Cc1oc2cc3oc(=O)c4ccccc4c3cc2c1C,IC50,1,single-target,0,264.28,4.309240000000003,43.35,0,3,0,4,4,20,0.1176470588235294,0,1
CHEMBL5565590,13.546892,1.5993639,NS(=O)(=O)c1ccc(CN/C=C/C(=O)/C=C/c2cc3ccccc3oc2=O)cc1,Ki,2,multi-target,0,410.45100000000014,2.3262,119.47,2,6,7,3,3,29,0.0476190476190476,0,1
CHEMBL4441456,7.077082,-3.394549,Cc1c(C)c2ccc(OC3CCN(C)CC3)cc2oc1=O,IC50,3,multi-target,0,287.359,2.8828400000000007,42.68,0,4,2,3,2,21,0.4705882352941176,0,1
CHEMBL4456665,7.25332,-3.1859329,Cc1c(C)c2ccc(OCC3CCCN(Cc4ccccc4)C3)cc2oc1=O,IC50,5,multi-target,1,377.4840000000001,4.700840000000005,42.68,0,4,5,4,3,28,0.375,0,1
CHEMBL1506625,3.8502243,6.5565534,Cc1oc2c(c(C)cc3oc(=O)c(CC(=O)N[C@@H](CCCNC(N)=O)C(=O)O)c(C)c32)c1C,EC50,1,single-target,0,457.4830000000003,2.33328,164.86999999999998,4,6,8,3,3,33,0.391304347826087,0,1
CHEMBL1944663,5.2625546,6.9516525,CCCOc1cccc2[nH]c3c(=O)oc4ccc(O)cc4c3c12,IC50,1,single-target,0,309.321,3.9219000000000017,75.46000000000001,2,4,3,4,4,23,0.1666666666666666,0,1
CHEMBL458867,10.535444,0.077713914,COC(=O)c1cc2ccc(OCCc3nc(-c4cccc(OC)c4)oc3C)cc2oc1=O,EC50,2,multi-target,0,435.4320000000002,4.173120000000003,101.0,0,8,7,4,4,32,0.2083333333333333,0,1
CHEMBL409739,7.245347,8.590968,O=c1oc2ccccc2c(O)c1C(c1cccc([N+](=O)[O-])c1)c1c(O)c2ccccc2oc1=O,IC50,1,single-target,0,457.3940000000002,4.399000000000003,144.02,2,8,4,5,5,34,0.04,0,1
CHEMBL409439,7.2626963,8.609758,O=c1oc2ccccc2c(O)c1C(c1cccc(O)c1)c1c(O)c2ccccc2oc1=O,IC50,1,single-target,0,428.3960000000002,4.1964000000000015,121.11,3,7,3,5,5,32,0.04,0,1
CHEMBL1822046,7.6796675,2.5176365,CC(C)CCc1c(OCCCCCCC(=O)NO)ccc2ccc(=O)oc12,IC50,3,multi-target,0,375.4650000000001,4.216300000000003,88.77,2,5,11,2,2,27,0.5238095238095238,0,1
CHEMBL519426,6.777144,2.2899413,COc1c(OC2CCCC2=O)ccc2ccc(=O)oc12,IC50,1,single-target,0,274.27200000000005,2.3020000000000005,65.74000000000001,0,5,3,3,2,20,0.3333333333333333,0,1
CHEMBL403060,14.387156,18.337364,Cc1cc(=O)oc2c3c(c4c(c12)OC(C)(C)C=C4)O[C@H](C)[C@@H](C)[C@@H]3O,IC50,1,single-target,0,342.3910000000001,3.736020000000003,68.9,1,5,0,4,2,25,0.45,0,1
CHEMBL196527,7.4856453,2.7619343,CCNCc1c(O)ccc2ccc(=O)oc12,IC50,1,single-target,0,219.23999999999995,1.6081,62.47,2,4,3,2,2,16,0.25,0,1
CHEMBL1580543,10.381266,4.2419767,CCOc1cccc2cc(-c3nnc(NCc4ccco4)s3)c(=O)oc12,IC50,1,single-target,0,369.4020000000001,3.915300000000003,90.39,1,8,6,4,4,26,0.1666666666666666,0,1
CHEMBL1835229,11.311194,5.1043763,Cc1cccc(-c2cc3cc(C)ccc3oc2=O)c1,IC50,1,single-target,0,250.297,4.076840000000003,30.21,0,2,1,3,3,19,0.1176470588235294,0,1
CHEMBL4062779,14.137236,1.8753685,Cc1ccc(CCCNC(=O)c2cc3ccc(O)cc3oc2=O)cc1,IC50,2,multi-target,0,337.3750000000001,3.169620000000001,79.53999999999999,2,4,5,3,3,25,0.2,0,1
CHEMBL3086073,10.97008,14.64453,Cc1c(Cc2cccc(NS(=O)(=O)NCCC#N)c2)c(=O)oc2cc(OC(=O)N(C)C)c(Cl)cc12,IC50,2,multi-target,0,518.9790000000002,3.5660000000000025,141.74,2,7,8,3,3,35,0.2608695652173913,1,0
CHEMBL2234259,6.978424,7.9555054,CN(C)c1ccc(/C=C/C(=O)c2c(O)c3ccccc3oc2=O)cc1,IC50,1,single-target,0,335.35900000000004,3.460700000000002,70.75,1,5,4,3,3,25,0.1,0,1
CHEMBL4445613,11.355117,-8.707845,O=c1cc(NCCCN2CCN(c3nccc4ccc(F)cc34)CC2)c2ccccc2o1,IC50,4,multi-target,0,432.49900000000025,4.104500000000003,61.61000000000001,1,6,6,5,4,32,0.28,0,1
CHEMBL245047,12.772262,4.502096,COc1cccc(CN(C)Cc2ccc(-c3cc4cc(OC)c(OC)cc4oc3=O)cc2)c1,IC50,1,single-target,0,445.5150000000002,5.117800000000005,61.14000000000001,0,6,8,4,4,33,0.2222222222222222,1,0
CHEMBL1688890,8.919532,11.164086,O=c1cc(Cn2ccnc2)c2ccc(OCc3cccc(Cl)c3)cc2o1,IC50,3,multi-target,0,366.804,4.270200000000003,57.260000000000005,0,5,5,4,4,26,0.1,0,1
CHEMBL201777,5.1774726,3.0553372,Cc1cc(=O)oc2cc3oc4ccccc4c3cc12,IC50,1,single-target,0,250.253,4.000820000000002,43.35,0,3,0,4,4,19,0.0625,0,1
CHEMBL260178,7.083312,8.741254,CC(c1ccccc1)C(c1c(O)c2ccccc2oc1=O)c1c(O)c2ccccc2oc1=O,IC50,1,single-target,0,440.4510000000002,5.246200000000005,100.88,2,6,4,5,5,33,0.1111111111111111,1,0
CHEMBL2387237,3.567966,-1.6764654,Cc1cc(=O)oc2cc(OCCCN3CCC(c4noc5cc(F)ccc45)CC3)ccc12,Ki,3,multi-target,0,436.4830000000001,5.030220000000005,68.71000000000001,0,6,6,5,4,32,0.36,1,0
CHEMBL1221929,11.362415,5.187323,Cc1ccc2oc(=O)c(-c3ccccc3Br)cc2c1,IC50,1,single-target,0,315.16600000000005,4.530920000000002,30.21,0,2,1,3,3,19,0.0625,0,1
CHEMBL3327247,-3.352244,0.30427042,Cc1ccc2oc(=O)c(C(=O)NCCCCCCCNc3c4c(nc5ccccc35)CCCC4)cc2c1,IC50,4,multi-target,0,497.6390000000003,6.320820000000007,84.23,2,5,10,5,4,37,0.3870967741935484,1,0
CHEMBL206226,5.794701,6.26152,Cc1c(O)ccc2c1c(=O)oc1cc(O)ccc12,IC50,2,multi-target,0,242.23,2.66582,70.67,2,4,0,3,3,18,0.0714285714285714,0,1
CHEMBL3094007,2.5145643,0.57703114,CNc1cc(=O)oc2cc(OCc3cccc(Cl)c3)ccc12,IC50,2,multi-target,0,315.75600000000003,4.067100000000002,51.47,1,4,4,3,3,22,0.1176470588235294,0,1
CHEMBL357614,2.040883,3.116181,Cc1c(C)c2ccc(OCc3c(F)c(F)c(F)c(F)c3F)cc2oc1=O,IC50,3,multi-target,0,370.273,4.6843400000000015,39.44,0,3,3,3,3,26,0.1666666666666666,0,1
CHEMBL111309,2.0669148,3.3211699,Cc1c(C)c2ccc(OCc3ccccc3)cc2oc1=O,IC50,4,multi-target,0,280.32300000000004,3.9888400000000033,39.44,0,3,3,3,3,21,0.1666666666666666,0,1
CHEMBL1560398,12.317456,1.2514127,CNC(=O)c1cc2cc(OC)ccc2oc1=O,IC50,1,single-target,0,233.223,1.1612,68.53999999999999,1,4,2,2,2,17,0.1666666666666666,0,1
CHEMBL3086069,10.98183,14.631784,CCS(=O)(=O)Nc1cccc(Cc2c(C)c3cc(Cl)c(OC(=O)N(C)C)cc3oc2=O)c1,IC50,2,multi-target,0,478.9540000000002,4.167620000000003,105.92,1,6,6,3,3,32,0.2727272727272727,0,1
CHEMBL3359947,2.4950542,0.9673135,O=C(O)CCc1cc(=O)oc2cc(OCc3cccc(Cl)c3)ccc12,IC50,1,single-target,0,358.777,4.042600000000003,76.74,1,4,6,3,3,25,0.1578947368421052,0,1
CHEMBL3120696,3.5845766,-1.7489479,Cc1c(OCCCCN2CCC(c3noc4cc(F)ccc34)CC2)ccc2c3c(c(=O)oc12)CCC3,Ki,5,multi-target,1,490.5750000000005,5.909020000000006,68.71000000000001,0,6,7,6,4,36,0.4482758620689655,1,0
CHEMBL3094005,2.902298,0.73179466,N#CCOc1cc(=O)oc2cc(OCc3cccc(Cl)c3)ccc12,IC50,1,single-target,0,341.75,3.927780000000002,72.46,0,5,5,3,3,24,0.1111111111111111,0,1
CHEMBL511789,13.212376,1.0840224,N#Cc1c(F)c(F)c(NC(=O)c2cc3ccccc3oc2=O)c(F)c1F,IC50,2,multi-target,0,362.2380000000001,3.4733800000000006,83.1,1,4,2,3,3,26,0.0,0,1
CHEMBL3094029,2.8861725,1.0841664,O=c1cc(O)c2ccc(OCc3cccc(Br)c3)cc2o1,IC50,1,single-target,0,347.16400000000004,3.8401000000000014,59.67,1,4,3,3,3,21,0.0625,0,1
CHEMBL3093988,2.9132724,0.69979626,O=C(COc1cc(=O)oc2cc(OCc3cccc(Cl)c3)ccc12)N1CCOCC1,IC50,1,single-target,0,429.8560000000002,3.2630000000000017,78.21000000000001,0,6,6,4,3,30,0.2727272727272727,0,1
CHEMBL453410,13.122934,1.1737313,O=C(Nc1ccc(O)cc1)c1cc2ccccc2oc1=O,IC50,1,single-target,0,281.267,2.750900000000001,79.53999999999999,2,4,2,3,3,21,0.0,0,1
CHEMBL519982,5.7986536,6.2004976,Cc1cc(O)cc2oc(=O)c3c(O)cc(O)cc3c12,IC50,1,single-target,0,258.229,2.37142,90.9,3,5,0,3,3,19,0.0714285714285714,0,1
CHEMBL199397,11.567202,4.633389,O=c1oc2ccc(O)cc2cc1-c1cc(O)cc(O)c1,IC50,2,multi-target,0,270.23999999999995,2.5768000000000004,90.9,3,5,1,3,3,20,0.0,0,1
CHEMBL315189,6.363157,8.611084,O=c1oc2ccccc2c(O)c1CCCN(c1ccccc1)c1ccc(F)cc1,IC50,1,single-target,0,389.426,5.408600000000003,53.68,1,4,6,4,4,29,0.125,1,0
CHEMBL245046,12.768,4.5025043,COc1cc2cc(-c3ccc(CN(C)Cc4ccc(C)cc4)cc3)c(=O)oc2cc1OC,IC50,1,single-target,0,429.5160000000002,5.417620000000006,51.91,0,5,7,4,4,32,0.2222222222222222,1,0
CHEMBL3086071,10.966985,14.64546,Cc1c(Cc2cccc(NS(=O)(=O)NCC(F)(F)F)c2)c(=O)oc2cc(OC(=O)N(C)C)c(Cl)cc12,IC50,2,multi-target,0,547.9390000000002,4.214620000000004,117.95,2,6,7,3,3,36,0.2727272727272727,1,0
CHEMBL4167595,7.6182094,14.632474,O=c1oc2cc(O)ccc2c(Nc2ccc(OCCN3CCCCC3)cc2)c1-c1ccc(O)cc1,IC50,1,single-target,0,472.5410000000003,5.479500000000005,95.17,3,7,7,5,4,35,0.25,1,0
CHEMBL520061,4.23578,5.4480414,COc1c(OCC(C)=O)ccc2c1oc(=O)c1ccccc12,IC50,2,multi-target,0,298.294,2.922600000000001,65.74000000000001,0,5,4,3,3,22,0.1764705882352941,0,1
CHEMBL458221,10.547407,0.08297058,COC(=O)c1cc2ccc(OCCc3nc(-c4ccc(C(C)(C)C)cc4)oc3C)cc2oc1=O,EC50,2,multi-target,0,461.5140000000002,5.462020000000005,91.77,0,7,6,4,4,34,0.2962962962962963,1,0
CHEMBL1080228,1.6343191,-5.4551096,CCOCC1(CN2CCCC2)COc2ccc3c(C)cc(=O)oc3c2C1=O,IC50,1,single-target,0,371.43300000000016,2.7952200000000014,68.98,0,6,5,4,2,27,0.5238095238095238,0,1
CHEMBL4283791,12.975695,9.532147,COc1cccc(N2CCN(CCCCOc3c(C(C)=O)c(C)cc4oc(=O)cc(C)c34)CC2)c1,Ki,2,multi-target,0,478.5890000000003,4.6022400000000045,72.22,0,7,9,4,3,35,0.4285714285714285,0,1
CHEMBL3360733,11.364686,5.1611996,Cc1ccc2oc(=O)c(-c3ccccc3N)cc2c1,IC50,1,single-target,0,251.28500000000005,3.350620000000001,56.23,1,3,1,3,3,19,0.0625,0,1
CHEMBL3120683,4.5451775,-1.7043359,COc1cccc(N2CCN(CCCCOc3ccc4c5c(c(=O)oc4c3)CCC5)CC2)c1,Ki,3,multi-target,0,448.56300000000033,4.271500000000004,55.150000000000006,0,6,8,5,3,33,0.4444444444444444,0,1
CHEMBL3318218,14.090429,1.8898135,O=C(NCCc1ccc(O)cc1)c1cc2ccc(O)cc2oc1=O,IC50,2,multi-target,0,325.3200000000001,2.1766999999999994,99.77,3,5,4,3,3,24,0.1111111111111111,0,1
CHEMBL584607,2.3671365,1.0838197,O=c1cc(CNCc2ccccc2)c2ccc(OCc3cccc(Cl)c3)cc2o1,IC50,1,single-target,0,405.88100000000014,5.315200000000004,51.47,1,4,7,4,4,29,0.125,1,0
CHEMBL3360732,11.35858,4.9930553,Cc1ccc2oc(=O)c(-c3ccc([N+](=O)[O-])cc3)cc2c1,IC50,2,multi-target,0,281.26700000000005,3.6766200000000016,73.35,0,4,2,3,3,21,0.0625,0,1
CHEMBL3612348,2.6486244,5.1926208,O=c1oc2cc(OP(O)(=S)Oc3ccc4c5c(c(=O)oc4c3)CCCC5)ccc2c2c1CCCC2,IC50,1,single-target,0,510.5040000000005,5.331600000000004,99.11,1,7,4,6,4,35,0.3076923076923077,2,0
CHEMBL2391492,1.5034108,15.698432,COc1cc(=O)oc2cc(OCCCN3CCN(CC(=O)Nc4c5c(nc6ccccc46)CCCC5)CC3)ccc12,IC50,2,multi-target,0,556.6630000000002,4.253800000000004,97.14,1,8,9,6,4,41,0.40625,1,0
CHEMBL153074,11.854315,4.582044,O=c1oc2ccccc2cc1-c1csc(-c2cc3ccc(O)cc3oc2=O)n1,Ki,1,single-target,0,389.3880000000001,4.395500000000003,93.54,1,7,2,5,5,28,0.0,0,1
CHEMBL1410870,12.931209,0.46579885,Cc1c(NC(=O)c2cccc(-c3cc4ccccc4oc3=O)c2)cccc1-c1nc2ncccc2o1,IC50,3,multi-target,0,473.4880000000002,6.223920000000005,98.23,1,6,4,6,6,36,0.0344827586206896,1,0
CHEMBL4580662,6.9295287,-3.384013,Cc1c(C)c2ccc(OCC3CCN(Cc4ccc(CO)cc4)CC3)cc2oc1=O,IC50,4,multi-target,0,407.51000000000016,4.193140000000003,62.91,1,5,6,4,3,30,0.4,0,1
CHEMBL4637805,12.6738825,0.35828328,Cc1c(O)c(=O)ccn1CCC(=O)Nc1cc2ccccc2oc1=O,IC50,1,single-target,0,340.3350000000001,1.99752,101.54,2,6,4,3,3,25,0.1666666666666666,0,1
CHEMBL601652,16.335785,-2.4114325,C=CC(=O)N1CCN(c2c(C)c3c(O)cc(O)cc3oc2=O)CC1,IC50,1,single-target,0,330.3400000000002,1.34722,94.22,2,6,2,3,2,24,0.2941176470588235,0,1
CHEMBL429797,-1.8135586,5.727086,CCCCCCC(C)(C)c1cc(O)c2c(c1)oc(=O)c1ccc(O)cc12,Ki,4,multi-target,0,354.4460000000001,5.605400000000007,70.67,2,4,6,3,3,26,0.4090909090909091,1,0
CHEMBL3950921,10.490945,4.640139,O=c1oc2c(O)c(O)ccc2cc1-c1ccccc1,Ki,3,multi-target,0,254.241,2.8712000000000018,70.67,2,4,1,3,3,19,0.0,0,1
CHEMBL350475,7.4716687,2.5854287,CC(C)=CCc1c(O)ccc2ccc(=O)oc12,IC50,3,multi-target,0,230.263,3.0073000000000016,50.44,1,3,2,2,2,17,0.2142857142857142,0,1
CHEMBL1288535,8.124054,1.2758347,CCC(=O)c1cc2ccc(=O)oc2cc1O,Ki,1,single-target,0,218.208,2.0913,67.51,1,4,2,2,2,16,0.1666666666666666,0,1
CHEMBL1579296,3.05409,2.1007442,Cc1ccccc1NC(=O)c1ccc(COc2ccc3c(C)cc(=O)oc3c2)cc1,EC50,1,single-target,0,399.44600000000014,5.241140000000005,68.53999999999999,1,4,5,4,4,30,0.12,1,0
CHEMBL2158361,5.664307,0.23773657,CC(Oc1cc(=O)oc2ccccc12)C(=O)N1CCCC1,IC50,1,single-target,0,287.3150000000001,2.1827,59.75,0,4,3,3,2,21,0.375,0,1
CHEMBL4852077,-1.8203136,5.7194257,CCCCCCC(C)(C)c1cc(O)c2cc(Cc3ccccc3C)c(=O)oc2c1,Ki,1,single-target,0,392.53900000000016,6.645820000000008,50.44,1,3,8,3,3,29,0.4230769230769231,1,0
CHEMBL1784790,2.5162911,5.0363317,O=c1oc2cc(OCC(O)Cn3cncn3)ccc2c2c1CCC2,IC50,1,single-target,0,327.3400000000002,1.3131000000000002,90.38,1,7,5,4,3,24,0.3529411764705882,0,1
CHEMBL3189581,12.362138,1.9781284,C/C(=N/NC(=O)c1ccncc1)c1cc2ccc(O)cc2oc1=O,AC50,1,single-target,0,323.30800000000005,2.047599999999999,104.79,2,6,3,3,3,24,0.0588235294117647,0,1
CHEMBL18966,2.113032,3.1673994,Cc1ccc(COc2ccc3c(C)c(C)c(=O)oc3c2)cc1,IC50,4,multi-target,0,294.35,4.297260000000004,39.44,0,3,3,3,3,22,0.2105263157894736,0,1
CHEMBL4860350,5.582554,20.82931,CCCCS(=O)(=O)Nc1cccc(C(=O)Nc2c(O)c3ccc(O)cc3oc2=O)c1,Ki,2,multi-target,0,432.4540000000002,2.9983000000000004,145.94,4,7,7,3,3,30,0.2,0,1
CHEMBL4879193,5.582012,20.829025,CC(C)S(=O)(=O)Nc1cccc(C(=O)Nc2c(O)c3ccc(O)cc3oc2=O)c1,Ki,2,multi-target,0,418.4270000000002,2.6066000000000003,145.94,4,7,5,3,3,29,0.1578947368421052,0,1
CHEMBL4785073,-4.082777,-0.59030044,COc1ccc2cc(C(=O)N[C@@H](Cc3ccccc3)[C@H](O)CN(CC(C)C)S(=O)(=O)c3ccc(N)cc3)c(=O)oc2c1,IC50,2,multi-target,0,593.7020000000003,3.4327000000000023,152.17000000000002,3,8,12,4,4,42,0.2903225806451613,1,0
CHEMBL4856361,-1.0789268,8.305799,CCN(CC)c1ccc2c(C)c(CCN3C(=O)NC4(CCN(c5ncnc6[nH]cnc56)CC4)C3=O)c(=O)oc2c1,EC50,1,single-target,0,544.6160000000003,2.7474200000000017,140.56,2,9,7,6,4,40,0.4285714285714285,1,0
CHEMBL1783715,11.1636095,4.86139,COc1cc(OC)cc(-c2cc3cc(C)ccc3oc2=O)c1,IC50,1,single-target,0,296.322,3.7856200000000015,48.67,0,4,3,3,3,22,0.1666666666666666,0,1
CHEMBL212873,14.612912,3.1870368,O=C(Nc1cc(Br)ccc1N1CCOCC1)c1cc2ccccc2oc1=O,IC50,1,single-target,0,429.2700000000002,3.644400000000002,71.78,1,5,3,4,3,27,0.2,0,1
CHEMBL4160467,3.5152822,6.4481883,Cc1c(CC(=O)O)c(=O)oc2cc3occ(-c4ccc(Cl)cc4)c3cc12,Ki,2,multi-target,0,368.7720000000001,4.7951200000000025,80.64999999999999,1,4,3,4,4,26,0.1,0,1
CHEMBL5174712,4.7306643,3.5761545,Cc1c(C)c(C)c(Cn2c[n+](Cc3cc(=O)oc4cc(O)ccc34)c3ccccc32)c(C)c1C,IC50,1,single-target,0,453.5620000000002,5.3795000000000055,59.25,1,4,4,5,5,34,0.2413793103448276,1,0
CHEMBL3319093,5.632779,4.5166273,Cc1cc(=O)oc2c(/C=N/NC(=O)CSc3nc4ccccc4s3)c(O)ccc12,IC50,1,single-target,0,425.4910000000001,3.6591200000000015,104.79,2,8,5,4,4,29,0.1,0,1
CHEMBL1323317,-1.211691,-5.7655582,CCOc1ccc(C2C(C#N)=C(N)Oc3c2c(=O)oc2ccccc32)cc1,AC50,3,multi-target,0,360.369,3.409880000000001,98.48,1,6,3,4,3,27,0.1428571428571428,0,1
CHEMBL334861,-0.00892055,10.807995,C[C@@H]1[C@H](C(=O)c2ccc(Br)cc2)c2c(c3c(c4c(-c5ccccc5)cc(=O)oc24)OC(C)(C)C=C3)O[C@@H]1C,IC50,1,single-target,0,571.4670000000003,7.790200000000006,65.74000000000001,0,5,3,6,4,38,0.25,2,0
CHEMBL1275885,2.693069,21.400576,CO[C@@H]1[C@@H](OC(=O)c2ccc(C)[nH]2)[C@@H](O)[C@H](Oc2ccc3c(O)c(NC(=O)c4ccccc4)c(=O)oc3c2C)OC1(C)C,IC50,1,single-target,0,592.6010000000001,3.811040000000002,169.54999999999998,4,10,7,5,4,43,0.3225806451612903,1,0
CHEMBL4171312,4.8419933,2.492075,O=c1cc(-c2ccc(Cl)cc2)c2ccc(O)cc2o1,Ki,2,multi-target,0,272.68700000000007,3.8190000000000017,50.44,1,3,1,3,3,19,0.0,0,1
CHEMBL18153,2.0730023,3.1781666,Cc1c(C)c2ccc(OCc3ccccn3)cc2oc1=O,IC50,2,multi-target,0,281.31100000000004,3.383840000000001,52.330000000000005,0,4,3,3,3,21,0.1764705882352941,0,1
CHEMBL471248,-1.0922111,5.8704076,COc1ccccc1Cc1cc2c(OC)cc(C)cc2oc1=O,Ki,2,multi-target,0,310.34900000000005,3.7094200000000015,48.67,0,4,4,3,3,23,0.2105263157894736,0,1
CHEMBL4070218,2.4234216,4.262548,Cc1c(C#N)c(=O)oc2cc(OS(=O)(=O)c3ccc(Cl)cc3)ccc12,IC50,2,multi-target,0,375.789,3.394200000000001,97.37,0,6,3,3,3,25,0.0588235294117647,0,1
CHEMBL90466,5.81732,-8.774563,Cc1cc(O)c2c3c(c(=O)oc2c1)CN(Cc1ccccc1)CC3,Ki,1,single-target,0,321.37600000000003,3.3653200000000014,53.68,1,4,2,4,3,24,0.25,0,1
CHEMBL3763881,12.759603,2.7406847,O=C(Nc1ccccc1O)c1cc2cc(Cl)cc(Br)c2oc1=O,IC50,1,single-target,0,394.60800000000006,4.1668,79.53999999999999,2,4,2,3,3,23,0.0,0,1
CHEMBL3956977,3.6660554,3.412636,Cc1cc(=O)oc2cc(NC(=O)c3ccccc3NC(=O)c3ccc(F)cc3)ccc12,Ki,2,multi-target,0,416.4080000000001,4.745120000000004,88.41,2,4,4,4,4,31,0.0416666666666666,0,1
CHEMBL90188,6.4078,8.551624,O=c1oc2ccccc2c(O)c1CCOCc1ccccc1,IC50,1,single-target,0,296.32199999999995,3.257900000000001,59.67,1,4,5,3,3,22,0.1666666666666666,0,1
CHEMBL268279,5.069662,3.518298,O=C(O)Cc1cc(=O)oc2c1ccc1ccccc12,IC50,1,single-target,0,254.241,2.5733000000000006,67.50999999999999,1,3,2,3,3,19,0.0666666666666666,0,1
CHEMBL12241,4.5168753,3.3045866,NC(=O)Cc1cc(=O)oc2cc(O)ccc12,IC50,1,single-target,0,219.196,0.5264000000000002,93.53000000000002,2,4,2,2,2,16,0.0909090909090909,0,1
CHEMBL1630104,11.74384,-0.731901,Cc1ccc2oc(=O)c(CC(CCc3cccc(OCCN4CCCCC4)c3)C(=O)NO)cc2c1,IC50,1,single-target,0,478.58900000000034,4.263020000000003,92.01,2,6,10,4,3,35,0.4285714285714285,0,1
CHEMBL1401993,6.373909,4.506839,Cc1cc(=O)oc2c(CN3CCCC3)c(O)ccc12,AC50,1,single-target,0,259.30499999999995,2.40282,53.68000000000001,1,4,2,3,2,19,0.4,0,1
CHEMBL3940050,5.161118,9.674318,O=c1oc2ccccc2c(N2CCN(C(c3ccc(F)cc3)c3ccc(F)cc3)CC2)c1CO,IC50,1,single-target,0,462.4960000000002,4.475100000000005,56.92,1,5,5,5,4,34,0.2222222222222222,0,1
CHEMBL3948192,5.1591763,9.675651,O=c1oc2ccccc2c(N2CCN(c3cccc(C(F)(F)F)c3)CC2)c1CO,IC50,1,single-target,0,404.3880000000001,3.630700000000003,56.92,1,5,3,4,3,29,0.2857142857142857,0,1
CHEMBL1542713,3.7899563,2.2791169,O=C(COc1ccc2c(-c3ccccc3)cc(=O)oc2c1)Nc1cccnc1,IC50,2,multi-target,0,372.38000000000005,3.8725000000000014,81.43,1,5,5,4,4,28,0.0454545454545454,0,1
CHEMBL3360633,3.9991672,12.033776,O=C(Cn1ncc2c(=O)oc3ccccc3c21)Nc1ccc2[nH]cnc2c1,IC50,1,single-target,0,359.345,2.6577,105.81,2,6,3,5,5,27,0.0526315789473684,0,1
CHEMBL109084,1.9485391,3.522414,Cc1c(C)c2ccc(OCCc3ccccc3)cc2oc1=O,IC50,3,multi-target,0,294.35,4.031340000000004,39.44,0,3,4,3,3,22,0.2105263157894736,0,1
CHEMBL18425,2.104179,3.6861522,Cc1c(C)c2ccc(OC(C)c3ccc(C(C)C)cc3)cc2oc1=O,IC50,1,single-target,0,336.4310000000001,5.673240000000005,39.44,0,3,4,3,3,25,0.3181818181818182,1,0
CHEMBL118875,7.244764,0.49921304,Cc1c(C)c2ccc(OC/C=C/C3=CC(=O)C(C)(C)O3)cc2oc1=O,IC50,2,multi-target,0,340.37500000000006,3.6066400000000014,65.74000000000001,0,5,4,3,2,25,0.3,0,1
CHEMBL4758291,12.166265,3.341658,COc1cc2cc([N+](=O)[O-])c(=O)oc2c([N+](=O)[O-])c1OC,IC50,1,single-target,0,296.19100000000003,1.6265999999999996,134.95,0,8,4,2,2,21,0.1818181818181818,0,1
CHEMBL4590079,16.102144,5.2298217,COc1cccc(/C=N/Cc2ccc(S(N)(=O)=O)cc2)c1OCc1cn(CCCOc2ccc3ccc(=O)oc3c2)nn1,Ki,3,multi-target,0,603.6570000000003,3.707700000000002,161.13,1,11,13,5,5,43,0.2,2,0
CHEMBL194450,7.4878807,2.7681558,CCCCCNCc1c(O)ccc2ccc(=O)oc12,IC50,1,single-target,0,261.321,2.7784000000000004,62.47,2,4,6,2,2,19,0.4,0,1
CHEMBL5568260,15.335436,-0.8187343,CCOc1cccc2cc(/C(C)=N/Nc3nc(-c4ccc(-c5ccccc5)cc4)cs3)c(=O)oc12,Ki,3,multi-target,0,481.57700000000017,6.818300000000005,76.72,1,7,7,5,5,35,0.1071428571428571,1,0
CHEMBL5542863,15.333521,-0.8179359,CCOc1cccc2cc(/C(C)=N/Nc3nc(-c4ccc(Cl)cc4)cs3)c(=O)oc12,Ki,3,multi-target,0,439.9240000000001,5.804700000000004,76.72,1,7,6,4,4,30,0.1363636363636363,1,0
CHEMBL5558132,13.076373,5.807715,COc1cc(C(=O)NNc2nc(-c3cc4ccccc4oc3=O)cs2)cc(OC)c1OC,Ki,2,multi-target,0,453.4760000000003,3.699200000000003,111.92000000000002,2,9,7,4,4,32,0.1363636363636363,0,1
CHEMBL92489,5.8061757,-8.822311,Cc1ccc2c3c(c(=O)oc2c1)CN(Cc1ccccc1)CC3,Ki,3,multi-target,0,305.37700000000007,3.659720000000002,33.45,0,3,2,4,3,23,0.25,0,1
CHEMBL3286723,5.5774827,-0.6889965,O=C(CCCOc1ccc2ccc(=O)oc2c1)N1CCN(c2ccccc2F)CC1,IC50,2,multi-target,0,410.4450000000002,3.4399000000000024,62.99000000000001,0,5,6,4,3,30,0.3043478260869565,0,1
CHEMBL3818226,8.486505,-7.759443,CC1(C)COP(=O)(Nc2ccc(-c3cc4ccc(OS(N)(=O)=O)cc4oc3=O)cc2)OC1,IC50,1,single-target,0,480.4350000000003,3.6353000000000018,147.16,2,8,5,4,3,32,0.25,0,1
CHEMBL3818720,6.063758,11.40525,COc1ccc2c(Cc3ccccc3)c(-c3ccc(Cl)cc3)c(=O)oc2c1,IC50,1,single-target,0,376.83900000000017,5.712800000000003,39.44,0,3,4,4,4,27,0.0869565217391304,1,0
CHEMBL5532036,12.011376,6.0769954,Cc1cccc(N2C(=O)CSC2c2cn(-c3ccccc3)nc2-c2cc3ccccc3oc2=O)c1,Ki,1,single-target,0,479.5610000000002,5.732720000000005,68.34,0,6,4,6,5,35,0.1071428571428571,1,0
CHEMBL4213519,10.402324,9.930574,COc1ccc(-c2c3c4cc(OC)c(OCCN(C)C)cc4oc(=O)c3n3ccc4cc(O)c(OC)cc4c23)cc1O,IC50,1,single-target,0,570.5980000000002,5.396500000000007,115.24,2,10,8,6,6,42,0.21875,2,0
CHEMBL3980694,1.7838414,4.847854,CC1(C)[C@H]2CC=C(CCOc3ccc4c5c(c(=O)oc4c3)CCC5)[C@@H]1C2,IC50,1,single-target,0,350.4580000000002,5.0430000000000055,39.44,0,3,4,6,2,26,0.5217391304347826,1,0
CHEMBL3623671,15.971244,4.2157726,O=C(O)c1ccc(-n2cc(COc3ccc4ccc(=O)oc4c3)nn2)cc1,Ki,4,multi-target,0,363.32900000000006,2.650900000000001,107.45,1,7,5,4,4,27,0.0526315789473684,0,1
CHEMBL3601441,5.975082,3.4569948,Cc1cc2c(ccc3c(-c4ccccc4)cc(=O)oc32)o1,Ki,3,multi-target,0,276.29100000000005,4.514620000000003,43.35,0,3,1,4,4,21,0.0555555555555555,0,1
CHEMBL567544,8.051027,-0.38798606,O=c1ccc2ccc(CCc3ccccc3)cc2o1,Ki,12,multi-target,1,250.297,3.5782000000000025,30.21,0,2,3,3,3,19,0.1176470588235294,0,1
CHEMBL3612306,2.6245377,5.2262754,COP(=S)(Oc1ccc2c3c(c(=O)oc2c1)CCCC3)Oc1ccc2c3c(c(=O)oc2c1)CCCC3,IC50,1,single-target,0,524.5310000000004,5.985700000000006,88.11,0,8,5,6,4,36,0.3333333333333333,2,0
CHEMBL1447981,4.474178,5.8760476,Cc1cc(=O)oc2c3c(cc(OCC(=O)N4CCC(C(=O)O)CC4)c12)OC(C)(C)CC3,AC50,2,multi-target,0,429.4690000000003,2.907020000000001,106.28,1,6,4,4,2,31,0.5217391304347826,0,1
CHEMBL3586595,1.8966743,3.2018185,Cc1c(C)c2ccc(OCc3ccc(CN(C)Cc4ccccc4)cc3)cc2oc1=O,IC50,6,multi-target,1,413.51700000000005,5.620840000000006,42.68,0,4,7,4,4,31,0.2222222222222222,1,0
CHEMBL2349087,2.9359744,-7.0039277,CCOc1cccc2cc(CNCc3cn([C@H]4C[C@H](n5cc(C)c(=O)[nH]c5=O)O[C@@H]4CO)nn3)c(=O)oc12,IC50,1,single-target,0,524.5340000000002,0.7525199999999996,166.5,3,12,9,5,4,38,0.4,2,0
CHEMBL258939,7.1661,1.2906505,CC(C)=CC(O)C/C(C)=C/COc1c2ccoc2cc2oc(=O)ccc12,IC50,3,multi-target,0,354.4020000000001,4.581500000000004,72.81,1,5,6,3,3,26,0.2857142857142857,0,1
CHEMBL367931,7.315386,0.7909081,C/C(=C\COc1ccc2ccc(=O)oc2c1)CCC1OC1(C)CCC1OC1(C)C,IC50,1,single-target,0,398.4990000000002,5.013400000000004,64.5,0,5,9,4,2,29,0.5416666666666666,1,0
CHEMBL601651,16.268538,-2.404568,Cc1cc(O)c2c(C)c(N3CCN(C)CC3)c(=O)oc2c1,IC50,1,single-target,0,288.347,1.86724,56.92,1,5,1,3,2,21,0.4375,0,1
CHEMBL4567626,11.355177,-8.704702,O=c1cc(NCCCN2CCN(c3nccc4ccccc34)CC2)c2cc(Cl)ccc2o1,IC50,4,multi-target,0,448.9540000000002,4.618800000000004,61.61000000000001,1,6,6,5,4,32,0.28,0,1
CHEMBL507544,13.869626,2.3114142,O=C(c1ccccc1Cl)N1CCN(C(=O)c2cc3ccccc3oc2=O)CC1,IC50,1,single-target,0,396.83000000000015,3.0446000000000017,70.83000000000001,0,4,2,4,3,28,0.1904761904761904,0,1
CHEMBL125763,7.612355,-0.9655765,O=c1ccc2ccc(CN3CCN(c4ccc(Cl)cc4)CC3)cc2o1,Ki,1,single-target,0,354.83700000000016,3.768600000000003,36.690000000000005,0,4,3,4,3,25,0.25,0,1
CHEMBL3427407,6.2005806,11.641655,Cc1cc(F)ccc1-c1c(Oc2ccc(/C=C/C(=O)O)cc2)c2ccc(O)c(F)c2oc1=O,IC50,1,single-target,0,450.39300000000014,5.642320000000004,96.97,2,5,5,4,4,33,0.04,1,0
CHEMBL2442515,10.938244,1.223152,O=C(O)c1cc2ccc(OCc3ccc(F)cc3)cc2oc1=O,IC50,1,single-target,0,314.26800000000003,3.2093000000000016,76.74000000000001,1,4,4,3,3,23,0.0588235294117647,0,1
CHEMBL4645659,13.068018,5.8061295,COc1ccc(CCC(=O)Nc2nc(-c3cc4ccccc4oc3=O)cs2)cc1OC,IC50,1,single-target,0,436.4890000000002,4.505000000000004,90.66,1,7,7,4,4,31,0.1739130434782608,0,1
CHEMBL142738,3.1513567,3.7498589,Cc1c(C)c2ccc(NC(=O)c3ccccc3)cc2oc1=O,IC50,3,multi-target,0,293.32200000000006,3.6621400000000017,59.31,1,3,2,3,3,22,0.1111111111111111,0,1
CHEMBL4077748,4.714701,-5.6220903,O=c1oc2ccc(F)c(F)c2cc1CO[C@H]1[C@@H](O)[C@@H](CO)O[C@@H](SS[C@@H]2O[C@H](CO)[C@H](O)[C@H](OCc3cc4c(F)c(F)ccc4oc3=O)[C@H]2O)[C@@H]1O,Kd,2,multi-target,0,778.7040000000002,1.1857999999999989,218.72,6,16,11,6,4,52,0.4375,3,0
CHEMBL3394527,4.644131,2.6626167,COc1ccc(/C=N/c2ccc3c(C)cc(=O)oc3c2)c(O)c1,IC50,1,single-target,0,309.321,3.566220000000002,72.03,1,5,3,3,3,23,0.1111111111111111,0,1
CHEMBL1835223,11.272932,4.899659,COc1ccc2oc(=O)c(-c3cccc(C)c3)cc2c1,IC50,1,single-target,0,266.296,3.777020000000003,39.44,0,3,2,3,3,20,0.1176470588235294,0,1
CHEMBL4161973,5.382298,9.391067,O=c1oc2ccccc2c(Nc2ccc(OCCN3CCCCC3)cc2)c1-c1ccc(F)cc1,IC50,1,single-target,0,458.5330000000002,6.207400000000005,54.71,1,5,7,5,4,34,0.25,1,0
CHEMBL1080003,4.2976537,3.0201359,COc1ccc2c(C(F)(F)F)c(CC(=O)O)c(=O)oc2c1,IC50,1,single-target,0,302.204,2.4475,76.74000000000001,1,4,3,2,2,21,0.2307692307692307,0,1
CHEMBL4170100,7.6230874,14.635166,O=c1oc2cc(O)ccc2c(Oc2ccc(OCCN3CCCC3)cc2)c1-c1ccc(O)cc1,IC50,1,single-target,0,459.4980000000003,5.138100000000005,92.37,2,7,7,5,4,34,0.2222222222222222,1,0
CHEMBL4159985,17.841976,12.866711,O=C(CCCCC1CCSS1)NCc1cn(CCCCOc2ccc3cc(-c4ccc(Cl)c(Cl)c4)c(=O)oc3c2)nn1,IC50,1,single-target,0,647.6500000000003,7.547800000000007,99.25,1,9,14,5,4,42,0.4,2,0
CHEMBL4740246,6.466943,4.4184704,Cc1cc(=O)oc2c(CN(C)C)c(O)c(O)cc12,IC50,1,single-target,0,249.266,1.5742199999999995,73.91000000000001,2,5,2,2,2,18,0.3076923076923077,0,1
CHEMBL2177262,-1.5288333,5.849687,CCCCCc1cc(O)c2cc(Cc3cccc(Cl)c3)c(=O)oc2c1,Ki,2,multi-target,0,356.84900000000005,5.475500000000005,50.44,1,3,6,3,3,25,0.2857142857142857,1,0
CHEMBL409740,7.0130863,8.734164,C/C=C/C(c1c(O)c2ccccc2oc1=O)c1c(O)c2ccccc2oc1=O,IC50,1,single-target,0,376.3640000000001,4.018600000000002,100.88,2,6,3,4,4,28,0.0909090909090909,0,1
CHEMBL2326070,14.161286,2.635769,C[C@]12CC[C@@H]3c4ccc(O)cc4C[C@@H](CCCCc4cn(-c5cc6ccc(O)cc6oc5=O)nn4)[C@H]3[C@@H]1CC[C@@H]2O,IC50,2,multi-target,0,555.6750000000002,5.641000000000008,121.61,3,8,6,7,4,41,0.4848484848484848,2,0
CHEMBL175510,3.2795887,8.9562435,COc1ccc2oc(=O)cc(N3CCOCC3)c2c1,IC50,1,single-target,0,261.277,1.6382,51.91,0,5,2,3,2,19,0.3571428571428571,0,1
CHEMBL1777844,10.394851,4.279508,CCOc1cccc2cc(-c3ccc(OC)cc3)c(=O)oc12,Ki,1,single-target,0,296.322,3.867300000000003,48.67,0,4,4,3,3,22,0.1666666666666666,0,1
CHEMBL390320,8.1213665,1.223405,COc1cc2oc(=O)ccc2cc1O,Ki,8,multi-target,1,192.17,1.5071999999999997,59.67,1,4,1,2,2,14,0.1,0,1
CHEMBL1777846,10.562752,4.6357613,O=c1oc2c(O)cccc2cc1-c1ccccc1,Ki,3,multi-target,0,238.242,3.165600000000002,50.44,1,3,1,3,3,18,0.0,0,1
CHEMBL1761758,11.627161,4.9399447,O=c1oc2ccccc2cc1-c1ccsc1,IC50,1,single-target,0,228.272,3.5215000000000014,30.21,0,3,1,3,3,16,0.0,0,1
CHEMBL1688917,8.601843,10.848934,O=c1cc(C(c2ccc(Cl)cc2)n2ccnc2)c2ccc(Oc3ccccc3)cc2o1,IC50,1,single-target,0,428.87500000000017,6.072900000000003,57.260000000000005,0,5,5,5,5,31,0.04,1,0
CHEMBL315046,12.923412,3.2481668,NC(=O)C(Cc1c[nH]c2ccccc12)N(N)C(=O)C(CCCc1ccccc1)CP(=O)(O)C(Cc1ccccc1)NC(=O)c1cc2cc(Cl)cc(Cl)c2oc1=O,Ki,5,multi-target,1,816.6790000000002,6.588100000000006,201.82,5,7,16,6,6,56,0.2195121951219512,2,0
CHEMBL204118,6.3825245,6.008455,CC/C=C/c1cc2c(cc1Br)c(=O)oc1c(C)c(O)ccc12,IC50,2,multi-target,0,359.2190000000001,5.145920000000004,50.44,1,3,2,3,3,22,0.1666666666666666,1,0
CHEMBL4858438,11.516146,2.0012891,CC(=O)c1cc2c(C)c3c(c(C)c2oc1=O)CC[C@@](C)(CC/C=C(\C)CC/C=C(\C)CCC=C(CO)CO)O3,IC50,1,single-target,0,536.7090000000005,6.84034000000001,96.97,2,6,12,3,2,39,0.5151515151515151,2,0
CHEMBL4856069,12.04004,2.915817,O=C(O)c1cc2c(oc1=O)c(-c1ccccc1)cc1cc(C(=O)O)c(=O)oc12,IC50,1,single-target,0,378.29200000000014,2.962800000000001,135.01999999999998,2,6,3,4,4,28,0.0,0,1
CHEMBL478728,7.1433053,8.719773,CCOC(=O)C(C(C)=O)C(c1cccc([N+](=O)[O-])c1)c1c(O)c2ccccc2oc1=O,IC50,1,single-target,0,425.3930000000002,3.307000000000002,136.95000000000002,1,8,7,3,3,31,0.2272727272727272,0,1
CHEMBL471249,-1.1076484,5.846942,COc1ccc(Cc2cc3c(OC)cc(C)cc3oc2=O)cc1,Ki,2,multi-target,0,310.34900000000005,3.7094200000000015,48.67,0,4,4,3,3,23,0.2105263157894736,0,1
CHEMBL3975024,1.6355014,-1.3937318,O=C(CCCOc1c2ccoc2cc2oc(=O)ccc12)c1ccccc1,EC50,1,single-target,0,348.35400000000004,4.581100000000004,69.65,0,5,6,4,4,26,0.1428571428571428,0,1
CHEMBL4128872,15.31607,-0.7846628,COc1cccc2cc(-c3csc(NC(=S)Nc4ccc(Cl)cc4)n3)c(=O)oc12,IC50,1,single-target,0,443.9370000000002,5.387400000000002,76.39,2,6,4,4,4,29,0.05,1,0
CHEMBL475885,6.6260147,2.2505257,O=C1CCCCC1Oc1ccc2ccc(=O)oc2c1,IC50,1,single-target,0,258.273,2.6835000000000004,56.510000000000005,0,4,2,3,2,19,0.3333333333333333,0,1
CHEMBL3427501,6.1729336,11.597489,CCOc1ccc2c(Oc3ccc(/C=C/C(=O)O)cc3)c(-c3ccc(OC(F)(F)F)cc3C)c(=O)oc2c1,IC50,1,single-target,0,526.4630000000002,6.955820000000004,95.2,1,6,8,4,4,38,0.1428571428571428,2,0
CHEMBL4285154,7.573354,-0.49211022,Cc1nccn1CCCCCCOc1ccc2ccc(=O)oc2c1,IC50,1,single-target,0,326.3960000000001,3.9373200000000033,57.260000000000005,0,5,8,3,3,24,0.3684210526315789,0,1
CHEMBL1491400,12.71495,1.2679558,O=C(Nc1cccnc1)c1cc2cc(Br)ccc2oc1=O,IC50,1,single-target,0,345.15200000000004,3.2028000000000016,72.2,1,4,2,3,3,21,0.0,0,1
CHEMBL197036,11.518753,4.088314,O=C(O)/C=C/c1ccc(Oc2cc3cc(O)c(O)cc3oc2=O)c(O)c1,IC50,1,single-target,0,356.2860000000001,2.799900000000002,137.43,4,7,4,3,3,26,0.0,0,1
CHEMBL4516296,8.528082,-0.98329186,O=c1ccc2cc(/N=C/c3ccc(Br)cc3)ccc2o1,IC50,1,single-target,0,328.1650000000001,4.3061000000000025,42.57,0,3,2,3,3,20,0.0,0,1
CHEMBL5404645,5.613768,6.6822357,O=c1oc2cc(O)c(O)cc2c2c3c4cc(O)c(O)cc4oc(=O)c3n(CCc3ccc(O)c(O)c3)c12,IC50,2,multi-target,0,503.41900000000027,3.4836000000000027,186.73,6,11,3,6,6,37,0.0769230769230769,3,0
CHEMBL4642196,5.164129,-3.5694911,COc1ccc2c(C)c(CC(=O)Nc3ccc(CCN4CCc5cc(OC)c(OC)cc5C4)cc3)c(=O)oc2c1,IC50,1,single-target,0,542.6320000000003,4.909220000000005,90.24,1,7,9,5,4,40,0.3125,1,0
CHEMBL4782231,14.003629,1.1460034,O=C(N/N=C(\CS(=O)(=O)c1ccccc1)c1cc2cc(Br)ccc2oc1=O)c1ccccc1,Ki,2,multi-target,0,525.3800000000002,4.163500000000003,105.81,1,6,6,4,4,33,0.0416666666666666,1,0
CHEMBL104679,4.602257,2.4405215,O=c1cc(C(F)(F)F)c2ccc(O)cc2o1,IC50,1,single-target,0,230.141,2.5174000000000003,50.44,1,3,0,2,2,16,0.1,0,1
CHEMBL4128622,3.8578353,-2.8416898,CC(=O)c1c(OCCCCN2CCN(c3ccncc3)CC2)ccc2c(C)cc(=O)oc12,Ki,1,single-target,0,435.5240000000002,3.680220000000003,75.88,0,7,8,4,3,32,0.4,0,1
CHEMBL1442175,6.365692,4.460431,CCN1CCN(Cc2c(O)ccc3c(C)cc(=O)oc23)CC1,AC50,1,single-target,0,302.37400000000014,1.94452,56.92,1,5,3,3,2,22,0.4705882352941176,0,1
CHEMBL2314723,13.218216,3.9371333,CN(CCC(=O)Nc1cc2ccccc2oc1=O)Cc1ccccc1,IC50,1,single-target,0,336.3910000000001,3.2536000000000023,62.55,1,4,6,3,3,25,0.2,0,1
CHEMBL3120686,4.487041,-1.7700254,O=c1oc2cc(OCCCCN3CCN(c4nsc5ccccc45)CC3)ccc2c2c1CCC2,Ki,3,multi-target,0,475.6140000000003,4.872600000000005,58.81,0,7,7,6,4,34,0.4074074074074074,0,1
CHEMBL4753776,16.443447,4.762647,O=c1cc(OCCCCn2cc(COn3nnc4ccccc43)nn2)c2ccccc2o1,IC50,1,single-target,0,432.4400000000001,2.6172000000000004,110.09,0,10,9,5,5,32,0.2272727272727272,0,1
CHEMBL4788760,1.8250262,3.8966868,C[C@@H](Oc1ccc2c(c1)oc(=O)c1ccccc12)C(=O)c1ccccc1,Ki,1,single-target,0,344.36600000000004,4.596400000000003,56.51,0,4,4,4,4,26,0.0909090909090909,0,1
CHEMBL48194,4.5357194,-1.3721472,COc1cc(=O)oc2cc(OCCCN3CCN(c4ccccc4)CC3)ccc12,Ki,3,multi-target,0,394.47100000000006,3.3927000000000023,55.150000000000006,0,6,7,4,3,29,0.3478260869565217,0,1
CHEMBL415289,1.0261397,-3.223774,CC1CCNc2cc3oc(=O)cc(C(F)(F)F)c3cc21,IC50,2,multi-target,0,283.249,3.7309000000000023,42.24,1,3,0,3,2,20,0.3571428571428571,0,1
CHEMBL3265268,5.9344316,-8.410634,O=c1oc2c(C3OCCCO3)c(O)ccc2c2c1CNCC2,IC50,1,single-target,0,303.3140000000001,1.5798,80.93,2,6,1,4,2,22,0.4375,0,1
CHEMBL3121774,10.701012,0.4460629,C#CCCOc1ccc2cc(C(=O)OC)c(=O)oc2c1,IC50,2,multi-target,0,272.256,1.9817,65.74000000000001,0,5,4,2,2,20,0.2,0,1
CHEMBL1422657,20.180365,2.224168,COc1ccc(C(CC(=O)N2CCCCC2)c2c(OC)cc(OC)c3c(-c4ccccc4)cc(=O)oc23)cc1,IC50,5,multi-target,1,527.6170000000003,6.020300000000006,78.21,0,6,8,5,4,39,0.3125,2,0
CHEMBL1934675,6.796042,7.972243,COc1ccc(-c2c(O)c3ccccc3oc2=O)cc1Cl,IC50,1,single-target,0,302.713,3.827600000000001,59.67,1,4,2,3,3,21,0.0625,0,1
CHEMBL2322273,3.8545663,6.773974,Cc1oc2c(C)c3oc(=O)c(CC(=O)Nc4ccc(C(=O)O)cc4)c(C)c3cc2c1C,EC50,1,single-target,0,419.4330000000002,4.652280000000004,109.75,2,5,4,4,4,31,0.2083333333333333,0,1
CHEMBL504356,7.0818934,1.8533334,COc1c2occc2cc2cc(N)c(=O)oc12,IC50,2,multi-target,0,231.20699999999997,2.1300000000000003,78.60000000000001,1,5,1,3,3,17,0.0833333333333333,0,1
CHEMBL1299389,-1.2057799,-5.768414,Cc1nn(-c2ccccc2)c(Cl)c1C1C(C#N)=C(N)Oc2c1c(=O)oc1ccccc21,EC50,1,single-target,0,430.85100000000017,4.158700000000002,107.07,1,7,2,5,4,31,0.0869565217391304,0,1
CHEMBL4782774,16.402683,4.8756313,O=c1ccc2ccc(OCCCn3cc(COn4nnc5ccccc54)nn3)cc2o1,IC50,1,single-target,0,418.41300000000007,2.2271,110.09,0,10,8,5,5,31,0.1904761904761904,0,1
CHEMBL560919,5.123524,6.056354,Cc1c(Cc2ccccc2)c(=O)oc2c(O)c(O)ccc12,IC50,5,multi-target,1,282.295,3.1034200000000025,70.67,2,4,2,3,3,21,0.1176470588235294,0,1
CHEMBL1415985,4.6164474,1.4813573,O=C(CN1C(=O)NC2(CCCCC2)C1=O)Oc1ccc2c(C(F)(F)F)cc(=O)oc2c1,IC50,5,multi-target,1,438.35800000000006,2.971900000000001,105.92,1,6,3,4,2,31,0.4,0,1
CHEMBL5523396,13.105878,5.8375916,COc1cc(OC)cc(C(=O)NNc2nc(-c3cc4ccccc4oc3=O)cs2)c1,Ki,2,multi-target,0,423.45000000000016,3.6906000000000017,102.69,2,8,6,4,4,30,0.0952380952380952,0,1
CHEMBL5560935,13.420215,1.5694567,COC(=O)C(CCSC)NC(=O)CCNC(=O)c1cc2ccccc2oc1=O,IC50,1,single-target,0,406.46000000000015,1.3238,114.71,2,7,9,2,2,28,0.3684210526315789,0,1
CHEMBL4757941,8.800794,-0.2216888,COc1ccc(/C=C/C(=O)Nc2ccc3oc(=O)ccc3c2)c(OC)c1,Ki,2,multi-target,0,351.35800000000006,3.4621000000000013,77.77,1,5,5,3,3,26,0.1,0,1
CHEMBL4542923,15.998249,4.920199,Cc1cc(=O)oc2cc(OCc3cn(CCCCCCCCCCCCOc4ccc5ccc(=O)oc5c4)nn3)ccc12,Ki,2,multi-target,0,585.7010000000004,7.358320000000009,109.59,0,9,17,5,5,43,0.4117647058823529,2,0
CHEMBL4760818,11.721301,4.447082,O=c1oc2cc(O)ccc2cc1-c1cccc(Cl)c1,IC50,1,single-target,0,272.687,3.8190000000000017,50.44,1,3,1,3,3,19,0.0,0,1
CHEMBL4589730,11.720702,7.8610497,COc1ccccc1C1CC(c2cc3ccccc3oc2=O)=NN1C(C)=O,IC50,1,single-target,0,362.3850000000001,3.499200000000002,72.11,0,5,3,4,3,27,0.1904761904761904,0,1
CHEMBL3094131,2.6502128,1.2102333,CNCc1cc(=O)oc2cc(OCc3cccc(Br)c3)ccc12,IC50,1,single-target,0,374.234,3.853900000000002,51.47,1,4,5,3,3,23,0.1666666666666666,0,1
CHEMBL4778031,8.8355875,-0.20778565,COc1ccc(/C=C/C(=O)Nc2ccc3oc(=O)ccc3c2)cc1OC,Ki,2,multi-target,0,351.35800000000006,3.462100000000002,77.77,1,5,5,3,3,26,0.1,0,1
CHEMBL5591353,15.9808445,4.2707605,Cc1cc(C)nc(NS(=O)(=O)c2ccc(-n3cc(COc4cc(OCc5cn(-c6ccc(S(=O)(=O)Nc7nc(C)cc(C)n7)cc6)nn5)c5c(-c6ccccc6)cc(=O)oc5c4)nn3)cc2)n1,IC50,1,single-target,0,939.0089999999998,6.194680000000005,253.9899999999999,2,18,15,9,9,67,0.1333333333333333,3,0
CHEMBL5174814,12.638297,0.48242244,Cc1ccc2oc(=O)c(NC(=O)c3ccccc3)cc2c1,Ki,1,single-target,0,279.295,3.353720000000002,59.31,1,3,2,3,3,21,0.0588235294117647,0,1
CHEMBL570349,6.1967344,8.019143,Cc1cc2oc(=O)c(Cc3ccc4ccccc4c3)c(O)c2cc1C,IC50,1,single-target,0,330.3830000000001,4.859440000000004,50.44,1,3,2,4,4,25,0.1363636363636363,0,1
CHEMBL1303941,12.257492,1.2188996,COc1ccc2oc(=O)c(C(=O)Oc3ccc(NC(C)=O)cc3)cc2c1,AC50,2,multi-target,0,353.3300000000001,2.9792000000000014,94.84,1,6,4,3,3,26,0.1052631578947368,0,1
CHEMBL4788526,7.302156,3.7757132,CCN(c1ccc(C(=O)O)cn1)c1cc(OCC(C)C)c(C(C)C)cc1NC(=O)c1cc2cc3c4c(c2oc1=O)CCCN4CCC3,Kd,1,single-target,0,638.7649999999999,7.153500000000008,125.21000000000002,2,8,10,6,4,47,0.4054054054054054,2,0
CHEMBL5208477,8.164198,1.2896782,COc1cc2oc(=O)ccc2cc1CC(=O)C(C)C,EC50,1,single-target,0,260.289,2.5692000000000004,56.51,0,4,4,2,2,19,0.3333333333333333,0,1
CHEMBL1409292,4.0988626,2.7995868,COc1ccc2c(CC(=O)NCC3CCC(C(=O)O)CC3)cc(=O)oc2c1,AC50,3,multi-target,0,373.40500000000014,2.3513,105.84,2,5,6,3,2,27,0.45,0,1
CHEMBL5778911,8.752774,0.011807995,CC1Cc2cc3oc(=O)ccc3cc2C(c2c(F)cc(/C=C/C(=O)O)cc2F)N1CC(C)(C)F,IC50,1,single-target,0,471.4750000000002,5.253100000000005,70.75,1,4,5,4,3,34,0.3076923076923077,1,0
CHEMBL91457,6.39302,8.588244,O=c1oc2ccccc2c(O)c1CCCOC1CCCCC1,IC50,1,single-target,0,302.37000000000006,3.780500000000002,59.67,1,4,5,3,2,22,0.5,0,1
CHEMBL5574665,2.3185604,6.9827013,Cc1cc(OCc2cccc(Br)c2)cc2oc(=O)c(CC(=O)O)c(C)c12,IC50,1,single-target,0,417.2550000000003,4.378440000000003,76.74,1,4,5,3,3,26,0.2,0,1
CHEMBL1688891,8.898622,11.144594,O=c1cc(Cn2ccnc2)c2ccc(OCc3cccc(F)c3)cc2o1,IC50,3,multi-target,0,350.34900000000005,3.755900000000002,57.260000000000005,0,5,5,4,4,26,0.1,0,1
CHEMBL4792023,-3.9770646,-0.48704845,COc1ccc(S(=O)(=O)N(CC(C)C)C[C@@H](O)[C@H](Cc2ccccc2)NC(=O)Cc2cc(=O)oc3cc(N(C)C)ccc23)cc1,IC50,2,multi-target,0,635.7830000000001,3.8454000000000015,129.39,2,8,14,4,4,45,0.3529411764705882,1,0
CHEMBL1409167,2.398799,3.383079,CC(=O)COc1ccc2c(C)c(C)c(=O)oc2c1,AC50,3,multi-target,0,246.26199999999997,2.3776400000000004,56.510000000000005,0,4,3,2,2,18,0.2857142857142857,0,1
CHEMBL263086,14.387297,18.337626,CCCc1cc(=O)oc2c3c(c4c(c12)OC(C)(C)C=C4)O[C@H](C)[C@H](C)[C@@H]3O,IC50,1,single-target,0,370.4450000000001,4.380100000000005,68.9,1,5,2,4,2,27,0.5,0,1
CHEMBL3586584,8.861837,0.41033888,CN(C)Cc1cccc(COc2ccc3ccc(=O)oc3c2)c1,IC50,3,multi-target,0,309.365,3.433600000000002,42.68,0,4,5,3,3,23,0.2105263157894736,0,1
CHEMBL4798607,-4.085397,-0.59304774,COc1ccc(S(=O)(=O)N(CC(C)C)C[C@@H](O)[C@H](Cc2ccccc2)NC(=O)c2cc3ccccc3oc2=O)cc1,IC50,2,multi-target,0,578.6870000000002,3.850500000000002,126.15,2,7,12,4,4,41,0.2903225806451613,1,0
CHEMBL2391489,1.5339817,15.697537,Cc1cc(=O)oc2cc(OCCCCCN3CCN(CC(=O)Nc4c5c(nc6ccccc46)CCCC5)CC3)ccc12,IC50,2,multi-target,0,568.7180000000002,5.333820000000006,87.91,1,7,10,6,4,42,0.4411764705882353,2,0
CHEMBL2391475,1.518177,15.701486,COc1cc(=O)oc2cc(OCCCCN3CCN(CC(=O)Nc4c5c(nc6ccccc46)CCCC5)CC3)ccc12,IC50,2,multi-target,0,570.6900000000002,4.643900000000004,97.14,1,8,10,6,4,42,0.4242424242424242,1,0
CHEMBL4289320,7.8276677,2.335897,CC(C)C(=O)OC(C)(C)[C@@H]1Cc2c(ccc3ccc(=O)oc23)O1,IC50,1,single-target,0,316.35300000000007,3.074300000000002,65.74000000000001,0,5,3,3,2,23,0.4444444444444444,0,1
CHEMBL3264724,7.1471934,8.447101,COc1cc(C(c2c(O)c3cc(Cl)ccc3oc2=O)c2c(O)c3cc(Cl)ccc3oc2=O)ccc1O,IC50,1,single-target,0,527.3120000000002,5.5118000000000045,130.34,3,8,4,5,5,36,0.0769230769230769,2,0
CHEMBL2387233,3.5659115,-1.7361369,Cc1c(C)c2ccc(OCCCCN3CCC(c4noc5cc(F)ccc45)CC3)c(C)c2oc1=O,Ki,3,multi-target,0,478.56400000000025,6.037160000000006,68.71000000000001,0,6,7,5,4,35,0.4285714285714285,1,0
CHEMBL2442510,11.196103,2.3414607,CN(C)c1ccc2cc(C(=O)O)c(=O)oc2c1,IC50,1,single-target,0,233.223,1.5572,70.75,1,4,2,2,2,17,0.1666666666666666,0,1
CHEMBL5413436,6.2934446,-2.159564,O=c1cc(OCCCN2CCC(NCc3ccc(F)cc3)CC2)c2ccc(-c3cccnc3)cc2o1,IC50,1,single-target,0,487.5750000000003,5.017200000000004,67.6,1,6,9,5,4,36,0.3103448275862069,1,0
CHEMBL5558907,13.310125,11.632827,CC(=O)OC[C@H]1O[C@@H](n2c(-c3ccccc3)cs/c2=N\N=C\c2cc(=O)oc3cc(OCCC(C)C)ccc23)[C@H](OC(C)=O)[C@@H](OC(C)=O)[C@@H]1OC(C)=O,IC50,2,multi-target,0,763.8220000000003,4.938300000000004,183.52,0,16,13,5,4,54,0.3947368421052631,2,0
CHEMBL5440364,6.263899,-2.0827951,O=c1cc(OCCCN2CCC(NCc3ccccc3)CC2)c2ccc(-c3ccncc3)cc2o1,IC50,1,single-target,0,469.58500000000026,4.878100000000003,67.6,1,6,9,5,4,35,0.3103448275862069,0,1
CHEMBL1938471,6.334179,2.101849,Cc1cc(=O)oc2cc(O[C@@H]3OC[C@@H](O)[C@H](O)[C@H]3O)ccc12,Ki,3,multi-target,0,308.286,-0.0807800000000004,109.36,3,7,2,3,2,22,0.4,0,1
CHEMBL5413089,6.232449,-2.0090506,O=C(Nc1cc(-c2ccc3c(OCCCN4CCC(NCc5ccccc5)CC4)cc(=O)oc3c2)ccn1)C1CC1,IC50,2,multi-target,0,552.6750000000001,5.226600000000005,96.7,2,7,11,6,4,41,0.3636363636363636,2,0
CHEMBL5219785,23.547253,-6.7520914,COc1cc(/C=C/C(=O)OCCCN(CCCCCOC(=O)c2cc(OC)c(OC)c(OC)c2)CCCOc2ccc3ccc(=O)oc3c2)cc(OC)c1OC,Ki,2,multi-target,0,777.8640000000001,6.589500000000007,150.65999999999997,0,14,24,4,4,56,0.4047619047619047,3,0
CHEMBL460782,1.3825593,4.3716717,CC(Oc1cc(OC(C)C(=O)O)c2c(c1)oc(=O)c1ccccc12)C(=O)O,IC50,1,single-target,0,372.32900000000006,2.6500000000000004,123.27,2,6,6,3,3,27,0.2105263157894736,0,1
CHEMBL2387249,3.5192719,-1.6661419,O=c1ccc2ccc(OCCCCN3CCC(c4noc5cc(F)ccc45)CC3)cc2o1,Ki,3,multi-target,0,436.4830000000002,5.111900000000005,68.71000000000001,0,6,7,5,4,32,0.36,1,0
CHEMBL4445907,8.600176,-0.29594547,O=C(CNc1ccc2oc(=O)ccc2c1)c1ccccc1,IC50,1,single-target,0,279.295,3.087800000000001,59.31,1,4,4,3,3,21,0.0588235294117647,0,1
CHEMBL5413752,15.667067,2.1473827,COc1cc(COc2ccc3cc(CN(c4cc(-c5cc(OC6CCOCC6)c6ncnc(C)c6c5)cnc4OC)S(=O)(=O)c4ccc(F)cc4F)c(=O)oc3c2)c([N+](=O)[O-])cc1OC,IC50,1,single-target,0,911.8930000000004,7.851120000000008,204.77999999999997,0,15,15,8,7,65,0.2444444444444444,3,0
CHEMBL2391486,1.5314533,15.70018,Cc1cc(=O)oc2cc(OCCN3CCN(CC(=O)Nc4c5c(nc6ccccc46)CCCC5)CC3)ccc12,IC50,3,multi-target,0,526.6370000000003,4.163520000000004,87.91,1,7,7,6,4,39,0.3870967741935484,1,0
CHEMBL3601509,5.799442,3.4581087,Cc1cc2c(ccc3c(C(F)(F)F)cc(=O)oc32)o1,Ki,3,multi-target,0,268.18999999999994,3.8664200000000015,43.35,0,3,0,3,3,19,0.1538461538461538,0,1
CHEMBL2376891,12.689727,0.32659975,O=C(Nc1cc2ccccc2oc1=O)Oc1ccccc1,IC50,1,single-target,0,281.26699999999994,3.403900000000002,68.54,1,4,2,3,3,21,0.0,0,1
CHEMBL4285576,12.868175,9.432755,Cc1cc(OCCCCN2CCOCC2)c2c(C)cc(=O)oc2c1,Ki,1,single-target,0,331.41200000000003,2.901040000000001,51.91,0,5,6,3,2,24,0.5263157894736842,0,1
CHEMBL2376890,12.675273,0.30274877,O=C(Nc1cc2ccccc2oc1=O)OCCBr,IC50,1,single-target,0,312.1189999999999,2.7364000000000006,68.54,1,4,3,2,2,18,0.1666666666666666,0,1
CHEMBL3400285,11.250632,14.39083,Cc1c(Cc2cccc(NS(=O)(=O)CCCCl)c2)c(=O)oc2cc(OC(=O)N(C)C)ccc12,IC50,1,single-target,0,492.9810000000002,4.123220000000003,105.92,1,6,8,3,3,33,0.3043478260869565,0,1
CHEMBL4573104,2.3817277,6.922784,Cc1cccc(COc2ccc3c(C)c(CC(=O)O)c(=O)oc3c2C)c1,IC50,1,single-target,0,352.38600000000014,3.9243600000000023,76.74000000000001,1,4,5,3,3,26,0.238095238095238,0,1
CHEMBL3623673,15.918833,4.371496,Cc1cc(=O)oc2cc(-n3cc(COc4ccc5ccc(=O)oc5c4)nn3)ccc12,Ki,2,multi-target,0,401.3780000000001,3.3675200000000016,100.36,0,8,4,5,5,30,0.0909090909090909,0,1
CHEMBL3121868,10.694706,0.44554612,C#CCOc1ccc2cc(C(=O)OC)c(=O)oc2c1,IC50,2,multi-target,0,258.2289999999999,1.5916,65.74000000000001,0,5,3,2,2,19,0.1428571428571428,0,1
CHEMBL5563491,2.3241625,6.981987,Cc1c(CC(=O)O)c(=O)oc2c(F)c(OCc3cccc(C(F)F)c3)ccc12,IC50,1,single-target,0,392.329,4.384220000000003,76.74,1,4,6,3,3,28,0.2,0,1
CHEMBL3747027,-6.6300535,8.494289,Cc1cc(=O)oc2c1ccc1oc(=N)c(C(=O)Nc3ccccc3[N+](=O)[O-])cc12,IC50,1,single-target,0,391.3390000000001,3.4875900000000017,139.44000000000003,2,7,3,4,4,29,0.05,0,1
CHEMBL77650,7.5241823,2.6245694,C=CCc1c(O)ccc2ccc(=O)oc12,IC50,1,single-target,0,202.20899999999995,2.2271,50.44,1,3,2,2,2,15,0.0833333333333333,0,1
CHEMBL182782,6.615013,7.439759,Nc1ccc2c(c1)c(=O)oc1ccc(CBr)cc12,IC50,1,single-target,0,304.143,3.423300000000001,56.23,1,3,1,3,3,18,0.0714285714285714,0,1
CHEMBL4126788,3.8628283,-2.836744,CC(=O)c1c(OCCCN2CCN(c3ccncc3)CC2)ccc2c(C)cc(=O)oc12,Ki,2,multi-target,0,421.4970000000002,3.2901200000000017,75.88,0,7,7,4,3,31,0.375,0,1
CHEMBL1536252,6.361896,4.9678063,CCc1c(C)c2ccc(O)c(CN(C)C)c2oc1=O,IC50,1,single-target,0,261.321,2.431020000000001,53.68,1,4,3,2,2,19,0.4,0,1
CHEMBL4644661,2.9321697,-7.008996,Cc1cn([C@H]2C[C@H](n3cc(COc4ccc5ccc(=O)oc5c4)nn3)[C@@H](CO)O2)c(=O)[nH]c1=O,Ki,5,multi-target,1,467.4380000000002,0.6430199999999994,154.47,2,11,6,5,4,34,0.3181818181818182,1,0
CHEMBL4435544,0.7544598,15.478896,O=c1ccc2ccc(OCCCCCCCn3cc(CNc4c5c(nc6ccccc46)CCCC5)nn3)cc2o1,IC50,2,multi-target,0,537.6640000000003,6.453100000000006,95.07,1,8,12,6,5,40,0.375,2,0
CHEMBL416615,6.574007,6.0248055,O=C1OCC2OC(O)C(O)C(O)C2OC(=O)c2cc(O)c(O)c(O)c2-c2c(O)c(O)c3oc(=O)c4c(c(O)c(O)c5oc(=O)c2c3c54)-c2c1cc(O)c(O)c2O,IC50,1,single-target,0,782.5280000000004,0.0151999999999999,385.24,13,22,0,8,6,56,0.1764705882352941,3,0
CHEMBL1480877,3.040279,2.1380193,Cc1cc(=O)oc2cc(OCc3ccc(C(=O)OCC(=O)Nc4ccc(N(C)C)cc4)cc3)ccc12,IC50,1,single-target,0,486.52400000000017,4.541920000000004,98.08,1,7,8,4,4,36,0.1785714285714285,0,1
CHEMBL1341687,10.792019,5.354311,Cc1c(C#N)c(=O)oc2ccc3ccccc3c12,AC50,2,multi-target,0,235.242,3.1263000000000014,54.0,0,3,0,3,3,18,0.0666666666666666,0,1
CHEMBL5079200,4.579944,1.4856328,Cc1cccc(COc2ccc3c(C(F)(F)F)cc(=O)oc3c2)c1,IC50,1,single-target,0,334.29300000000006,4.699220000000003,39.44,0,3,3,3,3,24,0.1666666666666666,0,1
CHEMBL576081,6.139585,8.015106,O=c1oc2c3c(ccc2c(O)c1Cc1ccccc1)CCCC3,IC50,1,single-target,0,306.36100000000016,3.968200000000002,50.44,1,3,2,4,3,23,0.25,0,1
CHEMBL1927205,10.242408,5.369988,COc1ccc2oc(=O)c(-c3cn(-c4cccc(C(=O)O)c4)c(=S)[nH]3)cc2c1,IC50,1,single-target,0,394.4080000000001,4.0150900000000025,97.46,2,6,4,4,4,28,0.05,0,1
CHEMBL142916,2.0016663,3.2852914,Cc1c(C)c2cc(O)c(OCc3ccccc3)cc2oc1=O,IC50,3,multi-target,0,296.32200000000006,3.694440000000002,59.67,1,4,3,3,3,22,0.1666666666666666,0,1
CHEMBL5219081,23.608627,-6.8138566,COc1cc(/C=C/C(=O)OCCCCCN(CCCOC(=O)/C=C/c2cc(OC)c(OC)c(OC)c2)CCCOc2ccc3ccc(=O)oc3c2)cc(OC)c1OC,Ki,2,multi-target,0,803.9019999999999,6.9891000000000085,150.65999999999997,0,14,25,4,4,58,0.3863636363636363,3,0
CHEMBL1362441,3.6987066,1.9908267,COc1ccc([N+](=O)[O-])cc1COc1ccc2c(-c3ccccc3)cc(=O)oc2c1,AC50,2,multi-target,0,403.3900000000001,4.955800000000004,91.81000000000002,0,6,6,4,4,30,0.0869565217391304,0,1
CHEMBL5404959,5.6528463,4.726054,Cc1cc(=O)oc2c(NC(=O)c3ccc(Cl)c(Cl)c3)c(O)ccc12,IC50,2,multi-target,0,364.184,4.366120000000003,79.54,2,4,2,3,3,24,0.0588235294117647,0,1
CHEMBL3410701,13.271677,2.7001498,CCCCOc1cccc2cc(C(=O)NC3CCCC3)c(=O)oc12,EC50,1,single-target,0,329.39600000000013,3.644300000000002,68.53999999999999,1,4,6,3,2,24,0.4736842105263157,0,1
CHEMBL5289616,13.2789,2.6047153,CC(C)CC(NC(=O)c1cc2ccc(O)c(O)c2oc1=O)C(=O)Nc1cc2ccc(O)c(O)c2oc1=O,IC50,1,single-target,0,510.4550000000003,2.5050000000000017,199.54,6,10,6,4,4,37,0.2,2,0
CHEMBL239057,12.674608,2.7170608,CCOc1ccc(-c2c(C#N)c(N)nc(SCC(=O)c3cc4cc(Br)cc(Br)c4oc3=O)c2C#N)cc1,IC50,1,single-target,0,640.313,6.079260000000003,143.0,1,9,7,4,4,37,0.1153846153846153,2,0
CHEMBL267160,11.497931,4.4449134,COc1ccc(-c2cc3ccc(OCc4nn[nH]n4)cc3oc2=O)cc1,IC50,1,single-target,0,350.3340000000001,2.5607,103.13,1,7,5,4,4,26,0.1111111111111111,0,1
CHEMBL1830808,12.270413,2.4598968,CCOC(=O)c1cc2cccc(O)c2oc1=O,IC50,2,multi-target,0,234.207,1.6753000000000002,76.74000000000001,1,5,2,2,2,17,0.1666666666666666,0,1
CHEMBL5564961,6.4043694,4.4891415,C=CCN1CCN(Cc2c(O)ccc3c(C)cc(=O)oc23)CC1,Ki,1,single-target,0,314.38500000000016,2.11062,56.92,1,5,4,3,2,23,0.3888888888888889,0,1
CHEMBL4800460,11.64177,4.45172,COc1cccc(-c2cc3ccc(O)cc3oc2=O)c1,IC50,1,single-target,0,268.268,3.1742000000000017,59.67,1,4,2,3,3,20,0.0625,0,1
CHEMBL1594894,5.188233,9.640349,Nc1c(N2CCCC2)c2ccccc2oc1=O,IC50,1,single-target,0,230.267,1.9754,59.47,1,4,1,3,2,17,0.3076923076923077,0,1
CHEMBL5401769,11.473275,4.3367248,COc1ccc2nc(-c3cc4ccc(N5CCOCC5)cc4oc3=O)sc2c1,IC50,1,single-target,0,394.4520000000001,3.914900000000003,64.80000000000001,0,7,3,5,4,28,0.238095238095238,0,1
CHEMBL1209491,7.9174304,1.7326502,COc1cc2cc(Oc3ccc4ccc(=O)oc4c3)c(=O)oc2cc1O[C@@H]1O[C@H](CO)[C@@H](O)[C@H](O)[C@H]1O,IC50,1,single-target,0,514.4390000000003,0.879,178.26,4,12,6,5,4,37,0.28,2,0
CHEMBL4781566,7.21632,7.7855034,C/C(=N\Cc1cccnc1)c1c(O)c2ccccc2oc1=O,IC50,1,single-target,0,294.31000000000006,2.902800000000001,75.69,1,5,3,3,3,22,0.1176470588235294,0,1
CHEMBL120661,4.6399193,-1.4179059,Cc1c(C)c2ccc(OCCCN3CCN(c4ccccc4)CC3)cc2oc1=O,Ki,3,multi-target,0,392.49900000000014,4.000940000000004,45.92,0,5,6,4,3,29,0.375,0,1
CHEMBL5171780,3.8494625,5.940319,Cc1c(Cc2ccccc2)c(=O)oc2cc(OCC(=O)NC(CSCc3ccccc3)C(=O)O)ccc12,IC50,1,single-target,0,517.6030000000002,4.573820000000003,105.84,2,6,11,4,4,37,0.2068965517241379,1,0
CHEMBL4852666,13.162485,2.857858,O=C(O)c1cc(NC(=O)c2cc3cc([N+](=O)[O-])c(O)c(O)c3oc2=O)ccc1O,IC50,1,single-target,0,402.2710000000001,1.7685000000000004,200.44,5,9,4,3,3,29,0.0,0,1
CHEMBL4857772,12.144124,2.8251133,O=C(O)c1cc2c3ccccc3c3cc(C(=O)O)c(=O)oc3c2oc1=O,IC50,1,single-target,0,352.25400000000013,2.4490000000000007,135.01999999999998,2,6,2,4,4,26,0.0,0,1
CHEMBL3263996,11.254393,14.379651,CNS(=O)(=O)Nc1cc(Cc2c(C)c3ccc(OC(=O)N(C)C)cc3oc2=O)ccn1,IC50,2,multi-target,0,446.4850000000002,2.02372,130.83999999999995,2,7,6,3,3,31,0.25,0,1
CHEMBL3929427,9.527624,-1.9626249,CCn1c(C#N)ccc1-c1cc2c(C)cc(=O)oc2cc1OC,IC50,1,single-target,0,308.33700000000005,3.470100000000002,68.16,0,5,3,3,3,23,0.2222222222222222,0,1
CHEMBL599995,16.345705,-2.4086375,Cc1c(N2CCN(C(=O)Nc3ccc(OC(F)(F)F)cc3)CC2)c(=O)oc2cc(O)cc(O)c12,IC50,1,single-target,0,479.4110000000003,3.765320000000002,115.48000000000002,3,7,3,4,3,34,0.2727272727272727,0,1
CHEMBL3736247,11.170603,5.373867,Cc1ccc2oc(=O)c(-c3cccc(OCCCN(C)C)c3)cc2c1,IC50,2,multi-target,0,337.41900000000004,4.098920000000003,42.68,0,4,6,3,3,25,0.2857142857142857,0,1
CHEMBL5422259,8.225453,0.46943533,O=c1ccc2ccc(OC[C@@H](O)CNCC3COc4ccccc4O3)cc2o1,Kd,3,multi-target,0,383.4000000000001,1.9622999999999995,90.16,2,7,7,4,3,28,0.2857142857142857,0,1
CHEMBL2322250,3.8690805,6.8140955,Cc1c(CC(=O)Nc2ccc(C(=O)O)cc2)c(=O)oc2c(C)c3oc4c(c3cc12)CCCC4,EC50,1,single-target,0,445.4710000000004,4.914240000000003,109.75,2,5,4,5,4,33,0.2692307692307692,0,1
CHEMBL2322276,3.839444,6.68032,Cc1c(CC(=O)NC(Cc2ccccc2)C(=O)O)c(=O)oc2cc3oc4c(c3cc12)CCCC4,EC50,1,single-target,0,459.4980000000005,4.081020000000003,109.75,2,5,6,5,4,34,0.2962962962962963,0,1
CHEMBL4451401,5.7830057,-9.6593685,Cc1c(N2CCN(C)CC2)ccc2c3c(c(=O)oc12)CN(C(=O)c1ccc(NS(C)(=O)=O)cc1)CC3,IC50,1,single-target,0,510.6160000000003,2.4232200000000006,103.17,1,7,4,5,3,36,0.3846153846153846,1,0
CHEMBL5416897,5.612816,4.706581,Cc1cc(=O)oc2c(NC(=O)c3ccc([N+](=O)[O-])cc3)c(O)ccc12,IC50,2,multi-target,0,340.29100000000005,2.9675200000000004,122.68,2,6,3,3,3,25,0.0588235294117647,0,1
CHEMBL4534031,0.05490412,4.6695137,CCc1ccc(-c2coc3cc4oc(=O)c(-c5nsc(=O)o5)c(C)c4cc23)cc1,IC50,1,single-target,0,405.43100000000015,5.153720000000003,86.45,0,7,3,5,5,29,0.1363636363636363,1,0
CHEMBL3400287,11.277379,14.362574,Cc1c(Cc2cccc(N3CCCS3(=O)=O)c2)c(=O)oc2cc(OC(=O)N(C)C)ccc12,IC50,1,single-target,0,456.5200000000002,3.2925200000000023,97.13,0,6,4,4,3,32,0.3043478260869565,0,1
CHEMBL3623676,15.893837,4.372703,Cc1cc(=O)oc2cc(-n3cc(CNc4ccccc4)nn3)ccc12,Ki,4,multi-target,0,332.36300000000006,3.294220000000001,72.95,1,6,4,4,4,25,0.1052631578947368,0,1
CHEMBL356977,2.061964,3.073686,Cc1c(C)c2ccc(OCc3cccc([N+](=O)[O-])c3)cc2oc1=O,IC50,3,multi-target,0,325.32000000000005,3.897040000000003,82.58000000000001,0,5,4,3,3,24,0.1666666666666666,0,1
CHEMBL4099666,4.435347,-1.6045156,O=C1CCc2ccc(OCCCCN3CCN(c4ccc(O)c5oc(=O)ccc45)CC3)cc2N1,Ki,3,multi-target,0,463.53400000000016,3.3645000000000014,95.25,2,7,7,5,3,34,0.3846153846153846,0,1
CHEMBL3359943,2.5040224,0.9410088,O=c1cc(CCO)c2ccc(OCc3cccc(Cl)c3)cc2o1,IC50,2,multi-target,0,330.76700000000005,3.5602000000000027,59.67,1,4,5,3,3,23,0.1666666666666666,0,1
CHEMBL4571434,8.543664,-0.98747605,O=c1ccc2cc(/N=C/c3ccc(F)cc3)ccc2o1,IC50,1,single-target,0,267.259,3.6827000000000014,42.57,0,3,2,3,3,20,0.0,0,1
CHEMBL3286725,5.562536,-0.6854386,O=C(CCCOc1ccc2ccc(=O)oc2c1)N1CCN(c2ccc(Cl)c(Cl)c2)CC1,IC50,2,multi-target,0,461.34500000000025,4.607600000000005,62.99000000000001,0,5,6,4,3,31,0.3043478260869565,0,1
CHEMBL5081630,4.633637,2.556036,O=c1cc(C(F)(F)F)c2ccc(/N=C/c3ccccc3O)cc2o1,IC50,1,single-target,0,333.2650000000001,4.268000000000003,62.8,1,4,2,3,3,24,0.0588235294117647,0,1
CHEMBL5273250,-2.2384982,-2.8730397,CCc1ccc(Nc2nc(N)nc(COc3ccc4c(C)cc(=O)oc4c3)n2)cc1Cl,EC50,2,multi-target,0,437.88700000000017,4.407020000000003,116.16,2,8,6,4,4,31,0.1818181818181818,0,1
CHEMBL3896854,3.7144248,3.38406,O=C(Nc1ccccc1C(=O)Nc1ccc2c(C(F)(F)F)cc(=O)oc2c1)c1ccc(F)cc1,Ki,2,multi-target,0,470.3780000000001,5.455500000000003,88.41000000000001,2,4,4,4,4,34,0.0416666666666666,1,0
CHEMBL4639105,13.263578,3.9203212,COc1cc2cc(NC(=O)CCCNCc3ccccc3)c(=O)oc2cc1OC,IC50,2,multi-target,0,396.44300000000015,3.318700000000001,89.80000000000001,2,6,9,3,3,29,0.2727272727272727,0,1
CHEMBL4542575,2.5185773,-9.590807,O=C1N/C(=N\c2ccc3oc(=O)ccc3c2)S/C1=C/c1ccc(F)cc1,IC50,1,single-target,0,366.3730000000001,3.8237000000000014,71.67,1,5,2,4,3,26,0.0,0,1
CHEMBL5198713,8.167721,1.3033072,COc1cc2oc(=O)ccc2cc1C[C@@H](O)C(C)(C)OC,EC50,1,single-target,0,292.331,2.13,68.9,1,5,5,2,2,21,0.4375,0,1
CHEMBL5177888,5.768278,6.120067,O=c1oc2cc(O)ccc2c2oc3ccc(O)c(CN4CCC(F)CC4)c3c12,IC50,2,multi-target,0,383.37500000000017,4.037500000000002,87.05,2,6,2,5,4,28,0.2857142857142857,0,1
CHEMBL272700,12.96628,4.7173605,CCN(Cc1ccccc1)Cc1ccc(-c2cc3cc(OCCNC(=O)Cc4cc(F)cc(F)c4)ccc3oc2=O)cc1,IC50,2,multi-target,0,582.6470000000003,6.498000000000006,71.78,1,5,12,5,5,43,0.2,2,0
CHEMBL5198828,7.6626287,14.679117,Cc1cc(N2Nc3c(c(=O)oc4cc(O)ccc34)-c3ccc(O)cc32)ccc1OCCN1CCC=C(C(=O)O)C1,IC50,2,multi-target,0,541.5600000000003,4.753720000000004,135.71,4,9,6,6,4,40,0.2,1,0
CHEMBL1571964,4.278992,5.5737185,Cc1c(OCC(=O)N2CCC[C@@H]2C(=O)O)ccc2c3c(c(=O)oc12)CCC3,IC50,1,single-target,0,371.3890000000002,2.0445199999999994,97.05,1,5,4,4,2,27,0.45,0,1
CHEMBL2311571,13.563704,3.3391385,COc1cc2cc(OC3CCN(Cc4ccccc4)CC3)c(=O)oc2cc1OC,IC50,1,single-target,0,395.4550000000002,3.853600000000003,61.14,0,6,6,4,3,29,0.3478260869565217,0,1
CHEMBL4876524,5.592714,20.823622,CCCCSc1cccc(C(=O)Nc2c(O)c3ccc(O)cc3oc2=O)c1,Ki,2,multi-target,0,385.4410000000001,4.3487000000000045,99.77,3,6,6,3,3,27,0.2,0,1
CHEMBL4778183,-4.042426,-0.55007714,COc1ccc(S(=O)(=O)N(CC(C)C)C[C@@H](O)[C@H](Cc2ccccc2)NC(=O)Cc2cc3ccc(O)cc3oc2=O)cc1,IC50,1,single-target,0,608.7130000000003,3.485000000000001,146.38,3,8,13,4,4,43,0.3125,1,0
CHEMBL1733383,2.5609221,6.708486,Cc1c(CC(=O)O)c(=O)oc2c(C)c(OCc3ccccc3Br)ccc12,IC50,5,multi-target,1,417.255,4.378440000000003,76.74,1,4,5,3,3,26,0.2,0,1
CHEMBL1352616,12.939725,0.43053433,CCOc1ccc(C(=O)Nc2cccc(-c3cc4ccccc4oc3=O)c2)cc1[N+](=O)[O-],AC50,4,multi-target,0,430.41600000000017,5.019200000000004,111.68,1,6,6,4,4,32,0.0833333333333333,1,0
CHEMBL1517417,5.053711,3.5185304,CC1CCN(Cc2cc(=O)oc3ccc4ccccc4c23)CC1,AC50,1,single-target,0,307.39300000000014,4.178100000000003,33.45,0,3,2,4,3,23,0.35,0,1
CHEMBL589521,16.073757,-2.3851018,COc1cc(OC)c2c(C)c(N3CCN(C)CC3)c(=O)oc2c1,IC50,1,single-target,0,318.37300000000005,1.87042,55.150000000000006,0,6,3,3,2,23,0.4705882352941176,0,1
CHEMBL179640,3.285342,8.953323,O=c1cc(N2CCSCC2)c2cc3ccccc3cc2o1,IC50,1,single-target,0,297.3790000000001,3.4994000000000023,33.45,0,4,1,4,3,21,0.2352941176470588,0,1
CHEMBL1460029,5.3257647,9.466002,O=c1oc2ccccc2c(Cl)c1CN1CCCCC1,IC50,2,multi-target,0,277.751,3.4323000000000023,33.45,0,3,2,3,2,19,0.4,0,1
CHEMBL1796808,12.270782,2.588648,O=C(c1ccc(O)cc1)c1cc2cc(Br)cc(O)c2oc1=O,IC50,1,single-target,0,361.1470000000001,3.1977000000000007,87.74000000000001,2,5,2,3,3,22,0.0,0,1
CHEMBL5567411,13.054078,5.7850895,O=C(NNc1nc(-c2cc3ccccc3oc2=O)cs1)c1ccc(O)cc1,Ki,2,multi-target,0,379.3970000000001,3.3790000000000004,104.46,3,7,4,4,4,27,0.0,0,1
CHEMBL1511502,13.082476,5.7899647,COc1ccc2c(c1OC)C(=O)OC2Nc1nc(-c2cc3ccccc3oc2=O)cs1,IC50,1,single-target,0,436.44500000000016,4.214800000000002,99.89,1,9,5,5,4,31,0.1363636363636363,0,1
CHEMBL141214,7.1163993,1.6517828,COCc1c2occc2c(OC)c2ccc(=O)oc12,Kd,1,single-target,0,260.24499999999995,2.6942000000000004,61.81,0,5,3,3,3,19,0.2142857142857142,0,1
CHEMBL4860550,12.315092,3.3925161,N#Cc1cc2c(ccc3cc(-c4nnn[nH]4)c(=O)oc32)oc1=O,IC50,1,single-target,0,307.2250000000001,0.9511799999999992,138.67,1,8,1,4,4,23,0.0,0,1
CHEMBL2425839,-1.248952,-5.736371,N#CC1=C(N)Oc2c(c(=O)oc3ccccc23)C1c1cc[n+](Cc2ccc(Cl)c(Cl)c2)cc1,IC50,2,multi-target,0,477.3270000000002,4.653780000000004,93.13,1,5,3,5,4,33,0.08,0,1
CHEMBL434695,8.47603,0.2090223,O=c1ccc2ccc(COc3ccccc3)cc2o1,IC50,3,multi-target,0,252.269,3.3720000000000017,39.44,0,3,3,3,3,19,0.0625,0,1
CHEMBL3265271,5.907854,-8.497131,O=Cc1c(O)ccc2c3c(c(=O)oc12)CN(Cc1ccccc1)CC3,IC50,1,single-target,0,335.35900000000004,2.869400000000001,70.74999999999999,1,5,3,4,3,25,0.2,0,1
CHEMBL1557951,13.414155,1.3766268,Cc1cc(C)c[n+](CC(=O)c2cc3ccccc3oc2=O)c1,AC50,2,multi-target,0,294.33000000000004,2.5802400000000008,51.16,0,3,3,3,3,22,0.1666666666666666,0,1
CHEMBL582933,6.3158026,8.176552,O=c1oc2ccccc2c(O)c1Cc1cccc2ccccc12,IC50,1,single-target,0,302.329,4.242600000000002,50.44,1,3,2,4,4,23,0.05,0,1
CHEMBL4474283,5.77761,-9.454885,O=C(O)c1ccc(C(=O)N2CCc3c(c(=O)oc4ccccc34)C2)cc1,IC50,1,single-target,0,349.342,2.689700000000001,87.82000000000001,1,4,2,4,3,26,0.15,0,1
CHEMBL4852917,3.4604666,2.2015884,Cc1cc(=O)oc2cc(OC(C)c3ccccc3F)ccc12,EC50,1,single-target,0,298.31300000000005,4.380520000000003,39.44,0,3,3,3,3,22,0.1666666666666666,0,1
CHEMBL2205575,18.001127,3.2837915,COc1cccc2cc(C(=O)/C=C/c3cc[n+](Cc4ccccc4F)cc3)c(=O)oc12,IC50,2,multi-target,0,416.4280000000001,4.172600000000003,60.39,0,4,6,4,4,31,0.08,0,1
CHEMBL5618579,3.130465,1.0126492,CCCOc1ccc2c(OCCCCCCCC(=O)NO)cc(=O)oc2c1,IC50,1,single-target,0,377.437,3.806600000000001,98.0,2,6,12,2,2,27,0.5,0,1
CHEMBL1476552,4.4419785,5.89803,CCc1cc(=O)oc2c3c(cc(OCC(=O)NCc4ccncc4)c12)OC(C)(C)CC3,AC50,1,single-target,0,422.4810000000002,3.5492000000000017,90.66,1,6,6,4,3,31,0.375,0,1
CHEMBL5573918,2.7082813,2.0258627,NC(=O)Cc1cc(=O)oc2cc(OCc3ccc(S(N)(=O)=O)cc3)ccc12,Ki,8,multi-target,1,388.40100000000007,1.0472,142.69,2,6,6,3,3,27,0.1111111111111111,0,1
CHEMBL5575170,8.595903,0.74785215,NS(=O)(=O)c1ccc(CCNC(=O)COc2ccc3ccc(=O)oc3c2)cc1,Ki,7,multi-target,1,402.42800000000005,1.1780999999999997,128.7,2,6,7,3,3,28,0.1578947368421052,0,1
CHEMBL4084203,11.1371155,-8.896665,CN(CCCNc1cc(=O)oc2ccccc12)C(=O)c1ccco1,IC50,1,single-target,0,326.3520000000001,2.9602000000000013,75.69,1,5,6,3,3,24,0.2222222222222222,0,1
CHEMBL4217466,3.1396885,2.0020463,Cc1cc(=O)oc2cc(OCc3cc[n+](Cc4ccccc4)cc3)ccc12,IC50,3,multi-target,0,358.41700000000003,4.016220000000003,43.32,0,3,5,4,4,27,0.1304347826086956,0,1
CHEMBL5393856,5.0974054,-3.3767872,COc1cccc2c3c(oc12)CN(CCCCOc1ccc2ccc(=O)oc2c1)CC3,EC50,1,single-target,0,419.47700000000015,4.765100000000004,65.05000000000001,0,6,7,5,4,31,0.32,0,1
CHEMBL4458241,5.8943396,0.03710212,COc1ccc(CCNCCCOc2cc(=O)oc3ccccc23)cc1OC,IC50,1,single-target,0,383.4440000000001,3.411400000000002,69.93,1,6,10,3,3,28,0.3181818181818182,0,1
CHEMBL5220522,23.44324,-6.6480527,COc1cc(C(=O)OCCCN(CCCCCCCOC(=O)c2c3ccccc3cc3ccccc23)CCCOc2ccc3ccc(=O)oc3c2)cc(OC)c1OC,Ki,2,multi-target,0,789.922,9.250700000000002,122.97,0,11,22,6,6,58,0.3404255319148936,3,0
CHEMBL1425860,11.970445,6.0337386,NC(=O)c1cn(-c2ccccc2)nc1-c1cc2ccccc2oc1=O,IC50,1,single-target,0,331.3310000000001,2.744600000000001,91.12,1,5,3,4,4,25,0.0,0,1
CHEMBL5591982,2.237795,1.6674782,CN(Cc1ccc(COc2ccc3c(CO)cc(=O)oc3c2)cc1)Cc1cscn1,IC50,2,multi-target,0,422.50600000000014,3.9528000000000034,75.80000000000001,1,7,8,4,4,30,0.217391304347826,0,1
CHEMBL4459312,2.6522603,4.1338515,Cc1c(Cc2ccccc2)c(=O)oc2cc(OS(N)(=O)=O)ccc12,IC50,1,single-target,0,345.37600000000003,2.27452,99.6,1,5,4,3,3,24,0.1176470588235294,0,1
CHEMBL4848237,-1.0788466,8.305261,CCN(CC)c1ccc2c(C)c(CCN3C(=O)NC4(CCN(C(=O)c5ccc[nH]c5=O)C4)C3=O)c(=O)oc2c1,EC50,1,single-target,0,533.5850000000004,2.01512,136.02999999999997,2,7,7,5,3,39,0.3928571428571428,1,0
CHEMBL4872061,3.8978038,4.611104,CCN(CC)c1ccc2c(C)c(CCOC(=O)NCc3cccc(NC(C)=O)c3)c(=O)oc2c1,EC50,1,single-target,0,465.5500000000002,4.374920000000003,100.88,2,6,9,3,3,34,0.3461538461538461,0,1
CHEMBL276641,4.2194963,2.788319,COc1ccc2c(CCC(=O)O)cc(=O)oc2c1,IC50,1,single-target,0,248.234,1.8188,76.74000000000001,1,4,4,2,2,18,0.2307692307692307,0,1
CHEMBL4870683,-1.0719262,8.312806,CCN(CC)c1ccc2c(C)c(CCN3CC4(CCN(c5ncnc6[nH]ncc56)CC4)NC3=O)c(=O)oc2c1,EC50,1,single-target,0,530.6330000000002,3.2208200000000016,123.49,2,8,7,6,4,39,0.4642857142857143,1,0
CHEMBL4540497,2.5183878,-9.590955,CN(C)c1ccc(/C=C2/S/C(=N/c3ccc4oc(=O)ccc4c3)NC2=O)cc1,IC50,1,single-target,0,391.45200000000006,3.750600000000002,74.91,1,6,3,4,3,28,0.0952380952380952,0,1
CHEMBL5597877,7.772395,0.012370155,O=C(NCCOc1ccc2oc(=O)ccc2c1)c1ccc2c(c1)no[n+]2[O-],Ki,2,multi-target,0,367.31700000000006,1.3764000000000003,121.51,1,7,5,4,4,27,0.1111111111111111,0,1
CHEMBL4458007,5.8604054,-0.13416077,O=c1cc(OCCCCN2CCN(c3ccccn3)CC2)c2ccccc2o1,IC50,1,single-target,0,379.46000000000015,3.169200000000002,58.81,0,6,7,4,3,28,0.3636363636363636,0,1
CHEMBL1582548,13.236997,2.6791966,COc1cc(Br)cc2cc(C(=O)NCC3CCCO3)c(=O)oc12,AC50,2,multi-target,0,382.2100000000002,2.4729,77.77,1,5,4,3,2,23,0.375,0,1
CHEMBL4436169,8.614296,-0.2458514,COc1ccc(C(=O)CNc2ccc3oc(=O)ccc3c2)cc1,IC50,1,single-target,0,309.321,3.096400000000001,68.53999999999999,1,5,5,3,3,23,0.1111111111111111,0,1
CHEMBL5570409,13.355395,1.9419531,COc1ccc2cc(C(=O)Nc3ccc(S(N)(=O)=O)cc3Br)c(=O)oc2c1,Ki,7,multi-target,1,453.27000000000015,2.4638,128.7,2,6,4,3,3,27,0.0588235294117647,0,1
CHEMBL5575196,2.6595702,2.103093,CN(C)Cc1cc(=O)oc2cc(OCc3ccc(S(N)(=O)=O)cc3)ccc12,Ki,8,multi-target,1,388.4450000000001,2.081,102.84,1,6,6,3,3,27,0.2105263157894736,0,1
CHEMBL5556627,13.409509,1.7969848,NS(=O)(=O)c1ccc(NC(=O)c2cc3ccccc3oc2=O)c(F)c1,Ki,8,multi-target,1,362.3380000000001,1.8318000000000003,119.47,2,5,3,3,3,25,0.0,0,1
CHEMBL3939563,7.617495,14.616751,COC(=O)N[C@H](C(=O)N1CCC[C@H]1c1ncc(-c2ccc3c(c2)OCc2c-3c(=O)oc3cc(-c4cnc([C@@H]5CCCN5C(=O)[C@@H](NC(=O)OC)C(C)C)[nH]4)ccc23)[nH]1)C(C)C,EC50,1,single-target,0,834.9309999999998,6.220800000000006,214.08,4,11,10,8,5,61,0.4318181818181818,3,0
CHEMBL205350,6.303289,6.0756416,Cc1c(O)ccc2c1c(=O)oc1c(Br)c(O)ccc12,IC50,2,multi-target,0,321.12600000000003,3.4283200000000003,70.67,2,4,0,3,3,19,0.0714285714285714,0,1
CHEMBL132692,-0.0025975711,10.801561,C[C@@H]1[C@H](O)c2c(c3c(c4c(-c5ccccc5)cc(=O)oc24)OC(C)(C)C=C3)O[C@@H]1C,IC50,1,single-target,0,404.4620000000002,5.094600000000006,68.9,1,5,1,5,3,30,0.32,1,0
CHEMBL4857976,-2.6369946,5.317762,CCCCC1(c2cc(O)c3cc(CC)c(=O)oc3c2)CCCCC1,Ki,1,single-target,0,328.45200000000017,5.4531000000000045,50.44,1,3,5,3,2,24,0.5714285714285714,1,0
CHEMBL4856438,10.801981,3.6478508,Cc1cc(C)c2cc(S(N)(=O)=O)c(=O)oc2c1,Ki,4,multi-target,0,253.279,1.0572400000000002,90.37,1,4,1,2,2,17,0.1818181818181818,0,1
CHEMBL3335020,1.3061472,4.4437113,COc1cc(C(C)N(C)C)c2c(c1)oc(=O)c1ccccc12,IC50,2,multi-target,0,297.354,3.5774000000000026,42.68,0,4,3,3,3,22,0.2777777777777778,0,1
CHEMBL5571315,13.3616705,1.8799626,COc1ccc2cc(C(=O)NCc3ccc(S(N)(=O)=O)cc3)c(=O)oc2c1,Ki,7,multi-target,1,388.4010000000002,1.3790000000000002,128.7,2,6,5,3,3,27,0.1111111111111111,0,1
CHEMBL5574490,2.6707234,2.1081836,NS(=O)(=O)c1ccc(COc2ccc3c(N4CCOCC4)cc(=O)oc3c2)cc1,Ki,8,multi-target,1,416.4550000000002,1.856,112.07,1,7,5,4,3,29,0.25,0,1
CHEMBL349179,5.523656,3.9392033,O=c1cc(CO)c2ccc(O)c(O)c2o1,IC50,1,single-target,0,208.169,0.6964999999999997,90.9,3,5,1,2,2,15,0.1,0,1
CHEMBL4860180,3.913302,4.5786424,CCN(CC)c1ccc2c(C)c(CCOC(=O)NCC3CCCNC3)c(=O)oc2c1,EC50,1,single-target,0,415.5340000000002,3.215920000000001,83.81,2,6,8,3,2,30,0.5652173913043478,0,1
CHEMBL4856137,5.601777,20.810444,CCCS(=O)(=O)Nc1cccc(C(=O)Nc2c(O)c3ccc(O)cc3oc2=O)c1,Ki,1,single-target,0,418.4270000000001,2.6082,145.94,4,7,6,3,3,29,0.1578947368421052,0,1
CHEMBL4515683,5.8261247,-0.12999722,O=c1cc(OCCCN2CCN(c3nccc4ccccc34)CC2)c2ccccc2o1,IC50,3,multi-target,0,415.4930000000002,3.9323000000000032,58.81,0,6,6,5,4,31,0.28,0,1
CHEMBL5566547,13.057434,5.785157,O=C(NNc1nc(-c2cc3ccccc3oc2=O)cs1)c1ccc(I)cc1,Ki,2,multi-target,0,489.294,4.278000000000001,84.22999999999999,2,6,4,4,4,27,0.0,0,1
CHEMBL4648022,4.118883,0.22014429,COc1ccc(C(=O)N2CCN(CCC(=O)N(CC=C(C)C)c3ccc4c(C)cc(=O)oc4c3)CC2)cc1,IC50,1,single-target,0,517.6260000000003,4.257320000000004,83.3,0,6,8,4,3,38,0.3666666666666666,1,0
CHEMBL2393584,11.839665,4.4895067,Nc1nc(-c2cc3ccc(O)cc3oc2=O)cs1,IC50,1,single-target,0,260.27399999999994,2.2043,89.35,2,6,1,3,3,18,0.0,0,1
CHEMBL4638612,12.853313,4.2734103,C#CCN(C)Cc1cc2ccccc2oc1=O,IC50,3,multi-target,0,227.263,1.858,33.45,0,3,3,2,2,17,0.2142857142857142,0,1
CHEMBL4879274,4.0262136,3.9115775,C#CCN(CC)c1ccc2c(C)cc(=O)oc2c1,EC50,1,single-target,0,241.29,2.5609200000000003,33.45,0,3,3,2,2,18,0.2666666666666666,0,1
CHEMBL1651087,7.1422205,1.4526844,CC1(C)O[C@H]1COc1cc(=O)oc2cc3occc3cc12,IC50,1,single-target,0,286.283,3.095400000000001,65.11,0,5,3,4,3,21,0.3125,0,1
CHEMBL4777500,2.5273268,2.3699696,Cc1cc(=O)oc2cc(OCc3nnc(SC(=O)c4ccccc4)o3)ccc12,Ki,1,single-target,0,394.4080000000001,3.9959200000000026,95.43,0,8,5,4,4,28,0.1,0,1
CHEMBL4067505,8.440718,-7.714647,NS(=O)(=O)Oc1ccc2cc(-c3ccc(NC(=O)Cc4ccc(F)c(F)c4)cc3)c(=O)oc2c1,IC50,1,single-target,0,486.4520000000002,3.5017000000000014,128.7,2,6,6,4,4,34,0.0434782608695652,0,1
CHEMBL1393422,6.3704762,2.0747013,Cc1cc(=O)oc2cc(O[C@@H]3O[C@H](CO)[C@H](O)[C@H](O)[C@H]3O)ccc12,Ki,4,multi-target,0,338.312,-0.7198800000000007,129.59,4,8,3,3,2,24,0.4375,0,1
CHEMBL3120690,4.3636217,-1.8894222,COc1ccccc1N1CCN(CCCCOc2ccc3c4c(c(=O)oc3c2C)CCC4)CC1,Ki,3,multi-target,0,462.5900000000003,4.579920000000004,55.150000000000006,0,6,8,5,3,34,0.4642857142857143,0,1
CHEMBL3093996,2.9181213,0.74387914,CCOc1cc(=O)oc2cc(OCc3cccc(Cl)c3)ccc12,IC50,1,single-target,0,330.767,4.424100000000004,48.67,0,4,5,3,3,23,0.1666666666666666,0,1
CHEMBL4571279,5.1716285,-3.5816503,COc1cc2c(cc1OC)CN(CCCCCOc1ccc3c(C)c(-c4ccccc4)c(=O)oc3c1)CC2,IC50,1,single-target,0,513.6340000000002,6.393020000000008,61.14,0,6,10,5,4,38,0.34375,2,0
CHEMBL3120679,4.534205,-1.7170738,O=c1oc2cc(OCCCCN3CCN(c4ccc(F)cc4)CC3)ccc2c2c1CCC2,Ki,2,multi-target,0,436.5270000000002,4.402000000000005,45.92,0,5,7,5,3,32,0.4230769230769231,0,1
CHEMBL4129191,13.665823,1.3836037,C/C(=N\N=C1\CC(C)C(=O)N1C)c1cc2ccccc2oc1=O,IC50,2,multi-target,0,311.34100000000007,2.4137000000000004,75.24000000000001,0,5,2,3,2,23,0.2941176470588235,0,1
CHEMBL3086076,10.957726,14.65331,Cc1c(Cc2cccc(NS(=O)(=O)N3CCN(C)CC3)c2)c(=O)oc2cc(OC(=O)N(C)C)c(Cl)cc12,IC50,2,multi-target,0,549.0490000000003,3.310120000000002,112.4,1,7,6,4,3,37,0.36,1,0
CHEMBL5567169,12.593367,5.463883,CC(=O)c1ccc(-c2cc3ccccc3oc2=O)nc1C,Ki,1,single-target,0,279.295,3.3660200000000016,60.17,0,4,2,3,3,21,0.1176470588235294,0,1
CHEMBL4592250,5.1721544,-3.5783315,COc1cc2c(cc1OC)CN(CCCCCOc1ccc3c(C)c(C)c(=O)oc3c1)CC2,IC50,2,multi-target,0,451.5630000000002,5.034440000000005,61.14,0,6,9,4,3,33,0.4444444444444444,1,0
CHEMBL5571767,2.7151053,2.078436,NS(=O)(=O)c1ccc(COc2ccc3c(CN4CCNCC4)cc(=O)oc3c2)cc1,Ki,8,multi-target,1,429.4980000000002,1.4245999999999996,114.87,2,7,6,4,3,30,0.2857142857142857,0,1
CHEMBL1290511,3.4327707,5.097516,O=C(O)c1ccc(COc2cc(O)cc3oc(=O)c4c(c23)CCC4)cc1,IC50,1,single-target,0,352.34200000000016,3.2645000000000017,96.97,2,5,4,4,3,26,0.2,0,1
CHEMBL4460630,12.845329,1.867593,O=C(NNC(=O)c1cc2cc(Cl)ccc2oc1=O)c1ccccc1O,IC50,1,single-target,0,358.7370000000001,2.2268000000000003,108.64,3,5,2,3,3,25,0.0,0,1
CHEMBL4462312,12.967378,1.6064188,O=C(NNC(=O)c1cc2ccccc2oc1=O)c1ccccc1O,IC50,1,single-target,0,324.29200000000003,1.5733999999999997,108.64,3,5,2,3,3,24,0.0,0,1
CHEMBL1471865,13.219495,1.8059361,C=CCc1cccc2cc(C(=O)Nc3ccc(S(=O)(=O)Nc4nnc(CC)s4)cc3)c(=O)oc12,IC50,3,multi-target,0,496.5700000000002,3.988500000000002,131.26,2,8,8,4,4,34,0.1304347826086956,0,1
CHEMBL12567,4.257096,2.8115447,COc1ccc2c(C(=O)O)cc(=O)oc2c1,Ki,13,multi-target,1,220.18,1.4998,76.74000000000001,1,4,2,2,2,16,0.0909090909090909,0,1
CHEMBL4471021,13.014655,2.4083192,CCOc1cccc2cc(C(=O)NNC(=O)c3ccccc3O)c(=O)oc12,IC50,1,single-target,0,368.3450000000001,1.9721,117.87000000000002,3,6,4,3,3,27,0.1052631578947368,0,1
CHEMBL605157,5.4592786,4.6210923,COc1ccc(C(=O)c2oc3ccc4c(C)cc(=O)oc4c3c2-c2ccccc2)cc1,IC50,1,single-target,0,410.4250000000001,5.7542200000000046,69.65,0,5,4,5,5,31,0.0769230769230769,1,0
CHEMBL2322275,3.8754358,6.8113647,Cc1oc2c(C)c3oc(=O)c(CCC(=O)Nc4ccc(C(=O)O)cc4)c(C)c3cc2c1C,EC50,1,single-target,0,433.4600000000002,5.042380000000004,109.75,2,5,5,4,4,32,0.24,1,0
CHEMBL507543,13.86113,2.2944763,Cc1ccc(C(=O)N2CCN(C(=O)c3cc4ccccc4oc3=O)CC2)cc1,IC50,1,single-target,0,376.4120000000002,2.699620000000001,70.83000000000001,0,4,2,4,3,28,0.2272727272727272,0,1
CHEMBL4175059,12.269126,2.0022469,CC(=O)c1cc2ccc(Cl)cc2oc1=O,Ki,2,multi-target,0,222.62699999999995,2.649000000000002,47.28,0,3,1,2,2,15,0.0909090909090909,0,1
CHEMBL2402698,-1.6210449,3.8784006,O=c1oc2ccccc2c2c1cnn2-c1ccccc1,Ki,1,single-target,0,262.268,3.131900000000001,48.03,0,4,1,4,4,20,0.0,0,1
CHEMBL4128371,11.721808,7.848138,COc1cc(C2CC(c3cc4ccccc4oc3=O)=NN2c2nc(-c3ccc(Br)cc3)cs2)ccc1OCc1ccccc1,IC50,1,single-target,0,664.581,8.622300000000003,77.16000000000001,0,8,8,7,6,44,0.1142857142857142,2,0
CHEMBL3235993,7.5436826,2.0920396,COc1cc2c(c3oc(=O)ccc13)CCC(C)(C)O2,IC50,1,single-target,0,260.289,2.9052000000000007,48.67,0,4,1,3,2,19,0.4,0,1
CHEMBL1322235,4.8902946,4.671978,Cc1c(O)ccc2c(CC(=O)N[C@@H](Cc3ccc(O)cc3)C(=O)O)cc(=O)oc12,IC50,1,single-target,0,397.38300000000015,1.86722,137.07,4,6,6,3,3,29,0.1904761904761904,0,1
CHEMBL2322546,3.8477077,6.7799687,Cc1c(CC(=O)Nc2cccc(C(=O)O)c2)c(=O)oc2cc3occ(C(C)(C)C)c3cc12,EC50,1,single-target,0,433.46000000000026,5.024520000000004,109.75,2,5,4,4,4,32,0.24,1,0
CHEMBL493601,12.751577,2.7267885,O=C(Nc1ccccc1)c1cc2cc(Cl)cc(Br)c2oc1=O,IC50,1,single-target,0,378.609,4.461200000000002,59.31,1,3,2,3,3,22,0.0,0,1
CHEMBL5563417,2.2183177,1.6577172,CN(CCc1cccs1)Cc1ccc(COc2ccc3c(CO)cc(=O)oc3c2)cc1,IC50,4,multi-target,0,435.5450000000001,4.600300000000005,62.91,1,6,9,4,4,31,0.24,0,1
CHEMBL274376,12.635356,1.2068614,O=C(Nc1ccccc1)c1cc2cc(CCl)ccc2oc1=O,IC50,1,single-target,0,313.74000000000007,3.784100000000002,59.31,1,3,3,3,3,22,0.0588235294117647,0,1
CHEMBL4440430,6.4062467,7.00831,Cc1ccc2c(c1)oc(=O)c1c(O)cc(=O)oc12,IC50,1,single-target,0,244.202,1.91342,80.64999999999999,1,5,0,3,3,18,0.0769230769230769,0,1
CHEMBL5195163,8.550425,1.9121894,C=CC(C)(C)c1cc2cc3c(cc2oc1=O)O[C@H](C(C)(C)O)[C@H]3O,EC50,1,single-target,0,330.38,2.8219000000000007,79.9,2,5,3,3,2,24,0.4210526315789473,0,1
CHEMBL3235999,7.5242014,1.9893763,COc1cc(OC)c2ccc(=O)oc2c1CCC(C)C,IC50,1,single-target,0,276.332,3.3988000000000023,48.67,0,4,5,2,2,20,0.4375,0,1
CHEMBL3827950,15.807439,4.066543,O=C(NCCCCCc1ccccc1)Oc1ccc(-n2cc(COc3ccc4ccc(=O)oc4c3)nn2)cc1,IC50,3,multi-target,0,524.5770000000003,5.454100000000006,108.48,1,8,11,5,5,39,0.2,2,0
CHEMBL4172425,4.8421674,2.4878914,Cc1ccc(-c2cc(=O)oc3cc(O)ccc23)cc1,Ki,2,multi-target,0,252.269,3.474020000000002,50.44,1,3,1,3,3,19,0.0625,0,1
CHEMBL1533624,20.16717,2.2299702,CCN(CC)C(=O)CC(c1ccc2c(c1)OCO2)c1c(OC)cc(OC)c2c(-c3ccccc3)cc(=O)oc12,EC50,1,single-target,0,529.5890000000003,5.596300000000006,87.44000000000001,0,7,9,5,4,39,0.2903225806451613,2,0
CHEMBL4172760,5.7882442,3.7893558,Cc1c(O)ccc2c(-c3ccc(N)cc3)cc(=O)oc12,Ki,2,multi-target,0,267.284,3.0562200000000006,76.46000000000001,2,4,1,3,3,20,0.0625,0,1
CHEMBL391213,7.1317983,8.28632,O=C1OC2C=CC=CC2=C2Oc3c(c(=O)oc4ccccc34)C(c3c(O)c4ccccc4oc3=O)C12,IC50,1,single-target,0,480.42800000000017,4.051000000000004,116.18,1,8,1,7,4,36,0.1071428571428571,0,1
CHEMBL238294,7.2122936,8.610134,COc1ccc(C(c2c(O)c3ccccc3oc2=O)c2c(O)c3ccccc3oc2=O)cc1,IC50,2,multi-target,0,442.4230000000002,4.499400000000003,110.11,2,7,4,5,5,33,0.0769230769230769,0,1
CHEMBL3905661,5.155604,9.680862,COc1cccc(N2CCN(c3c(CO)c(=O)oc4ccccc34)CC2)c1,IC50,1,single-target,0,366.4170000000001,2.6205000000000007,66.15,1,6,4,4,3,27,0.2857142857142857,0,1
CHEMBL1277681,0.12702799,10.671647,CC(C)CCC(C)(O)C1(C)Cc2c(O)c(C(=O)CC(C)C)c3oc(=O)cc(-c4ccccc4)c3c2O1,IC50,1,single-target,0,492.61200000000025,6.275200000000008,96.97,2,6,8,4,3,36,0.4666666666666667,1,0
CHEMBL1484692,3.5031326,5.1498446,Cc1cc(OCC(=O)OC(C)C)c2c3c(c(=O)oc2c1)CCCC3,AC50,4,multi-target,0,330.38000000000017,3.310620000000002,65.74000000000001,0,5,4,3,2,24,0.4736842105263157,0,1
CHEMBL590131,4.6073437,3.682645,O=c1cc(CSC2NCCS2)c2ccc(O)cc2o1,IC50,1,single-target,0,295.38500000000005,2.3518,62.47,2,6,3,3,2,19,0.3076923076923077,0,1
CHEMBL4567188,6.605953,7.2749395,CC(=O)CC(=O)c1c(O)c2c(=O)oc3ccccc3c2oc1=O,IC50,2,multi-target,0,314.2490000000001,1.7668,114.79,1,7,3,3,3,23,0.125,0,1
CHEMBL4861964,5.81403,20.589403,CC(C)CCc1cccc(C(=O)Nc2c(O)c3ccc(-c4cccc(C(=O)O)c4)cc3oc2=O)c1,Ki,2,multi-target,0,471.5090000000002,5.704700000000006,116.84,3,5,7,4,4,35,0.1785714285714285,1,0
CHEMBL2387262,4.2355003,-1.4268249,Cc1cc(=O)oc2cc(OCCCCN3CCC(c4nc5ccccc5s4)CC3)ccc12,Ki,3,multi-target,0,448.58800000000014,5.749720000000005,55.57,0,6,7,5,4,32,0.3846153846153846,1,0
CHEMBL3112600,11.323311,-0.10235856,CCCCOc1ccc2oc(=O)c(CNCC)cc2c1,IC50,2,multi-target,0,275.348,3.081400000000001,51.47,1,4,7,2,2,20,0.4375,0,1
CHEMBL3094010,2.5770516,0.6490829,O=c1cc(Nc2ccccc2)c2ccc(OCc3cccc(Cl)c3)cc2o1,IC50,1,single-target,0,377.82700000000006,5.769000000000004,51.47,1,4,5,4,4,27,0.0454545454545454,1,0
CHEMBL3091489,2.9122486,0.7129304,CC(=O)COc1cc(=O)oc2cc(OCc3cccc(Cl)c3)ccc12,IC50,1,single-target,0,358.777,3.9932000000000025,65.74000000000001,0,5,6,3,3,25,0.1578947368421052,0,1
CHEMBL4218720,3.9512682,-2.723882,CC(=O)c1c(OCCCN2CCN(c3ccccc3Br)CC2)ccc2c(C)cc(=O)oc12,EC50,3,multi-target,0,499.40500000000026,4.657620000000004,62.99,0,6,7,4,3,32,0.36,0,1
CHEMBL1761760,11.342841,4.5897083,COc1ccc2cc(-c3cccs3)c(=O)oc2c1,IC50,1,single-target,0,258.298,3.530100000000002,39.44,0,4,2,3,3,18,0.0714285714285714,0,1
CHEMBL5093730,4.548025,1.5200896,O=c1cc(C(F)(F)F)c2ccc(OCc3ccccc3F)cc2o1,IC50,1,single-target,0,338.2560000000001,4.529900000000002,39.44,0,3,3,3,3,24,0.1176470588235294,0,1
CHEMBL1301731,4.5753226,2.3666072,Nc1ccc2c(C(F)(F)F)cc(=O)oc2c1,IC50,3,multi-target,0,229.157,2.394,56.23,1,3,0,2,2,16,0.1,0,1
CHEMBL1452318,3.2791173,2.0257015,Cc1cc(=O)oc2cc(OCCc3ccccc3)ccc12,IC50,1,single-target,0,280.323,3.722920000000003,39.44,0,3,4,3,3,21,0.1666666666666666,0,1
CHEMBL4207453,-4.4856143,6.4237194,C#CCN(CCCCOc1ccc2ccc(=O)oc2c1)Cc1cccc(F)c1,IC50,2,multi-target,0,379.4310000000001,4.226500000000004,42.68,0,4,9,3,3,28,0.2608695652173913,0,1
CHEMBL4168434,-1.5611498,3.9345205,Cc1nn(Cc2ccccc2)c2c1c(=O)oc1ccccc12,Ki,2,multi-target,0,290.322,3.499420000000001,48.03,0,4,2,4,4,22,0.1111111111111111,0,1
CHEMBL4103820,12.886172,-7.1200175,COc1ccc(C2C(C#N)=C(NC(=O)CN3CCN(c4ccccc4)CC3)Oc3c2c(=O)oc2ccccc32)c(OC)c1,IC50,1,single-target,0,578.6250000000002,4.008080000000003,117.27,1,9,7,6,4,43,0.2424242424242424,1,0
CHEMBL3739596,12.016466,6.23226,COc1cccc2cc(-c3csc(-n4cc(C=O)c(-c5ccc(C)cc5)n4)n3)c(=O)oc12,Ki,1,single-target,0,443.4840000000002,4.898720000000004,87.22000000000001,0,8,5,5,5,32,0.0833333333333333,0,1
CHEMBL3823759,23.643005,3.2151926,Cc1ccc(-c2cc(C(=O)N/N=C/c3c(Cl)c4ccccc4oc3=O)nn2-c2ccc(S(N)(=O)=O)cc2)c(C)c1,IC50,2,multi-target,0,576.0340000000002,4.327240000000002,149.65,2,8,6,5,5,40,0.0714285714285714,1,0
CHEMBL3120698,3.5899174,-1.7524258,O=c1oc2cc(OCCCCN3CCC(c4noc5cc(F)ccc45)CC3)c(Cl)cc2c2c1CCC2,Ki,3,multi-target,0,510.99300000000034,6.254000000000006,68.71000000000001,0,6,7,6,4,36,0.4285714285714285,2,0
CHEMBL4866739,-1.0749323,8.3202,CCN(CC)c1ccc2c(C)c(CCN3C(=O)NC4(CCN(c5nccn6ccnc56)CC4)C3=O)c(=O)oc2c1,EC50,1,single-target,0,543.6280000000003,3.123820000000001,116.29,1,9,7,6,4,40,0.4137931034482758,1,0
CHEMBL52384,4.500598,-1.3654213,COc1cc(=O)oc2cc(OCCCN3CCN(c4ncccn4)CC3)ccc12,Ki,3,multi-target,0,396.44700000000006,2.1827,80.93,0,8,7,4,3,29,0.3809523809523809,0,1
CHEMBL5424000,6.3058906,8.208048,O=c1oc2ccccc2c(O)c1Cc1cccnc1,IC50,1,single-target,0,253.257,2.4844,63.33,1,4,2,3,3,19,0.0666666666666666,0,1
CHEMBL3823276,23.637016,3.2024367,COc1cc(-c2cc(C(=O)N/N=C/c3c(Cl)c4ccccc4oc3=O)nn2-c2ccc(S(N)(=O)=O)cc2)cc(OC)c1OC,IC50,2,multi-target,0,638.0580000000001,3.736200000000001,177.33999999999995,2,11,9,5,5,44,0.1034482758620689,2,0
CHEMBL568516,7.8063607,0.31343147,CCCOc1ccc2ccc(=O)oc2c1,Ki,11,multi-target,1,204.225,2.5818000000000003,39.44,0,3,3,2,2,15,0.25,0,1
CHEMBL2334352,7.622619,2.3970807,C=C(C)C(COC(=O)c1cccnc1)c1c(OC)ccc2ccc(=O)oc12,Ki,4,multi-target,0,365.3850000000001,3.713300000000003,78.63000000000001,0,6,6,3,3,27,0.1904761904761904,0,1
CHEMBL2322251,3.9371243,6.8621836,Cc1c(CCC(=O)Nc2cccc(C(=O)O)c2)c(=O)oc2c(C)c3oc4c(c3cc12)CCCC4,EC50,1,single-target,0,459.4980000000005,5.304340000000004,109.75,2,5,5,5,4,34,0.2962962962962963,1,0
CHEMBL600635,5.1536508,2.9153328,O=c1cc(-c2ccccc2)c2c(O)cc(O)cc2o1,IC50,2,multi-target,0,254.241,2.871200000000001,70.67,2,4,1,3,3,19,0.0,0,1
CHEMBL4859852,3.4200842,2.2644558,CCC(Oc1ccc2c(C)cc(=O)oc2c1)c1ccccc1,EC50,1,single-target,0,294.35,4.631520000000004,39.44,0,3,4,3,3,22,0.2105263157894736,0,1
CHEMBL4083045,8.43762,-7.712213,NS(=O)(=O)Oc1ccc2cc(-c3ccc(NC(=O)Cc4ccc(OC(F)(F)F)cc4)cc3)c(=O)oc2c1,IC50,1,single-target,0,534.4680000000002,4.122100000000002,137.93,2,7,7,4,4,37,0.0833333333333333,1,0
CHEMBL2314729,13.536363,3.3720582,COc1ccc2oc(=O)c(OC3CCN(Cc4ccccc4)CC3)cc2c1,IC50,1,single-target,0,365.4290000000001,3.8450000000000033,51.91,0,5,5,4,3,27,0.3181818181818182,0,1
CHEMBL5597494,7.830603,0.044575434,O=C(OCCCOc1ccc2ccc(=O)oc2c1)c1ccc2c(c1)no[n+]2[O-],Ki,2,multi-target,0,382.32800000000015,2.1935,118.71,0,8,6,4,4,28,0.1578947368421052,0,1
CHEMBL1287836,5.78962,3.0368552,O=c1cc(-c2ccccc2)c2cc3c(-c4ccc5c(c4)OCO5)coc3cc2o1,IC50,1,single-target,0,382.37100000000015,5.601900000000003,61.81,0,5,2,6,5,29,0.0416666666666666,1,0
CHEMBL52096,4.4829364,-1.3153042,Cc1cc(=O)oc2cc(OCCCN3CCN(c4ccccc4)CC3)ccc12,Ki,7,multi-target,1,378.472,3.6925200000000022,45.92,0,5,6,4,3,28,0.3478260869565217,0,1
CHEMBL5569915,2.842101,3.1712935,Cc1c(Cl)c(=O)oc2cc(OCC(=O)Nc3ccc(S(N)(=O)=O)cc3Cl)ccc12,Ki,8,multi-target,1,457.2910000000001,3.0731200000000003,128.7,2,6,5,3,3,29,0.1111111111111111,0,1
CHEMBL470867,6.519822,6.0663223,COc1ccc2c(=O)oc3c(OC)cc(CCN(C)C)c4c(=O)oc1c2c34,IC50,2,multi-target,0,369.37300000000016,2.611700000000001,82.12,0,7,5,4,4,27,0.3,0,1
CHEMBL4066821,2.6844664,21.410309,CO[C@H]1[C@@H](OC(=O)c2ccc[nH]2)[C@@H](O)C(Oc2ccc3c(O)c(NC(=O)c4ccc(O)c(CC(C)=C(C)C)c4)c(=O)oc3c2Cl)OC1(C)C,IC50,1,single-target,0,697.1370000000002,5.452000000000004,189.78,5,11,9,5,4,49,0.3428571428571428,3,0
CHEMBL4449383,2.5852282,6.7135863,CCCCCOc1ccc2c(C)c(CC(=O)O)c(=O)oc2c1C,IC50,1,single-target,0,318.369,3.605940000000002,76.74000000000001,1,4,7,2,2,23,0.4444444444444444,0,1
CHEMBL1340445,2.7493405,6.4940014,COC(=O)Cc1c(C)c2ccc(OCc3nn[nH]n3)c(C)c2oc1=O,AC50,4,multi-target,0,344.32700000000017,1.21744,120.2,1,8,5,3,3,25,0.3125,0,1
CHEMBL2391482,1.4974209,15.719549,O=C(CN1CCN(CCCCCCOc2ccc3c(-c4ccccc4)cc(=O)oc3c2)CC1)Nc1c2c(nc3ccccc13)CCCC2,IC50,2,multi-target,0,644.8159999999999,7.082500000000008,87.91,1,7,12,7,5,48,0.375,2,0
CHEMBL4283391,12.869836,9.432799,Cc1cc(OCCCN2CCN(c3ccc([N+](=O)[O-])cc3)CC2)c2c(C)cc(=O)oc2c1,Ki,1,single-target,0,437.49600000000027,3.9091400000000034,89.05999999999999,0,7,7,4,3,32,0.375,0,1
CHEMBL1407344,6.6497946,4.637955,CN(C)Cc1c(O)ccc2cc(-c3nc4ccccc4n3C)c(=O)oc12,AC50,1,single-target,0,349.3900000000001,3.113900000000001,71.5,1,6,3,4,4,26,0.2,0,1
CHEMBL3121867,7.795412,0.2175339,C#CCNCCOc1ccc2ccc(=O)oc2c1,IC50,2,multi-target,0,243.262,1.3946,51.47,1,4,5,2,2,18,0.2142857142857142,0,1
CHEMBL486460,13.878783,2.3303366,O=C(c1cc2ccccc2oc1=O)N1CCN(c2ccccc2)CC1,IC50,1,single-target,0,334.37500000000006,2.7554000000000016,53.760000000000005,0,4,2,4,3,25,0.2,0,1
CHEMBL4207177,3.9371881,-2.7390392,CC(=O)c1c(OCCCCN2CCN(c3ccccc3Br)CC2)ccc2c(C)cc(=O)oc12,Ki,2,multi-target,0,513.4320000000002,5.047720000000005,62.99,0,6,8,4,3,33,0.3846153846153846,2,0
CHEMBL1835809,9.607332,-1.1853366,CCN(CC)c1cc2oc(=O)ccc2cc1-c1ccc([N+](=O)[O-])cc1,IC50,1,single-target,0,338.36300000000006,4.214400000000004,76.59,0,5,5,3,3,25,0.2105263157894736,0,1
CHEMBL1835808,9.551111,-1.1824248,CCN(CC)c1cc2oc(=O)ccc2cc1-c1ccc(C#N)cc1,IC50,1,single-target,0,318.37600000000003,4.177880000000004,57.24,0,4,4,3,3,24,0.2,0,1
CHEMBL331045,8.169539,-0.5100577,CCN(CCNc1ccccc1)Cc1ccc2ccc(=O)oc2c1,Ki,1,single-target,0,322.4080000000001,3.727000000000002,45.48,1,4,7,3,3,24,0.25,0,1
CHEMBL5434421,6.3594813,8.158073,COc1ccc(Cc2c(O)c3ccccc3oc2=O)cc1,IC50,1,single-target,0,282.295,3.0980000000000008,59.67,1,4,3,3,3,21,0.1176470588235294,0,1
CHEMBL342911,7.078447,1.670746,CCOc1c2ccoc2c(OCC)c2oc(=O)ccc12,Kd,2,multi-target,0,274.27199999999993,3.3366000000000025,61.81,0,5,4,3,3,20,0.2666666666666666,0,1
CHEMBL1275886,2.6845524,21.407387,CO[C@@H]1[C@@H](OC(=O)c2ccc(C)[nH]2)[C@@H](O)[C@H](Oc2ccc3c(O)c(NC(=O)/C=C/c4ccc(O)c(Cl)c4)c(=O)oc3c2Cl)OC1(C)C,IC50,1,single-target,0,689.5010000000001,4.914620000000004,189.78,5,11,8,5,4,47,0.28125,2,0
CHEMBL1275847,2.6952622,21.392664,CO[C@@H]1[C@@H](OC(=O)c2ccc(C)[nH]2)[C@@H](O)[C@H](Oc2ccc3c(O)c(NC(=O)/C=C/c4ccccc4)c(=O)oc3c2C)OC1(C)C,IC50,1,single-target,0,618.639,4.210640000000003,169.54999999999998,4,10,8,5,4,45,0.303030303030303,1,0
CHEMBL440506,5.7923465,-8.83989,COc1ccc2c3c(c(=O)oc2c1)CN(CCc1ccccc1)CC3,Ki,2,multi-target,0,335.403,3.402400000000002,42.68,0,4,4,4,3,25,0.2857142857142857,0,1
CHEMBL1594989,6.482546,4.676545,O=c1oc2c(CN3CCOCC3)c(O)c(Cl)cc2c2c1CCCC2,IC50,1,single-target,0,349.8140000000002,2.8630000000000013,62.91000000000001,1,5,2,4,2,24,0.5,0,1
CHEMBL3948334,9.525693,-1.9517059,COc1cc2oc(=O)cc(C)c2cc1-c1ccc(C#N)n1Cc1ccccc1,IC50,1,single-target,0,370.4080000000001,4.498500000000004,68.16,0,5,4,4,4,28,0.1304347826086956,0,1
CHEMBL1993778,12.262881,1.9889416,C/C(=N/NC(N)=S)c1cc2ccc(O)cc2oc1=O,EC50,2,multi-target,0,277.30500000000006,1.0558,100.85,3,5,2,2,2,19,0.0833333333333333,0,1
CHEMBL156127,7.2995844,0.8111546,CC(C)=CCC/C(C)=C/CC/C(C)=C/COc1ccc2ccc(=O)oc2c1,IC50,2,multi-target,0,366.5010000000001,6.591000000000006,39.44,0,3,9,2,2,27,0.375,1,0
CHEMBL4105535,12.333545,2.9879322,COc1c(Br)cc2cc(C(=O)O)c(=O)oc2c1Br,EC50,1,single-target,0,377.972,3.024800000000001,76.74000000000001,1,4,2,2,2,18,0.0909090909090909,0,1
CHEMBL4776137,-9.8873625,0.1466662,COc1ccc2c(CC(=O)N[C@@H](CC(=O)O)C(=O)O[C@@H]3CC[C@@]4(C)[C@H](CC[C@@H]5[C@@H]4CC[C@]4(C)[C@@H]([C@H](C)CCC(=O)OCCOCCOCCN=[N+]=[N-])CC[C@@H]54)C3)cc(=O)oc2c1,IC50,1,single-target,0,865.0339999999997,7.177300000000009,225.66,2,12,21,6,2,62,0.717391304347826,3,0
CHEMBL3084433,10.959709,2.461863,CCN(CC)c1ccc2cc(C(=O)NCCCCn3nc(C(=O)N[C@@H]4C[C@H]5CCC[C@@H](C4)N5C)c4ccccc43)c(=O)oc2c1,Ki,1,single-target,0,612.7750000000003,4.944200000000004,112.71,2,8,11,6,4,45,0.4857142857142857,1,0
CHEMBL601700,4.6419964,3.711153,Cn1ccnc1SCc1cc(=O)oc2cc(O)ccc12,IC50,1,single-target,0,288.32800000000003,2.524400000000001,68.26,1,6,3,3,3,20,0.1428571428571428,0,1
CHEMBL1777843,10.393161,4.3298554,CCOc1cccc2cc(-c3ccccc3)c(=O)oc12,Ki,3,multi-target,0,266.296,3.8587000000000033,39.44,0,3,3,3,3,20,0.1176470588235294,0,1
CHEMBL3297793,13.0346575,1.5867629,O=C(Sc1ncccn1)c1cc2ccccc2oc1=O,IC50,1,single-target,0,284.29600000000005,2.5155000000000003,73.06,0,6,2,3,3,20,0.0,0,1
CHEMBL121993,7.652801,-0.96457773,O=c1ccc2cc(CN3CCN(c4ccccc4)CC3)ccc2o1,Ki,1,single-target,0,320.3920000000001,3.115200000000001,36.690000000000005,0,4,3,4,3,24,0.25,0,1
CHEMBL4878621,5.8396254,20.562405,CC(C)CCc1cccc(C(=O)Nc2c(O)c3ccc(NS(=O)(=O)CCc4ccccc4)cc3oc2=O)c1,IC50,2,multi-target,0,534.6340000000002,5.323900000000004,125.71,3,6,10,4,4,38,0.2413793103448276,2,0
CHEMBL5555592,13.310233,11.63307,CC(=O)OC[C@H]1O[C@@H](n2c(-c3ccccc3)cs/c2=N\N=C\c2cc(=O)oc3ccc(OCC(C)C)cc23)[C@H](OC(C)=O)[C@@H](OC(C)=O)[C@@H]1OC(C)=O,IC50,2,multi-target,0,749.7950000000003,4.548200000000004,183.52,0,16,12,5,4,53,0.3783783783783784,2,0
CHEMBL1835815,9.557849,-1.1591247,CCN(CC)c1cc2oc(=O)ccc2cc1-c1ccc(F)cc1,IC50,1,single-target,0,311.356,4.445300000000004,33.45,0,3,4,3,3,23,0.2105263157894736,0,1
CHEMBL4536655,4.208434,10.919682,O=c1oc2ccccc2c2nn(S(=O)(=O)c3ccccc3[N+](=O)[O-])cc12,IC50,4,multi-target,0,371.3300000000001,2.2879000000000005,125.31,0,8,3,4,4,26,0.0,0,1
CHEMBL1567518,13.346946,1.3732092,N#Cc1ccc(-c2ccccc2)nc1SCC(=O)c1cc2ccccc2oc1=O,EC50,1,single-target,0,398.4430000000001,4.701680000000003,83.96000000000001,0,6,5,4,4,29,0.0434782608695652,0,1
CHEMBL204119,6.3412466,6.2077312,Cc1cc(C)c2c(c1)c(=O)oc1c(C)c(O)ccc12,IC50,2,multi-target,0,254.285,3.577060000000002,50.44,1,3,0,3,3,19,0.1875,0,1
CHEMBL5555730,7.043669,1.6962404,CC(C)(O)[C@@H](O)COc1c2occc2cc2ccc(=O)oc12,Ki,1,single-target,0,304.29800000000006,2.0498,93.04,2,6,4,3,3,22,0.3125,0,1
CHEMBL2408082,24.328077,4.4385934,CC(C)(C)c1cc(C(C)(C)C)c2oc(=O)c(/C=N/c3ccc(S(=O)(=O)NC(=N)N)cc3)c(Cl)c2c1,IC50,2,multi-target,0,517.0510000000002,4.963770000000004,138.61,3,6,4,3,3,35,0.32,1,0
CHEMBL199090,0.17107251,10.627128,CC(C)=C(O)Cc1c(O)c(C(=O)CC(C)C)c(O)c2c(-c3ccccc3)cc(=O)oc12,IC50,1,single-target,0,422.47700000000015,5.494400000000006,107.97,3,6,6,3,3,31,0.28,1,0
CHEMBL442813,8.119849,1.6852156,CC(C)(O)[C@@H]1Cc2cc3ccc(=O)oc3cc2O1,IC50,1,single-target,0,246.262,1.8674,59.67,1,4,1,3,2,18,0.3571428571428571,0,1
CHEMBL4164656,-1.5952986,3.8884714,Cc1nn(-c2ccccc2)c2c1c(=O)oc1cc(Cl)ccc12,Ki,2,multi-target,0,310.73999999999995,4.093720000000002,48.03,0,4,1,4,4,22,0.0588235294117647,0,1
CHEMBL4168090,-1.5791149,3.9074469,Cc1nn(-c2ccc(C(=O)O)cc2)c2c1c(=O)oc1ccccc12,Ki,2,multi-target,0,320.30400000000003,3.1385200000000006,85.33,1,5,2,4,4,24,0.0555555555555555,0,1
CHEMBL4160386,-1.6134346,3.8560843,Cc1c2c(=O)oc3ccc(Br)cc3c2nn1-c1ccccc1,Ki,1,single-target,0,355.19100000000003,4.202820000000003,48.03,0,4,1,4,4,22,0.0588235294117647,0,1
CHEMBL4161002,6.9837947,7.793314,COc1c(C(C)=O)c(=O)oc2ccccc12,Ki,2,multi-target,0,218.208,2.0042,56.510000000000005,0,4,2,2,2,16,0.1666666666666666,0,1
CHEMBL5560480,2.6101394,3.558294,CCc1c(OCC(=O)c2ccccc2)ccc2c(C)c(CC(=O)OC)c(=O)oc12,Ki,1,single-target,0,394.4230000000002,3.641020000000003,82.81000000000002,0,6,7,3,3,29,0.2608695652173913,0,1
CHEMBL4217159,-4.486397,6.426836,C#CCN(CCCOc1ccc2ccc(=O)oc2c1)Cc1ccccc1,IC50,2,multi-target,0,347.4140000000001,3.697300000000003,42.68,0,4,8,3,3,26,0.2272727272727272,0,1
CHEMBL4172537,-1.6559769,3.8110278,Cc1nn(-c2ccccc2)c2c1c(=O)oc1ccc([N+](=O)[O-])cc12,Ki,1,single-target,0,321.29200000000003,3.348520000000001,91.17,0,6,2,4,4,24,0.0588235294117647,0,1
CHEMBL478897,10.490295,0.081603825,COC(=O)c1cc2ccc(OCCc3nc(-c4cccc([N+](=O)[O-])c4)oc3C)cc2oc1=O,EC50,1,single-target,0,450.4030000000002,4.072720000000004,134.91,0,9,7,4,4,33,0.1739130434782608,0,1
CHEMBL364885,6.631155,4.234611,O=c1ccc2ccc(O)c(CN3CCNCC3)c2o1,IC50,1,single-target,0,260.29299999999995,0.9038,65.71000000000001,2,5,2,3,2,19,0.3571428571428571,0,1
CHEMBL4085600,4.7147155,-5.6204405,O=c1oc2ccc(F)c(F)c2cc1CO[C@H]1[C@@H](O)[C@@H](CO)O[C@@H](SS[C@@H]2O[C@H](CO)[C@H](O)[C@H](n3cc(-c4cccc(F)c4)nn3)[C@H]2O)[C@@H]1O,Kd,1,single-target,0,729.7080000000001,0.8546999999999991,209.99,6,16,10,6,4,49,0.4333333333333333,3,0
CHEMBL5980199,4.1872272,2.746333,CN[C@@H](C)C(=O)N[C@H]1CN(C(=O)c2ccc(C(C)=O)cc2)c2ccccc2N(Cc2cc(=O)oc3cc(OC)ccc23)C1=O,IC50,1,single-target,0,596.6400000000002,3.2905000000000024,138.26,2,8,8,5,4,44,0.2424242424242424,1,0
CHEMBL4176638,2.520967,3.4290473,COC(=O)Cc1c(C)c2ccc(OCC(=O)c3ccc(F)cc3)cc2oc1=O,Ki,2,multi-target,0,384.3590000000001,3.2177200000000017,82.81,0,6,6,3,3,28,0.1904761904761904,0,1
CHEMBL1366195,6.285489,4.925238,CCCCN(CCCC)Cc1c(O)ccc2c3c(c(=O)oc12)CCC3,IC50,1,single-target,0,343.46700000000016,4.389500000000004,53.68,1,4,8,3,2,25,0.5714285714285714,0,1
CHEMBL3622014,2.5181875,5.063492,NS(=O)(=O)Oc1ccc2c3c(c(=O)oc2c1)CCCCCCCCCC3,IC50,1,single-target,0,379.4780000000004,3.5947000000000022,99.6,1,5,2,3,2,26,0.5263157894736842,0,1
CHEMBL4784930,16.40311,4.9082456,O=c1ccc2ccc(OCCCCCn3cc(Cn4nnc5ccccc54)nn3)cc2o1,IC50,1,single-target,0,430.4680000000001,3.426800000000002,100.86,0,9,9,5,5,32,0.2608695652173913,0,1
CHEMBL5200462,5.202182,2.8391898,O=c1cc(/N=N/N=P(CCP(=N/N=N/c2cc(=O)oc3ccccc23)(c2ccccc2)c2ccccc2)(c2ccccc2)c2ccccc2)c2ccccc2o1,IC50,1,single-target,0,772.7420000000002,10.301399999999996,134.57999999999998,0,6,11,8,8,56,0.0454545454545454,2,0
CHEMBL4749763,16.441725,4.7567387,O=c1cc(OCCCn2cc(Cn3nnc4ccccc43)nn2)c2ccccc2o1,IC50,1,single-target,0,402.41400000000016,2.6466000000000003,100.86,0,9,7,5,5,30,0.1904761904761904,0,1
CHEMBL5266061,11.211768,4.8641744,COc1ccc2oc(=O)c(-c3ccc(C(F)(F)F)cc3)cc2c1,IC50,1,single-target,0,320.266,4.487400000000003,39.44,0,3,2,3,3,23,0.1176470588235294,0,1
CHEMBL5180137,11.9975815,1.3827612,COc1ccc2cc(C(=O)Oc3cccc(/C=C/C(=O)NO)c3)c(=O)oc2c1,IC50,1,single-target,0,381.3400000000001,2.5394000000000005,115.07,2,7,5,3,3,28,0.05,0,1
CHEMBL2426553,11.524756,4.3928714,O=c1oc2cc(O)cc(O)c2cc1Oc1ccc(Cl)cc1O,IC50,1,single-target,0,320.684,3.3555,100.13,3,6,2,3,3,22,0.0,0,1
CHEMBL1743356,7.144864,1.3445842,C=C(C)C(CC/C(C)=C/COc1c2ccoc2cc2oc(=O)ccc12)OC(C)(C)C(O)CC/C(C)=C/COc1c2ccoc2cc2oc(=O)ccc12,Ki,1,single-target,0,708.8040000000002,9.4034,134.62,1,10,16,6,6,52,0.3333333333333333,2,0
CHEMBL4067437,7.747603,0.052437343,COc1ccc2cc([C@H](C)C(=O)NCCOc3ccc4ccc(=O)oc4c3)ccc2c1,Ki,2,multi-target,0,417.4610000000001,4.253500000000003,77.77,1,5,7,4,4,31,0.2,0,1
CHEMBL4293643,12.969005,9.525787,CC(=O)c1c(C)cc2oc(=O)cc(C)c2c1OCCCCN1CCN(c2cccc(Cl)c2Cl)CC1,Ki,2,multi-target,0,517.4530000000002,5.900440000000007,62.99000000000001,0,6,8,4,3,35,0.4074074074074074,2,0
CHEMBL4216262,-4.4816823,6.4227,C#CCN(CCCCOc1ccc2ccc(=O)oc2c1)Cc1ccc(C)cc1,IC50,2,multi-target,0,375.4680000000001,4.395820000000004,42.68,0,4,9,3,3,28,0.2916666666666667,0,1
CHEMBL4126439,3.8365,-2.867578,CC(=O)c1c(OCCCCN2CCN(c3ccc(Cl)cc3)CC2)ccc2c(C)cc(=O)oc12,Ki,2,multi-target,0,468.9810000000003,4.938620000000005,62.99,0,6,8,4,3,33,0.3846153846153846,0,1
CHEMBL3084431,10.950166,2.450724,CCN(CC)c1ccc2cc(C(=O)NCCCn3nc(C(=O)N[C@@H]4C[C@H]5CCC[C@@H](C4)N5C)c4ccccc43)c(=O)oc2c1,Ki,1,single-target,0,598.7480000000003,4.554100000000004,112.71,2,8,10,6,4,44,0.4705882352941176,1,0
CHEMBL4646080,13.455378,3.4620721,COc1cc2cc(NC(=O)C3CCN(Cc4ccccc4)CC3)c(=O)oc2cc1OC,IC50,1,single-target,0,422.4810000000002,3.6609000000000025,81.01,1,6,6,4,3,31,0.3333333333333333,0,1
CHEMBL1275894,2.6774735,21.415966,CO[C@@H]1[C@@H](O)[C@@H](OC(=O)c2ccc(C)[nH]2)[C@H](Oc2ccc3c(O)c(NC(=O)c4ccccc4)c(=O)oc3c2Cl)OC1(C)C,IC50,1,single-target,0,613.0190000000001,4.1560200000000025,169.54999999999998,4,10,7,5,4,43,0.3,1,0
CHEMBL1570257,12.927545,0.44618097,CCOc1ccc2nc(NC(=O)c3cccc(-c4cc5ccccc5oc4=O)c3)sc2c1,IC50,1,single-target,0,442.49600000000015,5.7207000000000034,81.43,1,6,5,5,5,32,0.08,1,0
CHEMBL410408,4.500044,3.4441502,CC(C)C[C@@H]1NC(=O)CNC(=O)[C@H](CCC(=O)O)NC(=O)[C@H](Cc2cc(=O)oc3cc(O)ccc23)NC(=O)[C@H](CCc2ccccc2)NC(=O)CC[C@@H](CC(N)=O)NC(=O)[C@H](CCC(=O)O)NC1=O,IC50,1,single-target,0,963.0109999999996,-0.8561999999999916,371.8299999999999,11,13,15,4,3,69,0.4565217391304347,3,0
CHEMBL570844,3.2370207,2.134742,Cc1cc(=O)oc2cc(OCC#N)ccc12,Ki,2,multi-target,0,215.208,2.0038,63.23,0,4,2,2,2,16,0.1666666666666666,0,1
CHEMBL1376200,6.238139,6.9239764,O=c1oc2ccccc2c2oc3cc(O)c(O)cc3c12,AC50,5,multi-target,1,268.224,3.103600000000001,83.81,2,5,0,4,4,20,0.0,0,1
CHEMBL4755707,16.466875,4.7698336,O=c1cc(OCCCn2cc(COn3nnc4ccccc43)nn2)c2ccccc2o1,IC50,1,single-target,0,418.4130000000001,2.2271,110.09,0,10,8,5,5,31,0.1904761904761904,0,1
CHEMBL1474248,11.058759,2.6572266,CCN(CC)c1ccc2cc(-c3nc(-c4ccccc4)no3)c(=O)oc2c1,EC50,1,single-target,0,361.4010000000001,4.356200000000004,72.37,0,6,5,4,4,27,0.1904761904761904,0,1
CHEMBL3785970,11.771457,7.7849107,O=C(c1ccccc1)N1N=C(c2cc3ccccc3oc2=O)CC1c1ccccc1,IC50,1,single-target,0,394.4300000000001,4.784500000000004,62.88,0,4,3,5,4,30,0.08,0,1
CHEMBL3746191,-6.6331387,8.497215,COc1ccccc1OCCNC(=O)c1cc2c(ccc3c(C)cc(=O)oc32)oc1=N,IC50,2,multi-target,0,420.42100000000016,3.144490000000001,114.76,2,7,6,4,4,31,0.1739130434782608,0,1
CHEMBL3335069,1.2482611,3.5807385,COc1cccc(CN(C)CCCCOc2ccc3c(c2)oc(=O)c2ccccc23)c1,IC50,2,multi-target,0,417.5050000000001,5.245800000000005,51.91,0,5,9,4,4,31,0.2692307692307692,1,0
CHEMBL3335030,5.0135093,-1.4850779,COc1cccc(CN2CCN(CCOc3ccc4c5c(c(=O)oc4c3)CCCC5)CC2)c1,IC50,1,single-target,0,448.5630000000004,3.8770000000000033,55.150000000000006,0,6,7,5,3,33,0.4444444444444444,0,1
CHEMBL344277,2.687568,4.0304523,Cc1ccc(S(=O)(=O)Nc2ccc3c(C)c(C)c(=O)oc3c2)cc1,IC50,1,single-target,0,343.4040000000001,3.5190600000000023,76.38,1,4,3,3,3,24,0.1666666666666666,0,1
CHEMBL2314722,13.21575,3.9847953,COc1cc2cc(NC(=O)CN(C)Cc3ccccc3)c(=O)oc2cc1OC,IC50,1,single-target,0,382.41600000000017,2.880700000000001,81.01,1,6,7,3,3,28,0.238095238095238,0,1
CHEMBL486686,3.6245182,3.490897,CC(=O)NCCCC[C@H](NC(=O)CNC(=O)[C@H](CC(C)C)NC(C)=O)C(=O)Nc1ccc2c(C)cc(=O)oc2c1,IC50,4,multi-target,0,557.6480000000003,1.4981200000000023,175.70999999999998,5,7,14,2,2,40,0.5,1,0
CHEMBL1323696,12.88356,0.47563726,COc1ccc(-c2cc3ccccc3oc2=O)cc1NC(=S)NC(=O)c1ccc2c(c1)OCCO2,IC50,1,single-target,0,488.5210000000002,4.366600000000002,99.03,2,7,4,5,4,35,0.1153846153846153,0,1
CHEMBL2048096,12.983036,5.9871287,O=c1oc2ccccc2c(O)c1-c1csc(Nc2cccc([N+](=O)[O-])c2)n1,Ki,1,single-target,0,381.3690000000001,4.273900000000001,118.5,2,8,4,4,4,27,0.0,0,1
CHEMBL256768,5.575315,7.1285744,COc1c(OC(C)C)ccc2oc(=O)c3c(ccc4[nH]c(=O)cc(C)c43)c12,IC50,1,single-target,0,365.3850000000001,3.8919200000000025,81.53,1,5,3,4,4,27,0.238095238095238,0,1
CHEMBL1603825,7.5753345,1.9443728,COc1c(CC=C(C)C)c2c(c3oc(=O)c(-c4ccc(O)cc4)c(O)c13)C=CC(C)(C)O2,IC50,2,multi-target,0,434.48800000000017,5.572700000000006,89.13000000000001,2,6,4,4,3,32,0.2692307692307692,1,0
CHEMBL4126039,6.6128025,8.345596,O=c1oc2ccccc2c(O)c1/C=C/n1cnc2c(NCc3ccccc3)ncnc21,IC50,1,single-target,0,411.4210000000001,3.878300000000002,106.07,2,8,5,5,5,31,0.0434782608695652,0,1
CHEMBL5271382,16.096685,4.854239,CCc1c(O)c(=O)cc(C)n1CCCn1cc(COc2ccc3ccc(=O)oc3c2)nn1,IC50,1,single-target,0,436.4680000000001,2.791920000000001,112.38,1,9,8,4,4,32,0.3043478260869565,0,1
CHEMBL30707,5.719559,6.370947,O=c1oc2cc(O)ccc2c2oc3cc(O)ccc3c12,IC50,6,multi-target,1,268.224,3.1036,83.81,2,5,0,4,4,20,0.0,0,1
CHEMBL4174729,4.670737,-0.59926426,Cc1cc(=O)oc2cc(OCCCCCSC(=S)N3CCCCC3)ccc12,IC50,1,single-target,0,405.58500000000015,5.154520000000005,42.68,0,5,7,3,2,27,0.5238095238095238,1,0
CHEMBL161560,19.77374,8.455983,NS(=O)(=O)c1nnc(NCc2cc(=O)oc3cc(Cl)ccc23)s1,Ki,3,multi-target,0,372.815,1.5574,128.18,2,8,4,3,3,23,0.0833333333333333,0,1
CHEMBL5079698,4.6118155,1.4874177,O=c1cc(C(F)(F)F)c2ccc(OCc3ccc(C(F)(F)F)cc3)cc2o1,IC50,1,single-target,0,388.263,5.409600000000002,39.44,0,3,3,3,3,27,0.1666666666666666,1,0
CHEMBL4294173,12.978981,9.534965,CC(=O)c1c(C)cc2oc(=O)cc(C)c2c1OCCCN1CCOCC1,Ki,1,single-target,0,359.4220000000002,2.713540000000001,68.98,0,6,6,3,2,26,0.5,0,1
CHEMBL4532366,4.275563,10.8415985,O=c1oc2ccccc2c2nn(S(=O)(=O)c3ccccc3)cc12,IC50,4,multi-target,0,326.333,2.3797000000000006,82.16999999999999,0,6,2,4,4,23,0.0,0,1
CHEMBL4750666,3.613188,0.77113914,COc1ccc(N2CCN(Cc3cc(=O)oc4cc(OCc5cccc(Cl)c5)ccc34)CC2)cc1,Ki,2,multi-target,0,490.98700000000025,5.356200000000005,55.150000000000006,0,6,7,5,4,35,0.25,1,0
CHEMBL424248,6.799359,1.6002903,O=c1ccc2c(ccc3ccccc32)o1,IC50,1,single-target,0,196.205,2.946200000000001,30.21,0,2,0,3,3,15,0.0,0,1
CHEMBL1561364,2.6126087,5.158853,CC(C)CC(C(=O)Oc1ccc2c3c(c(=O)oc2c1)CCC3)N1C(=O)c2ccccc2C1=O,IC50,1,single-target,0,445.4710000000002,3.8980000000000032,93.89,0,6,5,5,3,33,0.3076923076923077,0,1
CHEMBL4205890,-4.487281,6.429333,C#CCN(CCOc1ccc2ccc(=O)oc2c1)Cc1ccccc1,IC50,2,multi-target,0,333.38700000000006,3.3072000000000017,42.68,0,4,7,3,3,25,0.1904761904761904,0,1
CHEMBL4283586,12.979222,9.535565,CC(=O)c1c(C)cc2oc(=O)cc(C)c2c1OCCCN1CCN(c2ccc([N+](=O)[O-])cc2)CC1,Ki,2,multi-target,0,479.5330000000003,4.111740000000004,106.13000000000002,0,8,8,4,3,35,0.3846153846153846,0,1
CHEMBL4554026,6.9759927,8.820663,CC(=O)CC(c1ccc(I)cc1)c1c(O)c2ccccc2oc1=O,Ki,1,single-target,0,434.22900000000016,4.214200000000003,67.50999999999999,1,4,4,3,3,24,0.1578947368421052,0,1
CHEMBL4859492,5.842734,20.558588,CC(C)CCc1cccc(C(=O)Nc2c(O)c3ccc(NS(=O)(=O)Cc4ccccc4)cc3oc2=O)c1,Ki,2,multi-target,0,520.6070000000003,5.281400000000004,125.71,3,6,9,4,4,37,0.2142857142857142,2,0
CHEMBL5200663,8.571378,0.7274765,NC(=O)[C@H](CNC(=O)c1ccc2c(=O)[nH][nH]c(=O)c2c1)NC(=O)COc1ccc2ccc(=O)oc2c1,IC50,1,single-target,0,493.4320000000003,-0.898299999999999,206.44999999999996,5,8,8,4,4,36,0.1304347826086956,0,1
CHEMBL427120,7.319499,0.78924656,C/C(=C\COc1ccc2ccc(=O)oc2c1)CC/C=C(\C)CCC1OC1(C)C,IC50,1,single-target,0,382.50000000000017,5.802200000000006,51.97,0,4,9,3,2,28,0.4583333333333333,1,0
CHEMBL1333105,20.173243,2.2171478,CCN(CC)C(=O)CC(c1ccc(N(C)C)cc1)c1c(OC)cc(OC)c2c(-c3ccccc3)cc(=O)oc12,EC50,1,single-target,0,528.6490000000002,5.933600000000006,72.22,0,6,10,4,4,39,0.3125,2,0
CHEMBL178219,7.3174233,0.79581195,C/C(=C\COc1ccc2ccc(=O)oc2c1)CC/C=C(\C)CCC(O)C(C)(C)O,IC50,1,single-target,0,400.51500000000016,4.756600000000006,79.9,2,5,10,2,2,29,0.4583333333333333,0,1
CHEMBL178379,7.285532,0.8629179,CC(=O)Oc1ccc2c(OC(C)=O)c(C/C=C(\C)CC/C=C(\C)CCC3OC3(C)C)c(=O)oc2c1,IC50,1,single-target,0,482.5730000000004,5.816500000000006,95.34,0,7,10,3,2,35,0.4642857142857143,1,0
CHEMBL2178429,2.2799242,2.550025,Cc1cc(=O)oc2cc(OCc3nnc(SCCN4CCOCC4)s3)ccc12,Ki,1,single-target,0,419.52800000000025,2.956220000000001,77.69,0,9,7,4,3,28,0.4210526315789473,0,1
CHEMBL4469522,2.4046025,6.8692694,Cc1c(CC(=O)O)c(=O)oc2c(C)c(OCc3cc(F)cc(C(F)(F)F)c3)ccc12,IC50,1,single-target,0,424.346,4.773840000000003,76.74,1,4,5,3,3,30,0.238095238095238,0,1
CHEMBL1576446,12.889819,0.47758457,COc1cc(C(=O)NC(=S)Nc2cccc(-c3cc4ccccc4oc3=O)c2)cc(OC)c1OC,AC50,4,multi-target,0,490.5370000000003,4.612600000000003,99.03,2,7,6,4,4,35,0.1153846153846153,0,1
CHEMBL1412710,7.0911126,1.5502992,CC(C)=CCC/C(C)=C/COc1c2occc2cc2ccc(=O)oc12,Ki,1,single-target,0,338.4030000000001,5.610700000000005,52.58,0,4,6,3,3,25,0.2857142857142857,1,0
CHEMBL1431610,7.086965,3.8216155,O=c1cc(C(F)(F)F)c2cc3c4c(c2o1)CCCN4CCC3,IC50,4,multi-target,0,309.2870000000001,3.510600000000003,33.45,0,3,0,4,2,22,0.4375,0,1
CHEMBL4632495,15.493421,1.9338489,Cc1c(O)c(=O)ccn1CCNC(=O)c1cc2ccc(OCc3ccccc3[N+](=O)[O-])cc2oc1=O,IC50,1,single-target,0,491.4560000000003,2.8859200000000014,153.91000000000005,2,9,8,4,4,36,0.16,0,1
CHEMBL1940738,1.7008398,3.4124448,COc1cc2oc(=O)c(OCCCCOc3cc(O)cc(N(C)C)c3)c(C)c2cc1OC,IC50,1,single-target,0,443.49600000000015,4.128220000000003,90.6,1,8,10,3,3,32,0.375,0,1
CHEMBL1275890,2.709753,21.384163,CO[C@@H]1[C@@H](OC(=O)c2ccc(C)[nH]2)[C@@H](O)[C@H](Oc2ccc3c(O)c(NC(=O)c4cc(C)c(O)c(C)c4)c(=O)oc3c2)OC1(C)C,IC50,1,single-target,0,622.6270000000002,3.8250600000000015,189.78,5,11,7,5,4,45,0.34375,2,0
CHEMBL1947117,5.2689333,6.9627995,O=c1oc2ccc(O)cc2c2c1[nH]c1cc3c(cc12)OCO3,IC50,1,single-target,0,295.25000000000006,2.861800000000001,84.69,2,5,0,5,4,22,0.0625,0,1
CHEMBL4084690,4.4752526,-1.6041933,O=C1CCc2ccc(OCCCCN3CCCN(c4ccc(O)c5oc(=O)ccc45)CC3)cc2N1,Ki,4,multi-target,0,477.5610000000002,3.7546000000000026,95.25,2,7,7,5,3,35,0.4074074074074074,0,1
CHEMBL600016,15.954725,-2.368699,Cc1c(N2CCN(C)CC2)c(=O)oc2cc(OCCN3CCOCC3)ccc12,IC50,1,single-target,0,387.48000000000025,1.5642200000000004,58.39,0,7,5,4,2,28,0.5714285714285714,0,1
CHEMBL4635925,15.30693,1.743723,Cc1c(O)c(=O)ccn1CCNC(=O)c1cc2cccc(O)c2oc1=O,IC50,1,single-target,0,356.3340000000001,1.10432,121.77,3,7,4,3,3,26,0.1666666666666666,0,1
CHEMBL4462605,0.05967903,4.6724405,Cc1c(-c2nsc(=O)o2)c(=O)oc2cc3occ(-c4ccccc4)c3cc12,IC50,1,single-target,0,377.37700000000007,4.591320000000003,86.45,0,7,2,5,5,27,0.05,0,1
CHEMBL1333598,20.162281,2.1962547,CCN(CC)C(=O)CC(c1ccc(N(C)C)cc1)c1c(OC)cc(OC)c2ccc(=O)oc12,AC50,1,single-target,0,452.5510000000003,4.266600000000004,72.22,0,6,9,3,3,33,0.3846153846153846,0,1
CHEMBL3629466,15.654605,0.32729974,COc1ccc(/C=C/c2cc(OC)cc(OC)c2/C=C/C(=O)c2cc3ccccc3oc2=O)cc1,IC50,2,multi-target,0,468.50500000000017,5.885300000000005,74.97,0,6,8,4,4,35,0.1034482758620689,1,0
CHEMBL2442508,11.599193,2.2552595,O=C(O)c1cc2ccc(N3CCOCC3)cc2oc1=O,IC50,1,single-target,0,275.25999999999993,1.3278,79.97999999999999,1,5,2,3,2,20,0.2857142857142857,0,1
CHEMBL4855362,3.9128282,4.5816183,CCN(CC)c1ccc2c(C)c(CCOC(=O)NCc3ccccc3)c(=O)oc2c1,EC50,1,single-target,0,408.4980000000001,4.416520000000004,71.78,1,5,8,3,3,30,0.3333333333333333,0,1
CHEMBL3818884,10.607534,4.72277,O=c1oc2c(O)cccc2cc1-c1cccs1,Ki,3,multi-target,0,244.271,3.227100000000001,50.44,1,4,1,3,3,17,0.0,0,1
CHEMBL3629473,15.66509,0.3219788,COc1ccc(/C=C/c2cc(OC)cc(OC)c2/C=C/C(=O)c2cc3cc(C)ccc3oc2=O)cc1,IC50,2,multi-target,0,482.5320000000002,6.193720000000006,74.97,0,6,8,4,4,36,0.1333333333333333,1,0
CHEMBL1371259,4.272232,3.5473378,CCN(Cc1cc(=O)oc2cc(C)ccc12)c1ccccc1,AC50,1,single-target,0,293.366,4.127920000000003,33.45,0,3,4,3,3,22,0.2105263157894736,0,1
CHEMBL4581840,6.3974495,6.97138,O=c1cc(O)c2c(=O)oc3ccc4ccccc4c3c2o1,IC50,2,multi-target,0,280.235,2.7582000000000013,80.64999999999999,1,5,0,4,4,21,0.0,0,1
CHEMBL1830816,10.956618,1.4381608,CCOC(=O)c1cc2ccc(OCc3ccc(C(C)(C)C)cc3)cc2oc1=O,IC50,1,single-target,0,380.4400000000001,4.846200000000005,65.74000000000001,0,5,5,3,3,28,0.3043478260869565,0,1
CHEMBL3394544,2.9800808,4.509631,O=c1oc2cc(NCc3ccccc3O)ccc2c2c1CCC2,IC50,1,single-target,0,307.34900000000016,3.599400000000002,62.47,2,4,3,4,3,23,0.2105263157894736,0,1
CHEMBL4077242,12.90508,-7.104955,COc1ccc(C2C(C#N)=C(NC(=O)CN3CCN(c4ccccc4)CC3)Oc3c2c(=O)oc2ccccc32)cc1OC,IC50,2,multi-target,0,578.6250000000002,4.008080000000003,117.27,1,9,7,6,4,43,0.2424242424242424,1,0
CHEMBL5438522,5.628274,4.6449337,C=CC(=O)Nc1c(O)ccc2c(C)cc(=O)oc12,IC50,2,multi-target,0,245.23399999999995,1.93152,79.54,2,4,2,2,2,18,0.0769230769230769,0,1
CHEMBL2391480,1.5052203,15.71913,O=C(CN1CCN(CCCCOc2ccc3c(-c4ccccc4)cc(=O)oc3c2)CC1)Nc1c2c(nc3ccccc13)CCCC2,IC50,2,multi-target,0,616.7620000000001,6.302300000000006,87.91,1,7,10,7,5,46,0.3421052631578947,2,0
CHEMBL3417298,0.8626363,15.556133,COc1cc(=O)oc2cc(OCCN3CCN(CCCNc4c5c(nc6ccccc46)CCCC5)CC3)ccc12,IC50,3,multi-target,0,542.6800000000004,4.727200000000004,80.07000000000001,1,8,10,6,4,40,0.4375,1,0
CHEMBL3577084,8.542924,1.8973495,C=CC(C)(C)c1cc2cc3c(cc2oc1=O)O[C@H](C(C)(C)OC(C)=O)C3,EC50,1,single-target,0,356.4180000000001,3.9018000000000015,65.74000000000001,0,5,4,3,2,26,0.4285714285714285,0,1
CHEMBL3360625,4.0053864,12.040068,O=C(Cn1ncc2c(=O)oc3ccccc3c21)Nc1ccc(F)cc1,IC50,1,single-target,0,337.31,2.9205000000000005,77.13,1,5,3,4,4,25,0.0555555555555555,0,1
CHEMBL488076,4.2414546,5.402387,CC(=O)COc1ccc2c3c(c(=O)oc2c1C)CCC3,IC50,2,multi-target,0,272.3,2.557920000000001,56.510000000000005,0,4,3,3,2,20,0.375,0,1
CHEMBL4781169,3.6546848,0.7538024,COc1ccc(N2CCN(Cc3cc(=O)oc4cc(OCc5ccccc5)ccc34)CC2)cc1,Ki,2,multi-target,0,456.54200000000026,4.702800000000004,55.150000000000006,0,6,7,5,4,34,0.25,0,1
CHEMBL2393508,6.1515756,-1.0198545,O=C(COc1cc(=O)oc2ccccc12)NC1CCN(Cc2ccccc2)CC1,IC50,2,multi-target,0,392.4550000000002,2.952600000000001,71.78,1,5,6,4,3,29,0.3043478260869565,0,1
CHEMBL3623664,15.955477,4.216379,O=c1ccc2ccc(OCc3cn(-c4cccc(F)c4)nn3)cc2o1,Ki,3,multi-target,0,337.31000000000006,3.091800000000001,70.15,0,6,4,4,4,25,0.0555555555555555,0,1
CHEMBL511967,12.98015,0.97193,Cc1cccc(NC(=O)c2cc3ccccc3oc2=O)c1C,IC50,2,multi-target,0,293.32200000000006,3.6621400000000017,59.31,1,3,2,3,3,22,0.1111111111111111,0,1
CHEMBL5838337,6.141247,3.1983953,COc1cccc(-c2c(C)c(=O)oc3c(C)c4occ(C)c4cc23)c1,IC50,1,single-target,0,334.37100000000004,5.140060000000004,52.58,0,4,2,4,4,25,0.1904761904761904,1,0
CHEMBL488688,7.6219964,-0.9597636,O=c1cc(Cl)c2cc(CN3CCN(c4ccccc4)CC3)ccc2o1,IC50,1,single-target,0,354.8370000000001,3.768600000000003,36.690000000000005,0,4,3,4,3,25,0.25,0,1
CHEMBL1411433,3.595252,3.4767454,Cc1cc(=O)oc2cc(NC(=O)c3cccc(F)c3)ccc12,IC50,1,single-target,0,297.285,3.492820000000002,59.31,1,3,2,3,3,22,0.0588235294117647,0,1
CHEMBL1453194,10.459462,4.250953,COc1cccc2cc(-c3nc4ccccc4o3)c(=O)oc12,EC50,1,single-target,0,293.278,3.6098000000000026,65.47,0,5,2,4,4,22,0.0588235294117647,0,1
CHEMBL1688907,8.69726,10.936018,N#Cc1ccc(Oc2ccc3c(Cn4ccnc4)cc(=O)oc3c2)cc1,IC50,1,single-target,0,343.3420000000001,3.701780000000002,81.05,0,6,4,4,4,26,0.05,0,1
CHEMBL1688894,8.91795,11.163641,O=c1cc(Cn2ccnc2)c2ccc(OCc3cccc(OC(F)(F)F)c3)cc2o1,IC50,3,multi-target,0,416.3550000000001,4.515400000000003,66.49000000000001,0,6,6,4,4,30,0.1428571428571428,0,1
CHEMBL5575646,2.3232064,6.985115,Cc1c(CC(=O)O)c(=O)oc2c(Br)c(OCc3cccc(I)c3)ccc12,IC50,1,single-target,0,529.1240000000001,4.674620000000004,76.74,1,4,5,3,3,26,0.1578947368421052,1,0
CHEMBL1800956,-3.9742317,-0.49516276,CN(C)c1ccc2c(CC(=O)NCCNC(=O)[C@@]3(C)CC[C@]4(C)CC[C@]5(C)C(=CC(=O)[C@@H]6[C@@]7(C)CC[C@H](O)C(C)(C)[C@@H]7CC[C@]65C)[C@@H]4C3)cc(=O)oc2c1,Kd,1,single-target,0,742.0140000000001,6.975500000000008,128.95,3,7,7,7,2,54,0.6888888888888889,2,0
CHEMBL1561144,3.7569075,6.6728625,CC[C@@H](C)[C@H](NC(=O)Cc1c(C)c2cc3c(C)coc3c(C)c2oc1=O)C(=O)O,AC50,1,single-target,0,399.4430000000002,3.622460000000002,109.75,2,5,6,3,3,29,0.4090909090909091,0,1
CHEMBL4800510,7.210999,7.8110657,CCCCCC/N=C(\C)c1c(O)c2ccccc2oc1=O,IC50,1,single-target,0,287.3590000000001,3.887900000000003,62.8,1,4,6,2,2,21,0.4117647058823529,0,1
CHEMBL5418748,7.8473225,0.22331609,CCOc1cccc2cc(CNCCCCOc3ccc4ccc(=O)oc4c3)oc12,EC50,1,single-target,0,407.46600000000007,4.886700000000004,73.84,1,6,10,4,4,30,0.2916666666666667,0,1
CHEMBL1288621,7.6663723,2.4351144,CCC(=O)c1c(OC)ccc2ccc(=O)oc12,Ki,2,multi-target,0,232.235,2.3943000000000003,56.510000000000005,0,4,3,2,2,17,0.2307692307692307,0,1
CHEMBL4865493,13.255065,2.9008272,CCCN(C(=O)c1cc2cc([N+](=O)[O-])c(O)c(O)c2oc1=O)[C@@H]1CCc2nc(N)sc2C1,IC50,1,single-target,0,460.4680000000003,2.5608000000000004,173.03,3,10,5,4,3,32,0.35,0,1
CHEMBL450518,12.884546,0.91783553,COc1ccc(NC(=O)c2cc3ccccc3oc2=O)cc1OC,IC50,2,multi-target,0,325.3200000000001,3.0625000000000018,77.77,1,5,4,3,3,24,0.1111111111111111,0,1
CHEMBL469362,12.866075,0.9836514,COc1cccc(NC(=O)c2cc3ccccc3oc2=O)c1,IC50,1,single-target,0,295.29400000000004,3.0539000000000005,68.53999999999999,1,4,3,3,3,22,0.0588235294117647,0,1
CHEMBL4088820,23.292728,11.864756,COc1ccc(Nc2ncnc3c2C(c2cccc(O)c2)c2c(c(=O)oc4ccccc24)O3)cc1,IC50,1,single-target,0,465.46500000000026,5.326700000000004,106.71,2,8,4,6,5,35,0.074074074074074,1,0
CHEMBL413793,12.707077,4.55289,COc1ccc2cc(-c3ccc(CN(C)Cc4ccccc4)cc3)c(=O)oc2c1,IC50,1,single-target,0,385.4630000000001,5.1006000000000045,42.68,0,4,6,4,4,29,0.16,1,0
CHEMBL108928,2.0705276,3.1658132,Cc1c(C)c2ccc(OCc3cc(F)cc(F)c3)cc2oc1=O,IC50,3,multi-target,0,316.30300000000005,4.267040000000003,39.44,0,3,3,3,3,23,0.1666666666666666,0,1
CHEMBL2178437,2.360456,2.4945343,Cc1cc(=O)oc2cc(OCc3nnc(S)n3-c3ccc(Cl)cc3)ccc12,Ki,1,single-target,0,399.8590000000001,4.203220000000003,70.15,1,7,4,4,4,27,0.1052631578947368,0,1
CHEMBL3612352,2.6271794,5.2824993,NP(=S)(Oc1ccc2c3c(c(=O)oc2c1)CCCCC3)Oc1ccc2c3c(c(=O)oc2c1)CCCCC3,IC50,1,single-target,0,537.5740000000004,6.078200000000005,104.90000000000002,1,7,4,6,4,37,0.3571428571428571,2,0
CHEMBL261414,6.4138145,4.531911,Cc1cc(=O)oc2c(CN3CCCCC3)c(O)ccc12,AC50,1,single-target,0,273.33199999999994,2.7929200000000014,53.68000000000001,1,4,2,3,2,20,0.4375,0,1
CHEMBL410266,7.2669773,8.615978,O=c1oc2ccccc2c(O)c1C(c1ccccc1Br)c1c(O)c2ccccc2oc1=O,IC50,1,single-target,0,491.2930000000002,5.253300000000003,100.88,2,6,3,5,5,32,0.04,1,0
CHEMBL303027,11.025993,5.074485,CC(=O)Oc1ccc(-c2cc3cc(OC(C)=O)ccc3oc2=O)cc1,IC50,1,single-target,0,338.31500000000005,3.3106000000000018,82.81,0,6,3,3,3,25,0.1052631578947368,0,1
CHEMBL1382643,4.538785,5.0832553,CCc1cc(=O)oc2c(C)c(OC(C)C(=O)NC3CC(C)(C)NC(C)(C)C3)ccc12,AC50,3,multi-target,0,414.5460000000002,3.8565200000000015,80.57,2,5,5,3,2,30,0.5833333333333334,0,1
CHEMBL1288560,8.088936,1.3421302,CCCOc1cc2oc(=O)ccc2cc1C(C)=O,Ki,1,single-target,0,246.262,2.7844000000000007,56.51,0,4,4,2,2,18,0.2857142857142857,0,1
CHEMBL1462074,4.974006,3.3344162,Cc1cc(C)c2c(CCl)cc(=O)oc2c1,IC50,1,single-target,0,222.671,3.148640000000002,30.21,0,2,1,2,2,15,0.25,0,1
CHEMBL1411619,12.051006,2.018578,COc1ccc2cc(C(C)=O)c(=O)oc2c1,IC50,1,single-target,0,218.208,2.0042,56.510000000000005,0,4,2,2,2,16,0.1666666666666666,0,1
CHEMBL1835835,9.046127,-0.94483256,O=c1ccc2cc(-c3ccco3)ccc2o1,IC50,1,single-target,0,212.204,3.0530000000000017,43.35,0,3,1,3,3,16,0.0,0,1
CHEMBL2178427,2.3140953,2.5175214,Cc1cc(=O)oc2cc(OCc3nnc(SCCN4CCOCC4)o3)ccc12,Ki,1,single-target,0,403.46000000000026,2.4877200000000004,90.83,0,9,7,4,3,28,0.4210526315789473,0,1
CHEMBL1835816,9.54841,-1.1810572,CCN(CC)c1cc2oc(=O)ccc2cc1-c1cccc(C#N)c1,IC50,1,single-target,0,318.37600000000003,4.177880000000004,57.24,0,4,4,3,3,24,0.2,0,1
CHEMBL267270,1.0236853,-3.2261362,O=c1cc(C(F)(F)F)c2cc3c(cc2o1)NCCC3C(F)(F)F,IC50,2,multi-target,0,337.219,4.273300000000002,42.24,1,3,0,3,2,23,0.3571428571428571,0,1
CHEMBL2316593,6.992044,8.824602,NC(=S)N/N=C(/CC(c1ccccc1)c1c(O)c2ccccc2oc1=O)c1ccc(-c2ccc(Br)cc2)cc1,IC50,1,single-target,0,598.5220000000003,6.687600000000006,100.85,3,5,7,5,5,39,0.064516129032258,2,0
CHEMBL2177261,-1.4526817,5.962082,CCCCCc1cc(OC)c2cc(Cc3cccc(Cl)c3)c(=O)oc2c1,Ki,2,multi-target,0,370.8760000000001,5.778500000000004,39.44,0,3,7,3,3,26,0.3181818181818182,1,0
CHEMBL2387535,-1.0148487,6.016052,Cc1c(O)c(C)c2cc(Cc3ccccc3)c(=O)oc2c1C,IC50,2,multi-target,0,294.35,4.014660000000003,50.44,1,3,2,3,3,22,0.2105263157894736,0,1
CHEMBL487050,4.2704697,5.380102,COc1c(OCC(C)=O)ccc2c3c(c(=O)oc12)CCC3,IC50,2,multi-target,0,288.2990000000001,2.2581,65.74000000000001,0,5,4,3,2,21,0.375,0,1
CHEMBL372943,6.5172057,2.2822635,Cc1cc(=O)oc2cc(OC3CCCC3=O)ccc12,IC50,2,multi-target,0,258.273,2.601820000000001,56.51,0,4,2,3,2,19,0.3333333333333333,0,1
CHEMBL2391481,1.4977783,15.720114,O=C(CN1CCN(CCCCCOc2ccc3c(-c4ccccc4)cc(=O)oc3c2)CC1)Nc1c2c(nc3ccccc13)CCCC2,IC50,2,multi-target,0,630.789,6.692400000000006,87.91,1,7,11,7,5,47,0.358974358974359,2,0
CHEMBL4646356,4.6212764,3.5791428,O=C(N[C@@H](CSCc1cc(=O)oc2cc(O)ccc12)C(=O)O)OCC1c2ccccc2-c2ccccc21,IC50,1,single-target,0,517.5590000000003,4.723700000000004,126.07000000000002,3,7,8,5,4,37,0.1785714285714285,1,0
CHEMBL3427395,6.0694423,11.459736,O=C(O)/C=C/c1ccc(Cc2c(-c3ccc(F)cc3Cl)c(=O)oc3cc(O)ccc23)cc1,IC50,1,single-target,0,450.8490000000001,5.646700000000004,87.74,2,4,5,4,4,32,0.04,1,0
CHEMBL3410718,13.276337,2.709212,O=C(NC1CCCCC1)c1cc2cc(Br)cc(OCC3CC3)c2oc1=O,IC50,1,single-target,0,420.3030000000003,4.406800000000004,68.53999999999999,1,4,5,4,2,26,0.5,0,1
CHEMBL19004,2.1835282,2.8158553,Cc1c(C)c2ccc(OCc3nnc(C(C)C)s3)cc2oc1=O,IC50,2,multi-target,0,330.40900000000005,3.963740000000002,65.22,0,6,4,3,3,23,0.3529411764705882,0,1
CHEMBL605581,15.993271,-2.3818896,Cc1c(N2CCN(C)CC2)c(=O)oc2cc3c(cc12)OCO3,IC50,1,single-target,0,302.3300000000001,1.58192,55.150000000000006,0,6,1,4,2,22,0.4375,0,1
CHEMBL2114277,7.8182216,8.278244,CO[C@@]1(C)C[C@H](c2ccccc2)c2c(c3ccccc3oc2=O)O1,Ki,1,single-target,0,322.3600000000001,4.070000000000004,48.67,0,4,2,4,3,24,0.25,0,1
CHEMBL18504,2.5209932,4.218096,CCS(=O)(=O)Oc1ccc2c(C)c(C)c(=O)oc2c1,IC50,2,multi-target,0,282.317,2.1383400000000004,73.58000000000001,0,5,3,2,2,19,0.3076923076923077,0,1
CHEMBL4078051,12.903854,-7.099931,N#CC1=C(NC(=O)CN2CCOCC2)Oc2c(c(=O)oc3ccccc23)C1c1ccc(Cl)cc1,IC50,2,multi-target,0,477.9040000000001,3.1542800000000017,104.8,1,7,4,5,3,34,0.24,0,1
CHEMBL4528042,5.8714414,-0.10615984,O=c1cc(OCCCN2CCN(c3ccccc3F)CC2)c2ccccc2o1,IC50,1,single-target,0,382.4350000000002,3.523200000000002,45.92,0,5,6,4,3,28,0.3181818181818182,0,1
CHEMBL598785,3.854795,6.6823063,Cc1c(CC(=O)N[C@@H](Cc2c[nH]c3ccc(O)cc23)C(=O)O)c(=O)oc2cc3occ(C(C)(C)C)c3cc12,IC50,1,single-target,0,516.5500000000004,4.686620000000003,145.76999999999998,4,6,6,5,5,38,0.2758620689655172,1,0
CHEMBL5094619,4.585027,1.4753988,COc1ccc(COc2ccc3c(C(F)(F)F)cc(=O)oc3c2)cc1,IC50,1,single-target,0,350.2920000000001,4.399400000000004,48.67,0,4,4,3,3,25,0.1666666666666666,0,1
CHEMBL4084514,7.427505,8.823483,O=C1C(O)=C(C(c2ccc(Br)cc2)c2c(O)c3ccccc3oc2=O)C(=O)c2ccccc21,IC50,1,single-target,0,503.30400000000026,5.284300000000004,104.81,2,6,3,5,4,33,0.0384615384615384,2,0
CHEMBL4639627,5.6739006,3.7494013,O=c1cc(-c2ccc(O)c(O)c2)c2cc(O)cc(O)c2o1,IC50,2,multi-target,0,286.23900000000003,2.2824000000000004,111.13,4,6,1,3,3,21,0.0,0,1
CHEMBL3093998,3.0604413,1.1036103,CCCOc1cc(=O)oc2cc(OCc3ccccc3)ccc12,IC50,1,single-target,0,310.349,4.160800000000004,48.67,0,4,6,3,3,23,0.2105263157894736,0,1
CHEMBL3758686,4.9053655,3.3254545,CC(C)(C)c1ccc2oc(=O)cc(CCl)c2c1,IC50,1,single-target,0,250.725,3.8293000000000026,30.21,0,2,1,2,2,17,0.3571428571428571,0,1
CHEMBL4453182,11.370373,-8.694807,Cc1c(NCCCN2CCN(c3nccc4ccc(F)cc34)CC2)c2ccccc2oc1=O,IC50,3,multi-target,0,446.5260000000003,4.412920000000004,61.61,1,6,6,5,4,33,0.3076923076923077,0,1
CHEMBL2391478,1.4957064,15.719304,O=C(CN1CCN(CCOc2ccc3c(-c4ccccc4)cc(=O)oc3c2)CC1)Nc1c2c(nc3ccccc13)CCCC2,IC50,2,multi-target,0,588.7080000000001,5.522100000000005,87.91,1,7,8,7,5,44,0.3055555555555556,2,0
CHEMBL4129493,13.034546,0.9967342,Cc1ccc(-n2c(-c3cc4ccccc4oc3=O)cs/c2=N/NC(=O)c2cc3ccccc3oc2=O)c(C)c1,IC50,1,single-target,0,535.5810000000002,5.281140000000004,106.81,1,8,4,6,6,39,0.0666666666666666,2,0
CHEMBL2391654,1.450706,15.749915,O=C(CN1CCN(CCCOc2ccc3ccc(=O)oc3c2)CC1)Nc1c2c(nc3ccccc13)CCCC2,IC50,2,multi-target,0,526.6370000000003,4.245200000000003,87.91,1,7,8,6,4,39,0.3870967741935484,1,0
CHEMBL1830820,12.363737,1.9672413,O=C(O)c1cc2cc(O)ccc2oc1=O,IC50,1,single-target,0,206.153,1.1968,87.74000000000001,2,4,1,2,2,15,0.0,0,1
CHEMBL1940735,4.414549,-1.7499703,COc1cc2oc(=O)c(C)c(C)c2cc1OCCCN1CCN(c2ccccc2OC)CC1,IC50,1,single-target,0,452.5510000000003,4.018140000000003,64.38000000000001,0,7,8,4,3,33,0.4230769230769231,0,1
CHEMBL3286722,5.551321,-0.69480723,O=C(CCCOc1ccc2ccc(=O)oc2c1)N1CCN(c2ccccc2O)CC1,IC50,1,single-target,0,408.4540000000002,3.006400000000001,83.22000000000001,1,6,6,4,3,30,0.3043478260869565,0,1
CHEMBL5430511,12.969177,5.826453,O=c1oc2ccccc2cc1-c1csc(/N=C/c2ccc(Cl)cc2)n1,IC50,1,single-target,0,366.829,5.320500000000003,55.46,0,5,3,4,4,25,0.0,1,0
CHEMBL4633026,6.9523907,8.858521,CCCCOP(=O)(OCCCC)Oc1c(C(CC(C)=O)c2ccccc2)c(=O)oc2ccccc12,IC50,1,single-target,0,500.52800000000025,7.024300000000008,92.04,0,7,14,3,3,35,0.4074074074074074,2,0
CHEMBL3823689,23.636698,3.2031214,NS(=O)(=O)c1ccc(-n2nc(C(=O)N/N=C/c3c(Cl)c4ccccc4oc3=O)cc2-c2ccc(O)cc2)cc1,IC50,1,single-target,0,563.9790000000003,3.416000000000002,169.88,3,9,6,5,5,39,0.0,1,0
CHEMBL5590915,13.209323,1.3159915,CCCCNc1nc2oc(C)c(C(=O)NNC(=O)c3cc4ccccc4oc3=O)c2c(=O)n1-c1ccccc1,IC50,1,single-target,0,527.5370000000003,3.680320000000002,148.47,3,9,7,5,5,39,0.1785714285714285,1,0
CHEMBL4453856,7.112319,-3.1984122,Cc1c(C)c2ccc(OCC3CCCN(CCCO)C3)cc2oc1=O,IC50,3,multi-target,0,345.439,2.883040000000001,62.91,1,5,6,3,2,25,0.55,0,1
CHEMBL4638199,3.7961614,2.3184123,COc1ccc(-c2cc(=O)oc3cc(OCC(=O)N[C@H](C(=O)O)c4ccccc4)ccc23)cc1,IC50,1,single-target,0,459.45400000000006,3.789500000000002,115.07,2,6,8,4,4,34,0.1153846153846153,0,1
CHEMBL2314720,13.555761,3.320956,COc1cc2cc(C(=O)OC3CCN(Cc4ccccc4)CC3)c(=O)oc2cc1OC,IC50,1,single-target,0,423.4650000000002,3.6316000000000015,78.21000000000001,0,7,6,4,3,31,0.3333333333333333,0,1
CHEMBL3335046,5.057529,-1.4051613,O=c1oc2cc(OCCCN3CCC(Cc4ccccc4)CC3)ccc2c2c1CCCC2,IC50,1,single-target,0,431.5760000000003,5.395400000000006,42.68,0,4,7,5,3,32,0.4642857142857143,1,0
CHEMBL5402126,11.300862,4.9179473,COc1ccc(-c2cc3cc([N+](=O)[O-])ccc3oc2=O)cc1,IC50,1,single-target,0,297.266,3.376800000000002,82.58000000000001,0,5,3,3,3,22,0.0625,0,1
CHEMBL2321884,3.8698554,6.8240376,Cc1c(CCC(=O)Nc2cccc(C(=O)O)c2)c(=O)oc2cc3occ(C(C)(C)C)c3cc12,EC50,1,single-target,0,447.4870000000003,5.414620000000005,109.75,2,5,5,4,4,33,0.2692307692307692,1,0
CHEMBL3914106,13.559266,0.96648914,Cc1ccnc(NS(=O)(=O)c2ccc(N/C=C\C(=O)c3cc4ccccc4oc3=O)cc2)n1,IC50,1,single-target,0,462.48700000000025,3.500720000000001,131.26,2,8,7,4,4,33,0.0434782608695652,0,1
CHEMBL4776848,3.6861956,3.498751,Cc1cc(=O)oc2cc(NC(=O)Cn3cc(F)c(=O)[nH]c3=O)ccc12,Ki,2,multi-target,0,345.28600000000006,0.7292199999999998,114.17,2,6,3,3,3,25,0.125,0,1
CHEMBL4462737,5.1877575,-3.5935528,COc1cc2c(cc1OC)CN(CCc1ccc(COc3ccc4c(C)c(C)c(=O)oc4c3)cc1)CC2,IC50,1,single-target,0,499.6070000000003,5.606840000000006,61.14,0,6,8,5,4,37,0.3225806451612903,1,0
CHEMBL5220512,23.620634,-6.826045,COc1cc(/C=C/C(=O)OCCCN(CCCCCOC(=O)c2c3ccccc3cc3ccccc23)CCCOc2ccc3ccc(=O)oc3c2)cc(OC)c1OC,Ki,2,multi-target,0,787.9060000000001,8.870100000000004,122.97,0,11,21,6,6,58,0.2978723404255319,3,0
CHEMBL3827284,15.757693,4.0316257,CCCCCCCNC(=O)Oc1cccc(Cn2cc(COc3ccc4ccc(=O)oc4c3)nn2)c1,IC50,3,multi-target,0,490.5600000000003,5.070600000000004,108.48,1,8,12,4,4,36,0.3333333333333333,1,0
CHEMBL5220158,14.24475,2.7223246,COc1ccc2cc(-n3cc(COc4nc(-c5ccccn5)sc4C(N)=O)nn3)c(=O)oc2c1,IC50,1,single-target,0,476.4740000000002,2.5786999999999995,148.25,1,11,7,5,5,34,0.0909090909090909,1,0
CHEMBL5219238,23.479948,-6.684568,COc1cc(C(=O)OCCCCCN(CCCOC(=O)c2cc(OC)c(OC)c(OC)c2)CCCOc2ccc3ccc(=O)oc3c2)cc(OC)c1OC,Ki,2,multi-target,0,751.8260000000002,6.189900000000007,150.65999999999997,0,14,23,4,4,54,0.425,3,0
CHEMBL3596578,7.8446803,2.3871636,C/C=C(\C)C(=O)OC1c2c(ccc3ccc(=O)oc23)OC(C)(C)C1OC(=O)/C(C)=C/C,IC50,1,single-target,0,426.46500000000026,4.392500000000004,92.04000000000002,0,7,4,3,2,31,0.375,0,1
CHEMBL4087376,11.095897,1.148381,CCCOc1ccc2cc(C(=O)NCc3ccc(C(=O)Nc4ccccc4N)cc3)c(=O)oc2c1,IC50,1,single-target,0,471.51300000000015,4.346300000000002,123.65999999999998,3,6,8,4,4,35,0.1481481481481481,0,1
CHEMBL4202569,-4.5309763,6.4714694,C#CCN(CCCCOc1ccc2ccc(=O)oc2c1)Cc1cccc(OC)c1,IC50,2,multi-target,0,391.46700000000016,4.096000000000004,51.91,0,5,10,3,3,29,0.2916666666666667,0,1
CHEMBL1500375,4.9878616,3.473488,CN(CCC#N)Cc1cc(=O)oc2ccc3ccccc3c12,AC50,1,single-target,0,292.338,3.291680000000002,57.24,0,4,4,3,3,22,0.2222222222222222,0,1
CHEMBL342724,2.0154622,3.3004794,Cc1c(C)c2cc(OCc3ccccc3)c(O)cc2oc1=O,IC50,2,multi-target,0,296.32200000000006,3.694440000000003,59.67,1,4,3,3,3,22,0.1666666666666666,0,1
CHEMBL1550032,2.5264635,6.2812967,Cc1c(CCC(=O)O)c(=O)oc2c(C)c(OCc3ccccc3Cl)ccc12,IC50,6,multi-target,1,386.831,4.659440000000004,76.74,1,4,6,3,3,27,0.238095238095238,0,1
CHEMBL83568,11.7809,1.3193433,Cc1ccccc1OC(=O)c1cc2cc(CCl)ccc2oc1=O,Ki,1,single-target,0,328.7510000000001,4.059420000000003,56.51,0,4,3,3,3,23,0.1111111111111111,0,1
CHEMBL4797927,-9.887379,0.1466704,COc1ccc2c(CC(=O)N[C@@H](CC(=O)O)C(=O)O[C@@H]3CC[C@@]4(C)[C@H](CC[C@@H]5[C@@H]4CC[C@]4(C)[C@@H]([C@H](C)CCC(=O)OCCOCCN=[N+]=[N-])CC[C@@H]54)C3)cc(=O)oc2c1,IC50,1,single-target,0,820.9809999999998,7.160700000000008,216.43,2,11,18,6,2,59,0.7045454545454546,3,0
CHEMBL3902465,1.6527573,-1.399864,COc1cc(OC)cc(OCCCCOc2c3ccoc3cc3oc(=O)ccc23)c1,EC50,2,multi-target,0,410.4220000000001,4.794400000000005,80.27000000000001,0,7,9,4,4,30,0.2608695652173913,0,1
CHEMBL3297795,12.840022,1.6528754,O=C(Sc1ccc(Br)cc1)c1cc2cc(Br)c(Br)cc2oc1=O,IC50,1,single-target,0,519.008,6.013000000000003,47.28,0,4,2,3,3,23,0.0,2,0
CHEMBL5407586,6.2649865,-2.1296074,Cc1ccc(CNC2CCN(CCCOc3cc(=O)oc4cc(-c5cccnc5)ccc34)CC2)cc1,IC50,2,multi-target,0,483.61200000000025,5.186520000000005,67.6,1,6,9,5,4,36,0.3333333333333333,1,0
CHEMBL3764276,6.0273347,-1.2162534,O=c1ccc2ccc(OCCNC3CCN(Cc4ccccc4)CC3)cc2o1,IC50,3,multi-target,0,378.4720000000001,3.426000000000002,54.71,1,5,7,4,3,28,0.3478260869565217,0,1
CHEMBL4851932,5.745193,20.66189,CC(C)CCc1cccc(C(=O)Nc2c(O)c3ccc(O)cc3oc2=O)c1,Kd,2,multi-target,0,367.4010000000001,4.045100000000003,99.77,3,5,5,3,3,27,0.238095238095238,0,1
CHEMBL3764334,5.9672422,-1.2565149,O=c1cc(-c2ccccc2)c2ccc(OCCNC3CCN(Cc4ccccc4)CC3)cc2o1,IC50,3,multi-target,0,454.5700000000003,5.093000000000004,54.71,1,5,8,5,4,34,0.2758620689655172,1,0
CHEMBL1416014,6.5329723,8.499261,Nc1c(NCCc2ccccc2)c2ccccc2oc1=O,EC50,1,single-target,0,280.32700000000006,3.0298000000000016,68.25999999999999,2,4,4,3,3,21,0.1176470588235294,0,1
CHEMBL4102954,11.110704,1.1282256,COc1ccc(COc2ccc3cc(C(=O)NCc4ccc(C(=O)Nc5ccccc5N)cc4)c(=O)oc3c2)cc1,IC50,1,single-target,0,549.5830000000003,5.145100000000003,132.89,3,7,9,5,5,41,0.09375,2,0
CHEMBL1275841,2.673861,21.41963,CO[C@@H]1[C@@H](OC(=O)c2ccc(C)[nH]2)[C@@H](O)[C@H](Oc2ccc3c(O)c(NC(=O)c4ccccc4)c(=O)oc3c2Cl)OC1(C)C,IC50,1,single-target,0,613.0190000000001,4.1560200000000025,169.54999999999998,4,10,7,5,4,43,0.3,1,0
CHEMBL4105101,8.47158,-7.7442827,NS(=O)(=O)Oc1ccc2cc(-c3ccc(NC(=O)c4c(F)c(F)c(F)c(F)c4F)cc3)c(=O)oc2c1,IC50,1,single-target,0,526.3950000000002,3.9901000000000018,128.7,2,6,5,4,4,36,0.0,1,0
CHEMBL4445433,4.152156,11.01385,Cc1ccc(C)c(S(=O)(=O)N2CCN(Cn3cc4c(=O)oc5ccccc5c4n3)CC2)c1,IC50,4,multi-target,0,452.5360000000002,2.7235400000000016,88.65,0,7,4,5,4,32,0.3043478260869565,0,1
CHEMBL1403554,11.698163,5.040716,Cc1ccc(-c2noc(-c3cc4ccccc4oc3=O)n2)cc1,AC50,3,multi-target,0,304.30500000000006,3.8184200000000033,69.13,0,5,2,4,4,23,0.0555555555555555,0,1
CHEMBL3828281,15.801758,4.0579996,O=C(NCCCCCc1ccccc1)Oc1cccc(-n2cc(COc3ccc4ccc(=O)oc4c3)nn2)c1,IC50,3,multi-target,0,524.5770000000003,5.454100000000006,108.48,1,8,11,5,5,39,0.2,2,0
CHEMBL3827189,0.3539285,3.55545,CN(CCCOc1ccc2cc(-c3ccc(Cl)cc3)c(=O)oc2c1)Cc1cccc(OC(=O)NCCCCCc2ccccc2)c1,IC50,3,multi-target,0,639.1920000000001,8.515700000000004,81.00999999999999,1,6,15,5,5,46,0.2631578947368421,2,0
CHEMBL4545793,4.9990573,3.312032,Cc1cc(C)c2c(CP(=O)(O)O)cc(=O)oc2c1,Ki,1,single-target,0,268.205,2.08754,87.74,2,3,2,2,2,18,0.25,0,1
CHEMBL3828696,15.760471,4.048836,CCCCCCCNC(=O)Oc1ccc(Cn2cc(COc3ccc4ccc(=O)oc4c3)nn2)cc1,IC50,3,multi-target,0,490.5600000000003,5.070600000000004,108.48,1,8,12,4,4,36,0.3333333333333333,1,0
CHEMBL111310,1.9933568,3.2075467,COc1cccc(COc2ccc3c(C)c(C)c(=O)oc3c2)c1,IC50,4,multi-target,0,310.34900000000005,3.997440000000004,48.67,0,4,4,3,3,23,0.2105263157894736,0,1
CHEMBL3763535,5.9158564,-1.3045822,O=c1oc2cc(OCCNC3CCN(Cc4ccccc4)CC3)ccc2c2c1CCCC2,IC50,5,multi-target,1,432.5640000000003,4.304800000000004,54.71,1,5,7,5,3,32,0.4444444444444444,0,1
CHEMBL4778947,-4.083664,-0.5908811,COc1ccc(S(=O)(=O)N(CC(C)C)C[C@@H](O)[C@H](Cc2ccccc2)NC(=O)c2cc3ccc(O)cc3oc2=O)cc1,IC50,2,multi-target,0,594.6860000000003,3.5561000000000016,146.38,3,8,12,4,4,42,0.2903225806451613,1,0
CHEMBL3261204,12.772816,2.6695995,O=C(Nc1cccc(C(F)(F)F)c1)c1cc2cc(Br)cc(Br)c2oc1=O,IC50,1,single-target,0,491.0570000000001,5.589100000000001,59.31,1,3,2,3,3,26,0.0588235294117647,1,0
CHEMBL3265284,5.5759044,4.089277,C=CCOC(=O)NCCCc1cc(=O)oc2c(C=O)c(O)ccc12,IC50,1,single-target,0,331.324,2.1559,105.84,2,6,7,2,2,24,0.2352941176470588,0,1
CHEMBL4850282,5.578493,20.833488,CCS(=O)(=O)Nc1cccc(C(=O)Nc2c(O)c3ccc(O)cc3oc2=O)c1,Ki,2,multi-target,0,404.40000000000015,2.2181,145.94,4,7,5,3,3,28,0.1111111111111111,0,1
CHEMBL4467539,3.5352256,8.730769,O=c1cc(N2CCN(Cc3ccccc3)CC2)c2ccc3ccccc3c2o1,IC50,1,single-target,0,370.4520000000001,4.268400000000004,36.690000000000005,0,4,3,5,4,28,0.2083333333333333,0,1
CHEMBL4211297,-4.486809,6.4266367,C#CCN(CCCCOc1ccc2ccc(=O)oc2c1)Cc1ccccc1,IC50,2,multi-target,0,361.4410000000001,4.087400000000003,42.68,0,4,9,3,3,27,0.2608695652173913,0,1
CHEMBL1432910,12.224374,2.1007266,O=C(c1ccc([N+](=O)[O-])cc1)c1cc2ccc(O)cc2oc1=O,IC50,1,single-target,0,311.2490000000001,2.6378000000000013,110.65,1,6,3,3,3,23,0.0,0,1
CHEMBL489182,4.078289,2.7484639,COc1ccc2c(CC(=O)Nc3cc(C(F)(F)F)c(S(N)(=O)=O)cc3S(N)(=O)=O)cc(=O)oc2c1,Ki,4,multi-target,0,535.4780000000003,1.2964,188.86,3,8,6,3,3,35,0.1578947368421052,1,0
CHEMBL4450139,3.550034,8.722697,O=c1cc(N2CCN(c3ccccc3F)CC2)c2ccc3ccccc3c2o1,IC50,1,single-target,0,374.4150000000001,4.411900000000004,36.690000000000005,0,4,2,5,4,28,0.1739130434782608,0,1
CHEMBL3265273,5.9330077,-8.457329,C=C(C)CN1CCc2c(c(=O)oc3c(C=O)c(O)ccc23)C1,IC50,1,single-target,0,299.326,2.2453000000000003,70.75,1,5,3,3,2,22,0.2941176470588235,0,1
CHEMBL224787,8.706007,10.947941,COc1ccc2c(-c3ccccc3)c(Cn3ccnc3)c(=O)oc2c1,IC50,1,single-target,0,332.3590000000001,3.713400000000002,57.260000000000005,0,5,4,4,4,25,0.1,0,1
CHEMBL589351,12.159373,2.1524346,O=C(c1ccccc1)c1cc2ccc(O)cc2oc1=O,EC50,3,multi-target,0,266.252,2.7296000000000014,67.50999999999999,1,4,2,3,3,20,0.0,0,1
CHEMBL487711,7.97828,0.48525718,CC(=O)Oc1ccc2ccc(=O)oc2c1,Ki,2,multi-target,0,204.181,1.7183,56.510000000000005,0,4,1,2,2,15,0.0909090909090909,0,1
CHEMBL4455967,12.918351,1.8763994,COc1ccc(O)c(C(=O)NNC(=O)c2cc3ccccc3oc2=O)c1,IC50,1,single-target,0,354.3180000000001,1.582,117.87,3,6,3,3,3,26,0.0555555555555555,0,1
CHEMBL5953661,4.7155614,-5.6211143,O=c1oc2ccc(F)c(F)c2cc1COC1[C@@H](O)C(CO)O[C@H](Sc2ccc(Cl)c(Cl)c2)[C@H]1O,Kd,1,single-target,0,535.3480000000002,3.4945000000000017,109.36,3,8,6,4,3,34,0.3181818181818182,1,0
CHEMBL2115413,7.586257,2.4069781,CC1(C)C2CC[C@H](Cc3cccc4ccc(=O)oc34)C1C2,Kd,1,single-target,0,282.38300000000004,4.407800000000004,30.21,0,2,2,5,2,21,0.5263157894736842,0,1
CHEMBL412094,7.266938,8.584163,O=c1oc2ccccc2c(O)c1C(c1cccc(Cl)c1)c1c(O)c2ccccc2oc1=O,IC50,1,single-target,0,446.8420000000002,5.144200000000003,100.88,2,6,3,5,5,32,0.04,1,0
CHEMBL4085935,12.132719,3.3002687,N#Cc1cc2cc(Br)c(O)cc2oc1=O,EC50,1,single-target,0,266.05,2.1327800000000003,74.22999999999999,1,4,0,2,2,15,0.0,0,1
CHEMBL1715414,5.647504,-0.6887207,O=C(COc1ccc2ccc(=O)oc2c1)N1CCC(C(=O)O)(c2ccccc2)CC1,AC50,1,single-target,0,407.42200000000014,2.8168000000000006,97.05,1,5,5,4,3,30,0.2608695652173913,0,1
CHEMBL4745286,3.6409388,3.4530506,Cc1cc(=O)oc2cc(NC(=O)/C=C/c3ccccc3OC(F)F)ccc12,Ki,2,multi-target,0,371.33900000000006,4.354720000000002,68.54,1,4,5,3,3,27,0.1,0,1
CHEMBL5400090,5.65694,4.6524916,Cc1cc(=O)oc2c(NC(=O)C(C)C)c(O)ccc12,IC50,1,single-target,0,261.277,2.4015200000000005,79.54,2,4,2,2,2,19,0.2857142857142857,0,1
CHEMBL91273,5.8101587,-8.817834,COc1ccc2c3c(c(=O)oc2c1)CN(Cc1ccc(F)cc1)CC3,Ki,2,multi-target,0,339.36600000000004,3.4990000000000023,42.68,0,4,3,4,3,25,0.25,0,1
CHEMBL603701,16.344019,-2.409622,Cc1c(N2CCN(C(=O)/C=C/c3ccccc3)CC2)c(=O)oc2cc(O)cc(O)c12,IC50,1,single-target,0,406.4380000000002,2.874620000000001,94.22,2,6,3,4,3,30,0.217391304347826,0,1
CHEMBL91025,6.387943,8.550835,N#Cc1cccc(OCCCc2c(O)c3ccccc3oc2=O)c1,IC50,1,single-target,0,321.33200000000005,3.3818800000000024,83.46000000000001,1,5,5,3,3,24,0.1578947368421052,0,1
CHEMBL1348043,7.090758,3.865493,O=c1oc2c3c4c(cc2c(C(F)(F)F)c1CCN1CCOCC1)CCCN4CCC3,EC50,1,single-target,0,422.44700000000034,3.3853000000000018,45.92000000000001,0,5,3,5,2,30,0.5909090909090909,0,1
CHEMBL4569054,7.069926,-3.3879182,Cc1c(C)c2ccc(OC3CCN(Cc4ccccc4)CC3)cc2oc1=O,IC50,4,multi-target,0,363.45700000000016,4.453240000000004,42.68,0,4,4,4,3,27,0.3478260869565217,0,1
CHEMBL3359952,8.860629,11.105323,COc1cccc(COc2ccc3c(Cn4ccnc4)cc(=O)oc3c2)c1,IC50,3,multi-target,0,362.3850000000001,3.6254000000000017,66.49000000000001,0,6,6,4,4,27,0.1428571428571428,0,1
CHEMBL202017,12.6720705,0.45468953,Cc1coc2cc3oc(=O)c(NC(=O)CN)cc3cc12,IC50,1,single-target,0,272.26,1.7448199999999998,98.47,2,5,2,3,3,20,0.1428571428571428,0,1
CHEMBL573051,2.512554,1.1352814,NNC(=O)Cc1cc(=O)oc2cc(OCc3cccc(Cl)c3)ccc12,IC50,2,multi-target,0,358.781,2.5578000000000003,94.56,2,5,5,3,3,25,0.1111111111111111,0,1
CHEMBL1304118,13.024495,1.3823441,N=C(NNC(=O)c1ccccc1)c1cc2ccccc2oc1=O,IC50,1,single-target,0,307.3090000000001,2.0529699999999997,95.19,3,4,2,3,3,23,0.0,0,1
CHEMBL5597349,6.157152,-1.1159164,O=c1ccc2ccc(OC[C@H]3CCCN3Cc3cccc4ccccc34)cc2o1,IC50,2,multi-target,0,385.4630000000001,4.989600000000005,42.68,0,4,5,5,4,29,0.24,0,1
CHEMBL4474108,5.176263,-3.5844793,COc1cc2c(cc1OC)CN(CCCCCOc1ccc3c(C)c(Br)c(=O)oc3c1)CC2,IC50,1,single-target,0,516.4320000000001,5.488520000000007,61.14,0,6,9,4,3,33,0.4230769230769231,2,0
CHEMBL4784196,-4.0136676,-0.52258193,COc1ccc(S(=O)(=O)N(CC(C)C)C[C@@H](O)[C@H](Cc2ccccc2)NC(=O)Oc2ccc3c(C)cc(=O)oc3c2)cc1,IC50,1,single-target,0,608.7130000000003,4.517520000000004,135.38,2,8,12,4,4,43,0.3125,1,0
CHEMBL3952716,7.7910914,2.3533826,N[C@@H]1Cc2c(ccc3ccc(=O)oc23)O[C@H]1c1cc(F)c(F)cc1F,IC50,1,single-target,0,347.292,3.2138000000000018,65.46000000000001,1,4,1,4,3,25,0.1666666666666666,0,1
CHEMBL4562150,5.169437,-3.5734866,COc1cc2c(cc1OC)CN(CCCCOc1ccc3c(C)c(Cl)c(=O)oc3c1)CC2,IC50,2,multi-target,0,457.9540000000002,4.9893200000000055,61.14,0,6,8,4,3,32,0.4,0,1
CHEMBL2314432,13.606567,3.2556458,COc1cc2cc(C(=O)NC3CCN(Cc4ccccc4)CC3)c(=O)oc2cc1OC,IC50,1,single-target,0,422.4810000000002,3.204600000000002,81.01,1,6,6,4,3,31,0.3333333333333333,0,1
CHEMBL332154,8.153475,-0.50939757,O=c1ccc2ccc(CNCCNc3ccccc3)cc2o1,Ki,4,multi-target,0,294.35400000000004,2.994700000000001,54.27,2,4,6,3,3,22,0.1666666666666666,0,1
CHEMBL495465,12.666136,1.0037595,Cc1ccc2oc(=O)c(C(=O)NC3CCCCCCCCCCC3)cc2c1,IC50,1,single-target,0,369.5050000000002,5.504520000000006,59.31,1,3,2,3,2,27,0.5652173913043478,1,0
CHEMBL4864988,5.854831,20.546886,CC(=O)Nc1ccc2c(O)c(NC(=O)c3cccc(CCC(C)C)c3)c(=O)oc2c1,Ki,2,multi-target,0,408.4540000000002,4.297900000000003,108.64,3,5,6,3,3,30,0.2608695652173913,0,1
CHEMBL4845679,5.657959,20.745289,CC(C)CCc1cc(C(=O)Nc2c(O)c3ccc(O)cc3oc2=O)ccc1O,Kd,2,multi-target,0,383.40000000000015,3.7507000000000015,120.0,4,6,5,3,3,28,0.238095238095238,0,1
CHEMBL373100,13.0813265,5.788886,CCOC(=O)c1ccc(N/C=C(\C#N)c2nc(-c3cc4ccccc4oc3=O)cs2)cc1,IC50,1,single-target,0,443.48400000000015,5.069780000000003,105.22,1,8,6,4,4,32,0.0833333333333333,1,0
CHEMBL1578982,4.6113644,1.5093341,Cc1ccc(S(=O)(=O)N[C@H](C(=O)Oc2ccc3c(C(F)(F)F)cc(=O)oc3c2)c2ccccc2)cc1,AC50,8,multi-target,1,517.4810000000002,4.745420000000004,102.68,1,6,6,4,4,36,0.12,1,0
CHEMBL3326699,14.764192,13.440128,COc1ccc2cc(C(=O)NCCCCCNc3c4c(nc5ccccc35)CCCC4)c(=O)oc2c1,Ki,2,multi-target,0,485.58400000000034,5.240800000000005,93.46,2,6,9,5,4,36,0.3448275862068966,1,0
CHEMBL244743,8.164316,1.2035263,O=c1ccc2cc(O)c(O)cc2o1,IC50,12,multi-target,1,178.143,1.2042,70.67,2,4,0,2,2,13,0.0,0,1
CHEMBL5425139,6.2653656,-2.080397,O=c1cc(OCCCN2CCC(NCc3ccccc3)CC2)c2ccc(-c3ccc(F)nc3)cc2o1,IC50,2,multi-target,0,487.5750000000003,5.017200000000004,67.6,1,6,9,5,4,36,0.3103448275862069,1,0
CHEMBL5179974,4.7066174,3.5770786,O=c1cc(Cn2c[n+](CCCCCn3c[n+](Cc4cc(=O)oc5cc(O)ccc45)c4ccccc43)c3ccccc32)c2ccc(O)cc2o1,IC50,2,multi-target,0,654.7230000000002,5.762100000000006,118.5,2,8,10,8,8,49,0.1794871794871795,2,0
CHEMBL202218,6.596842,2.295027,COc1cc(OC2CCCCC2=O)cc2oc(=O)cc(C)c12,IC50,1,single-target,0,302.326,3.0005200000000016,65.74000000000001,0,5,3,3,2,22,0.4117647058823529,0,1
CHEMBL3736142,11.177931,5.0533967,CC(=O)Oc1ccc(-c2cc3cc(C)ccc3oc2=O)cc1,IC50,1,single-target,0,294.306,3.6937200000000017,56.51,0,4,2,3,3,22,0.1111111111111111,0,1
CHEMBL4854346,11.899202,3.1094584,COc1ccccc1-c1cc2cc(C(=O)O)c(=O)oc2cc1O,IC50,1,single-target,0,312.27700000000004,2.8724000000000003,96.97,2,5,3,3,3,23,0.0588235294117647,0,1
CHEMBL452817,13.874172,2.350712,COc1ccccc1N1CCN(C(=O)c2cc3ccccc3oc2=O)CC1,IC50,1,single-target,0,364.4010000000001,2.764000000000001,62.99,0,5,3,4,3,27,0.238095238095238,0,1
CHEMBL4862654,12.390776,2.8869982,Cc1c2oc(=O)c(C(=O)O)cc2cc2cc(C(=O)O)c(=O)oc12,IC50,1,single-target,0,316.22100000000006,1.6042199999999998,135.02000000000004,2,6,2,3,3,23,0.0666666666666666,0,1
CHEMBL1611681,6.4994526,4.7636795,CCc1c(C)c2cc(Cl)c(O)c(CN(CC)CC)c2oc1=O,AC50,2,multi-target,0,323.82000000000005,3.864620000000003,53.68,1,4,5,2,2,22,0.4705882352941176,0,1
CHEMBL1947105,5.256118,6.976434,O=c1oc2ccc(O)cc2c2c1[nH]c1ccccc12,IC50,1,single-target,0,251.241,3.1331000000000007,66.22999999999999,2,3,0,4,4,19,0.0,0,1
CHEMBL4459595,3.5321581,8.73584,Cc1ccccc1N1CCN(c2cc(=O)oc3c2ccc2ccccc23)CC1,IC50,1,single-target,0,370.4520000000001,4.581220000000004,36.69,0,4,2,5,4,28,0.2083333333333333,0,1
CHEMBL92492,6.4109545,8.386249,COc1ccc2c(O)c(CCCCc3ccccc3OC)c(=O)oc2c1,IC50,1,single-target,0,354.4020000000001,4.081200000000003,68.9,1,5,7,3,3,26,0.2857142857142857,0,1
CHEMBL5436399,8.479587,0.019979328,O=C(NS(=O)(=O)c1ccc2oc(=O)ccc2c1)c1cc2cc(Oc3ccc(Cl)c(Cl)c3)ccc2[nH]1,Kd,3,multi-target,0,529.3570000000002,5.492100000000002,118.47,2,6,5,5,5,35,0.0,2,0
CHEMBL4855220,5.8602834,20.541792,CC(C)CCc1cccc(C(=O)Nc2c(O)c3ccc(NC(=O)CCC(=O)O)cc3oc2=O)c1,Ki,2,multi-target,0,466.4900000000003,4.142800000000002,145.94,4,6,9,3,3,34,0.28,0,1
CHEMBL4878719,5.810463,20.592554,CC(C)CCc1cccc(C(=O)Nc2c(O)c3ccc(-c4cccc5ccccc45)cc3oc2=O)c1,Ki,2,multi-target,0,477.5600000000002,7.159700000000006,79.53999999999999,2,4,6,5,5,36,0.1612903225806451,1,0
CHEMBL4878531,5.653656,20.76069,O=C(Nc1c(O)c2ccc(O)cc2oc1=O)c1cccc(Oc2ccccc2)c1,Ki,2,multi-target,0,389.36300000000006,4.248800000000002,109.0,3,6,4,4,4,29,0.0,0,1
CHEMBL328054,5.7926373,-8.843372,COc1ccc2c3c(c(=O)oc2c1)CN(Cc1ccccc1)CC3,Ki,3,multi-target,0,321.37600000000003,3.3599000000000023,42.68,0,4,3,4,3,24,0.25,0,1
CHEMBL3818444,10.509747,4.755866,CC(=O)Oc1cccc2cc(-c3cccs3)c(=O)oc12,Ki,2,multi-target,0,286.30800000000005,3.4468000000000023,56.510000000000005,0,5,2,3,3,20,0.0666666666666666,0,1
CHEMBL71407,11.725646,4.7798643,O=c1oc2ccccc2cc1-c1cccc(O)c1,IC50,1,single-target,0,238.242,3.1656000000000013,50.44,1,3,1,3,3,18,0.0,0,1
CHEMBL2408086,24.324127,4.4345837,Cc1ccc2oc(=O)c(/C=N/c3ccc(S(N)(=O)=O)cc3)c(Cl)c2c1,IC50,2,multi-target,0,376.8210000000001,3.152820000000001,102.73,1,5,3,3,3,25,0.0588235294117647,0,1
CHEMBL4867922,13.182191,2.821308,COC(=O)c1cc(NC(=O)c2cc3cc([N+](=O)[O-])c(O)c(O)c3oc2=O)ccc1O,IC50,1,single-target,0,416.2980000000002,1.8569,189.44,4,10,4,3,3,30,0.0555555555555555,0,1
CHEMBL4072501,12.889821,-7.1167016,N#CC1=C(NC(=O)CN2CCOCC2)Oc2c(c(=O)oc3ccccc23)C1c1ccccc1,IC50,2,multi-target,0,443.45900000000006,2.5008800000000004,104.8,1,7,4,5,3,33,0.24,0,1
CHEMBL4078790,11.085025,2.6024718,CCOC(=O)c1csc(-c2cc3ccc(N(CC)CC)cc3oc2=O)n1,IC50,1,single-target,0,372.44600000000014,3.9394000000000022,72.64,0,7,6,3,3,26,0.3157894736842105,0,1
CHEMBL1235969,2.6555328,21.427288,CC(=O)O[C@@H]1[C@@H](C)O[C@@H](c2ccc3c(c2O)[C@@H](O)[C@]24O[C@@]2(C3=O)[C@@]2(O)C(=O)C=C(C)C[C@@]2(O)C[C@@H]4O)C[C@H]1OC(=O)/C=C/C=C/C=C/C=C/C(=O)Nc1c(O)c2ccc(O)c(Cl)c2oc1=O,IC50,1,single-target,0,932.2840000000004,3.003500000000001,309.42,8,18,9,8,3,66,0.3478260869565217,3,0
CHEMBL4538641,11.375716,-8.685957,O=c1cc(NCCN2CCN(c3nccc4ccccc34)CC2)c2ccccc2o1,IC50,3,multi-target,0,400.48200000000026,3.575300000000002,61.61000000000001,1,6,5,5,4,30,0.25,0,1
CHEMBL3427403,6.1545362,11.564656,Cc1cc(F)ccc1-c1c(Nc2ccc(/C=C/C(=O)O)cc2)c2ccc(O)cc2oc1=O,IC50,1,single-target,0,431.41900000000015,5.454520000000005,99.77,3,5,5,4,4,32,0.04,1,0
CHEMBL4281681,6.880329,8.060109,O=C1OC2(c3ccc(O)cc3Oc3cc(O)ccc32)c2ccc(NC(=S)NCCCCCCOc3ccc(/C=C/C(=O)c4c(O)c5ccccc5oc4=O)cc3)cc21,EC50,1,single-target,0,796.8540000000003,8.299700000000007,176.79000000000002,5,11,12,8,6,58,0.1555555555555555,3,0
CHEMBL1339277,20.149502,2.1993833,CCN(CC)C(=O)CC(c1ccc2c(c1)OCO2)c1c(OC)cc(OC)c2ccc(=O)oc12,IC50,2,multi-target,0,453.4910000000002,3.929300000000003,87.44000000000001,0,7,8,4,3,33,0.36,0,1
CHEMBL1441475,3.7363632,2.4770954,CCc1cc(=O)oc2cc(OCC(=O)N3CCC(C(=O)O)CC3)ccc12,AC50,2,multi-target,0,359.3780000000001,2.0574,97.05,1,5,5,3,2,26,0.4210526315789473,0,1
CHEMBL4280137,12.974121,9.530797,COc1cccc(N2CCN(CCCOc3c(C(C)=O)c(C)cc4oc(=O)cc(C)c34)CC2)c1,Ki,2,multi-target,0,464.5620000000003,4.212140000000003,72.22,0,7,8,4,3,34,0.4074074074074074,0,1
CHEMBL450498,5.3870587,2.9152164,O=c1ccc2cc3c4c(oc3cc2o1)CC4,IC50,1,single-target,0,212.20399999999995,2.6378000000000004,43.35,0,3,0,4,3,16,0.1538461538461538,0,1
CHEMBL1701468,2.6634166,5.1697154,CC(Oc1ccc2c3c(c(=O)oc2c1)CCCC3)C(=O)NC1CC(C)(C)NC(C)(C)C1,AC50,3,multi-target,0,426.5570000000001,3.8645000000000014,80.57,2,5,4,4,2,31,0.6,0,1
CHEMBL201250,4.3171434,5.3545594,COc1c(OCC(C)=O)ccc2cc(NC(C)=O)c(=O)oc12,IC50,1,single-target,0,305.28600000000006,1.7277999999999996,94.84,1,6,5,2,2,22,0.2666666666666666,0,1
CHEMBL488916,6.539626,2.387459,Cc1cc(=O)oc2c(C)c(OC3CCCC3=O)ccc12,IC50,2,multi-target,0,272.29999999999995,2.910240000000001,56.51,0,4,2,3,2,20,0.375,0,1
CHEMBL506746,-1.0576532,6.0117717,Cc1cc2c(C(C)C)ccc(C)c2oc1=O,IC50,1,single-target,0,216.28,3.533240000000002,30.21,0,2,1,2,2,16,0.3571428571428571,0,1
CHEMBL198891,3.556607,3.8149269,Cc1cc(=O)oc2cc(C(F)(F)S(N)(=O)=O)ccc12,Ki,4,multi-target,0,289.259,1.4392200000000002,90.37,1,4,2,2,2,19,0.1818181818181818,0,1
CHEMBL3261212,12.788248,2.6416764,CC(C)(C)NC(=O)c1cc2cc(Br)cc(Br)c2oc1=O,IC50,2,multi-target,0,403.0700000000001,3.846300000000002,59.31,1,3,1,2,2,20,0.2857142857142857,0,1
CHEMBL4472970,0.05324961,4.667744,COc1ccccc1-c1coc2cc3oc(=O)c(-c4nsc(=O)o4)c(C)c3cc12,IC50,1,single-target,0,407.4030000000001,4.599920000000003,95.68,0,8,3,5,5,29,0.0952380952380952,0,1
CHEMBL2141540,3.4405682,5.4721904,Cc1c(C)c2cc(Cl)c(OCC(=O)NCCCN3CCCC3=O)cc2oc1=O,IC50,1,single-target,0,406.8660000000002,2.5707400000000007,88.85,1,5,7,3,2,28,0.45,0,1
CHEMBL2387229,3.553113,-1.7549131,Cc1cc(=O)oc2c(Cl)c(OCCCCN3CCC(c4noc5cc(F)ccc45)CC3)ccc12,Ki,15,multi-target,1,484.9550000000002,6.073720000000005,68.71000000000001,0,6,7,5,4,34,0.3846153846153846,1,0
CHEMBL3958206,1.5829409,-1.3604307,O=c1ccc2c(OCCCCOc3cccc4ccccc34)c3ccoc3cc2o1,EC50,2,multi-target,0,400.4300000000002,5.930400000000004,61.81,0,5,7,5,5,30,0.16,1,0
CHEMBL1511189,4.0108624,2.3714647,COc1ccc(-c2cc(=O)oc3cc(OC(C)C(=O)O)ccc23)cc1,IC50,1,single-target,0,340.331,3.320500000000002,85.97000000000001,1,5,5,3,3,25,0.1578947368421052,0,1
CHEMBL4460067,16.134132,5.0420985,O=Cc1ccccc1OCc1cn(CCCOc2ccc3ccc(=O)oc3c2)nn1,Ki,2,multi-target,0,405.4100000000001,3.2451000000000016,96.45,0,8,9,4,4,30,0.1818181818181818,0,1
CHEMBL3092176,11.365051,14.28123,CNS(=O)(=O)Nc1cccc(Cc2c(C)c3ccc(Oc4nccs4)cc3oc2=O)c1F,IC50,2,multi-target,0,475.5230000000002,3.956220000000002,110.53,2,7,7,4,4,32,0.1428571428571428,0,1
CHEMBL276618,5.625798,4.1546483,Cc1cc(=O)oc2c(O)c(O)ccc12,IC50,2,multi-target,0,192.17,1.5126199999999996,70.67,2,4,0,2,2,14,0.1,0,1
CHEMBL1563359,6.4508314,4.7911596,CN(C)Cc1c(O)c(Cl)cc2c3c(c(=O)oc12)CCCC3,IC50,1,single-target,0,307.7770000000001,3.0924000000000014,53.68,1,4,2,3,2,21,0.4375,0,1
CHEMBL4741410,16.381392,4.9063153,O=c1ccc2ccc(OCCn3cc(Cn4nc5ccccc5n4)nn3)cc2o1,IC50,1,single-target,0,388.38700000000006,2.2565,100.86,0,9,6,5,5,29,0.15,0,1
CHEMBL4782518,16.405523,4.908464,O=c1ccc2ccc(OCCn3cc(COn4nnc5ccccc54)nn3)cc2o1,IC50,1,single-target,0,404.3860000000001,1.837,110.09,0,10,7,5,5,30,0.15,0,1
CHEMBL1433585,3.759649,6.638189,Cc1coc2c(C)c3oc(=O)c(CCC(=O)N[C@@H](C)C(=O)N[C@@H](Cc4ccccc4)C(=O)O)c(C)c3cc12,IC50,2,multi-target,0,518.5660000000003,3.713860000000002,138.85,3,6,9,4,4,38,0.3103448275862069,1,0
CHEMBL1441918,12.757005,1.8109224,O=C(NNC(=O)c1cc2cc(Br)ccc2oc1=O)c1ccc(O)cc1O,IC50,1,single-target,0,419.1870000000002,2.0415000000000005,128.87,4,6,2,3,3,26,0.0,0,1
CHEMBL3121780,10.680409,0.47300032,C#CCCCOc1ccc2cc(C(=O)N3CCN(C(=O)OC(C)(C)C)CC3)c(=O)oc2c1,IC50,1,single-target,0,440.49600000000027,3.278100000000002,89.29,0,6,5,3,2,32,0.4583333333333333,0,1
CHEMBL3828259,0.39890447,3.5794222,Cc1cc(=O)oc2cc(OCCCN(C)Cc3cccc(OC(=O)NCCCCCc4ccccc4)c3)ccc12,IC50,3,multi-target,0,542.6760000000003,6.503720000000008,81.00999999999999,1,6,14,4,4,40,0.3333333333333333,2,0
CHEMBL4451590,12.831094,1.8720521,COc1ccc(O)c(C(=O)NNC(=O)c2cc3cc(Br)ccc3oc2=O)c1,IC50,1,single-target,0,433.2140000000001,2.3445,117.87,3,6,3,3,3,27,0.0555555555555555,0,1
CHEMBL205614,6.3619194,6.0864944,COc1ccc2c(c1C)c(=O)oc1c(C)c(O)ccc12,IC50,2,multi-target,0,270.284,3.2772400000000017,59.67,1,4,1,3,3,20,0.1875,0,1
CHEMBL5412360,-1.192046,-5.7700367,N#CC1=C(N)Oc2c(c(=O)oc3ccccc23)C1c1cccs1,IC50,1,single-target,0,322.345,3.072680000000002,89.25000000000001,1,6,1,4,3,23,0.0588235294117647,0,1
CHEMBL4436134,2.3408477,6.953099,Cc1c(CC(=O)O)c(=O)oc2c(C)c(OCc3cccc(C(F)(F)F)c3)ccc12,IC50,2,multi-target,0,406.356,4.634740000000003,76.74,1,4,5,3,3,29,0.238095238095238,0,1
CHEMBL5284565,5.633171,6.427299,O=c1oc2cc(O)ccc2c(O)c1-c1ccc(O)cc1,IC50,1,single-target,0,270.23999999999995,2.5768000000000004,90.9,3,5,1,3,3,20,0.0,0,1
CHEMBL583323,6.349836,7.9963646,COc1ccc2oc(=O)c(Cc3c(O)c4cc(OC)ccc4oc3=O)c(O)c2c1,IC50,1,single-target,0,396.3510000000001,2.9186000000000005,119.34000000000002,2,8,4,4,4,29,0.1428571428571428,0,1
CHEMBL2425851,13.416842,-6.8880568,Nc1c2c(nc3c1C(c1cccc([N+](=O)[O-])c1)c1c(c4ccccc4oc1=O)O3)CCCC2,IC50,2,multi-target,0,441.4430000000003,4.843100000000003,121.49,1,7,2,6,4,33,0.2,0,1
CHEMBL1446866,13.381314,1.4209722,Cc1cc(C)nc(SCC(=O)c2cc3ccccc3oc2=O)n1,IC50,2,multi-target,0,326.37700000000007,3.174840000000001,73.06,0,6,4,3,3,23,0.1764705882352941,0,1
CHEMBL4079364,8.487852,-7.759395,NS(=O)(=O)Oc1ccc2cc(-c3ccc(NC(=O)c4ccccc4)cc3)c(=O)oc2c1,IC50,1,single-target,0,436.44500000000016,3.294600000000001,128.7,2,6,5,4,4,31,0.0,0,1
CHEMBL3960113,9.292453,-1.4442612,CCn1c(C#N)ccc1-c1ccc2oc(=O)ccc2c1,IC50,1,single-target,0,264.284,3.153080000000002,58.93,0,4,2,3,3,20,0.125,0,1
CHEMBL271710,12.989889,4.7430015,CCN(Cc1ccccc1)Cc1ccc(-c2cc3ccc(OCCNC(=O)CCc4ccc(F)c(F)c4)cc3oc2=O)cc1,IC50,2,multi-target,0,596.6740000000003,6.888100000000007,71.78,1,5,13,5,5,44,0.2222222222222222,2,0
CHEMBL5568861,2.2649844,1.6549033,CN(Cc1ccc(COc2ccc3c(CO)cc(=O)oc3c2)cc1)Cc1ccco1,IC50,4,multi-target,0,405.45000000000016,4.089300000000003,76.05000000000001,1,6,8,4,4,30,0.2083333333333333,0,1
CHEMBL5632618,15.30885,4.0276284,O=C(NCc1cn(Cc2ccc(Oc3ccccc3)c(O)c2)nn1)c1cc2cc(O)ccc2oc1=O,IC50,1,single-target,0,484.46800000000025,3.5663000000000027,139.71,3,9,7,5,5,36,0.0769230769230769,0,1
CHEMBL1258522,4.4605546,2.9768295,O=C(/C=C/c1cc(=O)oc2cc(O)ccc12)c1ccc(O)c(O)c1,IC50,2,multi-target,0,324.28800000000007,2.805900000000001,107.97,3,6,3,3,3,24,0.0,0,1
CHEMBL4078377,5.044161,4.45679,CCCCCCCCc1ccc(S(=O)(=O)Oc2ccc3c(C)cc(=O)oc3c2[N+](=O)[O-])cc1,IC50,2,multi-target,0,473.54700000000025,5.680320000000006,116.72000000000004,0,7,11,3,3,33,0.375,1,0
CHEMBL5176826,11.644847,7.9129114,CC(=O)N1N=C(c2c(O)c3ccccc3oc2=O)CC1c1ccccc1Cl,Ki,1,single-target,0,382.8030000000001,3.8496000000000015,83.11000000000001,1,5,2,4,3,27,0.15,0,1
CHEMBL2151690,15.304023,-0.77084583,C/C(=N/Nc1nc(-c2ccc(F)cc2F)cs1)c1cc2ccccc2oc1=O,IC50,1,single-target,0,397.4060000000001,5.030800000000004,67.49000000000001,1,6,4,4,4,28,0.05,1,0
CHEMBL313244,5.088478,3.0643046,Cc1cc(=O)oc2cc(O)c(O)cc12,IC50,2,multi-target,0,192.17,1.5126199999999996,70.67,2,4,0,2,2,14,0.1,0,1
CHEMBL4871026,-1.0773183,8.304424,CCN(CC)c1ccc2c(C)c(CCN3C(=O)NC4(CCN(S(=O)(=O)c5cccnc5)C4)C3=O)c(=O)oc2c1,EC50,1,single-target,0,553.6410000000003,2.27032,133.13,1,8,8,5,3,39,0.4074074074074074,1,0
CHEMBL4202831,3.8726523,-2.8249354,CC(=O)c1c(OCCCCN2CCN(c3cc(C)cc(C)c3)CC2)ccc2c(C)cc(=O)oc12,Ki,2,multi-target,0,462.59000000000026,4.902060000000005,62.99,0,6,8,4,3,34,0.4285714285714285,0,1
CHEMBL2393501,5.8272004,-0.18626118,O=C(COc1cc(=O)oc2ccccc12)N1CCN(c2ccccc2O)CC1,IC50,1,single-target,0,380.40000000000015,2.2261999999999995,83.22000000000001,1,6,4,4,3,28,0.238095238095238,0,1
CHEMBL3742302,12.011139,6.226405,O=Cc1cn(-c2nc(-c3cc4cc(Br)ccc4oc3=O)cs2)nc1-c1ccccc1,Ki,1,single-target,0,478.32700000000017,5.344200000000003,77.99,0,7,4,5,5,30,0.0,1,0
CHEMBL4556851,10.463829,4.374153,COc1ccc(-c2cc3cccc(C)c3oc2=O)cc1OC,Ki,2,multi-target,0,296.32200000000006,3.7856200000000015,48.67,0,4,3,3,3,22,0.1666666666666666,0,1
CHEMBL3394528,4.6819386,2.7045627,Cc1ccc(/C=N/c2ccc3c(C)cc(=O)oc3c2)c(O)c1,IC50,1,single-target,0,293.322,3.8660400000000026,62.8,1,4,2,3,3,22,0.1111111111111111,0,1
CHEMBL305426,11.190229,5.0713115,COc1cccc(-c2cc3cc(OC(C)=O)ccc3oc2=O)c1,IC50,1,single-target,0,310.305,3.393900000000002,65.74000000000001,0,5,3,3,3,23,0.1111111111111111,0,1
CHEMBL4457458,2.3143482,1.6483843,CN(C)Cc1ccc(COc2ccc3c(CO)cc(=O)oc3c2)cc1,IC50,2,multi-target,0,339.3910000000001,2.9259000000000013,62.91,1,5,6,3,3,25,0.25,0,1
CHEMBL4530960,6.9726543,-3.3179984,Cc1c(C)c2ccc(OCC3CCN(CCCO[N+](=O)[O-])CC3)cc2oc1=O,IC50,2,multi-target,0,390.43600000000015,3.0990400000000013,95.05,0,7,8,3,2,28,0.55,0,1
CHEMBL2442511,11.498985,2.2156017,O=C(O)c1cc2ccc(N3CCCC3)cc2oc1=O,IC50,1,single-target,0,259.2609999999999,2.0914,70.75,1,4,2,3,2,19,0.2857142857142857,0,1
CHEMBL4454278,7.0658917,-3.3851383,Cc1c(C)c2ccc(OC3CCN(Cc4ccc(Cl)cc4)CC3)cc2oc1=O,IC50,3,multi-target,0,397.90200000000016,5.106640000000005,42.68,0,4,4,4,3,28,0.3478260869565217,1,0
CHEMBL4849658,3.897721,4.578732,CCN(CC)c1ccc2c(C)c(CCOC(=O)NCc3cccc(-c4ccc[nH]c4=O)c3)c(=O)oc2c1,EC50,1,single-target,0,501.5830000000002,4.771820000000004,104.64,2,6,9,4,4,37,0.2758620689655172,1,0
CHEMBL589883,5.5162373,6.2525244,Cc1c(Cl)c(=O)oc2cc(O)ccc12,IC50,1,single-target,0,210.616,2.46042,50.44,1,3,0,2,2,14,0.1,0,1
CHEMBL3335026,1.158634,3.626906,COc1cccc(CN(C)CCOc2ccc3c4c(c(=O)oc3c2)CCCC4)c1,IC50,1,single-target,0,393.4830000000002,4.191200000000004,51.91,0,5,7,4,3,29,0.375,0,1
CHEMBL3335056,1.3949486,3.5679443,CN(CCOc1ccc2c(c1)oc(=O)c1ccccc12)Cc1ccccc1,IC50,2,multi-target,0,359.42500000000007,4.457000000000003,42.68,0,4,6,4,4,27,0.1739130434782608,0,1
CHEMBL3335063,1.2334952,3.5934055,COc1cccc(CN(C)CCCOc2ccc3c(c2)oc(=O)c2ccccc23)c1,IC50,2,multi-target,0,403.4780000000001,4.855700000000005,51.91,0,5,8,4,4,30,0.24,0,1
CHEMBL3335061,5.103402,-1.4453677,COc1cccc(CN2CCN(CCOc3ccc4c(c3)oc(=O)c3ccccc34)CC2)c1,IC50,1,single-target,0,444.5310000000002,4.151400000000003,55.15,0,6,7,5,4,33,0.2962962962962963,0,1
CHEMBL5562045,13.4994,1.5157007,O=C(CN1C(=O)S/C(=C\c2cccs2)C1=O)c1cc2ccccc2oc1=O,Ki,2,multi-target,0,397.43300000000016,3.7737000000000025,84.66,0,7,4,4,3,27,0.0526315789473684,0,1
CHEMBL5542880,15.328406,-0.809516,CCOc1cccc2cc(/C(C)=N/Nc3nc(-c4cc5cc(Br)ccc5oc4=O)cs3)c(=O)oc12,Ki,2,multi-target,0,552.4060000000002,6.020200000000004,106.93,1,9,6,5,5,35,0.12,2,0
CHEMBL5527931,15.331547,-0.81132114,CCOc1cccc2cc(/C(C)=N/Nc3nc(-c4cc5cccc(OCC)c5oc4=O)cs3)c(=O)oc12,Ki,2,multi-target,0,517.5630000000003,5.656400000000004,116.15999999999998,1,10,8,5,5,37,0.1851851851851851,2,0
CHEMBL3335066,5.1184425,-1.4399751,O=c1oc2cc(OCCCN3CCN(Cc4ccccc4)CC3)ccc2c2ccccc12,IC50,2,multi-target,0,428.53200000000015,4.532900000000004,45.92,0,5,7,5,4,32,0.2962962962962963,0,1
CHEMBL5561490,12.654939,5.4382024,Cc1nc(-c2cc3ccccc3oc2=O)ccc1C(=O)/C=C/c1ccccc1,Ki,1,single-target,0,367.40400000000005,5.0595200000000045,60.17,0,4,4,4,4,28,0.0416666666666666,1,0
CHEMBL5562546,15.343213,-0.82862335,CCOc1cccc2cc(/C(C)=N/Nc3nc(-c4ccc([N+](=O)[O-])cc4)cs3)c(=O)oc12,Ki,2,multi-target,0,450.47600000000017,5.059500000000003,119.86,1,9,7,4,4,32,0.1363636363636363,1,0
CHEMBL197797,-2.573473,8.069279,O=c1cc(NC2CCN(Cc3ccc4ccccc4c3)CC2)c2cc(Cl)ccc2o1,IC50,1,single-target,0,418.92400000000026,5.676100000000005,45.48,1,4,4,5,4,30,0.24,1,0
CHEMBL5542165,15.33949,-0.82323915,CCOc1cccc2cc(/C(C)=N/Nc3nc(-c4ccccc4)cs3)c(=O)oc12,Ki,4,multi-target,0,405.4790000000001,5.151300000000004,76.72,1,7,6,4,4,29,0.1363636363636363,1,0
CHEMBL17578,-3.4779096,-0.01854617,CC(=O)NCCCNC(=O)C(Cc1ccc(OP(=O)(O)O)cc1)NC(=O)Cc1cc(=O)oc2cc(O)ccc12,IC50,1,single-target,0,561.4840000000003,0.8824999999999996,204.5,6,8,12,3,3,39,0.28,2,0
CHEMBL4787755,4.963263,3.2890887,O=c1cc(CCl)c2cc(O)c(O)cc2o1,IC50,1,single-target,0,226.615,1.9430000000000005,70.67,2,4,1,2,2,15,0.1,0,1
CHEMBL3219197,15.285111,-0.75358695,C/C(=N\Nc1nc(-c2ccc3ccccc3c2)cs1)c1cc2ccccc2oc1=O,IC50,2,multi-target,0,411.48600000000016,5.905800000000003,67.49000000000001,1,6,4,5,5,30,0.0416666666666666,1,0
CHEMBL4846991,-2.6563914,5.3007135,CCCCc1cc2c(O)cc(C3(CCCC)CCCC3)cc2oc1=O,Ki,2,multi-target,0,342.4790000000001,5.843200000000005,50.440000000000005,1,3,7,3,2,25,0.5909090909090909,1,0
CHEMBL4865342,-2.6266894,5.328993,CCCCC1(c2cc(O)c3cc(Cc4cccnc4)c(=O)oc3c2)CCCC1,Ki,1,single-target,0,377.48400000000026,5.486400000000005,63.330000000000005,1,4,6,4,3,28,0.4166666666666667,1,0
CHEMBL3612350,2.6450179,5.2444143,NP(=S)(Oc1ccc2c3c(c(=O)oc2c1)CCC3)Oc1ccc2c3c(c(=O)oc2c1)CCC3,IC50,1,single-target,0,481.4660000000004,4.517800000000004,104.90000000000002,1,7,4,6,4,33,0.25,0,1
CHEMBL1897949,2.3419113,3.6408527,Cc1c(CCC(=O)O)c(=O)oc2cc(OCc3cccc(F)c3)ccc12,AC50,1,single-target,0,356.349,3.8367200000000015,76.74,1,4,6,3,3,26,0.2,0,1
CHEMBL1951641,3.6793387,3.5394075,CC(=O)Nc1ccc2c(C)cc(=O)oc2c1,Ki,3,multi-target,0,217.224,2.05982,59.31,1,3,1,2,2,16,0.1666666666666666,0,1
CHEMBL3427412,6.0496902,11.451993,COc1ccc2c(Cc3ccc(/C=C/C(=O)O)cc3)c(-c3ccc(OC(F)(F)F)cc3)c(=O)oc2c1,IC50,1,single-target,0,496.4370000000002,6.055800000000004,85.97000000000001,1,5,7,4,4,36,0.1111111111111111,1,0
CHEMBL3601511,5.907936,3.3442097,O=c1cc(-c2ccccc2)c2ccc3c(c2o1)OCO3,Ki,2,multi-target,0,266.25199999999995,3.1887000000000016,48.67,0,4,1,4,3,20,0.0625,0,1
CHEMBL5092878,2.7593157,5.1441674,O=C(COc1ccc2c3c(c(=O)oc2c1)CCCC3)NO,IC50,1,single-target,0,289.2869999999999,1.5559999999999998,88.77000000000001,2,5,3,3,2,21,0.3333333333333333,0,1
CHEMBL5220802,23.458231,-6.6630745,COc1cc(C(=O)OCCCN(CCCCCOC(=O)c2c3ccccc3cc3ccccc23)CCCOc2ccc3ccc(=O)oc3c2)cc(OC)c1OC,Ki,2,multi-target,0,761.868,8.470500000000007,122.97,0,11,20,6,6,56,0.3111111111111111,3,0
CHEMBL124050,7.6004395,-0.99167067,COc1ccc(N2CCN(Cc3ccc4ccc(=O)oc4c3)CC2)cc1,Ki,1,single-target,0,350.4180000000001,3.123800000000002,45.92,0,5,4,4,3,26,0.2857142857142857,0,1
CHEMBL119017,7.2697835,0.5367015,C/C(=C\COc1ccc2c(C)c(C)c(=O)oc2c1)C1=CC(=O)C(C)(C)O1,IC50,1,single-target,0,354.4020000000001,3.996740000000002,65.74,0,5,4,3,2,26,0.3333333333333333,0,1
CHEMBL5267168,-2.221385,-2.8649523,Cc1cc(=O)oc2cc(OCc3nc(N)nc(Nc4ccc(C5CC5)cc4)n3)ccc12,EC50,1,single-target,0,415.45300000000015,4.068620000000002,116.16,2,8,6,5,4,31,0.217391304347826,0,1
CHEMBL1258521,4.450517,3.0021644,O=C(/C=C/c1cc(=O)oc2cc(O)ccc12)c1ccc(O)cc1,IC50,1,single-target,0,308.28900000000004,3.1003000000000007,87.74000000000001,2,5,3,3,3,23,0.0,0,1
CHEMBL3953466,1.5971779,-1.428562,O=c1ccc2c(OCCCCSc3ncccn3)c3ccoc3cc2o1,EC50,2,multi-target,0,368.41400000000016,4.280500000000004,78.36,0,7,7,4,4,26,0.2105263157894736,0,1
CHEMBL4875269,3.914567,4.5822506,CCN(CC)c1ccc2c(C)c(CCOC(=O)N(C)CCc3cccnc3)c(=O)oc2c1,EC50,1,single-target,0,437.5400000000002,4.196220000000004,75.88,0,6,9,3,3,32,0.4,0,1
CHEMBL4520782,8.527501,-0.96548575,COc1ccc(/C=N/c2ccc3oc(=O)ccc3c2)cc1,IC50,1,single-target,0,279.295,3.552200000000002,51.8,0,4,3,3,3,21,0.0588235294117647,0,1
CHEMBL1688908,8.707808,10.944229,CC(=O)c1ccc(Oc2ccc3c(Cn4ccnc4)cc(=O)oc3c2)cc1,IC50,1,single-target,0,360.3690000000001,4.032700000000003,74.33000000000001,0,6,5,4,4,27,0.0952380952380952,0,1
CHEMBL453853,13.85843,2.3189752,O=C(c1ccc(Cl)cc1)N1CCN(C(=O)c2cc3ccccc3oc2=O)CC1,IC50,1,single-target,0,396.8300000000002,3.0446000000000017,70.83000000000001,0,4,2,4,3,28,0.1904761904761904,0,1
CHEMBL1519514,3.2429886,2.4902704,CCN(CC)S(=O)(=O)c1ccc(OC)c(NC(=O)COc2ccc3c(C)cc(=O)oc3c2)c1,IC50,1,single-target,0,474.5350000000003,3.1580200000000014,115.15000000000002,1,7,9,3,3,33,0.3043478260869565,0,1
CHEMBL5400613,5.630715,4.6298656,CCC(=O)Nc1c(O)ccc2c(C)cc(=O)oc12,IC50,1,single-target,0,247.24999999999997,2.15552,79.54,2,4,2,2,2,18,0.2307692307692307,0,1
CHEMBL4748050,8.882565,-0.2016319,O=C(/C=C/c1cccc(F)c1)Nc1ccc2oc(=O)ccc2c1,Ki,2,multi-target,0,309.29600000000005,3.5840000000000023,59.31,1,3,3,3,3,23,0.0,0,1
CHEMBL257057,5.6549864,4.3136744,COc1c(O)ccc2c(C)cc(=O)oc12,IC50,1,single-target,0,206.19699999999995,1.81562,59.67,1,4,1,2,2,15,0.1818181818181818,0,1
CHEMBL2426554,6.8663507,7.9990034,Cc1c(Oc2ccc(Cl)cc2O)c(=O)oc2ccccc12,IC50,1,single-target,0,302.713,4.252720000000003,59.67,1,4,2,3,3,21,0.0625,0,1
CHEMBL5412333,5.625596,4.649157,Cc1cc(=O)oc2c(NC(=O)OCc3ccccc3)c(O)ccc12,IC50,1,single-target,0,325.32000000000005,3.5557200000000018,88.77000000000001,2,5,3,3,3,24,0.1111111111111111,0,1
CHEMBL2430498,16.041721,4.323954,O=c1cc(OCc2cn(-c3ccc(S(=O)(=O)NCCc4ccccc4)cc3)nn2)c2ccccc2o1,IC50,1,single-target,0,502.55200000000025,3.473700000000002,116.32,1,8,9,5,5,36,0.1153846153846153,1,0
CHEMBL2177249,-1.4015882,5.949962,CCCCCc1cc(OC)c2cc(Cc3cccc(OC)c3)c(=O)oc2c1,EC50,3,multi-target,0,366.4570000000001,5.133700000000005,48.67,0,4,8,3,3,27,0.3478260869565217,1,0
CHEMBL1337011,6.382487,4.636913,Cc1c(C)c2ccc(O)c(CN3CCN(C)CC3)c2oc1=O,AC50,1,single-target,0,302.374,1.86284,56.92,1,5,2,3,2,22,0.4705882352941176,0,1
CHEMBL571514,7.8065796,0.25341186,CCCCOc1ccc2ccc(=O)oc2c1,Ki,12,multi-target,1,218.252,2.971900000000001,39.44,0,3,4,2,2,16,0.3076923076923077,0,1
CHEMBL1486121,13.275535,1.2430084,Cc1nc(SCC(=O)c2cc3ccccc3oc2=O)c(C#N)c(C)c1C(=O)Nc1ccccc1,AC50,1,single-target,0,469.5220000000003,4.903820000000003,113.06,1,7,6,4,4,34,0.1153846153846153,0,1
CHEMBL461305,3.203582,9.030708,Cc1ccc2oc(=O)cc(N3CCN(c4ccccc4)CC3)c2c1,IC50,1,single-target,0,320.3920000000001,3.428020000000002,36.690000000000005,0,4,2,4,3,24,0.25,0,1
CHEMBL5566534,8.7774105,0.6964177,NS(=O)(=O)c1ccc(COc2ccc3ccc(=O)oc3c2)cc1,Ki,8,multi-target,1,331.34900000000005,2.0194,99.6,1,5,4,3,3,23,0.0625,0,1
CHEMBL2181540,-1.8225137,5.7215705,CCCCCCC(C)(C)c1cc(O)c2cc(Cc3ccccc3O)c(=O)oc2c1,Ki,4,multi-target,0,394.51100000000014,6.043000000000007,70.67,2,4,8,3,3,29,0.4,1,0
CHEMBL1394581,9.225321,-0.7285427,COc1cc2oc(=O)cc(-c3ccc(-c4ccc(N(C)C)cc4)cc3)c2c(OC)c1OC,AC50,1,single-target,0,431.4880000000002,5.218800000000005,61.14,0,6,6,4,4,32,0.1923076923076923,1,0
CHEMBL470618,-1.1085312,5.8652215,COc1cc(C)cc2oc(=O)c(Cc3ccccc3C)cc12,Ki,2,multi-target,0,294.35,4.009240000000003,39.44,0,3,3,3,3,22,0.2105263157894736,0,1
CHEMBL5590122,2.2489398,1.6591145,CN(Cc1ccc(COc2ccc3c(CO)cc(=O)oc3c2)cc1)Cc1ccsc1,IC50,3,multi-target,0,421.51800000000014,4.557800000000004,62.91,1,6,8,4,4,30,0.2083333333333333,0,1
CHEMBL4096105,12.252904,3.2259598,N#Cc1cc2cc(Br)cc(Br)c2oc1=O,EC50,1,single-target,0,328.9470000000001,3.189680000000001,54.0,0,3,0,2,2,15,0.0,0,1
CHEMBL2425842,13.421797,-6.8807616,CCC1c2c(nc3c(c2N)CCCC3)Oc2c1c(=O)oc1ccccc21,IC50,2,multi-target,0,348.402,4.296600000000003,78.35000000000001,1,5,1,5,3,26,0.3333333333333333,0,1
CHEMBL1934677,6.876064,7.9644175,COc1ccc(-c2c(O)c3cc(Cl)ccc3oc2=O)cc1Cl,IC50,1,single-target,0,337.158,4.481000000000002,59.67,1,4,2,3,3,22,0.0625,0,1
CHEMBL161802,19.778564,8.460748,NS(=O)(=O)c1ccc(CNCc2cc(=O)oc3cc(Cl)ccc23)cc1,Ki,3,multi-target,0,378.8370000000001,2.3836000000000004,102.4,2,5,5,3,3,25,0.1176470588235294,0,1
CHEMBL488073,4.203196,5.389819,CC(=O)COc1ccc2c3c(c(=O)oc2c1C)CCCC3,IC50,2,multi-target,0,286.32700000000006,2.9480200000000014,56.510000000000005,0,4,3,3,2,21,0.4117647058823529,0,1
CHEMBL4160871,3.6016262,6.5153275,Cc1c(CC(=O)Nc2ccc(S(N)(=O)=O)cc2)c(=O)oc2cc3occ(-c4ccccc4)c3cc12,Ki,4,multi-target,0,488.5210000000002,4.343220000000002,132.61,2,6,5,5,5,35,0.0769230769230769,0,1
CHEMBL501402,2.9337544,5.0387416,O=c1oc2cc(O)ccc2c2c1CCC2,IC50,1,single-target,0,202.20899999999992,1.9873,50.44,1,3,0,3,2,15,0.25,0,1
CHEMBL4862632,4.6214266,4.889633,COc1ccc(-c2cc(=O)oc3c(C)c(OCC(=O)N[C@@H](Cc4c[nH]c5ccc(O)cc45)C(=O)O)ccc23)cc1,Kd,1,single-target,0,542.5440000000002,4.154820000000002,151.09,4,7,9,5,5,40,0.1666666666666666,1,0
CHEMBL3586579,1.5066133,3.4083114,Cc1c(C)c2ccc(OCCCCCN(C)Cc3cccc(C#N)c3)cc2oc1=O,IC50,4,multi-target,0,404.5100000000001,4.962620000000005,66.47,0,5,9,3,3,30,0.36,0,1
CHEMBL3400286,11.266973,14.374917,Cc1c(Cc2cccc(N(C)S(=O)(=O)CCCCl)c2)c(=O)oc2cc(OC(=O)N(C)C)ccc12,IC50,1,single-target,0,507.0080000000002,4.147520000000004,97.13,0,6,8,3,3,34,0.3333333333333333,1,0
CHEMBL5567697,5.423107,2.7785695,CCS(=O)(=O)Nc1ccc(Oc2ccccc2OC)c(-c2ccc3oc(=O)cc(OC)c3c2)c1,IC50,1,single-target,0,481.5260000000003,5.031100000000004,104.07,1,7,8,4,4,34,0.16,1,0
CHEMBL4852306,7.81337,0.31680098,CC1=C(O)C(=O)C=C2C1=CC=C1[C@@]2(C)CC[C@@]2(C)[C@@H]3C[C@](C)(C(=O)OCCOc4ccc5ccc(=O)oc5c4)CC[C@]3(C)CC[C@]12C,IC50,1,single-target,0,638.8009999999999,8.341700000000007,103.04,1,7,5,7,2,47,0.525,2,0
CHEMBL4576206,2.670812,5.153935,O=c1oc2cc(OP(=O)(O)O)ccc2c2c1CCCC2,IC50,1,single-target,0,296.2150000000001,2.143299999999999,96.97,2,4,2,3,2,20,0.3076923076923077,0,1
CHEMBL1630099,11.7416935,-0.69447386,Cc1ccc2oc(=O)c(CC(CCCCc3ccccc3)C(=O)NO)cc2c1,IC50,1,single-target,0,379.456,4.1785200000000025,79.54,2,4,8,3,3,28,0.3043478260869565,0,1
CHEMBL267679,14.386959,18.337084,CCCc1cc(=O)oc2c3c(c4c(c12)OC(C)(C)C=C4)O[C@H](C)C(C)(C)[C@H]3O,EC50,1,single-target,0,384.4720000000001,4.770200000000005,68.9,1,5,2,4,2,28,0.5217391304347826,0,1
CHEMBL2322270,3.8334801,6.7355137,Cc1oc2cc3oc(=O)c(CC(=O)Nc4ccc(C(=O)O)cc4)c(C)c3cc2c1C,EC50,1,single-target,0,405.4060000000001,4.343860000000003,109.75,2,5,4,4,4,30,0.1739130434782608,0,1
CHEMBL224786,8.7383585,10.967655,O=c1oc2ccccc2c(Cn2ccnc2)c1-c1ccccc1,IC50,1,single-target,0,302.333,3.7048000000000014,48.03,0,4,3,4,4,23,0.0526315789473684,0,1
CHEMBL427247,8.734523,10.962863,O=c1cc(Cn2ccnc2)c2ccccc2o1,IC50,1,single-target,0,226.235,2.0378,48.03,0,4,2,3,3,17,0.0769230769230769,0,1
CHEMBL1452669,5.422633,4.4522843,CCC(=O)Oc1ccc2c(C)cc(=O)oc2c1C(=O)c1ccccc1,AC50,1,single-target,0,336.343,3.647820000000002,73.58000000000001,0,5,4,3,3,25,0.15,0,1
CHEMBL1314447,4.417295,5.8364,Cc1c(C)c2c(OCC(=O)N3CCC[C@H]3C(=O)O)cc3c(c2oc1=O)CCC(C)(C)O3,IC50,1,single-target,0,429.4690000000003,2.9678400000000016,106.28000000000002,1,6,4,4,2,31,0.5217391304347826,0,1
CHEMBL277350,-3.4801655,-0.016394299,CC1=NN(c2ccc(C(=O)NCCCNC(=O)C(Cc3ccc(OP(=O)(O)O)cc3)NC(=O)Cc3cc(=O)oc4cc(O)ccc34)cc2)C(=O)C1,IC50,1,single-target,0,719.6440000000001,2.288999999999999,237.17,6,10,14,5,4,51,0.2352941176470588,2,0
CHEMBL88778,6.4225006,8.6119995,O=c1oc2ccccc2c(O)c1CCCSc1ccccc1,IC50,1,single-target,0,312.39,4.223500000000003,50.44,1,4,5,3,3,22,0.1666666666666666,0,1
CHEMBL1650699,12.2175255,2.002874,CC(=O)c1cc2ccc(-c3ccccc3)cc2oc1=O,IC50,1,single-target,0,264.28,3.662600000000003,47.28,0,3,2,3,3,20,0.0588235294117647,0,1
CHEMBL4870855,13.04691,1.0688658,O=C(Nc1cccc(Cl)c1)c1cc2ccccc2oc1=O,IC50,1,single-target,0,299.713,3.6987000000000014,59.31,1,3,2,3,3,21,0.0,0,1
CHEMBL3786296,11.8394785,7.7066813,O=C(CN1CCOCC1)N1N=C(c2cc3ccccc3oc2=O)CC1c1ccccc1C(F)(F)F,IC50,1,single-target,0,485.4620000000002,3.8217000000000025,75.35,0,6,4,5,3,35,0.32,0,1
CHEMBL5593502,8.842737,-0.23287936,O=C(/C=C/c1cc(O)ccc1O)Nc1ccc2oc(=O)c(NC(=O)/C=C/c3cc(O)ccc3O)cc2c1,IC50,1,single-target,0,500.46300000000025,3.919200000000001,169.32999999999998,6,8,6,4,4,37,0.0,2,0
CHEMBL5565956,2.241951,1.6638176,CN(Cc1ccc(COc2ccc3c(CO)cc(=O)oc3c2)cc1)Cc1cccnc1,IC50,2,multi-target,0,416.47700000000015,3.891300000000003,75.80000000000001,1,6,8,4,4,31,0.2,0,1
CHEMBL3622011,2.5040963,5.067694,NS(=O)(=O)Oc1ccc2c3c(c(=O)oc2c1)CCCCCCC3,IC50,1,single-target,0,337.3970000000002,2.4244000000000003,99.6,1,5,2,3,2,23,0.4375,0,1
CHEMBL4483384,11.709344,7.857595,COc1cc(C2CC(c3cc4ccccc4oc3=O)=NN2C(C)=O)cc(OC)c1OC,IC50,1,single-target,0,422.4370000000002,3.516400000000002,90.57,0,7,5,4,3,31,0.2608695652173913,0,1
CHEMBL4859730,-1.083408,8.300926,CCN(CC)c1ccc2c(C)c(CCN3CC4(CCN(c5ncccn5)CC4)NC3=O)c(=O)oc2c1,EC50,1,single-target,0,490.6080000000002,3.344520000000002,94.81,1,7,7,5,3,36,0.4814814814814814,0,1
CHEMBL4462339,2.5542831,6.77528,Cc1c(CC(=O)O)c(=O)oc2c(C)c(OCC3CCCC3)ccc12,IC50,1,single-target,0,330.3800000000001,3.605940000000003,76.74,1,4,5,3,2,24,0.4736842105263157,0,1
CHEMBL3120697,3.5925682,-1.7555329,O=c1oc2c(Cl)c(OCCCCN3CCC(c4noc5cc(F)ccc45)CC3)ccc2c2c1CCC2,Ki,6,multi-target,1,510.99300000000034,6.254000000000006,68.71000000000001,0,6,7,6,4,36,0.4285714285714285,2,0
CHEMBL4790660,3.2472312,3.6804786,Cc1cc(=O)oc2cc(OS(=O)(=O)C3CC4OC3C(c3ccc(O)cc3)=C4c3ccc(O)cc3)ccc12,IC50,1,single-target,0,518.5430000000002,4.371920000000003,123.27,2,8,5,6,4,37,0.1785714285714285,1,0
CHEMBL3086065,11.010186,14.60751,CNS(=O)(=O)Nc1cccc(Cc2c(C)c3cc(Cl)c(OC(=O)N(C)C)cc3oc2=O)c1,IC50,2,multi-target,0,479.9420000000003,3.2821200000000017,117.95,2,6,6,3,3,32,0.238095238095238,0,1
CHEMBL4514959,-3.4335356,0.053597473,O=C(Cc1cc(=O)oc2cc(O)ccc12)NCCCNCCNCCCNc1c2c(nc3ccccc13)CCCC2,IC50,1,single-target,0,557.695,3.655800000000001,128.52,5,8,14,5,4,41,0.40625,1,0
CHEMBL4756105,13.842321,1.258901,C/C(=N\NC(=O)c1ccc(S(N)(=O)=O)cc1)c1cc2ccccc2oc1=O,Ki,4,multi-target,0,385.4010000000001,1.5944000000000005,131.83,2,6,4,3,3,27,0.0555555555555555,0,1
CHEMBL4877664,5.6657734,20.749601,CCCc1cccc(C(=O)Nc2c(O)c3ccc(O)cc3oc2=O)c1,Ki,2,multi-target,0,339.3470000000001,3.4090000000000025,99.77,3,5,4,3,3,25,0.1578947368421052,0,1
CHEMBL5183932,4.2280674,2.7900052,COc1ccc2c(Cc3nc4cc(-c5c(C)noc5C)ccc4n3[C@H]3CC[C@H](O)CC3)cc(=O)oc2c1,IC50,1,single-target,0,499.5670000000003,5.489940000000006,103.52,1,8,5,6,5,37,0.3448275862068966,1,0
CHEMBL1801021,11.725624,4.384285,COc1ccccc1-c1cc2ccc(O)cc2oc1=O,IC50,1,single-target,0,268.268,3.1742000000000017,59.67,1,4,2,3,3,20,0.0625,0,1
CHEMBL4442662,2.390919,6.91689,Cc1c(CC(=O)O)c(=O)oc2c(C)c(OCc3cccc(C4CC4)c3)ccc12,IC50,1,single-target,0,378.4240000000001,4.493340000000003,76.74,1,4,6,4,3,28,0.3043478260869565,0,1
CHEMBL3360730,11.403008,5.197528,Cc1ccc2oc(=O)c(-c3ccccc3[N+](=O)[O-])cc2c1,IC50,1,single-target,0,281.26700000000005,3.6766200000000016,73.35,0,4,2,3,3,21,0.0625,0,1
CHEMBL5189120,5.509949,3.964536,CNCc1cc(=O)oc2c(O)c(O)ccc12,IC50,1,single-target,0,221.212,0.9236,82.7,3,5,2,2,2,16,0.1818181818181818,0,1
CHEMBL4466686,6.942869,-3.3230472,Cc1cc(=O)oc2cc(OCC3CCN(Cc4ccc(CO)cc4)CC3)ccc12,IC50,3,multi-target,0,393.4830000000001,3.8847200000000033,62.91,1,5,6,4,3,29,0.375,0,1
CHEMBL4763272,13.955387,1.1851674,NS(=O)(=O)c1ccc(C(=O)N/N=C(\CS(=O)(=O)c2ccccc2)c2cc3ccccc3oc2=O)cc1,Ki,4,multi-target,0,525.5640000000003,2.0484,165.96999999999997,2,8,7,4,4,36,0.0416666666666666,1,0
CHEMBL1946916,5.229369,6.9308257,O=c1oc2cc(O)ccc2c2c1[nH]c1ccccc12,IC50,1,single-target,0,251.241,3.1331000000000007,66.22999999999999,2,3,0,4,4,19,0.0,0,1
CHEMBL4878847,3.9790301,3.8778083,C#CCN(CC#C)c1ccc2c(C)cc(=O)oc2c1,EC50,1,single-target,0,251.285,2.17422,33.45,0,3,3,2,2,19,0.1875,0,1
CHEMBL4847400,3.42781,2.2079427,Cc1cc(=O)oc2cc(OC(C)Cc3ccccc3)ccc12,EC50,1,single-target,0,294.35,4.111420000000003,39.44,0,3,4,3,3,22,0.2105263157894736,0,1
CHEMBL4877002,3.918142,4.595116,CCN(CC)c1ccc2c(C)c(CCOC(=O)NCc3cncc(NC(C)=O)c3)c(=O)oc2c1,EC50,1,single-target,0,466.5380000000002,3.7699200000000017,113.77,2,7,9,3,3,34,0.36,0,1
CHEMBL470018,-1.0463525,5.989424,COc1ccccc1Cc1cc2c(C(C)C)ccc(C)c2oc1=O,Ki,2,multi-target,0,322.4040000000001,4.824220000000005,39.44,0,3,4,3,3,24,0.2857142857142857,0,1
CHEMBL3286944,5.4133554,-0.68013215,Cc1cc(=O)oc2cc(OCCCC(=O)N3CCN(c4ccc(Cl)c(Cl)c4)CC3)ccc12,IC50,1,single-target,0,475.3720000000001,4.916020000000005,62.99,0,5,6,4,3,32,0.3333333333333333,0,1
CHEMBL1761762,11.515071,4.4345284,COc1ccc2cc(-c3c[nH]c4ccccc34)c(=O)oc2c1,IC50,2,multi-target,0,291.30600000000004,3.949900000000002,55.23,1,3,2,4,4,22,0.0555555555555555,0,1
CHEMBL3410695,13.295312,2.7052991,CCCCOc1cccc2cc(C(=O)NC3CCCCC3)c(=O)oc12,EC50,1,single-target,0,343.4230000000002,4.034400000000003,68.53999999999999,1,4,6,3,2,25,0.5,0,1
CHEMBL3410722,13.316884,2.6539078,CCCCOc1c(OC)ccc2cc(C(=O)NC3CCCCC3)c(=O)oc12,IC50,1,single-target,0,373.4490000000003,4.043000000000003,77.77,1,5,7,3,2,27,0.5238095238095238,0,1
CHEMBL298108,4.4286003,-1.5366474,COc1ccccc1N1CCN(CCCOc2ccc3c(OC)cc(=O)oc3c2)CC1,Ki,3,multi-target,0,424.4970000000002,3.4013000000000018,64.38,0,7,8,4,3,31,0.375,0,1
CHEMBL204768,6.3272586,6.1607633,Cc1cc(O)c(Cl)c2c(=O)oc3c(Cl)c(O)ccc3c12,IC50,2,multi-target,0,311.12,3.972620000000002,70.67,2,4,0,3,3,20,0.0714285714285714,0,1
CHEMBL1603488,12.644655,1.596086,CC(NC(=O)c1cc2cc([N+](=O)[O-])ccc2oc1=O)C1CCCO1,EC50,2,multi-target,0,332.3120000000001,1.9985,111.68,1,6,4,3,2,24,0.375,0,1
CHEMBL3335018,1.4616401,4.343666,C[C@@H](c1ccc2c(c1)oc(=O)c1ccccc12)N(C)C,IC50,2,multi-target,0,267.328,3.568800000000002,33.45,0,3,2,3,3,20,0.2352941176470588,0,1
CHEMBL2314728,13.540593,3.3415606,O=c1oc2ccccc2cc1OC1CCN(Cc2ccccc2)CC1,IC50,2,multi-target,0,335.403,3.836400000000003,42.68,0,4,4,4,3,25,0.2857142857142857,0,1
CHEMBL551804,2.482452,6.773855,Cc1c(CC(=O)O)c(=O)oc2c(C)c(OCc3ccc(C(C)(C)C)cc3)ccc12,IC50,1,single-target,0,394.4670000000001,4.913440000000004,76.74,1,4,5,3,3,29,0.3333333333333333,0,1
CHEMBL3410709,13.246346,2.6621392,CCCCOc1cccc2cc(C(=O)NC(C)CCC)c(=O)oc12,EC50,1,single-target,0,331.4120000000001,3.8903000000000025,68.53999999999999,1,4,8,2,2,24,0.4736842105263157,0,1
CHEMBL3410723,13.2961445,2.6479757,CCCCCOc1c(OC)ccc2cc(C(=O)NC3CCCCC3)c(=O)oc12,IC50,1,single-target,0,387.4760000000003,4.433100000000003,77.77,1,5,8,3,2,28,0.5454545454545454,0,1
CHEMBL4202487,10.677771,4.3771343,Cc1cccc2cc(-c3ccc(Br)nn3)c(=O)oc12,IC50,1,single-target,0,317.14200000000005,3.320920000000002,55.99,0,4,1,3,3,19,0.0714285714285714,0,1
CHEMBL2203961,11.018067,2.4499865,CCN(CC)c1ccc2cc(C(=O)NC3(C(=O)NCC#N)CCCCC3)c(=O)oc2c1,Ki,2,multi-target,0,424.5010000000004,2.7116800000000003,115.44,2,6,7,3,2,31,0.4782608695652174,0,1
CHEMBL3113643,11.470895,-0.25745264,O=c1oc2ccc(OC(F)(F)F)cc2cc1CN1CCCC1,IC50,1,single-target,0,313.2750000000001,3.2874000000000017,42.68,0,4,3,3,2,22,0.4,0,1
CHEMBL2334351,7.5891533,2.1222641,COc1cc2ccc(=O)oc2c(O)c1OC,Ki,5,multi-target,1,222.196,1.5157999999999998,68.9,1,5,2,2,2,16,0.1818181818181818,0,1
CHEMBL3113640,11.482845,-0.24757823,O=c1oc2ccccc2cc1CN1CCCC1,IC50,1,single-target,0,229.2789999999999,2.3888000000000007,33.45,0,3,2,3,2,17,0.3571428571428571,0,1
CHEMBL4783003,6.4885073,4.3010387,CN(C)Cc1c(O)c(O)cc2oc(=O)ccc12,IC50,1,single-target,0,235.239,1.2657999999999998,73.91,2,5,2,2,2,17,0.25,0,1
CHEMBL4846353,-1.0924169,8.292492,CCN(CC)c1ccc2c(C)c(CCN3C(=O)NC4(CCN(S(=O)(=O)c5ccccc5)C4)C3=O)c(=O)oc2c1,EC50,1,single-target,0,552.6530000000002,2.875320000000001,120.24,1,7,8,5,3,39,0.3928571428571428,1,0
CHEMBL1510935,12.194208,1.299816,Cc1cccc(Oc2coc3cc(OC(=O)c4cc5ccccc5oc4=O)ccc3c2=O)c1,AC50,2,multi-target,0,440.40700000000015,5.219320000000004,95.95,0,7,4,5,5,33,0.0384615384615384,1,0
CHEMBL2430497,15.954842,4.210993,O=c1ccc2ccc(OCc3cn(-c4ccc(S(=O)(=O)NCCc5ccccc5)cc4)nn3)cc2o1,IC50,1,single-target,0,502.55200000000025,3.4737000000000027,116.32,1,8,9,5,5,36,0.1153846153846153,1,0
CHEMBL3335067,5.127425,-1.4342412,COc1cccc(CN2CCN(CCCOc3ccc4c(c3)oc(=O)c3ccccc34)CC2)c1,IC50,1,single-target,0,458.5580000000002,4.5415000000000045,55.15,0,6,8,5,4,34,0.3214285714285714,0,1
CHEMBL4473596,5.2335663,-3.6056128,COc1cc2c(cc1OC)CN(Cc1cccc(COc3ccc4c(C)c(C)c(=O)oc4c3)c1)CC2,IC50,2,multi-target,0,485.5800000000003,5.564340000000006,61.14,0,6,7,5,4,36,0.3,1,0
CHEMBL1579999,3.1451404,2.5576212,Cc1cc(=O)oc2cc(Oc3ccc([N+](=O)[O-])cc3[N+](=O)[O-])ccc12,EC50,1,single-target,0,342.2630000000001,3.7101200000000025,125.72,0,7,4,3,3,25,0.0625,0,1
CHEMBL3193979,15.331433,-0.812413,CC/C(C)=N/Nc1nc(-c2cc3cccc(OC)c3oc2=O)cs1,AC50,1,single-target,0,343.4080000000001,4.122900000000003,76.72,1,7,5,3,3,24,0.2352941176470588,0,1
CHEMBL1927207,10.249069,5.3678102,O=C(O)c1cccc(-n2cc(-c3cc4cc(Cl)ccc4oc3=O)[nH]c2=S)c1,IC50,1,single-target,0,398.8270000000001,4.6598900000000025,88.22999999999999,2,5,3,4,4,27,0.0,0,1
CHEMBL1469032,13.014124,5.912457,O=c1oc2ccccc2cc1-c1csc(Nc2ccc(O)cc2)n1,IC50,1,single-target,0,336.372,4.365700000000002,75.36,2,6,3,4,4,24,0.0,0,1
CHEMBL4567011,10.469162,4.368932,COc1cc(-c2cc3cccc(C)c3oc2=O)cc(OC)c1OC,Ki,2,multi-target,0,326.34800000000007,3.794220000000003,57.900000000000006,0,5,4,3,3,24,0.2105263157894736,0,1
CHEMBL6721,1.0149944,-3.2363546,CCC1CC(CC)c2cc3c(C(F)(F)F)cc(=O)oc3cc2N1,EC50,1,single-target,0,325.33000000000004,4.899600000000004,42.24,1,3,2,3,2,23,0.4705882352941176,0,1
CHEMBL345585,19.77254,8.45488,NS(=O)(=O)c1ccc(NS(=O)(=O)c2ccc(NCc3cc(=O)oc4cc(Cl)ccc34)cc2)cc1,Ki,3,multi-target,0,519.9880000000003,3.506700000000002,148.57,3,7,7,4,4,34,0.0454545454545454,1,0
CHEMBL2177258,-1.5378149,5.8465633,CCCCCc1cc(O)c2cc(Cc3ccccc3O)c(=O)oc2c1,Ki,2,multi-target,0,338.4030000000001,4.527700000000005,70.67,2,4,6,3,3,25,0.2857142857142857,0,1
CHEMBL3265285,5.544164,4.1131597,C=CCOC(=O)NCCCCc1cc(=O)oc2c(C=O)c(O)ccc12,IC50,1,single-target,0,345.351,2.5460000000000003,105.84,2,6,8,2,2,25,0.2777777777777778,0,1
CHEMBL3265261,5.938581,-8.441694,C=CCOC(=O)N1CCc2c(c(=O)oc3c(C=O)c(O)ccc23)C1,IC50,1,single-target,0,329.30800000000005,1.9918,97.05,1,6,3,3,2,24,0.2352941176470588,0,1
CHEMBL1835822,8.267741,1.053716,O=c1ccc2cc(-c3ccccc3)c(O)cc2o1,IC50,1,single-target,0,238.242,3.1656000000000013,50.44,1,3,1,3,3,18,0.0,0,1
CHEMBL150302,12.008281,3.5095508,N#Cc1cc2ccc(O)cc2oc1=O,Ki,2,multi-target,0,187.154,1.3702799999999995,74.22999999999999,1,4,0,2,2,14,0.0,0,1
CHEMBL3901865,1.6004841,-1.4366962,COc1ccc2sc(SCCCCOc3c4ccoc4cc4oc(=O)ccc34)nc2c1,EC50,2,multi-target,0,453.54100000000017,6.108800000000005,74.7,0,8,8,5,5,31,0.217391304347826,1,0
CHEMBL1311669,12.733503,1.3787154,O=C(Nc1cccc2oc(=O)ccc12)c1ccc([N+](=O)[O-])cc1[N+](=O)[O-],IC50,1,single-target,0,355.2620000000001,2.8617000000000017,145.59,1,7,4,3,3,26,0.0,0,1
CHEMBL5438388,6.1923428,-1.8206923,O=C(Nc1cc(-c2ccc3c(OCCCNC4CCN(Cc5ccccc5)CC4)cc(=O)oc3c2)ccn1)C1CC1,IC50,1,single-target,0,552.6750000000002,5.226600000000006,96.7,2,7,11,6,4,41,0.3636363636363636,2,0
CHEMBL3220509,12.71395,0.39104375,O=C(Nc1cc2ccccc2oc1=O)c1ccc(Cl)cc1,IC50,2,multi-target,0,299.713,3.6987000000000014,59.31,1,3,2,3,3,21,0.0,0,1
CHEMBL600019,16.30932,-2.4386823,Cc1c(N2CCNCC2)c(=O)oc2cc(O)cc(O)c12,IC50,1,single-target,0,276.29200000000003,0.92222,85.94000000000001,3,6,1,3,2,20,0.3571428571428571,0,1
CHEMBL3208526,6.918493,8.204579,CC(=O)Nc1c(NCC(C)C)c2ccccc2oc1=O,AC50,3,multi-target,0,274.32000000000005,2.819300000000001,71.34,2,4,4,2,2,20,0.3333333333333333,0,1
CHEMBL252693,11.688876,-0.4306978,COc1ccc2oc(=O)c(CC(C)C(=O)NO)cc2c1,IC50,1,single-target,0,277.276,1.4855999999999998,88.77,2,5,4,2,2,20,0.2857142857142857,0,1
CHEMBL494799,12.770008,2.8338017,O=C(Nc1ccccc1)c1cc2cc(Cl)cc(Cl)c2oc1=O,IC50,1,single-target,0,334.1580000000001,4.352100000000002,59.31,1,3,2,3,3,22,0.0,0,1
CHEMBL3786821,11.805327,7.753296,CCNCC(=O)N1N=C(c2cc3ccccc3oc2=O)CC1c1ccccc1,IC50,1,single-target,0,375.4280000000001,3.0802000000000014,74.91,1,5,5,4,3,28,0.2272727272727272,0,1
CHEMBL3806068,13.099074,6.513467,NS(=O)(=O)c1ccc(-n2cc(/C=N\Nc3nc(-c4cc5cc(Br)ccc5oc4=O)cs3)c(-c3ccc(Cl)cc3)n2)cc1,Ki,4,multi-target,0,681.981,6.278500000000005,145.47000000000003,2,10,7,6,6,42,0.0,2,0
CHEMBL3805886,13.07863,6.4877057,NS(=O)(=O)c1ccc(-n2cc(/C=N\Nc3nc(-c4cc5cc(Cl)ccc5oc4=O)cs3)c(-c3ccc(Cl)cc3)n2)cc1,Ki,4,multi-target,0,637.5300000000002,6.169400000000004,145.47000000000003,2,10,7,6,6,42,0.0,2,0
CHEMBL4517532,6.960245,8.791098,CC(=O)CC(c1c(O)c2ccccc2oc1=O)C1CCCCCCC1,IC50,1,single-target,0,342.4350000000003,4.921800000000004,67.50999999999999,1,4,4,3,2,25,0.5238095238095238,0,1
CHEMBL91585,5.777668,-8.840228,COc1ccc2c3c(c(=O)oc2c1)CN(Cc1ccncc1)CC3,Ki,1,single-target,0,322.36400000000003,2.754900000000001,55.57,0,5,3,4,3,24,0.2631578947368421,0,1
CHEMBL1098844,-1.2756087,19.139368,COc1ccc2c(Nc3c(Cl)cncc3Cl)cc(=O)oc2c1OCCCN(C)C,IC50,1,single-target,0,438.3110000000003,4.577500000000003,76.83,1,7,8,3,3,29,0.3,0,1
CHEMBL5900641,4.714539,-5.6206126,O=c1oc2ccc(F)c(F)c2cc1COC1C(O)[C@@H](CO)OC(S[C@@H]2OC(CO)[C@H](O)[C@H](n3cc(-c4cccc(F)c4)nn3)C2O)[C@@H]1O,Kd,2,multi-target,0,697.6410000000002,0.2064999999999991,209.99,6,15,9,6,4,48,0.4333333333333333,3,0
CHEMBL3696485,4.498208,-1.6642591,O=c1oc2cc(OCCCCN3CCN(c4ccccc4CO)CC3)ccc2c2c1CCCC2,IC50,2,multi-target,0,462.5900000000004,4.145300000000004,66.15,1,6,8,5,3,34,0.4642857142857143,0,1
CHEMBL3092192,11.101231,14.529002,CNS(=O)(=O)Nc1cccc(Cc2c(C)c3cc(F)c(OC(=O)N(C)C)cc3oc2=O)c1,IC50,1,single-target,0,463.48700000000025,2.7678200000000004,117.95,2,6,6,3,3,32,0.238095238095238,0,1
CHEMBL5287553,7.273215,8.616548,O=c1oc2cc(O)ccc2c(O)c1C(c1ccc(/C=C\c2ccccc2)cc1)c1c(O)c2ccc(O)cc2oc1=O,IC50,1,single-target,0,546.5310000000002,6.072400000000007,141.34,4,8,5,6,6,41,0.0303030303030303,2,0
CHEMBL3092180,11.075186,14.552506,C#Cc1cc2c(C)c(Cc3cccc(NS(=O)(=O)NC)c3)c(=O)oc2cc1OC(=O)N(C)C,IC50,2,multi-target,0,469.5190000000003,2.6100200000000005,117.95,2,6,6,3,3,33,0.217391304347826,0,1
CHEMBL3922811,11.555163,4.2000723,Cc1csc(-c2cc3ccc(OCc4c(F)c(F)c(F)c(F)c4F)cc3oc2=O)n1,IC50,2,multi-target,0,439.3610000000001,5.499420000000002,52.33,0,5,4,4,4,30,0.1,1,0
CHEMBL1305435,6.364964,8.866901,Cc1ccc(S(=O)(=O)Nc2c(NC3CCCCC3)c3ccccc3oc2=O)c(C)c1,IC50,2,multi-target,0,426.5380000000002,4.955240000000004,88.41,2,5,5,4,3,30,0.3478260869565217,0,1
CHEMBL5277365,13.023389,5.809148,COc1cc(/C=N/c2nc(-c3cc4ccccc4oc3=O)cs2)cc(OC)c1OC,IC50,1,single-target,0,422.4620000000002,4.692900000000003,83.15,0,8,6,4,4,30,0.1363636363636363,0,1
CHEMBL453852,13.869513,2.3083978,O=C(c1ccccc1)N1CCN(C(=O)c2cc3ccccc3oc2=O)CC1,IC50,1,single-target,0,362.38500000000016,2.3912000000000004,70.83000000000001,0,4,2,4,3,27,0.1904761904761904,0,1
CHEMBL1761764,11.334111,4.8192754,COc1ccc2oc(=O)c(-c3ccsc3)cc2c1,IC50,1,single-target,0,258.298,3.530100000000002,39.44,0,4,2,3,3,18,0.0714285714285714,0,1
CHEMBL1388493,13.433765,1.757178,O=C(NCCCN1CCOCC1)c1cc2ccccc2oc1=O,IC50,2,multi-target,0,316.3570000000001,1.2451,71.78,1,5,5,3,2,23,0.4117647058823529,0,1
CHEMBL1568639,2.3358073,3.6348574,Cc1c(CCC(=O)O)c(=O)oc2cc(OCc3ccccc3Br)ccc12,IC50,2,multi-target,0,417.255,4.460120000000003,76.74,1,4,6,3,3,26,0.2,0,1
CHEMBL1560276,6.2775407,4.942144,CC(C)CN(Cc1c(O)ccc2c3c(c(=O)oc12)CCC3)CC(C)C,AC50,5,multi-target,1,343.46700000000016,4.101300000000004,53.68,1,4,6,3,2,25,0.5714285714285714,0,1
CHEMBL1555759,4.4596877,5.915749,CCCc1cc(=O)oc2c3c(cc(OCC(=O)N[C@@H](C)C(=O)O)c12)OC(C)(C)CC3,IC50,1,single-target,0,417.45800000000025,2.817200000000001,115.07,2,6,7,3,2,30,0.5,0,1
CHEMBL3402993,11.306803,14.332791,Cc1c(Cc2cccc([N+](=O)[O-])c2)c(=O)oc2cc(OC(=O)N(C)C)ccc12,IC50,1,single-target,0,382.3720000000001,3.660820000000003,102.89,0,6,4,3,3,28,0.2,0,1
CHEMBL4867929,3.9104128,4.572926,CCN(CC)c1ccc2c(C)c(CCOC(=O)NCc3cccnc3)c(=O)oc2c1,EC50,1,single-target,0,409.4860000000001,3.8115200000000025,84.67,1,6,8,3,3,30,0.3478260869565217,0,1
CHEMBL3696484,4.3970246,-1.8371636,O=c1oc2c(Cl)c(OCCCCN3CCN(c4nsc5ccccc45)CC3)ccc2c2c1CCC2,IC50,2,multi-target,0,510.0590000000003,5.526000000000006,58.81,0,7,7,6,4,35,0.4074074074074074,2,0
CHEMBL1501880,12.417854,1.8700876,CC(=O)c1cc2c(ccc3ccccc32)oc1=O,IC50,1,single-target,0,238.242,3.1488000000000014,47.28,0,3,1,3,3,18,0.0666666666666666,0,1
CHEMBL1409828,11.339411,1.5284393,CCOC(=O)c1cc2ccc(OC(=O)c3ccco3)cc2oc1=O,EC50,3,multi-target,0,328.27600000000007,2.781900000000001,95.95000000000002,0,7,4,3,3,24,0.1176470588235294,0,1
CHEMBL522376,12.667881,0.9670622,Cc1ccc2oc(=O)c(C(=O)NC34CC5CC(CC(C5)C3)C4)cc2c1,IC50,1,single-target,0,337.4190000000001,3.8000200000000026,59.31,1,3,2,6,2,25,0.5238095238095238,0,1
CHEMBL1509649,12.766497,0.8607497,COc1ccccc1C(=O)Nc1cc2c(ccc3ccccc32)oc1=O,AC50,1,single-target,0,345.3540000000001,4.207100000000003,68.53999999999999,1,4,3,4,4,26,0.0476190476190476,0,1
CHEMBL1927204,10.229743,5.3676724,COc1cccc2cc(-c3cn(-c4cccc(C(=O)O)c4)c(=S)[nH]3)c(=O)oc12,IC50,1,single-target,0,394.4080000000001,4.015090000000002,97.46,2,6,4,4,4,28,0.05,0,1
CHEMBL1366414,12.9896,3.3674793,COc1cccc2cc(C(=O)NCCc3c[nH]c4ccccc34)c(=O)oc12,IC50,2,multi-target,0,362.3850000000001,3.2554000000000016,84.33,2,4,5,4,4,27,0.1428571428571428,0,1
CHEMBL3740529,12.030428,6.2036395,Cc1ccc(-c2nn(-c3nc(-c4cc5ccccc5oc4=O)cs3)cc2C=O)cc1,Ki,1,single-target,0,413.45800000000014,4.890120000000003,77.99000000000001,0,7,4,5,5,30,0.0434782608695652,0,1
CHEMBL3786403,11.667844,7.9118376,O=c1oc2ccccc2cc1C1=NN(S(=O)(=O)c2ccc([N+](=O)[O-])cc2)C(c2ccccc2)C1,IC50,1,single-target,0,475.4820000000002,4.241200000000003,123.09,0,7,5,5,4,34,0.0833333333333333,0,1
CHEMBL5220017,23.439768,-6.644601,COc1cc(C(=O)OCCCN(CCCCCCOC(=O)c2c3ccccc3cc3ccccc23)CCCOc2ccc3ccc(=O)oc3c2)cc(OC)c1OC,Ki,2,multi-target,0,775.8950000000001,8.860600000000005,122.97,0,11,21,6,6,57,0.3260869565217391,3,0
CHEMBL193594,13.07862,5.8085604,COc1ccc(N/C=C(\C#N)c2nc(-c3cc4ccccc4oc3=O)cs2)c(OC)c1,IC50,1,single-target,0,431.4730000000002,4.910280000000003,97.38,1,8,6,4,4,31,0.0869565217391304,0,1
CHEMBL1325233,3.0925286,4.5756936,COc1ccc2c(c1)c(=O)oc1cc(OCC(=O)NC3CCCCC3)ccc12,IC50,4,multi-target,0,381.42800000000017,3.7825000000000015,77.77000000000001,1,5,5,4,3,28,0.3636363636363636,0,1
CHEMBL601653,16.226246,-2.3995333,COc1cc(O)c2c(C)c(N3CCN(C)CC3)c(=O)oc2c1,IC50,1,single-target,0,304.346,1.5674199999999998,66.15,1,6,2,3,2,22,0.4375,0,1
CHEMBL571272,6.192973,7.9864564,Cc1ccc(Cc2c(O)c3cc(C)c(C)cc3oc2=O)cc1C,IC50,1,single-target,0,308.37700000000007,4.323080000000004,50.440000000000005,1,3,2,3,3,23,0.25,0,1
CHEMBL4068753,12.881478,-7.1209683,N#CC1=C(NC(=O)CN2CCN(c3ccccc3)CC2)Oc2c(c(=O)oc3ccccc23)C1c1ccc(Cl)cc1,IC50,2,multi-target,0,553.0180000000003,4.644280000000005,98.81000000000002,1,7,5,6,4,40,0.1935483870967742,1,0
CHEMBL3094032,2.6767287,0.7961444,O=C(O)c1cc(=O)oc2cc(OCc3cccc(Cl)c3)ccc12,IC50,1,single-target,0,330.723,3.723600000000002,76.74,1,4,4,3,3,23,0.0588235294117647,0,1
CHEMBL4163058,7.631842,14.649099,CN(C)CCOc1ccc(Nc2c(-c3ccc(O)cc3)c(=O)oc3cc(O)ccc23)cc1,IC50,1,single-target,0,432.47600000000017,4.555200000000004,95.17,3,7,7,4,4,32,0.16,0,1
CHEMBL4450126,6.502913,7.2139153,Cc1cc(=O)c2c(=O)oc3c4ccccc4oc(=O)c3c2o1,IC50,2,multi-target,0,296.2340000000001,2.3142200000000006,90.63,0,6,0,4,4,22,0.0625,0,1
CHEMBL1835819,9.474219,-1.0933264,CN(C)c1cc2oc(=O)ccc2cc1-c1ccc(F)cc1,IC50,1,single-target,0,283.302,3.6651000000000025,33.45,0,3,2,3,3,21,0.1176470588235294,0,1
CHEMBL1957184,7.8260527,0.28835958,O=c1ccc2ccc(OCCO)cc2o1,Ki,3,multi-target,0,206.197,1.1640999999999997,59.67,1,4,3,2,2,15,0.1818181818181818,0,1
CHEMBL3946873,1.5774927,-1.4569501,O=c1ccc2c(OCCCCOc3cccc(C(F)(F)F)c3)c3ccoc3cc2o1,EC50,2,multi-target,0,418.3670000000001,5.796000000000004,61.81,0,5,7,4,4,30,0.2272727272727272,1,0
CHEMBL4076451,22.389782,-4.771278,COc1cccc(-c2cc(C(=O)OCCOc3ccc4ccc(=O)oc4c3)nn2-c2ccc(S(N)(=O)=O)cc2)c1,IC50,3,multi-target,0,561.5720000000002,3.5375000000000014,152.95,1,10,9,5,5,40,0.1071428571428571,1,0
CHEMBL576293,6.28475,7.9513397,O=c1oc2cc(F)ccc2c(O)c1Cc1c(O)c2ccc(F)cc2oc1=O,IC50,1,single-target,0,372.27900000000005,3.179600000000001,100.88,2,6,2,4,4,27,0.0526315789473684,0,1
CHEMBL4638785,15.427327,1.8696635,Cc1c(O)c(=O)ccn1CCNC(=O)c1cc2ccc(OCc3ccc(F)cc3)cc2oc1=O,IC50,1,single-target,0,464.4490000000002,3.116820000000001,110.77,2,7,7,4,4,34,0.16,0,1
CHEMBL4474386,5.091698,-3.472712,Cc1c(C)c2ccc(OCCCCN3CCc4ccccc4C3)cc2oc1=O,IC50,2,multi-target,0,377.4840000000001,4.627140000000004,42.68,0,4,6,4,3,28,0.375,0,1
CHEMBL4206750,6.3520265,2.0521767,Cc1cc(=O)oc2cc(-c3cn([C@@H]4O[C@H](CO)[C@@H](O)[C@H]4O)nn3)ccc12,IC50,1,single-target,0,359.338,-0.0285800000000006,130.84000000000003,3,9,3,4,3,26,0.3529411764705882,0,1
CHEMBL2387246,3.5199142,-1.6589439,CC(C)c1cc(=O)oc2cc(OCCCCN3CCC(c4noc5cc(F)ccc45)CC3)ccc12,Ki,1,single-target,0,478.5640000000002,6.235300000000007,68.71000000000001,0,6,8,5,4,35,0.4285714285714285,1,0
CHEMBL2387239,3.573886,-1.6619965,Cc1cc(=O)oc2cc(OC/C=C/CN3CCC(c4noc5cc(F)ccc45)CC3)ccc12,Ki,3,multi-target,0,448.4940000000002,5.1963200000000045,68.71000000000001,0,6,6,5,4,33,0.3076923076923077,1,0
CHEMBL4160117,-1.6442512,3.8162355,CNc1ccc2oc(=O)c3c(C)nn(-c4ccccc4)c3c2c1,Ki,2,multi-target,0,305.33700000000005,3.482020000000002,60.06,1,5,2,4,4,23,0.1111111111111111,0,1
CHEMBL4561787,15.776467,2.1501226,Cc1c(O)c(=O)ccn1Cc1cc2ccc(OCc3cccc(F)c3)cc2oc1=O,IC50,1,single-target,0,407.3970000000001,3.735120000000003,81.66999999999999,1,6,5,4,4,30,0.1304347826086956,0,1
CHEMBL4519601,11.702228,7.865099,CC(=O)N1N=C(c2cc3ccccc3oc2=O)CC1c1ccc([N+](=O)[O-])cc1,IC50,2,multi-target,0,377.3560000000001,3.3988000000000023,106.02,0,6,3,4,3,28,0.15,0,1
CHEMBL4471897,10.403905,4.549915,CC(=O)COc1cccc2cc(-c3ccccc3)c(=O)oc12,Ki,3,multi-target,0,294.30600000000004,3.427800000000002,56.510000000000005,0,4,4,3,3,22,0.1111111111111111,0,1
CHEMBL2172254,2.0196083,3.5333478,O=C(O)COc1ccc2c(c1)oc(=O)c1ccccc12,Ki,3,multi-target,0,270.24,2.4096,76.74000000000001,1,4,3,3,3,20,0.0666666666666666,0,1
CHEMBL3804902,13.092999,6.526881,NS(=O)(=O)c1ccc(-n2cc(/C=N\Nc3nc(-c4cc5ccccc5oc4=O)cs3)c(-c3ccc(F)cc3)n2)cc1,Ki,4,multi-target,0,586.6300000000002,5.001700000000003,145.47000000000003,2,10,7,6,6,41,0.0,2,0
CHEMBL3741819,12.015485,6.222231,O=Cc1cn(-c2nc(-c3cc4cc(Cl)cc(Cl)c4oc3=O)cs2)nc1-c1ccc(Cl)cc1,Ki,1,single-target,0,502.7660000000002,6.541900000000003,77.99,0,7,4,5,5,32,0.0,2,0
CHEMBL2088230,6.9717145,1.0040597,CC(C)=CCC/C(C)=C/COc1cc(=O)oc2ccccc12,IC50,1,single-target,0,298.382,4.864500000000004,39.44,0,3,6,2,2,22,0.3157894736842105,0,1
CHEMBL3765536,12.766339,2.7677596,O=C(Nc1cc(Cl)ccc1O)c1cc2cc(Cl)cc(Br)c2oc1=O,IC50,1,single-target,0,429.0530000000001,4.820200000000001,79.53999999999999,2,4,2,3,3,24,0.0,0,1
CHEMBL3623663,15.957886,4.2302794,O=c1ccc2ccc(OCc3cn(-c4ccccc4)nn3)cc2o1,Ki,2,multi-target,0,319.32000000000005,2.952700000000001,70.15,0,6,4,4,4,24,0.0555555555555555,0,1
CHEMBL1927208,10.2403555,5.3568134,COc1cc(Cl)cc2cc(-c3cn(-c4cccc(C(=O)O)c4)c(=S)[nH]3)c(=O)oc12,IC50,1,single-target,0,428.8530000000002,4.668490000000002,97.46,2,6,4,4,4,29,0.05,0,1
CHEMBL5077637,4.6136165,1.4774657,O=c1cc(C(F)(F)F)c2ccc(OCc3cc4c(cc3Cl)OCO4)cc2o1,IC50,1,single-target,0,398.7200000000002,4.772900000000002,57.900000000000006,0,5,3,4,3,27,0.1666666666666666,0,1
CHEMBL4206334,10.638379,4.4022093,COc1ccc(-c2cc3cccc(C)c3oc2=O)nn1,IC50,1,single-target,0,268.272,2.5670200000000003,65.22,0,5,2,3,3,20,0.1333333333333333,0,1
CHEMBL4471827,2.5707362,6.710656,CCCCOc1ccc2c(C)c(CC(=O)O)c(=O)oc2c1C,IC50,1,single-target,0,304.34200000000004,3.215840000000001,76.74000000000001,1,4,6,2,2,22,0.4117647058823529,0,1
CHEMBL6019992,6.0830164,3.3601766,Cc1c(N2CCOCC2)oc2c(C)c3oc(=O)cc(-c4ccccc4)c3cc12,IC50,1,single-target,0,375.4240000000001,4.659640000000004,55.82,0,5,2,5,4,28,0.2608695652173913,0,1
CHEMBL2331585,7.506992,2.1771562,COc1c(O)ccc2ccc(=O)oc12,Ki,5,multi-target,1,192.17,1.5072,59.67,1,4,1,2,2,14,0.1,0,1
CHEMBL3094030,2.6844883,0.8224565,Nc1cc(=O)oc2cc(OCc3cccc(Cl)c3)ccc12,IC50,2,multi-target,0,301.729,3.6076000000000015,65.46000000000001,1,4,3,3,3,21,0.0625,0,1
CHEMBL4441984,10.953144,2.2668757,CCN(CC)c1ccc2cc(C(=O)NCC(O)(Cn3cncn3)c3ccc(Cl)cc3Cl)c(=O)oc2c1,IC50,1,single-target,0,530.4120000000001,3.8553000000000015,113.49000000000002,2,8,9,4,4,36,0.28,1,0
CHEMBL4538356,5.785226,-9.683578,Cc1c(N2CCN(C)CC2)ccc2c3c(c(=O)oc12)CN(C(=O)c1ccc(NS(C)(=O)=O)c(F)c1)CC3,IC50,2,multi-target,0,528.6060000000001,2.5623200000000006,103.17,1,7,4,5,3,37,0.3846153846153846,1,0
CHEMBL4467997,5.777862,-9.462588,CN1CCN(c2ccc3c4c(c(=O)oc3c2)CN(C(=O)c2ccc(C(=O)O)cc2)CC4)CC1,IC50,1,single-target,0,447.4910000000002,2.4415000000000004,94.3,1,6,3,5,3,33,0.32,0,1
CHEMBL4542665,5.7840624,-9.673464,Cc1c(N2CCN(C)CC2)ccc2c3c(c(=O)oc12)CN(C(=O)c1ccc(NS(C)(=O)=O)c(Br)c1)CC3,IC50,2,multi-target,0,589.5120000000002,3.1857200000000017,103.17,1,7,4,5,3,37,0.3846153846153846,1,0
CHEMBL4463968,5.783907,-9.677666,Cc1c(N2CCN(C)[C@@H](C)C2)ccc2c3c(c(=O)oc12)CN(C(=O)c1ccc(NS(C)(=O)=O)c(OC(F)(F)F)c1)CC3,IC50,2,multi-target,0,608.6390000000002,3.710320000000003,112.4,1,8,5,5,3,42,0.4285714285714285,1,0
CHEMBL5896229,4.120536,6.1991673,Cc1c(CC(=O)N2CCOCC2)c(=O)oc2c(C=O)c(O)c(OCCN3CCOCC3)cc12,EC50,1,single-target,0,460.4830000000004,0.731820000000001,118.75,1,9,7,4,2,33,0.5217391304347826,0,1
CHEMBL5219651,23.46618,-6.6708536,COc1cc(C(=O)OCCCCCCN(CCCOC(=O)c2cc(OC)c(OC)c(OC)c2)CCCOc2ccc3ccc(=O)oc3c2)cc(OC)c1OC,Ki,2,multi-target,0,765.8530000000002,6.580000000000008,150.65999999999997,0,14,24,4,4,55,0.4390243902439024,3,0
CHEMBL6005250,13.314461,2.1969197,CCCc1c(OC)ccc2cc(C(=O)Nc3ccc(S(N)(=O)=O)cc3C)c(=O)oc12,EC50,1,single-target,0,430.4820000000002,2.9622200000000003,128.7,2,6,6,3,3,30,0.238095238095238,0,1
CHEMBL5419856,5.6241307,4.70805,Cc1ccc(C(=O)Nc2c(O)ccc3c(C)cc(=O)oc23)cc1,IC50,2,multi-target,0,309.321,3.3677400000000013,79.54,2,4,2,3,3,23,0.1111111111111111,0,1
CHEMBL3746327,-6.6178713,8.482524,CNC(=O)c1cc2c(ccc3c(C)cc(=O)oc32)oc1=N,IC50,1,single-target,0,284.271,1.68669,96.3,2,5,1,3,3,21,0.1333333333333333,0,1
CHEMBL4214681,11.1869545,4.4830937,COc1ccc2cc(-c3ccc(Br)nn3)c(=O)oc2c1,IC50,1,single-target,0,333.1410000000001,3.021100000000001,65.22,0,5,2,3,3,20,0.0714285714285714,0,1
CHEMBL5174881,10.686037,4.578469,CC1(C)CCc2c(c(Br)cc3cc(-c4ccccc4)c(=O)oc23)O1,EC50,1,single-target,0,385.2570000000001,5.326100000000005,39.44,0,3,1,4,3,24,0.25,1,0
CHEMBL4635389,12.840881,4.3427424,C#CCN(C)Cc1cc2cc(OC)c(OC)cc2oc1=O,IC50,2,multi-target,0,287.315,1.8752,51.91,0,5,5,2,2,21,0.3125,0,1
CHEMBL2387244,3.5233312,-1.6728156,CCc1cc(=O)oc2cc(OCCCCN3CCC(c4noc5cc(F)ccc45)CC3)ccc12,Ki,3,multi-target,0,464.53700000000015,5.674300000000006,68.71000000000001,0,6,8,5,4,34,0.4074074074074074,1,0
CHEMBL3586590,8.776766,0.41178623,CN(C)Cc1ccc(COc2ccc3ccc(=O)oc3c2)cc1,IC50,3,multi-target,0,309.365,3.433600000000002,42.68,0,4,5,3,3,23,0.2105263157894736,0,1
CHEMBL5563971,13.048554,5.8095765,O=C(NNc1nc(-c2cc3ccccc3oc2=O)cs1)c1ccc(Cl)cc1,Ki,2,multi-target,0,397.8430000000001,4.326800000000002,84.22999999999999,2,6,4,4,4,27,0.0,0,1
CHEMBL5594046,13.1562,1.6336793,O=C(/C=C/c1ccccc1Cl)c1cc2ccccc2oc1=O,IC50,2,multi-target,0,310.7360000000001,4.342500000000003,47.28,0,3,3,3,3,22,0.0,0,1
CHEMBL3359945,2.5221663,0.91237175,O=c1cc(CCBr)c2ccc(OCc3cccc(Cl)c3)cc2o1,IC50,1,single-target,0,393.664,4.962800000000003,39.44,0,3,5,3,3,23,0.1666666666666666,0,1
CHEMBL5837176,10.921326,0.46566835,CC(=O)Nc1cc2cc(N3CCC(O)(C(=O)NCc4cc(F)cc(Cl)c4)C3=O)ccc2oc1=O,IC50,1,single-target,0,487.87100000000015,2.3281,128.95000000000002,3,6,5,4,3,34,0.217391304347826,0,1
CHEMBL1080339,4.206593,2.77633,CNCc1cc(=O)oc2cc(OC)ccc12,IC50,1,single-target,0,219.24,1.521,51.47,1,4,3,2,2,16,0.25,0,1
CHEMBL575738,2.5938313,1.1531837,NC(=O)Cc1cc(=O)oc2cc(OCc3cccc(Cl)c3)ccc12,IC50,2,multi-target,0,343.766,3.053200000000002,82.53000000000002,1,4,5,3,3,24,0.1111111111111111,0,1
CHEMBL5909440,3.3161259,1.9799774,COc1cnc(-c2nn(Cc3ccc4c(C)cc(=O)oc4c3)c3ccccc23)nc1Nc1ccncc1,IC50,1,single-target,0,490.52300000000014,5.103620000000004,107.96,1,9,6,6,6,37,0.1071428571428571,1,0
CHEMBL4862523,-1.7550182,5.7452254,CCCCC(C)(C)c1cc(OC)c2cc(Cc3ccccc3)c(=O)oc2c1,Ki,1,single-target,0,364.48500000000007,5.860200000000006,39.44,0,3,7,3,3,27,0.375,1,0
CHEMBL4869153,-1.8435663,5.7017565,CCCCCCC(C)(C)c1cc(O)c2cc(Cc3ccccc3C(F)(F)F)c(=O)oc2c1,Ki,1,single-target,0,446.5090000000001,7.356200000000007,50.44,1,3,8,3,3,32,0.4230769230769231,1,0
CHEMBL211425,2.1294894,3.615946,Cc1c(C)c2ccc(SCc3ccccc3)cc2oc1=O,IC50,2,multi-target,0,296.391,4.702140000000004,30.21,0,3,3,3,3,21,0.1666666666666666,0,1
CHEMBL5071682,4.543024,1.5462371,O=c1cc(C(F)(F)F)c2ccc(OCc3c(F)cccc3Cl)cc2o1,IC50,1,single-target,0,372.7010000000001,5.183300000000003,39.44,0,3,3,3,3,25,0.1176470588235294,1,0
CHEMBL3601508,6.0281734,3.427276,Cc1cc2c(ccc3c(-c4ccccc4)c(C)c(=O)oc32)o1,Ki,3,multi-target,0,290.31800000000004,4.823040000000004,43.35,0,3,1,4,4,22,0.1052631578947368,0,1
CHEMBL3394532,2.9345858,4.852297,O=c1oc2cc(/N=C/c3ccccc3O)ccc2c2c1CCCC2,IC50,1,single-target,0,319.3600000000002,4.128000000000003,62.8,1,4,2,4,3,24,0.2,0,1
CHEMBL5421164,4.197121,2.7982924,COc1ccc2c(Cn3cnnc3)cc(=O)oc2c1,IC50,1,single-target,0,257.249,1.4414,70.15,0,6,3,3,3,19,0.1538461538461538,0,1
CHEMBL278508,2.5497913,4.1311717,Cc1c(C)c2ccc(OS(=O)(=O)c3ccc(Cl)cc3)cc2oc1=O,IC50,2,multi-target,0,364.806,3.8309400000000022,73.58000000000001,0,5,3,3,3,24,0.1176470588235294,0,1
CHEMBL450933,5.5711913,7.1405716,COc1cccc2oc(=O)c3c(ccc4[nH]c(=O)cc(C)c43)c12,EC50,1,single-target,0,307.30500000000006,3.1047200000000013,72.3,1,4,1,4,4,23,0.1111111111111111,0,1
CHEMBL1330249,20.173807,2.2192998,CCN(CC)C(=O)CC(c1cc(OC)c(OC)c(OC)c1)c1c(OC)cc(OC)c2c(-c3ccccc3)cc(=O)oc12,IC50,3,multi-target,0,575.6580000000002,5.893400000000006,96.67,0,8,12,4,4,42,0.3333333333333333,2,0
CHEMBL3937251,1.5939904,-1.4391464,COc1cc([N+](=O)[O-])ccc1OCCCCOc1c2ccoc2cc2oc(=O)ccc12,EC50,2,multi-target,0,425.39300000000014,4.694000000000004,114.18,0,8,9,4,4,31,0.2272727272727272,0,1
CHEMBL1819437,4.854314,2.5127451,O=c1cc(-c2ccccc2F)c2ccc(O)cc2o1,Ki,2,multi-target,0,256.232,3.3047000000000013,50.44,1,3,1,3,3,19,0.0,0,1
CHEMBL1535395,6.506477,4.62529,CCc1c(C)c2cc(Cl)c(O)c(CN3CCCCC3)c2oc1=O,AC50,1,single-target,0,335.8310000000001,4.008720000000003,53.68,1,4,3,3,2,23,0.5,0,1
CHEMBL279990,-3.4735212,-0.005624887,O=C(Cc1cc(=O)oc2cc(O)ccc12)NC(Cc1ccc(OP(=O)(O)O)cc1)C(=O)NCCCNC(=O)c1c2ccccc2nc2cc(O)cc(O)c12,IC50,1,single-target,0,756.6610000000002,3.289000000000001,257.85,8,11,13,6,6,54,0.1621621621621621,3,0
CHEMBL4087024,7.427221,8.846604,O=C1C(O)=C(C(c2ccccc2F)c2c(O)c3ccccc3oc2=O)C(=O)c2ccccc21,IC50,1,single-target,0,442.3980000000002,4.660900000000004,104.81,2,6,3,5,4,33,0.0384615384615384,0,1
CHEMBL211476,2.1006496,3.694314,Cc1c(C)c2ccc(OCS(=O)(=O)c3ccccc3)cc2oc1=O,IC50,2,multi-target,0,344.3880000000001,3.220040000000002,73.58000000000001,0,5,4,3,3,24,0.1666666666666666,0,1
CHEMBL1761757,11.580853,4.9372773,O=c1oc2ccccc2cc1-c1cccs1,IC50,1,single-target,0,228.272,3.5215000000000014,30.21,0,3,1,3,3,16,0.0,0,1
CHEMBL1411083,6.3134975,4.8031507,O=c1oc2c(CN3CCCCC3)c(O)ccc2c2c1CCCC2,IC50,1,single-target,0,313.39700000000016,3.3633000000000024,53.68000000000001,1,4,2,4,2,23,0.5263157894736842,0,1
CHEMBL369126,6.678167,7.39629,O=c1oc2ccc(CBr)cc2c2ccc([N+](=O)[O-])cc12,IC50,1,single-target,0,334.12500000000006,3.7493000000000016,73.35,0,4,2,3,3,20,0.0714285714285714,0,1
CHEMBL4170316,6.503169,7.344363,COc1cccc2c1C(=O)c1oc3c(c1C2=O)c(=O)oc1ccccc13,Ki,1,single-target,0,346.29400000000004,3.3232000000000017,86.72,0,6,1,5,4,26,0.05,0,1
CHEMBL4435771,16.09489,5.213395,NS(=O)(=O)c1ccc(C/N=C/c2ccc(OCc3cn(CCCOc4ccc5ccc(=O)oc5c4)nn3)cc2)cc1,Ki,3,multi-target,0,573.6310000000003,3.699100000000003,151.90000000000003,1,10,12,5,5,41,0.1724137931034483,1,0
CHEMBL1489077,4.009319,4.3303847,CCN(CC)c1ccc2c(C)c(CO)c(=O)oc2c1,EC50,1,single-target,0,261.3209999999999,2.4399200000000008,53.68,1,4,4,2,2,19,0.4,0,1
CHEMBL1396129,4.597024,4.9378185,COc1ccc(-c2cc(=O)oc3c(C)c(OCC(=O)NCCCn4ccnc4)ccc23)cc1,IC50,1,single-target,0,447.49100000000016,3.5588200000000025,95.59000000000002,1,7,9,4,4,33,0.24,0,1
CHEMBL508494,8.154224,0.97440934,COc1cc2cc(Oc3ccc4ccc(=O)oc4c3)c(=O)oc2cc1O,IC50,1,single-target,0,352.2980000000001,3.405900000000002,99.11,1,7,3,4,4,26,0.0526315789473684,0,1
CHEMBL1414655,12.983739,0.45666054,Cc1nc(NC(=O)c2cccc(-c3cc4ccccc4oc3=O)c2)ccc1Br,AC50,2,multi-target,0,435.2770000000001,5.178220000000002,72.2,1,4,3,4,4,28,0.0454545454545454,1,0
CHEMBL1630100,11.747223,-0.71036315,Cc1ccc2oc(=O)c(CC(CCc3ccc(O)cc3)C(=O)NO)cc2c1,IC50,1,single-target,0,367.40100000000007,3.1039200000000005,99.77,3,5,6,3,3,27,0.238095238095238,0,1
CHEMBL1884473,7.3442297,0.557289,CC(=CCOc1ccc2ccc(=O)oc2c1)C1=CC(=O)C(C)(C)O1,AC50,1,single-target,0,326.34800000000007,3.379900000000002,65.74,0,5,4,3,2,24,0.2631578947368421,0,1
CHEMBL4167902,17.838491,12.86282,O=C(CCCCC1CCSS1)NCc1cn(CCCCCOc2ccc3ccc(=O)oc3c2)nn1,IC50,1,single-target,0,516.6890000000004,4.964100000000005,99.25,1,9,14,4,3,35,0.52,1,0
CHEMBL4175989,3.572949,6.4882526,Cc1c(CC(=O)Nc2ccc(S(N)(=O)=O)cc2)c(=O)oc2cc3occ(-c4ccc(Cl)cc4)c3cc12,Ki,4,multi-target,0,522.9660000000002,4.996620000000003,132.61,2,6,5,5,5,36,0.0769230769230769,1,0
CHEMBL4077815,5.561097,6.3175006,CCc1c(-c2ccc(O)cc2F)c(=O)oc2cc(O)ccc12,IC50,1,single-target,0,300.285,3.572700000000002,70.67,2,4,2,3,3,22,0.1176470588235294,0,1
CHEMBL4074046,5.6701403,6.3472495,O=c1oc2cc(O)ccc2c(-c2ccc(O)c(F)c2)c1-c1ccc(O)c(F)c1,IC50,1,single-target,0,382.318,4.522000000000004,90.9,3,5,2,4,4,28,0.0,0,1
CHEMBL4098262,6.0735526,7.1898556,O=C1C=CC(=O)c2c1ccc1c2c(=O)oc2ccccc21,IC50,3,multi-target,0,276.247,2.881400000000001,64.35,0,4,0,4,3,21,0.0,0,1
CHEMBL3092193,11.235638,14.40498,CNS(=O)(=O)Nc1cccc(Cc2c(CF)c3ccc(OC(=O)N(C)C)cc3oc2=O)c1,IC50,2,multi-target,0,463.4870000000002,2.7898000000000005,117.95,2,6,7,3,3,32,0.238095238095238,0,1
CHEMBL1423524,-1.2094619,-5.7646627,N#CC1=C(N)Oc2c(c(=O)oc3ccccc23)C1c1ccc([N+](=O)[O-])o1,AC50,1,single-target,0,351.2740000000001,2.512380000000001,145.53000000000003,1,8,2,4,3,26,0.0588235294117647,0,1
CHEMBL4129068,3.8686616,-2.7867732,CC(=O)c1c(OCCCCN2CCOCC2)ccc2c(C)cc(=O)oc12,Ki,1,single-target,0,359.4220000000001,2.7952200000000014,68.97999999999999,0,6,7,3,2,26,0.5,0,1
CHEMBL5561349,13.061118,5.778728,O=C(NNc1nc(-c2cc3ccccc3oc2=O)cs1)c1ccc(F)cc1,Ki,2,multi-target,0,381.388,3.812500000000001,84.22999999999999,2,6,4,4,4,27,0.0,0,1
CHEMBL3735743,11.256033,5.3148446,Cc1ccc2oc(=O)c(-c3cccc(OCc4cccc(F)c4)c3)cc2c1,IC50,1,single-target,0,360.38400000000007,5.486520000000003,39.44,0,3,4,4,4,27,0.0869565217391304,1,0
CHEMBL3094022,2.5392485,0.9564977,CCc1cc(=O)oc2cc(OCc3cccc(Cl)c3)ccc12,IC50,1,single-target,0,314.768,4.587800000000003,39.44,0,3,4,3,3,22,0.1666666666666666,0,1
CHEMBL573922,6.173645,8.052076,O=c1oc2ccc3c(c2c(O)c1Cc1ccccc1)CCCC3,IC50,1,single-target,0,306.36100000000016,3.968200000000002,50.44,1,3,2,4,3,23,0.25,0,1
CHEMBL4159670,10.762774,4.8378797,Cc1cc(C2Nc3ccccc3C(=O)N2C)cc2cc(-c3ccc4c(c3)OCO4)c(=O)oc12,EC50,1,single-target,0,440.45500000000027,4.693420000000003,81.01,1,6,2,6,4,33,0.1538461538461538,0,1
CHEMBL4084456,14.117695,1.8742628,COc1ccc(CCCNC(=O)c2cc3ccc(O)cc3oc2=O)cc1,IC50,2,multi-target,0,353.3740000000001,2.869800000000001,88.77000000000001,2,5,6,3,3,26,0.2,0,1
CHEMBL1830823,12.519531,2.8346972,O=C(O)c1cc2cc(Br)cc(Br)c2oc1=O,EC50,1,single-target,0,347.946,3.0162000000000004,67.50999999999999,1,3,1,2,2,16,0.0,0,1
CHEMBL331618,7.0209966,8.896311,O=c1oc2ccccc2c(O)c1C(c1ccccc1)C1CC1,Ki,1,single-target,0,292.33400000000006,4.0405000000000015,50.44,1,3,3,4,3,22,0.2105263157894736,0,1
CHEMBL336955,-0.0045739994,10.803954,C[C@@H]1C(=O)c2c(c3c(c4c(-c5ccccc5)cc(=O)oc24)OC(C)(C)C=C3)O[C@@H]1C,IC50,1,single-target,0,402.4460000000002,5.243900000000006,65.74000000000001,0,5,1,5,3,30,0.28,1,0
CHEMBL4449685,11.833315,3.120209,Cc1cc2c(cc1-c1cc3cc(C(=O)O)c(=O)oc3cc1O)C(C)(C)CCC2(C)C,Kd,1,single-target,0,406.4780000000002,5.521220000000004,87.74,2,4,2,4,3,30,0.36,1,0
CHEMBL5433282,13.282118,1.3867134,CC(C)[C@H](NC(=O)c1cc2ccccc2oc1=O)C(=O)Nc1nccs1,IC50,4,multi-target,0,371.41800000000006,2.6426,101.3,2,6,5,3,3,26,0.2222222222222222,0,1
CHEMBL3092194,11.309818,14.334202,CNS(=O)(=O)Nc1cccc(Cc2c(C)c3ccc(Oc4ncccn4)cc3oc2=O)c1,IC50,1,single-target,0,452.4920000000002,3.150620000000001,123.42000000000002,2,7,7,4,4,32,0.1363636363636363,0,1
CHEMBL5176910,20.286531,-7.272501,COc1cc(/C=C/c2cc(=O)oc3c2ccc2oc(-c4ccccc4)cc23)cc(OC)c1,IC50,4,multi-target,0,424.4520000000001,6.393800000000005,61.81,0,5,5,5,5,32,0.074074074074074,1,0
CHEMBL3545712,1.3361641,4.4293914,CC(c1cc(O)cc2oc(=O)c3ccccc3c12)N(C)C,IC50,1,single-target,0,283.327,3.2744000000000018,53.68000000000001,1,4,2,3,3,21,0.2352941176470588,0,1
CHEMBL3805080,13.082651,6.5095086,Cc1ccc(-c2nn(-c3ccc(S(N)(=O)=O)cc3)cc2/C=N\Nc2nc(-c3cc4ccccc4oc3=O)cs2)cc1,Ki,4,multi-target,0,582.6670000000004,5.171020000000004,145.47,2,10,7,6,6,41,0.0344827586206896,2,0
CHEMBL3297786,12.795901,2.6918123,CCC(C)NC(=O)c1cc2cc(Br)cc(Br)c2oc1=O,IC50,2,multi-target,0,403.0700000000001,3.846300000000002,59.31,1,3,3,2,2,20,0.2857142857142857,0,1
CHEMBL5284985,-2.226124,-2.87187,Cc1ccc(Nc2nc(N)nc(COc3ccc4c(C)cc(=O)oc4c3)n2)cc1,EC50,2,multi-target,0,389.4150000000001,3.499640000000002,116.16,2,8,5,4,4,29,0.1428571428571428,0,1
CHEMBL5275388,-2.190305,-2.8371584,Cc1ccc(Nc2nc(N)nc(COc3ccc4c5c(c(=O)oc4c3)CCC5)n2)cc1,EC50,1,single-target,0,415.45300000000026,3.6799200000000023,116.16,2,8,5,5,4,31,0.217391304347826,0,1
CHEMBL4647469,4.0934596,0.33080497,CCN(C(=O)CCN1CCN(C(=O)c2ccco2)CC1)c1ccc2c(C)cc(=O)oc2c1,IC50,1,single-target,0,437.49600000000027,2.8954200000000005,87.21000000000001,0,6,6,4,3,32,0.375,0,1
CHEMBL3827288,0.5188646,3.578645,CCCCCCCNC(=O)Oc1cccc(CN(C)CCCOc2ccc3c4c(c(=O)oc3c2)CCCC4)c1,IC50,3,multi-target,0,534.6970000000005,6.631500000000007,81.01,1,6,14,4,3,39,0.5,2,0
CHEMBL213724,2.1456432,3.6320026,Cc1c(C)c2ccc(CCc3ccccc3)cc2oc1=O,IC50,2,multi-target,0,278.351,4.195040000000004,30.21,0,2,3,3,3,21,0.2105263157894736,0,1
CHEMBL4080688,6.7897983,8.860102,CCCCCCCCCCCC(c1ccc(F)cc1)c1c(O)c2ccccc2oc1=O,Ki,1,single-target,0,424.55600000000015,7.690500000000007,50.440000000000005,1,3,12,3,3,31,0.4444444444444444,1,0
CHEMBL1436026,3.3839474,2.3678834,Cc1cc(=O)oc2cc(OCC(=O)N3c4ccccc4NC(=O)C3(C)C)ccc12,IC50,1,single-target,0,392.4110000000001,3.244120000000001,88.85,1,5,3,4,3,29,0.2272727272727272,0,1
CHEMBL3623672,15.996053,4.183717,NS(=O)(=O)c1ccc(-n2cc(COc3ccc4ccc(=O)oc4c3)nn2)cc1,Ki,3,multi-target,0,398.4000000000001,1.6001000000000003,130.31,1,8,5,4,4,28,0.0555555555555555,0,1
CHEMBL3960590,9.529381,-1.965605,COc1cc2oc(=O)cc(C)c2cc1-c1ccc(C#N)n1C,IC50,1,single-target,0,294.31,2.9872000000000014,68.16,0,5,2,3,3,22,0.1764705882352941,0,1
CHEMBL4649280,16.43124,4.6951957,Cc1cn([C@H]2C[C@H](n3cc(CCCCOc4cc(=O)oc5ccccc45)nn3)[C@@H](CO)O2)c(=O)[nH]c1=O,Ki,4,multi-target,0,509.5190000000002,1.4657199999999997,154.47,2,11,9,5,4,37,0.4,2,0
CHEMBL5994449,8.5565405,-0.6841938,O=C(NCc1cc(F)cc(Cl)c1)C1(O)CCN(c2ccc3oc(=O)ccc3c2)C1=O,IC50,1,single-target,0,430.8190000000002,2.3697,99.85,2,5,4,4,3,30,0.1904761904761904,0,1
CHEMBL4587147,10.500212,4.5068617,Cc1cccc2cc(-c3ccccc3)c(=O)oc12,Ki,3,multi-target,0,236.27,3.7684200000000025,30.21,0,2,1,3,3,18,0.0625,0,1
CHEMBL4551749,10.459735,4.7862973,CC(=O)Oc1ccc2cc(-c3ccccc3)c(=O)oc2c1OC(C)=O,Ki,3,multi-target,0,338.3150000000001,3.310600000000001,82.81,0,6,3,3,3,25,0.1052631578947368,0,1
CHEMBL3582272,14.054978,2.6586764,CCN(CC)c1ccc2cc(-n3cc(CN4CCN(c5nc(N)c6cc(OC)c(OC)cc6n5)CC4)nn3)c(=O)oc2c1,IC50,3,multi-target,0,585.6690000000003,3.0847000000000007,140.90000000000003,1,13,9,6,5,43,0.3666666666666666,2,0
CHEMBL4127794,13.642121,1.3888929,C/C(=N\N=C1\CCC(=O)N1C)c1cc2ccccc2oc1=O,IC50,2,multi-target,0,297.3140000000001,2.1677,75.24000000000001,0,5,2,3,2,22,0.25,0,1
CHEMBL2391485,1.4045881,15.766662,O=C(CN1CCN(CCCCCCOc2ccc3ccc(=O)oc3c2)CC1)Nc1c2c(nc3ccccc13)CCCC2,IC50,2,multi-target,0,568.718,5.415500000000005,87.91,1,7,11,6,4,42,0.4411764705882353,2,0
CHEMBL3925166,11.156175,2.3443985,O=C(O)c1cc2ccc(N(Cc3ccc(Cl)cc3)Cc3ccc(Cl)cc3)cc2oc1=O,IC50,1,single-target,0,454.3090000000002,6.004800000000004,70.75,1,4,6,4,4,31,0.0833333333333333,1,0
CHEMBL3735983,11.260868,5.286372,Cc1ccc2oc(=O)c(-c3cccc(OCc4ccccc4)c3)cc2c1,IC50,1,single-target,0,342.39400000000006,5.347420000000004,39.44,0,3,4,4,4,26,0.0869565217391304,1,0
CHEMBL3309834,5.6237226,4.3985157,COc1ccc(/C=C/C(=O)c2c(O)ccc3c(C)cc(=O)oc23)cc1O,IC50,1,single-target,0,352.3420000000001,3.4173200000000024,96.97,2,6,4,3,3,26,0.1,0,1
CHEMBL3360627,4.004207,12.04288,O=C(Cn1ncc2c(=O)oc3ccccc3c21)Nc1ccc(Cl)c(Cl)c1,IC50,1,single-target,0,388.21,4.088200000000002,77.13,1,5,3,4,4,26,0.0555555555555555,0,1
CHEMBL4071209,16.341793,4.6320043,COc1ccc2c(c1)C(=O)C(=O)N2CCn1cc(COc2cc(=O)oc3ccccc23)nn1,IC50,1,single-target,0,446.41900000000015,2.2016,116.76,0,9,7,5,4,33,0.1739130434782608,0,1
CHEMBL3582269,14.106597,2.6426241,COc1cc2nc(N3CCN(C(=O)c4cn(-c5cc6ccc(O)cc6oc5=O)nn4)CC3)nc(N)c2cc1OC,IC50,1,single-target,0,544.5280000000002,1.5842999999999998,174.95999999999998,2,13,5,6,5,40,0.2307692307692307,2,0
CHEMBL4209403,3.958996,-2.7183611,CC(=O)c1c(OCCCN2CCN(c3ccccc3Cl)CC2)ccc2c(C)cc(=O)oc12,Ki,2,multi-target,0,454.9540000000002,4.548520000000004,62.99,0,6,7,4,3,32,0.36,0,1
CHEMBL3354139,3.5561304,3.5123408,Cc1ccccc1S(=O)(=O)NC(=O)Nc1ccc2c(C)cc(=O)oc2c1,Ki,4,multi-target,0,372.40200000000016,2.920240000000001,105.48,2,5,3,3,3,26,0.1111111111111111,0,1
CHEMBL3623665,15.964575,4.2063384,O=c1ccc2ccc(OCc3cn(-c4cccc(Cl)c4)nn3)cc2o1,Ki,2,multi-target,0,353.76500000000004,3.6061000000000014,70.15,0,6,4,4,4,25,0.0555555555555555,0,1
CHEMBL4751162,-4.0773873,-0.5851785,CC(C)CN(C[C@@H](O)[C@H](Cc1ccccc1)NC(=O)Cc1cc2ccc(O)cc2oc1=O)S(=O)(=O)c1ccc(N)cc1,IC50,2,multi-target,0,593.7020000000002,3.0586,163.17,4,8,12,4,4,42,0.2903225806451613,1,0
CHEMBL3924724,8.886682,-0.51248634,O=c1ccc2cc(S(=O)(=O)Nc3ccc(-c4nc5cc(NS(=O)(=O)c6ccc7oc(=O)ccc7c6)ccc5o4)cc3)ccc2o1,IC50,4,multi-target,0,641.6390000000004,5.309200000000003,178.78999999999996,2,10,7,7,7,45,0.0,2,0
CHEMBL3921055,12.992962,3.4650896,O=C(NCCc1c[nH]c2ccccc12)c1cc2ccc(OCc3ccccc3Cl)cc2oc1=O,IC50,1,single-target,0,472.9280000000002,5.479200000000004,84.33000000000001,2,4,7,5,5,34,0.1111111111111111,1,0
CHEMBL3912096,12.996607,3.4774094,O=C(NCCc1c[nH]c2ccccc12)c1cc2ccc(OCc3ccc(Cl)cc3)cc2oc1=O,IC50,1,single-target,0,472.9280000000002,5.479200000000004,84.33000000000001,2,4,7,5,5,34,0.1111111111111111,1,0
CHEMBL3360636,3.9881625,12.03817,O=C(Cn1ncc2c(=O)oc3ccccc3c21)Nc1ccc2ncccc2c1,IC50,1,single-target,0,370.36800000000005,3.329600000000002,90.02,1,6,3,5,5,28,0.0476190476190476,0,1
CHEMBL2387538,-1.0567123,5.9775767,COc1c(C)c(C)c2oc(=O)c(Cc3ccccc3C)cc2c1C,Ki,3,multi-target,0,322.40400000000005,4.626080000000004,39.44,0,3,3,3,3,24,0.2857142857142857,0,1
CHEMBL3805723,13.095727,6.507751,COc1ccc(-c2nn(-c3ccc(S(N)(=O)=O)cc3)cc2/C=N\Nc2nc(-c3cc4ccccc4oc3=O)cs2)cc1,Ki,4,multi-target,0,598.6660000000003,4.871200000000004,154.7,2,11,8,6,6,42,0.0344827586206896,2,0
CHEMBL3094024,2.674627,0.81533897,O=c1cc(Cl)c2ccc(OCc3cccc(Cl)c3)cc2o1,IC50,2,multi-target,0,321.15900000000005,4.6788000000000025,39.44,0,3,3,3,3,21,0.0625,0,1
CHEMBL67979,11.062748,4.9943748,O=c1oc2ccc(/N=C/c3ccc[nH]3)cc2cc1-c1ccc2c(c1)OCO2,IC50,1,single-target,0,358.3530000000001,4.267400000000003,76.82000000000001,1,5,3,5,4,27,0.0476190476190476,0,1
CHEMBL4546001,6.6152787,7.2883086,CC(=O)c1c(O)c2c(=O)oc3ccccc3c2oc1=O,IC50,2,multi-target,0,272.212,1.8076,97.72,1,6,1,3,3,20,0.0714285714285714,0,1
CHEMBL3094023,4.5295205,1.4705732,O=c1cc(C(F)(F)F)c2ccc(OCc3cccc(Cl)c3)cc2o1,IC50,1,single-target,0,354.71100000000007,5.044200000000003,39.44,0,3,3,3,3,24,0.1176470588235294,1,0
CHEMBL206854,14.583092,3.2039065,COc1cccc2cc(C(=O)Nc3cc(Br)ccc3N3CCN(C(=O)OC(C)(C)C)CC3)c(=O)oc12,IC50,1,single-target,0,558.4290000000003,4.873500000000004,101.32,1,7,4,4,3,36,0.3461538461538461,1,0
CHEMBL5175566,3.488777,5.1465683,Cc1cc(O[C@H](C)C(=O)NCC(=O)NCC(=O)O)c2c3c(c(=O)oc2c1)CCC3,IC50,1,single-target,0,402.40300000000025,0.6744199999999996,134.94,3,6,7,3,2,29,0.4,0,1
CHEMBL1378435,8.42986,0.6832923,O=C(COc1ccc2ccc(=O)oc2c1)NCCc1c[nH]c2ccc(F)cc12,AC50,2,multi-target,0,380.37500000000006,3.1511000000000013,84.33000000000001,2,4,6,4,4,28,0.1428571428571428,0,1
CHEMBL4084887,22.29426,-4.668709,Cc1ccc(-c2cc(C(=O)OCCOc3cc(=O)oc4ccccc34)nn2-c2ccc(S(N)(=O)=O)cc2)cc1,IC50,2,multi-target,0,545.5730000000002,3.837320000000002,143.72,1,9,8,5,5,39,0.1071428571428571,1,0
CHEMBL2181543,-2.5262947,5.373044,CCCCC1(c2cc(OC)c3cc(Cc4ccccc4OC)c(=O)oc3c2)CCCC1,Ki,2,multi-target,0,420.5490000000003,6.403000000000007,48.67,0,4,8,4,3,31,0.4444444444444444,1,0
CHEMBL4568499,12.853934,1.924139,O=C(NNC(=O)c1cc2cc(Cl)ccc2oc1=O)c1cc(Cl)ccc1O,IC50,1,single-target,0,393.1820000000001,2.8802000000000008,108.64,3,5,2,3,3,26,0.0,0,1
CHEMBL208464,11.810575,1.3268546,Nc1ccc(OC(=O)c2cc3cc(CCl)ccc3oc2=O)cc1,IC50,1,single-target,0,329.7390000000001,3.333200000000001,82.53,1,5,3,3,3,23,0.0588235294117647,0,1
CHEMBL4634355,5.6181016,3.8259406,O=c1cc(-c2cc(O)c(O)c(O)c2)c2ccc(O)c(O)c2o1,IC50,2,multi-target,0,302.23800000000006,1.9880000000000004,131.36,5,7,1,3,3,22,0.0,0,1
CHEMBL2387534,-1.0673476,5.9871817,COc1c(C)c(C)c2oc(=O)c(Cc3ccccc3)cc2c1C,IC50,2,multi-target,0,308.37700000000007,4.317660000000004,39.44,0,3,3,3,3,23,0.25,0,1
CHEMBL2387532,-1.4625103,5.9371953,CCCCCc1cc(OC)c2cc(Cc3ccc(Br)cc3)c(=O)oc2c1,Ki,3,multi-target,0,415.3270000000001,5.887600000000004,39.44,0,3,7,3,3,26,0.3181818181818182,1,0
CHEMBL3219184,13.083707,5.7996864,O=C(CCC(=O)NC1CCCC1)Nc1nc(-c2cc3ccccc3oc2=O)cs1,IC50,4,multi-target,0,411.4830000000001,3.6940000000000017,101.3,2,6,6,4,3,29,0.3333333333333333,0,1
CHEMBL4213274,-4.4926243,6.4330144,C#CCN(CCCOc1ccc2ccc(=O)oc2c1)Cc1ccc(OC)cc1,IC50,2,multi-target,0,377.44000000000017,3.7059000000000015,51.91,0,5,9,3,3,28,0.2608695652173913,0,1
CHEMBL4211764,-4.4829226,6.4192276,C#CCN(CCCOc1ccc2ccc(=O)oc2c1)Cc1ccc(F)c(F)c1,IC50,2,multi-target,0,383.3940000000001,3.975500000000003,42.68,0,4,8,3,3,28,0.2272727272727272,0,1
CHEMBL5279769,5.892553,-0.073947966,O=c1cc(OCCN2CCOCC2)c2ccccc2o1,IC50,1,single-target,0,275.30400000000003,1.5039999999999996,51.91,0,5,4,3,2,20,0.4,0,1
CHEMBL1947115,5.2546,6.9597435,Cc1ccc2c(c1)[nH]c1c(=O)oc3ccc(O)cc3c12,IC50,1,single-target,0,265.26800000000003,3.4415200000000006,66.23,2,3,0,4,4,20,0.0625,0,1
CHEMBL4633021,15.378303,1.8115216,C#CCOc1ccc2cc(C(=O)NCCn3ccc(=O)c(O)c3C)c(=O)oc2c1,IC50,1,single-target,0,394.38300000000015,1.41072,110.77,2,7,6,3,3,29,0.1904761904761904,0,1
CHEMBL1995684,7.4423776,0.42669263,CC(CCOc1ccc2ccc(=O)oc2c1)C1=CC(=O)C(C)(C)O1,Ki,6,multi-target,1,328.3640000000001,3.459800000000002,65.74,0,5,5,3,2,24,0.3684210526315789,0,1
CHEMBL5563369,13.3092985,11.631498,CCOc1ccc2c(C3SC(N(C(C)=O)[C@@H]4O[C@H](COC(C)=O)[C@H](OC(C)=O)[C@H](OC(C)=O)[C@H]4OC(C)=O)=NN3C(C)=O)cc(=O)oc2c1,IC50,2,multi-target,0,705.6950000000002,1.9882,206.85,0,16,9,4,2,49,0.4838709677419355,2,0
CHEMBL2387241,3.5362887,-1.6821094,O=c1cc(-c2ccccc2)c2ccc(OCC(O)CN3CCC(c4noc5cc(F)ccc45)CC3)cc2o1,Ki,3,multi-target,0,514.5530000000003,5.359600000000005,88.94000000000001,1,7,7,6,5,38,0.2666666666666666,2,0
CHEMBL2349086,2.9371912,-7.0031114,COc1cccc2cc(CNCc3cn([C@H]4C[C@H](n5cc(C)c(=O)[nH]c5=O)O[C@@H]4CO)nn3)c(=O)oc12,IC50,1,single-target,0,510.5070000000003,0.3624200000000002,166.5,3,12,8,5,4,37,0.375,2,0
CHEMBL3966515,9.043461,-0.95534,Cc1ccsc1-c1ccc2oc(=O)ccc2c1,IC50,1,single-target,0,242.299,3.829920000000002,30.21,0,3,1,3,3,17,0.0714285714285714,0,1
CHEMBL225024,7.952427,1.7895772,COc1cc2ccc(=O)oc2cc1O[C@@H]1O[C@H](CO)[C@@H](O)[C@H](O)[C@H]1O,Ki,5,multi-target,1,354.311,-1.0197000000000007,138.82000000000002,4,9,4,3,2,25,0.4375,0,1
CHEMBL4068706,10.867822,5.2877574,COc1ccc(-c2cc(-c3cc4c(ccc5ccccc54)oc3=O)[nH]c(=O)c2C#N)cc1,IC50,1,single-target,0,420.4240000000002,4.848780000000004,96.09,1,5,3,5,5,32,0.0384615384615384,0,1
CHEMBL332001,7.674701,-0.9006238,O=c1ccc2ccc(CN3CC=C(c4ccccc4)CC3)cc2o1,Ki,1,single-target,0,317.38800000000015,4.082300000000003,33.45,0,3,3,4,3,24,0.1904761904761904,0,1
CHEMBL3311526,4.7180705,-5.618878,CO[C@H]1O[C@H](CO)[C@H](O)[C@H](OCc2cc3ccccc3oc2=O)[C@H]1O,Kd,1,single-target,0,352.3390000000001,-0.2364000000000003,118.59000000000002,3,8,5,3,2,25,0.4705882352941176,0,1
CHEMBL1947107,5.2763314,6.96578,Cc1cccc2[nH]c3c(=O)oc4ccc(O)cc4c3c12,IC50,1,single-target,0,265.26800000000003,3.441520000000001,66.23,2,3,0,4,4,20,0.0625,0,1
CHEMBL3629474,15.665222,0.32284996,COc1ccc(/C=C/c2cc(OC)cc(OC)c2/C=C/C(=O)c2cc3cc(F)ccc3oc2=O)cc1,IC50,2,multi-target,0,486.4950000000002,6.024400000000005,74.97,0,6,8,4,4,36,0.1034482758620689,1,0
CHEMBL3629811,15.665991,0.32565206,COc1ccc(/C=C/c2cc(OC)cc(OC)c2/C=C/C(=O)c2cc3c(OC)cc(OC)cc3oc2=O)cc1,IC50,2,multi-target,0,528.5570000000004,5.902500000000006,93.43,0,8,10,4,4,39,0.1612903225806451,2,0
CHEMBL2178440,2.2426002,2.6176152,CCN(CC)CCSc1nnc(COc2ccc3c(C)c(C)c(=O)oc3c2)n1-c1ccc(Cl)cc1,Ki,1,single-target,0,513.0630000000003,5.656840000000006,73.39000000000001,0,8,10,4,4,35,0.3461538461538461,2,0
CHEMBL4531520,15.826844,2.156768,Cc1cc(=O)c(O)cn1Cc1cc2ccc(OCc3cccc(Cl)c3)cc2oc1=O,IC50,1,single-target,0,423.8520000000001,4.249420000000003,81.66999999999999,1,6,5,4,4,30,0.1304347826086956,0,1
CHEMBL3797837,6.3672266,2.0703535,Cc1cc(=O)oc2cc(O[C@@H]3O[C@H](CO)[C@@H](O)[C@H](O)[C@@H]3O)ccc12,IC50,1,single-target,0,338.312,-0.7198800000000007,129.59,4,8,3,3,2,24,0.4375,0,1
CHEMBL4213789,3.9460304,-2.7405288,CC(=O)c1c(OCCCN2CCN(c3cc(C)ccc3C)CC2)ccc2c(C)cc(=O)oc12,Ki,2,multi-target,0,448.5630000000003,4.511960000000005,62.99,0,6,7,4,3,33,0.4074074074074074,0,1
CHEMBL3971196,5.693764,4.2254295,Cc1cc(=O)oc2c3c(ccc12)O[C@@H](c1cc(F)c(F)cc1F)[C@H](N)C3,IC50,1,single-target,0,361.3190000000001,3.5222200000000017,65.46,1,4,1,4,3,26,0.2105263157894736,0,1
CHEMBL4214598,3.8401716,-2.8625498,CC(=O)c1c(OCCCCN2CCN(c3cccc(Br)c3)CC2)ccc2c(C)cc(=O)oc12,Ki,2,multi-target,0,513.4320000000002,5.047720000000005,62.99,0,6,8,4,3,33,0.3846153846153846,2,0
CHEMBL5220144,23.612858,-6.818247,COc1cc(/C=C/C(=O)OCCCCCCN(CCCOC(=O)c2c3ccccc3cc3ccccc23)CCCOc2ccc3ccc(=O)oc3c2)cc(OC)c1OC,Ki,2,multi-target,0,801.933,9.260200000000005,122.97,0,11,22,6,6,59,0.3125,3,0
CHEMBL5218795,23.54701,-6.751903,COc1cc(/C=C/C(=O)OCCCN(CCCCCCCOC(=O)c2cc(OC)c(OC)c(OC)c2)CCCOc2ccc3ccc(=O)oc3c2)cc(OC)c1OC,Ki,2,multi-target,0,805.918,7.36970000000001,150.65999999999997,0,14,26,4,4,58,0.4318181818181818,3,0
CHEMBL477822,4.0506854,2.7566862,COc1ccc2c(CC(=O)Nc3ccc(S(N)(=O)=O)cc3)cc(=O)oc2c1,Ki,4,multi-target,0,388.4010000000002,1.6302,128.7,2,6,5,3,3,27,0.1111111111111111,0,1
CHEMBL1381306,3.1456828,4.4940763,COc1ccc2c(c1)c(=O)oc1cc(OCC(=O)N3CCC(C)CC3)ccc12,IC50,4,multi-target,0,381.42800000000017,3.592100000000003,68.98,0,5,4,4,3,28,0.3636363636363636,0,1
CHEMBL379350,11.07755,2.4572408,CCN(CC)c1ccc2cc(C(C)=O)c(=O)oc2c1,AC50,3,multi-target,0,259.30499999999995,2.841800000000001,50.52,0,4,4,2,2,19,0.3333333333333333,0,1
CHEMBL2019154,11.267441,4.8841314,COc1ccc(-c2cc3cc(Cl)ccc3oc2=O)cc1,IC50,3,multi-target,0,286.714,4.1220000000000026,39.44,0,3,2,3,3,20,0.0625,0,1
CHEMBL4441522,2.5981622,6.7512636,Cc1c(CC(=O)O)c(=O)oc2c(C)c(OCC3CCC3)ccc12,IC50,1,single-target,0,316.35300000000007,3.215840000000002,76.74,1,4,5,3,2,23,0.4444444444444444,0,1
CHEMBL1957178,7.9393024,0.40690336,CC(C)(C)[Si](C)(C)Oc1ccc2ccc(=O)oc2c1,Ki,3,multi-target,0,276.408,4.177000000000003,39.44,0,3,2,2,2,19,0.4,0,1
CHEMBL427865,12.778451,4.4970484,COc1cc2cc(-c3ccc(CN(C)Cc4cccc(C)c4)cc3)c(=O)oc2cc1OC,IC50,1,single-target,0,429.5160000000002,5.417620000000006,51.91,0,5,7,4,4,32,0.2222222222222222,1,0
CHEMBL4515881,8.714617,-0.28841776,O=C(CNc1ccc(F)cc1)Nc1ccc2oc(=O)ccc2c1,IC50,1,single-target,0,312.30000000000007,2.982700000000001,71.34,2,4,4,3,3,23,0.0588235294117647,0,1
CHEMBL1408908,3.4742053,5.113757,Cc1cc(OCc2ccc([N+](=O)[O-])cc2)c2c3c(c(=O)oc2c1)CCCC3,AC50,5,multi-target,1,365.3850000000002,4.467420000000004,82.58,0,5,4,4,3,27,0.2857142857142857,0,1
CHEMBL1935087,12.732253,1.3417476,N/C(=N/OC(=O)c1cc2ccccc2oc1=O)c1ccc(Oc2ccc(C(F)(F)F)cc2[N+](=O)[O-])cc1,IC50,1,single-target,0,513.3840000000002,4.989600000000003,147.26000000000002,1,8,6,4,4,37,0.0416666666666666,1,0
CHEMBL2088234,7.0131497,1.0462269,CC(C)=CCC/C(C)=C/CC/C(C)=C/COc1cccc2oc(=O)ccc12,IC50,1,single-target,0,366.5010000000001,6.591000000000006,39.44,0,3,9,2,2,27,0.375,1,0
CHEMBL1783716,11.130548,4.8533998,COc1cc(-c2cc3cc(C)ccc3oc2=O)cc(OC)c1OC,IC50,1,single-target,0,326.34800000000007,3.794220000000003,57.900000000000006,0,5,4,3,3,24,0.2105263157894736,0,1
CHEMBL5219141,23.53254,-6.7374144,COc1cc(/C=C/C(=O)OCCCCCN(CCCOC(=O)c2cc(OC)c(OC)c(OC)c2)CCCOc2ccc3ccc(=O)oc3c2)cc(OC)c1OC,Ki,2,multi-target,0,777.8640000000001,6.589500000000008,150.65999999999997,0,14,24,4,4,56,0.4047619047619047,3,0
CHEMBL5209036,4.11583,5.5391827,Cc1c(OCC(=O)NC(CSCc2ccccc2)C(=O)O)ccc2c3c(c(=O)oc12)CCCC3,IC50,1,single-target,0,481.5700000000004,3.8618200000000025,105.84,2,6,9,4,3,34,0.3461538461538461,0,1
CHEMBL3814726,11.197485,2.3397872,C=CCN(CC=C)c1ccc2cc(C(=O)O)c(=O)oc2c1,IC50,1,single-target,0,285.29900000000004,2.669600000000001,70.75,1,4,6,2,2,21,0.125,0,1
CHEMBL3941042,13.554657,0.94247526,O=C(/C=C\Nc1ccc(S(=O)(=O)Nc2ccccn2)cc1)c1cc2ccccc2oc1=O,IC50,1,single-target,0,447.47200000000015,3.7973000000000017,118.37,2,7,7,4,4,32,0.0,0,1
CHEMBL3923185,11.689191,4.577052,O=c1oc2cc(O)cc(O)c2cc1-c1cccc(O)c1,IC50,1,single-target,0,270.23999999999995,2.5767999999999995,90.9,3,5,1,3,3,20,0.0,0,1
CHEMBL3828631,0.3489371,3.5512495,CN(CCCOc1ccc2cc(-c3ccccc3)c(=O)oc2c1)Cc1cccc(OC(=O)NCCCCCc2ccccc2)c1,IC50,3,multi-target,0,604.7470000000004,7.862300000000008,81.00999999999999,1,6,15,5,5,45,0.2631578947368421,2,0
CHEMBL63349,12.676264,0.34108028,CC(=O)Nc1cc2ccccc2oc1=O,AC50,2,multi-target,0,203.197,1.7513999999999998,59.31,1,3,1,2,2,15,0.0909090909090909,0,1
CHEMBL204341,6.279661,6.1252646,Cc1c(O)ccc2c1oc(=O)c1c(C)c(NC=O)ccc12,IC50,1,single-target,0,283.283,2.83694,79.54,2,4,2,3,3,21,0.125,0,1
CHEMBL2178428,2.269462,2.5830562,Cc1c(C)c2ccc(OCc3nnc(SCCN4CCOCC4)o3)cc2oc1=O,Ki,1,single-target,0,417.48700000000025,2.7961400000000003,90.83,0,9,7,4,3,29,0.45,0,1
CHEMBL1472447,3.5536358,2.3466609,Cc1cc(=O)oc2cc(OCC(=O)N3CCN(C(=O)C4COc5ccccc5O4)CC3)ccc12,EC50,1,single-target,0,464.4740000000002,1.9910199999999996,98.52,0,7,4,5,3,34,0.32,0,1
CHEMBL1630103,11.739617,-0.72633016,Cc1ccc2oc(=O)c(CC(CCc3ccc(OCCN4CCCCC4)cc3)C(=O)NO)cc2c1,IC50,1,single-target,0,478.58900000000034,4.263020000000003,92.01,2,6,10,4,3,35,0.4285714285714285,0,1
CHEMBL3335027,5.1494193,-1.2992512,O=c1oc2cc(OCCN3CCC(Cc4ccccc4)CC3)ccc2c2c1CCCC2,IC50,1,single-target,0,417.5490000000003,5.005300000000005,42.68,0,4,6,5,3,31,0.4444444444444444,1,0
CHEMBL2322550,3.8134882,6.757347,Cc1c(CCC(=O)Nc2ccccc2C(=O)O)c(=O)oc2cc3occ(C(C)(C)C)c3cc12,EC50,1,single-target,0,447.4870000000003,5.414620000000005,109.75,2,5,5,4,4,33,0.2692307692307692,1,0
CHEMBL3410715,13.256467,2.7012992,CCCCOc1cc(Br)cc2cc(C(=O)NC3CCCCC3)c(=O)oc12,IC50,1,single-target,0,422.3190000000003,4.796900000000004,68.53999999999999,1,4,6,3,2,26,0.5,0,1
CHEMBL5219847,23.430264,-6.635563,O=C(OCCCCCCCN(CCCOC(=O)c1c2ccccc2cc2ccccc12)CCCOc1ccc2ccc(=O)oc2c1)c1c2ccccc2cc2ccccc12,Ki,2,multi-target,0,799.9640000000002,11.531299999999986,95.28,0,8,19,8,8,60,0.25,2,0
CHEMBL265416,12.766978,4.5151377,COc1cc2cc(-c3ccc(CN(C)Cc4ccccc4[N+](=O)[O-])cc3)c(=O)oc2cc1OC,IC50,1,single-target,0,460.4860000000002,5.017400000000006,95.05,0,7,8,4,4,34,0.1923076923076923,1,0
CHEMBL499266,11.036606,1.1558005,CC(C)CNC(=O)c1cc2ccc(OCc3ccccc3)cc2oc1=O,IC50,2,multi-target,0,351.40200000000004,3.757800000000002,68.53999999999999,1,4,6,3,3,26,0.238095238095238,0,1
CHEMBL1095865,-1.2545613,19.160484,COc1ccc2c(Nc3c(Cl)cncc3Cl)cc(=O)oc2c1OCCCCCCN(C)C,IC50,1,single-target,0,480.3920000000005,5.747800000000004,76.83,1,7,11,3,3,32,0.391304347826087,1,0
CHEMBL571496,6.343401,8.027768,COc1cccc2oc(=O)c(Cc3c(O)c4c(OC)cccc4oc3=O)c(O)c12,IC50,1,single-target,0,396.3510000000001,2.918600000000002,119.34000000000002,2,8,4,4,4,29,0.1428571428571428,0,1
CHEMBL518654,3.1859438,9.047014,Cc1ccc2oc(=O)cc(N3CCN(C(=O)c4ccccc4Cl)CC3)c2c1,IC50,1,single-target,0,382.84700000000015,3.717220000000003,53.760000000000005,0,4,2,4,3,27,0.238095238095238,0,1
CHEMBL4871203,12.176074,2.9524744,COc1ccccc1-c1c2oc(=O)c(C(=O)O)cc2cc2cc(C(=O)O)c(=O)oc12,IC50,1,single-target,0,408.31800000000015,2.9714,144.25,2,7,4,4,4,30,0.0476190476190476,0,1
CHEMBL3139169,2.631851,1.2191367,CNCc1cc(=O)oc2cc(OCc3cccc(Br)c3)ccc12,IC50,1,single-target,0,374.234,3.853900000000002,51.47,1,4,5,3,3,23,0.1666666666666666,0,1
CHEMBL269221,3.0359955,3.9871166,Cc1cc(=O)oc2ccc(OS(N)(=O)=O)cc12,IC50,1,single-target,0,255.251,0.6837200000000002,99.6,1,5,2,2,2,17,0.1,0,1
CHEMBL4089520,12.441993,1.1491735,COc1ccc2oc(=O)c(C(=O)Nc3ccc(Cl)cc3)cc2c1,IC50,1,single-target,0,329.73900000000003,3.707300000000002,68.53999999999999,1,4,3,3,3,23,0.0588235294117647,0,1
CHEMBL1782748,7.3118706,-0.23960693,O=c1ccc2cc(OCCCCCSC[C@@H]3CCCN4CCCC[C@H]34)ccc2o1,IC50,2,multi-target,0,415.5990000000003,5.339800000000006,42.68,0,5,9,4,2,29,0.625,1,0
CHEMBL174435,7.247113,0.86490333,C/C(=C\COc1cc2oc(=O)ccc2cc1O)CC/C=C(\C)CCC1OC1(C)C,IC50,1,single-target,0,398.49900000000025,5.507800000000005,72.2,1,5,9,3,2,29,0.4583333333333333,1,0
CHEMBL4103420,2.479936,4.226202,COc1ccc(S(=O)(=O)Oc2ccc3c(C)c(Cl)c(=O)oc3c2)cc1,IC50,2,multi-target,0,380.80500000000006,3.5311200000000023,82.81000000000002,0,6,4,3,3,25,0.1176470588235294,0,1
CHEMBL4086241,4.9806113,4.4574375,Cc1cc(=O)oc2c([N+](=O)[O-])c(OS(=O)(=O)c3ccc(Cl)c([N+](=O)[O-])c3)ccc12,IC50,2,multi-target,0,440.7730000000002,3.3389200000000017,159.86,0,9,5,3,3,29,0.0625,0,1
CHEMBL602887,15.959114,-2.3754444,CCOc1ccc2c(C)c(N3CCN(C)CC3)c(=O)oc2c1,IC50,1,single-target,0,302.374,2.25192,45.92,0,5,3,3,2,22,0.4705882352941176,0,1
CHEMBL3093993,3.0100448,1.0272596,COc1cc(=O)oc2cc(OCc3cccc(Br)c3)ccc12,IC50,1,single-target,0,361.191,4.143100000000003,48.67,0,4,4,3,3,22,0.1176470588235294,0,1
CHEMBL1381627,4.8935485,3.4806213,COc1cc(-c2nnc(SCc3cc(=O)oc4cc(O)c(O)cc34)o2)cc(OC)c1OC,IC50,4,multi-target,0,458.4480000000002,3.572300000000003,137.28,2,11,7,4,4,32,0.1904761904761904,1,0
CHEMBL3823208,23.638084,3.204821,NS(=O)(=O)c1ccc(-n2nc(C(=O)N/N=C/c3c(Cl)c4ccccc4oc3=O)cc2-c2cccc(Cl)c2)cc1,IC50,1,single-target,0,582.4250000000002,4.363800000000003,149.65,2,8,6,5,5,39,0.0,1,0
CHEMBL12252,4.992685,3.2471426,Cc1cc(=O)oc2cc(O)cc(O)c12,IC50,2,multi-target,0,192.17,1.51262,70.67,2,4,0,2,2,14,0.1,0,1
CHEMBL3331326,-1.6198506,3.8692498,Cc1nn(-c2ccc(C(F)(F)F)cc2)c2c1c(=O)oc1ccccc12,IC50,1,single-target,0,344.29200000000003,4.459120000000003,48.03,0,4,1,4,4,25,0.1111111111111111,0,1
CHEMBL1325943,12.717746,0.40020883,Cc1ccc(C(=O)Nc2cc3ccccc3oc2=O)cc1,IC50,3,multi-target,0,279.295,3.353720000000002,59.31,1,3,2,3,3,21,0.0588235294117647,0,1
CHEMBL204365,4.142587,1.7538677,CCC(O)(CC)c1cc(F)cc(OCc2ccc3c(-c4ccoc4)cc(=O)oc3c2)c1,IC50,1,single-target,0,422.45200000000017,5.778700000000004,72.81,1,5,7,4,4,31,0.24,1,0
CHEMBL3824003,23.607979,3.172175,COc1cccc(-c2cc(C(=O)N/N=C/c3c(Cl)c4ccccc4oc3=O)nn2-c2ccc(S(N)(=O)=O)cc2)c1,IC50,1,single-target,0,578.0060000000002,3.719000000000001,158.88,2,9,7,5,5,40,0.037037037037037,1,0
CHEMBL18317,2.103708,3.0192044,Cc1c(C)c2ccc(OCc3csc(C(C)C)n3)cc2oc1=O,IC50,2,multi-target,0,329.42100000000005,4.568740000000004,52.330000000000005,0,5,4,3,3,23,0.3333333333333333,0,1
CHEMBL3823600,23.653183,3.22054,Cc1cccc(-c2cc(C(=O)N/N=C/c3c(Cl)c4ccccc4oc3=O)nn2-c2ccc(S(N)(=O)=O)cc2)c1,IC50,2,multi-target,0,562.0070000000003,4.0188200000000025,149.65,2,8,6,5,5,39,0.037037037037037,1,0
CHEMBL325864,8.149011,1.2418537,COc1cc2ccc(=O)oc2cc1OC,IC50,2,multi-target,0,206.197,1.8102,48.67,0,4,2,2,2,15,0.1818181818181818,0,1
CHEMBL3827734,0.47591034,3.5777056,CN(CCCOc1ccc2c3c(c(=O)oc2c1)CCCC3)Cc1cccc(OC(=O)NCCCCCc2ccccc2)c1,IC50,3,multi-target,0,582.7410000000006,7.074100000000008,81.00999999999999,1,6,14,5,4,43,0.3888888888888889,2,0
CHEMBL4126704,3.8857934,-2.8193877,CC(=O)c1c(OCCCN2CCN(c3cnccn3)CC2)ccc2c(C)cc(=O)oc12,Ki,1,single-target,0,422.4850000000002,2.6851200000000004,88.77,0,8,7,4,3,31,0.391304347826087,0,1
CHEMBL1830809,11.796871,1.9050059,CCOC(=O)c1cc2cc(O)ccc2oc1=O,IC50,2,multi-target,0,234.207,1.6752999999999998,76.74000000000001,1,5,2,2,2,17,0.1666666666666666,0,1
CHEMBL3827765,0.3324676,3.5549412,CCCCCCc1ccc(NC(=O)Oc2cccc(CN(C)CCCOc3ccc4ccc(=O)oc4c3)c2)cc1,IC50,2,multi-target,0,542.6760000000005,7.427600000000009,81.01,1,6,14,4,4,40,0.3333333333333333,2,0
CHEMBL1453817,5.7787766,2.9837458,COc1ccc(-c2cc(=O)oc3cc4occ(C)c4cc23)cc1,AC50,5,multi-target,1,306.317,4.523220000000003,52.58,0,4,2,4,4,23,0.1052631578947368,0,1
CHEMBL1478351,4.708273,3.617998,Cc1cc(C)n2nc(SCc3cc(=O)oc4ccc5ccccc5c34)nc2n1,AC50,4,multi-target,0,388.4520000000001,4.293040000000003,73.29,0,7,3,5,5,28,0.1428571428571428,0,1
CHEMBL3335029,5.0815034,-1.4677901,O=c1oc2cc(OCCN3CCN(Cc4ccccc4)CC3)ccc2c2c1CCCC2,IC50,2,multi-target,0,418.5370000000003,3.868400000000003,45.92,0,5,6,5,3,31,0.4230769230769231,0,1
CHEMBL192548,3.955494,2.2184734,O=C(Oc1ccc2c(-c3ccccc3)cc(=O)oc2c1)c1ccco1,IC50,1,single-target,0,332.31100000000004,4.272200000000003,69.65,0,5,3,4,4,25,0.0,0,1
CHEMBL145003,2.0080063,3.1724873,Cc1c(C)c2ccc(OCc3cccc(OC(F)(F)F)c3)cc2oc1=O,IC50,3,multi-target,0,364.3190000000001,4.887440000000002,48.67,0,4,4,3,3,26,0.2105263157894736,0,1
CHEMBL4449791,2.5191195,-9.589994,CSc1ccc(/C=C2/S/C(=N/c3ccc4oc(=O)ccc4c3)NC2=O)cc1,IC50,1,single-target,0,394.4770000000001,4.406500000000003,71.67,1,6,3,4,3,27,0.05,0,1
CHEMBL4441237,8.535979,-0.9837143,CN(C)c1ccc(/C=N/c2ccc3oc(=O)ccc3c2)cc1,IC50,1,single-target,0,292.338,3.609600000000002,45.81,0,4,3,3,3,22,0.1111111111111111,0,1
CHEMBL4856506,12.022971,2.8861115,COc1ccc(-c2cc3cc(C(=O)O)c(=O)oc3c3cc(C(=O)O)c(=O)oc23)cc1,IC50,1,single-target,0,408.31800000000015,2.9714,144.25,2,7,4,4,4,30,0.0476190476190476,0,1
CHEMBL179343,3.732325,3.3909702,Cc1cc(=O)oc2cc(NC(=O)[C@@](C)(O)CBr)ccc12,Ki,1,single-target,0,340.173,2.18582,79.54,2,4,3,2,2,20,0.2857142857142857,0,1
CHEMBL202781,6.3906355,6.0045495,Cc1cc2c(cc1Br)c(=O)oc1c(C)c(O)ccc12,IC50,2,multi-target,0,319.154,4.0311400000000015,50.44,1,3,0,3,3,19,0.1333333333333333,0,1
CHEMBL1085430,11.509237,4.151271,COc1cc2cc(-c3cc4cc(O)c(O)cc4oc3=O)c(=O)oc2c(OC)c1O,IC50,1,single-target,0,398.3230000000002,2.7004000000000024,139.57,3,9,3,4,4,29,0.1,0,1
CHEMBL5395336,6.2491045,-2.0682025,O=c1cc(OCCCN2CCC(NCc3ccccc3)CC2)c2ccc(Br)cc2o1,IC50,2,multi-target,0,471.3950000000002,4.578600000000003,54.71,1,5,8,4,3,30,0.375,0,1
CHEMBL5432645,6.240473,-2.0541828,CN(Cc1ccccc1)C1CCN(CCCOc2cc(=O)oc3cc(-c4ccc(F)nc4)ccc23)CC1,IC50,1,single-target,0,501.6020000000002,5.359400000000005,58.81,0,6,9,5,4,37,0.3333333333333333,2,0
CHEMBL1446643,9.70807,4.0375876,Cc1cc2oc(=O)cc(-c3cc4ccccc4o3)c2cc1O,IC50,1,single-target,0,292.29,4.220220000000003,63.58,1,4,1,4,4,22,0.0555555555555555,0,1
CHEMBL375497,8.745567,10.976273,COc1ccc2c(OCCn3ccnc3)cc(=O)oc2c1,IC50,1,single-target,0,286.28700000000003,2.0771,66.49000000000001,0,6,5,3,3,21,0.2,0,1
CHEMBL315348,4.020474,3.9479864,CCN(CC)c1ccc2c(C)cc(=O)oc2c1,EC50,2,multi-target,0,231.295,2.947620000000001,33.45,0,3,3,2,2,17,0.3571428571428571,0,1
CHEMBL1777814,10.693688,4.6019278,COc1cc(Br)cc2cc(-c3ccccc3)c(=O)oc12,IC50,1,single-target,0,331.1650000000001,4.231100000000002,39.44,0,3,2,3,3,20,0.0625,0,1
CHEMBL4855587,-1.1985382,-5.77137,N#CC1=C(N)Oc2c(c(=O)oc3ccccc23)C1c1cc(=O)c2ccccc2o1,IC50,1,single-target,0,384.34700000000015,3.117580000000002,119.46000000000002,1,7,1,5,4,29,0.0454545454545454,0,1
CHEMBL4854132,5.869413,20.530674,Cc1ccccc1S(=O)(=O)Nc1ccc2c(O)c(NC(=O)c3cccc(CCC(C)C)c3)c(=O)oc2c1,IC50,2,multi-target,0,520.6070000000004,5.448720000000004,125.71,3,6,8,4,4,37,0.2142857142857142,2,0
CHEMBL1302645,4.379289,3.2990532,CCCc1cc(=O)oc2cc(OCc3cc(OC)c(OC)c(OC)c3)c(Cl)cc12,AC50,2,multi-target,0,418.8730000000001,5.003700000000005,67.13000000000001,0,6,8,3,3,29,0.3181818181818182,1,0
CHEMBL3814638,11.149924,2.3671434,C#CCN(CC#C)c1ccc2cc(C(=O)O)c(=O)oc2c1,IC50,1,single-target,0,281.267,1.564,70.75,1,4,4,2,2,21,0.125,0,1
CHEMBL4852281,5.855098,20.546011,CC(C)CCc1cccc(C(=O)Nc2c(O)c3ccc(NS(=O)(=O)c4cccc5ccccc45)cc3oc2=O)c1,IC50,2,multi-target,0,556.6400000000002,6.293500000000006,125.71,3,6,8,5,5,40,0.1612903225806451,2,0
CHEMBL3818539,8.49843,-7.77525,NS(=O)(=O)Oc1ccc2cc(-c3ccc(NP(=O)(Oc4ccccc4)Oc4ccccc4)cc3)c(=O)oc2c1,IC50,1,single-target,0,564.5120000000002,5.720300000000004,147.16000000000005,2,8,9,5,5,39,0.0,2,0
CHEMBL1835833,9.035701,-0.95029485,O=c1ccc2cc(-c3cccs3)ccc2o1,IC50,1,single-target,0,228.272,3.5215000000000014,30.21,0,3,1,3,3,16,0.0,0,1
CHEMBL4852456,-2.6316037,5.32161,CCCCC1(c2cc(O)c3cc(Cc4ccccn4)c(=O)oc3c2)CCCCC1,Ki,1,single-target,0,391.5110000000003,5.876500000000005,63.330000000000005,1,4,6,4,3,29,0.44,1,0
CHEMBL3785907,11.787427,7.7651653,CCN(CC)CC(=O)N1N=C(c2cc3ccccc3oc2=O)CC1c1ccccc1,IC50,1,single-target,0,403.48200000000014,3.812500000000002,66.12,0,5,6,4,3,30,0.2916666666666667,0,1
CHEMBL4175303,17.841463,12.866169,COc1ccc(-c2cc3ccc(OCCCn4cc(CNC(=O)CCCCC5CCSS5)nn4)cc3oc2=O)cc1,IC50,1,single-target,0,594.7590000000004,5.859500000000005,108.48,1,10,14,5,4,41,0.4,2,0
CHEMBL3787509,11.795865,7.762268,CNCC(=O)N1N=C(c2cc3ccccc3oc2=O)CC1c1ccccc1,IC50,1,single-target,0,361.4010000000001,2.690100000000001,74.91,1,5,4,4,3,27,0.1904761904761904,0,1
CHEMBL5218447,0.33431888,3.5546908,CN(CCCOc1ccc2ccc(=O)oc2c1)Cc1cccc(OC(=O)NC2CCCC2)c1,IC50,3,multi-target,0,450.53500000000025,4.724900000000004,81.00999999999999,1,6,9,4,3,33,0.3846153846153846,0,1
CHEMBL3765442,6.0232882,-1.2997613,Cc1cc(=O)oc2cc(CNC3CCN(Cc4ccccc4)CC3)ccc12,IC50,3,multi-target,0,362.47300000000007,3.8556200000000023,45.48,1,4,5,4,3,27,0.3478260869565217,0,1
CHEMBL3764112,6.004442,-1.2865201,CCOc1cc(=O)oc2cc(OCCNC3CCN(Cc4ccccc4)CC3)ccc12,IC50,3,multi-target,0,422.52500000000015,3.824700000000002,63.940000000000005,1,6,9,4,3,31,0.4,0,1
CHEMBL4130301,3.9733832,-2.703725,CC(=O)c1c(OCCCN2CCN(c3cccc(Cl)c3Cl)CC2)ccc2c(C)cc(=O)oc12,Ki,2,multi-target,0,489.3990000000003,5.201920000000006,62.99,0,6,7,4,3,33,0.36,1,0
CHEMBL5207605,7.522147,2.4041662,CC(C)=CCc1cc2ccc(=O)oc2c(CC=C(C)C)c1O,EC50,1,single-target,0,298.382,4.5160000000000045,50.44,1,3,4,2,2,22,0.3157894736842105,0,1
CHEMBL4536608,11.371249,-8.696414,O=c1cc(NC[C@H](O)CN2CCN(c3nccc4ccc(F)cc34)CC2)c2ccccc2o1,IC50,4,multi-target,0,448.4980000000002,3.075300000000002,81.84,2,7,6,5,4,33,0.28,0,1
CHEMBL598339,15.99856,-2.3922057,COc1ccc2c(C)c(N3CCN(C)CC3)c(=O)oc2c1,IC50,1,single-target,0,288.347,1.86182,45.92,0,5,2,3,2,21,0.4375,0,1
CHEMBL1364458,6.4173074,4.8617663,Cc1c(Cc2ccccc2)c(=O)oc2c(CN(C)C)c(O)c(Cl)cc12,IC50,1,single-target,0,357.83700000000005,4.112820000000003,53.68000000000001,1,4,4,3,3,25,0.25,0,1
CHEMBL3929967,12.993408,3.4656577,CCCOc1ccc2cc(C(=O)NCCc3c[nH]c4ccccc34)c(=O)oc2c1,IC50,1,single-target,0,390.43900000000014,4.035600000000002,84.33,2,4,7,4,4,29,0.217391304347826,0,1
CHEMBL4126501,11.78304,5.1807027,CCCCNCn1nc(-c2cc3ccccc3oc2=O)oc1=S,IC50,1,single-target,0,331.39700000000005,3.3261900000000013,73.2,1,7,6,3,3,23,0.3125,0,1
CHEMBL5179804,8.564706,1.9182199,C=CC(C)(C)c1cc2cc(C[C@@H](O)C(C)(C)O)c(O)cc2oc1=O,EC50,1,single-target,0,332.3960000000001,2.6365000000000016,90.9,3,5,5,2,2,24,0.4210526315789473,0,1
CHEMBL3824049,23.64454,3.2109807,NS(=O)(=O)c1ccc(-n2nc(C(=O)N/N=C/c3c(Cl)c4ccccc4oc3=O)cc2-c2ccc(Cl)c(Cl)c2)cc1,IC50,2,multi-target,0,616.8700000000001,5.017200000000003,149.65,2,8,6,5,5,40,0.0,2,0
CHEMBL4473562,7.0816517,-3.3834934,Cc1c(C)c2ccc(OC3CCN(CCc4ccccc4)CC3)cc2oc1=O,IC50,4,multi-target,0,377.48400000000015,4.495740000000004,42.68,0,4,5,4,3,28,0.375,0,1
CHEMBL3901953,1.6382195,-1.3943226,O=c1ccc2c(OCCCCOc3ccc(Oc4ccccc4)cc3)c3ccoc3cc2o1,EC50,2,multi-target,0,442.46700000000016,6.569500000000005,71.04,0,6,9,5,5,33,0.1481481481481481,1,0
CHEMBL4161438,5.819557,3.7346408,Cc1cccc(-c2cc(=O)oc3c(C)c(O)ccc23)c1,Ki,2,multi-target,0,266.296,3.782440000000002,50.44,1,3,1,3,3,20,0.1176470588235294,0,1
CHEMBL5287988,5.6791,8.497569,Nc1nc(-c2cccc(OS(=O)(=O)c3ccc([N+](=O)[O-])cc3)c2)nc2c1c(=O)oc1ccccc12,IC50,1,single-target,0,490.4530000000002,3.6613000000000016,168.51999999999998,1,10,5,5,5,35,0.0,0,1
CHEMBL4159678,7.637011,14.651346,O=c1oc2cc(O)ccc2c(Nc2ccc(OCCN3CCCC3)cc2)c1-c1ccc(O)cc1,IC50,1,single-target,0,458.5140000000002,5.089400000000005,95.17,3,7,7,5,4,34,0.2222222222222222,1,0
CHEMBL4439610,14.007468,3.340688,O=C(NC1CCN(Cc2ccccc2)CC1)c1cc2ccc(OCc3cn(Cc4ccccc4Br)nn3)cc2oc1=O,IC50,1,single-target,0,628.5270000000002,5.168700000000005,102.49,1,8,9,6,5,42,0.25,2,0
CHEMBL3335032,1.1147782,3.6366608,COc1cccc(CN(C)CCCOc2ccc3c4c(c(=O)oc3c2)CCCC4)c1,IC50,1,single-target,0,407.5100000000003,4.581300000000004,51.91,0,5,8,4,3,30,0.4,0,1
CHEMBL5574703,2.237968,1.6583322,CN(Cc1ccc(COc2ccc3c(CO)cc(=O)oc3c2)cc1)Cc1nccs1,IC50,2,multi-target,0,422.50600000000014,3.9528000000000034,75.80000000000001,1,7,8,4,4,30,0.217391304347826,0,1
CHEMBL3403691,-5.5207763,12.200948,CCCc1cc2c(C(F)(F)F)cc(=O)oc2c(CCC)c1OCCCCN1C(=O)C(C)N(C)C1=O,EC50,2,multi-target,0,496.5260000000004,5.158300000000005,80.06,0,5,10,3,2,35,0.56,1,0
CHEMBL134252,-0.0011064699,10.799837,CC1=Cc2c(c3c(c4c(-c5ccccc5)cc(=O)oc24)OC(C)(C)C=C3)O[C@@H]1C,IC50,1,single-target,0,386.4470000000002,5.828400000000007,48.67,0,4,1,5,3,29,0.24,1,0
CHEMBL4514827,5.059241,-3.4366622,Cc1c(C)c2ccc(OCCCCCN3CCc4ccccc4C3)cc2oc1=O,IC50,2,multi-target,0,391.5110000000001,5.017240000000005,42.68,0,4,7,4,3,29,0.4,1,0
CHEMBL3417310,0.7608939,15.481152,O=c1ccc2ccc(OCCCCN3CCN(CCNc4c5c(nc6ccccc46)CCCC5)CC3)cc2o1,IC50,3,multi-target,0,526.6810000000004,5.108700000000005,70.84,1,7,10,6,4,39,0.4375,2,0
CHEMBL3417303,0.7741253,15.486507,O=c1ccc2ccc(OCCCCCCN3CCN(CCCNc4c5c(nc6ccccc46)CCCC5)CC3)cc2o1,IC50,4,multi-target,0,568.7620000000003,6.279000000000007,70.84,1,7,13,6,4,42,0.4857142857142857,2,0
CHEMBL3818301,10.478349,4.796622,CC(=O)Oc1ccc2cc(-c3ccsc3)c(=O)oc2c1OC(C)=O,Ki,2,multi-target,0,344.34400000000016,3.3721000000000023,82.81,0,7,3,3,3,24,0.1176470588235294,0,1
CHEMBL575731,2.5831254,0.69443375,C[C@H](Nc1cc(=O)oc2cc(OCc3cccc(Cl)c3)ccc12)C(N)=O,IC50,1,single-target,0,372.8080000000001,3.311100000000001,94.56,2,5,6,3,3,26,0.1578947368421052,0,1
CHEMBL4858470,5.604311,20.811407,CC(C)CSc1cccc(C(=O)Nc2c(O)c3ccc(O)cc3oc2=O)c1,Ki,2,multi-target,0,385.4410000000001,4.204600000000003,99.77,3,6,5,3,3,27,0.2,0,1
CHEMBL4754409,6.5897784,4.2998705,O=c1ccc2cc(O)c(O)c(CN3CCC(O)CC3)c2o1,IC50,1,single-target,0,291.30300000000005,1.1609,94.14,3,6,2,3,2,21,0.4,0,1
CHEMBL3906398,3.6746335,3.4315264,Cc1cc(=O)oc2cc(NC(=O)[C@@H]3CCCN3C(=O)[C@H](CC(N)=O)NC(=O)[C@@H]3CCC(=O)N3)ccc12,Ki,2,multi-target,0,497.50800000000027,-0.3302799999999972,180.91,4,7,7,4,2,36,0.4166666666666667,0,1
CHEMBL4572797,4.599903,-0.95591575,Cc1cc(=O)oc2cc(OC/C=C/CCn3cnc4c(N5CCCC5)ncnc43)ccc12,IC50,1,single-target,0,431.49600000000027,3.866620000000003,86.28,0,8,7,5,4,32,0.3333333333333333,0,1
CHEMBL266091,14.387255,18.33761,CCCc1cc(=O)oc2c3c(c4c(c12)OC(C)(C)C=C4)OC[C@H](C)[C@@H]3O,EC50,1,single-target,0,356.41800000000006,3.991600000000004,68.9,1,5,2,4,2,26,0.4761904761904761,0,1
CHEMBL1337694,13.163681,1.2190045,CCN(c1ccc(NC(=O)COC(=O)c2cc3ccccc3oc2=O)cc1)C(C)C,IC50,1,single-target,0,408.4540000000001,3.8232000000000026,88.85,1,6,7,3,3,30,0.2608695652173913,0,1
CHEMBL5632713,11.962561,1.2278414,COc1cc2cc(C(=O)Oc3ccc4cc(C(=N)N)ccc4c3)c(=O)oc2cc1OC,Ki,5,multi-target,1,418.4050000000002,3.466670000000001,124.84,2,7,5,4,4,31,0.0869565217391304,0,1
CHEMBL4066109,12.254553,3.2053647,N#Cc1cc2cc(Br)cc([N+](=O)[O-])c2oc1=O,EC50,1,single-target,0,295.04800000000006,2.3353800000000007,97.14,0,5,1,2,2,17,0.0,0,1
CHEMBL307341,7.2759056,0.8385329,CC(C)=CCC/C(C)=C/COc1ccc2ccc(=O)oc2c1,IC50,3,multi-target,0,298.38200000000006,4.864500000000005,39.44,0,3,6,2,2,22,0.3157894736842105,0,1
CHEMBL1630088,11.745982,-0.7270978,Cc1ccc2oc(=O)c(CC(CCc3ccc(OCCN(C)C)cc3)C(=O)NO)cc2c1,IC50,1,single-target,0,438.52400000000017,3.338720000000001,92.01,2,6,10,3,3,32,0.36,0,1
CHEMBL4102176,11.135816,-8.897305,CN(CCCNc1cc(=O)oc2ccccc12)C(=O)C(C)(C)C,IC50,1,single-target,0,316.4010000000001,3.0995000000000017,62.55,1,4,5,2,2,23,0.4444444444444444,0,1
CHEMBL1214023,15.295167,-0.76886064,COc1cccc(-c2csc(N/N=C(\C)c3cc4ccccc4oc3=O)n2)c1,IC50,2,multi-target,0,391.4520000000001,4.761200000000004,76.72,1,7,5,4,4,28,0.0952380952380952,0,1
CHEMBL4072918,6.4660044,6.119995,C=Cc1cc(OC)c2c(c1)c(=O)oc1c2cc(OC)c2c(O)ccc([C@@H]3O[C@H](C)[C@H](O)[C@@](C)(O)[C@H]3O)c21,IC50,1,single-target,0,508.5230000000002,3.3978000000000037,138.82000000000002,4,9,4,5,4,37,0.3214285714285714,1,0
CHEMBL4166530,7.616777,14.634848,CN(C)CCOc1ccc(Nc2c(-c3ccc(F)cc3)c(=O)oc3cc(O)ccc23)cc1,IC50,1,single-target,0,434.46700000000016,4.988700000000004,74.94,2,6,7,4,4,32,0.16,0,1
CHEMBL4169362,5.804853,3.7595656,Cc1ccc(-c2cc(=O)oc3c(C)c(O)ccc23)cc1,Ki,2,multi-target,0,266.296,3.782440000000002,50.44,1,3,1,3,3,20,0.1176470588235294,0,1
CHEMBL4281741,12.86073,9.424306,Cc1cc(OCCCCN2CCN(c3ccncc3)CC2)c2c(C)cc(=O)oc2c1,Ki,1,single-target,0,407.5140000000002,3.7860400000000025,58.81,0,6,7,4,3,30,0.4166666666666667,0,1
CHEMBL4207990,3.9702911,-2.7127035,CC(=O)c1c(OCCCN2CCN(c3ccccc3C(F)(F)F)CC2)ccc2c(C)cc(=O)oc12,Ki,2,multi-target,0,488.50600000000026,4.9139200000000045,62.99,0,6,7,4,3,35,0.3846153846153846,0,1
CHEMBL3094037,2.5033216,1.0406927,O=c1cc(CO)c2ccc(OCc3cccc(Cl)c3)cc2o1,IC50,2,multi-target,0,316.74000000000007,3.5177000000000023,59.67,1,4,4,3,3,22,0.1176470588235294,0,1
CHEMBL4284002,12.973455,9.52955,CC(=O)c1c(C)cc2oc(=O)cc(C)c2c1OCCCCN1CCN(c2ccc(Cl)cc2)CC1,Ki,2,multi-target,0,483.00800000000027,5.2470400000000055,62.99000000000001,0,6,8,4,3,34,0.4074074074074074,1,0
CHEMBL4859675,11.853329,3.0631928,O=C(O)c1cc2cc(-c3cccc(F)c3)c(O)cc2oc1=O,IC50,1,single-target,0,300.2410000000001,3.002900000000001,87.74000000000001,2,4,2,3,3,22,0.0,0,1
CHEMBL4875041,11.8211155,3.100041,O=C(O)c1cc2cc(-c3ccccc3)c(O)cc2oc1=O,IC50,1,single-target,0,282.25100000000003,2.863800000000001,87.74000000000001,2,4,2,3,3,21,0.0,0,1
CHEMBL4875771,11.851192,3.0824451,O=C(O)c1cc2cc(-c3ccccc3F)c(O)cc2oc1=O,IC50,1,single-target,0,300.2410000000001,3.002900000000001,87.74000000000001,2,4,2,3,3,22,0.0,0,1
CHEMBL4455973,5.892133,-0.122344114,O=c1cc(OCCCN2CCN(c3ccc(F)cc3)CC2)c2ccccc2o1,IC50,1,single-target,0,382.4350000000002,3.523200000000002,45.92,0,5,6,4,3,28,0.3181818181818182,0,1
CHEMBL4554663,11.355219,-8.706838,N#Cc1ccc2ccnc(N3CCN(CCCNc4cc(=O)oc5ccccc45)CC3)c2c1,IC50,4,multi-target,0,439.5190000000002,3.837080000000002,85.4,1,7,6,5,4,33,0.2692307692307692,0,1
CHEMBL4465730,6.641688,7.3969197,O=C(c1ccccc1)c1ccc2c(c1)N=CCC(c1c(O)c3c(=O)oc4ccccc4c3oc1=O)=N2,IC50,2,multi-target,0,476.4440000000002,5.062800000000005,122.43999999999998,1,8,3,6,5,36,0.0357142857142857,1,0
CHEMBL3735752,11.180383,5.229435,Cc1ccc2oc(=O)c(-c3cccc(OC(=O)c4ccccc4)c3)cc2c1,IC50,2,multi-target,0,356.37700000000007,4.987620000000003,56.51,0,4,3,4,4,27,0.0434782608695652,0,1
CHEMBL4103143,12.316023,3.3878834,COc1c(Br)cc2cc(-c3nnn[nH]3)c(=O)oc2c1Br,EC50,1,single-target,0,402.0020000000001,2.5066999999999995,93.9,1,6,2,3,3,20,0.0909090909090909,0,1
CHEMBL4167973,4.657505,-0.60123706,Cc1cc(=O)oc2cc(OCCSC(=S)N3CCN(C(C)C)CC3)ccc12,IC50,1,single-target,0,406.5730000000002,3.524320000000002,45.92,0,6,5,3,2,27,0.5,0,1
CHEMBL4543278,10.4909115,4.841557,CC(=O)Oc1ccc(-c2cc3ccc(OC(C)=O)c(OC(C)=O)c3oc2=O)cc1,Ki,1,single-target,0,396.35100000000017,3.235900000000001,109.11,0,8,4,3,3,29,0.1428571428571428,0,1
CHEMBL4166121,7.6197295,14.628279,O=c1oc2cc(O)ccc2c(Nc2ccc(OCCN3CCCC3)cc2)c1-c1ccc(F)cc1,IC50,1,single-target,0,460.5050000000002,5.522900000000004,74.94,2,6,7,5,4,34,0.2222222222222222,1,0
CHEMBL4069891,22.386972,-4.767729,NS(=O)(=O)c1ccc(-n2nc(C(=O)OCCOc3ccc4ccc(=O)oc4c3)cc2-c2cccc(Cl)c2)cc1,IC50,3,multi-target,0,565.9910000000002,4.182300000000003,143.72000000000003,1,9,8,5,5,39,0.074074074074074,1,0
CHEMBL5076873,4.5369997,1.532512,O=c1cc(C(F)(F)F)c2ccc(OCc3ccccc3Cl)cc2o1,IC50,1,single-target,0,354.71100000000007,5.044200000000003,39.44,0,3,3,3,3,24,0.1176470588235294,1,0
CHEMBL4081238,12.322623,2.939722,O=C(O)c1cc2cc(Br)c(O)c(Br)c2oc1=O,EC50,1,single-target,0,363.9450000000001,2.7218000000000004,87.74000000000001,2,4,1,2,2,17,0.0,0,1
CHEMBL3924170,13.548394,0.939636,COc1cnc(NS(=O)(=O)c2ccc(N/C=C\C(=O)c3cc4ccccc4oc3=O)cc2)nc1,IC50,1,single-target,0,478.4860000000002,3.2009000000000016,140.49,2,9,8,4,4,34,0.0434782608695652,0,1
CHEMBL4569403,11.352973,-8.709158,COc1ccc2ccnc(N3CCN(CCCNc4cc(=O)oc5ccccc45)CC3)c2c1,IC50,4,multi-target,0,444.5350000000002,3.974000000000003,70.84,1,7,7,5,4,33,0.3076923076923077,0,1
CHEMBL4533152,11.3649845,-8.702056,O=c1cc(NCC(O)CN2CCN(c3nccc4ncccc34)CC2)c2cc(F)ccc2o1,IC50,4,multi-target,0,449.4860000000002,2.470300000000001,94.73,2,8,6,5,4,33,0.2916666666666667,0,1
CHEMBL4574863,11.384118,-8.684767,COc1ccc2cc(F)nc(N3CCN(CC(O)CNc4cc(=O)oc5ccc(F)cc45)CC3)c2c1,IC50,2,multi-target,0,496.5140000000003,3.2230000000000016,91.07,2,8,7,5,4,36,0.3076923076923077,0,1
CHEMBL589155,4.6219664,3.712793,O=c1cc(CSc2nncs2)c2ccc(O)cc2o1,IC50,1,single-target,0,292.34100000000007,2.642400000000001,76.22,1,7,3,3,3,19,0.0833333333333333,0,1
CHEMBL3427502,6.1317024,11.535435,Cc1cc(F)ccc1-c1c(Cc2ccc(/C=C/C(=O)O)cc2)c2ccc(N)cc2oc1=O,IC50,1,single-target,0,429.4470000000002,5.178320000000006,93.53,2,4,5,4,4,32,0.0769230769230769,1,0
CHEMBL3928452,1.792837,4.866116,CC1(C)[C@H]2CC=C(COc3ccc4c5c(c(=O)oc4c3)CCC5)[C@@H]1C2,IC50,1,single-target,0,336.4310000000001,4.652900000000005,39.44,0,3,3,6,2,25,0.5,0,1
CHEMBL2207073,4.0457687,3.9613118,CCN(CC)c1ccc2c(C3CC(=O)C4=C(C3)OC(N)=C(C#N)C4C)cc(=O)oc2c1,IC50,1,single-target,0,419.4810000000001,3.699980000000002,109.56,1,7,4,4,2,31,0.375,0,1
CHEMBL4090150,2.105908,3.3082983,Cc1c(C#N)c(=O)oc2cc(OCc3ccccc3Br)ccc12,IC50,1,single-target,0,370.20200000000006,4.314600000000002,63.23,0,4,3,3,3,23,0.1111111111111111,0,1
CHEMBL4524928,5.8997884,-8.476806,O=Cc1c(O)ccc2c3c(c(=O)oc12)CNCC3,Kd,1,single-target,0,245.23399999999992,0.9568,79.53999999999999,2,5,1,3,2,18,0.2307692307692307,0,1
CHEMBL3823115,23.625154,3.1916053,NS(=O)(=O)c1ccc(-n2nc(C(=O)N/N=C/c3c(Cl)c4ccccc4oc3=O)cc2-c2ccc(C(F)(F)F)cc2)cc1,IC50,2,multi-target,0,615.9770000000003,4.729200000000003,149.65,2,8,6,5,5,42,0.037037037037037,1,0
CHEMBL4452834,10.452594,4.6913824,CC(=O)Oc1cccc2cc(-c3ccccc3)c(=O)oc12,Ki,3,multi-target,0,280.27900000000005,3.385300000000002,56.510000000000005,0,4,2,3,3,21,0.0588235294117647,0,1
CHEMBL4472996,1.3835483,4.411176,O=c1oc2cc(O)cc(O)c2c2ccccc12,Kd,1,single-target,0,228.203,2.3573999999999997,70.67,2,4,0,3,3,17,0.0,0,1
CHEMBL3116093,7.2138824,1.3668439,C/C(=C\COc1c2c(cc3oc(=O)ccc13)OCO2)CO,IC50,1,single-target,0,290.271,1.8391,78.13000000000001,1,6,4,3,2,21,0.2666666666666666,0,1
CHEMBL3967563,1.624818,-1.4217864,COc1ccc(OCCCOc2c3ccoc3cc3oc(=O)ccc23)cc1,EC50,1,single-target,0,366.3690000000001,4.395700000000004,71.03999999999999,0,6,7,4,4,27,0.1904761904761904,0,1
CHEMBL198873,0.15173006,10.646247,CC(C)CC(=O)c1c(O)cc(O)c2c(-c3ccccc3)cc(=O)oc12,IC50,1,single-target,0,338.3590000000001,4.100000000000003,87.74,2,5,4,3,3,25,0.2,0,1
CHEMBL4591567,4.297687,10.826172,Cc1cc(C)c(S(=O)(=O)n2cc3c(=O)oc4ccccc4c3n2)c(C)c1,IC50,4,multi-target,0,368.4140000000001,3.304960000000002,82.17,0,6,2,4,4,26,0.1578947368421052,0,1
CHEMBL3959577,5.6946254,4.227643,Cc1cc(=O)oc2c3c(ccc12)O[C@H](c1cc(F)c(F)cc1F)[C@@H](N)C3,IC50,1,single-target,0,361.3190000000001,3.5222200000000017,65.46,1,4,1,4,3,26,0.2105263157894736,0,1
CHEMBL4851364,2.7164104,21.386553,CO[C@@H]1[C@@H](OC(N)=O)[C@@H](O)[C@H](Oc2ccc3c(O)c(NC(=O)c4ccc(O)c(CCC(C)C)c4)c(=O)oc3c2C)OC1(C)C,IC50,2,multi-target,0,614.6480000000001,3.707020000000002,200.01,5,11,9,4,3,44,0.4516129032258064,2,0
CHEMBL4526400,5.77696,-9.438249,CN(C)CCOc1ccc2c3c(c(=O)oc2c1)CN(C(=O)c1ccc(C(=O)O)cc1)CC3,IC50,1,single-target,0,436.46400000000017,2.6301000000000005,100.29,1,6,6,4,3,32,0.2916666666666667,0,1
CHEMBL4228747,11.480105,4.2222404,Cc1cc2cc(OC3C[C@H]4CC[C@@H](C3)N4)ccc2oc1=O,IC50,3,multi-target,0,285.343,2.7632200000000005,51.47,1,4,2,4,2,21,0.4705882352941176,0,1
CHEMBL4168142,3.5929601,6.500145,Cc1ccc(-c2coc3cc4oc(=O)c(CC(=O)Nc5ccc(S(N)(=O)=O)cc5)c(C)c4cc23)cc1,Ki,4,multi-target,0,502.5480000000002,4.651640000000003,132.61,2,6,5,5,5,36,0.1111111111111111,1,0
CHEMBL4741886,-3.998227,-0.50709325,COc1ccc(S(=O)(=O)N(CC(C)C)C[C@@H](O)[C@H](Cc2ccccc2)NCc2cc(=O)oc3cc(O)ccc23)cc1,IC50,1,single-target,0,580.7030000000003,3.9159000000000015,129.31,3,8,13,4,4,41,0.3225806451612903,1,0
CHEMBL4757760,-4.0045776,-0.51435274,CC(C)CN(C[C@@H](O)[C@H](Cc1ccccc1)NC(=O)Cc1cc(=O)oc2cc(N(C)C)ccc12)S(=O)(=O)c1ccc([N+](=O)[O-])cc1,IC50,1,single-target,0,650.7540000000002,3.745000000000002,163.3,2,9,14,4,4,46,0.3333333333333333,1,0
CHEMBL5595836,2.2268517,1.6816844,CN(Cc1ccc(COc2ccc3c(CO)cc(=O)oc3c2)cc1)Cc1ncc[nH]1,IC50,2,multi-target,0,405.4540000000001,3.219400000000001,91.59,2,6,8,4,4,30,0.217391304347826,0,1
CHEMBL5573115,2.221906,1.665816,CN(CCc1cccnc1)Cc1ccc(COc2ccc3c(CO)cc(=O)oc3c2)cc1,IC50,4,multi-target,0,430.5040000000002,3.9338000000000033,75.80000000000001,1,6,9,4,4,32,0.2307692307692307,0,1
CHEMBL3263999,11.381151,14.264988,CNS(=O)(=O)Nc1nccc(Cc2c(C)c3ccc(Oc4ccccc4)cc3oc2=O)c1F,IC50,2,multi-target,0,469.4940000000002,3.894720000000003,110.53,2,6,7,4,4,33,0.1304347826086956,0,1
CHEMBL4847717,5.620916,20.793356,C=CCOc1cccc(C(=O)Nc2c(O)c3ccc(O)cc3oc2=O)c1,Ki,2,multi-target,0,353.3300000000001,3.0213,109.0,3,6,5,3,3,26,0.0526315789473684,0,1
CHEMBL4160812,-1.6012691,3.8865185,Cc1nn(-c2ccccc2C(=O)O)c2c1c(=O)oc1ccccc12,Ki,2,multi-target,0,320.304,3.138520000000001,85.33,1,5,2,4,4,24,0.0555555555555555,0,1
CHEMBL4860266,10.838899,3.6488683,NS(=O)(=O)c1cc2cc(O)ccc2oc1=O,Ki,4,multi-target,0,241.224,0.1460000000000004,110.6,2,5,1,2,2,16,0.0,0,1
CHEMBL4794885,4.218125,5.420795,Cc1c(O[C@@H]2O[C@H](CO)[C@@H](O)[C@H](O)[C@H]2O)ccc2c3c(c(=O)oc12)CCCCC3,Kd,1,single-target,0,406.4310000000004,0.5490199999999994,129.59000000000003,4,8,3,4,2,29,0.5714285714285714,0,1
CHEMBL5567187,12.983821,5.747145,Cc1ccc(C(=O)NNc2nc(-c3cc4ccccc4oc3=O)cs2)cc1,Ki,2,multi-target,0,377.4250000000001,3.9818200000000026,84.22999999999999,2,6,4,4,4,27,0.05,0,1
CHEMBL5562309,13.309227,11.631634,CC(=O)OC[C@H]1O[C@@H](N(C(C)=O)C2=NN(C(C)=O)C(c3cc(=O)oc4cc(OCCC(C)C)ccc34)S2)[C@H](OC(C)=O)[C@@H](OC(C)=O)[C@@H]1OC(C)=O,IC50,2,multi-target,0,747.7760000000003,3.0144,206.84999999999997,0,16,11,4,2,52,0.5294117647058824,2,0
CHEMBL4104739,12.905473,-7.108233,COc1ccc(C2C(C#N)=C(NC(=O)CN3CCOCC3)Oc3c2c(=O)oc2ccccc32)cc1,IC50,2,multi-target,0,473.4850000000002,2.509480000000001,114.03000000000002,1,8,5,5,3,35,0.2692307692307692,0,1
CHEMBL4067112,12.8873415,-7.117618,COc1ccc(C2C(C#N)=C(NC(=O)CN3CCOCC3)Oc3c2c(=O)oc2ccccc32)cc1OC,IC50,2,multi-target,0,503.5110000000003,2.5180800000000003,123.26000000000002,1,9,6,5,3,37,0.2962962962962963,1,0
CHEMBL4585210,11.353959,-8.695373,CN(CCCN1CCN(c2nccc3ccccc23)CC1)c1cc(=O)oc2ccccc12,IC50,3,multi-target,0,428.5360000000003,3.9897000000000022,52.82,0,6,6,5,4,32,0.3076923076923077,0,1
CHEMBL5889778,6.075883,3.1117125,COc1cccc(-c2cc(=O)oc3c(C)c4occ(C)c4cc23)c1,IC50,1,single-target,0,320.344,4.831640000000004,52.58,0,4,2,4,4,24,0.15,0,1
CHEMBL2381385,11.898275,2.3204901,COc1ccc2cc(C(=O)CN3CCOCC3)c(=O)oc2c1,IC50,1,single-target,0,303.314,1.3165,68.97999999999999,0,6,4,3,2,22,0.375,0,1
CHEMBL5632243,11.955893,1.2071652,N=C(N)c1ccc2cc(OC(=O)c3cc4cc(Br)ccc4oc3=O)ccc2c1,Ki,1,single-target,0,437.2490000000001,4.211970000000002,106.38000000000002,2,5,3,4,4,28,0.0,0,1
CHEMBL5943744,6.136487,3.3316662,Cc1c(-c2ccccc2)c2cc3c(C)noc3c(C)c2oc1=O,IC50,1,single-target,0,305.333,4.526460000000004,56.24,0,4,1,4,4,23,0.1578947368421052,0,1
CHEMBL4778575,3.8075988,6.726616,Cc1ccc2c(C)c(CC(=O)Nc3ccc(Cn4cncn4)cc3)c(=O)oc2c1,IC50,1,single-target,0,388.4270000000001,3.230840000000001,90.02,1,6,5,4,4,29,0.1818181818181818,0,1
CHEMBL4280515,6.796628,7.9830737,COc1cccc(/C=C/C(=O)c2c(O)c3cc(C)c(C)cc3oc2=O)c1,IC50,1,single-target,0,350.37000000000006,4.020140000000003,76.74000000000001,1,5,4,3,3,26,0.1428571428571428,0,1
CHEMBL5202541,20.286913,-7.2728033,COc1cc(/C=C/c2cc(=O)oc3c2ccc2oc(-c4cccc(F)c4)cc23)cc(OC)c1,IC50,4,multi-target,0,442.4420000000001,6.532900000000005,61.81,0,5,5,5,5,33,0.074074074074074,1,0
CHEMBL5196941,20.286911,-7.2728257,COc1cc(/C=C/c2cc(=O)oc3c2ccc2oc(-c4ccc(F)cc4)cc23)cc(OC)c1,IC50,4,multi-target,0,442.4420000000001,6.532900000000005,61.81,0,5,5,5,5,33,0.074074074074074,1,0
CHEMBL5094528,4.634239,1.4493656,O=c1cc(C(F)(F)F)c2ccc(OCc3ccc4c(c3)OCO4)cc2o1,IC50,1,single-target,0,364.27500000000015,4.119500000000002,57.900000000000006,0,5,3,4,3,26,0.1666666666666666,0,1
CHEMBL3410726,13.284527,2.639217,CCCCOc1c(OC)ccc2cc(C(=O)NC(C)C(C)C)c(=O)oc12,IC50,1,single-target,0,361.43800000000016,3.754800000000002,77.77,1,5,8,2,2,26,0.5,0,1
CHEMBL4750435,15.95599,4.196119,COc1ccc(-n2cc(-c3ccc4ccc(=O)oc4c3)c3cc(-c4ccc(C(=O)O)cc4)cnc32)cc1,IC50,9,multi-target,1,488.4990000000002,6.172700000000004,94.56,1,6,5,6,6,37,0.0333333333333333,1,0
CHEMBL3354138,3.5436869,3.5040932,Cc1ccc(S(=O)(=O)NC(=O)Nc2ccc3c(C)cc(=O)oc3c2)cc1,Ki,2,multi-target,0,372.40200000000016,2.920240000000001,105.48,2,5,3,3,3,26,0.1111111111111111,0,1
CHEMBL4869539,12.000014,2.962657,O=C(O)c1cc2c(oc1=O)c(-c1cccc(F)c1)cc1cc(C(=O)O)c(=O)oc12,IC50,1,single-target,0,396.28200000000015,3.101900000000001,135.01999999999998,2,6,3,4,4,29,0.0,0,1
CHEMBL5218843,23.462503,-6.6673183,COc1cc(C(=O)OCCCCCN(CCCOC(=O)c2c3ccccc3cc3ccccc23)CCCOc2ccc3ccc(=O)oc3c2)cc(OC)c1OC,Ki,2,multi-target,0,761.868,8.470500000000007,122.97,0,11,20,6,6,56,0.3111111111111111,3,0
CHEMBL4756123,16.443947,4.7481236,O=c1cc(OCCCCn2cc(Cn3nnc4ccccc43)nn2)c2ccccc2o1,IC50,1,single-target,0,416.44100000000014,3.036700000000001,100.86,0,9,8,5,5,31,0.2272727272727272,0,1
CHEMBL5396287,5.6086645,4.683668,Cc1cc(=O)oc2c(NC(=O)c3ccccc3)c(O)ccc12,IC50,2,multi-target,0,295.29400000000004,3.0593200000000014,79.54,2,4,2,3,3,22,0.0588235294117647,0,1
CHEMBL4468039,4.1523995,11.016921,O=c1oc2ccccc2c2nn(CN3CCN(S(=O)(=O)c4ccc(Cl)c([N+](=O)[O-])c4)CC3)cc12,IC50,5,multi-target,1,503.92400000000026,2.668300000000001,131.79000000000002,0,9,5,5,4,34,0.238095238095238,1,0
CHEMBL4465087,0.096030734,4.695637,Cc1c(Cc2nsc(=O)o2)c(=O)oc2cc3occ(-c4ccccc4)c3cc12,IC50,1,single-target,0,391.4040000000001,4.515120000000003,86.45,0,7,3,5,5,28,0.0952380952380952,0,1
CHEMBL3764609,5.9861193,-1.3069053,Cc1c(C)c2ccc(OCCNC3CCN(Cc4ccccc4)CC3)cc2oc1=O,IC50,5,multi-target,1,406.5260000000001,4.042840000000004,54.71,1,5,7,4,3,30,0.4,0,1
CHEMBL4871933,13.242793,1.1436405,O=C(Nc1ccc(S(=O)(=O)Nc2ccccc2)cc1)c1cc2ccccc2oc1=O,EC50,1,single-target,0,420.4460000000002,3.8461000000000025,105.48,2,5,5,4,4,30,0.0,0,1
CHEMBL6019302,14.843349,2.4260786,CCCCNC(=O)c1cn([C@@H]2C(O)[C@H](SC3O[C@H](CO)C(O)C(OCc4cc5c(F)c(F)ccc5oc4=O)[C@H]3O)OC(CO)[C@@H]2O)nn1,Kd,2,multi-target,0,702.6860000000003,-1.0696999999999983,239.09,7,16,12,5,3,48,0.5862068965517241,3,0
CHEMBL508793,12.923033,1.0213064,COc1cc(NC(=O)c2cc3ccccc3oc2=O)cc(OC)c1,IC50,2,multi-target,0,325.3200000000001,3.0625000000000018,77.77,1,5,4,3,3,24,0.1111111111111111,0,1
CHEMBL5404461,7.0163198,8.822168,CC(c1ccccc1)c1c(O)c2ccccc2oc1=O,IC50,1,single-target,0,266.296,3.650400000000003,50.440000000000005,1,3,2,3,3,20,0.1176470588235294,0,1
CHEMBL470420,12.93287,0.991353,COc1ccc(NC(=O)c2cc3ccccc3oc2=O)cc1,IC50,1,single-target,0,295.29400000000004,3.0539000000000014,68.53999999999999,1,4,3,3,3,22,0.0588235294117647,0,1
CHEMBL3822753,23.638565,3.2051656,NS(=O)(=O)c1ccc(-n2nc(C(=O)N/N=C/c3c(Cl)c4ccccc4oc3=O)cc2-c2ccccc2)cc1,IC50,1,single-target,0,547.9800000000002,3.710400000000004,149.65,2,8,6,5,5,38,0.0,1,0
CHEMBL2381386,11.934222,2.3679118,COc1ccc2cc(C(=O)CN3CCC(Cc4ccccc4)CC3)c(=O)oc2c1,IC50,1,single-target,0,391.46700000000016,3.9390000000000023,59.75,0,5,6,4,3,29,0.3333333333333333,0,1
CHEMBL2387531,-1.4461677,5.9608107,CCCCCc1cc(OC)c2cc(Cc3ccc(F)cc3)c(=O)oc2c1,IC50,1,single-target,0,354.4210000000001,5.264200000000005,39.44,0,3,7,3,3,26,0.3181818181818182,1,0
CHEMBL3747234,-6.635268,8.49913,Cc1cc(=O)oc2c1ccc1oc(=N)c(C(=O)NCc3ccccc3)cc12,IC50,1,single-target,0,360.3690000000001,3.2570900000000016,96.3,2,5,3,4,4,27,0.0952380952380952,0,1
CHEMBL2381403,11.904757,2.3322988,COc1ccc2cc(C(=O)CN3CCN(c4ccccc4)CC3)c(=O)oc2c1,IC50,1,single-target,0,378.42800000000017,2.8065000000000007,62.99,0,6,5,4,3,28,0.2727272727272727,0,1
CHEMBL3427410,6.1453176,11.549248,Cc1cc(F)ccc1-c1c(Cc2ccc(/C=C/C(=O)O)cc2)c2ccc(CO)cc2oc1=O,IC50,1,single-target,0,444.4580000000002,5.088420000000006,87.74000000000001,2,4,6,4,4,33,0.1111111111111111,1,0
CHEMBL2178431,3.116541,2.5256262,Cc1cc(=O)oc2cc(OCC(=O)NNC(=S)Nc3ccc(Cl)cc3)ccc12,Ki,1,single-target,0,417.8740000000001,3.1514200000000008,92.6,3,5,4,3,3,28,0.1052631578947368,0,1
CHEMBL2178430,2.2574236,2.573567,Cc1c(C)c2ccc(OCc3nnc(SCCN4CCOCC4)s3)cc2oc1=O,Ki,1,single-target,0,433.5550000000002,3.2646400000000018,77.69,0,9,7,4,3,29,0.45,0,1
CHEMBL600114,4.552889,3.328452,CCc1cc(=O)oc2cc(O)ccc12,IC50,1,single-target,0,190.198,2.061,50.44,1,3,1,2,2,14,0.1818181818181818,0,1
CHEMBL3394530,2.8904207,4.8335943,Cc1c(C)c2ccc(/N=C/c3ccccc3O)cc2oc1=O,IC50,1,single-target,0,293.32200000000006,3.8660400000000026,62.8,1,4,2,3,3,22,0.1111111111111111,0,1
CHEMBL2408073,24.283146,4.3932385,Cc1ccc2oc(=O)c(/C=N/c3ccc(S(=O)(=O)Nc4nccc(C)n4)cc3)c(Cl)c2c1,IC50,2,multi-target,0,468.9220000000002,4.404640000000003,114.52,1,7,5,4,4,32,0.0909090909090909,0,1
CHEMBL4451075,17.840313,12.86496,O=C(CCCCC1CCSS1)NCc1cn(CCCCOc2ccc(-c3cc4c(ccc5ccccc54)oc3=O)cc2)nn1,IC50,2,multi-target,0,628.8200000000003,7.394200000000008,99.25,1,9,14,6,5,44,0.3529411764705882,2,0
CHEMBL2178439,2.2864275,2.5445776,CCN(CC)CCSc1nnc(COc2ccc3c(C)cc(=O)oc3c2)n1-c1ccc(Cl)cc1,Ki,1,single-target,0,499.0360000000003,5.348420000000005,73.39000000000001,0,8,10,4,4,34,0.32,1,0
CHEMBL4539578,2.474,1.5142125,CN(C)Cc1cccc(COc2ccc3c(CO)cc(=O)oc3c2)c1,IC50,2,multi-target,0,339.391,2.9259000000000013,62.91,1,5,6,3,3,25,0.25,0,1
CHEMBL4443954,11.323708,5.0687003,Cc1ccc2oc(=O)c(-c3nc4cnccc4[nH]3)cc2c1,IC50,1,single-target,0,277.2830000000001,3.039720000000001,71.78,1,4,1,4,4,21,0.0625,0,1
CHEMBL3623668,15.972833,4.216102,O=c1ccc2ccc(OCc3cn(-c4ccc(F)cc4)nn3)cc2o1,Ki,3,multi-target,0,337.31000000000006,3.091800000000001,70.15,0,6,4,4,4,25,0.0555555555555555,0,1
CHEMBL1688893,8.916036,11.162447,Cc1cccc(COc2ccc3c(Cn4ccnc4)cc(=O)oc3c2)c1,IC50,3,multi-target,0,346.38600000000014,3.925220000000003,57.260000000000005,0,5,5,4,4,26,0.1428571428571428,0,1
CHEMBL1416638,3.2919135,2.476072,COc1ccc(NC(=O)COc2ccc3c(C)cc(=O)oc3c2)cc1S(=O)(=O)N1CCCCC1,IC50,1,single-target,0,486.5460000000004,3.302120000000002,115.15,1,7,7,4,3,34,0.3333333333333333,0,1
CHEMBL4761249,8.803582,-0.20474559,COc1ccc(/C=C/C(=O)Nc2ccc3oc(=O)ccc3c2)c(F)c1,Ki,2,multi-target,0,339.322,3.592600000000002,68.53999999999999,1,4,4,3,3,25,0.0526315789473684,0,1
CHEMBL313167,6.4011555,8.594312,O=c1oc2ccccc2c(O)c1CCCOCc1ccccc1,IC50,1,single-target,0,310.34899999999993,3.6480000000000015,59.67,1,4,6,3,3,23,0.2105263157894736,0,1
CHEMBL5873375,6.059647,3.3754246,Cc1csc2c(C)c3oc(=O)cc(-c4ccccc4)c3cc12,IC50,1,single-target,0,306.386,5.291540000000004,30.21,0,3,1,4,4,22,0.1052631578947368,1,0
CHEMBL155103,11.756204,1.9350563,CCOC(=O)c1cc2ccc(O)cc2oc1=O,Ki,2,multi-target,0,234.207,1.6752999999999998,76.74000000000001,1,5,2,2,2,17,0.1666666666666666,0,1
CHEMBL1562444,8.845732,-0.2277095,COc1cc2ccccc2cc1C(=O)Nc1ccc2oc(=O)ccc2c1,IC50,1,single-target,0,345.3540000000001,4.207100000000002,68.53999999999999,1,4,3,4,4,26,0.0476190476190476,0,1
CHEMBL3360734,11.322794,5.1107717,Cc1ccc2oc(=O)c(-c3cccc(N)c3)cc2c1,IC50,1,single-target,0,251.28500000000005,3.350620000000001,56.23,1,3,1,3,3,19,0.0625,0,1
CHEMBL1610118,13.308155,3.4808834,COc1cccc2cc(NC(=O)C3CCCCC3)c(=O)oc12,AC50,2,multi-target,0,301.342,3.320400000000002,68.53999999999999,1,4,3,3,2,22,0.4117647058823529,0,1
CHEMBL3194001,6.500387,8.215097,COc1ccc(OCCNc2c([N+](=O)[O-])c(=O)oc3ccccc23)cc1,IC50,1,single-target,0,356.33400000000006,3.200700000000001,103.84,1,7,7,3,3,26,0.1666666666666666,0,1
CHEMBL3093999,3.0494342,1.1126626,CCCOc1cc(=O)oc2cc(OCc3cccc(F)c3)ccc12,IC50,1,single-target,0,328.339,4.299900000000003,48.67,0,4,6,3,3,24,0.2105263157894736,0,1
CHEMBL4473613,3.5347874,8.73454,COc1ccc(N2CCN(c3cc(=O)oc4c3ccc3ccccc34)CC2)cc1,IC50,1,single-target,0,386.45100000000014,4.281400000000003,45.92,0,5,3,5,4,29,0.2083333333333333,0,1
CHEMBL241896,7.3884544,0.70777065,C/C(=C\COc1ccc2ccc(=O)oc2c1)C/C=C/C(C)C,IC50,1,single-target,0,298.382,4.720400000000004,39.44,0,3,6,2,2,22,0.3157894736842105,0,1
CHEMBL4464849,2.3436544,6.9592457,Cc1c(CC(=O)O)c(=O)oc2c(C)c(OCc3cccc(I)c3)ccc12,IC50,2,multi-target,0,464.255,4.220540000000003,76.74,1,4,5,3,3,26,0.2,0,1
CHEMBL4645435,15.395439,1.8382822,Cc1c(O)c(=O)ccn1CCNC(=O)c1cc2ccc(OCc3cccc(Cl)c3)cc2oc1=O,IC50,1,single-target,0,480.9040000000002,3.631120000000002,110.77,2,7,7,4,4,34,0.16,0,1
CHEMBL1290111,7.69385,2.481749,CC(=O)c1c(OCc2ccccc2)ccc2ccc(=O)oc12,Ki,2,multi-target,0,294.3060000000001,3.574600000000002,56.510000000000005,0,4,4,3,3,22,0.1111111111111111,0,1
CHEMBL80630,6.9556694,9.117894,COc1ccc2c(O)c(C(c3cccc(NS(=O)(=O)c4ccc(F)cc4)c3)C3CC3)c(=O)oc2c1,Ki,1,single-target,0,495.5280000000003,4.9890000000000025,105.84,2,6,7,5,4,35,0.1923076923076923,0,1
CHEMBL4643633,15.445517,1.8746326,Cc1c(O)c(=O)ccn1CCNC(=O)c1cc2ccc(OCc3ccc(C(C)C)cc3)cc2oc1=O,IC50,1,single-target,0,488.5400000000003,4.101120000000003,110.77,2,7,8,4,4,36,0.25,0,1
CHEMBL2425853,13.382607,-6.90098,COc1ccc(C2c3c(nc4c(c3N)CCCC4)Oc3c2c(=O)oc2ccccc32)cc1,IC50,2,multi-target,0,426.4720000000001,4.943500000000004,87.58,1,6,2,6,4,32,0.2307692307692307,0,1
CHEMBL4632506,15.317175,1.7760086,Cc1cccc2cc(C(=O)NCCn3ccc(=O)c(O)c3C)c(=O)oc12,IC50,1,single-target,0,354.36200000000014,1.7071399999999997,101.54,2,6,4,3,3,26,0.2105263157894736,0,1
CHEMBL4649124,3.2164838,2.4764266,Cc1cc(=O)oc2cc(OCC(=O)Nn3c(=O)[nH]c4ccccc4c3=O)ccc12,IC50,1,single-target,0,393.3550000000001,1.2537199999999995,123.39999999999998,2,7,4,4,4,29,0.1,0,1
CHEMBL4094925,8.443337,-7.7163587,NS(=O)(=O)Oc1ccc2cc(-c3ccc(NC(=O)Cc4ccccc4)cc3)c(=O)oc2c1,IC50,1,single-target,0,450.4720000000002,3.2235000000000014,128.7,2,6,6,4,4,32,0.0434782608695652,0,1
CHEMBL2177802,2.4892602,6.291707,Cc1c(CCC(=O)O)c(=O)oc2c(C)c(OCc3ccc4ccc(Cl)cc4n3)ccc12,IC50,1,single-target,0,437.8790000000001,5.207640000000004,89.63,1,5,6,4,4,31,0.2083333333333333,1,0
CHEMBL367155,3.7543705,3.3481212,Cc1cc(=O)oc2cc(NC(=O)[C@@](C)(O)CSc3ccc(F)cc3)ccc12,Ki,1,single-target,0,387.4320000000001,3.7223200000000016,79.54,2,5,5,3,3,27,0.2,0,1
CHEMBL4079452,5.183496,3.0412986,Cc1cc(=O)oc2cc3c(cc12)CCC(=O)O3,IC50,2,multi-target,0,230.21899999999997,1.9530199999999995,56.510000000000005,0,4,0,3,2,17,0.2307692307692307,0,1
CHEMBL2381384,11.902527,2.3320856,COc1ccc2cc(C(=O)CN3CCN(c4ncccn4)CC3)c(=O)oc2c1,IC50,1,single-target,0,380.40400000000017,1.5965000000000005,88.77,0,8,5,4,3,28,0.3,0,1
CHEMBL2387253,4.378155,-1.5798087,COc1ccccc1N1CCN(CCCCOc2ccc3c(C)cc(=O)oc3c2)CC1,Ki,6,multi-target,1,422.52500000000015,4.091220000000003,55.150000000000006,0,6,8,4,3,31,0.4,0,1
CHEMBL5189977,8.081536,1.588204,C=C(CO)[C@@H]1Cc2cc3ccc(=O)oc3cc2O1,EC50,1,single-target,0,244.246,1.6449999999999998,59.67,1,4,2,3,2,18,0.2142857142857142,0,1
CHEMBL3094134,3.3220677,0.8074299,O=c1cc(CN2CCCC2)c2ccc(OCc3cccc(Cl)c3)cc2o1,IC50,1,single-target,0,369.8480000000001,4.621200000000004,42.68000000000001,0,4,5,4,3,26,0.2857142857142857,0,1
CHEMBL1511585,4.2869616,5.3816004,COc1ccc2c3c(c(=O)oc2c1OCC(=O)O)CCCC3,IC50,1,single-target,0,304.2980000000001,2.1438,85.97000000000001,1,5,4,3,2,22,0.375,0,1
CHEMBL496547,8.279642,-0.013574455,COc1ccc2oc(=O)ccc2c1,IC50,1,single-target,0,176.171,1.8016,39.44,0,3,1,2,2,13,0.1,0,1
CHEMBL5435296,6.429467,8.512755,CC(C)=CCC/C(C)=C\CC/C(C)=C\Cc1c(O)c2ccccc2oc1=O,IC50,1,single-target,0,366.5010000000001,6.460300000000007,50.440000000000005,1,3,8,2,2,27,0.375,1,0
CHEMBL4779645,7.535403,2.2473326,COc1ccc2ccc(=O)oc2c1O,IC50,1,single-target,0,192.17,1.5071999999999997,59.67,1,4,1,2,2,14,0.1,0,1
CHEMBL4786147,4.6962395,2.5103407,O=c1cc(C(F)(F)F)c2cc(O)c(O)cc2o1,IC50,1,single-target,0,246.14,2.2230000000000008,70.67,2,4,0,2,2,17,0.1,0,1
CHEMBL1531512,11.2913885,3.137509,CCCCCCc1cc2cc(-c3nnc(-c4ccccc4)o3)c(=O)oc2cc1O,IC50,4,multi-target,0,390.43900000000014,5.338400000000005,89.36,1,6,7,4,4,29,0.2608695652173913,1,0
CHEMBL1323406,5.1674933,9.66128,Nc1c(N2CCN(c3ccccc3)CC2)c2ccccc2oc1=O,IC50,2,multi-target,0,321.3800000000001,2.7018000000000013,62.71,1,5,2,4,3,24,0.2105263157894736,0,1
CHEMBL4851449,-1.0779885,8.303394,CCN(CC)c1ccc2c(C)c(CCN3C(=O)NC4(CCN(C(=O)c5c[nH]cn5)CC4)C3=O)c(=O)oc2c1,EC50,1,single-target,0,520.5900000000004,2.44002,131.85000000000002,2,7,7,5,3,38,0.4444444444444444,1,0
CHEMBL3427387,6.0913496,11.471409,COc1cccc(-c2c(Cc3ccc(/C=C/C(=O)O)cc3)c3ccc(O)cc3oc2=O)c1,IC50,1,single-target,0,428.44000000000017,4.8628000000000045,96.97,2,5,6,4,4,32,0.0769230769230769,0,1
CHEMBL1701673,6.141877,-1.0966283,CCc1cc(=O)oc2cc(C)cc(OC(C)C(=O)NC3CCN(Cc4ccccc4)CC3)c12,IC50,1,single-target,0,448.5630000000002,4.211920000000004,71.77999999999999,1,5,7,4,3,33,0.4074074074074074,0,1
CHEMBL1938473,8.180359,1.2403711,COc1cc2oc(=O)ccc2cc1C(O)CC(C)C,Ki,4,multi-target,0,262.305,2.881100000000001,59.67,1,4,4,2,2,19,0.4,0,1
CHEMBL1518304,11.4814205,4.45687,COc1ccc(-c2cc3ccc(OCc4nn[nH]n4)cc3oc2=O)cc1OC,AC50,3,multi-target,0,380.3600000000002,2.5692999999999997,112.36,1,8,6,4,4,28,0.1578947368421052,0,1
CHEMBL4171674,17.839838,12.864377,CCOC(=O)c1cc2ccc(OCCCCCn3cc(CNC(=O)CCCCC4CCSS4)nn3)cc2oc1=O,IC50,1,single-target,0,588.7520000000003,5.140800000000004,125.55,1,11,16,4,3,40,0.5357142857142857,3,0
CHEMBL4449994,8.87444,-0.50275916,O=c1ccc2cc(S(=O)(=O)Nc3ccc4oc(-c5ccc(NS(=O)(=O)c6ccc(Cl)s6)cc5)nc4c3)ccc2o1,IC50,4,multi-target,0,614.0820000000001,5.917700000000004,148.57999999999998,2,9,7,6,6,40,0.0,2,0
CHEMBL199739,10.907993,4.5767813,O=c1oc2c(O)cc(O)cc2cc1-c1cc(O)cc(O)c1,IC50,1,single-target,0,286.239,2.2824,111.13,4,6,1,3,3,21,0.0,0,1
CHEMBL145503,3.1127372,2.166226,Cc1cc(=O)oc2cc(OCc3cccc([N+](=O)[O-])c3)ccc12,IC50,3,multi-target,0,311.293,3.5886200000000024,82.58,0,5,4,3,3,23,0.1176470588235294,0,1
CHEMBL1349972,3.0917952,5.458467,Cc1oc2cc3oc(=O)c4c(c3cc2c1C)CCC4,IC50,5,multi-target,1,254.2849999999999,3.6447400000000014,43.35,0,3,0,4,3,19,0.3125,0,1
CHEMBL1575721,6.381065,4.666876,Cc1c(O)c(CN2CCCCC2)cc2c3c(c(=O)oc12)CCC3,IC50,1,single-target,0,313.3970000000001,3.281620000000002,53.68,1,4,2,4,2,23,0.5263157894736842,0,1
CHEMBL286017,5.3079996,-1.6543789,CCCc1c(OCC(O)CN2CCN(Cc3ccc(Cl)cc3)CC2)ccc2c(O)c([N+](=O)[O-])c(=O)oc12,Kd,1,single-target,0,531.9930000000003,3.570200000000003,129.51999999999998,2,9,10,4,3,37,0.4230769230769231,1,0
CHEMBL4576627,6.954423,-3.343755,Cc1c(C)c2ccc(OCCC3CCN(CCCO)CC3)cc2oc1=O,IC50,1,single-target,0,359.46600000000007,3.273140000000001,62.91,1,5,7,3,2,26,0.5714285714285714,0,1
CHEMBL513494,7.1517434,1.337352,C/C(=C\COc1c2ccoc2cc2oc(=O)ccc12)CCC(O)C(C)(C)O,Ki,1,single-target,0,372.41700000000014,3.776300000000003,93.04,2,6,7,3,3,27,0.3809523809523809,0,1
CHEMBL4169053,7.605675,14.61946,O=c1oc2cc(O)ccc2c(Oc2ccc(OCCN3CCCCC3)cc2)c1-c1ccc(F)cc1,IC50,1,single-target,0,475.5160000000003,5.961700000000005,72.14,1,6,7,5,4,35,0.25,1,0
CHEMBL1288558,8.161885,1.2779406,COc1cc2oc(=O)ccc2cc1C(C)=O,Ki,2,multi-target,0,218.208,2.0042,56.51,0,4,2,2,2,16,0.1666666666666666,0,1
CHEMBL1688916,8.613316,10.8611555,O=c1cc(C(c2ccccc2)n2ccnc2)c2ccc(Oc3ccc(F)c(F)c3)cc2o1,IC50,1,single-target,0,430.4100000000002,5.697700000000004,57.260000000000005,0,5,5,5,5,32,0.04,1,0
CHEMBL403219,5.566856,7.105773,COc1cccc2c(=O)oc3c(ccc4[nH]c(=O)cc(C(F)(F)F)c43)c12,EC50,1,single-target,0,361.275,3.815100000000002,72.3,1,4,1,4,4,26,0.1111111111111111,0,1
CHEMBL5556414,3.9754617,2.2121804,O=C(Oc1ccc2c(-c3ccccc3)cc(=O)oc2c1)c1ccccc1,Ki,1,single-target,0,342.35,4.679200000000003,56.510000000000005,0,4,3,4,4,26,0.0,0,1
CHEMBL258241,5.588356,7.1494856,Cc1cc(=O)[nH]c2ccc3c4cc(F)ccc4oc(=O)c3c12,IC50,1,single-target,0,295.269,3.2352200000000018,63.07,1,3,0,4,4,22,0.0588235294117647,0,1
CHEMBL1425421,3.4890358,5.134074,Cc1cc(OCc2cc(C(=O)O)oc2C)c2c3c(c(=O)oc2c1)CCCC3,IC50,4,multi-target,0,368.3850000000002,4.158840000000003,89.88000000000001,1,5,4,4,3,27,0.3333333333333333,0,1
CHEMBL3087900,13.721954,3.0899138,O=C(NCCC1CCN(Cc2ccccc2)CC1)c1cc2cc(O)ccc2oc1=O,IC50,2,multi-target,0,406.4820000000002,3.530700000000002,82.78,2,5,6,4,3,30,0.3333333333333333,0,1
CHEMBL3087896,13.693954,3.1172578,O=C(NC1CCN(Cc2ccccc2)CC1)c1cc2ccc(O)cc2oc1=O,IC50,2,multi-target,0,378.42800000000017,2.8930000000000007,82.78,2,5,4,4,3,28,0.2727272727272727,0,1
CHEMBL1611299,6.308718,4.892902,CN(C)Cc1c(O)ccc2c3c(c(=O)oc12)CCCCC3,IC50,1,single-target,0,287.35900000000004,2.8291000000000013,53.68,1,4,2,3,2,21,0.4705882352941176,0,1
CHEMBL3394537,2.9196851,4.90061,O=c1oc2cc(/N=C/c3ccc(O)cc3O)ccc2c2c1CCC2,IC50,1,single-target,0,321.33200000000016,3.443500000000002,83.03,2,5,2,4,3,24,0.1578947368421052,0,1
CHEMBL3394540,3.6091185,3.8571212,Cc1cc(=O)oc2cc(NCc3ccccc3O)ccc12,IC50,2,multi-target,0,281.31100000000004,3.4191200000000013,62.47,2,4,3,3,3,21,0.1176470588235294,0,1
CHEMBL120770,7.1966453,0.50425804,Cc1cc(=O)oc2cc(OC/C=C/C3=CC(=O)C(C)(C)O3)ccc12,IC50,1,single-target,0,326.348,3.2982200000000024,65.74,0,5,4,3,2,24,0.2631578947368421,0,1
CHEMBL4061563,3.55532,2.3489459,COC(=O)C(C)Oc1ccc2c(C)cc(=O)oc2c1,IC50,1,single-target,0,262.261,2.04172,65.74000000000001,0,5,3,2,2,19,0.2857142857142857,0,1
CHEMBL1394845,3.6284823,3.4578626,Cc1cc(=O)oc2cc(NC(=O)c3cc(F)ccc3F)ccc12,IC50,1,single-target,0,315.27500000000003,3.631920000000002,59.31,1,3,2,3,3,23,0.0588235294117647,0,1
CHEMBL1534646,3.5098367,6.43792,Cc1c(CCC(=O)O)c(=O)oc2cc3occ(-c4ccc(F)cc4)c3cc12,AC50,2,multi-target,0,366.3440000000001,4.670920000000003,80.64999999999999,1,4,4,4,4,27,0.1428571428571428,0,1
CHEMBL5396142,6.1998944,-1.8530785,O=c1cc(OCCCNC2CCN(Cc3ccccc3)CC2)c2ccc(-c3cccnc3)cc2o1,IC50,3,multi-target,0,469.58500000000026,4.878100000000004,67.6,1,6,9,5,4,35,0.3103448275862069,0,1
CHEMBL4168780,2.569542,3.473998,COC(=O)Cc1c(C)c2ccc(OCC(=O)c3ccccc3)cc2oc1=O,Ki,2,multi-target,0,366.3690000000001,3.0786200000000017,82.81,0,6,6,3,3,27,0.1904761904761904,0,1
CHEMBL1835231,11.122136,4.897687,COc1ccc(-c2cc3cc(C)ccc3oc2=O)cc1Br,IC50,1,single-target,0,345.192,4.539520000000002,39.44,0,3,2,3,3,21,0.1176470588235294,0,1
CHEMBL1530167,11.905026,5.949039,O=C(O)CCn1cc(C=C2C(=O)NC(=S)NC2=O)c(-c2cc3ccccc3oc2=O)n1,IC50,2,multi-target,0,438.4210000000002,1.0455,143.53000000000003,3,8,5,4,3,31,0.1,0,1
CHEMBL577099,11.352464,4.972814,Cc1ccc2oc(=O)c(-c3ccc(O)cc3)cc2c1,IC50,1,single-target,0,252.26900000000003,3.474020000000001,50.44,1,3,1,3,3,19,0.0625,0,1
CHEMBL4565447,10.388245,4.2867227,CCOc1cccc2cc(-c3ccc(C)cc3)c(=O)oc12,IC50,1,single-target,0,280.323,4.167120000000003,39.44,0,3,3,3,3,21,0.1666666666666666,0,1
CHEMBL568416,12.139192,1.6038153,COc1ccc2oc(=O)c(C(=O)O)cc2c1,Ki,12,multi-target,1,220.18,1.4998,76.74,1,4,2,2,2,16,0.0909090909090909,0,1
CHEMBL2335191,7.682727,2.4862988,CCCc1ccc2ccc(=O)oc2c1C(C)=O,Ki,1,single-target,0,230.26299999999992,2.948100000000001,47.28,0,3,3,2,2,17,0.2857142857142857,0,1
CHEMBL4084237,12.30609,3.3737936,COc1c(Br)cc2cc(-c3nnn[nH]3)c(=O)oc2c1[N+](=O)[O-],EC50,1,single-target,0,368.1030000000002,1.6523999999999994,137.04000000000002,1,8,3,3,3,22,0.0909090909090909,0,1
CHEMBL3094013,2.5429356,0.60922766,CCNC(=O)Nc1cc(=O)oc2cc(OCc3cccc(Cl)c3)ccc12,IC50,1,single-target,0,372.8080000000001,4.166800000000003,80.57000000000001,2,4,5,3,3,26,0.1578947368421052,0,1
CHEMBL4066643,6.053311,7.186276,COc1ccc2c(c1)oc(=O)c1c3c(ccc12)C(=O)C=CC3=O,IC50,2,multi-target,0,306.273,2.890000000000001,73.58,0,5,1,4,3,23,0.0555555555555555,0,1
CHEMBL2413896,5.6179504,6.375473,O=c1oc2cc(O)ccc2c(-c2ccc(O)cc2)c1-c1ccc(O)cc1,EC50,2,multi-target,0,346.338,4.243800000000001,90.9,3,5,2,4,4,26,0.0,0,1
CHEMBL87407,11.772338,1.3690101,O=C(Oc1ccccc1I)c1cc2cc(CCl)ccc2oc1=O,Ki,1,single-target,0,440.6200000000002,4.355600000000003,56.51,0,4,3,3,3,23,0.0588235294117647,0,1
CHEMBL2387236,3.5003011,-1.6580489,O=c1cc(-c2cccs2)c2ccc(OCCCCN3CCC(c4noc5cc(F)ccc45)CC3)cc2o1,Ki,1,single-target,0,518.6100000000004,6.840400000000006,68.71000000000001,0,7,8,6,5,37,0.3103448275862069,2,0
CHEMBL4465307,14.054236,3.3824193,Cc1ccc(Cn2cc(COc3ccc4cc(C(=O)NC5CCN(Cc6ccccc6)CC5)c(=O)oc4c3)nn2)cc1C,IC50,1,single-target,0,577.6850000000002,5.023040000000004,102.49,1,8,9,6,5,43,0.2941176470588235,2,0
CHEMBL5563305,13.30885,11.631112,CCCCOc1ccc2oc(=O)cc(C3SC(N(C(C)=O)[C@@H]4O[C@H](COC(C)=O)[C@@H](OC(C)=O)[C@H](OC(C)=O)[C@H]4OC(C)=O)=NN3C(C)=O)c2c1,IC50,2,multi-target,0,733.7490000000001,2.768400000000001,206.85,0,16,11,4,2,51,0.5151515151515151,2,0
CHEMBL2381402,11.891465,2.335467,COc1ccc2cc(C(=O)CN3CCC(c4ccccc4)CC3)c(=O)oc2c1,IC50,1,single-target,0,377.44000000000017,3.8639000000000023,59.75,0,5,5,4,3,28,0.3043478260869565,0,1
CHEMBL4165041,7.5957522,14.606894,COc1ccc2c(Nc3ccc(OCCN4CCCCC4)cc3)c(-c3ccc(F)cc3)c(=O)oc2c1,IC50,1,single-target,0,488.55900000000025,6.216000000000006,63.94,1,6,8,5,4,36,0.2758620689655172,1,0
CHEMBL1450522,5.64987,4.1688676,CCC(=O)c1cc2c(C)cc(=O)oc2c(C)c1O,IC50,1,single-target,0,246.262,2.708140000000001,67.51,1,4,2,2,2,18,0.2857142857142857,0,1
CHEMBL5567220,13.084358,5.7777214,O=C(NNc1nc(-c2cc3ccccc3oc2=O)cs1)c1ccc([N+](=O)[O-])cc1,Ki,2,multi-target,0,408.3950000000001,3.5816000000000017,127.37,2,8,5,4,4,29,0.0,0,1
CHEMBL4744103,-4.019911,-0.52800137,COc1ccc(S(=O)(=O)N(CC(C)C)C[C@@H](O)[C@H](Cc2ccccc2)NC(=O)Oc2c3occc3cc3ccc(=O)oc23)cc1,IC50,1,single-target,0,634.7070000000002,4.955300000000005,148.51999999999998,2,9,12,5,5,45,0.2727272727272727,1,0
CHEMBL252674,11.692512,-0.31918117,O=C(CCc1cc2ccccc2oc1=O)NO,IC50,3,multi-target,0,233.223,1.231,79.54,2,4,3,2,2,17,0.1666666666666666,0,1
CHEMBL402990,11.661585,-0.3658661,COc1ccc2oc(=O)c(CCC(=O)NO)cc2c1,IC50,3,multi-target,0,263.249,1.2395999999999998,88.77,2,5,4,2,2,19,0.2307692307692307,0,1
CHEMBL4476479,13.984798,3.326668,O=C(NC1CCN(Cc2ccccc2)CC1)c1cc2ccc(OCc3cn(Cc4cccc(Cl)c4Cl)nn3)cc2oc1=O,IC50,1,single-target,0,618.5210000000002,5.713000000000006,102.49,1,8,9,6,5,43,0.25,2,0
CHEMBL5557850,13.306645,11.628854,CCCCCOc1ccc2oc(=O)cc(C3SC(N(C(C)=O)[C@@H]4O[C@H](COC(C)=O)[C@@H](OC(C)=O)[C@H](OC(C)=O)[C@H]4OC(C)=O)=NN3C(C)=O)c2c1,IC50,2,multi-target,0,747.7760000000002,3.158500000000002,206.85,0,16,12,4,2,52,0.5294117647058824,2,0
CHEMBL1299990,4.7537847,3.2856648,COC(=O)c1ccccc1NCc1cc(=O)oc2cc(O)c(O)cc12,EC50,2,multi-target,0,341.319,2.602900000000001,109.0,3,7,4,3,3,25,0.1111111111111111,0,1
CHEMBL495155,12.758339,2.7491033,Cc1cc(C)cc(NC(=O)c2cc3cc(Cl)cc(Br)c3oc2=O)c1,IC50,1,single-target,0,406.6630000000001,5.078040000000002,59.31,1,3,2,3,3,24,0.1111111111111111,1,0
CHEMBL4161624,7.6116805,14.658818,CCN(CC)CCOc1ccc(Nc2c(-c3ccc(F)cc3)c(=O)oc3cc(O)ccc23)cc1,IC50,1,single-target,0,462.5210000000002,5.768900000000006,74.94,2,6,9,4,4,34,0.2222222222222222,1,0
CHEMBL4160100,6.5045533,7.3029613,O=C1c2oc3c(c2C(=O)c2cccc(O)c21)c(=O)oc1ccccc13,Ki,1,single-target,0,332.26700000000005,3.020200000000001,97.72,1,6,0,5,4,25,0.0,0,1
CHEMBL327912,6.3740616,8.584697,O=c1oc2ccccc2c(O)c1CCCOc1cccc(Cl)c1,IC50,1,single-target,0,330.76699999999994,4.163600000000002,59.67,1,4,5,3,3,23,0.1666666666666666,0,1
CHEMBL103836,-1.6087406,3.8790662,Cc1nn(-c2ccc(Cl)cc2)c2c1c(=O)oc1ccccc12,IC50,2,multi-target,0,310.74,4.093720000000002,48.03,0,4,1,4,4,22,0.0588235294117647,0,1
CHEMBL5194514,10.660495,4.5452023,CC1(C)CCc2c(c(Br)cc3cc(-c4ccc(C(F)(F)F)cc4)c(=O)oc23)O1,EC50,1,single-target,0,453.2540000000001,6.344900000000004,39.44,0,3,1,4,3,28,0.2857142857142857,1,0
CHEMBL1458873,4.0378227,4.1167436,CCN(CC)c1ccc2c(c1)oc(=O)c1c(Cl)cc(=O)oc12,IC50,2,multi-target,0,319.744,3.3990000000000027,63.66,0,5,3,3,3,22,0.25,0,1
CHEMBL3427392,6.0445085,11.431827,COc1ccc(-c2c(Cc3ccc(/C=C/C(=O)O)cc3)c3ccc(O)cc3oc2=O)cc1,IC50,1,single-target,0,428.44000000000017,4.8628000000000045,96.97,2,5,6,4,4,32,0.0769230769230769,0,1
CHEMBL4544371,5.859794,-0.13010244,O=c1cc(OCCCN2CCN(c3ncccn3)CC2)c2ccccc2o1,IC50,1,single-target,0,366.42100000000016,2.1740999999999997,71.7,0,7,6,4,3,27,0.35,0,1
CHEMBL1322745,12.978737,0.48929945,O=C(Nc1ccc(N2CCCC2)cc1)c1cccc(-c2cc3ccccc3oc2=O)c1,EC50,2,multi-target,0,410.4730000000001,5.312500000000005,62.55,1,4,4,5,4,31,0.1538461538461538,1,0
CHEMBL205222,4.1256547,1.7818444,CCC(O)(c1cc(F)cc(OCc2ccc3c(-c4ccc(F)cc4)cc(=O)oc3c2)c1)c1nccs1,IC50,1,single-target,0,505.54200000000014,6.419600000000006,72.56,1,6,7,5,5,36,0.1428571428571428,2,0
CHEMBL1322914,6.461934,4.7849565,CCN(CC)Cc1c(O)c(Cl)cc2c3c(c(=O)oc12)CCCC3,AC50,3,multi-target,0,335.8310000000002,3.872600000000003,53.68,1,4,4,3,2,23,0.5,0,1
CHEMBL4458812,3.967649,6.1838164,COCCCNC(=O)Cc1c(C)c2c(O)cc(C)cc2oc1=O,Kd,1,single-target,0,319.3570000000001,1.81064,88.77000000000001,2,5,6,2,2,23,0.4117647058823529,0,1
CHEMBL5414217,3.5151858,5.1334267,Cc1cc(OCC(=O)NCCNC(=O)c2cccc(COc3ccccc3C(N)=O)c2)c2c3c(c(=O)oc2c1)CCC3,IC50,1,single-target,0,569.6140000000001,3.1930200000000006,149.95999999999998,3,7,11,5,4,42,0.25,1,0
CHEMBL2322277,3.897301,6.794256,Cc1c(CC(=O)Nc2cccc(C(=O)O)c2)c(=O)oc2cc3oc4c(c3cc12)CCCC4,EC50,1,single-target,0,431.4440000000004,4.605820000000003,109.75,2,5,4,5,4,32,0.24,0,1
CHEMBL4540947,10.538724,4.4794483,Cc1ccc(-c2cc3cccc(C)c3oc2=O)cc1,Ki,1,single-target,0,250.297,4.076840000000003,30.21,0,2,1,3,3,19,0.1176470588235294,0,1
CHEMBL4848109,11.9747,2.9270504,CC(C)c1ccc(-c2cc3cc(C(=O)O)c(=O)oc3c3cc(C(=O)O)c(=O)oc23)cc1,IC50,1,single-target,0,420.37300000000016,4.086200000000003,135.01999999999998,2,6,4,4,4,31,0.1304347826086956,0,1
CHEMBL5573031,16.398314,4.662394,Cc1ccc(C(C)C)c(OCc2cn(CCCCOc3cc(=O)oc4ccccc34)nn2)c1,IC50,1,single-target,0,447.53500000000014,5.254520000000005,79.38000000000001,0,7,10,4,4,33,0.3461538461538461,1,0
CHEMBL4795586,8.271661,1.0688002,NS(=O)(=O)c1cccc(/N=N/c2cc3ccc(=O)oc3cc2O)c1,IC50,1,single-target,0,345.33600000000007,2.561400000000001,135.32000000000002,2,7,3,3,3,24,0.0,0,1
CHEMBL1371243,3.7249115,2.4741642,CCc1cc(=O)oc2cc(OCC(=O)N3CCCc4ccccc43)ccc12,AC50,3,multi-target,0,363.413,3.713600000000002,59.75,0,4,4,4,3,27,0.2727272727272727,0,1
CHEMBL3086074,10.961542,14.653757,Cc1c(Cc2cccc(NS(=O)(=O)NCCO)c2)c(=O)oc2cc(OC(=O)N(C)C)c(Cl)cc12,IC50,2,multi-target,0,509.96800000000025,2.6446200000000006,138.18,3,7,8,3,3,34,0.2727272727272727,1,0
CHEMBL1830825,10.7841835,1.0934273,O=C(O)c1cc2ccc(OCc3cccc(Cl)c3)cc2oc1=O,IC50,1,single-target,0,330.72300000000007,3.723600000000003,76.74000000000001,1,4,4,3,3,23,0.0588235294117647,0,1
CHEMBL2362078,4.240687,2.7624304,COc1ccc2c(CN3CCCC3)cc(=O)oc2c1,IC50,1,single-target,0,259.30499999999995,2.3974,42.68,0,4,3,3,2,19,0.4,0,1
CHEMBL3094002,2.8651438,0.7463555,CC(C)Oc1cc(=O)oc2cc(OCc3cccc(Cl)c3)ccc12,IC50,1,single-target,0,344.79400000000004,4.812600000000003,48.67,0,4,5,3,3,24,0.2105263157894736,0,1
CHEMBL5560795,13.088683,5.7973113,COc1ccc(C(=O)NNc2nc(-c3cc4ccccc4oc3=O)cs2)cc1,Ki,2,multi-target,0,393.4240000000001,3.682000000000001,93.46,2,7,5,4,4,28,0.05,0,1
CHEMBL4129303,11.295685,5.1232476,Cc1ccc2oc(=O)c(-c3cccc(Br)c3)cc2c1,IC50,1,single-target,0,315.16600000000005,4.530920000000003,30.21,0,2,1,3,3,19,0.0625,0,1
CHEMBL261558,6.8159146,8.8027115,CCCCC(c1c(O)c2ccccc2oc1=O)c1c(O)c2ccccc2oc1=O,IC50,1,single-target,0,392.4070000000001,4.632700000000004,100.88,2,6,5,4,4,29,0.217391304347826,0,1
CHEMBL4127835,3.8135455,-2.882717,CC(=O)c1c(OCCCN2CCN(c3ccc([N+](=O)[O-])cc3)CC2)ccc2c(C)cc(=O)oc12,Ki,2,multi-target,0,465.5060000000003,3.803320000000003,106.13,0,8,8,4,3,34,0.36,0,1
CHEMBL4126677,13.045788,5.871762,O=C(Nc1ccc(F)cc1)Nc1nc(-c2cc3cc([N+](=O)[O-])ccc3oc2=O)cs1,IC50,1,single-target,0,426.38500000000016,4.607800000000002,127.37,2,7,4,4,4,30,0.0,0,1
CHEMBL3764436,5.994345,-1.2853705,Cc1cc(=O)oc2cc(OCCNC3CCN(Cc4ccccc4)CC3)ccc12,IC50,3,multi-target,0,392.4990000000001,3.7344200000000023,54.71,1,5,7,4,3,29,0.375,0,1
CHEMBL3740883,12.000099,6.207376,O=Cc1cn(-c2nc(-c3cc4c(ccc5ccccc54)oc3=O)cs2)nc1-c1ccccc1,Ki,1,single-target,0,449.4910000000002,5.734900000000003,77.99,0,7,4,6,6,33,0.0,1,0
CHEMBL4078308,11.091249,1.1392182,Nc1ccccc1NC(=O)c1ccc(CNC(=O)c2cc3ccc(OCc4ccc(Cl)c(Cl)c4)cc3oc2=O)cc1,IC50,1,single-target,0,588.4470000000002,6.443300000000004,123.66,3,6,8,5,5,41,0.064516129032258,2,0
CHEMBL4550487,5.887691,-0.10335952,O=c1cc(OCCCCN2CCN(c3ccccc3)CC2)c2ccccc2o1,IC50,1,single-target,0,378.47200000000015,3.774200000000003,45.92,0,5,7,4,3,28,0.3478260869565217,0,1
CHEMBL206120,5.8888755,6.23094,Cc1c(O)ccc2c1c(=O)oc1cc(O)cc(C)c12,IC50,2,multi-target,0,256.257,2.974240000000001,70.67,2,4,0,3,3,19,0.1333333333333333,0,1
CHEMBL4164078,4.677365,-0.6148381,Cc1cc(=O)oc2cc(OCCCCCCSC(=S)N3CCCCC3)ccc12,IC50,1,single-target,0,419.6120000000002,5.544620000000005,42.68,0,5,8,3,2,28,0.5454545454545454,1,0
CHEMBL5962451,4.0486827,6.2212768,COCCNC(=O)Cc1c(C)c2cc(OCCN3CCOCC3)c(O)c(C=O)c2oc1=O,EC50,1,single-target,0,448.4720000000003,0.6356200000000003,127.54000000000002,2,9,10,3,2,32,0.5,0,1
CHEMBL4211835,10.394094,9.925158,COc1ccc(-c2c3c4cc(OCCCN(C)C)c(OCCCN(C)C)cc4oc(=O)c3n3ccc4cc(O)c(OC)cc4c23)cc1O,IC50,1,single-target,0,655.7480000000003,6.108500000000008,118.48,2,11,13,6,6,48,0.3243243243243243,3,0
CHEMBL3770400,11.6359625,3.973035,COc1cc2ccc(OC3CC4CCC(C3)N4C)cc2oc1=O,IC50,2,multi-target,0,315.369,2.805600000000001,51.91,0,5,3,4,2,23,0.5,0,1
CHEMBL4532073,4.2420845,10.888914,CC(C)c1cc(C(C)C)c(S(=O)(=O)n2cc3c(=O)oc4ccccc4c3n2)c(C(C)C)c1,IC50,4,multi-target,0,452.5760000000002,5.749900000000006,82.17,0,6,5,4,4,32,0.36,1,0
CHEMBL209811,2.1541617,3.7042828,Cc1c(C)c2ccc(Oc3ccccc3)cc2oc1=O,IC50,1,single-target,0,266.296,4.202140000000004,39.44,0,3,2,3,3,20,0.1176470588235294,0,1
CHEMBL4591855,16.099268,5.209615,NS(=O)(=O)c1ccc(C/N=C/c2cc([N+](=O)[O-])ccc2OCc2cn(CCCOc3ccc4ccc(=O)oc4c3)nn2)cc1,Ki,3,multi-target,0,618.6280000000003,3.607300000000003,195.04,1,12,13,5,5,44,0.1724137931034483,2,0
CHEMBL572533,2.8042462,1.3488674,NCc1cc(=O)oc2cc(OCc3ccccc3)ccc12,IC50,2,multi-target,0,281.311,2.830700000000001,65.46000000000001,1,4,4,3,3,21,0.1176470588235294,0,1
CHEMBL1402853,4.9550996,2.9662712,CC(=O)Oc1cc2oc(=O)cc(C)c2cc1Cl,AC50,1,single-target,0,252.653,2.6801200000000005,56.51,0,4,1,2,2,17,0.1666666666666666,0,1
CHEMBL1372043,5.1005526,4.4596696,Cc1cc(=O)oc2c(OS(C)(=O)=O)c(OS(C)(=O)=O)ccc12,AC50,2,multi-target,0,348.35400000000004,0.7782199999999999,116.95,0,8,4,2,2,22,0.25,0,1
CHEMBL4069435,2.4526293,4.2675986,Cc1c(C#N)c(=O)oc2cc(OS(=O)(=O)c3ccc([N+](=O)[O-])cc3)ccc12,IC50,2,multi-target,0,386.3410000000001,2.649000000000001,140.51000000000002,0,8,4,3,3,27,0.0588235294117647,0,1
CHEMBL1096814,-1.3743147,19.040901,COc1ccc2c(Nc3c(Cl)cncc3Cl)cc(=O)oc2c1OCCCC(=O)O,IC50,1,single-target,0,439.2510000000003,4.4906000000000015,110.89,2,7,8,3,3,29,0.2105263157894736,0,1
CHEMBL2408084,24.31262,4.4230967,Cc1cc(NS(=O)(=O)c2ccc(/N=C/c3c(Cl)c4cc(C(C)(C)C)cc(C(C)(C)C)c4oc3=O)cc2)no1,IC50,2,multi-target,0,556.0840000000004,6.889220000000006,114.77,1,7,5,4,4,38,0.3214285714285714,2,0
CHEMBL4581364,4.2590423,10.86067,O=c1oc2ccccc2c2nn(S(=O)(=O)c3ccc(F)cc3)cc12,IC50,4,multi-target,0,344.32300000000004,2.5188000000000006,82.16999999999999,0,6,2,4,4,24,0.0,0,1
CHEMBL4520000,4.2795105,10.840519,Cc1ccc(S(=O)(=O)n2cc3c(=O)oc4ccccc4c3n2)cc1,IC50,4,multi-target,0,340.36000000000007,2.6881200000000005,82.17,0,6,2,4,4,24,0.0588235294117647,0,1
CHEMBL4073985,2.4980483,4.227045,Cc1c(Cl)c(=O)oc2cc(OS(C)(=O)=O)ccc12,IC50,2,multi-target,0,288.708,2.09322,73.58,0,5,2,2,2,18,0.1818181818181818,0,1
CHEMBL3235996,7.5061502,1.874727,COc1cc2oc(=O)ccc2c(OC)c1CC=C(C)C,IC50,1,single-target,0,274.316,3.318900000000002,48.67,0,4,4,2,2,20,0.3125,0,1
CHEMBL3094019,2.9325547,0.70755094,CN(C)C(=O)COc1cc(=O)oc2cc(OCc3cccc(Cl)c3)ccc12,IC50,1,single-target,0,387.819,3.4924000000000026,68.98,0,5,6,3,3,27,0.2,0,1
CHEMBL487071,5.687138,3.6674542,Cc1cc(=O)oc2c(C)c3oc4c(c3cc12)CCC4,IC50,2,multi-target,0,254.28499999999997,3.6447400000000014,43.35,0,3,0,4,3,19,0.3125,0,1
CHEMBL1459644,3.866159,6.7687635,CCCCC(NC(=O)CCc1c(C)c2cc3c4c(oc3c(C)c2oc1=O)CCCC4)C(=O)O,AC50,1,single-target,0,453.5350000000004,4.727040000000004,109.75,2,5,8,4,3,33,0.5,0,1
CHEMBL5218672,23.450575,-6.655868,O=C(OCCCCCN(CCCOC(=O)c1c2ccccc2cc2ccccc12)CCCOc1ccc2ccc(=O)oc2c1)c1c2ccccc2cc2ccccc12,Ki,2,multi-target,0,771.9100000000002,10.75109999999999,95.28,0,8,17,8,8,58,0.22,2,0
CHEMBL1255817,4.857014,3.2995148,O=C(O)Cc1cc(=O)oc2cc(O)c(O)cc12,IC50,2,multi-target,0,236.179,0.8312999999999999,107.97,3,5,2,2,2,17,0.0909090909090909,0,1
CHEMBL493586,4.498549,3.3175287,O=C(O)[C@H]1O[C@@H](OCc2cc(=O)oc3cc(O)ccc23)[C@H](O)[C@@H](O)[C@@H]1O,Ki,1,single-target,0,368.294,-1.0926000000000011,166.89,5,9,4,3,2,26,0.375,0,1
CHEMBL305250,3.216708,3.7288153,CC(=O)Nc1ccc2c(c1)oc(=O)c1ccccc12,IC50,1,single-target,0,253.257,2.904600000000001,59.31,1,3,1,3,3,19,0.0666666666666666,0,1
CHEMBL4451681,9.133731,-1.1830951,C#CCSc1nc(Sc2nccs2)c(C#N)c(-c2ccc3oc(=O)ccc3c2)n1,IC50,1,single-target,0,434.5270000000002,4.454680000000002,92.67,0,9,5,4,4,29,0.05,0,1
CHEMBL5591043,4.09286,1.6333237,O=c1cc(-c2ccccc2)c2ccc(OC[C@H]3CCCN3Cc3cccc4ccccc34)cc2o1,IC50,3,multi-target,0,461.5610000000002,6.656600000000005,42.68,0,4,6,6,5,35,0.1935483870967742,1,0
CHEMBL1742008,3.202916,2.497612,CCC(CC)c1nnc(NC(=O)COc2ccc3c(C)cc(=O)oc3c2)s1,AC50,1,single-target,0,387.4610000000001,3.8740200000000025,94.32,1,7,7,3,3,27,0.3684210526315789,0,1
CHEMBL5283992,16.089367,4.8285046,Cc1cc(=O)c(O)c(CO)n1CCn1cc(COc2ccc3ccc(=O)oc3c2)nn1,IC50,1,single-target,0,424.4130000000001,1.3317199999999998,132.61,2,10,7,4,4,31,0.238095238095238,0,1
CHEMBL1366348,5.175825,9.658956,CC1CCCN(c2c([N+](=O)[O-])c(=O)oc3ccccc23)C1,EC50,1,single-target,0,288.30300000000005,2.9375000000000018,76.59,0,5,2,3,2,21,0.4,0,1
CHEMBL1377388,6.49675,4.6773806,CCCCc1cc(=O)oc2c(CN(CC)CC)c(O)c(Cl)cc12,IC50,1,single-target,0,337.8469999999999,4.336400000000005,53.68000000000001,1,4,7,2,2,23,0.5,0,1
CHEMBL4217913,10.402555,9.930067,COc1ccc(-c2c3c4cc(OCCN(C)C)c(OC)cc4oc(=O)c3n3ccc4cc(O)c(OC)cc4c23)cc1O,IC50,1,single-target,0,570.5980000000003,5.396500000000007,115.24000000000002,2,10,8,6,6,42,0.21875,2,0
CHEMBL4572742,15.225121,3.94533,COc1cccc2cc(C(=O)NCc3cn(Cc4ccccc4Cl)nn3)c(=O)oc12,IC50,1,single-target,0,424.8440000000001,3.0248000000000017,99.25,1,7,6,4,4,30,0.1428571428571428,0,1
CHEMBL3586603,9.13232,0.5705706,Cc1cc2ccc(OCc3ccc(CN(C)Cc4ccc(C#N)cc4)cc3)cc2oc1=O,IC50,3,multi-target,0,424.5000000000001,5.184100000000004,66.47,0,5,7,4,4,32,0.1851851851851851,1,0
CHEMBL5285878,6.251319,8.0021715,O=c1ccc2ccc(Cc3c(O)c4cc(O)c(O)cc4oc3=O)cc2o1,IC50,1,single-target,0,352.2980000000001,2.607000000000001,121.11,3,7,2,4,4,26,0.0526315789473684,0,1
CHEMBL5555934,9.065704,0.9488351,CCOC(=O)c1cc2ccc(OCC(=O)NCCc3ccc(S(N)(=O)=O)cc3)cc2oc1=O,Ki,7,multi-target,1,474.49100000000016,1.3547999999999998,155.0,2,8,9,3,3,33,0.2272727272727272,0,1
CHEMBL3220512,12.748255,0.4266958,COc1cc(C(=O)Nc2cc3ccccc3oc2=O)cc(OC)c1OC,IC50,1,single-target,0,355.3460000000002,3.071100000000002,87.0,1,6,5,3,3,26,0.1578947368421052,0,1
CHEMBL5567576,9.385756,0.91626626,C/C(=N/O)c1cc2ccc(OCc3ccc(S(N)(=O)=O)cc3)cc2oc1=O,Ki,8,multi-target,1,388.4010000000001,2.2176,132.19,2,7,5,3,3,27,0.1111111111111111,0,1
CHEMBL1337529,5.2879806,3.53613,CCc1cc2c(CN3CCN(C)CC3)cc(=O)oc2cc1O,IC50,1,single-target,0,302.374,1.8084,56.92,1,5,3,3,2,22,0.4705882352941176,0,1
CHEMBL5563449,2.2383153,1.6690186,CN(Cc1ccc(COc2ccc3c(CO)cc(=O)oc3c2)cc1)Cc1cncnc1,IC50,2,multi-target,0,417.46500000000015,3.2863000000000016,88.69000000000001,1,7,8,4,4,31,0.2083333333333333,0,1
CHEMBL4072973,2.6106415,4.067677,Cc1c(Cc2ccccc2)c(=O)oc2cc(OS(C)(=O)=O)ccc12,IC50,4,multi-target,0,344.38800000000003,3.0306200000000016,73.58,0,5,4,3,3,24,0.1666666666666666,0,1
CHEMBL3335049,5.0217853,-1.4667348,COc1cccc(CN2CCN(CCCOc3ccc4c5c(c(=O)oc4c3)CCCC5)CC2)c1,IC50,2,multi-target,0,462.5900000000004,4.267100000000004,55.150000000000006,0,6,8,5,3,34,0.4642857142857143,0,1
CHEMBL2314731,13.57839,3.328336,COc1cc2cc(OCC3CCN(Cc4ccccc4)CC3)c(=O)oc2cc1OC,IC50,2,multi-target,0,409.48200000000026,4.101200000000003,61.14,0,6,7,4,3,30,0.375,0,1
CHEMBL3823187,23.643599,3.2138624,NS(=O)(=O)c1ccc(-n2nc(C(=O)N/N=C/c3c(Cl)c4ccccc4oc3=O)cc2-c2ccccc2F)cc1,IC50,1,single-target,0,565.9700000000003,3.849500000000004,149.65,2,8,6,5,5,39,0.0,1,0
CHEMBL4781977,6.4754796,4.4268904,Cc1cc(=O)oc2c(CN3CCCC3)c(O)c(O)cc12,IC50,1,single-target,0,275.304,2.1084200000000006,73.91000000000001,2,5,2,3,2,20,0.4,0,1
CHEMBL5219102,-2.1873558,-2.8308678,Cc1ccccc1Nc1nc(N)nc(COc2ccc3c(C)cc(=O)oc3c2)n1,EC50,1,single-target,0,389.4150000000001,3.499640000000001,116.16,2,8,5,4,4,29,0.1428571428571428,0,1
CHEMBL5598305,14.172476,2.5135198,O=C(Cc1ccccc1[N+](=O)[O-])OCc1cn(-c2cc3ccccc3oc2=O)nn1,IC50,1,single-target,0,406.3540000000001,2.567800000000001,130.36,0,9,6,4,4,30,0.1,0,1
CHEMBL4785296,-4.059465,-0.5672653,CC(C)CN(C[C@@H](O)[C@H](Cc1ccccc1)NC(=O)c1ccc2oc(=O)ccc2c1)S(=O)(=O)c1ccc(N)cc1,IC50,2,multi-target,0,563.6760000000002,3.424100000000002,142.94,3,7,11,4,4,40,0.2666666666666666,1,0
CHEMBL4868404,-1.4824045,3.9656825,CCN(CC)CCn1cnc2c(=O)oc3ccccc3c21,IC50,1,single-target,0,285.34700000000004,2.4845000000000006,51.27,0,5,5,3,3,21,0.375,0,1
CHEMBL3394531,2.9140265,4.826408,Cc1c(Cl)c(=O)oc2cc(/N=C/c3ccccc3O)ccc12,IC50,1,single-target,0,313.74000000000007,4.211020000000002,62.8,1,4,2,3,3,22,0.0588235294117647,0,1
CHEMBL4125827,15.288952,-0.7197481,C/C(=N\Nc1nc(-c2cc3ccccc3oc2=O)cs1)c1ccc(Br)cc1,IC50,1,single-target,0,440.32200000000006,5.515100000000003,67.49000000000001,1,6,4,4,4,27,0.05,1,0
CHEMBL4164140,10.743228,4.778087,COc1ccc(-c2cc3cc(C4Nc5ccccc5C(=O)N4C)cc(C)c3oc2=O)cc1,EC50,1,single-target,0,426.47200000000026,4.973320000000005,71.78,1,5,3,5,4,32,0.1538461538461538,0,1
CHEMBL4285776,5.0624166,3.1033592,Cc1cc(=O)oc2cc3cc(O)ccc3cc12,IC50,1,single-target,0,226.231,2.9602200000000005,50.44,1,3,0,3,3,17,0.0714285714285714,0,1
CHEMBL4779637,7.8492618,0.3584237,O=C(Cn1cc(F)c(=O)[nH]c1=O)Oc1ccc2ccc(=O)oc2c1,Ki,2,multi-target,0,332.2430000000001,0.3877000000000002,111.37000000000002,1,7,3,3,3,24,0.0666666666666666,0,1
CHEMBL4876101,10.955412,3.6179261,NS(=O)(=O)c1cc2cc(Cl)cc(Cl)c2oc1=O,Ki,4,multi-target,0,294.11500000000007,1.7472000000000003,90.37,1,4,1,2,2,17,0.0,0,1
CHEMBL3970237,1.71468,-1.4822347,COc1cc(OC)cc(OCCCOc2c3ccoc3cc3oc(=O)ccc23)c1,EC50,1,single-target,0,396.3950000000001,4.404300000000004,80.27000000000001,0,7,8,4,4,29,0.2272727272727272,0,1
CHEMBL4444516,8.526761,-0.6174008,O=C1CSC(c2ccc(F)cc2)N1c1ccc2oc(=O)ccc2c1,IC50,1,single-target,0,341.36300000000006,3.710700000000002,50.52,0,4,2,4,3,24,0.1111111111111111,0,1
CHEMBL6026172,4.611077,1.535143,O=C(O)COc1ccc2c(C(F)(F)F)cc(=O)oc2c1,Kd,1,single-target,0,288.177,2.2752,76.74000000000001,1,4,3,2,2,20,0.1666666666666666,0,1
CHEMBL4533364,12.863456,1.9177613,COc1ccc(O)c(C(=O)NNC(=O)c2cc3cc(Cl)ccc3oc2=O)c1,IC50,1,single-target,0,388.76300000000015,2.2354000000000003,117.87,3,6,3,3,3,27,0.0555555555555555,0,1
CHEMBL5219720,6.5213604,5.982912,O=C1Cc2c(O)c(O)cc3c(=O)oc4c(O)c(O)cc1c4c23,IC50,1,single-target,0,300.22200000000004,1.5074,128.2,4,7,0,4,3,22,0.0666666666666666,0,1
CHEMBL3958781,1.626404,-1.4069797,O=c1ccc2ccc(OCCCCOc3c4ccoc4cc4oc(=O)ccc34)cc2o1,EC50,2,multi-target,0,418.4010000000002,4.883600000000004,92.02,0,7,7,5,5,31,0.1666666666666666,0,1
CHEMBL5596055,6.123914,-1.1448892,O=c1ccc2ccc(OC[C@@H]3CCCN3Cc3cccc4ccccc34)cc2o1,IC50,3,multi-target,0,385.4630000000001,4.989600000000005,42.68,0,4,5,5,4,29,0.24,0,1
CHEMBL1410686,4.384597,3.3998551,O=C(CC1Sc2ccccc2NC1=O)OCc1cc(=O)oc2cc(O)ccc12,IC50,1,single-target,0,397.4080000000001,3.044900000000001,105.84,2,7,4,4,3,28,0.15,0,1
CHEMBL5633965,3.2670794,1.9184723,Cc1cc(=O)oc2cc(OCc3cnnn3Cc3ccc(Oc4ccccc4)c(O)c3)ccc12,IC50,1,single-target,0,455.47000000000014,4.818120000000005,99.61,1,8,7,5,5,34,0.1153846153846153,0,1
CHEMBL2032372,6.7886963,7.109352,O=c1cc(O)c2cc(Br)ccc2o1,IC50,1,single-target,0,241.04,2.2611,50.44,1,3,0,2,2,13,0.0,0,1
CHEMBL4210287,11.083562,4.5517316,Cc1ccc2oc(=O)c(-c3ccc(Cl)nn3)cc2c1,IC50,1,single-target,0,272.69100000000003,3.211820000000001,55.99,0,4,1,3,3,19,0.0714285714285714,0,1
CHEMBL2314430,13.16607,4.078596,COc1cc2cc(C(=O)OCCCN(C)Cc3ccccc3)c(=O)oc2cc1OC,IC50,1,single-target,0,411.4540000000001,3.4891000000000023,78.21000000000001,0,7,9,3,3,30,0.3043478260869565,0,1
CHEMBL3786130,11.780412,7.7747273,O=C(c1ccccc1Cl)N1N=C(c2cc3ccccc3oc2=O)CC1c1ccccc1,IC50,1,single-target,0,428.87500000000017,5.437900000000004,62.88,0,4,3,5,4,31,0.08,1,0
CHEMBL3586592,8.82061,0.41669193,CN(Cc1ccccc1)Cc1ccc(COc2ccc3ccc(=O)oc3c2)cc1,IC50,6,multi-target,1,385.4630000000001,5.004000000000005,42.68,0,4,7,4,4,29,0.16,1,0
CHEMBL4295073,12.864788,9.428672,Cc1cc(OCCCN2CCN(c3ccncc3)CC2)c2c(C)cc(=O)oc2c1,Ki,1,single-target,0,393.48700000000025,3.395940000000002,58.81,0,6,6,4,3,29,0.391304347826087,0,1
CHEMBL3785699,11.838595,7.7128696,O=C(CN1CCSCC1)N1N=C(c2cc3ccccc3oc2=O)CC1c1ccccc1C(F)(F)F,IC50,1,single-target,0,501.5300000000002,4.538300000000005,66.12,0,6,4,5,3,35,0.32,1,0
CHEMBL4287105,12.96214,9.519255,CC(=O)c1c(C)cc2oc(=O)cc(C)c2c1OCCCN1CCN(c2cccc(Cl)c2Cl)CC1,Ki,2,multi-target,0,503.4260000000003,5.510340000000007,62.99000000000001,0,6,7,4,3,34,0.3846153846153846,2,0
CHEMBL4778064,13.992061,1.1604927,NS(=O)(=O)c1ccc(N/N=C(\CS(=O)(=O)c2ccccc2)c2cc3ccccc3oc2=O)cc1,Ki,4,multi-target,0,497.5540000000002,2.7305,148.89999999999998,2,8,7,4,4,34,0.0434782608695652,0,1
CHEMBL4518317,10.890234,2.1884031,CCC(CC)Oc1ccc2cc(C(=O)NCC(O)(Cn3ccnc3)c3ccc(F)cc3F)c(=O)oc2c1,IC50,1,single-target,0,511.5250000000002,4.1529000000000025,106.59,2,7,10,4,4,37,0.2962962962962963,1,0
CHEMBL5569049,9.051521,0.93119293,CCOC(=O)c1cc2ccc(OCC(=O)Nc3ccc(S(N)(=O)=O)cc3)cc2oc1=O,Ki,7,multi-target,1,446.4370000000002,1.6346,155.0,2,8,7,3,3,31,0.15,0,1
CHEMBL3264730,7.179606,8.491698,O=c1oc2ccc(Cl)cc2c(O)c1C(c1ccc(Cl)cc1Cl)c1c(O)c2cc(Cl)ccc2oc1=O,IC50,1,single-target,0,550.1770000000002,7.104400000000003,100.88,2,6,3,5,5,35,0.04,2,0
CHEMBL4091210,6.4382663,8.630368,CCCCCCc1c(O)c2ccccc2oc1=O,Ki,1,single-target,0,246.306,3.621400000000003,50.440000000000005,1,3,5,2,2,18,0.4,0,1
CHEMBL4125847,3.8492377,-2.8498085,CC(=O)c1c(OCCCN2CCN(c3ccc(Cl)cc3)CC2)ccc2c(C)cc(=O)oc12,Ki,2,multi-target,0,454.9540000000002,4.548520000000004,62.99,0,6,7,4,3,32,0.36,0,1
CHEMBL4103132,2.4712276,4.190163,Cc1c(Cl)c(=O)oc2cc(OS(=O)(=O)c3ccccc3)ccc12,IC50,2,multi-target,0,350.77900000000005,3.522520000000002,73.58,0,5,3,3,3,23,0.0625,0,1
CHEMBL260997,7.199115,8.596938,CCOc1cc(C(c2c(O)c3ccccc3oc2=O)c2c(O)c3ccccc3oc2=O)ccc1O,IC50,1,single-target,0,472.4490000000002,4.595100000000004,130.34,3,8,5,5,5,35,0.1111111111111111,0,1
CHEMBL4783123,6.5017776,4.3381014,O=c1ccc2c(CN3CCC(O)CC3)c(O)c(O)cc2o1,IC50,1,single-target,0,291.30300000000005,1.1608999999999998,94.14,3,6,2,3,2,21,0.4,0,1
CHEMBL4212732,-4.523326,6.4619374,C#CCN(CCOc1ccc2ccc(=O)oc2c1)Cc1cccc(F)c1,IC50,2,multi-target,0,351.37700000000007,3.4463000000000026,42.68,0,4,7,3,3,26,0.1904761904761904,0,1
CHEMBL3403707,-5.518746,12.2006,CCCc1c(OCCCCN2C(=O)CN(C)C2=O)ccc2c(C(F)(F)F)cc(=O)oc12,EC50,1,single-target,0,440.4180000000001,3.817300000000003,80.06,0,5,8,3,2,31,0.4761904761904761,0,1
CHEMBL3403712,-5.5261846,12.194499,CCCc1c(OCCCCN2C(=O)NC(C)(c3ccc4c(c3)OCO4)C2=O)ccc2c(C(F)(F)F)cc(=O)oc12,EC50,1,single-target,0,560.5250000000002,5.119200000000005,107.31,1,7,9,5,3,40,0.3928571428571428,2,0
CHEMBL3403696,-5.5459666,12.175708,CCCc1cc2c(C(F)(F)F)cc(=O)oc2c(CCC)c1OCCCCN1C(=O)NC(C)(c2ccc(C)cc2)C1=O,EC50,1,single-target,0,572.6240000000004,6.651420000000007,88.85,1,5,11,4,3,41,0.4516129032258064,2,0
CHEMBL4871381,13.004206,-7.0551696,COc1ccc(NC(=O)[C@H]2Oc3c(c(=O)oc4ccccc34)[C@@H]2c2ccc(CCCN3CCCC3=O)cc2)cc1,Kd,1,single-target,0,538.6000000000005,4.888200000000005,98.07999999999998,1,6,8,6,4,40,0.28125,1,0
CHEMBL4068298,2.5160892,4.1798687,Cc1c(Cl)c(=O)oc2cc(OS(=O)(=O)c3ccc(Cl)c([N+](=O)[O-])c3)ccc12,IC50,2,multi-target,0,430.2210000000002,4.084120000000002,116.72,0,7,4,3,3,27,0.0625,0,1
CHEMBL1393201,5.260338,3.5403583,CC1CCN(Cc2cc(=O)oc3cc(O)c(Cl)cc23)CC1,AC50,1,single-target,0,307.7770000000001,3.383900000000001,53.68000000000001,1,4,2,3,2,21,0.4375,0,1
CHEMBL3601437,5.923708,3.371031,O=c1cc(-c2ccccc2)c2ccc3c(c2o1)C=CCO3,Ki,3,multi-target,0,276.29100000000005,3.8656000000000015,39.44,0,3,1,4,3,21,0.0555555555555555,0,1
CHEMBL5567975,15.336287,-0.81910694,CCOc1cccc2cc(/C(C)=N/Nc3nc(-c4ccc(F)cc4)cs3)c(=O)oc12,Ki,4,multi-target,0,423.4690000000001,5.290400000000004,76.72,1,7,6,4,4,30,0.1363636363636363,1,0
CHEMBL5557106,15.319377,-0.801241,CCOc1cccc2cc(/C(C)=N/Nc3nc(-c4ccc5ccccc5c4)cs3)c(=O)oc12,Ki,2,multi-target,0,455.53900000000016,6.304500000000004,76.72,1,7,6,5,5,33,0.1153846153846153,1,0
CHEMBL5517864,12.627458,5.45324,Cc1nc(-c2cc3ccccc3oc2=O)ccc1C(=O)/C=C/c1cccs1,Ki,1,single-target,0,373.4330000000001,5.121020000000003,60.17,0,5,4,4,4,27,0.0454545454545454,1,0
CHEMBL5592217,2.2965379,7.0142493,Cc1c(CC(=O)O)c(=O)oc2c(Br)c(OCc3cccc(C(F)F)c3)ccc12,IC50,1,single-target,0,453.2350000000001,5.007620000000003,76.74,1,4,6,3,3,28,0.2,1,0
CHEMBL596221,7.468468,2.053995,COc1cc(OC)c2ccc(=O)oc2c1OC,Ki,6,multi-target,1,236.223,1.8188,57.900000000000006,0,5,3,2,2,17,0.25,0,1
CHEMBL4450854,5.1948586,-3.5927546,COc1cc2c(cc1OC)CN(Cc1ccc(COc3ccc4c(C)c(C)c(=O)oc4c3)cc1)CC2,IC50,1,single-target,0,485.5800000000003,5.564340000000006,61.14,0,6,7,5,4,36,0.3,1,0
CHEMBL4541580,5.247608,-3.5473092,COc1cc2c(cc1OC)CN(Cc1cccc(COc3ccc4ccc(=O)oc4c3)c1)CC2,IC50,2,multi-target,0,457.5260000000002,4.947500000000004,61.14,0,6,7,5,4,34,0.25,0,1
CHEMBL11692,4.585211,2.981051,CC(=O)Oc1ccc2c(CC(=O)O)cc(=O)oc2c1,IC50,1,single-target,0,262.2169999999999,1.3454,93.81000000000002,1,5,3,2,2,19,0.1538461538461538,0,1
CHEMBL4082281,12.41522,2.9651957,O=C(O)c1cc2cc(Br)c(O)c([N+](=O)[O-])c2oc1=O,EC50,1,single-target,0,330.0460000000001,1.867500000000001,130.88,2,6,2,2,2,19,0.0,0,1
CHEMBL4103860,12.225794,3.2581844,N#Cc1cc2cc(Br)c(O)c(Br)c2oc1=O,EC50,1,single-target,0,344.9460000000001,2.89528,74.22999999999999,1,4,0,2,2,16,0.0,0,1
CHEMBL3586591,8.798921,0.37296313,CCN(CC)Cc1ccc(COc2ccc3ccc(=O)oc3c2)cc1,IC50,2,multi-target,0,337.41900000000004,4.213800000000004,42.68,0,4,7,3,3,25,0.2857142857142857,0,1
CHEMBL5070193,3.5140762,5.339845,O=C(COc1cc2oc(=O)c3c(c2cc1Br)CCCC3)NO,IC50,1,single-target,0,368.18300000000016,2.3185,88.77,2,5,3,3,2,22,0.3333333333333333,0,1
CHEMBL5083554,4.1244926,5.346611,CC(=O)c1c(OCC(=O)NO)ccc2c3c(c(=O)oc12)CCCC3,IC50,1,single-target,0,331.3240000000002,1.7585999999999995,105.84000000000002,2,6,4,3,2,24,0.3529411764705882,0,1
CHEMBL1275887,2.7275739,21.36679,CO[C@@H]1[C@@H](OC(=O)c2ccc(C)[nH]2)[C@@H](O)[C@H](Oc2ccc3c(O)c(NC(=O)c4ccc(N)c(C)c4)c(=O)oc3c2C)OC1(C)C,IC50,1,single-target,0,621.6430000000001,3.701660000000002,195.57,5,11,7,5,4,45,0.34375,2,0
CHEMBL4276705,12.99435,9.549901,CC(=O)c1c(C)cc2oc(=O)cc(C)c2c1OCCCN1CCN(c2ccccc2F)CC1,Ki,2,multi-target,0,452.5260000000002,4.342640000000004,62.99000000000001,0,6,7,4,3,33,0.3846153846153846,0,1
CHEMBL5405322,6.261689,-2.1271784,COc1cccc(CNC2CCN(CCCOc3cc(=O)oc4cc(-c5cccnc5)ccc34)CC2)c1,IC50,2,multi-target,0,499.6110000000002,4.886700000000005,76.83000000000001,1,7,10,5,4,37,0.3333333333333333,0,1
CHEMBL1313283,4.438266,2.3587637,COc1ccc(-c2cc(=O)oc3cc(OC(=O)C4CCCCC4)c(Cl)cc23)cc1,EC50,1,single-target,0,412.8690000000002,5.607700000000005,65.74000000000001,0,5,4,4,3,29,0.3043478260869565,1,0
CHEMBL574382,4.6564026,2.6500964,Cc1cc(=O)oc2cc(/N=C/c3ccccc3O)ccc12,IC50,1,single-target,0,279.295,3.557620000000002,62.8,1,4,2,3,3,21,0.0588235294117647,0,1
CHEMBL4445315,2.4365513,6.8272605,Cc1c(CC(=O)O)c(=O)oc2c(C)c(OCc3ccc(C(F)(F)F)o3)ccc12,IC50,1,single-target,0,396.317,4.2277400000000025,89.88,1,5,5,3,3,28,0.2631578947368421,0,1
CHEMBL176114,3.238542,8.993985,O=c1cc(N2CCCCC2)c2ccccc2o1,IC50,1,single-target,0,229.279,2.783300000000001,33.45,0,3,1,3,2,17,0.3571428571428571,0,1
CHEMBL1533148,13.0213995,2.2097402,C=CCc1cccc2cc(C(=O)N(CC)CC)c(=O)oc12,AC50,3,multi-target,0,285.343,3.0035000000000016,50.52,0,3,5,2,2,21,0.2941176470588235,0,1
CHEMBL4745846,3.632706,0.76769215,COc1ccc(N2CCN(Cc3cc(=O)oc4cc(OCc5cccc(OC)c5)ccc34)CC2)cc1,Ki,2,multi-target,0,486.5680000000003,4.711400000000005,64.38000000000001,0,7,8,5,4,36,0.2758620689655172,0,1
CHEMBL4212058,3.9182289,-2.7673755,CC(=O)c1c(OCCCCN2CCN(c3cc(C)ccc3C)CC2)ccc2c(C)cc(=O)oc12,Ki,2,multi-target,0,462.59000000000026,4.902060000000005,62.99,0,6,8,4,3,34,0.4285714285714285,0,1
CHEMBL1275840,2.658697,21.435373,CO[C@@H]1[C@@H](OC(=O)c2ccc(C)[nH]2)[C@@H](O)[C@H](Oc2ccc3c(O)c(NC(=O)c4cc(C)c(O)c(C)c4)c(=O)oc3c2Cl)OC1(C)C,IC50,1,single-target,0,657.0720000000001,4.478460000000003,189.78,5,11,7,5,4,46,0.34375,2,0
CHEMBL1630091,11.7446575,-0.7233629,CCN(CC)CCOc1ccc(CCC(Cc2cc3ccc(C)cc3oc2=O)C(=O)NO)cc1,IC50,3,multi-target,0,466.5780000000002,4.118920000000003,92.01,2,6,12,3,3,34,0.4074074074074074,0,1
CHEMBL1598666,5.783412,2.9872067,COc1ccc(-c2coc3cc4oc(=O)cc(C)c4cc23)cc1F,AC50,4,multi-target,0,324.307,4.662320000000003,52.580000000000005,0,4,2,4,4,24,0.1052631578947368,0,1
CHEMBL4783468,-4.0077167,-0.5181103,CC(C)CN(C[C@@H](O)[C@H](Cc1ccccc1)NC(=O)Cc1cc(=O)oc2cc(N(C)C)ccc12)S(=O)(=O)c1ccc(N)cc1,IC50,2,multi-target,0,620.7720000000002,3.4190000000000005,146.18,3,8,13,4,4,44,0.3333333333333333,1,0
CHEMBL4574355,5.083839,-3.4564729,Cc1c(C)c2ccc(OCCCN3CCc4ccccc4C3)cc2oc1=O,IC50,2,multi-target,0,363.4570000000001,4.237040000000004,42.68,0,4,5,4,3,27,0.3478260869565217,0,1
CHEMBL266712,-1.8159167,5.725965,CCCCCCC(C)(C)c1cc(O)c2c(c1)oc(=O)c1ccc(OC)cc12,Ki,3,multi-target,0,368.4730000000001,5.908400000000007,59.67,1,4,7,3,3,27,0.4347826086956521,1,0
CHEMBL516339,-0.95453495,5.738782,COc1ccc2cc(Cc3ccccc3)c(=O)oc2c1,IC50,1,single-target,0,266.296,3.392400000000002,39.44,0,3,3,3,3,20,0.1176470588235294,0,1
CHEMBL470212,-1.1298246,5.8680906,COc1cc(C)cc2oc(=O)c(Cc3ccccc3O)cc12,Ki,2,multi-target,0,296.322,3.4064200000000016,59.67,1,4,3,3,3,22,0.1666666666666666,0,1
CHEMBL491132,2.4676495,1.1908509,Cc1ncsc1C(=O)N(Cc1cc(=O)oc2c(F)cccc12)c1cccc(Cl)c1,EC50,1,single-target,0,428.87200000000007,5.197420000000004,63.41,0,5,4,4,4,29,0.0952380952380952,1,0
CHEMBL1761761,11.436107,4.5576863,COc1ccc2cc(-c3ccsc3)c(=O)oc2c1,IC50,2,multi-target,0,258.298,3.530100000000002,39.44,0,4,2,3,3,18,0.0714285714285714,0,1
CHEMBL222322,7.210211,7.7919364,C/C(=N\NS(=O)(=O)c1ccc(C)cc1)c1c(O)c2ccccc2oc1=O,IC50,2,multi-target,0,372.4020000000001,2.509520000000001,108.97,2,6,4,3,3,26,0.1111111111111111,0,1
CHEMBL448060,7.1545424,1.4132528,CC(C)=CCOc1c2ccoc2cc2oc(=O)ccc12,IC50,4,multi-target,0,270.284,3.8842000000000025,52.580000000000005,0,4,3,3,3,20,0.1875,0,1
CHEMBL2322545,3.7931306,6.7281375,Cc1c(CC(=O)Nc2ccccc2C(=O)O)c(=O)oc2cc3occ(C(C)(C)C)c3cc12,EC50,1,single-target,0,433.46000000000026,5.024520000000004,109.75,2,5,4,4,4,32,0.24,1,0
CHEMBL1835825,9.09475,-1.0351597,N#Cc1ccc(-c2ccc3oc(=O)ccc3c2)cc1,IC50,1,single-target,0,247.253,3.3316800000000013,54.0,0,3,1,3,3,19,0.0,0,1
CHEMBL1427890,5.177353,3.0270631,Cc1cc(=O)oc2cc3c(cc12)OCCN3,IC50,1,single-target,0,217.224,1.9057199999999996,51.47,1,4,0,3,2,16,0.25,0,1
CHEMBL1606373,6.500135,4.758585,CCc1c(C)c2cc(Cl)c(O)c(CN(C)C)c2oc1=O,AC50,1,single-target,0,295.766,3.084420000000001,53.68,1,4,3,2,2,20,0.4,0,1
CHEMBL2178986,3.2625349,2.4456422,Cc1cc(=O)oc2cc(OCC(=O)NN)ccc12,Ki,2,multi-target,0,248.238,0.4701199999999996,94.56,2,5,3,2,2,18,0.1666666666666666,0,1
CHEMBL4648667,12.854978,4.2912045,C#CCN(C)Cc1cc2ccc(OC)cc2oc1=O,IC50,3,multi-target,0,257.289,1.8666,42.68,0,4,4,2,2,19,0.2666666666666666,0,1
CHEMBL1326488,11.828202,4.4827137,CC(Oc1ccc2cc(-c3ccc(Cl)cc3)c(=O)oc2c1)C(=O)NCC1CCC(C(=O)O)CC1,IC50,1,single-target,0,483.9480000000004,4.887900000000003,105.84,2,5,7,4,3,34,0.3461538461538461,0,1
CHEMBL2334496,-9.126677,6.9360847,CC(C)(C)OC(=O)N1CCN(C(=S)SCc2cn(Cc3cc(=O)oc4cc(O)ccc34)nn2)CC1,IC50,1,single-target,0,517.6330000000003,3.209200000000002,113.93,1,10,4,4,3,35,0.4347826086956521,1,0
CHEMBL5395479,14.12825,3.3993754,CN(C)/C=C/C(=O)c1cc2ccc(OCc3cn(Cc4ccc(F)c(F)c4)nn3)cc2oc1=O,IC50,1,single-target,0,466.4440000000001,3.5480000000000027,90.46,0,8,8,4,4,34,0.1666666666666666,0,1
CHEMBL2326854,13.540532,1.6880462,O=C(NCCN1CCCCC1)c1cc2ccccc2oc1=O,IC50,1,single-target,0,300.3580000000001,2.0087,62.55,1,4,4,3,2,22,0.4117647058823529,0,1
CHEMBL1290110,8.0965,1.3818715,CC(=O)c1cc2ccc(=O)oc2cc1OCCC12CC3CC(CC(C3)C1)C2,Ki,1,single-target,0,366.45700000000016,4.9809000000000045,56.510000000000005,0,4,5,6,2,27,0.5652173913043478,0,1
CHEMBL1288559,8.117643,1.2864004,CCOc1cc2oc(=O)ccc2cc1C(C)=O,Ki,1,single-target,0,232.235,2.3943000000000003,56.51,0,4,3,2,2,17,0.2307692307692307,0,1
CHEMBL1422335,10.5042715,4.2975574,COc1cccc2cc(-c3nnc(-c4ccccc4)o3)c(=O)oc12,EC50,1,single-target,0,320.3040000000001,3.518600000000003,78.36,0,6,3,4,4,24,0.0555555555555555,0,1
CHEMBL106769,4.173138,2.7258856,COc1ccc2c(C[N+](C)(C)CCCN3c4ccccc4Sc4ccc(Cl)cc43)cc(=O)oc2c1,IC50,1,single-target,0,508.06300000000016,6.7244000000000055,42.68,0,5,7,5,4,35,0.25,2,0
CHEMBL3629809,15.664157,0.32185587,CCOc1cccc2cc(C(=O)/C=C/c3c(/C=C/c4ccc(OC)cc4)cc(OC)cc3OC)c(=O)oc12,IC50,1,single-target,0,512.5580000000002,6.284000000000006,84.2,0,7,10,4,4,38,0.1612903225806451,2,0
CHEMBL5220950,23.45882,-6.6636844,COc1cc(C(=O)OCCCCCCN(CCCOC(=O)c2c3ccccc3cc3ccccc23)CCCOc2ccc3ccc(=O)oc3c2)cc(OC)c1OC,Ki,2,multi-target,0,775.8950000000001,8.860600000000005,122.97,0,11,21,6,6,57,0.3260869565217391,3,0
CHEMBL5220205,4.5926447,4.800196,CCCCc1cc(=O)oc2cc(OCC(=O)N[C@@H](Cc3c[nH]c4ccc(O)cc34)C(=O)O)ccc12,IC50,1,single-target,0,478.5010000000002,3.5134000000000016,141.86,4,6,10,4,4,35,0.2692307692307692,0,1
CHEMBL1688899,8.914582,11.160961,O=c1cc(Cn2ccnc2)c2ccc(OCc3ccc(OC(F)(F)F)cc3)cc2o1,IC50,3,multi-target,0,416.3550000000001,4.515400000000003,66.49000000000001,0,6,6,4,4,30,0.1428571428571428,0,1
CHEMBL225472,8.742272,10.974006,COc1ccc2c(Cn3ccnc3)cc(=O)oc2c1,IC50,1,single-target,0,256.261,2.0464,57.260000000000005,0,5,3,3,3,19,0.1428571428571428,0,1
CHEMBL5583624,2.700406,2.167583,CN(C)c1cc(=O)oc2cc(OCc3ccc(S(N)(=O)=O)cc3)ccc12,Ki,9,multi-target,1,374.41800000000006,2.0854,102.84,1,6,5,3,3,26,0.1666666666666666,0,1
CHEMBL5575619,7.055012,1.0114866,CC(C)=CCC/C(C)=C/CCC(C)CCOc1cccc2oc(=O)c(C(=O)O)cc12,IC50,1,single-target,0,412.5260000000001,6.369100000000007,76.74,1,4,11,2,2,30,0.44,1,0
CHEMBL5564532,2.7089107,2.0842621,CC(C)(C)OC(=O)N1CCN(Cc2cc(=O)oc3cc(OCc4ccc(S(N)(=O)=O)cc4)ccc23)CC1,Ki,7,multi-target,1,529.6150000000001,3.0721000000000016,132.38,1,8,6,4,3,37,0.3846153846153846,1,0
CHEMBL5565316,9.332294,0.88342726,Cc1cc2ccc(OCc3ccc(S(N)(=O)=O)cc3)cc2oc1=O,Ki,8,multi-target,1,345.3760000000001,2.32782,99.6,1,5,4,3,3,24,0.1176470588235294,0,1
CHEMBL5089227,2.9426928,-6.9975877,Cc1cn([C@H]2C[C@@H](n3cc(COc4ccc5oc(=O)ccc5c4)nn3)[C@@H](CO)O2)c(=O)[nH]c1=O,Ki,6,multi-target,1,467.43800000000016,0.6430199999999996,154.47,2,11,6,5,4,34,0.3181818181818182,1,0
CHEMBL1533835,12.1725445,2.1347857,O=C(c1ccc(F)cc1)c1cc2ccc(O)cc2oc1=O,EC50,2,multi-target,0,284.2420000000001,2.8687000000000014,67.50999999999999,1,4,2,3,3,21,0.0,0,1
CHEMBL4169394,4.6342936,-0.5686371,Cc1cc(=O)oc2cc(OCCSC(=S)N(C)C)ccc12,IC50,1,single-target,0,323.439,3.0599200000000017,42.68,0,5,4,2,2,21,0.3333333333333333,0,1
CHEMBL4758120,7.2327905,7.8204803,C/C(=N\CCCO)c1c(O)c2ccccc2oc1=O,IC50,1,single-target,0,261.277,1.6900000000000002,83.03,2,5,4,2,2,19,0.2857142857142857,0,1
CHEMBL1521897,6.368632,5.023225,C=CCN(CC=C)Cc1c(O)ccc2c1oc(=O)c1ccccc12,AC50,3,multi-target,0,321.37600000000003,3.8258000000000023,53.68,1,4,6,3,3,24,0.15,0,1
CHEMBL4791042,3.664562,3.4063468,COc1ccc(/C=C/C(=O)Nc2ccc3c(C)cc(=O)oc3c2)c(F)c1,Ki,2,multi-target,0,353.34900000000005,3.9010200000000026,68.53999999999999,1,4,4,3,3,26,0.1,0,1
CHEMBL5571185,9.412629,0.94009614,CCOC(=O)c1cc2ccc(OCc3ccc(S(N)(=O)=O)cc3)cc2oc1=O,Ki,8,multi-target,1,403.41200000000015,2.1961000000000004,125.9,1,7,6,3,3,28,0.1578947368421052,0,1
CHEMBL1304760,6.5019116,4.7043405,CCCc1cc(=O)oc2c(CN(CC)CC)c(O)c(Cl)cc12,AC50,2,multi-target,0,323.82,3.9463000000000026,53.68000000000001,1,4,6,2,2,22,0.4705882352941176,0,1
CHEMBL4464099,8.767682,-0.2535667,COc1cc(Cl)ccc1S(=O)(=O)Nc1ccc2oc(=O)ccc2c1,IC50,1,single-target,0,365.79400000000015,3.2558000000000016,85.61000000000001,1,5,4,3,3,24,0.0625,0,1
CHEMBL5221007,23.634644,-6.8400393,COc1cc(/C=C/C(=O)OCCCN(CCCCCCCOC(=O)c2c3ccccc3cc3ccccc23)CCCOc2ccc3ccc(=O)oc3c2)cc(OC)c1OC,Ki,2,multi-target,0,815.9599999999999,9.6503,122.97,0,11,23,6,6,60,0.3265306122448979,3,0
CHEMBL4544202,11.382176,-8.685409,O=C(CCN1CCN(c2nccc3ccc(F)cc23)CC1)Nc1cc(=O)oc2ccccc12,IC50,4,multi-target,0,446.48200000000026,3.6311000000000018,78.68,1,6,5,5,4,33,0.24,0,1
CHEMBL521526,12.700444,2.8067195,Cc1cc(C)cc(NC(=O)c2cc3cc(Cl)cc(Cl)c3oc2=O)c1,IC50,1,single-target,0,362.2120000000001,4.968940000000003,59.31,1,3,2,3,3,24,0.1111111111111111,0,1
CHEMBL453401,2.437781,1.199018,Cc1ncsc1C(=O)N(Cc1cc(=O)oc2c(F)c(F)ccc12)c1cccc(Cl)c1,EC50,1,single-target,0,446.8620000000001,5.336520000000004,63.41,0,5,4,4,4,30,0.0952380952380952,1,0
CHEMBL76373,8.186473,1.2427667,C=CCc1cc2ccc(=O)oc2cc1O,IC50,1,single-target,0,202.20899999999995,2.2271000000000005,50.44,1,3,2,2,2,15,0.0833333333333333,0,1
CHEMBL5277715,3.5709777,0.84330595,CCOC(=O)C1CCN(Cc2cc(=O)oc3cc(OCc4ccc([N+](=O)[O-])cc4)ccc23)CC1,IC50,1,single-target,0,466.4900000000002,4.055300000000004,112.12,0,8,8,4,3,34,0.36,0,1
CHEMBL5278642,-2.2257936,-2.8673747,Cc1cc(=O)oc2cc(OCc3nc(N)nc(Nc4ccc(Cl)c(Cl)c4)n3)ccc12,EC50,2,multi-target,0,444.2780000000001,4.498020000000002,116.16,2,8,5,4,4,30,0.1,0,1
CHEMBL444623,13.167406,1.087795,CCOC(=O)c1c(NC(=O)c2cc3ccccc3oc2=O)sc(C(N)=O)c1C,IC50,1,single-target,0,400.4120000000002,2.6908200000000004,128.7,2,7,5,3,3,28,0.1578947368421052,0,1
CHEMBL3937779,1.6112843,-1.4173303,O=c1ccc2c(OCCCCOc3ccc([N+](=O)[O-])cc3)c3ccoc3cc2o1,EC50,2,multi-target,0,395.3670000000001,4.685400000000004,104.95,0,7,8,4,4,29,0.1904761904761904,0,1
CHEMBL1528660,11.704433,4.9580927,Nc1ccc(-c2cc3ccccc3oc2=O)cc1,IC50,2,multi-target,0,237.258,3.042200000000001,56.23,1,3,1,3,3,18,0.0,0,1
CHEMBL502440,6.572512,6.0168147,O=C1OC[C@H]2O[C@@H](O)[C@H](O)[C@@H](O)[C@@H]2OC(=O)c2cc(O)c(O)c(O)c2-c2c(O)c(O)c3oc(=O)c4c(c(O)c(O)c5oc(=O)c2c3c54)-c2c1cc(O)c(O)c2O,IC50,1,single-target,0,782.5280000000004,0.0151999999999999,385.24,13,22,0,8,6,56,0.1764705882352941,3,0
CHEMBL142582,2.0959144,3.1078866,Cc1c(C)c2ccc(OCc3ccc([N+](=O)[O-])cc3)cc2oc1=O,IC50,3,multi-target,0,325.32000000000005,3.897040000000003,82.58000000000001,0,5,4,3,3,24,0.1666666666666666,0,1
CHEMBL590379,4.7011776,4.0062513,Cc1cccc(SCc2c(Cl)c(=O)oc3cc(O)ccc23)n1,IC50,1,single-target,0,333.79600000000005,4.147720000000002,63.33,1,5,3,3,3,22,0.125,0,1
CHEMBL4475204,15.817624,2.1687088,Cc1cc(=O)c(O)cn1Cc1cc2ccc(OCc3ccc(F)cc3)cc2oc1=O,IC50,1,single-target,0,407.3970000000001,3.735120000000003,81.66999999999999,1,6,5,4,4,30,0.1304347826086956,0,1
CHEMBL6338,6.409883,5.9246235,O=c1oc2c(O)c(O)ccc2c2cc(O)c(O)cc12,IC50,8,multi-target,1,260.201,1.7686,111.13,4,6,0,3,3,19,0.0,0,1
CHEMBL4103066,11.065286,2.6731768,CCN(CC)c1ccc2cc(-c3nc(C)cs3)c(=O)oc2c1,IC50,1,single-target,0,314.4100000000001,4.071120000000003,46.34,0,5,4,3,3,22,0.2941176470588235,0,1
CHEMBL189704,7.491993,-0.96927917,N#Cc1ccc2[nH]cc(CCCCN3CCN(c4ccc5oc(=O)ccc5c4)CC3)c2c1,IC50,3,multi-target,0,426.52000000000015,4.290880000000004,76.27000000000001,1,5,6,5,4,32,0.3076923076923077,0,1
CHEMBL1258415,4.439598,2.9536502,O=C(/C=C/c1cc(=O)oc2cc(O)ccc12)c1ccccc1,IC50,2,multi-target,0,292.29,3.394700000000001,67.51,1,4,3,3,3,22,0.0,0,1
CHEMBL5812329,4.6113467,1.5461282,C=CCOc1ccc2c(C(F)(F)F)cc(=O)oc2c1,Kd,1,single-target,0,270.206,3.3766000000000025,39.44,0,3,3,2,2,19,0.1538461538461538,0,1
CHEMBL1718108,7.9730296,1.773696,O=c1ccc2cc(O[C@@H]3O[C@H](CO)[C@@H](O)[C@H](O)[C@H]3O)c(O)cc2o1,AC50,1,single-target,0,340.2840000000001,-1.322700000000001,149.82,5,9,3,3,2,24,0.4,0,1
CHEMBL568173,11.786372,1.6564084,CCOC(=O)c1cc2cc(CO)ccc2oc1=O,Ki,11,multi-target,1,248.23399999999995,1.462,76.74000000000001,1,5,3,2,2,18,0.2307692307692307,0,1
CHEMBL2181544,-2.6179821,5.3289714,CCCCC1(c2cc(O)c3cc(Cc4ccccc4O)c(=O)oc3c2)CCCC1,Ki,3,multi-target,0,392.4950000000002,5.797000000000006,70.67,2,4,6,4,3,29,0.4,1,0
CHEMBL2314428,13.161014,4.0923543,COc1cc2cc(C(=O)NCCCN(C)Cc3ccccc3)c(=O)oc2cc1OC,IC50,1,single-target,0,410.47000000000014,3.062100000000002,81.01,1,6,9,3,3,30,0.3043478260869565,0,1
CHEMBL499847,7.0298686,1.6254884,O=c1ccc2c(ccc3ccoc32)o1,IC50,3,multi-target,0,186.166,2.539200000000001,43.35,0,3,0,3,3,14,0.0,0,1
CHEMBL1590814,3.8041754,6.6671877,Cc1oc2c(C)c3oc(=O)c(CC(=O)N[C@@H](CC(C)C)C(=O)N[C@@H](Cc4ccccc4)C(=O)O)c(C)c3cc2c1C,IC50,1,single-target,0,560.6470000000002,4.658380000000004,138.85,3,6,10,4,4,41,0.375,1,0
CHEMBL2324232,2.5372636,1.1239662,CNC(=O)Cc1cc(=O)oc2cc(OS(=O)(=O)c3cccc(Cl)c3)ccc12,IC50,2,multi-target,0,407.8310000000001,2.5026,102.68,1,6,5,3,3,27,0.1111111111111111,0,1
CHEMBL2324234,2.5407386,1.0555171,NCc1cc(=O)oc2cc(OS(=O)(=O)c3cccc(Cl)c3)ccc12,IC50,2,multi-target,0,365.794,2.6728000000000014,99.6,1,6,4,3,3,24,0.0625,0,1
CHEMBL1830819,12.297929,2.7124393,O=C(O)c1cc2cccc(O)c2oc1=O,IC50,1,single-target,0,206.153,1.1967999999999996,87.74000000000001,2,4,1,2,2,15,0.0,0,1
CHEMBL4088636,7.7431345,-0.021199178,COc1ccc2cc([C@H](C)C(=O)NCCOc3ccc4oc(=O)ccc4c3)ccc2c1,Ki,1,single-target,0,417.4610000000001,4.253500000000003,77.77000000000001,1,5,7,4,4,31,0.2,0,1
CHEMBL3120699,3.5907793,-1.7560498,O=c1oc2cc(OCCCCN3CCC(c4noc5cc(F)ccc45)CC3)ccc2c2c1CCCC2,Ki,2,multi-target,0,490.57500000000033,5.990700000000007,68.71000000000001,0,6,7,6,4,36,0.4482758620689655,1,0
CHEMBL3827610,0.5371389,3.5828538,CCCCCCCNC(=O)Oc1cccc(CN(C)CCCCCOc2ccc3c4c(c(=O)oc3c2)CCCC4)c1,IC50,3,multi-target,0,562.7510000000003,7.411700000000009,81.01,1,6,16,4,3,41,0.5294117647058824,2,0
CHEMBL3094034,2.6916058,0.7636412,NC(=O)c1cc(=O)oc2cc(OCc3cccc(Cl)c3)ccc12,IC50,1,single-target,0,329.739,3.1243000000000025,82.53000000000002,1,4,4,3,3,23,0.0588235294117647,0,1
CHEMBL3133841,-9.126702,6.9361253,CC(C)(C)OC(=O)N1CCN(C(=S)SCc2cn(Cc3cc(=O)oc4cc(O)cc(O)c34)nn2)CC1,IC50,1,single-target,0,533.6320000000002,2.9148000000000014,134.16000000000005,2,11,4,4,3,36,0.4347826086956521,2,0
CHEMBL240482,5.24824,2.829672,Nc1cc(=O)oc2ccccc12,IC50,1,single-target,0,161.16,1.3752,56.23,1,3,0,2,2,12,0.0,0,1
CHEMBL478608,1.754363,3.4161496,Cc1c(C)c2ccc(OCCCCOc3cc(O)cc(N(C)C)c3)cc2oc1=O,IC50,1,single-target,0,397.4710000000001,4.419440000000003,72.14,1,6,8,3,3,29,0.3478260869565217,0,1
CHEMBL1372625,8.505581,0.356489,CC(C)OC(=O)c1ccc(COc2ccc3ccc(=O)oc3c2)o1,EC50,1,single-target,0,328.32000000000005,3.5302000000000024,78.88000000000001,0,6,5,3,3,24,0.2222222222222222,0,1
CHEMBL4076313,5.5836453,6.3006363,Cc1c(-c2ccc(O)cc2Cl)c(=O)oc2cc(O)ccc12,EC50,2,multi-target,0,302.713,3.833020000000001,70.67,2,4,1,3,3,21,0.0625,0,1
CHEMBL572366,8.158827,1.267102,COc1cc2oc(=O)ccc2cc1[C@@H](O)CC(C)C,Ki,15,multi-target,1,262.305,2.881100000000001,59.67,1,4,4,2,2,19,0.4,0,1
CHEMBL1835834,9.013103,-0.92892116,O=c1ccc2cc(-c3ccc(Cl)s3)ccc2o1,IC50,1,single-target,0,262.71700000000004,4.174900000000002,30.21,0,3,1,3,3,17,0.0,0,1
CHEMBL161438,19.772198,8.454169,NS(=O)(=O)c1nnc(NS(=O)(=O)c2ccc(NCc3cc(=O)oc4cc(Cl)ccc34)cc2)s1,Ki,3,multi-target,0,527.9930000000002,2.358200000000001,174.35000000000002,3,10,7,4,4,33,0.0555555555555555,1,0
CHEMBL124835,7.5822325,-1.0124618,Cc1ccc(N2CCN(Cc3ccc4ccc(=O)oc4c3)CC2)cc1,Ki,1,single-target,0,334.4190000000001,3.4236200000000023,36.69,0,4,3,4,3,25,0.2857142857142857,0,1
CHEMBL604330,16.354315,-2.3985715,Cc1c(N2CCN(C(=O)Nc3ccccc3Oc3ccccc3)CC2)c(=O)oc2cc(O)cc(O)c12,IC50,1,single-target,0,487.5120000000003,4.659020000000005,115.48000000000002,3,7,4,5,4,36,0.1851851851851851,0,1
CHEMBL1099163,-1.2588316,19.156345,COc1ccc2c(Nc3c(Cl)cncc3Cl)cc(=O)oc2c1OCCCCCCCN(C)C,IC50,1,single-target,0,494.4190000000005,6.137900000000005,76.83,1,7,12,3,3,33,0.4166666666666667,1,0
CHEMBL4758108,7.206913,7.7983055,C/C(=N\Cc1ccccn1)c1c(O)c2ccccc2oc1=O,IC50,1,single-target,0,294.31,2.902800000000001,75.69,1,5,3,3,3,22,0.1176470588235294,0,1
CHEMBL522532,12.651271,1.0113585,Cc1ccc(NC(=O)c2cc3cc(C)ccc3oc2=O)cc1,IC50,2,multi-target,0,293.322,3.6621400000000017,59.31,1,3,2,3,3,22,0.1111111111111111,0,1
CHEMBL604130,16.339622,-2.4129374,Cc1c(N2CCN(C(=O)CCl)CC2)c(=O)oc2cc(O)cc(O)c12,IC50,1,single-target,0,352.77400000000006,1.4000199999999998,94.22,2,6,2,3,2,24,0.375,0,1
CHEMBL4857313,10.793714,3.6819804,NS(=O)(=O)c1cc2c(ccc3ccccc32)oc1=O,Ki,3,multi-target,0,275.285,1.5936000000000003,90.37,1,4,1,3,3,19,0.0,0,1
CHEMBL1095210,-1.37663,19.038801,COc1ccc2c(Nc3c(Cl)cncc3Cl)cc(=O)oc2c1OCCCCCCCCC(=O)O,IC50,1,single-target,0,509.3860000000005,6.441100000000003,110.89,2,7,13,3,3,34,0.375,2,0
CHEMBL67599,10.832856,4.9714894,CC(=O)Oc1ccc(-c2cc3cc(OC(C)=O)c(OC(C)=O)cc3oc2=O)cc1OC(C)=O,IC50,2,multi-target,0,454.3870000000003,3.161200000000001,135.41000000000005,0,10,5,3,3,33,0.1739130434782608,0,1
CHEMBL5288493,-2.2217455,-2.8651972,Cc1ccc(Nc2nc(N)nc(COc3ccc4c(C)cc(=O)oc4c3)n2)cc1C,EC50,1,single-target,0,403.4420000000002,3.808060000000002,116.16,2,8,5,4,4,30,0.1818181818181818,0,1
CHEMBL4750523,16.22801,4.756698,CCc1c(O)c(=O)ccn1CCCn1cc(COc2cc3ccccc3oc2=O)nn1,IC50,1,single-target,0,422.4410000000001,2.4835000000000003,112.38,1,9,8,4,4,31,0.2727272727272727,0,1
CHEMBL1417172,10.427307,4.3002667,COc1ccc(-c2cc3cccc(OC)c3oc2=O)cc1,Ki,1,single-target,0,282.295,3.4772000000000016,48.67,0,4,3,3,3,21,0.1176470588235294,0,1
CHEMBL3911483,1.6664064,-1.3576379,N#CCCCCOc1c2ccoc2cc2oc(=O)ccc12,EC50,2,multi-target,0,283.283,3.611880000000003,76.37,0,5,5,3,3,21,0.25,0,1
CHEMBL3946367,1.6407993,-1.4128774,O=c1ccc2c(OCCCOc3ccc(Oc4ccccc4)cc3)c3ccoc3cc2o1,EC50,2,multi-target,0,428.44000000000017,6.179400000000005,71.04,0,6,8,5,5,32,0.1153846153846153,1,0
CHEMBL1736358,6.481171,6.099203,COc1cc2c(oc(=O)c3cc(C)cc(OC)c32)c2c(C3OC(C)C(O)C(C)(O)C3O)ccc(O)c12,AC50,2,multi-target,0,496.5120000000002,3.0632200000000016,138.82000000000002,4,9,3,5,4,36,0.3703703703703703,0,1
CHEMBL4278275,12.8554,9.418609,COc1cccc(N2CCN(CCCCOc3cc(C)cc4oc(=O)cc(C)c34)CC2)c1,Ki,2,multi-target,0,436.55200000000025,4.399640000000004,55.15,0,6,8,4,3,32,0.4230769230769231,0,1
CHEMBL5982645,6.0258074,3.095149,Cc1coc2c(C)c3oc(=O)cc(-c4ccccc4Cl)c3cc12,IC50,1,single-target,0,324.76300000000003,5.476440000000003,43.35,0,3,1,4,4,23,0.1052631578947368,1,0
CHEMBL5985695,5.8370986,2.9963853,COc1cccc(-c2cc(=O)oc3cc4occ(C)c4cc23)c1,IC50,1,single-target,0,306.317,4.523220000000003,52.58,0,4,2,4,4,23,0.1052631578947368,0,1
CHEMBL6021245,6.073612,3.1558113,COc1c2occ(C)c2cc2c(-c3ccccc3)cc(=O)oc12,IC50,1,single-target,0,306.31700000000006,4.523220000000004,52.58,0,4,2,4,4,23,0.1052631578947368,0,1
CHEMBL5439636,6.192466,-1.8278869,O=c1cc(OCCCNC2CCN(Cc3ccccc3)CC2)c2ccc(-c3ccncc3)cc2o1,IC50,1,single-target,0,469.58500000000026,4.878100000000004,67.6,1,6,9,5,4,35,0.3103448275862069,0,1
CHEMBL6049649,6.073474,3.352821,Cc1c2ocnc2cc2c(-c3ccccc3)cc(=O)oc12,IC50,1,single-target,0,277.27900000000005,3.909620000000002,56.24,0,4,1,4,4,21,0.0588235294117647,0,1
CHEMBL1499823,3.134407,4.6314225,COc1ccc2c(c1)oc(=O)c1cc(OC)ccc12,EC50,1,single-target,0,256.257,2.963400000000001,48.67,0,4,2,3,3,19,0.1333333333333333,0,1
CHEMBL4847144,11.887403,3.0944815,O=C(O)c1cc2cc(-c3cccs3)c(O)cc2oc1=O,IC50,1,single-target,0,288.2800000000001,2.925300000000001,87.74000000000001,2,5,2,3,3,20,0.0,0,1
CHEMBL4878037,-1.2050104,-5.766366,N#CC1=C(N)Oc2c(c(=O)oc3ccccc23)C1c1c[nH]c2ccccc12,IC50,1,single-target,0,355.35300000000007,3.4924800000000014,105.04000000000002,2,5,1,5,4,27,0.0476190476190476,0,1
CHEMBL4473727,8.626934,-0.28849372,O=C(CNc1ccc2oc(=O)ccc2c1)N1CCOCC1,IC50,1,single-target,0,288.30300000000005,1.0637,71.78,1,5,3,3,2,21,0.3333333333333333,0,1
CHEMBL5631608,12.105818,1.3896748,COc1ccc2cc(C(=O)Oc3ccc4c(N)nccc4c3)c(=O)oc2c1,Ki,1,single-target,0,362.3410000000001,3.1512,104.65,1,7,3,4,4,27,0.05,0,1
CHEMBL212501,13.502302,1.64094,O=C(NCCCCNC(=O)c1cc2ccccc2oc1=O)c1cc2ccccc2oc1=O,Ki,2,multi-target,0,432.4320000000002,2.8394000000000004,118.62,2,6,7,4,4,32,0.1666666666666666,0,1
CHEMBL1351650,3.6806207,3.4720073,COc1ccccc1CC(=O)Nc1ccc2c(C)cc(=O)oc2c1,AC50,1,single-target,0,323.34800000000007,3.291220000000001,68.53999999999999,1,4,4,3,3,24,0.1578947368421052,0,1
CHEMBL4859764,11.999431,2.909864,COc1cccc(-c2cc3cc(C(=O)O)c(=O)oc3c3cc(C(=O)O)c(=O)oc23)c1,IC50,1,single-target,0,408.31800000000015,2.9714,144.25,2,7,4,4,4,30,0.0476190476190476,0,1
CHEMBL3133850,-9.126727,6.9360995,CC(C)(C)OC(=O)N1CCN(C(=S)SCc2cn(Cc3cc(=O)oc4cc(N)ccc34)nn2)CC1,IC50,1,single-target,0,516.6490000000002,3.0858000000000017,119.72,1,10,4,4,3,35,0.4347826086956521,1,0
CHEMBL4748890,7.1652565,7.82989,CC/N=C(\C)c1c(O)c2ccccc2oc1=O,IC50,1,single-target,0,231.251,2.3275,62.8,1,4,2,2,2,17,0.2307692307692307,0,1
CHEMBL4175175,4.657758,-0.61087495,Cc1cc(=O)oc2cc(OCCSC(=S)N3CCCCC3)ccc12,IC50,1,single-target,0,363.5040000000002,3.984220000000003,42.68,0,5,4,3,2,24,0.4444444444444444,0,1
CHEMBL4848949,12.295243,2.920539,O=C(O)c1cc2c(oc1=O)c(Br)cc1cc(C(=O)O)c(=O)oc12,IC50,1,single-target,0,381.09000000000015,2.0583,135.01999999999998,2,6,2,3,3,23,0.0,0,1
CHEMBL4862435,13.385436,2.9198837,O=C(c1cc2cc([N+](=O)[O-])c(O)c(O)c2oc1=O)N1CCCN(S(=O)(=O)c2ccc3ccncc3c2)CC1,IC50,1,single-target,0,540.5100000000001,2.1974,184.39,2,10,4,5,4,38,0.2083333333333333,1,0
CHEMBL1370260,2.5856597,2.873253,NS(=O)(=O)c1ccc2c(c1)oc(=O)c1cc(S(N)(=O)=O)ccc12,IC50,3,multi-target,0,354.36500000000007,0.2410000000000002,150.53,2,6,2,3,3,23,0.0,0,1
CHEMBL1688904,8.694656,10.93079,COc1cccc(Oc2ccc3c(Cn4ccnc4)cc(=O)oc3c2)c1,IC50,1,single-target,0,348.3580000000001,3.838700000000002,66.49000000000001,0,6,5,4,4,26,0.1,0,1
CHEMBL494808,12.703461,1.0372556,Cc1cccc(NC(=O)c2cc3cc(C)ccc3oc2=O)c1,IC50,2,multi-target,0,293.32200000000006,3.6621400000000017,59.31,1,3,2,3,3,22,0.1111111111111111,0,1
CHEMBL401711,5.5598226,7.1238704,Cc1cc(=O)[nH]c2ccc3c4c(C(=O)OC(C)(C)C)cccc4oc(=O)c3c12,EC50,1,single-target,0,377.3960000000001,4.051420000000003,89.37,1,5,1,4,4,28,0.2272727272727272,0,1
CHEMBL5593514,15.9896965,4.2697887,O=c1cc(-c2ccccc2)c2c(OCc3cn(-c4ccc(S(=O)(=O)Nc5ccccn5)cc4)nn3)cc(OCc3cn(-c4ccc(S(=O)(=O)Nc5ccccn5)cc4)nn3)cc2o1,IC50,1,single-target,0,880.9249999999998,6.171000000000003,228.21,2,16,15,9,9,63,0.0465116279069767,3,0
CHEMBL3804869,13.035899,6.162916,NS(=O)(=O)c1ccc(Nc2nc(-c3cc4cc(Br)ccc4oc3=O)cs2)cc1,Ki,4,multi-target,0,478.3490000000001,4.070000000000002,115.29,2,7,4,4,4,28,0.0,0,1
CHEMBL4854803,3.9125404,4.5928373,CCN(CC)c1ccc2c(C)c(CCOC(=O)NCCc3cccnc3)c(=O)oc2c1,EC50,1,single-target,0,423.51300000000015,3.854020000000003,84.67,1,6,9,3,3,31,0.375,0,1
CHEMBL4874211,-1.0493513,8.330084,Cc1c(CCN2CC3(CCN(c4nccn5ccnc45)CC3)NC2=O)c(=O)oc2cc(O[C@H](C)c3ccccc3)ccc12,EC50,1,single-target,0,578.6730000000005,4.891020000000005,105.21,1,8,7,7,5,43,0.3333333333333333,1,0
CHEMBL3805861,13.020072,6.0687213,NS(=O)(=O)c1ccc(Nc2nc(-c3cc4ccccc4oc3=O)cs2)cc1,Ki,4,multi-target,0,399.4530000000001,3.307500000000001,115.29,2,7,4,4,4,27,0.0,0,1
CHEMBL3805892,13.107624,6.527662,NS(=O)(=O)c1ccc(-n2cc(/C=N\Nc3nc(-c4cc5ccccc5oc4=O)cs3)c(-c3ccc(Cl)cc3)n2)cc1,Ki,4,multi-target,0,603.0850000000003,5.516000000000004,145.47000000000003,2,10,7,6,6,41,0.0,2,0
CHEMBL2316106,13.035401,6.4053726,NS(=O)(=O)c1ccc2c(c1)sc1nc(-c3cc4ccccc4oc3=O)cn12,Ki,4,multi-target,0,397.4370000000001,2.969800000000001,107.67000000000002,1,7,2,5,5,27,0.0,0,1
CHEMBL3735973,11.207327,5.3018723,Cc1ccc2oc(=O)c(-c3cccc(OCCCBr)c3)cc2c1,IC50,2,multi-target,0,373.246,4.932220000000004,39.44,0,3,5,3,3,23,0.2105263157894736,0,1
CHEMBL5276958,5.9834485,8.34057,COc1ccc(C(=O)c2nc3c(c(-c4ccccc4)c2N)c(=O)oc2ccccc23)cc1,Kd,1,single-target,0,422.44000000000017,4.830000000000003,95.42,1,6,4,5,5,32,0.0384615384615384,0,1
CHEMBL2261302,6.5627303,5.977949,COc1cc2c(=O)oc3c(O)c(O)cc4c(=O)oc(c1O)c2c34,IC50,1,single-target,0,316.22100000000006,1.6158000000000003,130.34,3,8,1,4,4,23,0.0666666666666666,0,1
CHEMBL5275635,6.9282007,8.887145,CCC(c1ccccc1)c1c(O)c2ccc(OC)cc2oc1=O,Ki,1,single-target,0,310.34900000000005,4.049100000000004,59.67,1,4,4,3,3,23,0.2105263157894736,0,1
CHEMBL5633213,15.871372,4.3917856,O=c1cc(OCc2cn(Cc3ccc(Oc4ccccc4)c(O)c3)nn2)c2ccccc2o1,IC50,1,single-target,0,441.44300000000015,4.509700000000002,99.61,1,8,7,5,5,33,0.08,0,1
CHEMBL3815018,11.158804,2.3268907,O=C(O)c1cc2ccc(N(Cc3ccccc3)Cc3ccccc3)cc2oc1=O,IC50,1,single-target,0,385.4190000000001,4.698000000000004,70.75,1,4,6,4,4,29,0.0833333333333333,0,1
CHEMBL2349085,2.941467,-6.9995413,Cc1cn([C@H]2C[C@H](n3cc(CNCc4cc5cc(Br)ccc5oc4=O)nn3)[C@@H](CO)O2)c(=O)[nH]c1=O,IC50,2,multi-target,0,559.3770000000002,1.116319999999999,157.27,3,11,7,5,4,36,0.3478260869565217,2,0
CHEMBL1082366,3.270816,8.968435,O=c1cc(N2CCOCC2)c2cc(-c3cccc(-c4ccccc4)c3)ccc2o1,IC50,1,single-target,0,383.44700000000006,4.963600000000004,42.68000000000001,0,4,3,5,4,29,0.16,0,1
CHEMBL572534,2.5785,1.0021358,NCc1cc(=O)oc2cc(OCc3cccc(Cl)c3)ccc12,IC50,2,multi-target,0,315.75600000000003,3.4841000000000024,65.46000000000001,1,4,4,3,3,22,0.1176470588235294,0,1
CHEMBL5840384,6.139181,3.1615195,COc1ccncc1-c1c(C)c(=O)oc2c(C)c3occ(C)c3cc12,IC50,1,single-target,0,335.3590000000001,4.535060000000004,65.47,0,5,2,4,4,25,0.2,0,1
CHEMBL5575945,2.5937076,2.669558,NS(=O)(=O)c1ccc(COc2ccc3c(c2)oc(=O)c2ccccc23)cc1,Ki,9,multi-target,1,381.4090000000001,3.172600000000002,99.6,1,5,4,4,4,27,0.05,0,1
CHEMBL5572092,8.585859,0.7450267,NS(=O)(=O)c1ccc(NC(=O)COc2ccc3ccc(=O)oc3c2)c(Br)c1,Ki,8,multi-target,1,453.2700000000001,2.2204,128.7,2,6,5,3,3,27,0.0588235294117647,0,1
CHEMBL5187916,5.553918,7.109736,CC(C)(C)OC(=O)c1cccc2oc(=O)c3c(ccc4[nH]c(=O)cc(C(F)(F)F)c43)c12,EC50,1,single-target,0,431.3660000000001,4.761800000000003,89.37,1,5,1,4,4,31,0.2272727272727272,0,1
CHEMBL5632873,12.189891,1.3373996,Nc1nccc2cc(OC(=O)c3cc4ccccc4oc3=O)ccc12,Ki,1,single-target,0,332.31500000000005,3.1426000000000016,95.42000000000002,1,6,2,4,4,25,0.0,0,1
CHEMBL4164851,5.8335185,3.7317193,Cc1c(O)ccc2c(-c3ccc([N+](=O)[O-])cc3)cc(=O)oc12,Ki,2,multi-target,0,297.2660000000001,3.382220000000002,93.58,1,5,2,3,3,22,0.0625,0,1
CHEMBL4522235,5.0708857,-3.444027,Cc1c(C)c2ccc(OCCCN3CCc4ccccc4C3)cc2oc1=O,IC50,4,multi-target,0,363.4570000000001,4.237040000000004,42.68,0,4,5,4,3,27,0.3478260869565217,0,1
CHEMBL577616,2.5504293,1.1603202,CN(C)C(=O)Cc1cc(=O)oc2cc(OCc3cccc(Cl)c3)ccc12,IC50,1,single-target,0,371.82,3.656100000000003,59.75,0,4,5,3,3,26,0.2,0,1
CHEMBL5285406,-2.2223086,-2.8658967,Cc1cc(=O)oc2cc(OCc3nc(N)nc(Nc4ccc5c(c4)COC5)n3)ccc12,EC50,1,single-target,0,417.4250000000002,3.221420000000001,125.39,2,9,5,5,4,31,0.1818181818181818,0,1
CHEMBL5276740,-2.2221692,-2.8662593,Cc1cc(=O)oc2cc(OCc3nc(N)nc(Nc4ccc(C(C)C)cc4)n3)ccc12,EC50,2,multi-target,0,417.4690000000001,4.314620000000002,116.16,2,8,6,4,4,31,0.217391304347826,0,1
CHEMBL5631307,15.289194,4.008451,COc1ccc2cc(C(=O)NCc3cn(Cc4ccc(Oc5ccccc5)c(O)c4)nn3)c(=O)oc2c1,IC50,1,single-target,0,498.4950000000002,3.8693000000000017,128.70999999999998,2,9,8,5,5,37,0.1111111111111111,0,1
CHEMBL5570880,2.6984346,2.162722,NS(=O)(=O)c1ccc(COc2ccc3c(Cl)cc(=O)oc3c2)cc1,Ki,8,multi-target,1,365.7940000000001,2.6728000000000005,99.6,1,5,4,3,3,24,0.0625,0,1
CHEMBL18978,2.4495094,4.146192,Cc1c(C)c2ccc(OS(=O)(=O)c3ccccc3)cc2oc1=O,IC50,3,multi-target,0,330.36100000000005,3.1775400000000014,73.58000000000001,0,5,3,3,3,23,0.1176470588235294,0,1
CHEMBL5429686,6.2633047,-2.1284444,O=c1cc(OCCCN2CCC(NCc3ccccc3F)CC2)c2ccc(-c3cccnc3)cc2o1,IC50,1,single-target,0,487.5750000000003,5.017200000000004,67.6,1,6,9,5,4,36,0.3103448275862069,1,0
CHEMBL5574400,2.2339509,3.3529694,Cc1cc(OCc2ccc(F)cc2)c2c(C)c(C)c(=O)oc2c1,IC50,1,single-target,0,312.34000000000003,4.436360000000004,39.44,0,3,3,3,3,23,0.2105263157894736,0,1
CHEMBL5595332,2.237072,1.6535122,CN(Cc1ccc(COc2ccc3c(CO)cc(=O)oc3c2)cc1)Cc1cccs1,IC50,3,multi-target,0,421.51800000000014,4.557800000000004,62.91,1,6,8,4,4,30,0.2083333333333333,0,1
CHEMBL5202683,3.895717,3.585749,C=CCSc1nc2nc(C)cc(Nc3ccc4c(C)cc(=O)oc4c3)n2n1,IC50,1,single-target,0,379.4450000000001,3.869240000000003,85.32000000000001,1,8,5,4,4,27,0.1578947368421052,0,1
CHEMBL3084443,10.945477,2.4714663,CCN(CC)c1ccc2cc(C(=O)NCCOCCOCCOc3cccc4c(C(=O)N[C@@H]5C[C@H]6CCC[C@@H](C5)N6C)nn(C)c34)c(=O)oc2c1,Ki,1,single-target,0,702.853,4.113000000000002,140.40000000000003,2,11,16,6,4,51,0.5263157894736842,2,0
CHEMBL4852553,-1.7809255,5.7405825,CCCCC(C)(C)c1cc(OC)c2cc(Cc3ccccc3OC)c(=O)oc2c1,Ki,2,multi-target,0,394.51100000000014,5.868800000000007,48.67,0,4,8,3,3,29,0.4,1,0
CHEMBL5558930,13.271397,1.3794228,C/C(=N\OCc1ccc(F)cc1)c1cc2ccccc2oc1=O,Ki,1,single-target,0,311.31200000000007,3.872900000000003,51.8,0,4,4,3,3,23,0.1111111111111111,0,1
CHEMBL4879017,12.19691,2.6947298,O=C(O)c1cc2c(ccc3cc(C(=O)O)c(=O)oc32)oc1=O,IC50,1,single-target,0,302.194,1.2957999999999998,135.01999999999998,2,6,2,3,3,22,0.0,0,1
CHEMBL243310,12.789825,4.4847145,COc1cc2cc(-c3cccc(CN(C)Cc4ccccc4)c3)c(=O)oc2cc1OC,IC50,1,single-target,0,415.48900000000015,5.109200000000005,51.91,0,5,7,4,4,31,0.1923076923076923,1,0
CHEMBL4864715,-1.1972317,-5.773478,N#CC1=C(N)Oc2c(c(=O)oc3ccccc23)C1c1cc2ccccc2s1,IC50,1,single-target,0,372.4050000000001,4.225880000000002,89.25000000000001,1,6,1,5,4,27,0.0476190476190476,0,1
CHEMBL4446234,8.690957,-0.24379544,COc1ccc(NCC(=O)Nc2ccc3oc(=O)ccc3c2)cc1,IC50,1,single-target,0,324.336,2.8522000000000007,80.57,2,5,5,3,3,24,0.1111111111111111,0,1
CHEMBL1085262,3.2763402,8.96176,O=c1cc(N2CCOCC2)c2ccc(-c3cccc4c3oc3ccccc34)cc2o1,IC50,1,single-target,0,397.4300000000002,5.196000000000004,55.82000000000001,0,5,2,6,5,30,0.16,1,0
CHEMBL5591482,16.40366,4.6841817,Cc1ccc(C(C)C)cc1OCc1cn(CCCCCOc2cc(=O)oc3ccccc23)nn1,IC50,1,single-target,0,461.5620000000002,5.644620000000005,79.38000000000001,0,7,11,4,4,34,0.3703703703703703,1,0
CHEMBL487235,4.2610784,5.4260926,C=C(Br)COc1ccc2c(oc(=O)c3ccccc32)c1C,IC50,2,multi-target,0,345.19200000000006,4.542020000000003,39.44,0,3,3,3,3,21,0.1176470588235294,0,1
CHEMBL1688919,8.600795,10.848566,O=c1oc2cc(Oc3ccccc3)ccc2cc1C(c1ccccc1)n1ccnc1,IC50,1,single-target,0,394.43000000000006,5.419500000000005,57.26,0,5,5,5,5,30,0.04,1,0
CHEMBL1406220,6.654977,4.7146645,CCN(CC)Cc1c(O)ccc2cc(-c3nc4ccccc4n3C)c(=O)oc12,AC50,1,single-target,0,377.4440000000001,3.8941000000000026,71.5,1,6,5,4,4,28,0.2727272727272727,0,1
CHEMBL500683,11.055446,1.162033,N#Cc1c(F)c(F)c(NC(=O)c2cc3ccc(OCc4ccc(F)cc4)cc3oc2=O)c(F)c1F,IC50,2,multi-target,0,486.3520000000002,5.191480000000002,92.33,1,5,5,4,4,35,0.0416666666666666,1,0
CHEMBL203348,6.316228,6.1691923,Cc1c(O)c(Cl)c(C)c2c1c(=O)oc1c(Cl)c(O)ccc12,IC50,2,multi-target,0,325.147,4.281040000000003,70.67,2,4,0,3,3,21,0.1333333333333333,0,1
CHEMBL1783714,11.354544,5.1036983,Cc1ccc2oc(=O)c(-c3ccccc3)cc2c1,IC50,1,single-target,0,236.27000000000004,3.7684200000000017,30.21,0,2,1,3,3,18,0.0625,0,1
CHEMBL12253,4.5652127,3.3100672,O=C(O)Cc1cc(=O)oc2cc(O)ccc12,Kd,5,multi-target,1,220.18,1.1257,87.74,2,4,2,2,2,16,0.0909090909090909,0,1
CHEMBL18503,2.520788,4.309378,CCCCCS(=O)(=O)Oc1ccc2c(C)c(C)c(=O)oc2c1,IC50,2,multi-target,0,324.3980000000001,3.3086400000000022,73.58000000000001,0,5,6,2,2,22,0.4375,0,1
CHEMBL5565616,2.7765083,2.1859057,COC(=O)c1c(OCc2ccc(S(N)(=O)=O)cc2)ccc2c(C)cc(=O)oc12,Ki,8,multi-target,1,403.4120000000002,2.11442,125.9,1,7,5,3,3,28,0.1578947368421052,0,1
CHEMBL5591906,7.696186,2.475838,CC(=O)c1c(OCc2ccc(S(N)(=O)=O)cc2)ccc2ccc(=O)oc12,Ki,7,multi-target,1,373.38600000000014,2.2220000000000004,116.67,1,6,5,3,3,26,0.1111111111111111,0,1
CHEMBL5396437,6.35748,8.122276,COc1cccc(Cc2c(O)c3ccccc3oc2=O)c1,IC50,1,single-target,0,282.295,3.0980000000000008,59.67,1,4,3,3,3,21,0.1176470588235294,0,1
CHEMBL273101,6.3874693,6.060062,Cc1c(Br)c(=O)oc2c(Br)c(O)ccc12,Ki,1,single-target,0,333.963,3.332020000000001,50.44,1,3,0,2,2,15,0.1,0,1
CHEMBL5421211,5.382651,6.8818593,O=C(O)c1[nH]c2c(=O)oc3cc(O)c(O)cc3c2c1-c1ccc(O)c(O)c1,IC50,2,multi-target,0,369.2850000000001,2.4619,164.22,6,7,2,4,4,27,0.0,1,0
CHEMBL5559986,3.2803776,1.9707841,Cc1cc(=O)oc2cc(OCCCCCNc3nc4cc(-c5ccccc5)ccc4o3)ccc12,Ki,1,single-target,0,454.5260000000001,6.570820000000005,77.5,1,6,9,5,5,34,0.2142857142857142,1,0
CHEMBL1539001,3.8744373,2.4807703,CCCc1cc(=O)oc2cc(OCc3ccc(C(=O)O)cc3)ccc12,AC50,2,multi-target,0,338.35900000000004,4.022700000000003,76.74,1,4,6,3,3,25,0.2,0,1
CHEMBL5561109,15.946829,4.2173886,O=c1ccc2cc(-n3cc(CNc4ccc(Br)cc4)nn3)ccc2o1,Ki,1,single-target,0,397.2320000000001,3.748300000000002,72.95,1,6,4,4,4,25,0.0555555555555555,0,1
CHEMBL3968332,5.681873,4.239416,Cc1cc(=O)oc2c3c(ccc12)O[C@@H](c1cc(F)c(F)cc1F)[C@@H](N)C3,IC50,1,single-target,0,361.3190000000001,3.5222200000000017,65.46,1,4,1,4,3,26,0.2105263157894736,0,1
CHEMBL3092186,11.114727,14.515996,Cc1c(Cc2cccc(NS(N)(=O)=O)c2)c(=O)oc2cc(OC(=O)N(C)C)c(F)cc12,IC50,2,multi-target,0,449.4600000000002,2.5071200000000013,131.94,2,6,5,3,3,31,0.2,0,1
CHEMBL3087906,13.688666,3.0864034,O=C(NC1CCN(Cc2ccccc2)CC1)c1cc2cc([N+](=O)[O-])ccc2oc1=O,IC50,2,multi-target,0,407.4260000000002,3.095600000000001,105.69,1,6,5,4,3,30,0.2727272727272727,0,1
CHEMBL5562537,9.385285,0.9252152,CC(=O)c1cc2ccc(OCc3ccc(S(N)(=O)=O)cc3)cc2oc1=O,Ki,8,multi-target,1,373.3860000000001,2.2219999999999995,116.67000000000002,1,6,5,3,3,26,0.1111111111111111,0,1
CHEMBL5571128,2.69712,2.1196153,NS(=O)(=O)c1ccc(COc2ccc3c(N4CCNCC4)cc(=O)oc3c2)cc1,Ki,8,multi-target,1,415.4710000000002,1.4289999999999996,114.87,2,7,5,4,3,29,0.25,0,1
CHEMBL4762530,7.234725,7.8147287,C/C(=N\Cc1cccc(C)c1)c1c(O)c2ccccc2oc1=O,IC50,1,single-target,0,307.34900000000005,3.816220000000003,62.8,1,4,3,3,3,23,0.1578947368421052,0,1
CHEMBL511966,13.008578,0.98897815,Cc1ccc(C)c(NC(=O)c2cc3ccccc3oc2=O)c1,IC50,2,multi-target,0,293.32200000000006,3.6621400000000017,59.31,1,3,2,3,3,22,0.1111111111111111,0,1
CHEMBL258768,6.687988,8.746257,CCCCCC(c1c(O)c2ccccc2oc1=O)c1c(O)c2ccccc2oc1=O,IC50,1,single-target,0,406.43400000000014,5.0228000000000055,100.88,2,6,6,4,4,30,0.25,1,0
CHEMBL4795202,8.844169,-0.21778142,O=C(/C=C/c1ccccc1)Nc1ccc2oc(=O)ccc2c1,Ki,2,multi-target,0,291.30600000000004,3.4449000000000023,59.31,1,3,3,3,3,22,0.0,0,1
CHEMBL4526265,5.8627677,-0.00022700465,O=c1cc(OCCCNCCc2ccccc2)c2ccccc2o1,IC50,1,single-target,0,323.39200000000005,3.3942000000000023,51.47,1,4,8,3,3,24,0.25,0,1
CHEMBL4549719,11.368077,-8.690832,O=c1cc(N[C@H]2C[C@H](N3CCN(c4nccc5ccccc45)CC3)C2)c2ccccc2o1,IC50,4,multi-target,0,426.52000000000027,4.106300000000004,61.61000000000001,1,6,4,6,4,32,0.3076923076923077,0,1
CHEMBL5268155,-2.1964028,-2.8323019,Cc1cc(=O)oc2cc(OCc3nc(N)nc(NCc4ccc(F)cc4)n3)ccc12,EC50,1,single-target,0,407.4050000000001,3.1988200000000013,116.16,2,8,6,4,4,30,0.1428571428571428,0,1
CHEMBL1597748,4.20636,5.415363,Cc1c(OCC(=O)Nc2cccnc2)ccc2c3c(c(=O)oc12)CCC3,AC50,2,multi-target,0,350.37400000000025,3.002620000000001,81.42999999999999,1,5,4,4,3,26,0.25,0,1
CHEMBL4077503,11.972577,3.0698068,O=C(O)c1cc2cc(Br)c(O)cc2oc1=O,IC50,1,single-target,0,285.04900000000004,1.9593,87.74000000000001,2,4,1,2,2,16,0.0,0,1
CHEMBL1441868,11.229781,3.0903194,CCCCCCc1cc2cc(S(=O)(=O)c3ccc(F)c(Cl)c3)c(=O)oc2cc1O,AC50,1,single-target,0,438.9040000000001,5.246700000000004,84.58,1,5,7,3,3,29,0.2857142857142857,1,0
CHEMBL4645944,4.626716,4.8735967,CCCc1cc(=O)oc2c(C)c(OCC(=O)NC(Cc3c[nH]c4ccc(O)cc34)C(=O)O)ccc12,IC50,1,single-target,0,478.5010000000002,3.431720000000001,141.86,4,6,9,4,4,35,0.2692307692307692,0,1
CHEMBL1303766,11.1094,2.4166017,CCN(CC)c1ccc2cc(C(=O)O)c(=O)oc2c1,IC50,2,multi-target,0,261.277,2.3374,70.75,1,4,4,2,2,19,0.2857142857142857,0,1
CHEMBL5414445,6.2631187,-2.1245732,O=c1cc(OCCCN2CCOCC2)c2ccc(-c3cccnc3)cc2o1,IC50,1,single-target,0,366.417,2.956100000000001,64.8,0,6,6,4,3,27,0.3333333333333333,0,1
CHEMBL4203107,-4.437611,6.3944354,C#CCN(C)CCOc1ccc2ccc(=O)oc2c1,IC50,2,multi-target,0,257.289,1.7368,42.68,0,4,5,2,2,19,0.2666666666666666,0,1
CHEMBL314285,5.802644,-8.816018,Cc1ccc2c3c(c(=O)oc2c1)CN(Cc1ccc(F)cc1)CC3,Ki,2,multi-target,0,323.3670000000001,3.7988200000000023,33.45,0,3,2,4,3,24,0.25,0,1
CHEMBL4436493,6.391041,6.9817953,O=c1cc(O)c2c(=O)oc3c4ccccc4ccc3c2o1,IC50,2,multi-target,0,280.235,2.7582000000000013,80.64999999999999,1,5,0,4,4,21,0.0,0,1
CHEMBL3763678,12.768882,2.7480145,O=C(Nc1ccc(Cl)cc1O)c1cc2cc(Cl)cc(Br)c2oc1=O,IC50,1,single-target,0,429.0530000000001,4.820200000000001,79.53999999999999,2,4,2,3,3,24,0.0,0,1
CHEMBL3586582,1.4881629,3.4473057,Cc1c(C)c2ccc(OCCCCCCN(C)Cc3ccccc3)cc2oc1=O,IC50,8,multi-target,1,393.527,5.481040000000005,42.68,0,4,10,3,3,29,0.4,1,0
CHEMBL3960492,3.6918902,3.39857,O=C(Nc1ccccc1C(=O)Nc1ccc2c(C(F)(F)F)cc(=O)oc2c1)c1ccc(Cl)cc1,Ki,2,multi-target,0,486.8330000000001,5.969800000000004,88.41000000000001,2,4,4,4,4,34,0.0416666666666666,1,0
CHEMBL4457710,2.3991785,6.871055,Cc1c(CC(=O)O)c(=O)oc2c(C)c(OCc3cc(C(F)(F)F)cc(C(F)(F)F)c3)ccc12,IC50,1,single-target,0,474.353,5.653540000000003,76.74,1,4,5,3,3,33,0.2727272727272727,1,0
CHEMBL4562937,2.5437837,6.6862626,Cc1c(CC(=O)O)c(=O)oc2c(C)c(OCc3ccccc3Cl)ccc12,IC50,1,single-target,0,372.804,4.269340000000003,76.74,1,4,5,3,3,26,0.2,0,1
CHEMBL3746856,-6.6318197,8.495986,CCCCCCCCCCCCNC(=O)c1cc2c(ccc3c(C)cc(=O)oc32)oc1=N,IC50,1,single-target,0,438.5680000000002,5.977790000000006,96.3,2,5,12,3,3,32,0.5,1,0
CHEMBL5618320,3.138631,0.98848367,COCCOc1ccc2c(OCCCCCCCC(=O)NO)cc(=O)oc2c1,IC50,1,single-target,0,393.436,3.043000000000001,107.23,2,7,13,2,2,28,0.5,0,1
CHEMBL4214760,-4.476614,6.402526,C#CCN(CCCCOc1ccc2ccc(=O)oc2c1)Cc1ccc(F)c(F)c1,IC50,2,multi-target,0,397.4210000000001,4.365600000000004,42.68,0,4,9,3,3,29,0.2608695652173913,0,1
CHEMBL3932874,1.6177732,-1.4143219,Cc1nnc(SCCCCOc2c3ccoc3cc3oc(=O)ccc23)s1,EC50,2,multi-target,0,388.4700000000001,4.650420000000002,78.36000000000001,0,8,7,4,4,26,0.2777777777777778,0,1
CHEMBL3747348,-6.6295276,8.494652,Cc1cc(=O)oc2c1ccc1oc(=N)c(C(=O)N3CCOCC3)cc12,IC50,1,single-target,0,340.3350000000001,1.79949,96.74,1,6,1,4,3,25,0.2777777777777778,0,1
CHEMBL392450,7.281897,8.645973,O=c1oc2ccccc2c(O)c1C(c1ccc(C(c2c(O)c3ccccc3oc2=O)c2c(O)c3ccccc3oc2=O)cc1)c1c(O)c2ccccc2oc1=O,IC50,1,single-target,0,746.6800000000002,7.295000000000007,201.76,4,12,6,9,9,56,0.0454545454545454,3,0
CHEMBL5188402,10.73003,4.716113,CC(=O)COc1cc(C)cc2cc(-c3ccc(C)cc3)c(=O)oc12,Ki,1,single-target,0,322.36000000000007,4.044640000000003,56.510000000000005,0,4,4,3,3,24,0.2,0,1
CHEMBL3629472,15.6656275,0.32722077,COc1ccc(/C=C/c2cc(OC)cc(OC)c2/C=C/C(=O)c2cc3ccc(C)cc3oc2=O)cc1,IC50,2,multi-target,0,482.5320000000002,6.193720000000006,74.97,0,6,8,4,4,36,0.1333333333333333,1,0
CHEMBL5219666,23.662209,-6.867708,COc1cc(/C=C/C(=O)OCCCCCCCN(CCCOC(=O)c2c3ccccc3cc3ccccc23)CCCOc2ccc3ccc(=O)oc3c2)cc(OC)c1OC,Ki,2,multi-target,0,815.9599999999999,9.6503,122.97,0,11,23,6,6,60,0.3265306122448979,3,0
CHEMBL3906400,1.6612983,-1.3741612,O=c1ccc2c(OCCCOc3ccccc3)c3ccoc3cc2o1,EC50,4,multi-target,0,336.34300000000013,4.387100000000003,61.81,0,5,6,4,4,25,0.15,0,1
CHEMBL5078658,1.7121288,3.2377894,Cc1c(C)c2ccc(OCc3ccc(CN(C)CCCC(F)F)cc3)cc2oc1=O,IC50,3,multi-target,0,415.4800000000001,5.465940000000006,42.68,0,4,9,3,3,30,0.375,1,0
CHEMBL3629468,15.647529,0.3157803,COc1ccc(/C=C/c2cc(OC)cc(OC)c2/C=C/C(=O)c2cc3ccc(OC)cc3oc2=O)cc1,IC50,1,single-target,0,498.5310000000002,5.893900000000006,84.20000000000002,0,7,9,4,4,37,0.1333333333333333,1,0
CHEMBL194961,7.4876666,2.7723777,CC(C)CNCc1c(O)ccc2ccc(=O)oc12,IC50,1,single-target,0,247.294,2.2442,62.47,2,4,4,2,2,18,0.3571428571428571,0,1
CHEMBL388604,4.2215395,2.798656,COc1ccc2c(Cn3cncn3)cc(=O)oc2c1,IC50,1,single-target,0,257.249,1.4413999999999998,70.15,0,6,3,3,3,19,0.1538461538461538,0,1
CHEMBL5423031,7.708797,-0.5942822,O=c1ccc2ccc(COC(Cn3ccnc3)c3ccc(Cl)cc3Cl)cc2o1,IC50,5,multi-target,1,415.2760000000001,5.254400000000004,57.260000000000005,0,5,6,4,4,28,0.1428571428571428,1,0
CHEMBL4638278,-1.0780137,5.7889814,CCOP(=O)(OCC)Oc1cccc2oc(=O)c(Cc3ccccc3)cc12,IC50,1,single-target,0,388.35600000000017,4.943700000000004,74.97,0,6,8,3,3,27,0.25,0,1
CHEMBL4854892,4.0190825,3.9123275,CCN(C)c1ccc2c(C)cc(=O)oc2c1,EC50,1,single-target,0,217.268,2.55752,33.45,0,3,2,2,2,16,0.3076923076923077,0,1
CHEMBL5430322,6.2639437,-2.126488,O=c1cc(OCCCN2CCC(NCc3ccc(F)c(F)c3)CC2)c2ccc(-c3cccnc3)cc2o1,IC50,3,multi-target,0,505.5650000000003,5.156300000000004,67.6,1,6,9,5,4,37,0.3103448275862069,2,0
CHEMBL2105653,4.1463566,1.7891276,CC[C@](O)(c1nnc(NCc2ccc3c(-c4ccc(F)cc4)cc(=O)oc3c2)o1)C(F)(F)F,IC50,1,single-target,0,463.3870000000001,4.754100000000002,101.39,2,7,6,4,4,33,0.2272727272727272,0,1
CHEMBL1334968,13.04154,6.03182,COc1ccc2oc(=O)c(-c3csc(Nc4ccc(O)cc4)n3)cc2c1,EC50,1,single-target,0,366.3980000000001,4.374300000000002,84.59,2,7,4,4,4,26,0.0526315789473684,0,1
CHEMBL3819198,8.510513,-7.7839656,NS(=O)(=O)Oc1ccc2cc(-c3ccc(NP(=O)(OCc4ccccc4)OCc4ccccc4)cc3)c(=O)oc2c1,IC50,1,single-target,0,592.5660000000003,5.995900000000004,147.16000000000005,2,8,11,5,5,41,0.0689655172413793,2,0
CHEMBL5397599,6.2673535,-2.1294281,O=c1cc(OCCCN2CCC(NCc3ccsc3)CC2)c2ccc(-c3cccnc3)cc2o1,IC50,2,multi-target,0,475.61400000000026,4.939600000000005,67.6,1,7,9,5,4,34,0.3333333333333333,0,1
CHEMBL2178456,2.4757543,6.306205,CCc1c(OCc2ccc(-c3ccccc3)cc2)ccc2c(C)c(CCC(=O)O)c(=O)oc12,IC50,1,single-target,0,442.5110000000003,5.927020000000006,76.74000000000001,1,4,8,4,4,33,0.2142857142857142,1,0
CHEMBL4849771,5.6082954,20.807684,CCSc1cccc(C(=O)Nc2c(O)c3ccc(O)cc3oc2=O)c1,Ki,2,multi-target,0,357.3870000000001,3.568500000000001,99.77,3,6,4,3,3,25,0.1111111111111111,0,1
CHEMBL5416204,6.192362,-1.8252952,O=c1cc(OCCCNC2CCN(Cc3ccccc3)CC2)c2ccc(-c3ccnc(F)c3)cc2o1,IC50,1,single-target,0,487.5750000000003,5.017200000000004,67.6,1,6,9,5,4,36,0.3103448275862069,1,0
CHEMBL4747453,6.5829625,4.293806,O=c1ccc2cc(O)c(O)c(CN3CCCC3)c2o1,IC50,1,single-target,0,261.277,1.7999999999999998,73.91,2,5,2,3,2,19,0.3571428571428571,0,1
CHEMBL5433782,6.261958,-2.132364,N#Cc1cccc(CNC2CCN(CCCOc3cc(=O)oc4cc(-c5cccnc5)ccc34)CC2)c1,IC50,1,single-target,0,494.5950000000002,4.749780000000005,91.39,1,7,9,5,4,37,0.3,0,1
CHEMBL4476026,-3.4267068,0.0614302,O=C(Cc1cc(=O)oc2cc(O)ccc12)NCCCCCCCNc1c2c(nc3ccccc13)CCCC2,IC50,1,single-target,0,513.6380000000005,5.646900000000005,104.46,3,6,11,5,4,38,0.3870967741935484,2,0
CHEMBL1835831,9.018535,-0.92224026,O=c1ccc2cc(-c3cccc(-c4cccnc4)c3)ccc2o1,IC50,1,single-target,0,299.32900000000006,4.522000000000003,43.1,0,3,2,4,4,23,0.0,0,1
CHEMBL5398015,5.6438756,4.615596,CC(=O)Nc1c(O)ccc2c(C)cc(=O)oc12,IC50,2,multi-target,0,233.223,1.7654199999999998,79.54,2,4,1,2,2,17,0.1666666666666666,0,1
CHEMBL3264729,7.197977,8.435905,COc1ccc(C(c2c(O)c3cc(Cl)ccc3oc2=O)c2c(O)c3cc(Cl)ccc3oc2=O)cc1OC,IC50,1,single-target,0,541.3390000000003,5.814800000000004,119.34000000000002,2,8,5,5,5,37,0.1111111111111111,2,0
CHEMBL3601510,5.6539645,4.243212,Cc1cc(=O)oc2c1ccc1ncccc12,Ki,2,multi-target,0,211.22,2.6496200000000005,43.1,0,3,0,3,3,16,0.0769230769230769,0,1
CHEMBL5091168,4.6113467,1.4787192,CC(C)c1ccc(COc2ccc3c(C(F)(F)F)cc(=O)oc3c2)cc1,IC50,1,single-target,0,362.347,5.514200000000004,39.44,0,3,4,3,3,26,0.25,1,0
CHEMBL5563438,9.011006,0.9482087,CCOC(=O)c1cc2ccc(OCC(=O)Nc3ccc(S(N)(=O)=O)cc3F)cc2oc1=O,Ki,7,multi-target,1,464.4270000000002,1.7737,155.0,2,8,7,3,3,32,0.15,0,1
CHEMBL3265277,5.9563103,-8.426802,C=CCOC(=O)N1CCc2c(c(=O)oc3c(/C=C/C(=O)OCC)c(O)ccc23)C1,IC50,1,single-target,0,399.3990000000002,2.755600000000001,106.28,1,7,5,3,2,29,0.2857142857142857,0,1
CHEMBL1437982,4.0042896,12.039866,O=C(Cn1ncc2c(=O)oc3ccccc3c21)Nc1nc2ccccc2s1,EC50,1,single-target,0,376.3970000000001,3.3911000000000016,90.02,1,7,3,5,5,27,0.0526315789473684,0,1
CHEMBL259153,7.3330507,8.658695,O=c1oc2ccccc2c(O)c1C(c1ccncc1)c1c(O)c2ccccc2oc1=O,IC50,1,single-target,0,413.38500000000016,3.8858000000000015,113.77,2,7,3,5,5,31,0.0416666666666666,0,1
CHEMBL2114959,7.570764,2.3993285,CC1(C)C2CC[C@@H](Cc3cccc4ccc(=O)oc34)C1C2,Kd,1,single-target,0,282.38300000000004,4.407800000000004,30.21,0,2,2,5,2,21,0.5263157894736842,0,1
CHEMBL501358,7.58413,1.8546455,COc1c2c(cc3oc(=O)ccc13)OC(C)(C)C=C2,Ki,5,multi-target,1,258.273,2.985800000000001,48.67,0,4,1,3,2,19,0.2666666666666666,0,1
CHEMBL1344701,3.6103864,2.1875744,COC(=O)COc1ccc2c(-c3cccc([N+](=O)[O-])c3)cc(=O)oc2c1,AC50,2,multi-target,0,355.30200000000013,2.920000000000001,108.88,0,7,5,3,3,26,0.1111111111111111,0,1
CHEMBL1408096,11.988305,4.804141,O=c1oc2c(Cl)cc(Cl)cc2cc1-c1nnc(Nc2ccccc2F)s1,AC50,1,single-target,0,408.241,5.501000000000002,68.02,1,6,3,4,4,26,0.0,1,0
CHEMBL1317231,7.079799,8.820969,CC(=O)C[C@H](c1ccc([N+](=O)[O-])cc1)c1c(O)c2ccccc2oc1=O,AC50,1,single-target,0,353.33000000000004,3.517800000000003,110.65,1,6,5,3,3,26,0.1578947368421052,0,1
CHEMBL5569246,2.3414798,6.964253,Cc1c(CC(=O)O)c(=O)oc2c(Cl)c(OCc3cccc(Br)c3)ccc12,IC50,1,single-target,0,437.673,4.723420000000004,76.74,1,4,5,3,3,26,0.1578947368421052,0,1
CHEMBL5597922,7.77265,0.051106818,O=C(NCCOc1ccc2ccc(=O)oc2c1)c1ccc2c(c1)no[n+]2[O-],Ki,2,multi-target,0,367.31700000000006,1.3764,121.51,1,7,5,4,4,27,0.1111111111111111,0,1
CHEMBL5207696,8.54868,1.9118333,C=CC(C)(C)c1cc2cc(CC=O)c(OC)cc2oc1=O,EC50,1,single-target,0,286.327,3.006600000000001,56.51,0,4,5,2,2,21,0.2941176470588235,0,1
CHEMBL4867942,5.672543,20.739296,CC(C)Cc1cccc(C(=O)Nc2c(O)c3ccc(O)cc3oc2=O)c1,Ki,2,multi-target,0,353.3740000000001,3.655000000000003,99.77,3,5,4,3,3,26,0.2,0,1
CHEMBL4532465,10.460225,4.2515206,COc1cccc2cc(-c3ccc([N+](=O)[O-])cc3)c(=O)oc12,Ki,2,multi-target,0,297.266,3.376800000000003,82.58,0,5,3,3,3,22,0.0625,0,1
CHEMBL3261202,12.853516,2.6171298,COc1ccccc1NC(=O)c1cc2cc(Br)cc(Br)c2oc1=O,IC50,1,single-target,0,453.08600000000007,4.578900000000002,68.53999999999999,1,4,3,3,3,24,0.0588235294117647,0,1
CHEMBL4452143,4.124387,11.045987,O=c1oc2ccccc2c2nn(CN3CCN(S(=O)(=O)c4ccc(C(F)(F)F)cc4)CC3)cc12,IC50,5,multi-target,1,492.47900000000016,3.1255000000000024,88.65,0,7,4,5,4,34,0.2727272727272727,0,1
CHEMBL4470448,6.9293327,-3.3752515,Cc1c(C)c2ccc(OCC3CCN(Cc4cccc(OCCCO)c4)CC3)cc2oc1=O,IC50,6,multi-target,1,451.56300000000033,4.4620400000000044,72.14000000000001,1,6,9,4,3,33,0.4444444444444444,0,1
CHEMBL4442642,15.825841,2.184199,C#CCOc1ccc2cc(Cn3ccc(=O)c(O)c3CC)c(=O)oc2c1,IC50,1,single-target,0,351.3580000000001,2.2830000000000004,81.67,1,6,5,3,3,26,0.2,0,1
CHEMBL3360639,4.0106072,12.047761,COc1cc(NC(=O)Cn2ncc3c(=O)oc4cc(C)ccc4c32)ccc1Cl,IC50,1,single-target,0,397.8180000000001,3.751820000000002,86.36,1,6,4,4,4,28,0.15,0,1
CHEMBL4176232,7.5700407,14.588005,COc1ccc2c(Oc3ccc(OCCN(C)C)cc3)c(-c3ccc(F)cc3)c(=O)oc2c1,IC50,1,single-target,0,449.4780000000001,5.340400000000005,61.14,0,6,8,4,4,33,0.1923076923076923,1,0
CHEMBL3265286,5.9616523,-8.411627,C=CCOC(=O)N1CCCc2c(c(=O)oc3c(C=O)c(O)ccc23)C1,IC50,1,single-target,0,343.3350000000001,2.381900000000001,97.05,1,6,3,3,2,25,0.2777777777777778,0,1
CHEMBL4459482,6.9409037,-3.3653884,Cc1c(C)c2ccc(OCC3CCN(Cc4cccc(CO[N+](=O)[O-])c4)CC3)cc2oc1=O,IC50,3,multi-target,0,452.5070000000003,4.409140000000003,95.05,0,7,8,4,3,33,0.4,0,1
CHEMBL4472668,5.777516,-9.452533,CN1CCC(Oc2ccc3c4c(c(=O)oc3c2)CN(C(=O)c2ccc(C(=O)O)cc2)CC4)CC1,IC50,2,multi-target,0,462.5020000000003,3.162700000000002,100.29,1,6,4,5,3,34,0.3461538461538461,0,1
CHEMBL5583798,8.762833,-0.23772866,O=C(Nc1ccc2oc(=O)ccc2c1)c1cc(O)ccc1O,IC50,1,single-target,0,297.266,2.456500000000001,99.77,3,5,2,3,3,22,0.0,0,1
CHEMBL5563477,3.636951,3.8374767,Cc1cc(=O)oc2cc(NCc3cc([N+](=O)[O-])ccc3O)ccc12,Kd,1,single-target,0,326.30800000000005,3.327320000000002,105.61,2,6,4,3,3,24,0.1176470588235294,0,1
CHEMBL3786636,11.80718,7.757622,CC(C)NCC(=O)N1N=C(c2cc3ccccc3oc2=O)CC1c1ccccc1,IC50,1,single-target,0,389.45500000000015,3.468700000000002,74.91,1,5,5,4,3,29,0.2608695652173913,0,1
CHEMBL4743471,12.647487,0.9509216,Cc1ccc2oc(=O)c(C(=O)Nc3ccc(N)cc3)cc2c1,IC50,1,single-target,0,294.31000000000006,2.9359200000000003,85.33,2,4,2,3,3,22,0.0588235294117647,0,1
CHEMBL4467130,8.5800905,-0.30521354,O=C(CNc1ccc2oc(=O)ccc2c1)N1CCN(c2ccccc2)CC1,IC50,1,single-target,0,363.4170000000001,2.553700000000001,65.79,1,5,4,4,3,27,0.238095238095238,0,1
CHEMBL5411508,13.695403,1.2900347,C/C(=N\NS(=O)(=O)c1ccccc1)c1cc2ccccc2oc1=O,IC50,1,single-target,0,342.3760000000001,2.4955000000000007,88.74000000000001,1,5,4,3,3,24,0.0588235294117647,0,1
CHEMBL4649115,8.5725,1.928892,C=CC(C)(C)c1cc(C(=O)c2c(-c3cc(-c4cc5cc(C(C)(C)C=C)c(O)cc5oc4=O)c(O)cc3O)oc3cc(O)ccc23)c(O)cc1O,IC50,1,single-target,0,674.7020000000003,8.264999999999997,181.8,6,10,8,6,6,50,0.15,3,0
CHEMBL4867343,5.6938577,20.714006,CC(C)C[C@H](NC(=O)OC(C)(C)C)C(=O)Nc1c(O)c2ccc(O)cc2oc1=O,Ki,2,multi-target,0,406.4350000000001,3.0821000000000014,138.1,4,7,5,2,2,29,0.45,0,1
CHEMBL4469915,2.3849473,6.8969336,Cc1c(CC(=O)O)c(=O)oc2c(C)c(OCc3cccc([N+](=O)[O-])c3)ccc12,IC50,1,single-target,0,383.3560000000001,3.524140000000002,119.88,1,6,6,3,3,28,0.2,0,1
CHEMBL5556495,15.305378,-0.7801275,CCOc1cccc2cc(/C(C)=N/Nc3nc(-c4cc5ccccc5oc4=O)cs3)c(=O)oc12,Ki,3,multi-target,0,473.5100000000002,5.257700000000003,106.93,1,9,6,5,5,34,0.12,1,0
CHEMBL5573707,2.2983115,7.0068192,Cc1cc(OCc2cccc(C(F)F)c2)cc2oc(=O)c(CC(=O)O)c(C)c12,IC50,1,single-target,0,388.3660000000002,4.553540000000004,76.74,1,4,6,3,3,28,0.238095238095238,0,1
CHEMBL4778639,16.395855,4.7219653,O=c1cc(OCCn2cc(Cn3nc4ccccc4n3)nn2)c2ccccc2o1,IC50,1,single-target,0,388.3870000000001,2.2565,100.86,0,9,6,5,5,29,0.15,0,1
CHEMBL5567239,2.3326936,6.975235,Cc1c(CC(=O)O)c(=O)oc2c(F)c(OCc3cccc(Br)c3)ccc12,IC50,1,single-target,0,421.218,4.209120000000003,76.74,1,4,5,3,3,26,0.1578947368421052,0,1
CHEMBL5574882,2.3261127,6.9691787,Cc1c(CC(=O)O)c(=O)oc2c(Cl)c(OCc3cccc(C(F)(F)F)c3)ccc12,IC50,1,single-target,0,426.774,4.979720000000003,76.74,1,4,5,3,3,29,0.2,0,1
CHEMBL4800187,-9.887387,0.14666718,COc1ccc2c(CC(=O)N[C@@H](CC(=O)O)C(=O)O[C@@H]3CC[C@@]4(C)[C@H](CC[C@@H]5[C@@H]4CC[C@]4(C)[C@@H]([C@H](C)CCC(=O)OCCN=[N+]=[N-])CC[C@@H]54)C3)cc(=O)oc2c1,IC50,1,single-target,0,776.9279999999999,7.144100000000008,207.2,2,10,15,6,2,56,0.6904761904761905,2,0
CHEMBL4777310,-9.8874,0.14666775,COc1ccc2c(CC(=O)N[C@@H](CC(=O)O)C(=O)O[C@@H]3CC[C@@]4(C)[C@H](CC[C@@H]5[C@@H]4CC[C@]4(C)[C@@H]([C@H](C)CCC(=O)OCCOCCOCCOCCOCCN=[N+]=[N-])CC[C@@H]54)C3)cc(=O)oc2c1,IC50,1,single-target,0,953.1399999999994,7.210500000000008,244.11999999999995,2,14,27,6,2,68,0.74,3,0
CHEMBL1835813,9.55644,-1.1568662,CCN(CC)c1cc2oc(=O)ccc2cc1-c1ccc(C(C)=O)cc1,IC50,1,single-target,0,335.4030000000001,4.508800000000004,50.52,0,4,5,3,3,25,0.238095238095238,0,1
CHEMBL3612751,3.706771,4.9373116,CCCCCCCCCCc1c(C)c2ccc(N)cc2oc1=O,IC50,1,single-target,0,315.45700000000005,5.366820000000005,56.23,1,3,9,2,2,23,0.55,1,0
CHEMBL4864565,5.835604,20.566471,CC(C)CCc1cccc(C(=O)Nc2c(O)c3ccc(NS(=O)(=O)CC(C)C)cc3oc2=O)c1,Ki,2,multi-target,0,486.59000000000026,4.737200000000003,125.71,3,6,9,3,3,34,0.36,0,1
CHEMBL4868774,5.6123114,20.79585,CC(C)CS(=O)(=O)Nc1cccc(C(=O)Nc2c(O)c3ccc(O)cc3oc2=O)c1,Ki,2,multi-target,0,432.4540000000002,2.8542000000000005,145.94,4,7,6,3,3,30,0.2,0,1
CHEMBL4777012,6.60484,4.227257,CN(C)Cc1c(O)c(O)cc2ccc(=O)oc12,IC50,1,single-target,0,235.239,1.2657999999999998,73.91,2,5,2,2,2,17,0.25,0,1
CHEMBL5432023,6.3256474,8.16586,O=c1oc2ccccc2c(O)c1Cc1ccc(Br)cc1,IC50,1,single-target,0,331.165,3.8519000000000014,50.44,1,3,2,3,3,20,0.0625,0,1
CHEMBL4127948,13.644733,1.3820453,CC1=CC/C(=N/N=C(\C)c2cc3ccccc3oc2=O)N1C,IC50,2,multi-target,0,295.34200000000004,3.1548000000000016,58.17,0,4,2,3,2,22,0.2352941176470588,0,1
CHEMBL5589767,2.8550603,3.155821,Cc1c(Cl)c(=O)oc2cc(OCC(=O)Nc3ccc(S(N)(=O)=O)cc3F)ccc12,Ki,8,multi-target,1,440.8360000000001,2.55882,128.7,2,6,5,3,3,29,0.1111111111111111,0,1
CHEMBL5402751,5.6104507,4.634476,Cc1cc(=O)oc2c(NC(=O)/C=C/c3ccccc3)c(O)ccc12,IC50,1,single-target,0,321.33200000000005,3.4589200000000018,79.54,2,4,3,3,3,24,0.0526315789473684,0,1
CHEMBL5271554,5.222385,6.0401754,CC(=O)CC(c1ccccc1)c1c(O)c2ccc(C)c(C)c2oc1=O,IC50,1,single-target,0,336.3870000000001,4.226440000000004,67.50999999999999,1,4,4,3,3,25,0.238095238095238,0,1
CHEMBL5597488,7.876362,0.046208266,O=C(Oc1ccc2ccc(=O)oc2c1)c1ccc2c(c1)no[n+]2[O-],Ki,2,multi-target,0,324.248,1.7868,109.48,0,7,2,4,4,24,0.0,0,1
CHEMBL4436042,5.179968,-3.589023,COc1cc2c(cc1OC)CN(CCOc1ccc3c(C)c(C)c(=O)oc3c1)CC2,IC50,2,multi-target,0,409.48200000000026,3.864140000000004,61.14,0,6,6,4,3,30,0.375,0,1
CHEMBL4280270,7.5664067,-0.47749308,O=c1ccc2ccc(OCCCCCCCCn3cncn3)cc2o1,IC50,1,single-target,0,341.41099999999994,3.8041000000000023,70.15,0,6,10,3,3,25,0.4210526315789473,0,1
CHEMBL2314429,13.166214,4.0709524,COc1cc2cc(C(=O)NCCCCN(C)Cc3ccccc3)c(=O)oc2cc1OC,IC50,1,single-target,0,424.4970000000001,3.452200000000002,81.01,1,6,10,3,3,31,0.3333333333333333,0,1
CHEMBL5083886,4.603217,1.4865429,O=c1cc(C(F)(F)F)c2ccc(OCc3ccncc3)cc2o1,IC50,1,single-target,0,321.2540000000001,3.785800000000002,52.33,0,4,3,3,3,23,0.125,0,1
CHEMBL2322255,3.895301,6.830724,Cc1oc2c(C)c3oc(=O)c(CCC(=O)Nc4cccc(C(=O)O)c4)c(C)c3cc2c1C,EC50,1,single-target,0,433.4600000000002,5.042380000000004,109.75,2,5,5,4,4,32,0.24,1,0
CHEMBL5083994,2.494996,6.2774367,Cc1ccc(C)c(COc2ccc3c(C)c(CCC(=O)O)c(=O)oc3c2C)c1,IC50,1,single-target,0,380.4400000000001,4.622880000000003,76.74000000000001,1,4,6,3,3,28,0.3043478260869565,0,1
CHEMBL4079988,6.817241,8.841864,CCCCCCCCCCCC(c1ccccc1)c1c(O)c2ccccc2oc1=O,Ki,1,single-target,0,406.5660000000002,7.551400000000008,50.440000000000005,1,3,12,3,3,30,0.4444444444444444,1,0
CHEMBL4586480,16.300041,4.6286535,O=C(COc1cc(=O)oc2ccccc12)OCc1cn(Cc2ccccc2Cl)nn1,IC50,1,single-target,0,425.8280000000001,3.208400000000002,96.45000000000002,0,8,7,4,4,30,0.1428571428571428,0,1
CHEMBL4782257,6.5036573,4.433377,Cc1cc(=O)oc2c(CN3CCC(O)CC3)c(O)c(O)cc12,IC50,1,single-target,0,305.33,1.4693199999999995,94.14,3,6,2,3,2,22,0.4375,0,1
CHEMBL5561026,13.309391,11.631431,CCOc1ccc2oc(=O)cc(C3SC(N(C(C)=O)[C@@H]4O[C@H](COC(C)=O)[C@H](OC(C)=O)[C@H](OC(C)=O)[C@H]4OC(C)=O)=NN3C(C)=O)c2c1,IC50,2,multi-target,0,705.6950000000002,1.9882,206.85,0,16,9,4,2,49,0.4838709677419355,2,0
CHEMBL4797650,-4.0657306,-0.5732352,CC(C)CN(C[C@@H](O)[C@H](Cc1ccccc1)NC(=O)Cc1cc2ccc(O)cc2oc1=O)S(=O)(=O)c1ccc([N+](=O)[O-])cc1,IC50,2,multi-target,0,623.6840000000003,3.3846000000000016,180.29,3,9,13,4,4,44,0.2903225806451613,1,0
CHEMBL4437163,8.537834,-0.9985401,CSc1ccc(/C=N/c2ccc3oc(=O)ccc3c2)cc1,IC50,1,single-target,0,295.363,4.265500000000003,42.57,0,4,3,3,3,21,0.0588235294117647,0,1
CHEMBL5633098,11.960384,1.2378905,COc1ccc2cc(C(=O)Oc3ccc4cc(C(=N)N)ccc4c3)c(=O)oc2c1,Ki,1,single-target,0,388.3790000000001,3.45807,115.61,2,6,4,4,4,29,0.0454545454545454,0,1
CHEMBL5559628,15.336674,-0.81971985,CCOc1cccc2cc(/C(C)=N/Nc3nc(-c4ccc(C)cc4)cs3)c(=O)oc12,Ki,3,multi-target,0,419.50600000000014,5.459720000000004,76.72,1,7,6,4,4,30,0.1739130434782608,1,0
CHEMBL4637317,3.7043016,6.6107135,Cc1c(CC(=O)NC(Cc2ccc(Cl)cc2)C(=O)O)c(=O)oc2c(C)c3occ(-c4ccc(F)cc4)c3cc12,IC50,1,single-target,0,547.9660000000002,5.970140000000004,109.75,2,5,7,5,5,39,0.1666666666666666,2,0
CHEMBL4875009,12.009572,2.888376,COc1ccc(-c2cc3cc(C(=O)O)c(=O)oc3c3cc(C(=O)O)c(=O)oc23)c(F)c1,IC50,1,single-target,0,426.30800000000016,3.1105,144.25,2,7,4,4,4,31,0.0476190476190476,0,1
CHEMBL5564061,13.357002,1.9399997,COc1ccc2cc(C(=O)Nc3ccc(S(N)(=O)=O)cc3Cl)c(=O)oc2c1,Ki,7,multi-target,1,408.8190000000002,2.3547,128.7,2,6,4,3,3,27,0.0588235294117647,0,1
CHEMBL5563274,2.3516784,6.9422784,Cc1c(CC(=O)O)c(=O)oc2c(Br)c(OCc3cccc(C(F)(F)F)c3)ccc12,IC50,1,single-target,0,471.22500000000014,5.088820000000003,76.74,1,4,5,3,3,29,0.2,1,0
CHEMBL4788347,7.556819,14.546374,COc1cc(F)ccc1-c1nc(Nc2ccc3c(N4CCOCC4)c(C(C)=O)c(=O)oc3c2)ncc1F,IC50,1,single-target,0,508.4810000000004,4.319600000000003,106.79,1,9,6,5,4,37,0.2307692307692307,1,0
CHEMBL5570930,7.3592052,0.7864877,CC(=O)c1cc2ccc(OC/C=C(\C)CC/C=C(\C)CCC=C(C)C)cc2oc1=O,IC50,1,single-target,0,408.5380000000002,6.793600000000007,56.51,0,4,10,2,2,30,0.3846153846153846,1,0
CHEMBL5432539,11.11756,4.4687595,O=c1oc2cc(Br)ccc2cc1-c1ccc(Br)nn1,IC50,1,single-target,0,382.011,3.775000000000001,55.99,0,4,1,3,3,19,0.0,0,1
CHEMBL5182080,8.181853,1.3257176,CO[C@H](Cc1cc2ccc(=O)oc2cc1O)C(C)(C)O,EC50,1,single-target,0,278.304,1.8269999999999995,79.9,2,5,4,2,2,20,0.4,0,1
CHEMBL5565967,16.441586,4.7028008,Cc1ccc(C(C)C)c(OCc2cn(CCCCCOc3cc(=O)oc4ccccc34)nn2)c1,IC50,1,single-target,0,461.5620000000002,5.644620000000005,79.38000000000001,0,7,11,4,4,34,0.3703703703703703,1,0
CHEMBL4464239,5.183448,-3.5915709,COc1cc2c(cc1OC)CN(CCCCCCOc1ccc3c(C)c(C)c(=O)oc3c1)CC2,IC50,2,multi-target,0,465.59000000000026,5.424540000000006,61.14,0,6,10,4,3,34,0.4642857142857143,1,0
CHEMBL5272492,-2.223281,-2.8681972,CCc1cc(=O)oc2cc(OCc3nc(N)nc(Nc4ccc(C)cc4)n3)ccc12,EC50,2,multi-target,0,403.44200000000006,3.7536200000000015,116.16,2,8,6,4,4,30,0.1818181818181818,0,1
CHEMBL5279836,-2.2194853,-2.8650577,CCCc1cc(=O)oc2cc(OCc3nc(N)nc(Nc4ccc(C)cc4)n3)ccc12,EC50,1,single-target,0,417.4690000000001,4.143720000000002,116.16,2,8,7,4,4,31,0.217391304347826,0,1
CHEMBL5436440,5.6264696,4.7135987,Cc1cc(=O)oc2c(NC(=O)c3ccco3)c(O)ccc12,IC50,1,single-target,0,285.255,2.6523200000000005,92.68,2,5,2,3,3,21,0.0666666666666666,0,1
CHEMBL5563533,2.3054385,6.9954095,Cc1cc(OCc2cccc(C(F)(F)F)c2)cc2oc(=O)c(CC(=O)O)c(C)c12,IC50,1,single-target,0,406.3560000000002,4.634740000000003,76.74,1,4,5,3,3,29,0.238095238095238,0,1
CHEMBL4557045,6.2736197,-1.1837173,O=c1ccc2ccc(OCC3CCCN(CCCO)C3)cc2o1,IC50,2,multi-target,0,317.385,2.2662000000000004,62.91,1,5,6,3,2,23,0.5,0,1
CHEMBL4742865,7.1831517,7.812646,CCCCC/N=C(\C)c1c(O)c2ccccc2oc1=O,IC50,1,single-target,0,273.33200000000005,3.4978000000000016,62.8,1,4,5,2,2,20,0.375,0,1
CHEMBL4760577,8.85715,-0.18948807,O=C(/C=C/c1ccc(F)c(F)c1)Nc1ccc2oc(=O)ccc2c1,Ki,2,multi-target,0,327.28600000000006,3.7231000000000014,59.31,1,3,3,3,3,24,0.0,0,1
CHEMBL5219884,7.0848308,1.6040106,COc1ccc(-c2c3occc3c(OC[C@H]3OC3(C)C)c3ccc(=O)oc23)cc1OC,IC50,1,single-target,0,422.43300000000016,4.779600000000005,83.57000000000001,0,7,6,5,4,31,0.2916666666666667,0,1
CHEMBL5572745,2.8600268,3.1872175,Cc1c(Cl)c(=O)oc2cc(OCC(=O)NCCc3ccc(S(N)(=O)=O)cc3)ccc12,Ki,7,multi-target,1,450.90000000000015,2.139919999999999,128.7,2,6,7,3,3,30,0.2,0,1
CHEMBL5575430,9.364441,0.9116032,NC(=O)c1cc2ccc(OCc3ccc(S(N)(=O)=O)cc3)cc2oc1=O,Ki,8,multi-target,1,374.3740000000001,1.1182999999999998,142.69,2,6,5,3,3,26,0.0588235294117647,0,1
CHEMBL1835818,9.448988,-1.1076776,CN(C)c1cc2oc(=O)ccc2cc1-c1ccc(C#N)cc1,IC50,1,single-target,0,290.322,3.397680000000002,57.24,0,4,2,3,3,22,0.1111111111111111,0,1
CHEMBL5593900,2.6909337,2.0623038,NS(=O)(=O)c1ccc(COc2ccc3c(CN4CCOCC4)cc(=O)oc3c2)cc1,Ki,8,multi-target,1,430.48200000000026,1.8516,112.07,1,7,6,4,3,30,0.2857142857142857,0,1
CHEMBL3919394,1.6021539,-1.4198889,O=c1ccc2c(OCCCCCOc3ccc4ccccc4c3)c3ccoc3cc2o1,EC50,1,single-target,0,414.45700000000016,6.3205000000000044,61.81,0,5,8,5,5,31,0.1923076923076923,1,0
CHEMBL5177258,8.545048,1.9044029,C=CC(C)(C)c1cc2cc(CC=C(C)C)c(O)cc2oc1=O,EC50,1,single-target,0,298.382,4.470900000000005,50.440000000000005,1,3,4,2,2,22,0.3157894736842105,0,1
CHEMBL4789078,7.189729,7.7987,CCC/N=C(\C)c1c(O)c2ccccc2oc1=O,IC50,1,single-target,0,245.278,2.717600000000001,62.8,1,4,3,2,2,18,0.2857142857142857,0,1
CHEMBL4793433,3.5969446,0.7898561,O=c1cc(CN2CCN(Cc3ccccc3)CC2)c2ccc(OCc3ccc([N+](=O)[O-])cc3)cc2o1,Ki,2,multi-target,0,485.54000000000025,4.598000000000004,89.06,0,7,8,5,4,36,0.25,0,1
CHEMBL5290885,-2.2437294,-2.885668,Cc1ccc(Nc2nc(N)nc(COc3ccc4c(C)cc(=O)oc4c3)n2)cc1Cl,EC50,2,multi-target,0,423.8600000000001,4.1530400000000025,116.16,2,8,5,4,4,30,0.1428571428571428,0,1
CHEMBL5564804,13.053698,5.78016,O=C(NNc1nc(-c2cc3ccccc3oc2=O)cs1)c1ccc(Br)cc1[N+](=O)[O-],Ki,2,multi-target,0,487.2910000000001,4.344100000000002,127.37,2,8,5,4,4,30,0.0,0,1
CHEMBL5558549,13.309989,11.632275,CC(=O)OC[C@H]1O[C@@H](N(C(C)=O)C2=NN(C(C)=O)C(c3cc(=O)oc4cc(OCC(C)C)ccc34)S2)[C@H](OC(C)=O)[C@@H](OC(C)=O)[C@@H]1OC(C)=O,IC50,2,multi-target,0,733.7490000000003,2.6243,206.84999999999997,0,16,10,4,2,51,0.5151515151515151,2,0
CHEMBL4776234,11.722113,4.358107,O=c1oc2cc(O)ccc2cc1-c1ccccc1Cl,IC50,1,single-target,0,272.687,3.8190000000000017,50.44,1,3,1,3,3,19,0.0,0,1
CHEMBL3900643,11.211267,2.279026,O=C(O)c1cc2ccc(N(Cc3ccc4c(c3)OCO4)Cc3ccc4c(c3)OCO4)cc2oc1=O,IC50,1,single-target,0,473.4370000000003,4.155400000000004,107.67000000000002,1,8,6,6,4,35,0.1538461538461538,0,1
CHEMBL6034177,6.096855,3.3314624,Cc1c(C#N)oc2c(C)c3oc(=O)cc(-c4ccccc4)c3cc12,IC50,1,single-target,0,315.32800000000003,4.694720000000003,67.14,0,4,1,4,4,24,0.1,0,1
CHEMBL5572277,13.399767,1.8989762,COc1ccc2cc(C(=O)NCCc3ccc(S(N)(=O)=O)cc3)c(=O)oc2c1,Ki,7,multi-target,1,402.42800000000017,1.4215,128.7,2,6,6,3,3,28,0.1578947368421052,0,1
CHEMBL5559943,13.49539,1.4854283,O=C(CN1C(=O)CSC1=O)c1cc2ccccc2oc1=O,Ki,1,single-target,0,303.2950000000001,1.6710999999999998,84.66,0,6,3,3,2,21,0.1428571428571428,0,1
CHEMBL5289099,-2.249564,-2.896476,Cc1ccc(Nc2nc(N)nc(COc3ccc4c(C(F)F)cc(=O)oc4c3)n2)cc1,EC50,2,multi-target,0,425.3950000000001,4.128820000000002,116.16,2,8,6,4,4,31,0.1428571428571428,0,1
CHEMBL5559833,3.6147504,3.8313675,Cc1cc(=O)oc2cc(NCc3cc(Br)cc(Br)c3O)ccc12,Kd,1,single-target,0,439.10300000000007,4.9441200000000025,62.47,2,4,3,3,3,23,0.1176470588235294,0,1
CHEMBL4435844,5.069005,-3.448315,Cc1c(C)c2ccc(OCCN3CCc4ccccc4C3)cc2oc1=O,IC50,1,single-target,0,349.4300000000001,3.8469400000000022,42.68,0,4,4,4,3,26,0.3181818181818182,0,1
CHEMBL5416702,11.286167,4.9241467,COc1cccc(-c2cc3cc(Cl)ccc3oc2=O)c1,IC50,1,single-target,0,286.714,4.1220000000000026,39.44,0,3,2,3,3,20,0.0625,0,1
CHEMBL4457846,6.4321027,6.815202,Cc1cccc2c1oc(=O)c1c(O)cc(=O)oc12,IC50,2,multi-target,0,244.202,1.91342,80.64999999999999,1,5,0,3,3,18,0.0769230769230769,0,1
CHEMBL5566195,2.2876852,7.020172,Cc1cc(OCc2cccc(I)c2)cc2oc(=O)c(CC(=O)O)c(C)c12,IC50,1,single-target,0,464.2550000000003,4.220540000000003,76.74,1,4,5,3,3,26,0.2,0,1
CHEMBL6054230,6.111266,3.3762321,Cc1nc2cc3c(-c4ccccc4)c(C)c(=O)oc3c(C)c2o1,IC50,1,single-target,0,305.333,4.526460000000003,56.24,0,4,1,4,4,23,0.1578947368421052,0,1
CHEMBL5983446,6.106071,3.1057527,Cc1coc2c(C)c3oc(=O)cc(-c4cccnc4)c3cc12,IC50,1,single-target,0,291.30600000000004,4.218040000000002,56.24,0,4,1,4,4,22,0.1111111111111111,0,1
CHEMBL4581596,7.7341037,0.06768575,O=c1ccc2ccc(OCCCCCSc3nc4ccccc4o3)cc2o1,IC50,1,single-target,0,381.4530000000001,5.275600000000004,65.47,0,6,8,4,4,27,0.238095238095238,1,0
CHEMBL591964,13.027636,2.9353144,CCOc1cccc2cc(C(=O)OCC(=O)c3c[nH]c4ccccc34)c(=O)oc12,IC50,1,single-target,0,391.3790000000001,3.7127000000000026,98.6,1,6,6,4,4,29,0.1363636363636363,0,1
CHEMBL5542882,4.542363,5.026969,COc1ccc(CNC(=O)Cn2cc(COc3ccc4c(C)cc(=O)oc4c3C)nn2)cc1,IC50,2,multi-target,0,448.4790000000002,2.9053400000000007,108.48,1,8,8,4,4,33,0.25,0,1
CHEMBL5948660,6.1405272,3.3596568,Cc1c(CN2CCOCC2)oc2c(C)c3oc(=O)cc(-c4ccccc4)c3cc12,IC50,1,single-target,0,389.4510000000001,4.6552400000000045,55.82,0,5,3,5,4,29,0.2916666666666667,0,1
CHEMBL4207585,3.9557574,-2.729048,CC(=O)c1c(OCCCCN2CCN(c3ccccc3C(F)(F)F)CC2)ccc2c(C)cc(=O)oc12,Ki,2,multi-target,0,502.5330000000002,5.304020000000006,62.99,0,6,8,4,3,36,0.4074074074074074,2,0
CHEMBL5771742,1.6714963,-1.4447082,CC(C)(C)OC(=O)NCCCOc1c2ccoc2cc2oc(=O)ccc12,IC50,5,multi-target,1,359.37800000000004,3.8328000000000015,90.91,1,6,5,3,3,26,0.3684210526315789,0,1
CHEMBL5575580,2.339001,6.9555936,Cc1c(CC(=O)O)c(=O)oc2c(F)c(OCc3cccc(C(F)(F)F)c3)ccc12,IC50,1,single-target,0,410.319,4.465420000000003,76.74,1,4,5,3,3,29,0.2,0,1
CHEMBL6049774,5.9607773,-8.416982,C=CCOC(=O)N1CCc2c(c(=O)oc3c(C=CC(=O)OCC)c(O)ccc23)C1,IC50,1,single-target,0,399.3990000000002,2.755600000000001,106.28,1,7,5,3,2,29,0.2857142857142857,0,1
CHEMBL5786235,4.689369,-5.645261,O=c1oc2ccc(F)c(F)c2cc1COC1C(O)[C@@H](CO)OC(S[C@@H]2OC(CO)[C@H](O)[C@H](n3cc(-c4cc(F)c(F)c(F)c4)nn3)C2O)[C@@H]1O,Kd,2,multi-target,0,733.6210000000002,0.4846999999999991,209.99,6,15,9,6,4,50,0.4333333333333333,3,0
CHEMBL5634062,8.724224,0.53143245,O=c1ccc2ccc(OCc3cnnn3Cc3ccc(Oc4ccccc4)c(O)c3)cc2o1,IC50,1,single-target,0,441.44300000000015,4.509700000000004,99.61,1,8,7,5,5,33,0.08,0,1
CHEMBL5220709,23.54659,-6.7514744,COc1cc(/C=C/C(=O)OCCCCCCN(CCCOC(=O)c2cc(OC)c(OC)c(OC)c2)CCCOc2ccc3ccc(=O)oc3c2)cc(OC)c1OC,Ki,2,multi-target,0,791.8910000000001,6.9796000000000085,150.65999999999997,0,14,25,4,4,57,0.4186046511627907,3,0
CHEMBL6051764,6.100178,3.1300175,Cc1coc2c(C)c3oc(=O)cc(-c4ccccn4)c3cc12,IC50,1,single-target,0,291.30600000000004,4.218040000000003,56.24,0,4,1,4,4,22,0.1111111111111111,0,1
CHEMBL5803805,13.260531,2.320384,CCCc1c(OC)ccc2cc(C(=O)Nc3ccccc3Br)c(=O)oc12,EC50,1,single-target,0,416.2710000000001,4.768900000000003,68.53999999999999,1,4,5,3,3,26,0.2,0,1
CHEMBL5567392,9.429087,0.93214154,NS(=O)(=O)c1ccc(COc2ccc3cc(C(=O)O)c(=O)oc3c2)cc1,Ki,7,multi-target,1,375.35800000000006,1.7176000000000002,136.90000000000003,2,6,5,3,3,26,0.0588235294117647,0,1
CHEMBL5570336,8.5946,0.7494884,NS(=O)(=O)c1ccc(CNC(=O)COc2ccc3ccc(=O)oc3c2)cc1,Ki,7,multi-target,1,388.40100000000007,1.1355999999999993,128.7,2,6,6,3,3,27,0.1111111111111111,0,1
CHEMBL4527294,13.078037,1.5883777,O=C(SCCc1ccco1)c1cc2ccccc2oc1=O,IC50,2,multi-target,0,300.3350000000001,3.502100000000002,60.42,0,5,4,3,3,21,0.125,0,1
CHEMBL5776034,6.1461287,3.3323157,Cc1c(-c2ccccc2)c2cc3c(C4CC4)coc3c(C)c2oc1=O,IC50,1,single-target,0,330.38300000000004,5.700440000000004,43.35,0,3,2,5,4,25,0.2272727272727272,1,0
CHEMBL4465796,2.51854,-9.590867,COc1ccc(/C=C2/S/C(=N/c3ccc4oc(=O)ccc4c3)NC2=O)cc1,IC50,1,single-target,0,378.4090000000001,3.6932000000000023,80.9,1,6,3,4,3,27,0.05,0,1
CHEMBL5209629,4.40255,3.3119297,CNc1ccc2c(CCN)cc(=O)oc2c1,EC50,2,multi-target,0,218.256,1.3359,68.25999999999999,2,4,3,2,2,16,0.25,0,1
CHEMBL5399001,13.004431,5.8333898,O=c1oc2ccccc2cc1-c1csc(/N=C/c2cccc([N+](=O)[O-])c2)n1,IC50,1,single-target,0,377.3810000000001,4.575300000000003,98.6,0,7,4,4,4,27,0.0,0,1
CHEMBL2005069,7.301069,8.603591,O=c1oc2cc(O)ccc2c(O)c1C(c1ccc2ccccc2c1)c1c(O)c2ccc(O)cc2oc1=O,IC50,1,single-target,0,494.4550000000002,5.0552000000000055,141.34,4,8,3,6,6,37,0.0344827586206896,1,0
CHEMBL5877685,4.7149787,-5.6217937,O=c1oc2ccc(F)c(F)c2cc1CO[C@@H]1C(O)[C@@H](Sc2ccc(Cl)c(Cl)c2)OC(CO)[C@@H]1O,Kd,1,single-target,0,535.3480000000003,3.4945000000000017,109.36,3,8,6,4,3,34,0.3181818181818182,1,0
CHEMBL4741561,3.5920339,0.81370753,COc1cccc(COc2ccc3c(CN4CCN(Cc5ccccc5)CC4)cc(=O)oc3c2)c1,Ki,2,multi-target,0,470.5690000000002,4.698400000000005,55.150000000000006,0,6,8,5,4,35,0.2758620689655172,0,1
CHEMBL4564297,7.0780997,-3.3804348,Cc1c(C)c2ccc(OC3CCN(CC(=O)c4ccccc4)CC3)cc2oc1=O,IC50,3,multi-target,0,391.46700000000016,4.135940000000003,59.75,0,5,5,4,3,29,0.3333333333333333,0,1
CHEMBL5411013,-1.1205791,-5.7766266,O=c1oc2ccccc2c2c1C(c1cccs1)C=C(c1ccccc1)O2,IC50,1,single-target,0,358.41800000000006,5.419900000000004,39.44,0,4,2,5,4,26,0.0454545454545454,1,0
CHEMBL5632798,15.29877,4.0306983,CCN(CC)c1ccc2cc(C(=O)NCc3cn(Cc4ccc(Oc5ccccc5)c(O)c4)nn3)c(=O)oc2c1,IC50,1,single-target,0,539.5920000000002,4.7069000000000045,122.72,2,9,10,5,5,40,0.2,1,0
CHEMBL1927206,10.245186,5.354291,O=C(O)c1cccc(-n2cc(-c3cc4cccc(O)c4oc3=O)[nH]c2=S)c1,IC50,1,single-target,0,380.3810000000001,3.7120900000000017,108.45999999999998,3,6,3,4,4,27,0.0,0,1
CHEMBL397420,7.0473638,8.832699,CC(=O)CC(c1ccc([N+](=O)[O-])cc1)c1c(O)c2ccccc2oc1=O,AC50,5,multi-target,1,353.33000000000004,3.517800000000003,110.65,1,6,5,3,3,26,0.1578947368421052,0,1
CHEMBL4438182,11.773214,7.7883415,NC(=S)N1N=C(c2cc3ccccc3oc2=O)CC1c1ccccc1,IC50,1,single-target,0,349.4150000000001,3.1877000000000013,71.83,1,4,2,4,3,25,0.1052631578947368,0,1
CHEMBL4450551,6.6204,7.279765,CC(=O)c1c(O)c2c(=O)oc3ccc(C)cc3c2oc1=O,IC50,2,multi-target,0,286.23900000000003,2.11602,97.72,1,6,1,3,3,21,0.1333333333333333,0,1
CHEMBL4569505,6.604501,7.2509437,CC(=O)c1c(O)c2c(=O)oc3cc(C)ccc3c2oc1=O,IC50,1,single-target,0,286.23900000000003,2.11602,97.72,1,6,1,3,3,21,0.1333333333333333,0,1
CHEMBL4465692,11.352627,-8.711263,Cc1cccc2oc(=O)cc(NCCCN3CCN(c4nccc5ccc(F)cc45)CC3)c12,IC50,3,multi-target,0,446.5260000000002,4.412920000000004,61.61000000000001,1,6,6,5,4,33,0.3076923076923077,0,1
CHEMBL24171,7.0272384,1.5334917,COc1c2ccoc2cc2oc(=O)ccc12,IC50,9,multi-target,1,216.19199999999995,2.5478000000000005,52.580000000000005,0,4,1,3,3,16,0.0833333333333333,0,1
CHEMBL4444006,6.948219,-3.3672218,Cc1c(C)c2ccc(OCc3cccc(CN4CCC(CO)CC4)c3)cc2oc1=O,IC50,3,multi-target,0,407.51000000000016,4.193140000000003,62.91,1,5,6,4,3,30,0.4,0,1
CHEMBL4871486,5.8074455,20.593605,Cc1c(O)ccc2c(O)c(NC(=O)c3cccc(CCC(C)C)c3)c(=O)oc12,Kd,2,multi-target,0,381.42800000000017,4.353520000000002,99.77,3,5,5,3,3,28,0.2727272727272727,0,1
CHEMBL6042717,1.8536885,4.012263,C[C@@H](NC(=O)c1ccc2c(c1)oc(=O)c1cnccc12)c1ccc(F)cc1,IC50,1,single-target,0,362.36000000000007,3.971300000000003,72.2,1,4,3,4,4,27,0.0952380952380952,0,1
CHEMBL6011250,7.8212667,2.3290634,NC1Cc2c(ccc3ccc(=O)oc23)OC1c1cc(F)c(F)cc1F,IC50,1,single-target,0,347.292,3.2138000000000018,65.46000000000001,1,4,1,4,3,25,0.1666666666666666,0,1
CHEMBL5631662,11.918757,1.2320167,N=C(N)c1ccc2cc(OC(=O)c3cc4cc(CO)ccc4oc3=O)ccc2c1,Ki,1,single-target,0,388.3790000000001,2.9417700000000018,126.61,3,6,4,4,4,29,0.0454545454545454,0,1
CHEMBL5869077,5.8238635,2.9895303,Cc1ccccc1-c1cc(=O)oc2cc3occ(C)c3cc12,IC50,1,single-target,0,290.318,4.823040000000002,43.35,0,3,1,4,4,22,0.1052631578947368,0,1
CHEMBL4461381,5.860614,-0.14099045,O=c1cc(OCCCCN2CCN(c3ccccc3F)CC2)c2ccccc2o1,IC50,1,single-target,0,396.46200000000016,3.913300000000003,45.92,0,5,7,4,3,29,0.3478260869565217,0,1
CHEMBL1466,6.3749566,8.266538,O=c1oc2ccccc2c(O)c1Cc1c(O)c2ccccc2oc1=O,IC50,15,multi-target,1,336.29900000000004,2.9014000000000006,100.88,2,6,2,4,4,25,0.0526315789473684,0,1
CHEMBL5558406,13.644615,1.3232939,C/C(=N\NC(=S)Nc1ccc(Br)cc1)c1cc2ccccc2oc1=O,IC50,1,single-target,0,416.3000000000002,4.266100000000002,66.63,2,4,3,3,3,25,0.0555555555555555,0,1
CHEMBL5084126,4.54426,1.4600254,O=c1cc(C(F)(F)F)c2ccc(OCc3cccc(Br)c3)cc2o1,IC50,1,single-target,0,399.1620000000001,5.153300000000002,39.44,0,3,3,3,3,24,0.1176470588235294,1,0
CHEMBL5082962,4.6016273,1.497798,O=c1cc(C(F)(F)F)c2ccc(OCc3ccc(F)cc3)cc2o1,IC50,1,single-target,0,338.2560000000001,4.529900000000002,39.44,0,3,3,3,3,24,0.1176470588235294,0,1
CHEMBL5071912,4.623326,1.4710519,COC(=O)c1ccc(COc2ccc3c(C(F)(F)F)cc(=O)oc3c2)cc1,IC50,1,single-target,0,378.3020000000001,4.177400000000003,65.74000000000001,0,5,4,3,3,27,0.1578947368421052,0,1
CHEMBL3084442,10.973464,2.4775019,CCN(CC)c1ccc2cc(C(=O)NCCCOc3cccc4c(C(=O)N[C@H]5C[C@H]6CCC[C@@H](C5)N6C)nn(C)c34)c(=O)oc2c1,Ki,1,single-target,0,628.7740000000001,4.469900000000004,121.93999999999998,2,9,11,6,4,46,0.4857142857142857,1,0
CHEMBL5542822,13.893305,2.3005676,O=C(c1cc2ccccc2oc1=O)N1CCN(C(=S)Nc2ccccc2)CC1,Ki,1,single-target,0,393.4680000000001,2.9478000000000018,65.79,1,4,2,4,3,28,0.1904761904761904,0,1
CHEMBL5088635,4.5305424,1.4663781,O=c1cc(C(F)(F)F)c2ccc(OCc3ccccc3Br)cc2o1,IC50,1,single-target,0,399.1620000000001,5.153300000000002,39.44,0,3,3,3,3,24,0.1176470588235294,1,0
CHEMBL5632365,11.93962,1.2091501,COc1ccc2oc(=O)c(C(=O)Oc3ccc4cc(C(=N)N)ccc4c3)cc2c1,Ki,1,single-target,0,388.3790000000001,3.458070000000001,115.61,2,6,4,4,4,29,0.0454545454545454,0,1
CHEMBL4457315,11.486594,4.0000157,O=c1oc2ccc(-c3ccc(F)cc3)cc2cc1O,IC50,1,single-target,0,256.232,3.304700000000001,50.44,1,3,1,3,3,19,0.0,0,1
CHEMBL5183641,6.9960794,7.860514,COc1cc(C(=O)c2c(O)c3ccccc3oc2=O)cc(OC)c1OC,IC50,1,single-target,0,356.3300000000001,2.7554000000000007,95.20000000000002,1,7,5,3,3,26,0.1578947368421052,0,1
CHEMBL4520853,14.04486,3.3648694,O=C(NC1CCN(Cc2ccccc2)CC1)c1cc2ccc(OCc3cn(Cc4ccc(F)cc4)nn3)cc2oc1=O,IC50,1,single-target,0,567.6210000000003,4.545300000000004,102.49,1,8,9,6,5,42,0.25,1,0
CHEMBL5567359,2.2665513,7.0409555,Cc1c(CC(=O)O)c(=O)oc2c(Cl)c(OCc3cccc(C(F)F)c3)ccc12,IC50,1,single-target,0,408.784,4.898520000000003,76.74,1,4,6,3,3,28,0.2,0,1
CHEMBL5170835,7.5291605,2.0578816,COc1cc(OC)c2ccc(=O)oc2c1/C=C/[C@@]1(C)C[C@@H](C=C(C)C)c2c(c3ccccc3n(C)c2=O)O1,IC50,1,single-target,0,513.5900000000003,5.966500000000007,79.9,0,7,5,5,4,38,0.2903225806451613,2,0
CHEMBL5403819,6.3053,8.164003,O=c1oc2ccccc2c(O)c1Cc1ccc2c(c1)OCO2,IC50,1,single-target,0,296.278,2.8181000000000003,68.9,1,5,2,4,3,22,0.1176470588235294,0,1
CHEMBL5175772,6.23568,6.638303,Cc1cc(O)c2c(c1)-c1c(-c3ccc(O)cc3)c(=O)oc3c1c-2c(O)c1cccc(O)c13,IC50,1,single-target,0,424.4080000000002,5.391420000000005,111.13,4,6,1,6,5,32,0.0384615384615384,1,0
CHEMBL5283407,-2.225708,-2.8693886,Cc1cc(=O)oc2cc(OCc3nc(N)nc(Nc4ccc5ccccc5c4)n3)ccc12,EC50,1,single-target,0,425.4480000000001,4.344420000000002,116.16,2,8,5,5,5,32,0.0833333333333333,0,1
CHEMBL4291652,12.965827,9.521791,CC(=O)c1c(C)cc2oc(=O)cc(C)c2c1OCCCCN1CCN(c2cnccn2)CC1,Ki,2,multi-target,0,450.5390000000002,3.3836400000000024,88.77000000000001,0,8,8,4,3,33,0.44,0,1
CHEMBL1475,5.668124,4.061221,Cc1cc2cc3c(C)cc(=O)oc3c(C)c2o1,AC50,5,multi-target,1,228.247,3.4644600000000025,43.35,0,3,0,3,3,17,0.2142857142857142,0,1
CHEMBL5436380,6.309105,8.1716585,O=c1oc2ccccc2c(O)c1Cc1ccc(C(F)(F)F)cc1,IC50,1,single-target,0,320.266,4.108200000000001,50.44,1,3,2,3,3,23,0.1176470588235294,0,1
CHEMBL5203954,8.544782,1.8815764,C=CC(C)(C)c1cc2cc(C[C@@H](OC)C(C)(C)O)c(OC)cc2oc1=O,EC50,1,single-target,0,360.4500000000001,3.593600000000002,68.9,1,5,7,2,2,26,0.4761904761904761,0,1
CHEMBL5575693,13.144852,1.3434664,CCN(CC)c1nc2oc(C)c(C(=O)NNC(=O)c3cc4ccccc4oc3=O)c2c(=O)n1-c1ccccc1,IC50,1,single-target,0,527.5370000000003,3.3145200000000017,139.68,2,9,6,5,5,39,0.1785714285714285,1,0
CHEMBL5567878,3.6214097,3.8406217,Cc1cc(=O)oc2cc(NCc3cc(Cl)cc(Cl)c3O)ccc12,Kd,1,single-target,0,350.2010000000001,4.725920000000003,62.47,2,4,3,3,3,23,0.1176470588235294,0,1
CHEMBL5421699,10.41634,9.948927,COc1cc2c(cc1O)CCn1c-2c(-c2ccc(O)c(O)c2)c2c3cc(O)c(OC)cc3oc(=O)c21,IC50,1,single-target,0,487.4640000000003,4.477400000000004,134.52,4,9,3,6,5,36,0.1481481481481481,0,1
CHEMBL5951104,6.1492743,3.137671,COc1ncccc1-c1c(C)c(=O)oc2c(C)c3occ(C)c3cc12,IC50,1,single-target,0,335.35900000000004,4.535060000000004,65.47,0,5,2,4,4,25,0.2,0,1
CHEMBL5555237,13.07322,5.796167,O=C(NNc1nc(-c2cc3ccccc3oc2=O)cs1)c1ccc(Br)cc1,Ki,2,multi-target,0,442.294,4.435900000000002,84.22999999999999,2,6,4,4,4,27,0.0,0,1
CHEMBL5269946,7.2801538,8.719406,O=c1oc2ccccc2c(O)c1C(c1ccc(NC(=S)Nc2ccc([N+](=O)[O-])cc2)cc1)c1c(O)c2ccccc2oc1=O,IC50,1,single-target,0,607.6000000000003,6.207900000000004,168.07999999999998,4,9,6,6,6,44,0.03125,2,0
CHEMBL2106261,6.878111,8.706379,CCOC(=O)C(c1c(O)c2ccccc2oc1=O)c1c(O)c2ccccc2oc1=O,AC50,1,single-target,0,408.36200000000014,3.005600000000002,127.18,2,8,4,4,4,30,0.1363636363636363,0,1
CHEMBL5568363,13.860759,2.3257263,O=C(c1cc2ccccc2oc1=O)N1CCN(S(=O)(=O)c2cccs2)CC1,Ki,1,single-target,0,404.4690000000001,2.0012000000000003,87.9,0,6,3,4,3,27,0.2222222222222222,0,1
CHEMBL5575409,2.3531373,6.9498057,Cc1c(CC(=O)O)c(=O)oc2c(C)c(OCc3cccc(C(F)F)c3)ccc12,IC50,1,single-target,0,388.366,4.553540000000004,76.74,1,4,6,3,3,28,0.238095238095238,0,1
CHEMBL5196120,8.54611,1.9091893,C=CC(C)(C)c1cc2cc(CC=C(C)C)c(OC)cc2oc1=O,EC50,1,single-target,0,312.40900000000005,4.773900000000005,39.44,0,3,5,2,2,23,0.35,0,1
CHEMBL5078938,4.616087,1.4692982,O=c1cc(C(F)(F)F)c2ccc(OCc3ccc(OC(F)(F)F)cc3)cc2o1,IC50,1,single-target,0,404.26200000000006,5.289400000000001,48.67,0,4,4,3,3,28,0.1666666666666666,1,0
CHEMBL267447,14.387265,18.337563,CCCc1cc(=O)oc2c3c(c4c(c12)OC(C)(C)C=C4)O[C@H](C)[C@@H](C)[C@@H]3O,IC50,3,multi-target,0,370.4450000000001,4.380100000000005,68.9,1,5,2,4,2,27,0.5,0,1
CHEMBL5283574,6.088105,7.2715497,CCCCOc1cc2c(c3c(=O)oc4ccccc4c13)C(=O)C=CC2=O,IC50,3,multi-target,0,348.3540000000001,4.060300000000003,73.58,0,5,4,4,3,26,0.1904761904761904,0,1
CHEMBL4878047,11.860793,3.0189571,COc1cccc(-c2cc3cc(C(=O)O)c(=O)oc3cc2O)c1,IC50,1,single-target,0,312.277,2.8724000000000007,96.97,2,5,3,3,3,23,0.0588235294117647,0,1
CHEMBL5567953,13.056975,5.8073,Cc1ccc([N+](=O)[O-])c(C(=O)NNc2nc(-c3cc4ccccc4oc3=O)cs2)c1,Ki,2,multi-target,0,422.4220000000002,3.8900200000000016,127.37,2,8,5,4,4,30,0.05,0,1
CHEMBL5754391,6.098699,3.361679,Cc1c(CN(C)C)oc2c(C)c3oc(=O)cc(-c4ccccc4)c3cc12,IC50,1,single-target,0,347.41400000000004,4.8846400000000045,46.59,0,4,3,4,4,26,0.2272727272727272,0,1
CHEMBL6246,6.501717,5.9798083,O=c1oc2c(O)c(O)cc3c(=O)oc4c(O)c(O)cc1c4c23,IC50,71,multi-target,1,302.194,1.3127999999999995,141.34,4,8,0,4,4,22,0.0,0,1
CHEMBL12208,4.8595495,3.0095804,Cc1cc(=O)oc2cc(O)ccc12,IC50,10,multi-target,1,176.171,1.80702,50.44,1,3,0,2,2,13,0.1,0,1
CHEMBL36506,2.7233763,21.373592,CO[C@@H]1[C@@H](OC(N)=O)[C@@H](O)[C@H](Oc2ccc3c(O)c(NC(=O)c4ccc(O)c(CC=C(C)C)c4)c(=O)oc3c2C)OC1(C)C,Kd,1,single-target,0,612.6320000000002,3.6271200000000015,200.01,5,11,8,4,3,44,0.3870967741935484,2,0
CHEMBL3264002,11.379857,14.266306,CNS(=O)(=O)Nc1nccc(Cc2c(C)c3ccc(Oc4ncccn4)cc3oc2=O)c1F,IC50,6,multi-target,1,471.4700000000002,2.6847200000000004,136.31,2,8,7,4,4,33,0.1428571428571428,0,1
CHEMBL4594145,7.780228,8.281889,CC1(O)CC(C2=C/C=C\C=C/C=C\2)c2c(c3ccccc3oc2=O)O1,IC50,1,single-target,0,334.3710000000001,3.976200000000003,59.67,1,4,1,4,2,25,0.1904761904761904,0,1
CHEMBL5569871,2.3197186,6.9875016,Cc1c(CC(=O)O)c(=O)oc2c(Cl)c(OCc3cccc(I)c3)ccc12,IC50,1,single-target,0,484.673,4.565520000000003,76.74,1,4,5,3,3,26,0.1578947368421052,0,1
CHEMBL5563731,13.014547,1.1883272,O=C(Nc1ccc(Br)cc1)c1cc2ccc(O)cc2oc1=O,Ki,1,single-target,0,360.1630000000001,3.5134000000000007,79.53999999999999,2,4,2,3,3,22,0.0,0,1
CHEMBL5565580,2.3016882,7.004773,Cc1c(CC(=O)O)c(=O)oc2c(F)c(OCc3cccc(I)c3)ccc12,IC50,1,single-target,0,468.218,4.0512200000000025,76.74,1,4,5,3,3,26,0.1578947368421052,0,1
CHEMBL6007188,13.067848,5.8265734,NC(=O)c1cccnc1Oc1ccc(CC(=O)Nc2nc(-c3cccc4oc(=O)ccc34)cs2)cc1,IC50,1,single-target,0,498.5200000000002,4.383900000000002,137.41,2,8,7,5,5,36,0.0384615384615384,0,1
CHEMBL6031493,6.090381,3.341327,Cc1nc2cc3c(-c4ccccc4)cc(=O)oc3c(C)c2o1,IC50,1,single-target,0,291.30600000000004,4.218040000000003,56.24,0,4,1,4,4,22,0.1111111111111111,0,1
CHEMBL1465,6.9420385,8.867423,CCC(c1ccccc1)c1c(O)c2ccccc2oc1=O,Ki,2,multi-target,0,280.323,4.040500000000003,50.440000000000005,1,3,3,3,3,21,0.1666666666666666,0,1
CHEMBL164660,7.2132645,1.4818571,O=c1ccc2cc3ccoc3cc2o1,IC50,5,multi-target,1,186.166,2.539200000000001,43.35,0,3,0,3,3,14,0.0,0,1
CHEMBL286738,2.502896,5.073559,NS(=O)(=O)Oc1ccc2c3c(c(=O)oc2c1)CCCCC3,IC50,14,multi-target,1,309.34300000000013,1.6442,99.6,1,5,2,3,2,21,0.3571428571428571,0,1
CHEMBL416,7.1278706,1.808021,COc1c2occc2cc2ccc(=O)oc12,Ki,11,multi-target,1,216.19199999999995,2.5478000000000005,52.58,0,4,1,3,3,16,0.0833333333333333,0,1
