target_chembl_id,target_name,target_organism,record_count,unique_compounds,endpoint_types,dominant_endpoint,dominant_endpoint_record_count,dominant_endpoint_unique_compounds,endpoint_homogeneity,doi_count,dominant_endpoint_doi_count,year_min,year_max,pactivity_min,pactivity_max,pactivity_range,dominant_endpoint_pactivity_min,dominant_endpoint_pactivity_max,dominant_endpoint_pactivity_range,readiness_tier,ready_compound_count_pass,ready_endpoint_homogeneity_pass,ready_activity_range_pass,ready_doi_diversity_pass,curatable_compound_count_pass,curatable_endpoint_homogeneity_pass,curatable_activity_range_pass,curatable_doi_diversity_pass,target_family,organism_group,uniprot_accession,ready_criteria_pass_count,curatable_criteria_pass_count
CHEMBL2039,Amine oxidase [flavin-containing] B,Homo sapiens,714,661,IC50; Ki,IC50,706,659,0.988795518207283,64,63,2002.0,2024.0,4.03,9.87,5.839999999999999,4.03,9.87,5.839999999999999,Ready,1,1,1,1,1,1,1,1,Monoamine oxidases,Human,Q7Z6S2,4,4
CHEMBL3594,Carbonic anhydrase 9,Homo sapiens,471,448,IC50; Ki,Ki,450,427,0.9554140127388536,41,39,2005.0,2024.0,4.1,8.64,4.540000000000001,4.1,8.64,4.540000000000001,Ready,1,1,1,1,1,1,1,1,Carbonic anhydrases,Human,Q5T4R1,4,4
CHEMBL3242,Carbonic anhydrase 12,Homo sapiens,444,428,Ki,Ki,444,428,1.0,35,35,2008.0,2024.0,4.31,9.27,4.96,4.31,9.27,4.96,Ready,1,1,1,1,1,1,1,1,Carbonic anhydrases,Human,Q9BWG2,4,4
CHEMBL4078,Acetylcholinesterase,Electrophorus electricus,449,427,IC50; Ki,IC50,432,427,0.9621380846325168,41,41,2006.0,2024.0,4.01,10.38,6.370000000000001,4.01,9.96,5.950000000000001,Ready,1,1,1,1,1,1,1,1,Cholinesterases,Non-human,O42275,4,4
CHEMBL1951,Amine oxidase [flavin-containing] A,Homo sapiens,329,313,AC50; EC50; IC50; Ki,IC50,321,310,0.9756838905775076,45,42,2002.0,2024.0,4.01,8.42,4.41,4.01,8.42,4.41,Ready,1,1,1,1,1,1,1,1,Monoamine oxidases,Human,Q16426,4,4
CHEMBL220,Acetylcholinesterase,Homo sapiens,332,289,IC50; Ki,IC50,298,271,0.8975903614457831,45,43,2001.0,2024.0,4.03,9.63,5.6000000000000005,4.16,9.63,5.470000000000001,Ready,1,1,1,1,1,1,1,1,Cholinesterases,Human,Q9BXP7,4,4
CHEMBL5763,Cholinesterase,Equus caballus,289,286,IC50,IC50,289,286,1.0,33,33,2008.0,2024.0,4.04,9.32,5.28,4.04,9.32,5.28,Ready,1,1,1,1,1,1,1,1,Cholinesterases,Non-human,P81908,4,4
CHEMBL2993,Amine oxidase [flavin-containing] B,Rattus norvegicus,359,233,IC50,IC50,359,233,1.0,16,16,1994.0,2022.0,4.0,9.4,5.4,4.0,9.4,5.4,Ready,1,1,1,1,1,1,1,1,Monoamine oxidases,Non-human,Q5EBB5,4,4
CHEMBL261,Carbonic anhydrase 1,Homo sapiens,235,219,IC50; Ki,Ki,230,214,0.9787234042553192,26,24,2000.0,2024.0,4.0,9.0,5.0,4.02,9.0,4.98,Ready,1,1,1,1,1,1,1,1,Carbonic anhydrases,Human,P00915,4,4
CHEMBL205,Carbonic anhydrase 2,Homo sapiens,213,204,IC50; Ki,Ki,188,180,0.8826291079812206,28,24,2000.0,2024.0,4.01,10.0,5.99,4.01,10.0,5.99,Ready,1,1,1,1,1,1,1,1,Carbonic anhydrases,Human,P00918,4,4
CHEMBL3358,Amine oxidase [flavin-containing] A,Rattus norvegicus,160,133,IC50,IC50,160,133,1.0,13,13,1994.0,2020.0,4.0,8.3,4.300000000000001,4.0,8.3,4.300000000000001,Ready,1,1,1,1,1,1,1,1,Monoamine oxidases,Non-human,Q63817,4,4
CHEMBL206,Estrogen receptor,Homo sapiens,180,133,EC50; IC50,IC50,174,127,0.9666666666666668,10,8,2004.0,2022.0,4.3,9.72,5.420000000000001,4.3,9.72,5.420000000000001,Ready,1,1,1,1,1,1,1,1,Nuclear receptors,Human,P03372,4,4
CHEMBL1914,Cholinesterase,Homo sapiens,132,127,IC50; Ki,IC50,114,109,0.8636363636363636,26,25,2003.0,2024.0,4.28,9.57,5.29,4.28,9.57,5.29,Ready,1,1,1,1,1,1,1,1,Cholinesterases,Human,P06276,4,4
CHEMBL2326,Carbonic anhydrase 7,Homo sapiens,108,106,Ki,Ki,108,106,1.0,10,10,2008.0,2024.0,4.11,9.22,5.11,4.11,9.22,5.11,Ready,1,1,1,1,1,1,1,1,Carbonic anhydrases,Human,Q86YU0,4,4
CHEMBL247,Human immunodeficiency virus type 1 reverse transcriptase,Human immunodeficiency virus 1,115,101,EC50; IC50,IC50,84,74,0.7304347826086957,14,11,1993.0,2022.0,4.0,7.42,3.42,4.0,7.42,3.42,Curatable,1,0,1,1,1,1,1,1,Other enzymes,Non-human,Q72547,3,4
CHEMBL3356,Cytochrome P450 1A2,Homo sapiens,101,97,AC50; IC50; Ki,AC50,80,80,0.7920792079207921,6,0,2009.0,2023.0,4.4,8.1,3.6999999999999993,4.4,8.1,3.6999999999999993,Curatable,0,0,1,1,1,1,1,1,Cytochrome P450s,Human,Q9UK49,2,4
CHEMBL3729,Carbonic anhydrase 4,Homo sapiens,90,90,Ki,Ki,90,90,1.0,9,9,2008.0,2024.0,4.21,9.36,5.15,4.21,9.36,5.15,Curatable,0,1,1,1,1,1,1,1,Carbonic anhydrases,Human,Q6FHI7,3,4
CHEMBL253,Cannabinoid receptor 2,Homo sapiens,120,86,EC50; IC50; Ki,Ki,89,68,0.7416666666666667,8,8,1997.0,2021.0,4.88,10.06,5.180000000000001,4.88,10.06,5.180000000000001,Curatable,0,0,1,1,1,1,1,1,G protein-coupled receptors,Human,Q6NSY0,2,4
CHEMBL4633,Potassium voltage-gated channel subfamily A member 3,Homo sapiens,121,81,EC50; IC50,IC50,77,38,0.6363636363636364,7,7,2006.0,2023.0,5.22,8.7,3.4799999999999995,5.22,8.7,3.4799999999999995,Curatable,0,0,1,1,1,1,1,1,Ion channels and transporters,Human,Q6P2D3,2,4
CHEMBL4789,"Carbonic anhydrase 5A, mitochondrial",Homo sapiens,78,77,Ki,Ki,78,77,1.0,9,9,2005.0,2024.0,4.02,8.17,4.15,4.02,8.17,4.15,Curatable,0,1,1,1,1,1,1,1,Carbonic anhydrases,Human,P35218,3,4
CHEMBL3969,"Carbonic anhydrase 5B, mitochondrial",Homo sapiens,78,77,Ki,Ki,78,77,1.0,8,8,2008.0,2024.0,4.46,8.08,3.62,4.46,8.08,3.62,Curatable,0,1,1,1,1,1,1,1,Carbonic anhydrases,Human,Q9Y2D0,3,4
CHEMBL1978,Aromatase,Homo sapiens,137,76,IC50; Ki,IC50,136,76,0.9927007299270072,16,15,2004.0,2021.0,4.0,7.54,3.54,4.0,7.54,3.54,Curatable,0,1,1,1,1,1,1,1,Other enzymes,Human,Q8IYJ7,3,4
CHEMBL208,Progesterone receptor,Homo sapiens,88,74,AC50; IC50,IC50,87,73,0.9886363636363636,5,4,1999.0,2023.0,4.3,7.62,3.3200000000000003,4.3,7.62,3.3200000000000003,Curatable,0,1,1,1,1,1,1,1,Nuclear receptors,Human,Q9UPF7,3,4
CHEMBL214,5-hydroxytryptamine receptor 1A,Homo sapiens,82,74,IC50; Ki,Ki,74,74,0.902439024390244,7,7,2010.0,2021.0,5.46,9.52,4.06,5.46,9.52,4.06,Curatable,0,1,1,1,1,1,1,1,G protein-coupled receptors,Human,Q6LAE7,3,4
CHEMBL243,Human immunodeficiency virus type 1 protease,Human immunodeficiency virus 1,86,74,IC50; Ki,IC50,70,65,0.813953488372093,14,8,1994.0,2023.0,4.05,11.0,6.95,4.05,11.0,6.95,Curatable,0,1,1,1,1,1,1,1,Proteases,Non-human,Q72874,3,4
CHEMBL242,Estrogen receptor beta,Homo sapiens,82,72,EC50; IC50,IC50,74,65,0.902439024390244,6,4,2004.0,2022.0,4.75,8.94,4.19,4.75,8.94,4.19,Curatable,0,1,1,1,1,1,1,1,Nuclear receptors,Human,Q9UQK9,3,4
CHEMBL3622,Cytochrome P450 2C19,Homo sapiens,72,70,AC50; IC50,AC50,64,64,0.8888888888888888,6,0,2009.0,2023.0,4.21,7.2,2.99,4.4,7.2,2.8,Curatable,0,1,1,1,1,1,1,1,Cytochrome P450s,Human,Q9UCD4,3,4
CHEMBL3397,Cytochrome P450 2C9,Homo sapiens,79,68,AC50; IC50; Ki,AC50,52,52,0.6582278481012658,9,0,2000.0,2023.0,4.02,8.25,4.23,4.4,8.25,3.85,Curatable,0,0,1,1,1,1,1,1,Cytochrome P450s,Human,Q8WW80,2,4
CHEMBL273,5-hydroxytryptamine receptor 1A,Rattus norvegicus,71,66,EC50; IC50; Ki,Ki,65,62,0.9154929577464788,8,6,1998.0,2018.0,5.51,10.92,5.41,5.51,10.92,5.41,Curatable,0,1,1,1,1,1,1,1,G protein-coupled receptors,Non-human,P19327,3,4
CHEMBL322,5-hydroxytryptamine receptor 2A,Rattus norvegicus,64,64,Ki,Ki,64,64,1.0,3,3,2003.0,2014.0,5.51,9.52,4.01,5.51,9.52,4.01,Curatable,0,1,1,0,1,1,1,1,G protein-coupled receptors,Non-human,P14842,2,4
CHEMBL224,5-hydroxytryptamine receptor 2A,Homo sapiens,63,62,IC50; Ki,Ki,62,62,0.984126984126984,6,6,2013.0,2021.0,5.34,9.52,4.18,5.34,9.52,4.18,Curatable,0,1,1,1,1,1,1,1,G protein-coupled receptors,Human,Q5T8C0,3,4
CHEMBL230,Prostaglandin G/H synthase 2,Homo sapiens,60,60,IC50,IC50,60,60,1.0,6,6,2012.0,2021.0,4.09,7.05,2.96,4.09,7.05,2.96,Curatable,0,1,1,1,1,1,1,1,Other enzymes,Human,Q16876,3,4
CHEMBL339,D(2) dopamine receptor,Rattus norvegicus,59,59,IC50; Ki,Ki,58,58,0.9830508474576272,5,4,2003.0,2014.0,5.52,8.85,3.33,5.52,8.85,3.33,Curatable,0,1,1,1,1,1,1,1,G protein-coupled receptors,Non-human,P61169,3,4
CHEMBL3587,Dual specificity mitogen-activated protein kinase kinase 1,Homo sapiens,64,55,IC50; Kd,IC50,61,54,0.953125,10,8,2005.0,2024.0,3.56,8.3,4.74,4.43,8.3,3.870000000000001,Curatable,0,1,1,1,1,1,1,1,Kinases,Human,Q02750,3,4
CHEMBL219,D(4) dopamine receptor,Homo sapiens,70,51,IC50; Ki,Ki,67,51,0.9571428571428572,5,5,1997.0,2021.0,5.3,8.89,3.5900000000000007,5.3,8.82,3.5200000000000005,Curatable,0,1,1,1,1,1,1,1,G protein-coupled receptors,Human,Q8NGM5,3,4
CHEMBL3559,Steryl-sulfatase,Homo sapiens,100,50,IC50,IC50,100,50,1.0,36,36,1996.0,2024.0,4.05,9.17,5.12,4.05,9.17,5.12,Curatable,0,1,1,1,1,1,1,1,Other enzymes,Human,P08842,3,4
CHEMBL3471,Human immunodeficiency virus type 1 integrase,Human immunodeficiency virus 1,77,49,IC50,IC50,77,49,1.0,15,15,1997.0,2022.0,4.04,7.89,3.85,4.04,7.89,3.85,Curatable,0,1,1,1,1,1,1,1,Other enzymes,Non-human,Q7ZJM1,3,4
CHEMBL4822,Beta-secretase 1,Homo sapiens,65,45,IC50; Ki,IC50,58,44,0.8923076923076924,11,11,2006.0,2022.0,4.0,7.03,3.03,4.0,7.03,3.03,Curatable,0,1,1,1,1,1,1,1,Proteases,Human,P56817,3,4
CHEMBL1906,RAF proto-oncogene serine/threonine-protein kinase,Homo sapiens,48,43,IC50,IC50,48,43,1.0,4,4,2013.0,2022.0,4.57,8.4,3.83,4.57,8.4,3.83,Curatable,0,1,1,0,1,1,1,1,Kinases,Human,P04049,2,4
CHEMBL3623,NAD(P)H dehydrogenase [quinone] 1,Homo sapiens,81,41,EC50; IC50,IC50,80,41,0.9876543209876544,5,5,2006.0,2018.0,4.2,9.74,5.54,4.2,9.74,5.54,Curatable,0,1,1,1,1,1,1,1,Other enzymes,Human,Q86UK1,3,4
CHEMBL340,Cytochrome P450 3A4,Homo sapiens,84,76,AC50; IC50; Ki,AC50,48,48,0.5714285714285714,12,0,2005.0,2023.0,4.23,7.19,2.96,4.4,6.4,2.0,Exploratory,0,0,0,1,1,0,1,1,Cytochrome P450s,Human,P08684,1,3
CHEMBL1293267,G-protein coupled receptor 35,Homo sapiens,189,61,EC50; IC50; Ki,IC50,96,60,0.5079365079365079,5,3,2012.0,2023.0,4.0,9.51,5.51,4.0,9.33,5.33,Exploratory,0,0,1,1,1,0,1,1,G protein-coupled receptors,Human,Q9HC97,2,3
CHEMBL1871,Androgen receptor,Homo sapiens,102,57,EC50; IC50; Ki,IC50,61,54,0.5980392156862745,9,8,1999.0,2022.0,4.3,9.7,5.4,4.3,9.7,5.4,Exploratory,0,0,1,1,1,0,1,1,Nuclear receptors,Human,P10275,2,3
CHEMBL4361,Induced myeloid leukemia cell differentiation protein Mcl-1,Homo sapiens,89,55,IC50; Ki,IC50,53,53,0.5955056179775281,2,1,2016.0,2021.0,4.08,6.68,2.6,4.08,5.96,1.88,Exploratory,0,0,0,0,1,0,1,0,Other/unclassified,Human,Q07820,0,2
CHEMBL4879514,Microtubule-associated proteins 1A/1B light chain 3B,Homo sapiens,55,46,IC50; Kd; Ki,Ki,44,44,0.8,2,1,2021.0,2024.0,4.01,6.7,2.6900000000000004,4.05,5.38,1.33,Exploratory,0,1,0,0,1,1,0,0,Other/unclassified,Human,Q9GZQ8,1,2
CHEMBL4879518,Microtubule-associated proteins 1A/1B light chain 3A,Homo sapiens,61,44,IC50; Kd; Ki,Ki,44,44,0.7213114754098361,1,1,2021.0,2021.0,4.04,5.55,1.5099999999999998,4.08,5.48,1.4000000000000004,Exploratory,0,0,0,0,1,1,0,0,Other/unclassified,Human,Q9H492,0,2
CHEMBL4117,Aminopeptidase N,Plasmodium falciparum FcB1/Columbia,43,43,IC50,IC50,43,43,1.0,0,0,,,4.13,5.01,0.8799999999999999,4.13,5.01,0.8799999999999999,Exploratory,0,1,0,0,1,1,0,0,Proteases,Non-human,Q8IEK1,1,2
CHEMBL4739844,Immunoglobulin lambda variable 6-57,Homo sapiens,79,41,EC50,EC50,79,41,1.0,1,1,2021.0,2021.0,4.58,8.41,3.83,4.58,8.41,3.83,Exploratory,0,1,1,0,1,1,1,0,Other/unclassified,Human,P06319,2,3
CHEMBL2821,Coagulation factor XII,Homo sapiens,43,40,IC50; Ki,IC50,32,29,0.7441860465116279,5,5,2008.0,2023.0,4.38,7.21,2.83,4.38,5.37,0.9900000000000002,Exploratory,0,0,0,1,1,1,0,1,Proteases,Human,P78339,1,3
CHEMBL2916,Telomerase reverse transcriptase,Homo sapiens,42,39,IC50,IC50,42,39,1.0,7,7,2010.0,2023.0,4.23,6.09,1.8599999999999997,4.23,6.09,1.8599999999999997,Exploratory,0,1,0,1,0,1,1,1,Other enzymes,Human,Q8NG46,2,3
CHEMBL2756,Amine oxidase [flavin-containing] B,Bos taurus,39,39,Ki,Ki,39,39,1.0,2,2,2006.0,2012.0,5.2,6.32,1.12,5.2,6.32,1.12,Exploratory,0,1,0,0,0,1,0,0,Monoamine oxidases,Non-human,Q864W3,1,1
CHEMBL221,Prostaglandin G/H synthase 1,Homo sapiens,39,39,IC50,IC50,39,39,1.0,5,5,2005.0,2018.0,4.01,4.58,0.5700000000000003,4.01,4.58,0.5700000000000003,Exploratory,0,1,0,1,0,1,0,1,Other enzymes,Human,Q5T7T8,2,2
CHEMBL218,Cannabinoid receptor 1,Homo sapiens,55,39,EC50; Ki,Ki,50,39,0.9090909090909092,4,4,2009.0,2021.0,4.68,7.66,2.9800000000000004,4.68,7.66,2.9800000000000004,Exploratory,0,1,1,0,0,1,1,1,G protein-coupled receptors,Human,Q9UNN0,2,3
CHEMBL5979,"Alkaline phosphatase, tissue-nonspecific isozyme",Homo sapiens,38,38,IC50,IC50,38,38,1.0,2,2,2017.0,2023.0,4.59,6.6,2.01,4.59,6.6,2.01,Exploratory,0,1,0,0,0,1,1,0,Other enzymes,Human,Q9UBK0,1,2
CHEMBL1075322,G-protein coupled receptor 55,Homo sapiens,38,38,EC50; IC50,IC50,33,33,0.868421052631579,1,1,2013.0,2013.0,4.79,6.95,2.16,4.87,6.95,2.08,Exploratory,0,1,0,0,0,1,1,0,G protein-coupled receptors,Human,Q9Y2T6,1,2
CHEMBL1795098,Carboxy-terminal domain RNA polymerase II polypeptide A small phosphatase 1,Homo sapiens,37,37,IC50,IC50,37,37,1.0,0,0,,,4.49,5.7,1.21,4.49,5.7,1.21,Exploratory,0,1,0,0,0,1,0,0,Other enzymes,Human,Q9GZU7,1,1
CHEMBL5939,Endoplasmic reticulum aminopeptidase 1,Homo sapiens,37,37,AC50,AC50,37,37,1.0,0,0,,,4.9,5.84,0.9399999999999996,4.9,5.84,0.9399999999999996,Exploratory,0,1,0,0,0,1,0,0,Proteases,Human,Q9UKY2,1,1
CHEMBL4234,17-beta-hydroxysteroid dehydrogenase type 3,Homo sapiens,36,36,IC50,IC50,36,36,1.0,1,1,2010.0,2010.0,5.0,8.82,3.82,5.0,8.82,3.82,Exploratory,0,1,1,0,0,1,1,0,Other enzymes,Human,Q5U0Q6,2,2
CHEMBL4306,Potassium voltage-gated channel subfamily A member 5,Homo sapiens,37,35,EC50; IC50,EC50,34,34,0.918918918918919,3,0,2006.0,2023.0,4.92,8.11,3.1899999999999995,4.92,8.0,3.08,Exploratory,0,1,1,0,0,1,1,1,Ion channels and transporters,Human,Q9UDA4,2,3
CHEMBL5508,Dual specificity tyrosine-phosphorylation-regulated kinase 1A,Rattus norvegicus,35,35,AC50; IC50,AC50,21,21,0.6,1,0,2012.0,2012.0,4.58,7.17,2.59,4.58,6.1,1.5199999999999996,Exploratory,0,0,0,0,0,1,1,0,Kinases,Non-human,Q63470,0,2
CHEMBL5573,Intestinal-type alkaline phosphatase,Homo sapiens,33,32,IC50,IC50,33,32,1.0,1,1,2017.0,2017.0,4.69,5.96,1.2699999999999996,4.69,5.96,1.2699999999999996,Exploratory,0,1,0,0,0,1,0,0,Other enzymes,Human,Q9UCL2,1,1
CHEMBL256,Adenosine receptor A3,Homo sapiens,41,32,AC50; IC50; Ki,Ki,34,30,0.8292682926829268,3,2,2020.0,2023.0,4.53,6.59,2.06,4.63,6.59,1.96,Exploratory,0,1,0,0,0,1,1,1,G protein-coupled receptors,Human,Q9BYZ1,1,3
CHEMBL2414,C-C chemokine receptor type 4,Homo sapiens,31,31,IC50,IC50,31,31,1.0,1,1,2010.0,2010.0,4.23,7.67,3.4399999999999995,4.23,7.67,3.4399999999999995,Exploratory,0,1,1,0,0,1,1,0,G protein-coupled receptors,Human,Q9ULY7,2,2
CHEMBL4302,ATP-dependent translocase ABCB1,Homo sapiens,31,31,IC50,IC50,31,31,1.0,5,5,2014.0,2020.0,4.36,7.16,2.8,4.36,7.16,2.8,Exploratory,0,1,1,1,0,1,1,1,Ion channels and transporters,Human,Q14812,3,3
CHEMBL3251,Nuclear factor NF-kappa-B p105 subunit,Homo sapiens,31,31,EC50; IC50,EC50,24,24,0.7741935483870968,2,1,2010.0,2013.0,4.0,5.6,1.5999999999999996,4.0,5.0,1.0,Exploratory,0,0,0,0,0,1,0,0,Other/unclassified,Human,Q9NZC0,0,1
CHEMBL4005,"Phosphatidylinositol 4,5-bisphosphate 3-kinase catalytic subunit alpha isoform",Homo sapiens,30,30,IC50,IC50,30,30,1.0,5,5,2019.0,2024.0,4.28,8.68,4.4,4.28,8.68,4.4,Exploratory,0,1,1,1,0,1,1,1,Kinases,Human,P42336,3,3
CHEMBL1895,DNA topoisomerase 4 subunit A,Escherichia coli K-12,30,30,IC50,IC50,30,30,1.0,1,1,2019.0,2019.0,4.53,7.0,2.47,4.53,7.0,2.47,Exploratory,0,1,0,0,0,1,1,0,Other enzymes,Non-human,Q2M9I1,1,2
CHEMBL1826,DNA gyrase subunit B,Escherichia coli,54,30,IC50; Kd; Ki,IC50,51,29,0.9444444444444444,4,2,2008.0,2018.0,5.5,8.92,3.42,5.5,7.77,2.27,Exploratory,0,1,0,0,0,1,1,1,Other enzymes,Non-human,Q2M811,1,3
CHEMBL1858,DNA gyrase subunit A,Escherichia coli K-12,29,29,IC50,IC50,29,29,1.0,1,1,2019.0,2019.0,4.18,7.4,3.2200000000000006,4.18,7.4,3.2200000000000006,Exploratory,0,1,1,0,0,1,1,0,Other enzymes,Non-human,P0AES4,2,2
CHEMBL4523503,Chloride anion exchanger,Mus musculus,50,29,IC50,IC50,50,29,1.0,1,1,2019.0,2021.0,4.75,7.64,2.89,4.75,7.64,2.89,Exploratory,0,1,1,0,0,1,1,0,Ion channels and transporters,Non-human,Q9WVC8,2,2
CHEMBL2085,Macrophage migration inhibitory factor,Homo sapiens,54,29,IC50; Kd; Ki,Ki,33,26,0.6111111111111112,6,4,2001.0,2020.0,4.19,7.8,3.61,4.9,7.15,2.25,Exploratory,0,0,0,1,0,1,1,1,Other/unclassified,Human,P14174,1,3
CHEMBL215,Polyunsaturated fatty acid 5-lipoxygenase,Homo sapiens,52,28,IC50,IC50,52,28,1.0,8,8,1992.0,2022.0,4.44,9.3,4.86,4.44,9.3,4.86,Exploratory,0,1,1,1,0,1,1,1,Other enzymes,Human,Q5JQ14,3,3
CHEMBL2424506,DNA gyrase subunit A,Staphylococcus aureus,28,28,IC50,IC50,28,28,1.0,1,1,2019.0,2019.0,4.36,6.1,1.739999999999999,4.36,6.1,1.739999999999999,Exploratory,0,1,0,0,0,1,1,0,Other enzymes,Non-human,P20831,1,2
CHEMBL3912,Carbonic anhydrase 13,Homo sapiens,28,28,Ki,Ki,28,28,1.0,3,3,2010.0,2013.0,4.02,5.5,1.4800000000000004,4.02,5.5,1.4800000000000004,Exploratory,0,1,0,0,0,1,0,1,Carbonic anhydrases,Human,Q8N1Q1,1,2
CHEMBL4768,Acetylcholinesterase,Bos taurus,29,28,IC50; Ki,IC50,28,28,0.9655172413793104,3,3,2008.0,2013.0,4.18,9.0,4.82,4.18,9.0,4.82,Exploratory,0,1,1,0,0,1,1,1,Cholinesterases,Non-human,Q08D79,2,3
CHEMBL289,Cytochrome P450 2D6,Homo sapiens,29,28,AC50; IC50,AC50,22,22,0.7586206896551724,6,0,2003.0,2023.0,4.13,7.3,3.17,4.6,7.3,2.7,Exploratory,0,0,1,1,0,1,1,1,Cytochrome P450s,Human,Q6NXU8,2,3
CHEMBL3229,Fatty-acid amide hydrolase 1,Rattus norvegicus,54,27,IC50,IC50,54,27,1.0,3,3,2012.0,2022.0,5.04,8.88,3.8400000000000007,5.04,8.88,3.8400000000000007,Exploratory,0,1,1,0,0,1,1,1,Other enzymes,Non-human,Q5BKA3,2,3
CHEMBL3130,"Phosphatidylinositol 4,5-bisphosphate 3-kinase catalytic subunit delta isoform",Homo sapiens,27,27,IC50,IC50,27,27,1.0,3,3,2009.0,2019.0,4.17,6.92,2.75,4.17,6.92,2.75,Exploratory,0,1,1,0,0,1,1,1,Kinases,Human,Q5SR49,2,3
CHEMBL1293228,Streptokinase A,Streptococcus pyogenes serotype M1,37,27,EC50,EC50,37,27,1.0,0,0,,,4.29,6.95,2.66,4.29,6.95,2.66,Exploratory,0,1,1,0,0,1,1,0,Kinases,Non-human,Q48WH3,2,2
CHEMBL4161,Urease,Canavalia ensiformis,28,27,IC50,IC50,28,27,1.0,3,3,2008.0,2022.0,4.04,6.45,2.41,4.04,6.45,2.41,Exploratory,0,1,0,0,0,1,1,1,Other enzymes,Non-human,P07374,1,3
CHEMBL5282,Cytochrome P450 2A6,Homo sapiens,41,27,IC50; Kd; Ki,Ki,32,27,0.7804878048780488,4,4,2005.0,2023.0,4.57,10.24,5.67,4.57,10.24,5.67,Exploratory,0,0,1,0,0,1,1,1,Cytochrome P450s,Human,Q9UK48,1,3
CHEMBL3145,"Phosphatidylinositol 4,5-bisphosphate 3-kinase catalytic subunit beta isoform",Homo sapiens,26,26,IC50,IC50,26,26,1.0,3,3,2009.0,2019.0,4.17,6.92,2.75,4.17,6.92,2.75,Exploratory,0,1,1,0,0,1,1,1,Kinases,Human,Q24JU2,2,3
CHEMBL3267,"Phosphatidylinositol 4,5-bisphosphate 3-kinase catalytic subunit gamma isoform",Homo sapiens,26,26,IC50,IC50,26,26,1.0,2,2,2019.0,2019.0,4.37,7.09,2.72,4.37,7.09,2.72,Exploratory,0,1,1,0,0,1,1,0,Kinases,Human,P48736,2,2
CHEMBL203,Epidermal growth factor receptor,Homo sapiens,33,25,IC50,IC50,33,25,1.0,8,8,2007.0,2024.0,5.12,8.05,2.9300000000000006,5.12,8.05,2.9300000000000006,Exploratory,0,1,1,1,0,1,1,1,Kinases,Human,P00533,3,3
CHEMBL1293246,Beta Lactamase,Pseudomonas aeruginosa,38,25,IC50,IC50,38,25,1.0,0,0,,,4.41,6.28,1.87,4.41,6.28,1.87,Exploratory,0,1,0,0,0,1,1,0,Other enzymes,Non-human,Q932Y6,1,2
CHEMBL1900,Aldo-keto reductase family 1 member B1,Homo sapiens,24,24,IC50,IC50,24,24,1.0,3,3,2010.0,2017.0,4.13,7.01,2.88,4.13,7.01,2.88,Exploratory,0,1,1,0,0,1,1,1,Other enzymes,Human,P15121,2,3
CHEMBL3198,Acetylcholinesterase,Mus musculus,25,24,IC50,IC50,25,24,1.0,3,3,2014.0,2022.0,4.04,6.4,2.3600000000000003,4.04,6.4,2.3600000000000003,Exploratory,0,1,0,0,0,1,1,1,Cholinesterases,Non-human,P21836,1,3
CHEMBL1075138,Tyrosyl-DNA phosphodiesterase 1,Homo sapiens,26,24,IC50,IC50,26,24,1.0,3,3,2010.0,2020.0,4.65,7.0,2.35,4.65,7.0,2.35,Exploratory,0,1,0,0,0,1,1,1,Other enzymes,Human,Q9NZM8,1,3
CHEMBL251,Adenosine receptor A2a,Homo sapiens,26,24,AC50; IC50; Ki,Ki,24,24,0.9230769230769232,4,3,2016.0,2023.0,4.19,6.13,1.9399999999999995,4.19,6.13,1.9399999999999995,Exploratory,0,1,0,0,0,1,1,1,G protein-coupled receptors,Human,P29274,1,3
CHEMBL1163101,Serine/threonine-protein kinase/endoribonuclease IRE1,Homo sapiens,36,24,EC50; IC50; Kd,IC50,32,21,0.8888888888888888,2,1,2014.0,2019.0,4.79,7.33,2.54,4.79,7.33,2.54,Exploratory,0,1,1,0,0,1,1,0,Kinases,Human,Q59EE2,2,2
CHEMBL3706,Disintegrin and metalloproteinase domain-containing protein 17,Homo sapiens,37,23,IC50,IC50,37,23,1.0,3,3,1999.0,2010.0,4.91,9.57,4.66,4.91,9.57,4.66,Exploratory,0,1,1,0,0,1,1,1,Proteases,Human,P78536,2,3
CHEMBL3621036,"Bifunctional methylenetetrahydrofolate dehydrogenase/cyclohydrolase, mitochondrial",Homo sapiens,23,23,IC50,IC50,23,23,1.0,2,2,2019.0,2019.0,5.42,8.2,2.78,5.42,8.2,2.78,Exploratory,0,1,1,0,0,1,1,0,Other enzymes,Human,Q7Z650,2,2
CHEMBL217,D(2) dopamine receptor,Homo sapiens,48,23,EC50; IC50; Ki,Ki,36,22,0.75,11,10,1997.0,2023.0,4.79,8.7,3.9099999999999993,5.26,8.7,3.4399999999999995,Exploratory,0,0,1,1,0,1,1,1,G protein-coupled receptors,Human,Q9UPA9,2,3
CHEMBL4422,Free fatty acid receptor 1,Homo sapiens,25,22,EC50,EC50,25,22,1.0,2,2,2022.0,2022.0,4.49,6.85,2.3599999999999994,4.49,6.85,2.3599999999999994,Exploratory,0,1,0,0,0,1,1,0,G protein-coupled receptors,Human,Q4VBL4,1,2
CHEMBL3510,Carbonic anhydrase 14,Homo sapiens,23,22,Ki,Ki,23,22,1.0,5,5,2008.0,2012.0,5.05,7.4,2.3500000000000005,5.05,7.4,2.3500000000000005,Exploratory,0,1,0,1,0,1,1,1,Carbonic anhydrases,Human,Q9ULX7,2,3
CHEMBL2176851,Replicative DNA helicase,Bacillus anthracis,22,22,IC50,IC50,22,22,1.0,1,1,2012.0,2012.0,4.07,5.82,1.75,4.07,5.82,1.75,Exploratory,0,1,0,0,0,1,1,0,Other enzymes,Non-human,Q81JI8,1,2
CHEMBL234,D(3) dopamine receptor,Homo sapiens,36,22,IC50; Ki,Ki,35,22,0.9722222222222222,9,9,1997.0,2021.0,5.56,8.74,3.1800000000000006,5.56,8.74,3.1800000000000006,Exploratory,0,1,1,1,0,1,1,1,G protein-coupled receptors,Human,Q4VBM8,3,3
CHEMBL2186,Carbonic anhydrase 13,Mus musculus,21,21,Ki,Ki,21,21,1.0,3,3,2008.0,2010.0,4.69,7.35,2.6599999999999997,4.69,7.35,2.6599999999999997,Exploratory,0,1,1,0,0,1,1,1,Carbonic anhydrases,Non-human,Q9D6N1,2,3
CHEMBL1908,"Cytochrome P450 11B1, mitochondrial",Homo sapiens,22,21,IC50,IC50,22,21,1.0,2,2,2011.0,2015.0,6.03,8.3,2.2700000000000005,6.03,8.3,2.2700000000000005,Exploratory,0,1,0,0,0,1,1,0,Cytochrome P450s,Human,Q9UML2,1,2
CHEMBL3775,M-phase inducer phosphatase 1,Homo sapiens,22,21,IC50,IC50,22,21,1.0,4,4,2010.0,2020.0,4.02,5.92,1.9000000000000004,4.02,5.92,1.9000000000000004,Exploratory,0,1,0,0,0,1,1,1,Other enzymes,Human,Q9H2F2,1,3
CHEMBL2722,"Cytochrome P450 11B2, mitochondrial",Homo sapiens,22,21,IC50,IC50,22,21,1.0,2,2,2011.0,2015.0,5.66,7.11,1.4500000000000002,5.66,7.11,1.4500000000000002,Exploratory,0,1,0,0,0,1,0,0,Cytochrome P450s,Human,Q16726,1,1
CHEMBL3072,Androgen receptor,Rattus norvegicus,21,21,IC50; Ki,IC50,13,13,0.6190476190476191,2,1,2005.0,2019.0,5.41,7.04,1.63,5.41,6.26,0.8499999999999996,Exploratory,0,0,0,0,0,1,0,0,Nuclear receptors,Non-human,Q63049,0,1
CHEMBL2622,Aldo-keto reductase family 1 member B1,Rattus norvegicus,20,20,IC50,IC50,20,20,1.0,2,2,1986.0,2012.0,4.21,7.7,3.49,4.21,7.7,3.49,Exploratory,0,1,1,0,0,1,1,0,Other enzymes,Non-human,P07943,2,2
CHEMBL3025,Carbonic anhydrase 6,Homo sapiens,21,20,Ki,Ki,21,20,1.0,5,5,2008.0,2012.0,4.03,7.0,2.97,4.03,7.0,2.97,Exploratory,0,1,1,1,0,1,1,1,Carbonic anhydrases,Human,Q9UF03,3,3
CHEMBL2378,M-phase inducer phosphatase 3,Homo sapiens,21,20,IC50,IC50,21,20,1.0,4,4,2010.0,2020.0,4.14,7.0,2.8600000000000003,4.14,7.0,2.8600000000000003,Exploratory,0,1,1,0,0,1,1,1,Other enzymes,Human,Q9H2F1,2,3
CHEMBL281,Carbonic anhydrase 4,Bos taurus,20,20,Ki,Ki,20,20,1.0,1,1,2000.0,2000.0,6.5,9.22,2.7200000000000006,6.5,9.22,2.7200000000000006,Exploratory,0,1,1,0,0,1,1,0,Carbonic anhydrases,Non-human,Q95323,2,2
CHEMBL4088,DNA topoisomerase 4 subunit A,Staphylococcus aureus,20,20,IC50,IC50,20,20,1.0,1,1,2019.0,2019.0,4.0,6.52,2.52,4.0,6.52,2.52,Exploratory,0,1,1,0,0,1,1,0,Other enzymes,Non-human,P95683,2,2
CHEMBL4523223,Chloride anion exchanger,Homo sapiens,22,20,IC50,IC50,22,20,1.0,1,1,2021.0,2024.0,6.05,7.6,1.5499999999999998,6.05,7.6,1.5499999999999998,Exploratory,0,1,0,0,0,1,1,0,Ion channels and transporters,Human,P40879,1,2
CHEMBL3649,Xanthine dehydrogenase/oxidase,Bos taurus,20,20,IC50,IC50,20,20,1.0,5,5,2017.0,2024.0,4.19,5.67,1.4799999999999995,4.19,5.67,1.4799999999999995,Exploratory,0,1,0,1,0,1,0,1,Other enzymes,Non-human,Q95325,2,2
CHEMBL312,Polyunsaturated fatty acid 5-lipoxygenase,Rattus norvegicus,20,20,IC50,IC50,20,20,1.0,1,1,2017.0,2017.0,5.2,6.06,0.8599999999999994,5.2,6.06,0.8599999999999994,Exploratory,0,1,0,0,0,1,0,0,Other enzymes,Non-human,P12527,1,1
CHEMBL1930,Vitamin K epoxide reductase complex subunit 1,Homo sapiens,20,20,IC50; Ki,IC50,16,16,0.8,3,2,2012.0,2023.0,4.1,8.35,4.25,4.1,8.35,4.25,Exploratory,0,1,1,0,0,1,1,1,Other enzymes,Human,Q9BQB6,2,3
CHEMBL5973,Carbonic anhydrase 15,Mus musculus,20,19,Ki,Ki,20,19,1.0,2,2,2010.0,2010.0,4.03,7.34,3.31,4.03,7.34,3.31,Not Suitable,0,1,1,0,0,1,1,0,Carbonic anhydrases,Non-human,Q99N23,2,2
CHEMBL3142,DNA-dependent protein kinase catalytic subunit,Homo sapiens,24,19,IC50,IC50,24,19,1.0,3,3,2005.0,2015.0,4.95,6.22,1.2699999999999996,4.95,6.22,1.2699999999999996,Not Suitable,0,1,0,0,0,1,0,1,Kinases,Human,Q9UME3,1,2
CHEMBL3571,Cannabinoid receptor 1,Rattus norvegicus,22,19,EC50; Ki,Ki,21,19,0.9545454545454546,3,3,1997.0,2009.0,4.72,8.02,3.3,4.72,7.49,2.7700000000000005,Not Suitable,0,1,1,0,0,1,1,1,G protein-coupled receptors,Non-human,P20272,2,3
CHEMBL2885,Carbonic anhydrase 3,Homo sapiens,18,18,Ki,Ki,18,18,1.0,3,3,2010.0,2012.0,4.02,5.42,1.4000000000000004,4.02,5.42,1.4000000000000004,Not Suitable,0,1,0,0,0,1,0,1,Carbonic anhydrases,Human,P07451,1,2
CHEMBL226,Adenosine receptor A1,Homo sapiens,18,18,Ki,Ki,18,18,1.0,3,3,2016.0,2022.0,4.39,5.62,1.2300000000000004,4.39,5.62,1.2300000000000004,Not Suitable,0,1,0,0,0,1,0,1,G protein-coupled receptors,Human,Q8TAM8,1,2
CHEMBL4093,Oxysterols receptor LXR-beta,Homo sapiens,21,18,EC50,EC50,21,18,1.0,3,3,2015.0,2016.0,5.1,6.02,0.92,5.1,6.02,0.92,Not Suitable,0,1,0,0,0,1,0,1,Nuclear receptors,Human,Q5I0Y1,1,2
CHEMBL1287620,Fructose-bisphosphate aldolase,Mycobacterium tuberculosis,18,18,IC50,IC50,18,18,1.0,0,0,,,5.43,6.04,0.6100000000000003,5.43,6.04,0.6100000000000003,Not Suitable,0,1,0,0,0,1,0,0,Other enzymes,Non-human,P9WQA3,1,1
CHEMBL2949,Prostaglandin G/H synthase 1,Ovis aries,17,17,IC50,IC50,17,17,1.0,4,4,2012.0,2021.0,4.28,5.79,1.5099999999999998,4.28,5.79,1.5099999999999998,Not Suitable,0,1,0,0,0,1,1,1,Other enzymes,Non-human,P05979,1,3
CHEMBL279,Vascular endothelial growth factor receptor 2,Homo sapiens,21,17,AC50; IC50,IC50,20,16,0.9523809523809524,9,8,2012.0,2024.0,4.47,7.49,3.0200000000000005,4.47,7.49,3.0200000000000005,Not Suitable,0,1,1,1,0,1,1,1,Kinases,Human,P35968,3,3
CHEMBL1741189,FAD-linked sulfhydryl oxidase ALR,Homo sapiens,16,16,AC50,AC50,16,16,1.0,0,0,,,4.03,7.04,3.01,4.03,7.04,3.01,Not Suitable,0,1,1,0,0,1,1,0,Other enzymes,Human,Q9UK40,2,2
CHEMBL335,Tyrosine-protein phosphatase non-receptor type 1,Homo sapiens,16,16,IC50,IC50,16,16,1.0,4,4,2009.0,2020.0,4.04,6.39,2.35,4.04,6.39,2.35,Not Suitable,0,1,0,0,0,1,1,1,Other enzymes,Human,P18031,1,3
CHEMBL5620,Proteasome subunit beta type-8,Homo sapiens,18,16,IC50,IC50,18,16,1.0,2,2,2019.0,2019.0,5.74,8.05,2.3100000000000005,5.74,8.05,2.3100000000000005,Not Suitable,0,1,0,0,0,1,1,0,Proteases,Human,Q96J48,1,2
CHEMBL1293251,ATP-dependent molecular chaperone HSP82,Candida albicans (strain WO-1) (Yeast),18,16,EC50,EC50,18,16,1.0,0,0,,,4.66,6.19,1.5300000000000002,4.66,6.19,1.5300000000000002,Not Suitable,0,1,0,0,0,1,1,0,Other/unclassified,Non-human,C4YTQ8,1,2
CHEMBL5145,Serine/threonine-protein kinase B-raf,Homo sapiens,18,16,IC50; Kd,IC50,17,16,0.9444444444444444,5,4,2012.0,2022.0,4.47,8.15,3.6800000000000006,4.47,8.09,3.62,Not Suitable,0,1,1,1,0,1,1,1,Kinases,Human,P15056,3,3
CHEMBL2366,Trypsin,Sus scrofa,16,16,AC50; IC50,AC50,15,15,0.9375,0,0,2015.0,2015.0,4.62,5.82,1.2000000000000002,4.62,5.82,1.2000000000000002,Not Suitable,0,1,0,0,0,1,0,0,Proteases,Non-human,P00761,1,1
CHEMBL3943,Histamine H1 receptor,Cavia porcellus,16,16,Kd; Ki,Ki,9,9,0.5625,3,2,1984.0,2014.0,4.0,9.0,5.0,5.74,7.87,2.13,Not Suitable,0,0,0,0,0,0,1,1,G protein-coupled receptors,Non-human,P31389,0,2
CHEMBL1293200,Zn finger protein,Nicotiana tabacum,15,15,Ki,Ki,15,15,1.0,1,1,2010.0,2010.0,4.11,9.01,4.9,4.11,9.01,4.9,Not Suitable,0,1,1,0,0,1,1,0,Other/unclassified,Non-human,Q43570,2,2
CHEMBL4105870,Vitamin K epoxide reductase complex subunit 1,Rattus norvegicus,15,15,Ki,Ki,15,15,1.0,1,1,2017.0,2017.0,4.66,7.7,3.04,4.66,7.7,3.04,Not Suitable,0,1,1,0,0,1,1,0,Other enzymes,Non-human,Q6TEK4,2,2
CHEMBL2541,"C-1-tetrahydrofolate synthase, cytoplasmic",Homo sapiens,15,15,IC50,IC50,15,15,1.0,1,1,2019.0,2019.0,4.57,6.24,1.67,4.57,6.24,1.67,Not Suitable,0,1,0,0,0,1,1,0,Other enzymes,Human,Q9BVP5,1,2
CHEMBL1250413,CAAX prenyl protease 2,Saccharomyces cerevisiae S288c,15,15,AC50,AC50,15,15,1.0,0,0,,,4.38,5.02,0.6399999999999997,4.38,5.02,0.6399999999999997,Not Suitable,0,1,0,0,0,1,0,0,Proteases,Non-human,Q03530,1,1
CHEMBL235,Peroxisome proliferator-activated receptor gamma,Homo sapiens,17,15,EC50; Ki,EC50,16,15,0.9411764705882352,3,3,2008.0,2023.0,4.25,9.0,4.75,4.25,9.0,4.75,Not Suitable,0,1,1,0,0,1,1,1,Nuclear receptors,Human,P37231,2,3
CHEMBL288,"3',5'-cyclic-AMP phosphodiesterase 4D",Homo sapiens,15,15,AC50; IC50,IC50,14,14,0.9333333333333332,3,2,2014.0,2023.0,4.78,6.85,2.0699999999999994,4.78,6.85,2.0699999999999994,Not Suitable,0,1,0,0,0,1,1,1,Other enzymes,Human,Q08499,1,3
CHEMBL4878,Cytochrome P450 1B1,Homo sapiens,16,15,IC50; Ki,Ki,13,13,0.8125,3,2,2015.0,2018.0,4.33,6.66,2.33,4.33,6.0,1.67,Not Suitable,0,1,0,0,0,1,1,1,Cytochrome P450s,Human,Q9H316,1,3
CHEMBL239,Peroxisome proliferator-activated receptor alpha,Homo sapiens,17,15,EC50; IC50,EC50,13,13,0.7647058823529411,3,3,2006.0,2017.0,4.9,9.0,4.1,4.9,9.0,4.1,Not Suitable,0,0,1,0,0,1,1,1,Nuclear receptors,Human,Q07869,1,3
CHEMBL4531,Galectin-3,Homo sapiens,23,14,Kd,Kd,23,14,1.0,4,4,2014.0,2023.0,4.11,8.7,4.589999999999999,4.11,8.7,4.589999999999999,Not Suitable,0,1,1,0,0,1,1,1,Other/unclassified,Human,P17931,2,3
CHEMBL2487,Amyloid-beta precursor protein,Homo sapiens,18,14,IC50,IC50,18,14,1.0,4,4,2013.0,2024.0,4.0,8.1,4.1,4.0,8.1,4.1,Not Suitable,0,1,1,0,0,1,1,1,Other/unclassified,Human,P05067,2,3
CHEMBL275,"3',5'-cyclic-AMP phosphodiesterase 4B",Homo sapiens,15,14,IC50,IC50,15,14,1.0,2,2,2010.0,2020.0,5.93,9.0,3.0700000000000003,5.93,9.0,3.0700000000000003,Not Suitable,0,1,1,0,0,1,1,0,Other enzymes,Human,Q5TEK6,2,2
CHEMBL4680039,Myosin-2,Bos taurus,14,14,IC50,IC50,14,14,1.0,1,1,2020.0,2020.0,4.0,5.54,1.54,4.0,5.54,1.54,Not Suitable,0,1,0,0,0,1,1,0,Other/unclassified,Non-human,Q9BE41,1,2
CHEMBL240,Voltage-gated inwardly rectifying potassium channel KCNH2,Homo sapiens,15,14,AC50; EC50; IC50; Ki,IC50,12,12,0.8,7,6,2005.0,2023.0,4.29,7.51,3.22,4.29,7.51,3.22,Not Suitable,0,1,1,1,0,1,1,1,Ion channels and transporters,Human,Q9H3P0,3,3
CHEMBL1935,"Aldehyde dehydrogenase, mitochondrial",Homo sapiens,25,14,IC50; Ki,IC50,18,13,0.72,3,3,2001.0,2021.0,5.25,7.72,2.47,5.34,7.17,1.83,Not Suitable,0,0,0,0,0,1,1,1,Other enzymes,Human,Q6IV71,0,3
CHEMBL3138,D(3) dopamine receptor,Rattus norvegicus,15,14,IC50; Ki,Ki,10,10,0.6666666666666666,2,2,2013.0,2015.0,6.75,8.37,1.6199999999999992,6.75,8.37,1.6199999999999992,Not Suitable,0,0,0,0,0,1,1,0,G protein-coupled receptors,Non-human,P70647,0,2
CHEMBL1795151,Bis(5'-adenosyl)-triphosphatase,Homo sapiens,15,13,IC50,IC50,15,13,1.0,1,1,2021.0,2021.0,4.3,7.22,2.92,4.3,7.22,2.92,Not Suitable,0,1,1,0,0,1,1,0,Other enzymes,Human,Q6IU12,2,2
CHEMBL6145,Inosine-5'-monophosphate dehydrogenase,Cryptosporidium parvum,13,13,IC50,IC50,13,13,1.0,1,1,2014.0,2014.0,5.6,7.7,2.1000000000000005,5.6,7.7,2.1000000000000005,Not Suitable,0,1,0,0,0,1,1,0,Other enzymes,Non-human,Q8T6T2,1,2
CHEMBL3004,Multidrug resistance-associated protein 1,Homo sapiens,13,13,IC50,IC50,13,13,1.0,1,1,2019.0,2019.0,4.14,5.44,1.3000000000000007,4.14,5.44,1.3000000000000007,Not Suitable,0,1,0,0,0,1,0,0,Ion channels and transporters,Human,Q9UQA0,1,1
CHEMBL3577,Aldehyde dehydrogenase 1A1,Homo sapiens,19,13,IC50; Ki,IC50,15,12,0.7894736842105263,3,3,2017.0,2021.0,4.53,6.89,2.3599999999999994,4.53,6.89,2.3599999999999994,Not Suitable,0,0,0,0,0,1,1,1,Other enzymes,Human,Q5SYR1,0,3
CHEMBL3254,Amine oxidase [flavin-containing] A,Bos taurus,12,12,Ki,Ki,12,12,1.0,2,2,2006.0,2012.0,5.62,11.0,5.38,5.62,11.0,5.38,Not Suitable,0,1,1,0,0,1,1,0,Monoamine oxidases,Non-human,Q0IIE7,2,2
CHEMBL344,Melanin-concentrating hormone receptor 1,Homo sapiens,23,12,IC50,IC50,23,12,1.0,2,2,2005.0,2007.0,5.99,9.0,3.01,5.99,9.0,3.01,Not Suitable,0,1,1,0,0,1,1,0,G protein-coupled receptors,Human,Q9BV08,2,2
CHEMBL3411,CAAX prenyl protease 2,Homo sapiens,12,12,AC50,AC50,12,12,1.0,0,0,,,4.01,6.12,2.1100000000000003,4.01,6.12,2.1100000000000003,Not Suitable,0,1,0,0,0,1,1,0,Proteases,Human,Q9Y256,1,2
CHEMBL2635,Dual specificity protein phosphatase 3,Homo sapiens,16,12,IC50,IC50,16,12,1.0,1,1,2013.0,2013.0,4.6,5.81,1.21,4.6,5.81,1.21,Not Suitable,0,1,0,0,0,1,0,0,Other enzymes,Human,Q8IYJ9,1,1
CHEMBL2007628,Tyrosine-protein phosphatase non-receptor type 5,Homo sapiens,12,12,IC50,IC50,12,12,1.0,2,2,2019.0,2020.0,4.44,5.53,1.09,4.44,5.53,1.09,Not Suitable,0,1,0,0,0,1,0,0,Other enzymes,Human,Q8NDP8,1,1
CHEMBL4102,Prostaglandin G/H synthase 2,Ovis aries,12,12,IC50,IC50,12,12,1.0,2,2,2014.0,2019.0,5.36,6.39,1.0299999999999994,5.36,6.39,1.0299999999999994,Not Suitable,0,1,0,0,0,1,0,0,Other enzymes,Non-human,P79208,1,1
CHEMBL2284,Glyceraldehyde-3-phosphate dehydrogenase,Homo sapiens,12,12,IC50,IC50,12,12,1.0,1,1,2004.0,2004.0,4.07,4.77,0.6999999999999993,4.07,4.77,0.6999999999999993,Not Suitable,0,1,0,0,0,1,0,0,Other enzymes,Human,Q53X65,1,1
CHEMBL5983,Aldo-keto reductase family 1 member B10,Homo sapiens,13,12,IC50; Ki,IC50,12,12,0.9230769230769232,1,1,2017.0,2017.0,5.57,8.64,3.0700000000000003,5.57,8.46,2.890000000000001,Not Suitable,0,1,1,0,0,1,1,0,Other enzymes,Human,Q8IWZ1,2,2
CHEMBL2231,Cytochrome P450 1A1,Homo sapiens,16,12,EC50; IC50; Ki,Ki,11,11,0.6875,3,3,2015.0,2022.0,4.22,7.92,3.7,4.22,7.92,3.7,Not Suitable,0,0,1,0,0,1,1,1,Cytochrome P450s,Human,Q53G18,1,3
CHEMBL4333,Sphingosine 1-phosphate receptor 1,Homo sapiens,11,11,EC50,EC50,11,11,1.0,0,0,2017.0,2017.0,4.03,8.51,4.48,4.03,8.51,4.48,Not Suitable,0,1,1,0,0,1,1,0,G protein-coupled receptors,Human,Q9NYN8,2,2
CHEMBL6136,Lysine-specific histone demethylase 1A,Homo sapiens,11,11,IC50,IC50,11,11,1.0,3,3,2014.0,2024.0,4.08,7.48,3.4000000000000004,4.08,7.48,3.4000000000000004,Not Suitable,0,1,1,0,0,1,1,1,Other enzymes,Human,O60341,2,3
CHEMBL4586,Seed linoleate 13S-lipoxygenase-1,Glycine max,11,11,IC50,IC50,11,11,1.0,2,2,2005.0,2023.0,4.0,6.17,2.17,4.0,6.17,2.17,Not Suitable,0,1,0,0,0,1,1,0,Other enzymes,Non-human,P08170,1,2
CHEMBL2074,Maltase-glucoamylase,Homo sapiens,11,11,IC50,IC50,11,11,1.0,5,5,2017.0,2024.0,4.04,6.05,2.01,4.04,6.05,2.01,Not Suitable,0,1,0,1,0,1,1,1,Other enzymes,Human,Q86UM5,2,3
CHEMBL1849,Enoyl-[acyl-carrier-protein] reductase [NADH],Mycobacterium tuberculosis,11,11,IC50,IC50,11,11,1.0,1,1,2023.0,2023.0,5.45,7.27,1.8199999999999996,5.45,7.27,1.8199999999999996,Not Suitable,0,1,0,0,0,1,1,0,Other enzymes,Non-human,P9WGR1,1,2
CHEMBL2903,Polyunsaturated fatty acid lipoxygenase ALOX15,Homo sapiens,11,11,IC50,IC50,11,11,1.0,2,2,2012.0,2023.0,4.37,6.13,1.7599999999999998,4.37,6.13,1.7599999999999998,Not Suitable,0,1,0,0,0,1,1,0,Other enzymes,Human,Q99657,1,2
CHEMBL3712907,Transmembrane domain-containing protein TMIGD3,Homo sapiens,11,11,Ki,Ki,11,11,1.0,1,1,2016.0,2016.0,4.65,6.13,1.4799999999999995,4.65,6.13,1.4799999999999995,Not Suitable,0,1,0,0,0,1,0,0,Other/unclassified,Human,Q9BYZ1,1,1
CHEMBL1824,Receptor tyrosine-protein kinase erbB-2,Homo sapiens,11,11,IC50,IC50,11,11,1.0,2,2,2012.0,2024.0,5.45,6.89,1.4399999999999995,5.45,6.89,1.4399999999999995,Not Suitable,0,1,0,0,0,1,0,0,Kinases,Human,P04626,1,1
CHEMBL1806,DNA topoisomerase 2-alpha,Homo sapiens,11,11,IC50,IC50,11,11,1.0,2,2,2017.0,2021.0,4.58,5.0,0.4199999999999999,4.58,5.0,0.4199999999999999,Not Suitable,0,1,0,0,0,1,0,0,Other enzymes,Human,Q9UQP9,1,1
CHEMBL5313,Heat shock factor protein 1,Mus musculus,12,11,AC50; EC50,EC50,8,8,0.6666666666666666,0,0,,,4.14,6.68,2.54,4.15,6.68,2.53,Not Suitable,0,0,1,0,0,1,1,0,Other/unclassified,Non-human,P38532,1,2
CHEMBL324,5-hydroxytryptamine receptor 2C,Rattus norvegicus,11,11,IC50; Ki,Ki,6,6,0.5454545454545454,1,1,2013.0,2015.0,5.72,7.92,2.2,5.77,7.92,2.1500000000000004,Not Suitable,0,0,0,0,0,0,1,0,G protein-coupled receptors,Non-human,P08909,0,1
CHEMBL284,Dipeptidyl peptidase 4,Homo sapiens,13,10,IC50,IC50,13,10,1.0,3,3,2011.0,2021.0,4.06,6.81,2.75,4.06,6.81,2.75,Not Suitable,0,1,1,0,0,1,1,1,Proteases,Human,Q53TN1,2,3
CHEMBL3864,Tyrosine-protein phosphatase non-receptor type 11,Homo sapiens,11,10,IC50,IC50,11,10,1.0,2,2,2020.0,2022.0,5.13,7.51,2.38,5.13,7.51,2.38,Not Suitable,0,1,0,0,0,1,1,0,Other enzymes,Human,Q06124,1,2
CHEMBL5339,Free fatty acid receptor 4,Homo sapiens,10,10,EC50,EC50,10,10,1.0,1,1,2022.0,2022.0,5.36,6.82,1.46,5.36,6.82,1.46,Not Suitable,0,1,0,0,0,1,0,0,G protein-coupled receptors,Human,Q86SM7,1,1
CHEMBL2366517,Protease,Human immunodeficiency virus 1,10,10,IC50,IC50,10,10,1.0,1,1,2013.0,2013.0,4.46,4.67,0.2099999999999999,4.46,4.67,0.2099999999999999,Not Suitable,0,1,0,0,0,1,0,0,Proteases,Non-human,Q9YQ12,1,1
CHEMBL2147,Serine/threonine-protein kinase pim-1,Homo sapiens,12,10,IC50; Ki,IC50,11,9,0.9166666666666666,5,5,2012.0,2024.0,4.59,7.26,2.67,4.59,7.26,2.67,Not Suitable,0,1,1,1,0,1,1,1,Kinases,Human,P11309,3,3
CHEMBL204,Prothrombin,Homo sapiens,10,10,IC50; Ki,IC50,8,8,0.8,5,4,2005.0,2023.0,4.32,7.0,2.68,4.32,6.99,2.67,Not Suitable,0,1,1,1,0,1,1,1,Proteases,Human,P00734,3,3
CHEMBL2334,Caspase-3,Homo sapiens,10,10,AC50; EC50; IC50,IC50,8,8,0.8,2,2,2005.0,2010.0,4.42,6.02,1.5999999999999996,4.42,6.02,1.5999999999999996,Not Suitable,0,1,0,0,0,1,1,0,Proteases,Human,P42574,1,2
CHEMBL325,Histone deacetylase 1,Homo sapiens,10,9,IC50,IC50,10,9,1.0,5,5,2011.0,2023.0,4.23,9.52,5.289999999999999,4.23,9.52,5.289999999999999,Not Suitable,0,1,1,1,0,1,1,1,Other enzymes,Human,Q92534,3,3
CHEMBL2073663,Monocarboxylate transporter 4,Homo sapiens,11,9,IC50,IC50,11,9,1.0,1,1,2013.0,2013.0,5.1,8.0,2.9000000000000004,5.1,8.0,2.9000000000000004,Not Suitable,0,1,1,0,0,1,1,0,Ion channels and transporters,Human,Q2M1P8,2,2
CHEMBL1163125,Bromodomain-containing protein 4,Homo sapiens,9,9,IC50,IC50,9,9,1.0,4,4,2017.0,2024.0,5.09,7.0,1.91,5.09,7.0,1.91,Not Suitable,0,1,0,0,0,1,1,1,Other/unclassified,Human,O60885,1,3
CHEMBL4295618,Enoyl-(Acyl-carrier-protein) reductase II,Streptococcus agalactiae serotype V (strain ATCC BAA-611 / 2603 V/R),9,9,IC50,IC50,9,9,1.0,1,1,2018.0,2018.0,5.12,5.95,0.8300000000000001,5.12,5.95,0.8300000000000001,Not Suitable,0,1,0,0,0,1,0,0,Other enzymes,Non-human,Q8E1K8,1,1
CHEMBL1293286,Polyadenylate-binding protein 1,Homo sapiens,9,9,IC50,IC50,9,9,1.0,0,0,,,4.22,4.99,0.7700000000000005,4.22,4.99,0.7700000000000005,Not Suitable,0,1,0,0,0,1,0,0,Other/unclassified,Human,Q93004,1,1
CHEMBL2292,Dual specificity tyrosine-phosphorylation-regulated kinase 1A,Homo sapiens,13,9,IC50; Ki,IC50,12,8,0.9230769230769232,5,5,2013.0,2022.0,4.82,9.52,4.699999999999999,4.82,9.52,4.699999999999999,Not Suitable,0,1,1,1,0,1,1,1,Kinases,Human,Q9UNM5,3,3
CHEMBL333,72 kDa type IV collagenase,Homo sapiens,9,9,IC50; Ki,IC50,8,8,0.8888888888888888,3,2,1999.0,2012.0,4.17,7.0,2.83,4.17,6.7,2.53,Not Suitable,0,1,1,0,0,1,1,1,Proteases,Human,Q9UCJ8,2,3
CHEMBL4915,Galectin-1,Homo sapiens,9,9,IC50; Kd,Kd,8,8,0.8888888888888888,4,3,2016.0,2023.0,4.0,6.5,2.5,4.06,6.5,2.4400000000000004,Not Suitable,0,1,0,0,0,1,1,1,Other/unclassified,Human,Q9UDK5,1,3
CHEMBL5567,Luciferin 4-monooxygenase,Photinus pyralis,18,9,AC50; EC50; IC50,IC50,10,2,0.5555555555555556,1,1,2008.0,2008.0,4.85,7.05,2.2,4.85,6.92,2.0700000000000003,Not Suitable,0,0,0,0,0,0,1,0,Other enzymes,Non-human,Q27755,0,1
CHEMBL267,Proto-oncogene tyrosine-protein kinase Src,Homo sapiens,9,8,IC50,IC50,9,8,1.0,6,6,1994.0,2015.0,4.05,7.05,3.0,4.05,7.05,3.0,Not Suitable,0,1,1,1,0,1,1,1,Kinases,Human,P12931,3,3
CHEMBL319,Alpha-1A adrenergic receptor,Rattus norvegicus,8,8,Kd,Kd,8,8,1.0,1,1,2003.0,2003.0,6.45,9.07,2.62,6.45,9.07,2.62,Not Suitable,0,1,1,0,0,1,1,0,G protein-coupled receptors,Non-human,P43140,2,2
CHEMBL3112384,Retinal dehydrogenase 2,Homo sapiens,8,8,IC50,IC50,8,8,1.0,1,1,2017.0,2017.0,4.96,7.19,2.2300000000000004,4.96,7.19,2.2300000000000004,Not Suitable,0,1,0,0,0,1,1,0,Other enzymes,Human,Q9UFY0,1,2
CHEMBL4881,"Aldehyde dehydrogenase X, mitochondrial",Homo sapiens,9,8,IC50,IC50,9,8,1.0,2,2,2017.0,2021.0,4.89,7.07,2.1800000000000006,4.89,7.07,2.1800000000000006,Not Suitable,0,1,0,0,0,1,1,0,Other enzymes,Human,Q9BV45,1,2
CHEMBL1741179,DNA dC->dU-editing enzyme APOBEC-3A,Homo sapiens,10,8,IC50,IC50,10,8,1.0,0,0,,,4.3,5.61,1.3100000000000005,4.3,5.61,1.3100000000000005,Not Suitable,0,1,0,0,0,1,0,0,Other enzymes,Human,Q9UH18,1,1
CHEMBL2073709,Monocarboxylate transporter 1,Rattus norvegicus,13,8,IC50,IC50,13,8,1.0,1,1,2016.0,2016.0,6.04,7.32,1.2800000000000002,6.04,7.32,1.2800000000000002,Not Suitable,0,1,0,0,0,1,0,0,Ion channels and transporters,Non-human,P53987,1,1
CHEMBL3564,"DNA polymerase I, thermostable",Thermus aquaticus,8,8,IC50,IC50,8,8,1.0,2,2,2010.0,2014.0,4.23,5.4,1.17,4.23,5.4,1.17,Not Suitable,0,1,0,0,0,1,0,0,Other enzymes,Non-human,P19821,1,1
CHEMBL1293311,Envelope glycoprotein gp160,Human immunodeficiency virus 1,8,8,IC50,IC50,8,8,1.0,0,0,,,4.38,4.94,0.5600000000000005,4.38,4.94,0.5600000000000005,Not Suitable,0,1,0,0,0,1,0,0,Other/unclassified,Non-human,Q6QLK5,1,1
CHEMBL6174,Cytochrome c oxidase subunit 2,Homo sapiens,8,8,IC50,IC50,8,8,1.0,1,1,2022.0,2022.0,5.07,5.07,0.0,5.07,5.07,0.0,Not Suitable,0,1,0,0,0,1,0,0,Other enzymes,Human,Q37526,1,1
CHEMBL3253,Albumin,Homo sapiens,9,8,Kd; Ki,Kd,7,7,0.7777777777777778,3,2,2019.0,2024.0,4.5,7.52,3.02,4.5,7.52,3.02,Not Suitable,0,0,1,0,0,1,1,1,Other/unclassified,Human,P02768,1,3
CHEMBL3579,Retinaldehyde dehydrogenase 3,Homo sapiens,8,8,AC50; IC50,IC50,6,6,0.75,1,1,2017.0,2017.0,4.46,6.77,2.31,4.85,6.77,1.92,Not Suitable,0,0,0,0,0,1,1,0,Other enzymes,Human,Q6NT64,0,2
CHEMBL3314,Chymotrypsinogen A,Bos taurus,7,7,Ki,Ki,7,7,1.0,1,1,1996.0,1996.0,4.23,6.6,2.369999999999999,4.23,6.6,2.369999999999999,Not Suitable,0,1,0,0,0,1,1,0,Proteases,Non-human,P00766,1,2
CHEMBL1787,3-oxo-5-alpha-steroid 4-dehydrogenase 1,Homo sapiens,7,7,IC50,IC50,7,7,1.0,1,1,2001.0,2001.0,4.3,6.31,2.01,4.3,6.31,2.01,Not Suitable,0,1,0,0,0,1,1,0,Other enzymes,Human,Q9UP37,1,2
CHEMBL3569,Squalene--hopene cyclase,Alicyclobacillus acidocaldarius subsp. acidocaldarius (strain ATCC27009 / DSM 446 / 104-1A) (Bacillus acidocaldarius),7,7,IC50,IC50,7,7,1.0,1,1,2004.0,2004.0,4.0,5.82,1.8200000000000005,4.0,5.82,1.8200000000000005,Not Suitable,0,1,0,0,0,1,1,0,Other enzymes,Non-human,P33247,1,2
CHEMBL1795093,Apoptotic protease-activating factor 1,Homo sapiens,8,7,IC50,IC50,8,7,1.0,0,0,,,4.05,5.51,1.46,4.05,5.51,1.46,Not Suitable,0,1,0,0,0,1,0,0,Proteases,Human,Q9UNC9,1,1
CHEMBL1741217,DNA dC->dU-editing enzyme APOBEC-3G,Homo sapiens,8,7,IC50,IC50,8,7,1.0,0,0,,,4.29,5.63,1.34,4.29,5.63,1.34,Not Suitable,0,1,0,0,0,1,0,0,Other enzymes,Human,Q9HC16,1,1
CHEMBL4143,Calpain-2 catalytic subunit,Sus scrofa,7,7,IC50,IC50,7,7,1.0,0,0,,,4.31,5.51,1.2000000000000002,4.31,5.51,1.2000000000000002,Not Suitable,0,1,0,0,0,1,0,0,Proteases,Non-human,P43367,1,1
CHEMBL1641359,Lipoxygenase,Glycine max,7,7,IC50,IC50,7,7,1.0,2,2,2014.0,2018.0,4.09,5.2,1.1100000000000003,4.09,5.2,1.1100000000000003,Not Suitable,0,1,0,0,0,1,0,0,Other enzymes,Non-human,Q39829,1,1
CHEMBL5469,Protein-tyrosine kinase 2-beta,Homo sapiens,8,7,IC50,IC50,8,7,1.0,0,0,,,4.9,5.88,0.9799999999999996,4.9,5.88,0.9799999999999996,Not Suitable,0,1,0,0,0,1,0,0,Kinases,Human,Q14289,1,1
CHEMBL1615382,Nuclear receptor coactivator 3,Homo sapiens,7,7,IC50,IC50,7,7,1.0,0,0,,,4.64,5.44,0.8000000000000007,4.64,5.44,0.8000000000000007,Not Suitable,0,1,0,0,0,1,0,0,Nuclear receptors,Human,Q9Y6Q9,1,1
CHEMBL280,Collagenase 3,Homo sapiens,7,7,IC50,IC50,7,7,1.0,1,1,2012.0,2012.0,4.85,5.58,0.7300000000000004,4.85,5.58,0.7300000000000004,Not Suitable,0,1,0,0,0,1,0,0,Proteases,Human,Q6NWN6,1,1
CHEMBL5804,Toll-like receptor 9,Homo sapiens,7,7,IC50,IC50,7,7,1.0,0,0,,,4.88,5.47,0.5899999999999999,4.88,5.47,0.5899999999999999,Not Suitable,0,1,0,0,0,1,0,0,Other/unclassified,Human,Q9NYC3,1,1
CHEMBL4218,Tegument protein VP16,Herpes simplex virus (type 1 / strain 17),7,7,IC50,IC50,7,7,1.0,0,0,,,4.54,4.89,0.3499999999999996,4.54,4.89,0.3499999999999996,Not Suitable,0,1,0,0,0,1,0,0,Other/unclassified,Non-human,Q09I86,1,1
CHEMBL2034,Glucocorticoid receptor,Homo sapiens,8,7,AC50; IC50,IC50,7,6,0.875,4,3,1999.0,2023.0,4.7,6.47,1.7699999999999996,5.0,6.47,1.4699999999999998,Not Suitable,0,1,0,0,0,1,0,1,Nuclear receptors,Human,Q6N0A4,1,2
CHEMBL3167,Serum paraoxonase/arylesterase 1,Homo sapiens,8,7,IC50; Ki,IC50,7,7,0.875,2,2,2016.0,2022.0,4.4,5.62,1.2199999999999998,4.4,5.52,1.1199999999999992,Not Suitable,0,1,0,0,0,1,0,0,Other enzymes,Human,Q9UCB1,1,1
CHEMBL1741171,Protein RecA,Mycobacterium tuberculosis,8,7,AC50; EC50,EC50,7,7,0.875,0,0,,,4.92,5.81,0.8899999999999997,4.92,5.81,0.8899999999999997,Not Suitable,0,1,0,0,0,1,0,0,Other/unclassified,Non-human,P9WHJ3,1,1
CHEMBL321,Matrix metalloproteinase-9,Homo sapiens,7,7,IC50; Ki,IC50,6,6,0.8571428571428571,3,2,1999.0,2010.0,4.61,6.96,2.35,4.61,5.85,1.239999999999999,Not Suitable,0,1,0,0,0,1,0,1,Proteases,Human,Q9UDK2,1,2
CHEMBL3880,Heat shock protein HSP 90-alpha,Homo sapiens,7,7,AC50; IC50,AC50,6,6,0.8571428571428571,0,0,,,5.11,6.32,1.21,5.11,6.32,1.21,Not Suitable,0,1,0,0,0,1,0,0,Other/unclassified,Human,P07900,1,1
CHEMBL1945,Melatonin receptor type 1A,Homo sapiens,10,7,EC50; Ki,Ki,8,7,0.8,3,3,2015.0,2022.0,5.28,9.35,4.069999999999999,5.28,8.74,3.46,Not Suitable,0,1,1,0,0,1,1,1,G protein-coupled receptors,Human,P48039,2,3
CHEMBL1250379,ELAV-like protein 1,Homo sapiens,25,7,IC50; Ki,IC50,13,7,0.52,1,1,2017.0,2017.0,4.38,6.46,2.08,4.38,5.62,1.2400000000000002,Not Suitable,0,0,0,0,0,0,0,0,Other/unclassified,Human,Q9BTT1,0,0
CHEMBL229,Alpha-1A adrenergic receptor,Homo sapiens,11,7,AC50; IC50; Kd; Ki,Ki,5,5,0.4545454545454545,4,2,2013.0,2023.0,5.0,9.52,4.52,5.59,9.52,3.93,Not Suitable,0,0,1,0,0,0,1,1,G protein-coupled receptors,Human,Q9UD67,1,2
CHEMBL1899,5-hydroxytryptamine receptor 3A,Homo sapiens,6,6,Ki,Ki,6,6,1.0,1,1,2012.0,2012.0,5.89,8.72,2.830000000000001,5.89,8.72,2.830000000000001,Not Suitable,0,1,1,0,0,1,1,0,G protein-coupled receptors,Human,Q9BSZ9,2,2
CHEMBL4471,Prothrombin,Bos taurus,6,6,IC50,IC50,6,6,1.0,1,1,1980.0,1980.0,4.04,6.0,1.96,4.04,6.0,1.96,Not Suitable,0,1,0,0,0,1,1,0,Proteases,Non-human,Q3MHK7,1,2
CHEMBL3230,Sphingosine 1-phosphate receptor 4,Homo sapiens,6,6,EC50,EC50,6,6,1.0,0,0,,,4.43,6.11,1.6800000000000006,4.43,6.11,1.6800000000000006,Not Suitable,0,1,0,0,0,1,1,0,G protein-coupled receptors,Human,O95977,1,2
CHEMBL5957,5'-nucleotidase,Homo sapiens,6,6,IC50,IC50,6,6,1.0,3,3,2021.0,2024.0,5.33,6.8,1.4699999999999998,5.33,6.8,1.4699999999999998,Not Suitable,0,1,0,0,0,1,0,1,Other/unclassified,Human,Q5W116,1,2
CHEMBL2243,Fatty-acid amide hydrolase 1,Homo sapiens,6,6,IC50,IC50,6,6,1.0,2,2,2012.0,2024.0,4.83,6.29,1.46,4.83,6.29,1.46,Not Suitable,0,1,0,0,0,1,0,0,Other enzymes,Human,Q5TDF8,1,1
CHEMBL1741221,Cysteine protease ATG4B,Homo sapiens,7,6,IC50,IC50,7,6,1.0,3,3,2016.0,2021.0,4.69,6.06,1.3699999999999992,4.69,6.06,1.3699999999999992,Not Suitable,0,1,0,0,0,1,0,1,Proteases,Human,Q9Y4P1,1,2
CHEMBL3308,Caspase-6,Homo sapiens,6,6,AC50,AC50,6,6,1.0,0,0,,,4.66,5.86,1.2000000000000002,4.66,5.86,1.2000000000000002,Not Suitable,0,1,0,0,0,1,0,0,Proteases,Human,Q9BQE7,1,1
CHEMBL1741192,Replicative DNA helicase DnaB,Mycobacterium tuberculosis,9,6,AC50,AC50,9,6,1.0,0,0,,,4.43,5.58,1.1500000000000004,4.43,5.58,1.1500000000000004,Not Suitable,0,1,0,0,0,1,0,0,Other enzymes,Non-human,P9WMR3,1,1
CHEMBL2443,Kallikrein-7,Homo sapiens,6,6,EC50,EC50,6,6,1.0,0,0,,,4.16,5.29,1.13,4.16,5.29,1.13,Not Suitable,0,1,0,0,0,1,0,0,Proteases,Human,Q8NFV7,1,1
CHEMBL1795086,HSP90,Plasmodium falciparum 3D7,6,6,AC50,AC50,6,6,1.0,0,0,,,5.08,6.13,1.0499999999999998,5.08,6.13,1.0499999999999998,Not Suitable,0,1,0,0,0,1,0,0,Other/unclassified,Non-human,Q8IL32,1,1
CHEMBL262,Glycogen synthase kinase-3 beta,Homo sapiens,6,6,IC50,IC50,6,6,1.0,3,3,2006.0,2023.0,5.12,6.1,0.9799999999999996,5.12,6.1,0.9799999999999996,Not Suitable,0,1,0,0,0,1,0,1,Kinases,Human,P49841,1,2
CHEMBL326,Alpha-1D adrenergic receptor,Rattus norvegicus,6,6,IC50,IC50,6,6,1.0,1,1,2006.0,2006.0,4.02,4.98,0.9600000000000009,4.02,4.98,0.9600000000000009,Not Suitable,0,1,0,0,0,1,0,0,G protein-coupled receptors,Non-human,Q71UM4,1,1
CHEMBL2808,Oxysterols receptor LXR-alpha,Homo sapiens,7,6,EC50,EC50,7,6,1.0,2,2,2015.0,2015.0,4.96,5.82,0.8600000000000003,4.96,5.82,0.8600000000000003,Not Suitable,0,1,0,0,0,1,0,0,Nuclear receptors,Human,Q96H87,1,1
CHEMBL4374,Photoreceptor-specific nuclear receptor,Homo sapiens,6,6,IC50,IC50,6,6,1.0,0,0,,,5.12,5.64,0.5199999999999996,5.12,5.64,0.5199999999999996,Not Suitable,0,1,0,0,0,1,0,0,Nuclear receptors,Human,Q9Y5X4,1,1
CHEMBL2842,Serine/threonine-protein kinase mTOR,Homo sapiens,6,6,IC50,IC50,6,6,1.0,2,2,2014.0,2019.0,5.03,5.13,0.0999999999999996,5.03,5.13,0.0999999999999996,Not Suitable,0,1,0,0,0,1,0,0,Kinases,Human,Q9Y4I3,1,1
CHEMBL1293266,Nucleotide-binding oligomerization domain-containing protein 2,Homo sapiens,7,6,EC50; IC50,EC50,6,6,0.8571428571428571,0,0,,,4.9,5.53,0.6299999999999999,4.9,5.53,0.6299999999999999,Not Suitable,0,1,0,0,0,1,0,0,Other/unclassified,Human,Q9HC29,1,1
CHEMBL3629,Casein kinase II subunit alpha,Homo sapiens,7,6,IC50; Ki,Ki,5,5,0.7142857142857143,3,1,2009.0,2019.0,5.1,8.15,3.0500000000000007,5.12,8.15,3.03,Not Suitable,0,0,1,0,0,1,1,1,Kinases,Human,P68400,1,3
CHEMBL313,Sodium-dependent serotonin transporter,Rattus norvegicus,6,6,IC50; Ki,IC50,4,4,0.6666666666666666,3,2,2004.0,2016.0,5.82,9.15,3.33,8.0,9.15,1.1500000000000004,Not Suitable,0,0,0,0,0,1,0,1,Ion channels and transporters,Non-human,P31652,0,2
CHEMBL258,Tyrosine-protein kinase Lck,Homo sapiens,7,6,IC50; Kd,IC50,4,4,0.5714285714285714,3,2,1999.0,2002.0,4.66,7.46,2.8,4.66,7.09,2.43,Not Suitable,0,0,0,0,0,0,1,1,Kinases,Human,P06239,0,2
CHEMBL3717,Hepatocyte growth factor receptor,Homo sapiens,5,5,IC50,IC50,5,5,1.0,3,3,2012.0,2018.0,4.0,7.52,3.52,4.0,7.52,3.52,Not Suitable,0,1,1,0,0,1,1,1,Kinases,Human,P08581,2,3
CHEMBL3199,Acetylcholinesterase,Rattus norvegicus,7,5,IC50,IC50,7,5,1.0,3,3,1998.0,2017.0,6.44,8.82,2.38,6.44,8.82,2.38,Not Suitable,0,1,0,0,0,1,1,1,Cholinesterases,Non-human,P37136,1,3
CHEMBL3785,Hydroxycarboxylic acid receptor 2,Homo sapiens,14,5,EC50,EC50,14,5,1.0,1,1,2018.0,2018.0,5.77,7.97,2.2,5.77,7.97,2.2,Not Suitable,0,1,0,0,0,1,1,0,G protein-coupled receptors,Human,Q8TDS4,1,2
CHEMBL1293229,Nuclear receptor subfamily 4immunitygroup A member 1,Homo sapiens,5,5,IC50,IC50,5,5,1.0,0,0,,,4.21,6.31,2.1,4.21,6.31,2.1,Not Suitable,0,1,0,0,0,1,1,0,Nuclear receptors,Human,Q6IBU8,1,2
CHEMBL1741207,Sentrin-specific protease 8,Homo sapiens,6,5,IC50,IC50,6,5,1.0,0,0,,,4.49,6.22,1.7299999999999995,4.49,6.22,1.7299999999999995,Not Suitable,0,1,0,0,0,1,1,0,Proteases,Human,Q96QA4,1,2
CHEMBL4804,M-phase inducer phosphatase 2,Homo sapiens,6,5,IC50,IC50,6,5,1.0,3,3,2013.0,2020.0,4.34,6.05,1.71,4.34,6.05,1.71,Not Suitable,0,1,0,0,0,1,1,1,Other enzymes,Human,Q9BRA6,1,3
CHEMBL2362980,Paired box protein Pax-8,Homo sapiens,7,5,AC50,AC50,7,5,1.0,0,0,,,4.37,5.97,1.5999999999999996,4.37,5.97,1.5999999999999996,Not Suitable,0,1,0,0,0,1,1,0,Other/unclassified,Human,Q96J49,1,2
CHEMBL3081,Aldo-keto reductase family 1 member B1,Bos taurus,5,5,IC50,IC50,5,5,1.0,1,1,2018.0,2018.0,5.47,6.96,1.4900000000000002,5.47,6.96,1.4900000000000002,Not Suitable,0,1,0,0,0,1,0,0,Other enzymes,Non-human,Q5E962,1,1
CHEMBL1741213,Sentrin-specific protease 7,Homo sapiens,5,5,IC50,IC50,5,5,1.0,0,0,,,4.54,6.02,1.4799999999999995,4.54,6.02,1.4799999999999995,Not Suitable,0,1,0,0,0,1,0,0,Proteases,Human,Q9HBT5,1,1
CHEMBL1741215,Sentrin-specific protease 6,Homo sapiens,5,5,IC50,IC50,5,5,1.0,0,0,,,4.5,5.9,1.4000000000000004,4.5,5.9,1.4000000000000004,Not Suitable,0,1,0,0,0,1,0,0,Proteases,Human,Q9UJV5,1,1
CHEMBL3108645,Histone-lysine N-methyltransferase NSD2,Homo sapiens,5,5,AC50,AC50,5,5,1.0,0,0,,,4.99,6.18,1.1899999999999995,4.99,6.18,1.1899999999999995,Not Suitable,0,1,0,0,0,1,0,0,Other enzymes,Human,Q9UPR2,1,1
CHEMBL1293319,Zinc finger protein mex-5,Caenorhabditis elegans,5,5,EC50,EC50,5,5,1.0,0,0,,,4.2,5.26,1.0599999999999996,4.2,5.26,1.0599999999999996,Not Suitable,0,1,0,0,0,1,0,0,Other/unclassified,Non-human,Q9XUB2,1,1
CHEMBL1293240,Plectin,Homo sapiens,8,5,IC50,IC50,8,5,1.0,0,0,,,4.6,5.62,1.0200000000000005,4.6,5.62,1.0200000000000005,Not Suitable,0,1,0,0,0,1,0,0,Other/unclassified,Human,Q6S383,1,1
CHEMBL4512,Fatty acid synthase,Plasmodium falciparum,5,5,IC50,IC50,5,5,1.0,1,1,2013.0,2013.0,4.05,5.0,0.9500000000000002,4.05,5.0,0.9500000000000002,Not Suitable,0,1,0,0,0,1,0,0,Other enzymes,Non-human,Q965D7,1,1
CHEMBL210,Beta-2 adrenergic receptor,Homo sapiens,5,5,Kd,Kd,5,5,1.0,1,1,2023.0,2023.0,5.18,5.94,0.7600000000000007,5.18,5.94,0.7600000000000007,Not Suitable,0,1,0,0,0,1,0,0,G protein-coupled receptors,Human,P07550,1,1
CHEMBL1741185,CAAX prenyl protease 1,Saccharomyces cerevisiae S288c,5,5,AC50,AC50,5,5,1.0,0,0,,,4.9,5.54,0.6399999999999997,4.9,5.54,0.6399999999999997,Not Suitable,0,1,0,0,0,1,0,0,Proteases,Non-human,P47154,1,1
CHEMBL1741180,Mitochondrial import inner membrane translocase subunit TIM23,Saccharomyces cerevisiae S288c,5,5,IC50,IC50,5,5,1.0,0,0,,,4.83,5.4,0.5700000000000003,4.83,5.4,0.5700000000000003,Not Suitable,0,1,0,0,0,1,0,0,Other/unclassified,Non-human,P32897,1,1
CHEMBL1615387,Nuclear receptor coactivator 1,Homo sapiens,5,5,IC50,IC50,5,5,1.0,0,0,,,4.66,5.05,0.3899999999999997,4.66,5.05,0.3899999999999997,Not Suitable,0,1,0,0,0,1,0,0,Nuclear receptors,Human,Q15788,1,1
CHEMBL2384898,N-arachidonyl glycine receptor,Homo sapiens,5,5,IC50,IC50,5,5,1.0,1,1,2013.0,2013.0,4.8,5.09,0.29,4.8,5.09,0.29,Not Suitable,0,1,0,0,0,1,0,0,Other/unclassified,Human,Q9H2L2,1,1
CHEMBL3596075,"Beta-galactoside alpha-2,6-sialyltransferase 1",Homo sapiens,5,5,IC50,IC50,5,5,1.0,1,1,2021.0,2021.0,5.24,5.34,0.0999999999999996,5.24,5.34,0.0999999999999996,Not Suitable,0,1,0,0,0,1,0,0,Other enzymes,Human,P15907,1,1
CHEMBL3318,Tyrosinase,Agaricus bisporus,7,5,EC50; IC50; Ki,IC50,5,4,0.7142857142857143,5,4,2016.0,2021.0,4.83,8.34,3.51,5.05,8.34,3.29,Not Suitable,0,0,1,1,0,1,1,1,Other enzymes,Non-human,Q12543,2,3
CHEMBL4235,11-beta-hydroxysteroid dehydrogenase 1,Homo sapiens,10,5,IC50; Ki,Ki,5,5,0.5,1,1,2011.0,2011.0,5.71,6.84,1.13,6.04,6.84,0.7999999999999998,Not Suitable,0,0,0,0,0,0,0,0,Other enzymes,Human,P28845,0,0
CHEMBL5475,Galectin-8,Homo sapiens,5,4,Kd,Kd,5,4,1.0,2,2,2016.0,2023.0,4.08,5.7,1.62,4.08,5.7,1.62,Not Suitable,0,1,0,0,0,1,1,0,Other/unclassified,Human,Q9UP34,1,2
CHEMBL1741163,ORF 73,Human herpesvirus 8,4,4,AC50,AC50,4,4,1.0,0,0,,,4.72,6.26,1.54,4.72,6.26,1.54,Not Suitable,0,1,0,0,0,1,1,0,Other/unclassified,Non-human,O40947,1,2
CHEMBL1929,Xanthine dehydrogenase/oxidase,Homo sapiens,5,4,IC50,IC50,5,4,1.0,5,5,2007.0,2023.0,5.08,6.23,1.1500000000000004,5.08,6.23,1.1500000000000004,Not Suitable,0,1,0,1,0,1,0,1,Other enzymes,Human,Q4PJ16,2,2
CHEMBL4426,Phospholipase A2,Homo sapiens,4,4,IC50,IC50,4,4,1.0,0,0,,,4.87,6.01,1.1399999999999997,4.87,6.01,1.1399999999999997,Not Suitable,0,1,0,0,0,1,0,0,Other/unclassified,Human,Q3KPI1,1,1
CHEMBL3807,Tyrosine-protein phosphatase non-receptor type 2,Homo sapiens,4,4,IC50,IC50,4,4,1.0,2,2,2019.0,2020.0,4.77,5.89,1.12,4.77,5.89,1.12,Not Suitable,0,1,0,0,0,1,0,0,Other enzymes,Human,Q96HR2,1,1
CHEMBL1741194,Mitochondrial import inner membrane translocase subunit TIM10,Saccharomyces cerevisiae S288c,4,4,IC50,IC50,4,4,1.0,0,0,,,4.49,5.47,0.9799999999999996,4.49,5.47,0.9799999999999996,Not Suitable,0,1,0,0,0,1,0,0,Other/unclassified,Non-human,P87108,1,1
CHEMBL1293304,RNA-binding protein pos-1,Caenorhabditis elegans,4,4,EC50,EC50,4,4,1.0,0,0,,,4.12,5.09,0.9699999999999998,4.12,5.09,0.9699999999999998,Not Suitable,0,1,0,0,0,1,0,0,Other/unclassified,Non-human,G5EF15,1,1
CHEMBL3151,Intestinal-type alkaline phosphatase,Mus musculus,5,4,IC50,IC50,5,4,1.0,0,0,,,4.89,5.82,0.9300000000000006,4.89,5.82,0.9300000000000006,Not Suitable,0,1,0,0,0,1,0,0,Other enzymes,Non-human,P24822,1,1
CHEMBL1795089,Latent membrane protein 1,Human herpesvirus 4 (strain B95-8),4,4,AC50,AC50,4,4,1.0,0,0,,,4.19,5.03,0.8399999999999999,4.19,5.03,0.8399999999999999,Not Suitable,0,1,0,0,0,1,0,0,Other/unclassified,Non-human,Q777A4,1,1
CHEMBL1293274,Eukaryotic translation initiation factor 4H,Homo sapiens,4,4,IC50,IC50,4,4,1.0,0,0,,,4.37,5.14,0.7699999999999996,4.37,5.14,0.7699999999999996,Not Suitable,0,1,0,0,0,1,0,0,Other/unclassified,Human,Q15056,1,1
CHEMBL2007629,26S proteasome non-ATPase regulatory subunit 14,Homo sapiens,4,4,IC50,IC50,4,4,1.0,0,0,,,4.24,5.0,0.7599999999999998,4.24,5.0,0.7599999999999998,Not Suitable,0,1,0,0,0,1,0,0,Proteases,Human,O00487,1,1
CHEMBL2392,DNA polymerase beta,Homo sapiens,5,4,IC50,IC50,5,4,1.0,2,2,2008.0,2017.0,4.02,4.65,0.6300000000000008,4.02,4.65,0.6300000000000008,Not Suitable,0,1,0,0,0,1,0,0,Other enzymes,Human,P06746,1,1
CHEMBL5643,DnaC helicase,Staphylococcus aureus,4,4,IC50,IC50,4,4,1.0,1,1,2009.0,2009.0,4.19,4.82,0.6299999999999999,4.19,4.82,0.6299999999999999,Not Suitable,0,1,0,0,0,1,0,0,Other enzymes,Non-human,Q9AQH7,1,1
CHEMBL5511,Dual specificity protein phosphatase 6,Rattus norvegicus,4,4,IC50,IC50,4,4,1.0,0,0,,,4.1,4.62,0.5200000000000005,4.1,4.62,0.5200000000000005,Not Suitable,0,1,0,0,0,1,0,0,Other enzymes,Non-human,Q64346,1,1
CHEMBL5422,Protein disulfide-isomerase,Homo sapiens,4,4,AC50,AC50,4,4,1.0,0,0,,,4.71,5.17,0.4599999999999999,4.71,5.17,0.4599999999999999,Not Suitable,0,1,0,0,0,1,0,0,Other enzymes,Human,Q6LDE5,1,1
CHEMBL1293222,Nucleotide-binding oligomerization domain-containing protein 1,Homo sapiens,4,4,IC50,IC50,4,4,1.0,0,0,,,5.18,5.5,0.3200000000000003,5.18,5.5,0.3200000000000003,Not Suitable,0,1,0,0,0,1,0,0,Other/unclassified,Human,Q9Y239,1,1
CHEMBL3308960,Alpha-amylase,Sus scrofa domesticus,4,4,IC50,IC50,4,4,1.0,1,1,2024.0,2024.0,4.11,4.43,0.3199999999999994,4.11,4.43,0.3199999999999994,Not Suitable,0,1,0,0,0,1,0,0,Other enzymes,Non-human,Q7M328,1,1
CHEMBL1994,Mineralocorticoid receptor,Homo sapiens,4,4,IC50,IC50,4,4,1.0,1,1,1999.0,1999.0,5.52,5.82,0.3000000000000007,5.52,5.82,0.3000000000000007,Not Suitable,0,1,0,0,0,1,0,0,Nuclear receptors,Human,Q96KQ9,1,1
CHEMBL4198,E3 ubiquitin-protein ligase XIAP,Homo sapiens,4,4,IC50,IC50,4,4,1.0,0,0,2016.0,2018.0,6.39,6.67,0.2800000000000002,6.39,6.67,0.2800000000000002,Not Suitable,0,1,0,0,0,1,0,0,Other enzymes,Human,Q9NQ14,1,1
CHEMBL6152,Alpha-synuclein,Homo sapiens,4,4,IC50,IC50,4,4,1.0,1,1,2024.0,2024.0,5.99,6.2,0.2099999999999999,5.99,6.2,0.2099999999999999,Not Suitable,0,1,0,0,0,1,0,0,Other/unclassified,Human,P37840,1,1
CHEMBL5287,Hepatic sodium/bile acid cotransporter,Homo sapiens,4,4,IC50,IC50,4,4,1.0,1,1,2022.0,2022.0,4.75,4.9,0.1500000000000003,4.75,4.9,0.1500000000000003,Not Suitable,0,1,0,0,0,1,0,0,Ion channels and transporters,Human,Q2TU29,1,1
CHEMBL5131,Trypanothione reductase,Trypanosoma cruzi,5,4,IC50; Ki,Ki,4,4,0.8,2,2,2000.0,2017.0,4.65,6.25,1.5999999999999996,4.65,6.25,1.5999999999999996,Not Suitable,0,1,0,0,0,1,1,0,Other enzymes,Non-human,P28593,1,2
CHEMBL2828,Casein kinase I isoform delta,Homo sapiens,4,4,IC50; Ki,IC50,3,3,0.75,1,1,2023.0,2023.0,5.2,5.82,0.6200000000000001,5.41,5.82,0.4100000000000001,Not Suitable,0,0,0,0,0,1,0,0,Kinases,Human,Q9BTN5,0,1
CHEMBL6101,Signal transducer and activator of transcription 1-alpha/beta,Homo sapiens,5,4,EC50; IC50,EC50,3,3,0.6,0,0,,,4.5,5.37,0.8700000000000001,4.5,5.37,0.8700000000000001,Not Suitable,0,0,0,0,0,1,0,0,Other/unclassified,Human,Q9UDL5,0,1
CHEMBL2309,Potassium voltage-gated channel subfamily A member 1,Homo sapiens,5,4,EC50; IC50; Kd,EC50,3,3,0.6,2,0,1998.0,2017.0,4.25,7.19,2.9400000000000004,6.76,7.19,0.4300000000000006,Not Suitable,0,0,0,0,0,1,0,0,Ion channels and transporters,Human,Q3MIQ9,0,1
CHEMBL1741200,Hexokinase HKDC1,Homo sapiens,5,4,EC50; IC50,EC50,3,3,0.6,0,0,,,4.26,4.87,0.6100000000000003,4.47,4.87,0.4000000000000003,Not Suitable,0,0,0,0,0,1,0,0,Kinases,Human,Q9H5Y9,0,1
CHEMBL2086,Potassium voltage-gated channel subfamily A member 2,Homo sapiens,5,4,EC50; IC50; Kd,Kd,3,3,0.6,2,1,1998.0,2017.0,4.39,6.6,2.21,4.39,4.75,0.3600000000000003,Not Suitable,0,0,0,0,0,1,0,0,Ion channels and transporters,Human,Q86XG6,0,1
CHEMBL2061,Retinoic acid receptor RXR-alpha,Homo sapiens,12,4,EC50; IC50; Kd; Ki,Kd,7,3,0.5833333333333334,5,4,2014.0,2023.0,4.68,7.66,2.9800000000000004,4.88,6.93,2.05,Not Suitable,0,0,0,1,0,0,1,1,Nuclear receptors,Human,P19793,1,2
CHEMBL5936,Toll-like receptor 7,Homo sapiens,4,4,EC50; IC50,IC50,2,2,0.5,2,1,2019.0,2021.0,4.43,5.75,1.3200000000000005,4.43,4.64,0.2099999999999999,Not Suitable,0,0,0,0,0,0,0,0,Other/unclassified,Human,Q9NYK1,0,0
CHEMBL3401,Nuclear receptor subfamily 1 group I member 2,Homo sapiens,4,4,AC50; EC50; IC50,EC50,2,2,0.5,2,0,2014.0,2023.0,4.05,5.1,1.0499999999999998,4.05,4.18,0.1299999999999999,Not Suitable,0,0,0,0,0,0,0,0,Nuclear receptors,Human,Q9UNW4,0,0
CHEMBL3681,Amine oxidase [flavin-containing] A,Mus musculus,4,3,IC50,IC50,4,3,1.0,2,2,2013.0,2019.0,5.24,10.46,5.220000000000001,5.24,10.46,5.220000000000001,Not Suitable,0,1,1,0,0,1,1,0,Monoamine oxidases,Non-human,Q8K0Z8,2,2
CHEMBL4523582,Replicase polyprotein 1ab,Severe acute respiratory syndrome coronavirus 2,3,3,IC50,IC50,3,3,1.0,3,3,2023.0,2024.0,4.34,8.36,4.02,4.34,8.36,4.02,Not Suitable,0,1,1,0,0,1,1,1,Other/unclassified,Non-human,P0DTD1,2,3
CHEMBL1865,Histone deacetylase 6,Homo sapiens,3,3,IC50,IC50,3,3,1.0,3,3,2011.0,2021.0,4.5,7.82,3.3200000000000003,4.5,7.82,3.3200000000000003,Not Suitable,0,1,1,0,0,1,1,1,Other enzymes,Human,Q9UBN7,2,3
CHEMBL2219,Tyrosine-protein phosphatase non-receptor type 7,Homo sapiens,3,3,IC50,IC50,3,3,1.0,1,1,2020.0,2020.0,4.4,6.89,2.4899999999999998,4.4,6.89,2.4899999999999998,Not Suitable,0,1,0,0,0,1,1,0,Other enzymes,Human,Q9BV05,1,2
CHEMBL1293260,Beta-lactamase,Salmonella choleraesuis (strain SC-B67),3,3,IC50,IC50,3,3,1.0,0,0,,,4.57,6.15,1.58,4.57,6.15,1.58,Not Suitable,0,1,0,0,0,1,1,0,Other enzymes,Non-human,Q5J463,1,2
CHEMBL3114,"Sucrase-isomaltase, intestinal",Rattus norvegicus,6,3,IC50,IC50,6,3,1.0,1,1,2017.0,2017.0,4.87,6.27,1.3999999999999997,4.87,6.27,1.3999999999999997,Not Suitable,0,1,0,0,0,1,0,0,Other enzymes,Non-human,P23739,1,1
CHEMBL1293244,Beta-lactamase,Pseudomonas aeruginosa,3,3,IC50,IC50,3,3,1.0,0,0,,,4.11,5.49,1.38,4.11,5.49,1.38,Not Suitable,0,1,0,0,0,1,0,0,Other enzymes,Non-human,Q79MP6,1,1
CHEMBL1293313,Leucine aminopeptidase,Plasmodium falciparum 3D7,3,3,IC50,IC50,3,3,1.0,0,0,,,4.02,5.3,1.2800000000000002,4.02,5.3,1.2800000000000002,Not Suitable,0,1,0,0,0,1,0,0,Proteases,Non-human,Q8IL11,1,1
CHEMBL1075126,Pyruvate kinase PKLR,Homo sapiens,3,3,IC50,IC50,3,3,1.0,1,1,2024.0,2024.0,6.39,7.55,1.16,6.39,7.55,1.16,Not Suitable,0,1,0,0,0,1,0,0,Kinases,Human,P30613,1,1
CHEMBL4523143,Galectin-7,Mus musculus,3,3,Kd,Kd,3,3,1.0,1,1,2016.0,2016.0,4.22,5.3,1.08,4.22,5.3,1.08,Not Suitable,0,1,0,0,0,1,0,0,Other/unclassified,Non-human,O54974,1,1
CHEMBL1697656,Glutathione S-transferase,Plasmodium falciparum,3,3,IC50,IC50,3,3,1.0,1,1,2009.0,2009.0,4.13,5.16,1.0300000000000002,4.13,5.16,1.0300000000000002,Not Suitable,0,1,0,0,0,1,0,0,Other enzymes,Non-human,Q95V54,1,1
CHEMBL5373,Cannabinoid receptor 2,Mus musculus,3,3,Ki,Ki,3,3,1.0,1,1,2007.0,2007.0,8.17,9.09,0.92,8.17,9.09,0.92,Not Suitable,0,1,0,0,0,1,0,0,G protein-coupled receptors,Non-human,Q544H5,1,1
CHEMBL4105838,DCN1-like protein 1,Homo sapiens,6,3,IC50,IC50,6,3,1.0,1,1,2019.0,2019.0,5.9,6.7,0.7999999999999998,5.9,6.7,0.7999999999999998,Not Suitable,0,1,0,0,0,1,0,0,Other/unclassified,Human,Q9HCT3,1,1
CHEMBL2010631,Atypical chemokine receptor 3,Homo sapiens,3,3,IC50,IC50,3,3,1.0,1,1,2013.0,2013.0,5.1,5.89,0.79,5.1,5.89,0.79,Not Suitable,0,1,0,0,0,1,0,0,G protein-coupled receptors,Human,Q92986,1,1
CHEMBL2758,Mannose-6-phosphate isomerase,Homo sapiens,4,3,IC50,IC50,4,3,1.0,0,0,,,4.53,5.29,0.7599999999999998,4.53,5.29,0.7599999999999998,Not Suitable,0,1,0,0,0,1,0,0,Other enzymes,Human,Q96AB0,1,1
CHEMBL2973,Rho-associated protein kinase 2,Homo sapiens,3,3,IC50,IC50,3,3,1.0,0,0,2018.0,2022.0,6.3,7.04,0.7400000000000002,6.3,7.04,0.7400000000000002,Not Suitable,0,1,0,0,0,1,0,0,Kinases,Human,Q9UQN5,1,1
CHEMBL1293282,Protein Rev,Human immunodeficiency virus type 1 group M subtype B (isolate HXB2)(HIV-1),3,3,IC50,IC50,3,3,1.0,0,0,,,4.18,4.85,0.6699999999999999,4.18,4.85,0.6699999999999999,Not Suitable,0,1,0,0,0,1,0,0,Other/unclassified,Non-human,P04618,1,1
CHEMBL1075094,Nuclear factor erythroid 2-related factor 2,Homo sapiens,3,3,EC50,EC50,3,3,1.0,2,2,2019.0,2022.0,5.34,5.92,0.5800000000000001,5.34,5.92,0.5800000000000001,Not Suitable,0,1,0,0,0,1,0,0,Other/unclassified,Human,Q96F71,1,1
CHEMBL2755,"Glutathione reductase, mitochondrial",Homo sapiens,3,3,IC50,IC50,3,3,1.0,1,1,2009.0,2009.0,4.57,5.12,0.5499999999999998,4.57,5.12,0.5499999999999998,Not Suitable,0,1,0,0,0,1,0,0,Other enzymes,Human,Q9NP63,1,1
CHEMBL5444,Tubulin beta-5 chain,Homo sapiens,3,3,IC50,IC50,3,3,1.0,1,1,2018.0,2018.0,5.03,5.54,0.5099999999999998,5.03,5.54,0.5099999999999998,Not Suitable,0,1,0,0,0,1,0,0,Other/unclassified,Human,Q9CY33,1,1
CHEMBL4818,Potassium voltage-gated channel subfamily A member 3,Mus musculus,3,3,Kd,Kd,3,3,1.0,1,1,1998.0,1998.0,4.05,4.55,0.5,4.05,4.55,0.5,Not Suitable,0,1,0,0,0,1,0,0,Ion channels and transporters,Non-human,P16390,1,1
CHEMBL213,Beta-1 adrenergic receptor,Homo sapiens,3,3,Kd,Kd,3,3,1.0,1,1,2023.0,2023.0,5.25,5.62,0.3700000000000001,5.25,5.62,0.3700000000000001,Not Suitable,0,1,0,0,0,1,0,0,G protein-coupled receptors,Human,Q9UKG8,1,1
CHEMBL3902,Glutathione S-transferase P,Homo sapiens,3,3,IC50,IC50,3,3,1.0,1,1,2009.0,2009.0,4.11,4.46,0.3499999999999996,4.11,4.46,0.3499999999999996,Not Suitable,0,1,0,0,0,1,0,0,Other enzymes,Human,Q5TZY3,1,1
CHEMBL4295521,Phosphotyrosine protein phosphatase,Mycobacterium tuberculosis,3,3,IC50,IC50,3,3,1.0,1,1,2019.0,2019.0,5.06,5.39,0.33,5.06,5.39,0.33,Not Suitable,0,1,0,0,0,1,0,0,Other enzymes,Non-human,A0A045ISB3,1,1
CHEMBL1825,Tumor necrosis factor,Homo sapiens,3,3,IC50,IC50,3,3,1.0,0,0,,,5.18,5.34,0.1600000000000001,5.18,5.34,0.1600000000000001,Not Suitable,0,1,0,0,0,1,0,0,Other/unclassified,Human,P01375,1,1
CHEMBL1293302,Female germline-specific tumor suppressor gld-1,Caenorhabditis elegans,3,3,IC50,IC50,3,3,1.0,0,0,,,5.33,5.41,0.08,5.33,5.41,0.08,Not Suitable,0,1,0,0,0,1,0,0,Other/unclassified,Non-human,Q17339,1,1
CHEMBL4123,Neurotensin receptor type 1,Homo sapiens,3,3,EC50,EC50,3,3,1.0,0,0,,,4.75,4.83,0.08,4.75,4.83,0.08,Not Suitable,0,1,0,0,0,1,0,0,G protein-coupled receptors,Human,Q9H4T5,1,1
CHEMBL1075214,5'-nucleotidase,Rattus norvegicus,4,3,IC50; Ki,IC50,3,3,0.75,1,1,2012.0,2012.0,4.13,5.8,1.67,4.13,5.72,1.59,Not Suitable,0,0,0,0,0,1,1,0,Other/unclassified,Non-human,P21588,0,2
CHEMBL5586,Carbonyl reductase [NADPH] 1,Homo sapiens,4,3,IC50; Ki,IC50,3,3,0.75,2,2,2009.0,2017.0,5.38,6.22,0.8399999999999999,5.38,5.96,0.5800000000000001,Not Suitable,0,0,0,0,0,1,0,0,Other enzymes,Human,Q3LHW8,0,1
CHEMBL5905,Aldo-keto reductase family 1 member C1,Homo sapiens,3,3,IC50; Ki,IC50,2,2,0.6666666666666666,2,1,2012.0,2017.0,4.92,6.02,1.0999999999999996,4.92,6.02,1.0999999999999996,Not Suitable,0,0,0,0,0,1,0,0,Other enzymes,Human,Q9UCX2,0,1
CHEMBL268,Cathepsin K,Homo sapiens,3,3,IC50; Ki,Ki,2,2,0.6666666666666666,2,1,2012.0,2013.0,5.34,7.72,2.38,6.64,7.72,1.08,Not Suitable,0,0,0,0,0,1,0,0,Proteases,Human,Q6FHS6,0,1
CHEMBL4026,Signal transducer and activator of transcription 3,Homo sapiens,3,3,EC50; IC50,IC50,2,2,0.6666666666666666,1,1,2012.0,2012.0,4.2,6.09,1.89,4.2,5.21,1.0099999999999998,Not Suitable,0,0,0,0,0,1,0,0,Other/unclassified,Human,Q9BW54,0,1
CHEMBL4681,Aldo-keto reductase family 1 member C3,Homo sapiens,3,3,IC50; Ki,IC50,2,2,0.6666666666666666,2,1,2012.0,2017.0,5.4,6.33,0.9299999999999996,5.8,6.33,0.5300000000000002,Not Suitable,0,0,0,0,0,1,0,0,Other enzymes,Human,Q9UKL9,0,1
CHEMBL6175,Lysine-specific demethylase 4C,Homo sapiens,3,3,AC50; IC50,AC50,2,2,0.6666666666666666,1,0,2016.0,2016.0,3.75,6.32,2.5700000000000003,6.02,6.32,0.3000000000000007,Not Suitable,0,0,0,0,0,1,0,0,Other enzymes,Human,Q9H3R0,0,1
CHEMBL5847,Aldo-keto reductase family 1 member C2,Homo sapiens,3,3,IC50; Ki,IC50,2,2,0.6666666666666666,2,1,2012.0,2017.0,4.67,6.21,1.54,6.01,6.21,0.2000000000000001,Not Suitable,0,0,0,0,0,1,0,0,Other enzymes,Human,Q96A71,0,1
CHEMBL5857,Trace amine-associated receptor 1,Homo sapiens,6,3,EC50; IC50,IC50,3,3,0.5,0,0,,,4.88,5.73,0.8500000000000005,4.88,5.19,0.3100000000000005,Not Suitable,0,0,0,0,0,0,0,0,G protein-coupled receptors,Human,Q96RJ0,0,0
CHEMBL2955,Sphingosine 1-phosphate receptor 2,Homo sapiens,4,3,EC50; IC50,IC50,2,1,0.5,0,0,,,5.36,5.7,0.3399999999999998,5.36,5.6,0.2399999999999993,Not Suitable,0,0,0,0,0,0,0,0,G protein-coupled receptors,Human,Q86UN8,0,0
CHEMBL237,Kappa-type opioid receptor,Homo sapiens,3,3,EC50; IC50; Ki,IC50,1,1,0.3333333333333333,1,0,2008.0,2008.0,4.74,5.58,0.8399999999999999,4.98,4.98,0.0,Not Suitable,0,0,0,0,0,0,0,0,G protein-coupled receptors,Human,Q499G4,0,0
CHEMBL1781,DNA topoisomerase 1,Homo sapiens,2,2,IC50,IC50,2,2,1.0,2,2,2012.0,2021.0,4.22,7.42,3.2,4.22,7.42,3.2,Not Suitable,0,1,1,0,0,1,1,0,Other enzymes,Human,Q9UJN0,2,2
CHEMBL2176846,Advanced glycosylation end product-specific receptor,Homo sapiens,2,2,Kd,Kd,2,2,1.0,0,0,2020.0,2020.0,5.0,8.19,3.1899999999999995,5.0,8.19,3.1899999999999995,Not Suitable,0,1,1,0,0,1,1,0,Other/unclassified,Human,V5R6A3,2,2
CHEMBL1741165,Microphthalmia-associated transcription factor,Homo sapiens,4,2,AC50,AC50,4,2,1.0,0,0,,,4.63,7.52,2.89,4.63,7.52,2.89,Not Suitable,0,1,1,0,0,1,1,0,Other/unclassified,Human,Q9P2Y8,2,2
CHEMBL6187,MecA,Staphylococcus aureus,2,2,Kd,Kd,2,2,1.0,1,1,2021.0,2021.0,4.06,6.58,2.5200000000000005,4.06,6.58,2.5200000000000005,Not Suitable,0,1,1,0,0,1,1,0,Other/unclassified,Non-human,Q7DHH4,2,2
CHEMBL5533,Transcription factor p65,Homo sapiens,2,2,IC50,IC50,2,2,1.0,2,2,2018.0,2020.0,5.8,8.22,2.420000000000001,5.8,8.22,2.420000000000001,Not Suitable,0,1,0,0,0,1,1,0,Other/unclassified,Human,Q04206,1,2
CHEMBL1913,Platelet-derived growth factor receptor beta,Homo sapiens,2,2,IC50,IC50,2,2,1.0,2,2,2012.0,2021.0,5.89,7.7,1.8100000000000005,5.89,7.7,1.8100000000000005,Not Suitable,0,1,0,0,0,1,1,0,Kinases,Human,Q8N5L4,1,2
CHEMBL3192,Histone deacetylase 8,Homo sapiens,2,2,IC50,IC50,2,2,1.0,2,2,2011.0,2014.0,4.55,6.26,1.71,4.55,6.26,1.71,Not Suitable,0,1,0,0,0,1,1,0,Other enzymes,Human,Q9NYH4,1,2
CHEMBL5460,Heat shock 70 kDa protein 1A,Homo sapiens,2,2,IC50,IC50,2,2,1.0,1,1,2023.0,2023.0,4.6,6.12,1.5200000000000005,4.6,6.12,1.5200000000000005,Not Suitable,0,1,0,0,0,1,1,0,Other/unclassified,Human,Q9UQM0,1,2
CHEMBL3317339,Polymerase basic protein 2,Influenza A virus (strain A/Puerto Rico/8/1934 H1N1),2,2,Kd,Kd,2,2,1.0,2,2,2018.0,2021.0,5.44,6.96,1.5199999999999996,5.44,6.96,1.5199999999999996,Not Suitable,0,1,0,0,0,1,1,0,Other enzymes,Non-human,Q8JUU8,1,2
CHEMBL5474,Galectin-9,Homo sapiens,4,2,Kd,Kd,4,2,1.0,1,1,2016.0,2016.0,4.35,5.8,1.4500000000000002,4.35,5.8,1.4500000000000002,Not Suitable,0,1,0,0,0,1,0,0,Other/unclassified,Human,Q9NQ58,1,1
CHEMBL3212,Vitamin K epoxide reductase complex subunit 1,Bos taurus,2,2,IC50,IC50,2,2,1.0,1,1,2005.0,2005.0,6.0,7.4,1.4000000000000004,6.0,7.4,1.4000000000000004,Not Suitable,0,1,0,0,0,1,0,0,Other enzymes,Non-human,Q6B4J2,1,1
CHEMBL3979,Peroxisome proliferator-activated receptor delta,Homo sapiens,2,2,IC50,IC50,2,2,1.0,1,1,2006.0,2006.0,5.49,6.87,1.38,5.49,6.87,1.38,Not Suitable,0,1,0,0,0,1,0,0,Nuclear receptors,Human,Q9BUD4,1,1
CHEMBL1293317,Muscleblind-like protein 1,Homo sapiens,2,2,Kd,Kd,2,2,1.0,1,1,2022.0,2022.0,7.03,8.4,1.37,7.03,8.4,1.37,Not Suitable,0,1,0,0,0,1,0,0,Other/unclassified,Human,Q9NR56,1,1
CHEMBL1801,Plasminogen,Homo sapiens,2,2,Ki,Ki,2,2,1.0,1,1,2023.0,2023.0,5.67,6.97,1.2999999999999998,5.67,6.97,1.2999999999999998,Not Suitable,0,1,0,0,0,1,0,0,Other/unclassified,Human,Q6PA00,1,1
CHEMBL3403,Butyrylcholinesterase,Rattus norvegicus,2,2,IC50,IC50,2,2,1.0,1,1,1998.0,1998.0,7.19,8.44,1.2499999999999991,7.19,8.44,1.2499999999999991,Not Suitable,0,1,0,0,0,1,0,0,Cholinesterases,Non-human,Q9JKC1,1,1
CHEMBL6164,Poly [ADP-ribose] polymerase tankyrase-1,Homo sapiens,4,2,IC50,IC50,4,2,1.0,1,1,2023.0,2023.0,7.48,8.7,1.2199999999999989,7.48,8.7,1.2199999999999989,Not Suitable,0,1,0,0,0,1,0,0,Other enzymes,Human,Q59FX0,1,1
CHEMBL4360,Monocarboxylate transporter 1,Homo sapiens,3,2,IC50,IC50,3,2,1.0,2,2,2024.0,2024.0,6.07,7.23,1.16,6.07,7.23,1.16,Not Suitable,0,1,0,0,0,1,0,0,Ion channels and transporters,Human,Q9NSJ9,1,1
CHEMBL2954,Cathepsin S,Homo sapiens,2,2,Ki,Ki,2,2,1.0,1,1,2012.0,2012.0,5.08,6.12,1.04,5.08,6.12,1.04,Not Suitable,0,1,0,0,0,1,0,0,Proteases,Human,Q9BUG3,1,1
CHEMBL4241,Squalene monooxygenase,Rattus norvegicus,2,2,IC50,IC50,2,2,1.0,1,1,2001.0,2001.0,4.7,5.7,1.0,4.7,5.7,1.0,Not Suitable,0,1,0,0,0,1,0,0,Other enzymes,Non-human,Q4V8L3,1,1
CHEMBL338,Sodium-dependent dopamine transporter,Rattus norvegicus,2,2,IC50,IC50,2,2,1.0,1,1,2016.0,2016.0,7.16,8.0,0.8399999999999999,7.16,8.0,0.8399999999999999,Not Suitable,0,1,0,0,0,1,0,0,Ion channels and transporters,Non-human,P23977,1,1
CHEMBL1075108,Solute carrier family 12 member 5,Rattus norvegicus,2,2,IC50,IC50,2,2,1.0,1,1,2012.0,2012.0,5.4,6.22,0.8199999999999994,5.4,6.22,0.8199999999999994,Not Suitable,0,1,0,0,0,1,0,0,Ion channels and transporters,Non-human,Q63633,1,1
CHEMBL4450,UDP-galactopyranose mutase,Mycobacterium tuberculosis,2,2,AC50,AC50,2,2,1.0,0,0,,,4.2,4.97,0.7699999999999996,4.2,4.97,0.7699999999999996,Not Suitable,0,1,0,0,0,1,0,0,Other/unclassified,Non-human,Q7D4U3,1,1
CHEMBL3784,Histone acetyltransferase p300,Homo sapiens,2,2,IC50,IC50,2,2,1.0,2,2,2015.0,2022.0,6.58,7.32,0.7400000000000002,6.58,7.32,0.7400000000000002,Not Suitable,0,1,0,0,0,1,0,0,Other enzymes,Human,Q09472,1,1
CHEMBL3223,5-hydroxytryptamine receptor 7,Rattus norvegicus,2,2,Ki,Ki,2,2,1.0,1,1,2001.0,2001.0,5.83,6.55,0.7199999999999998,5.83,6.55,0.7199999999999998,Not Suitable,0,1,0,0,0,1,0,0,G protein-coupled receptors,Non-human,P97936,1,1
CHEMBL1991,Inhibitor of nuclear factor kappa-B kinase subunit beta,Homo sapiens,2,2,IC50,IC50,2,2,1.0,2,2,2013.0,2020.0,5.01,5.7,0.6900000000000004,5.01,5.7,0.6900000000000004,Not Suitable,0,1,0,0,0,1,0,0,Kinases,Human,O75327,1,1
CHEMBL4662,Proteasome Macropain subunit MB1,Homo sapiens,2,2,IC50,IC50,2,2,1.0,1,1,2019.0,2019.0,5.97,6.66,0.6900000000000004,5.97,6.66,0.6900000000000004,Not Suitable,0,1,0,0,0,1,0,0,Proteases,Human,Q9TNN9,1,1
CHEMBL2484,Acetylcholine receptor subunit epsilon,Homo sapiens,2,2,IC50,IC50,2,2,1.0,1,1,2019.0,2019.0,7.57,8.22,0.6500000000000004,7.57,8.22,0.6500000000000004,Not Suitable,0,1,0,0,0,1,0,0,Ion channels and transporters,Human,Q04844,1,1
CHEMBL4343,DNA polymerase beta,Rattus norvegicus,2,2,IC50,IC50,2,2,1.0,1,1,2004.0,2004.0,4.02,4.65,0.6300000000000008,4.02,4.65,0.6300000000000008,Not Suitable,0,1,0,0,0,1,0,0,Other enzymes,Non-human,Q4G081,1,1
CHEMBL5661,Exportin-1,Homo sapiens,2,2,IC50,IC50,2,2,1.0,1,1,2010.0,2010.0,5.19,5.8,0.6099999999999994,5.19,5.8,0.6099999999999994,Not Suitable,0,1,0,0,0,1,0,0,Other/unclassified,Human,Q99433,1,1
CHEMBL4036,Cyclin-dependent kinase 5,Homo sapiens,2,2,IC50,IC50,2,2,1.0,1,1,2022.0,2022.0,5.57,6.14,0.5699999999999994,5.57,6.14,0.5699999999999994,Not Suitable,0,1,0,0,0,1,0,0,Kinases,Human,Q00535,1,1
CHEMBL5926,"Glyceraldehyde-3-phosphate dehydrogenase, glycosomal",Trypanosoma cruzi,3,2,IC50,IC50,3,2,1.0,2,2,2009.0,2014.0,4.19,4.75,0.5599999999999996,4.19,4.75,0.5599999999999996,Not Suitable,0,1,0,0,0,1,0,0,Other enzymes,Non-human,P22513,1,1
CHEMBL2069,Thromboxane A2 receptor,Homo sapiens,2,2,Kd,Kd,2,2,1.0,1,1,1995.0,1995.0,6.37,6.86,0.4900000000000002,6.37,6.86,0.4900000000000002,Not Suitable,0,1,0,0,0,1,0,0,Other/unclassified,Human,Q9UCY2,1,1
CHEMBL3658,Tubulin alpha chain,Sus scrofa,2,2,IC50,IC50,2,2,1.0,1,1,2004.0,2004.0,4.52,5.0,0.4800000000000004,4.52,5.0,0.4800000000000004,Not Suitable,0,1,0,0,0,1,0,0,Other/unclassified,Non-human,P02550,1,1
CHEMBL6089,Ubiquitin-conjugating enzyme E2 N,Homo sapiens,3,2,IC50,IC50,3,2,1.0,0,0,,,4.98,5.46,0.4799999999999995,4.98,5.46,0.4799999999999995,Not Suitable,0,1,0,0,0,1,0,0,Other/unclassified,Human,Q53Y81,1,1
CHEMBL3720,ATP-citrate synthase,Homo sapiens,2,2,IC50,IC50,2,2,1.0,1,1,2017.0,2017.0,4.92,5.39,0.4699999999999997,4.92,5.39,0.4699999999999997,Not Suitable,0,1,0,0,0,1,0,0,Other enzymes,Human,Q9BRL0,1,1
CHEMBL4481,"Nitric oxide synthase, inducible",Homo sapiens,2,2,EC50,EC50,2,2,1.0,1,1,2009.0,2009.0,5.7,6.08,0.3799999999999999,5.7,6.08,0.3799999999999999,Not Suitable,0,1,0,0,0,1,0,0,Other enzymes,Human,Q9UD42,1,1
CHEMBL4999,Aldo-keto reductase family 1 member C4,Homo sapiens,2,2,IC50,IC50,2,2,1.0,1,1,2017.0,2017.0,6.09,6.46,0.3700000000000001,6.09,6.46,0.3700000000000001,Not Suitable,0,1,0,0,0,1,0,0,Other enzymes,Human,Q9NS54,1,1
CHEMBL2563,Histone deacetylase 5,Homo sapiens,2,2,IC50,IC50,2,2,1.0,1,1,2010.0,2010.0,5.52,5.88,0.3600000000000003,5.52,5.88,0.3600000000000003,Not Suitable,0,1,0,0,0,1,0,0,Other enzymes,Human,Q9UQL6,1,1
CHEMBL4145,Histone deacetylase 9,Homo sapiens,2,2,IC50,IC50,2,2,1.0,1,1,2010.0,2010.0,5.63,5.99,0.3600000000000003,5.63,5.99,0.3600000000000003,Not Suitable,0,1,0,0,0,1,0,0,Other enzymes,Human,Q9UKV0,1,1
CHEMBL2731,Galanin receptor type 3,Homo sapiens,2,2,IC50,IC50,2,2,1.0,0,0,,,4.89,5.24,0.3500000000000005,4.89,5.24,0.3500000000000005,Not Suitable,0,1,0,0,0,1,0,0,G protein-coupled receptors,Human,Q53YJ4,1,1
CHEMBL246,Beta-3 adrenergic receptor,Homo sapiens,2,2,Kd,Kd,2,2,1.0,1,1,2023.0,2023.0,5.59,5.93,0.3399999999999998,5.59,5.93,0.3399999999999998,Not Suitable,0,1,0,0,0,1,0,0,G protein-coupled receptors,Human,Q4JFT4,1,1
CHEMBL4247,ALK tyrosine kinase receptor,Homo sapiens,4,2,IC50,IC50,4,2,1.0,1,1,2024.0,2024.0,6.23,6.57,0.3399999999999998,6.23,6.57,0.3399999999999998,Not Suitable,0,1,0,0,0,1,0,0,Kinases,Human,Q9UM73,1,1
CHEMBL3402,"Alkaline phosphatase, germ cell type",Homo sapiens,4,2,IC50,IC50,4,2,1.0,0,0,,,5.21,5.54,0.33,5.21,5.54,0.33,Not Suitable,0,1,0,0,0,1,0,0,Other enzymes,Human,Q96CM1,1,1
CHEMBL3922,Methionine aminopeptidase 2,Homo sapiens,2,2,IC50,IC50,2,2,1.0,0,0,2018.0,2018.0,6.4,6.72,0.3199999999999994,6.4,6.72,0.3199999999999994,Not Suitable,0,1,0,0,0,1,0,0,Proteases,Human,Q8NB11,1,1
CHEMBL3797020,Lectin,Burkholderia cenocepacia (strain ATCC BAA-245 / DSM 16553 / LMG 16656/ NCTC 13227 / J2315 / CF5610) (Burkholderia cepacia (strain J2315)),2,2,IC50,IC50,2,2,1.0,1,1,2016.0,2016.0,4.84,5.13,0.29,4.84,5.13,0.29,Not Suitable,0,1,0,0,0,1,0,0,Other/unclassified,Non-human,B4EH87,1,1
CHEMBL4261,Hypoxia-inducible factor 1-alpha,Homo sapiens,2,2,IC50,IC50,2,2,1.0,1,1,2021.0,2021.0,6.82,7.1,0.2799999999999993,6.82,7.1,0.2799999999999993,Not Suitable,0,1,0,0,0,1,0,0,Other/unclassified,Human,Q9UPB1,1,1
CHEMBL3524,Histone deacetylase 4,Homo sapiens,2,2,IC50,IC50,2,2,1.0,1,1,2010.0,2010.0,5.93,6.19,0.2600000000000007,5.93,6.19,0.2600000000000007,Not Suitable,0,1,0,0,0,1,0,0,Other enzymes,Human,Q9UND6,1,1
CHEMBL5465386,Metallo-beta-lactamase type 2,Bacteria,2,2,Ki,Ki,2,2,1.0,0,0,2020.0,2020.0,4.0,4.26,0.2599999999999998,4.0,4.26,0.2599999999999998,Not Suitable,0,1,0,0,0,1,0,0,Other enzymes,Non-human,C7C422,1,1
CHEMBL2637,Mitogen-activated protein kinase 10,Homo sapiens,2,2,IC50,IC50,2,2,1.0,0,0,,,4.26,4.49,0.2300000000000004,4.26,4.49,0.2300000000000004,Not Suitable,0,1,0,0,0,1,0,0,Kinases,Human,Q49AP1,1,1
CHEMBL2688,Hexokinase-1,Homo sapiens,2,2,EC50,EC50,2,2,1.0,0,0,,,4.43,4.66,0.2300000000000004,4.43,4.66,0.2300000000000004,Not Suitable,0,1,0,0,0,1,0,0,Kinases,Human,Q9NNZ5,1,1
CHEMBL2716,Histone deacetylase 7,Homo sapiens,2,2,IC50,IC50,2,2,1.0,1,1,2010.0,2010.0,5.89,6.11,0.2200000000000006,5.89,6.11,0.2200000000000006,Not Suitable,0,1,0,0,0,1,0,0,Other enzymes,Human,Q9UFU7,1,1
CHEMBL6065,Dihydrofolate reductase,Mycobacterium tuberculosis,2,2,IC50,IC50,2,2,1.0,1,1,2018.0,2018.0,5.87,6.09,0.2199999999999997,5.87,6.09,0.2199999999999997,Not Suitable,0,1,0,0,0,1,0,0,Other enzymes,Non-human,P9WNX1,1,1
CHEMBL3155,5-hydroxytryptamine receptor 7,Homo sapiens,2,2,Ki,Ki,2,2,1.0,1,1,2020.0,2020.0,7.37,7.58,0.2099999999999999,7.37,7.58,0.2099999999999999,Not Suitable,0,1,0,0,0,1,0,0,G protein-coupled receptors,Human,Q5VX03,1,1
CHEMBL1169595,UDP-galactose 4-epimerase,Trypanosoma brucei,2,2,IC50,IC50,2,2,1.0,1,1,2010.0,2010.0,5.3,5.5,0.2000000000000001,5.3,5.5,0.2000000000000001,Not Suitable,0,1,0,0,0,1,0,0,Other enzymes,Non-human,Q8T8E9,1,1
CHEMBL4105758,Butyrophilin subfamily 3 member A1,Homo sapiens,2,2,EC50,EC50,2,2,1.0,1,1,2021.0,2021.0,7.92,8.1,0.1799999999999997,7.92,8.1,0.1799999999999997,Not Suitable,0,1,0,0,0,1,0,0,Other/unclassified,Human,Q9HCY1,1,1
CHEMBL2362978,DNA repair protein RAD52 homolog,Homo sapiens,2,2,AC50,AC50,2,2,1.0,0,0,,,4.57,4.72,0.1499999999999994,4.57,4.72,0.1499999999999994,Not Suitable,0,1,0,0,0,1,0,0,Other enzymes,Human,Q9Y5T9,1,1
CHEMBL3563,Cruzipain,Trypanosoma cruzi,3,2,IC50,IC50,3,2,1.0,1,1,2008.0,2008.0,4.05,4.19,0.1400000000000005,4.05,4.19,0.1400000000000005,Not Suitable,0,1,0,0,0,1,0,0,Proteases,Non-human,P25779,1,1
CHEMBL227,Type-1 angiotensin II receptor,Homo sapiens,2,2,IC50,IC50,2,2,1.0,0,0,,,4.86,4.98,0.1200000000000001,4.86,4.98,0.1200000000000001,Not Suitable,0,1,0,0,0,1,0,0,G protein-coupled receptors,Human,Q8TBK4,1,1
CHEMBL202,Dihydrofolate reductase,Homo sapiens,2,2,IC50,IC50,2,2,1.0,1,1,2018.0,2018.0,4.82,4.92,0.0999999999999996,4.82,4.92,0.0999999999999996,Not Suitable,0,1,0,0,0,1,0,0,Other enzymes,Human,Q6IRW8,1,1
CHEMBL2283,Carbonic anhydrase 2,Bos taurus,2,2,IC50,IC50,2,2,1.0,1,1,2014.0,2014.0,4.87,4.95,0.08,4.87,4.95,0.08,Not Suitable,0,1,0,0,0,1,0,0,Carbonic anhydrases,Non-human,Q865Y7,1,1
CHEMBL3085,Excitatory amino acid transporter 1,Homo sapiens,4,2,IC50,IC50,4,2,1.0,1,1,2012.0,2012.0,4.77,4.85,0.08,4.77,4.85,0.08,Not Suitable,0,1,0,0,0,1,0,0,Ion channels and transporters,Human,Q4JCQ8,1,1
CHEMBL4105939,Polyketide synthase Pks13,Mycobacterium tuberculosis (strain ATCC 25618 / H37Rv),2,2,IC50,IC50,2,2,1.0,1,1,2022.0,2022.0,5.81,5.89,0.08,5.81,5.89,0.08,Not Suitable,0,1,0,0,0,1,0,0,Other enzymes,Non-human,I6X8D2,1,1
CHEMBL2275,Sorbitol dehydrogenase,Homo sapiens,2,2,IC50,IC50,2,2,1.0,1,1,2010.0,2010.0,4.08,4.15,0.0700000000000002,4.08,4.15,0.0700000000000002,Not Suitable,0,1,0,0,0,1,0,0,Other enzymes,Human,Q9UMD6,1,1
CHEMBL2246,Aldo-keto reductase family 1 member A1,Homo sapiens,2,2,IC50,IC50,2,2,1.0,1,1,2017.0,2017.0,5.77,5.82,0.0500000000000007,5.77,5.82,0.0500000000000007,Not Suitable,0,1,0,0,0,1,0,0,Other enzymes,Human,Q6IAZ4,1,1
CHEMBL4685,"Indoleamine 2,3-dioxygenase 1",Homo sapiens,2,2,IC50,IC50,2,2,1.0,2,2,2012.0,2017.0,4.65,4.7,0.0499999999999998,4.65,4.7,0.0499999999999998,Not Suitable,0,1,0,0,0,1,0,0,Other enzymes,Human,Q540B4,1,1
CHEMBL1293307,3C-like protease,Infectious bronchitis virus,2,2,IC50,IC50,2,2,1.0,0,0,,,5.48,5.53,0.0499999999999998,5.48,5.53,0.0499999999999998,Not Suitable,0,1,0,0,0,1,0,0,Proteases,Non-human,Q3Y5H1,1,1
CHEMBL1741212,Glucose-6-phosphate dehydrogenase-6-phosphogluconolactonase,Plasmodium berghei,2,2,IC50,IC50,2,2,1.0,0,0,,,4.38,4.43,0.0499999999999998,4.38,4.43,0.0499999999999998,Not Suitable,0,1,0,0,0,1,0,0,Other enzymes,Non-human,Q9BHT9,1,1
CHEMBL4358,Polyunsaturated fatty acid lipoxygenase ALOX15,Oryctolagus cuniculus,2,2,IC50,IC50,2,2,1.0,1,1,2007.0,2007.0,4.78,4.82,0.04,4.78,4.82,0.04,Not Suitable,0,1,0,0,0,1,0,0,Other enzymes,Non-human,P12530,1,1
CHEMBL4869,Major prion protein,Homo sapiens,2,2,IC50,IC50,2,2,1.0,0,0,,,5.04,5.08,0.04,5.04,5.08,0.04,Not Suitable,0,1,0,0,0,1,0,0,Other/unclassified,Human,Q9UP19,1,1
CHEMBL2424,Lactoylglutathione lyase,Homo sapiens,2,2,IC50,IC50,2,2,1.0,1,1,2020.0,2020.0,4.72,4.75,0.0300000000000002,4.72,4.75,0.0300000000000002,Not Suitable,0,1,0,0,0,1,0,0,Other enzymes,Human,Q96J41,1,1
CHEMBL3201,Aryl hydrocarbon receptor,Homo sapiens,2,2,EC50,EC50,2,2,1.0,0,0,,,5.47,5.49,0.0200000000000004,5.47,5.49,0.0200000000000004,Not Suitable,0,1,0,0,0,1,0,0,Nuclear receptors,Human,Q13804,1,1
CHEMBL4477,Metabotropic glutamate receptor 1,Rattus norvegicus,2,2,IC50,IC50,2,2,1.0,1,1,2009.0,2009.0,4.62,4.62,0.0,4.62,4.62,0.0,Not Suitable,0,1,0,0,0,1,0,0,G protein-coupled receptors,Non-human,P23385,1,1
CHEMBL4205,Potassium voltage-gated channel subfamily A member 4,Homo sapiens,3,2,EC50; IC50,EC50,2,2,0.6666666666666666,1,0,2006.0,2017.0,6.3,7.12,0.8200000000000003,6.3,7.12,0.8200000000000003,Not Suitable,0,0,0,0,0,1,0,0,Ion channels and transporters,Human,P22459,0,1
CHEMBL5113,Orexin/Hypocretin receptor type 1,Homo sapiens,3,2,IC50; Ki,IC50,2,1,0.6666666666666666,1,0,2020.0,2020.0,5.27,5.94,0.6700000000000008,5.75,5.94,0.1900000000000004,Not Suitable,0,0,0,0,0,1,0,0,Other/unclassified,Human,Q9HBV6,0,1
CHEMBL225,5-hydroxytryptamine receptor 2C,Homo sapiens,3,2,IC50; Ki,Ki,2,2,0.6666666666666666,1,1,2021.0,2021.0,5.63,5.91,0.2800000000000002,5.77,5.91,0.1400000000000005,Not Suitable,0,0,0,0,0,1,0,0,G protein-coupled receptors,Human,Q9NP28,0,1
CHEMBL3713355,Polypeptide N-acetylgalactosaminyltransferase 2,Homo sapiens,11,2,IC50; Kd; Ki,IC50,7,2,0.6363636363636364,1,1,2019.0,2019.0,5.21,6.53,1.3200000000000005,5.51,6.29,0.7800000000000002,Not Suitable,0,0,0,0,0,1,0,0,Other enzymes,Human,Q9NPY4,0,1
CHEMBL1946,Melatonin receptor type 1B,Homo sapiens,5,2,EC50; Ki,Ki,3,2,0.6,2,2,2015.0,2022.0,7.47,9.19,1.7199999999999998,8.34,8.66,0.3200000000000003,Not Suitable,0,0,0,0,0,1,0,0,G protein-coupled receptors,Human,P49286,0,1
CHEMBL232,Alpha-1B adrenergic receptor,Homo sapiens,4,2,IC50; Ki,Ki,2,2,0.5,1,1,2015.0,2015.0,7.28,10.0,2.72,7.52,10.0,2.4800000000000004,Not Suitable,0,0,0,0,0,0,1,0,G protein-coupled receptors,Human,P35368,0,1
CHEMBL223,Alpha-1D adrenergic receptor,Homo sapiens,4,2,IC50; Ki,Ki,2,2,0.5,1,1,2015.0,2015.0,7.34,9.4,2.0600000000000005,7.56,9.4,1.8400000000000007,Not Suitable,0,0,0,0,0,0,1,0,G protein-coupled receptors,Human,Q9NPY0,0,1
CHEMBL1973,Tyrosinase,Homo sapiens,4,2,IC50; Ki,Ki,2,1,0.5,4,2,2017.0,2024.0,4.58,5.55,0.9699999999999998,5.47,5.47,0.0,Not Suitable,0,0,0,0,0,0,0,1,Other enzymes,Human,Q9BZX1,0,1
CHEMBL1841,Tyrosine-protein kinase Fyn,Homo sapiens,2,2,IC50; Kd,IC50,1,1,0.5,2,1,1999.0,2002.0,6.82,7.0,0.1799999999999997,7.0,7.0,0.0,Not Suitable,0,0,0,0,0,0,0,0,Kinases,Human,Q8N5D7,0,0
CHEMBL238,Sodium-dependent dopamine transporter,Homo sapiens,2,2,AC50; IC50,IC50,1,1,0.5,2,1,2018.0,2023.0,4.74,6.82,2.08,6.82,6.82,0.0,Not Suitable,0,0,0,0,0,0,0,0,Ion channels and transporters,Human,Q14996,0,0
CHEMBL308,Cyclin-dependent kinase 1,Homo sapiens,2,2,IC50; Ki,Ki,1,1,0.5,2,1,2020.0,2024.0,5.34,9.46,4.120000000000001,9.46,9.46,0.0,Not Suitable,0,0,0,0,0,0,0,0,Kinases,Human,P06493,0,0
CHEMBL3869,Matrix metalloproteinase-14,Homo sapiens,2,2,IC50; Ki,IC50,1,1,0.5,2,1,1999.0,2012.0,4.29,6.66,2.37,4.29,4.29,0.0,Not Suitable,0,0,0,0,0,0,0,0,Proteases,Human,Q92678,0,0
CHEMBL5281,Cytochrome P450 2E1,Homo sapiens,2,2,IC50; Ki,Ki,1,1,0.5,2,1,2005.0,2009.0,4.4,5.3,0.8999999999999995,4.4,4.4,0.0,Not Suitable,0,0,0,0,0,0,0,0,Cytochrome P450s,Human,Q9UK47,0,0
CHEMBL4729,Cytochrome P450 2B6,Homo sapiens,2,2,IC50; Ki,Ki,1,1,0.5,1,1,2005.0,2022.0,4.06,5.28,1.2200000000000006,5.28,5.28,0.0,Not Suitable,0,0,0,0,0,0,0,0,Cytochrome P450s,Human,Q9UK46,0,0
CHEMBL5407,Serine/threonine-protein kinase pim-3,Homo sapiens,2,2,IC50; Ki,IC50,1,1,0.5,1,1,2023.0,2023.0,5.8,6.47,0.6699999999999999,6.47,6.47,0.0,Not Suitable,0,0,0,0,0,0,0,0,Kinases,Human,Q86V86,0,0
CHEMBL3468,Caspase-7,Homo sapiens,2,2,AC50; EC50,AC50,1,1,0.5,0,0,,,4.22,4.7,0.4800000000000004,4.22,4.22,0.0,Not Suitable,0,0,0,0,0,0,0,0,Proteases,Human,Q96BA0,0,0
CHEMBL1628477,Acid-sensing ion channel 1,Homo sapiens,2,1,IC50,IC50,2,1,1.0,1,1,2015.0,2015.0,5.13,7.56,2.43,5.13,7.56,2.43,Not Suitable,0,1,0,0,0,1,1,0,Ion channels and transporters,Human,Q96CV2,1,2
CHEMBL4523345,Bifunctional arginine demethylase and lysyl-hydroxylase JMJD6,Homo sapiens,3,1,IC50,IC50,3,1,1.0,1,1,2019.0,2019.0,4.99,6.66,1.67,4.99,6.66,1.67,Not Suitable,0,1,0,0,0,1,1,0,Other enzymes,Human,Q9Y4E2,1,2
CHEMBL3974,Proteinase-activated receptor 1,Homo sapiens,2,1,IC50,IC50,2,1,1.0,1,1,1996.0,1996.0,4.66,5.36,0.7000000000000002,4.66,5.36,0.7000000000000002,Not Suitable,0,1,0,0,0,1,0,0,Proteases,Human,Q9BUN4,1,1
CHEMBL1795096,Endoribonuclease toxin MazF,Escherichia coli K-12,2,1,EC50,EC50,2,1,1.0,0,0,,,4.05,4.56,0.5099999999999998,4.05,4.56,0.5099999999999998,Not Suitable,0,1,0,0,0,1,0,0,Other/unclassified,Non-human,Q2MA50,1,1
CHEMBL3925,17-beta-hydroxysteroid-dehydrogenase,Cochliobolus lunatus,2,1,IC50,IC50,2,1,1.0,1,1,2004.0,2004.0,5.1,5.57,0.4700000000000006,5.1,5.57,0.4700000000000006,Not Suitable,0,1,0,0,0,1,0,0,Other enzymes,Non-human,O93874,1,1
CHEMBL1741161,Acyl-homoserine lactone acylase PvdQ,Pseudomonas aeruginosa (strain LESB58),2,1,AC50,AC50,2,1,1.0,0,0,,,4.62,5.06,0.4399999999999995,4.62,5.06,0.4399999999999995,Not Suitable,0,1,0,0,0,1,0,0,Other/unclassified,Non-human,Q9I194,1,1
CHEMBL4295885,Tyrosinase,Danio rerio,2,1,IC50,IC50,2,1,1.0,1,1,2017.0,2017.0,4.04,4.38,0.3399999999999998,4.04,4.38,0.3399999999999998,Not Suitable,0,1,0,0,0,1,0,0,Other enzymes,Non-human,Q8AYA1,1,1
CHEMBL3429,Steroid hormone receptor ERR1,Homo sapiens,2,1,IC50,IC50,2,1,1.0,1,1,2013.0,2013.0,6.94,7.0,0.0599999999999996,6.94,7.0,0.0599999999999996,Not Suitable,0,1,0,0,0,1,0,0,Other/unclassified,Human,Q14514,1,1
CHEMBL2889,Tyrosine-protein phosphatase non-receptor type 22,Homo sapiens,2,1,IC50,IC50,2,1,1.0,0,0,,,5.03,5.07,0.04,5.03,5.07,0.04,Not Suitable,0,1,0,0,0,1,0,0,Other enzymes,Human,Q9Y2R2,1,1
CHEMBL2189117,Polycomb protein EED,Homo sapiens,5,1,Kd,Kd,5,1,1.0,5,5,2020.0,2022.0,5.55,5.55,0.0,5.55,5.55,0.0,Not Suitable,0,1,0,1,0,1,0,1,Other/unclassified,Human,O75530,2,2
CHEMBL3203,4-hydroxyphenylpyruvate dioxygenase,Sus scrofa,2,1,IC50,IC50,2,1,1.0,2,2,2002.0,2017.0,6.96,6.96,0.0,6.96,6.96,0.0,Not Suitable,0,1,0,0,0,1,0,0,Other enzymes,Non-human,Q02110,1,1
CHEMBL5542,DNA polymerase eta,Homo sapiens,2,1,IC50,IC50,2,1,1.0,2,2,2016.0,2023.0,7.21,7.21,0.0,7.21,7.21,0.0,Not Suitable,0,1,0,0,0,1,0,0,Other enzymes,Human,Q9Y253,1,1
CHEMBL1075093,Farnesyl pyrophosphate synthase,Rattus norvegicus,1,1,Kd,Kd,1,1,1.0,1,1,2020.0,2020.0,4.27,4.27,0.0,4.27,4.27,0.0,Not Suitable,0,1,0,0,0,1,0,0,Other enzymes,Non-human,Q6GT82,1,1
CHEMBL1075282,Dual specificity protein kinase CLK3,Mus musculus,1,1,IC50,IC50,1,1,1.0,1,1,2013.0,2013.0,6.82,6.82,0.0,6.82,6.82,0.0,Not Suitable,0,1,0,0,0,1,0,0,Kinases,Non-human,Q8C1V1,1,1
CHEMBL1169598,Polymerase acidic protein,Influenza A virus (A/Puerto Rico/8/1934(H1N1)),1,1,IC50,IC50,1,1,1.0,1,1,2019.0,2019.0,6.3,6.3,0.0,6.3,6.3,0.0,Not Suitable,0,1,0,0,0,1,0,0,Other enzymes,Non-human,Q8JUU6,1,1
CHEMBL1275219,Glucosylceramidase,Bos taurus,1,1,Ki,Ki,1,1,1.0,1,1,2010.0,2010.0,4.5,4.5,0.0,4.5,4.5,0.0,Not Suitable,0,1,0,0,0,1,0,0,Other enzymes,Non-human,Q2KHZ8,1,1
CHEMBL1287617,UDP-glucuronosyltransferase 1A1,Homo sapiens,2,1,IC50,IC50,2,1,1.0,1,1,2011.0,2011.0,4.0,4.0,0.0,4.0,4.0,0.0,Not Suitable,0,1,0,0,0,1,0,0,Other enzymes,Human,P22309,1,1
CHEMBL1293203,Major prion protein,Mesocricetus auratus,1,1,Kd,Kd,1,1,1.0,1,1,2017.0,2017.0,4.33,4.33,0.0,4.33,4.33,0.0,Not Suitable,0,1,0,0,0,1,0,0,Other/unclassified,Non-human,P04273,1,1
CHEMBL1628468,Transient receptor potential cation channel subfamily M member 5,Homo sapiens,1,1,EC50,EC50,1,1,1.0,1,1,2022.0,2022.0,4.57,4.57,0.0,4.57,4.57,0.0,Not Suitable,0,1,0,0,0,1,0,0,Ion channels and transporters,Human,Q9NZQ8,1,1
CHEMBL1641347,Solute carrier family 22 member 6,Homo sapiens,1,1,IC50,IC50,1,1,1.0,1,1,2005.0,2005.0,6.57,6.57,0.0,6.57,6.57,0.0,Not Suitable,0,1,0,0,0,1,0,0,Ion channels and transporters,Human,Q9UEQ8,1,1
CHEMBL1667698,Telomere resolvase ResT,Borrelia burgdorferi (strain ATCC 35210 / B31 / CIP 102532 / DSM4680),1,1,IC50,IC50,1,1,1.0,1,1,2009.0,2009.0,5.06,5.06,0.0,5.06,5.06,0.0,Not Suitable,0,1,0,0,0,1,0,0,Other/unclassified,Non-human,O50979,1,1
CHEMBL1671608,Galectin-4,Homo sapiens,1,1,Kd,Kd,1,1,1.0,1,1,2016.0,2016.0,4.39,4.39,0.0,4.39,4.39,0.0,Not Suitable,0,1,0,0,0,1,0,0,Other/unclassified,Human,P56470,1,1
CHEMBL1743122,Solute carrier family 22 member 2,Homo sapiens,1,1,IC50,IC50,1,1,1.0,1,1,2023.0,2023.0,4.76,4.76,0.0,4.76,4.76,0.0,Not Suitable,0,1,0,0,0,1,0,0,Ion channels and transporters,Human,Q9NQB9,1,1
CHEMBL1743542,Cytochrome P450 2B4,Oryctolagus cuniculus,1,1,Ki,Ki,1,1,1.0,1,1,2005.0,2005.0,5.55,5.55,0.0,5.55,5.55,0.0,Not Suitable,0,1,0,0,0,1,0,0,Cytochrome P450s,Non-human,P00178,1,1
CHEMBL1781862,Calmodulin-domain protein kinase 1,Toxoplasma gondii,3,1,IC50,IC50,3,1,1.0,1,1,2014.0,2018.0,7.5,7.5,0.0,7.5,7.5,0.0,Not Suitable,0,1,0,0,0,1,0,0,Kinases,Non-human,Q9BJF5,1,1
CHEMBL1781865,Endoplasmic reticulum chaperone BiP,Homo sapiens,1,1,IC50,IC50,1,1,1.0,1,1,2023.0,2023.0,5.18,5.18,0.0,5.18,5.18,0.0,Not Suitable,0,1,0,0,0,1,0,0,Other/unclassified,Human,Q9UK02,1,1
CHEMBL1795140,Transmembrane protease serine 2,Homo sapiens,1,1,IC50,IC50,1,1,1.0,1,1,2024.0,2024.0,8.38,8.38,0.0,8.38,8.38,0.0,Not Suitable,0,1,0,0,0,1,0,0,Proteases,Human,Q9BXX1,1,1
CHEMBL1812,Pancreatic triacylglycerol lipase,Homo sapiens,1,1,IC50,IC50,1,1,1.0,1,1,2023.0,2023.0,5.55,5.55,0.0,5.55,5.55,0.0,Not Suitable,0,1,0,0,0,1,0,0,Other/unclassified,Human,Q5VSQ2,1,1
CHEMBL1829,Histone deacetylase 3,Homo sapiens,1,1,IC50,IC50,1,1,1.0,1,1,2014.0,2014.0,4.92,4.92,0.0,4.92,4.92,0.0,Not Suitable,0,1,0,0,0,1,0,0,Other enzymes,Human,Q9UEV0,1,1
CHEMBL1838,Chromaffin granule amine transporter,Homo sapiens,1,1,EC50,EC50,1,1,1.0,1,1,2022.0,2022.0,5.7,5.7,0.0,5.7,5.7,0.0,Not Suitable,0,1,0,0,0,1,0,0,Ion channels and transporters,Human,Q9BRE4,1,1
CHEMBL1868,Vascular endothelial growth factor receptor 1,Homo sapiens,1,1,IC50,IC50,1,1,1.0,1,1,2007.0,2007.0,4.71,4.71,0.0,4.71,4.71,0.0,Not Suitable,0,1,0,0,0,1,0,0,Kinases,Human,Q12954,1,1
CHEMBL1870,Retinoic acid receptor RXR-beta,Homo sapiens,1,1,EC50,EC50,1,1,1.0,1,1,2018.0,2018.0,4.38,4.38,0.0,4.38,4.38,0.0,Not Suitable,0,1,0,0,0,1,0,0,Nuclear receptors,Human,Q5STQ1,1,1
CHEMBL1893,Synaptic vesicular amine transporter,Homo sapiens,1,1,EC50,EC50,1,1,1.0,1,1,2022.0,2022.0,5.45,5.45,0.0,5.45,5.45,0.0,Not Suitable,0,1,0,0,0,1,0,0,Ion channels and transporters,Human,Q9H3P6,1,1
CHEMBL1904,"Glutamate receptor ionotropic, NMDA 2B",Homo sapiens,1,1,IC50,IC50,1,1,1.0,1,1,2018.0,2018.0,4.05,4.05,0.0,4.05,4.05,0.0,Not Suitable,0,1,0,0,0,1,0,0,Ion channels and transporters,Human,Q9UM56,1,1
CHEMBL1937,Histone deacetylase 2,Homo sapiens,1,1,IC50,IC50,1,1,1.0,1,1,2014.0,2014.0,4.48,4.48,0.0,4.48,4.48,0.0,Not Suitable,0,1,0,0,0,1,0,0,Other enzymes,Human,Q92769,1,1
CHEMBL1955,Vascular endothelial growth factor receptor 3,Homo sapiens,1,1,IC50,IC50,1,1,1.0,1,1,2012.0,2012.0,5.81,5.81,0.0,5.81,5.81,0.0,Not Suitable,0,1,0,0,0,1,0,0,Kinases,Human,Q86W08,1,1
CHEMBL1957,Insulin-like growth factor 1 receptor,Homo sapiens,1,1,IC50,IC50,1,1,1.0,1,1,2012.0,2012.0,6.6,6.6,0.0,6.6,6.6,0.0,Not Suitable,0,1,0,0,0,1,0,0,Other/unclassified,Human,Q9UCC0,1,1
CHEMBL1972,"Glutamate receptor ionotropic, NMDA 2A",Homo sapiens,1,1,IC50,IC50,1,1,1.0,1,1,2018.0,2018.0,4.73,4.73,0.0,4.73,4.73,0.0,Not Suitable,0,1,0,0,0,1,0,0,Ion channels and transporters,Human,Q17RZ6,1,1
CHEMBL1981,Insulin receptor,Homo sapiens,1,1,IC50,IC50,1,1,1.0,1,1,2012.0,2012.0,6.47,6.47,0.0,6.47,6.47,0.0,Not Suitable,0,1,0,0,0,1,0,0,Other/unclassified,Human,P06213,1,1
CHEMBL2004,Retinoic acid receptor RXR-gamma,Homo sapiens,1,1,EC50,EC50,1,1,1.0,1,1,2018.0,2018.0,4.29,4.29,0.0,4.29,4.29,0.0,Not Suitable,0,1,0,0,0,1,0,0,Nuclear receptors,Human,Q6IBU7,1,1
CHEMBL2047,Bile acid receptor,Homo sapiens,1,1,EC50,EC50,1,1,1.0,1,1,2015.0,2015.0,6.34,6.34,0.0,6.34,6.34,0.0,Not Suitable,0,1,0,0,0,1,0,0,Other/unclassified,Human,Q96RI1,1,1
CHEMBL2062348,Heat shock-related 70 kDa protein 2,Homo sapiens,1,1,IC50,IC50,1,1,1.0,1,1,2023.0,2023.0,4.6,4.6,0.0,4.6,4.6,0.0,Not Suitable,0,1,0,0,0,1,0,0,Other/unclassified,Human,Q9UE78,1,1
CHEMBL2073682,ATP-binding cassette sub-family C member 3,Rattus norvegicus,1,1,Ki,Ki,1,1,1.0,1,1,2002.0,2002.0,4.11,4.11,0.0,4.11,4.11,0.0,Not Suitable,0,1,0,0,0,1,0,0,Ion channels and transporters,Non-human,O88563,1,1
CHEMBL2150835,Enoyl-[acyl-carrier-protein] reductase [NADH],Francisella tularensis subsp. tularensis (strain SCHU S4 / Schu 4),1,1,IC50,IC50,1,1,1.0,1,1,2013.0,2013.0,4.33,4.33,0.0,4.33,4.33,0.0,Not Suitable,0,1,0,0,0,1,0,0,Other enzymes,Non-human,Q5NGQ3,1,1
CHEMBL2176778,Protein mono-ADP-ribosyltransferase PARP15,Homo sapiens,1,1,IC50,IC50,1,1,1.0,1,1,2022.0,2022.0,6.01,6.01,0.0,6.01,6.01,0.0,Not Suitable,0,1,0,0,0,1,0,0,Other enzymes,Human,Q8N1K3,1,1
CHEMBL2176863,Uncharacterized protein,Sus scrofa,1,1,Ki,Ki,1,1,1.0,1,1,2010.0,2010.0,4.55,4.55,0.0,4.55,4.55,0.0,Not Suitable,0,1,0,0,0,1,0,0,Other/unclassified,Non-human,I3LIR5,1,1
CHEMBL2179,Lysosomal acid glucosylceramidase,Homo sapiens,1,1,Ki,Ki,1,1,1.0,1,1,2001.0,2001.0,8.92,8.92,0.0,8.92,8.92,0.0,Not Suitable,0,1,0,0,0,1,0,0,Other enzymes,Human,Q9UMJ8,1,1
CHEMBL2185,Aurora kinase B,Homo sapiens,1,1,IC50,IC50,1,1,1.0,1,1,2012.0,2012.0,5.6,5.6,0.0,5.6,5.6,0.0,Not Suitable,0,1,0,0,0,1,0,0,Kinases,Human,Q9UQ46,1,1
CHEMBL222,Sodium-dependent noradrenaline transporter,Homo sapiens,1,1,IC50,IC50,1,1,1.0,1,1,2018.0,2018.0,8.0,8.0,0.0,8.0,8.0,0.0,Not Suitable,0,1,0,0,0,1,0,0,Ion channels and transporters,Human,Q96KH8,1,1
CHEMBL2232,Proprotein convertase subtilisin/kexin type 7,Homo sapiens,1,1,IC50,IC50,1,1,1.0,1,1,2011.0,2011.0,5.89,5.89,0.0,5.89,5.89,0.0,Not Suitable,0,1,0,0,0,1,0,0,Other/unclassified,Human,Q9UL57,1,1
CHEMBL2251,Phosphatidylinositol 4-kinase type 2-alpha,Homo sapiens,1,1,IC50,IC50,1,1,1.0,1,1,2022.0,2022.0,5.84,5.84,0.0,5.84,5.84,0.0,Not Suitable,0,1,0,0,0,1,0,0,Kinases,Human,Q9NSG8,1,1
CHEMBL228,Sodium-dependent serotonin transporter,Homo sapiens,1,1,IC50,IC50,1,1,1.0,1,1,2018.0,2018.0,9.14,9.14,0.0,9.14,9.14,0.0,Not Suitable,0,1,0,0,0,1,0,0,Ion channels and transporters,Human,Q5EE02,1,1
CHEMBL231,Histamine H1 receptor,Homo sapiens,1,1,Ki,Ki,1,1,1.0,1,1,2021.0,2021.0,5.95,5.95,0.0,5.95,5.95,0.0,Not Suitable,0,1,0,0,0,1,0,0,G protein-coupled receptors,Human,Q6P9E5,1,1
CHEMBL2390811,Thioredoxin reductase,Mycobacterium tuberculosis,1,1,IC50,IC50,1,1,1.0,1,1,2013.0,2013.0,4.0,4.0,0.0,4.0,4.0,0.0,Not Suitable,0,1,0,0,0,1,0,0,Other enzymes,Non-human,P9WHH1,1,1
CHEMBL2409,Bifunctional epoxide hydrolase 2,Homo sapiens,1,1,IC50,IC50,1,1,1.0,1,1,2014.0,2014.0,4.68,4.68,0.0,4.68,4.68,0.0,Not Suitable,0,1,0,0,0,1,0,0,Other enzymes,Human,P34913,1,1
CHEMBL2424504,Lysine-specific demethylase 5A,Homo sapiens,1,1,IC50,IC50,1,1,1.0,1,1,2022.0,2022.0,7.62,7.62,0.0,7.62,7.62,0.0,Not Suitable,0,1,0,0,0,1,0,0,Other enzymes,Human,Q86XZ1,1,1
CHEMBL2424511,3-oxoacyl-(Acyl-carrier protein) reductase,Plasmodium falciparum (isolate 3D7),1,1,IC50,IC50,1,1,1.0,1,1,2013.0,2013.0,4.0,4.0,0.0,4.0,4.0,0.0,Not Suitable,0,1,0,0,0,1,0,0,Other enzymes,Non-human,Q8I2S7,1,1
CHEMBL244,Coagulation factor X,Homo sapiens,1,1,Ki,Ki,1,1,1.0,1,1,2023.0,2023.0,4.88,4.88,0.0,4.88,4.88,0.0,Not Suitable,0,1,0,0,0,1,0,0,Proteases,Human,P00742,1,1
CHEMBL248,Neutrophil elastase,Homo sapiens,1,1,Ki,Ki,1,1,1.0,1,1,1995.0,1995.0,10.05,10.05,0.0,10.05,10.05,0.0,Not Suitable,0,1,0,0,0,1,0,0,Proteases,Human,Q6LDP5,1,1
CHEMBL2499,"Phosphatidylinositol 4,5-bisphosphate 3-kinase catalytic subunit alpha isoform",Mus musculus,1,1,IC50,IC50,1,1,1.0,1,1,2009.0,2009.0,5.52,5.52,0.0,5.52,5.52,0.0,Not Suitable,0,1,0,0,0,1,0,0,Kinases,Non-human,Q0VGQ5,1,1
CHEMBL2535,"Solute carrier family 2, facilitated glucose transporter member 1",Homo sapiens,1,1,IC50,IC50,1,1,1.0,1,1,,,4.63,4.63,0.0,4.63,4.63,0.0,Not Suitable,0,1,0,0,0,1,0,0,Ion channels and transporters,Human,Q147X2,1,1
CHEMBL254,"3',5'-cyclic-AMP phosphodiesterase 4A",Homo sapiens,1,1,AC50,AC50,1,1,1.0,1,1,2023.0,2023.0,5.94,5.94,0.0,5.94,5.94,0.0,Not Suitable,0,1,0,0,0,1,0,0,Other enzymes,Human,Q9H3H2,1,1
CHEMBL265,D(1A) dopamine receptor,Rattus norvegicus,1,1,Ki,Ki,1,1,1.0,1,1,2008.0,2008.0,5.85,5.85,0.0,5.85,5.85,0.0,Not Suitable,0,1,0,0,0,1,0,0,G protein-coupled receptors,Non-human,P21669,1,1
CHEMBL2695,Focal adhesion kinase 1,Homo sapiens,1,1,IC50,IC50,1,1,1.0,1,1,2012.0,2012.0,5.51,5.51,0.0,5.51,5.51,0.0,Not Suitable,0,1,0,0,0,1,0,0,Kinases,Human,Q9UD85,1,1
CHEMBL2730,Protein-glutamine gamma-glutamyltransferase,Homo sapiens,1,1,Ki,Ki,1,1,1.0,1,1,2017.0,2017.0,4.95,4.95,0.0,4.95,4.95,0.0,Not Suitable,0,1,0,0,0,1,0,0,Other enzymes,Human,Q9UH35,1,1
CHEMBL274,C-C chemokine receptor type 5,Homo sapiens,1,1,IC50,IC50,1,1,1.0,1,1,2017.0,2017.0,5.89,5.89,0.0,5.89,5.89,0.0,Not Suitable,0,1,0,0,0,1,0,0,G protein-coupled receptors,Human,Q9UPA4,1,1
CHEMBL2820,Coagulation factor XI,Homo sapiens,1,1,Ki,Ki,1,1,1.0,1,1,2023.0,2023.0,5.06,5.06,0.0,5.06,5.06,0.0,Not Suitable,0,1,0,0,0,1,0,0,Proteases,Human,Q9Y495,1,1
CHEMBL283,Stromelysin-1,Homo sapiens,1,1,IC50,IC50,1,1,1.0,1,1,2010.0,2010.0,5.06,5.06,0.0,5.06,5.06,0.0,Not Suitable,0,1,0,0,0,1,0,0,Other/unclassified,Human,Q6GRF8,1,1
CHEMBL2964,Dual specificity mitogen-activated protein kinase kinase 2,Homo sapiens,1,1,Kd,Kd,1,1,1.0,1,1,2017.0,2017.0,7.43,7.43,0.0,7.43,7.43,0.0,Not Suitable,0,1,0,0,0,1,0,0,Kinases,Human,P36507,1,1
CHEMBL3019,Cytochrome P450 3A5,Homo sapiens,1,1,Ki,Ki,1,1,1.0,1,1,2005.0,2005.0,4.7,4.7,0.0,4.7,4.7,0.0,Not Suitable,0,1,0,0,0,1,0,0,Cytochrome P450s,Human,Q9HB56,1,1
CHEMBL3024,Serine/threonine-protein kinase PLK1,Homo sapiens,1,1,IC50,IC50,1,1,1.0,1,1,2012.0,2012.0,5.48,5.48,0.0,5.48,5.48,0.0,Not Suitable,0,1,0,0,0,1,0,0,Kinases,Human,P53350,1,1
CHEMBL3048,Nitric oxide synthase 1,Rattus norvegicus,1,1,IC50,IC50,1,1,1.0,1,1,2011.0,2011.0,6.07,6.07,0.0,6.07,6.07,0.0,Not Suitable,0,1,0,0,0,1,0,0,Other enzymes,Non-human,P29476,1,1
CHEMBL3050,Amine oxidase [flavin-containing] B,Mus musculus,1,1,IC50,IC50,1,1,1.0,1,1,2013.0,2013.0,4.54,4.54,0.0,4.54,4.54,0.0,Not Suitable,0,1,0,0,0,1,0,0,Monoamine oxidases,Non-human,Q8C0B2,1,1
CHEMBL3085613,DNA gyrase subunit B,Mycobacterium smegmatis,1,1,IC50,IC50,1,1,1.0,1,1,2022.0,2022.0,6.36,6.36,0.0,6.36,6.36,0.0,Not Suitable,0,1,0,0,0,1,0,0,Other enzymes,Non-human,Q59555,1,1
CHEMBL3091,Sortilin,Homo sapiens,1,1,IC50,IC50,1,1,1.0,1,1,2014.0,2014.0,5.4,5.4,0.0,5.4,5.4,0.0,Not Suitable,0,1,0,0,0,1,0,0,Other/unclassified,Human,Q99523,1,1
CHEMBL3091269,NAD(P)H dehydrogenase [quinone] 1,Rattus norvegicus,1,1,Ki,Ki,1,1,1.0,1,1,2018.0,2018.0,9.0,9.0,0.0,9.0,9.0,0.0,Not Suitable,0,1,0,0,0,1,0,0,Other enzymes,Non-human,Q63478,1,1
CHEMBL3116,Cyclin-dependent kinase 9,Homo sapiens,1,1,IC50,IC50,1,1,1.0,1,1,2024.0,2024.0,6.42,6.42,0.0,6.42,6.42,0.0,Not Suitable,0,1,0,0,0,1,0,0,Kinases,Human,Q96TF1,1,1
CHEMBL3166,Tyrosine-protein phosphatase non-receptor type 6,Homo sapiens,1,1,IC50,IC50,1,1,1.0,1,1,2020.0,2020.0,6.89,6.89,0.0,6.89,6.89,0.0,Not Suitable,0,1,0,0,0,1,0,0,Other enzymes,Human,Q9UK67,1,1
CHEMBL3176,Galanin receptor type 2,Homo sapiens,1,1,Kd,Kd,1,1,1.0,1,1,2008.0,2008.0,4.62,4.62,0.0,4.62,4.62,0.0,Not Suitable,0,1,0,0,0,1,0,0,G protein-coupled receptors,Human,Q32MN8,1,1
CHEMBL3236,Tyrosine-protein phosphatase non-receptor type 12,Homo sapiens,1,1,IC50,IC50,1,1,1.0,1,1,2020.0,2020.0,6.89,6.89,0.0,6.89,6.89,0.0,Not Suitable,0,1,0,0,0,1,0,0,Other enzymes,Human,Q86XU4,1,1
CHEMBL3243,Receptor-type tyrosine-protein phosphatase C,Homo sapiens,1,1,IC50,IC50,1,1,1.0,1,1,2020.0,2020.0,5.96,5.96,0.0,5.96,5.96,0.0,Not Suitable,0,1,0,0,0,1,0,0,Other enzymes,Human,X6R433,1,1
CHEMBL327,Alpha-2A adrenergic receptor,Rattus norvegicus,1,1,Ki,Ki,1,1,1.0,1,1,1999.0,1999.0,5.57,5.57,0.0,5.57,5.57,0.0,Not Suitable,0,1,0,0,0,1,0,0,G protein-coupled receptors,Non-human,P22909,1,1
CHEMBL3275,NAD-dependent histone deacetylase SIR2,Saccharomyces cerevisiae S288c,1,1,IC50,IC50,1,1,1.0,1,1,2004.0,2004.0,4.07,4.07,0.0,4.07,4.07,0.0,Not Suitable,0,1,0,0,0,1,0,0,Other enzymes,Non-human,P06700,1,1
CHEMBL3305,Sex hormone-binding globulin,Homo sapiens,1,1,Kd,Kd,1,1,1.0,1,1,2008.0,2008.0,5.66,5.66,0.0,5.66,5.66,0.0,Not Suitable,0,1,0,0,0,1,0,0,Other/unclassified,Human,Q6ISD2,1,1
CHEMBL3307224,Nonstructural protein 5A,Hepatitis C virus,1,1,EC50,EC50,1,1,1.0,1,1,2016.0,2016.0,8.15,8.15,0.0,8.15,8.15,0.0,Not Suitable,0,1,0,0,0,1,0,0,Other/unclassified,Non-human,Q5L478,1,1
CHEMBL3308998,Genome polyprotein,dengue virus type 2,1,1,IC50,IC50,1,1,1.0,1,1,2010.0,2010.0,4.92,4.92,0.0,4.92,4.92,0.0,Not Suitable,0,1,0,0,0,1,0,0,Other/unclassified,Non-human,Q88655,1,1
CHEMBL3310,Histone deacetylase 11,Homo sapiens,1,1,IC50,IC50,1,1,1.0,1,1,2014.0,2014.0,4.13,4.13,0.0,4.13,4.13,0.0,Not Suitable,0,1,0,0,0,1,0,0,Other enzymes,Human,Q9NTC9,1,1
CHEMBL3335,Cytochrome P450 2B1,Rattus norvegicus,1,1,Ki,Ki,1,1,1.0,1,1,2005.0,2005.0,5.62,5.62,0.0,5.62,5.62,0.0,Not Suitable,0,1,0,0,0,1,0,0,Cytochrome P450s,Non-human,Q64584,1,1
CHEMBL3351196,PA-I galactophilic lectin,Pseudomonas aeruginosa (strain ATCC 15692 / PAO1 / 1C / PRS 101 / LMG12228),1,1,Kd,Kd,1,1,1.0,1,1,2023.0,2023.0,5.27,5.27,0.0,5.27,5.27,0.0,Not Suitable,0,1,0,0,0,1,0,0,Other/unclassified,Non-human,Q05097,1,1
CHEMBL3371,5-hydroxytryptamine receptor 6,Homo sapiens,1,1,Ki,Ki,1,1,1.0,1,1,2021.0,2021.0,6.64,6.64,0.0,6.64,6.64,0.0,Not Suitable,0,1,0,0,0,1,0,0,G protein-coupled receptors,Human,Q5TGZ1,1,1
CHEMBL3412,Stromelysin-3,Mus musculus,1,1,Ki,Ki,1,1,1.0,1,1,1999.0,1999.0,8.3,8.3,0.0,8.3,8.3,0.0,Not Suitable,0,1,0,0,0,1,0,0,Other/unclassified,Non-human,Q02853,1,1
CHEMBL3414417,Histone acetyltransferase RTT109,Saccharomyces cerevisiae (strain ATCC 204508 / S288c) (Baker's yeast),1,1,IC50,IC50,1,1,1.0,1,1,2015.0,2015.0,6.58,6.58,0.0,6.58,6.58,0.0,Not Suitable,0,1,0,0,0,1,0,0,Other enzymes,Non-human,Q07794,1,1
CHEMBL3431938,Glucose transporter,Leishmania mexicana,1,1,IC50,IC50,1,1,1.0,1,1,,,4.87,4.87,0.0,4.87,4.87,0.0,Not Suitable,0,1,0,0,0,1,0,0,Ion channels and transporters,Non-human,O61059,1,1
CHEMBL3480,Chitin synthase 1,Candida albicans,1,1,IC50,IC50,1,1,1.0,1,1,2000.0,2000.0,4.92,4.92,0.0,4.92,4.92,0.0,Not Suitable,0,1,0,0,0,1,0,0,Other enzymes,Non-human,P23316,1,1
CHEMBL3578,"Aldehyde dehydrogenase, dimeric NADP-preferring",Homo sapiens,1,1,IC50,IC50,1,1,1.0,1,1,2017.0,2017.0,5.27,5.27,0.0,5.27,5.27,0.0,Not Suitable,0,1,0,0,0,1,0,0,Other enzymes,Human,Q9BT37,1,1
CHEMBL3616,Protein kinase C eta type,Homo sapiens,1,1,Kd,Kd,1,1,1.0,1,1,2010.0,2010.0,6.19,6.19,0.0,6.19,6.19,0.0,Not Suitable,0,1,0,0,0,1,0,0,Kinases,Human,Q8NE03,1,1
CHEMBL3663,Growth factor receptor-bound protein 2,Homo sapiens,1,1,Kd,Kd,1,1,1.0,1,1,1999.0,1999.0,4.95,4.95,0.0,4.95,4.95,0.0,Not Suitable,0,1,0,0,0,1,0,0,Other/unclassified,Human,P62993,1,1
CHEMBL3737,5-hydroxytryptamine receptor 1A,Mus musculus,1,1,Ki,Ki,1,1,1.0,1,1,1999.0,1999.0,5.43,5.43,0.0,5.43,5.43,0.0,Not Suitable,0,1,0,0,0,1,0,0,G protein-coupled receptors,Non-human,Q8BGS4,1,1
CHEMBL3751,Steroid hormone receptor ERR2,Homo sapiens,1,1,IC50,IC50,1,1,1.0,1,1,2013.0,2013.0,6.95,6.95,0.0,6.95,6.95,0.0,Not Suitable,0,1,0,0,0,1,0,0,Other/unclassified,Human,Q9HCB4,1,1
CHEMBL3774295,Lysine-specific demethylase 5B,Homo sapiens,1,1,IC50,IC50,1,1,1.0,1,1,2020.0,2020.0,5.34,5.34,0.0,5.34,5.34,0.0,Not Suitable,0,1,0,0,0,1,0,0,Other enzymes,Human,Q9Y3Q5,1,1
CHEMBL3788,Serine/threonine-protein kinase PLK4,Homo sapiens,1,1,IC50,IC50,1,1,1.0,1,1,2012.0,2012.0,5.53,5.53,0.0,5.53,5.53,0.0,Not Suitable,0,1,0,0,0,1,0,0,Kinases,Human,Q9UDE2,1,1
CHEMBL3861,"[Pyruvate dehydrogenase (acetyl-transferring)] kinase isozyme 2, mitochondrial",Homo sapiens,1,1,IC50,IC50,1,1,1.0,1,1,2017.0,2017.0,5.28,5.28,0.0,5.28,5.28,0.0,Not Suitable,0,1,0,0,0,1,0,0,Kinases,Human,Q9BS05,1,1
CHEMBL3863,Serine/threonine-protein kinase D1,Homo sapiens,1,1,IC50,IC50,1,1,1.0,1,1,2023.0,2023.0,5.63,5.63,0.0,5.63,5.63,0.0,Not Suitable,0,1,0,0,0,1,0,0,Kinases,Human,Q15139,1,1
CHEMBL3879827,Chromodomain Y-like protein,Homo sapiens,1,1,Kd,Kd,1,1,1.0,1,1,2019.0,2019.0,4.58,4.58,0.0,4.58,4.58,0.0,Not Suitable,0,1,0,0,0,1,0,0,Other/unclassified,Human,Q9Y424,1,1
CHEMBL3924,Dual specificity protein phosphatase 22,Homo sapiens,1,1,IC50,IC50,1,1,1.0,1,1,2020.0,2020.0,5.68,5.68,0.0,5.68,5.68,0.0,Not Suitable,0,1,0,0,0,1,0,0,Other enzymes,Human,Q9NRW4,1,1
CHEMBL4042,Prostaglandin G/H synthase 1,Rattus norvegicus,1,1,AC50,AC50,1,1,1.0,1,1,2023.0,2023.0,5.64,5.64,0.0,5.64,5.64,0.0,Not Suitable,0,1,0,0,0,1,0,0,Other enzymes,Non-human,Q63921,1,1
CHEMBL4072,Cathepsin B,Homo sapiens,1,1,Ki,Ki,1,1,1.0,1,1,2012.0,2012.0,6.85,6.85,0.0,6.85,6.85,0.0,Not Suitable,0,1,0,0,0,1,0,0,Proteases,Human,Q96D87,1,1
CHEMBL4105924,ELAV-like protein 3,Homo sapiens,1,1,IC50,IC50,1,1,1.0,1,1,2017.0,2017.0,6.22,6.22,0.0,6.22,6.22,0.0,Not Suitable,0,1,0,0,0,1,0,0,Other/unclassified,Human,Q96QS9,1,1
CHEMBL4109,"Glutamate receptor ionotropic, NMDA 2C",Homo sapiens,1,1,IC50,IC50,1,1,1.0,1,1,2018.0,2018.0,4.17,4.17,0.0,4.17,4.17,0.0,Not Suitable,0,1,0,0,0,1,0,0,Ion channels and transporters,Human,Q14957,1,1
CHEMBL4128,Angiopoietin-1 receptor,Homo sapiens,1,1,IC50,IC50,1,1,1.0,1,1,2012.0,2012.0,6.58,6.58,0.0,6.58,6.58,0.0,Not Suitable,0,1,0,0,0,1,0,0,Other/unclassified,Human,Q8IV34,1,1
CHEMBL4153,Sigma non-opioid intracellular receptor 1,Cavia porcellus,1,1,Ki,Ki,1,1,1.0,1,1,2014.0,2014.0,6.63,6.63,0.0,6.63,6.63,0.0,Not Suitable,0,1,0,0,0,1,0,0,G protein-coupled receptors,Non-human,Q60492,1,1
CHEMBL4225,Dual specificity protein kinase CLK2,Homo sapiens,1,1,IC50,IC50,1,1,1.0,1,1,2023.0,2023.0,6.15,6.15,0.0,6.15,6.15,0.0,Not Suitable,0,1,0,0,0,1,0,0,Kinases,Human,Q96CQ0,1,1
CHEMBL4282,RAC-alpha serine/threonine-protein kinase,Homo sapiens,1,1,IC50,IC50,1,1,1.0,1,1,2012.0,2012.0,5.48,5.48,0.0,5.48,5.48,0.0,Not Suitable,0,1,0,0,0,1,0,0,Kinases,Human,P31749,1,1
CHEMBL4295757,"Stress-70 protein, mitochondrial",Homo sapiens,1,1,IC50,IC50,1,1,1.0,1,1,2023.0,2023.0,4.87,4.87,0.0,4.87,4.87,0.0,Not Suitable,0,1,0,0,0,1,0,0,Other/unclassified,Human,Q9UC56,1,1
CHEMBL4296326,Anthrax toxin receptor 2,Homo sapiens,1,1,IC50,IC50,1,1,1.0,1,1,2012.0,2012.0,6.3,6.3,0.0,6.3,6.3,0.0,Not Suitable,0,1,0,0,0,1,0,0,Other/unclassified,Human,Q96NC7,1,1
CHEMBL4362,Tyrosine-protein kinase Fgr,Rattus norvegicus,1,1,IC50,IC50,1,1,1.0,1,1,2006.0,2006.0,5.03,5.03,0.0,5.03,5.03,0.0,Not Suitable,0,1,0,0,0,1,0,0,Kinases,Non-human,Q6P6U0,1,1
CHEMBL4363,Tyrosine-protein kinase Lyn,Rattus norvegicus,1,1,IC50,IC50,1,1,1.0,1,1,2006.0,2006.0,5.54,5.54,0.0,5.54,5.54,0.0,Not Suitable,0,1,0,0,0,1,0,0,Kinases,Non-human,Q63320,1,1
CHEMBL4364,Tyrosine-protein kinase SYK,Rattus norvegicus,1,1,IC50,IC50,1,1,1.0,1,1,2006.0,2006.0,5.37,5.37,0.0,5.37,5.37,0.0,Not Suitable,0,1,0,0,0,1,0,0,Kinases,Non-human,Q64725,1,1
CHEMBL4372,Lethal factor,Bacillus anthracis,1,1,Ki,Ki,1,1,1.0,1,1,2014.0,2014.0,6.24,6.24,0.0,6.24,6.24,0.0,Not Suitable,0,1,0,0,0,1,0,0,Other/unclassified,Non-human,Q933F6,1,1
CHEMBL4394,Sphingosine kinase 1,Homo sapiens,1,1,IC50,IC50,1,1,1.0,1,1,2021.0,2021.0,6.13,6.13,0.0,6.13,6.13,0.0,Not Suitable,0,1,0,0,0,1,0,0,Kinases,Human,Q9NYL3,1,1
CHEMBL4506,NAD-dependent protein deacetylase sirtuin-1,Homo sapiens,1,1,IC50,IC50,1,1,1.0,1,1,2009.0,2009.0,5.22,5.22,0.0,5.22,5.22,0.0,Not Suitable,0,1,0,0,0,1,0,0,Other enzymes,Human,Q9Y6F0,1,1
CHEMBL4510,Cysteine protease falcipain-3,Plasmodium falciparum,1,1,IC50,IC50,1,1,1.0,1,1,2004.0,2004.0,4.86,4.86,0.0,4.86,4.86,0.0,Not Suitable,0,1,0,0,0,1,0,0,Proteases,Non-human,Q9NBA7,1,1
CHEMBL4523,Serine/threonine-protein kinase pim-2,Homo sapiens,1,1,IC50,IC50,1,1,1.0,1,1,2023.0,2023.0,6.47,6.47,0.0,6.47,6.47,0.0,Not Suitable,0,1,0,0,0,1,0,0,Kinases,Human,Q9P1W9,1,1
CHEMBL4523282,Polypeptide N-acetylgalactosaminyltransferase 1,Homo sapiens,1,1,IC50,IC50,1,1,1.0,1,1,2019.0,2019.0,5.61,5.61,0.0,5.61,5.61,0.0,Not Suitable,0,1,0,0,0,1,0,0,Other enzymes,Human,Q9UM86,1,1
CHEMBL4523291,Polypeptide N-acetylgalactosaminyltransferase 3,Homo sapiens,1,1,IC50,IC50,1,1,1.0,1,1,2019.0,2019.0,5.79,5.79,0.0,5.79,5.79,0.0,Not Suitable,0,1,0,0,0,1,0,0,Other enzymes,Human,Q7Z476,1,1
CHEMBL4523371,Polypeptide N-acetylgalactosaminyltransferase 10,Homo sapiens,1,1,IC50,IC50,1,1,1.0,1,1,2019.0,2019.0,6.48,6.48,0.0,6.48,6.48,0.0,Not Suitable,0,1,0,0,0,1,0,0,Other enzymes,Human,Q9Y4M4,1,1
CHEMBL4523392,Polypeptide N-acetylgalactosaminyltransferase 13,Homo sapiens,1,1,IC50,IC50,1,1,1.0,1,1,2019.0,2019.0,4.86,4.86,0.0,4.86,4.86,0.0,Not Suitable,0,1,0,0,0,1,0,0,Other enzymes,Human,Q9UIE5,1,1
CHEMBL4523400,Polypeptide N-acetylgalactosaminyltransferase 6,Homo sapiens,1,1,IC50,IC50,1,1,1.0,1,1,2019.0,2019.0,5.74,5.74,0.0,5.74,5.74,0.0,Not Suitable,0,1,0,0,0,1,0,0,Other enzymes,Human,Q9UIV5,1,1
CHEMBL4523427,Polypeptide N-acetylgalactosaminyltransferase 14,Homo sapiens,1,1,IC50,IC50,1,1,1.0,1,1,2019.0,2019.0,6.34,6.34,0.0,6.34,6.34,0.0,Not Suitable,0,1,0,0,0,1,0,0,Other enzymes,Human,Q9H9J8,1,1
CHEMBL4523923,Probable G-protein coupled receptor 27,Homo sapiens,1,1,EC50,EC50,1,1,1.0,1,1,2021.0,2021.0,5.11,5.11,0.0,5.11,5.11,0.0,Not Suitable,0,1,0,0,0,1,0,0,G protein-coupled receptors,Human,Q9NS67,1,1
CHEMBL4524025,Translin-associated protein X,Homo sapiens,1,1,IC50,IC50,1,1,1.0,1,1,2016.0,2016.0,5.46,5.46,0.0,5.46,5.46,0.0,Not Suitable,0,1,0,0,0,1,0,0,Other/unclassified,Human,Q99598,1,1
CHEMBL4550,Arachidonate 5-lipoxygenase-activating protein,Homo sapiens,1,1,Kd,Kd,1,1,1.0,1,1,2017.0,2017.0,4.68,4.68,0.0,4.68,4.68,0.0,Not Suitable,0,1,0,0,0,1,0,0,Other enzymes,Human,Q5VV04,1,1
CHEMBL4588,Neutrophil collagenase,Homo sapiens,1,1,Ki,Ki,1,1,1.0,1,1,1999.0,1999.0,7.77,7.77,0.0,7.77,7.77,0.0,Not Suitable,0,1,0,0,0,1,0,0,Proteases,Human,Q45F99,1,1
CHEMBL4630869,Collagenase ColH,Hathewaya histolytica,1,1,IC50,IC50,1,1,1.0,1,1,2022.0,2022.0,7.62,7.62,0.0,7.62,7.62,0.0,Not Suitable,0,1,0,0,0,1,0,0,Proteases,Non-human,Q46085,1,1
CHEMBL4669,Histone acetyltransferase GCN5,Saccharomyces cerevisiae S288c,1,1,IC50,IC50,1,1,1.0,1,1,2015.0,2015.0,5.96,5.96,0.0,5.96,5.96,0.0,Not Suitable,0,1,0,0,0,1,0,0,Other enzymes,Non-human,Q6B165,1,1
CHEMBL4680034,5'-nucleotidase,Mus musculus,1,1,IC50,IC50,1,1,1.0,1,1,2021.0,2021.0,7.4,7.4,0.0,7.4,7.4,0.0,Not Suitable,0,1,0,0,0,1,0,0,Other/unclassified,Non-human,Q61503,1,1
CHEMBL4698,"Malonyl-CoA decarboxylase, mitochondrial",Homo sapiens,1,1,IC50,IC50,1,1,1.0,1,1,2010.0,2010.0,8.17,8.17,0.0,8.17,8.17,0.0,Not Suitable,0,1,0,0,0,1,0,0,Other/unclassified,Human,Q9Y3F2,1,1
CHEMBL4703,Serine/threonine-protein phosphatase 2A catalytic subunit alpha isoform,Homo sapiens,1,1,IC50,IC50,1,1,1.0,1,1,2020.0,2020.0,6.7,6.7,0.0,6.7,6.7,0.0,Not Suitable,0,1,0,0,0,1,0,0,Other enzymes,Human,P67775,1,1
CHEMBL4722,Aurora kinase A,Homo sapiens,1,1,IC50,IC50,1,1,1.0,1,1,2012.0,2012.0,5.61,5.61,0.0,5.61,5.61,0.0,Not Suitable,0,1,0,0,0,1,0,0,Kinases,Human,O14965,1,1
CHEMBL4739681,Ectonucleoside triphosphate diphosphohydrolase 1,Mus musculus,1,1,IC50,IC50,1,1,1.0,1,1,2021.0,2021.0,6.3,6.3,0.0,6.3,6.3,0.0,Not Suitable,0,1,0,0,0,1,0,0,Other enzymes,Non-human,P55772,1,1
CHEMBL4766,"[Pyruvate dehydrogenase (acetyl-transferring)] kinase isozyme 1, mitochondrial",Homo sapiens,1,1,IC50,IC50,1,1,1.0,1,1,2017.0,2017.0,5.53,5.53,0.0,5.53,5.53,0.0,Not Suitable,0,1,0,0,0,1,0,0,Kinases,Human,Q308M4,1,1
CHEMBL4801,Caspase-1,Homo sapiens,1,1,IC50,IC50,1,1,1.0,1,1,2000.0,2000.0,7.77,7.77,0.0,7.77,7.77,0.0,Not Suitable,0,1,0,0,0,1,0,0,Proteases,Human,Q9UCN3,1,1
CHEMBL4837,Type 1 fimbrin D-mannose specific adhesin,Escherichia coli K-12,1,1,Kd,Kd,1,1,1.0,1,1,2014.0,2014.0,7.7,7.7,0.0,7.7,7.7,0.0,Not Suitable,0,1,0,0,0,1,0,0,Other/unclassified,Non-human,Q2M5Z3,1,1
CHEMBL4899,Mitogen-activated protein kinase kinase kinase 8,Homo sapiens,1,1,IC50,IC50,1,1,1.0,1,1,2012.0,2012.0,5.62,5.62,0.0,5.62,5.62,0.0,Not Suitable,0,1,0,0,0,1,0,0,Kinases,Human,Q9HC81,1,1
CHEMBL4948,Dual specificity mitogen-activated protein kinase kinase 5,Homo sapiens,1,1,Kd,Kd,1,1,1.0,1,1,2017.0,2017.0,5.7,5.7,0.0,5.7,5.7,0.0,Not Suitable,0,1,0,0,0,1,0,0,Kinases,Human,Q92962,1,1
CHEMBL4984,Tumor necrosis factor,Mus musculus,1,1,IC50,IC50,1,1,1.0,1,1,2018.0,2018.0,4.78,4.78,0.0,4.78,4.78,0.0,Not Suitable,0,1,0,0,0,1,0,0,Other/unclassified,Non-human,Q91VF3,1,1
CHEMBL5071,Prostaglandin D2 receptor 2,Homo sapiens,1,1,Ki,Ki,1,1,1.0,1,1,2012.0,2012.0,7.5,7.5,0.0,7.5,7.5,0.0,Not Suitable,0,1,0,0,0,1,0,0,G protein-coupled receptors,Human,Q9Y5Y4,1,1
CHEMBL5103,Polyamine deacetylase HDAC10,Homo sapiens,1,1,IC50,IC50,1,1,1.0,1,1,2014.0,2014.0,4.07,4.07,0.0,4.07,4.07,0.0,Not Suitable,0,1,0,0,0,1,0,0,Other enzymes,Human,Q9UGX2,1,1
CHEMBL5147,Ephrin type-B receptor 4,Homo sapiens,1,1,IC50,IC50,1,1,1.0,1,1,2012.0,2012.0,5.74,5.74,0.0,5.74,5.74,0.0,Not Suitable,0,1,0,0,0,1,0,0,Other/unclassified,Human,Q9BXP0,1,1
CHEMBL5279,Potassium voltage-gated channel subfamily A member 6,Homo sapiens,1,1,IC50,IC50,1,1,1.0,1,1,2017.0,2017.0,6.89,6.89,0.0,6.89,6.89,0.0,Not Suitable,0,1,0,0,0,1,0,0,Ion channels and transporters,Human,P17658,1,1
CHEMBL5362,Sortase A,Staphylococcus aureus,1,1,IC50,IC50,1,1,1.0,1,1,2021.0,2021.0,4.44,4.44,0.0,4.44,4.44,0.0,Not Suitable,0,1,0,0,0,1,0,0,Other/unclassified,Non-human,Q9S446,1,1
CHEMBL5391,DNA polymerase iota,Homo sapiens,1,1,IC50,IC50,1,1,1.0,1,1,2016.0,2016.0,7.21,7.21,0.0,7.21,7.21,0.0,Not Suitable,0,1,0,0,0,1,0,0,Other enzymes,Human,Q9UNA4,1,1
CHEMBL5393,Broad substrate specificity ATP-binding cassette transporter ABCG2,Homo sapiens,1,1,IC50,IC50,1,1,1.0,1,1,2022.0,2022.0,4.37,4.37,0.0,4.37,4.37,0.0,Not Suitable,0,1,0,0,0,1,0,0,Ion channels and transporters,Human,Q9UNQ0,1,1
CHEMBL5406,Histone-arginine methyltransferase CARM1,Homo sapiens,1,1,IC50,IC50,1,1,1.0,1,1,2012.0,2012.0,4.6,4.6,0.0,4.6,4.6,0.0,Not Suitable,0,1,0,0,0,1,0,0,Other enzymes,Human,Q86X55,1,1
CHEMBL5577,Galanin receptor type 2,Rattus norvegicus,1,1,Ki,Ki,1,1,1.0,1,1,2010.0,2010.0,4.47,4.47,0.0,4.47,4.47,0.0,Not Suitable,0,1,0,0,0,1,0,0,G protein-coupled receptors,Non-human,O08726,1,1
CHEMBL5619,DNA repair nuclease/redox regulator APEX1,Homo sapiens,1,1,IC50,IC50,1,1,1.0,1,1,2009.0,2009.0,5.1,5.1,0.0,5.1,5.1,0.0,Not Suitable,0,1,0,0,0,1,0,0,Other/unclassified,Human,Q99775,1,1
CHEMBL5685,Solute carrier family 22 member 1,Homo sapiens,1,1,IC50,IC50,1,1,1.0,1,1,2023.0,2023.0,4.42,4.42,0.0,4.42,4.42,0.0,Not Suitable,0,1,0,0,0,1,0,0,Ion channels and transporters,Human,Q9NQD4,1,1
CHEMBL5695,Intestinal-type alkaline phosphatase,Bos taurus,1,1,IC50,IC50,1,1,1.0,1,1,2018.0,2018.0,5.86,5.86,0.0,5.86,5.86,0.0,Not Suitable,0,1,0,0,0,1,0,0,Other enzymes,Non-human,Q28124,1,1
CHEMBL5722,Ectonucleoside triphosphate diphosphohydrolase 1,Homo sapiens,1,1,IC50,IC50,1,1,1.0,1,1,2018.0,2018.0,7.3,7.3,0.0,7.3,7.3,0.0,Not Suitable,0,1,0,0,0,1,0,0,Other enzymes,Human,Q9Y3Q9,1,1
CHEMBL5725151,"Pyruvate carboxylase, mitochondrial",Homo sapiens,1,1,IC50,IC50,1,1,1.0,1,1,2024.0,2024.0,7.14,7.14,0.0,7.14,7.14,0.0,Not Suitable,0,1,0,0,0,1,0,0,Other/unclassified,Human,Q16705,1,1
CHEMBL5784,NUAK family SNF1-like kinase 1,Homo sapiens,1,1,IC50,IC50,1,1,1.0,1,1,2012.0,2012.0,6.29,6.29,0.0,6.29,6.29,0.0,Not Suitable,0,1,0,0,0,1,0,0,Kinases,Human,Q96KA8,1,1
CHEMBL5800,Falcipain 2,Plasmodium falciparum,1,1,IC50,IC50,1,1,1.0,1,1,2004.0,2004.0,5.41,5.41,0.0,5.41,5.41,0.0,Not Suitable,0,1,0,0,0,1,0,0,Other/unclassified,Non-human,Q9N6S8,1,1
CHEMBL5848,"Oligo-1,6-glucosidase IMA1",Saccharomyces cerevisiae S288c,1,1,IC50,IC50,1,1,1.0,1,1,2013.0,2013.0,4.21,4.21,0.0,4.21,4.21,0.0,Not Suitable,0,1,0,0,0,1,0,0,Other/unclassified,Non-human,Q76CZ0,1,1
CHEMBL5977,Galectin-2,Homo sapiens,1,1,Kd,Kd,1,1,1.0,1,1,2016.0,2016.0,5.16,5.16,0.0,5.16,5.16,0.0,Not Suitable,0,1,0,0,0,1,0,0,Other/unclassified,Human,Q6FGY4,1,1
CHEMBL6003,Testis-specific serine/threonine-protein kinase 1,Homo sapiens,1,1,IC50,IC50,1,1,1.0,1,1,2009.0,2009.0,4.41,4.41,0.0,4.41,4.41,0.0,Not Suitable,0,1,0,0,0,1,0,0,Kinases,Human,Q9BXA7,1,1
CHEMBL6020,Bile salt export pump,Homo sapiens,1,1,IC50,IC50,1,1,1.0,1,1,2012.0,2012.0,4.4,4.4,0.0,4.4,4.4,0.0,Not Suitable,0,1,0,0,0,1,0,0,Other/unclassified,Human,Q9UNB2,1,1
CHEMBL6086,ATP phosphoribosyltransferase,Mycobacterium tuberculosis,1,1,Ki,Ki,1,1,1.0,1,1,2008.0,2008.0,4.22,4.22,0.0,4.22,4.22,0.0,Not Suitable,0,1,0,0,0,1,0,0,Other enzymes,Non-human,P9WMN1,1,1
CHEMBL6100,Autoinducer 2-binding periplasmic protein LuxP,Vibrio harveyi,1,1,IC50,IC50,1,1,1.0,1,1,2008.0,2008.0,4.92,4.92,0.0,4.92,4.92,0.0,Not Suitable,0,1,0,0,0,1,0,0,Other/unclassified,Non-human,P54300,1,1
CHEMBL6135,Neuraminidase,Influenza A virus,1,1,IC50,IC50,1,1,1.0,1,1,2017.0,2017.0,4.42,4.42,0.0,4.42,4.42,0.0,Not Suitable,0,1,0,0,0,1,0,0,Other/unclassified,Non-human,B4URF0,1,1
CHEMBL1075145,Transitional endoplasmic reticulum ATPase,Homo sapiens,1,1,IC50,IC50,1,1,1.0,0,0,,,4.68,4.68,0.0,4.68,4.68,0.0,Not Suitable,0,1,0,0,0,1,0,0,Other/unclassified,Human,P55072,1,1
CHEMBL1075189,Pyruvate kinase PKM,Homo sapiens,1,1,IC50,IC50,1,1,1.0,0,0,2014.0,2014.0,4.16,4.16,0.0,4.16,4.16,0.0,Not Suitable,0,1,0,0,0,1,0,0,Kinases,Human,Q9UPF2,1,1
CHEMBL1275223,Heat shock cognate 71 kDa protein,Homo sapiens,1,1,IC50,IC50,1,1,1.0,0,0,,,4.0,4.0,0.0,4.0,4.0,0.0,Not Suitable,0,1,0,0,0,1,0,0,Other/unclassified,Human,Q9H3R6,1,1
CHEMBL1293239,Bcl-2-related protein A1,Mus musculus,1,1,IC50,IC50,1,1,1.0,0,0,,,6.26,6.26,0.0,6.26,6.26,0.0,Not Suitable,0,1,0,0,0,1,0,0,Other/unclassified,Non-human,Q07440,1,1
CHEMBL1293243,Mucolipin-3,Homo sapiens,1,1,EC50,EC50,1,1,1.0,0,0,,,5.34,5.34,0.0,5.34,5.34,0.0,Not Suitable,0,1,0,0,0,1,0,0,Other/unclassified,Human,Q9NV09,1,1
CHEMBL1293258,Mothers against decapentaplegic homolog 3,Homo sapiens,1,1,IC50,IC50,1,1,1.0,0,0,,,6.85,6.85,0.0,6.85,6.85,0.0,Not Suitable,0,1,0,0,0,1,0,0,Other/unclassified,Human,P84022,1,1
CHEMBL1293269,NS3,Hepatitis C virus,1,1,IC50,IC50,1,1,1.0,0,0,,,5.64,5.64,0.0,5.64,5.64,0.0,Not Suitable,0,1,0,0,0,1,0,0,Other/unclassified,Non-human,A3EZJ3,1,1
CHEMBL1293281,Epstein-Barr nuclear antigen 1,Epstein-Barr virus (strain B95-8) (HHV-4) (Human herpesvirus 4),1,1,IC50,IC50,1,1,1.0,0,0,,,5.28,5.28,0.0,5.28,5.28,0.0,Not Suitable,0,1,0,0,0,1,0,0,Other/unclassified,Non-human,Q777E1,1,1
CHEMBL1293287,Insulin-degrading enzyme,Homo sapiens,1,1,IC50,IC50,1,1,1.0,0,0,,,5.37,5.37,0.0,5.37,5.37,0.0,Not Suitable,0,1,0,0,0,1,0,0,Other/unclassified,Human,Q5T5N2,1,1
CHEMBL1293293,Neuropeptides B/W receptor type 1,Homo sapiens,1,1,IC50,IC50,1,1,1.0,0,0,,,4.53,4.53,0.0,4.53,4.53,0.0,Not Suitable,0,1,0,0,0,1,0,0,Other/unclassified,Human,Q6NTC7,1,1
CHEMBL1293296,14-3-3 protein gamma,Homo sapiens,1,1,IC50,IC50,1,1,1.0,0,0,,,4.34,4.34,0.0,4.34,4.34,0.0,Not Suitable,0,1,0,0,0,1,0,0,Other/unclassified,Human,Q9UN99,1,1
CHEMBL1293297,Bifunctional protein GlmU,Mycobacterium tuberculosis,1,1,IC50,IC50,1,1,1.0,0,0,,,4.26,4.26,0.0,4.26,4.26,0.0,Not Suitable,0,1,0,0,0,1,0,0,Other/unclassified,Non-human,Q7D8Z8,1,1
CHEMBL1293308,Likely tRNA 2'-phosphotransferase,Candida albicans (strain SC5314 / ATCC MYA-2876) (Yeast),1,1,IC50,IC50,1,1,1.0,0,0,,,6.27,6.27,0.0,6.27,6.27,0.0,Not Suitable,0,1,0,0,0,1,0,0,Other enzymes,Non-human,Q5A7N4,1,1
CHEMBL1741172,Large ribosomal subunit protein eL19A,Saccharomyces cerevisiae S288c,1,1,EC50,EC50,1,1,1.0,0,0,,,5.95,5.95,0.0,5.95,5.95,0.0,Not Suitable,0,1,0,0,0,1,0,0,Other/unclassified,Non-human,P0CX82,1,1
CHEMBL1741176,X-box-binding protein 1,Homo sapiens,1,1,IC50,IC50,1,1,1.0,0,0,,,6.8,6.8,0.0,6.8,6.8,0.0,Not Suitable,0,1,0,0,0,1,0,0,Other/unclassified,Human,Q96BD7,1,1
CHEMBL1741186,Nuclear receptor ROR-gamma,Homo sapiens,1,1,EC50,EC50,1,1,1.0,0,0,2017.0,2017.0,5.8,5.8,0.0,5.8,5.8,0.0,Not Suitable,0,1,0,0,0,1,0,0,Nuclear receptors,Human,P51449,1,1
CHEMBL1741203,Scavenger receptor class B member 1,Mus musculus,1,1,AC50,AC50,1,1,1.0,0,0,,,4.3,4.3,0.0,4.3,4.3,0.0,Not Suitable,0,1,0,0,0,1,0,0,Other/unclassified,Non-human,Q9CWJ7,1,1
CHEMBL1772932,Mitotic checkpoint serine/threonine-protein kinase BUB1,Homo sapiens,1,1,IC50,IC50,1,1,1.0,0,0,2019.0,2019.0,7.54,7.54,0.0,7.54,7.54,0.0,Not Suitable,0,1,0,0,0,1,0,0,Kinases,Human,Q53QE4,1,1
CHEMBL1993,DNA (cytosine-5)-methyltransferase 1,Homo sapiens,1,1,IC50,IC50,1,1,1.0,0,0,,,5.12,5.12,0.0,5.12,5.12,0.0,Not Suitable,0,1,0,0,0,1,0,0,Other enzymes,Human,Q9UMZ6,1,1
CHEMBL2007625,Isocitrate dehydrogenase [NADP] cytoplasmic,Homo sapiens,1,1,IC50,IC50,1,1,1.0,0,0,2017.0,2017.0,6.26,6.26,0.0,6.26,6.26,0.0,Not Suitable,0,1,0,0,0,1,0,0,Other enzymes,Human,Q9UKW8,1,1
CHEMBL2079849,Serine protease hepsin,Homo sapiens,1,1,IC50,IC50,1,1,1.0,0,0,2015.0,2015.0,6.01,6.01,0.0,6.01,6.01,0.0,Not Suitable,0,1,0,0,0,1,0,0,Proteases,Human,P05981,1,1
CHEMBL2146304,DNA damage-inducible transcript 3 protein,Mus musculus,1,1,IC50,IC50,1,1,1.0,0,0,,,6.8,6.8,0.0,6.8,6.8,0.0,Not Suitable,0,1,0,0,0,1,0,0,Other/unclassified,Non-human,Q91YW9,1,1
CHEMBL2369,Small conductance calcium-activated potassium channel protein 1,Homo sapiens,1,1,EC50,EC50,1,1,1.0,0,0,2006.0,2006.0,5.3,5.3,0.0,5.3,5.3,0.0,Not Suitable,0,1,0,0,0,1,0,0,Ion channels and transporters,Human,Q92952,1,1
CHEMBL2424510,E3 ubiquitin-protein ligase UHRF1,Homo sapiens,1,1,IC50,IC50,1,1,1.0,0,0,,,4.57,4.57,0.0,4.57,4.57,0.0,Not Suitable,0,1,0,0,0,1,0,0,Other enzymes,Human,Q9P1U7,1,1
CHEMBL2773,Potassium voltage-gated channel subfamily A member 7,Homo sapiens,1,1,EC50,EC50,1,1,1.0,0,0,2006.0,2006.0,7.01,7.01,0.0,7.01,7.01,0.0,Not Suitable,0,1,0,0,0,1,0,0,Ion channels and transporters,Human,Q9BYS4,1,1
CHEMBL2971,Tyrosine-protein kinase JAK2,Homo sapiens,1,1,IC50,IC50,1,1,1.0,0,0,,,5.07,5.07,0.0,5.07,5.07,0.0,Not Suitable,0,1,0,0,0,1,0,0,Kinases,Human,O60674,1,1
CHEMBL3714706,Transient receptor potential cation channel subfamily M member 7,Mus musculus,1,1,IC50,IC50,1,1,1.0,0,0,2012.0,2012.0,6.02,6.02,0.0,6.02,6.02,0.0,Not Suitable,0,1,0,0,0,1,0,0,Ion channels and transporters,Non-human,Q9JLQ1,1,1
CHEMBL3988613,Protein-glutamine gamma-glutamyltransferase 2,Cavia cutleri,1,1,IC50,IC50,1,1,1.0,0,0,2015.0,2015.0,4.32,4.32,0.0,4.32,4.32,0.0,Not Suitable,0,1,0,0,0,1,0,0,Other enzymes,Non-human,P08587,1,1
CHEMBL3988623,Thyrotropin releasing hormone degrading enzyme,Sus scrofa,1,1,Ki,Ki,1,1,1.0,0,0,2010.0,2010.0,6.39,6.39,0.0,6.39,6.39,0.0,Not Suitable,0,1,0,0,0,1,0,0,Other/unclassified,Non-human,F1SH20,1,1
CHEMBL4018,Neuropeptide Y receptor type 2,Homo sapiens,1,1,IC50,IC50,1,1,1.0,0,0,,,5.3,5.3,0.0,5.3,5.3,0.0,Not Suitable,0,1,0,0,0,1,0,0,G protein-coupled receptors,Human,Q9UE67,1,1
CHEMBL4040,Mitogen-activated protein kinase 1,Homo sapiens,1,1,IC50,IC50,1,1,1.0,0,0,,,5.35,5.35,0.0,5.35,5.35,0.0,Not Suitable,0,1,0,0,0,1,0,0,Kinases,Human,P28482,1,1
CHEMBL4203,Dual specificity protein kinase CLK4,Homo sapiens,1,1,Ki,Ki,1,1,1.0,0,0,,,5.9,5.9,0.0,5.9,5.9,0.0,Not Suitable,0,1,0,0,0,1,0,0,Kinases,Human,Q9HAZ1,1,1
CHEMBL4304,Calcium-activated potassium channel subunit alpha-1,Homo sapiens,1,1,EC50,EC50,1,1,1.0,0,0,2006.0,2006.0,5.82,5.82,0.0,5.82,5.82,0.0,Not Suitable,0,1,0,0,0,1,0,0,Ion channels and transporters,Human,Q9UQK6,1,1
CHEMBL4469,Small conductance calcium-activated potassium channel protein 2,Homo sapiens,1,1,EC50,EC50,1,1,1.0,0,0,2006.0,2006.0,5.3,5.3,0.0,5.3,5.3,0.0,Not Suitable,0,1,0,0,0,1,0,0,Ion channels and transporters,Human,Q9H2S1,1,1
CHEMBL4553,Thyrotropin-releasing hormone receptor,Rattus norvegicus,1,1,Ki,Ki,1,1,1.0,0,0,2010.0,2010.0,4.32,4.32,0.0,4.32,4.32,0.0,Not Suitable,0,1,0,0,0,1,0,0,Other/unclassified,Non-human,Q63949,1,1
CHEMBL4777,Neuropeptide Y receptor type 1,Homo sapiens,1,1,IC50,IC50,1,1,1.0,0,0,,,5.23,5.23,0.0,5.23,5.23,0.0,Not Suitable,0,1,0,0,0,1,0,0,G protein-coupled receptors,Human,P25929,1,1
CHEMBL5792,Cytochrome P450 3A43,Homo sapiens,1,1,IC50,IC50,1,1,1.0,0,0,2022.0,2022.0,5.03,5.03,0.0,5.03,5.03,0.0,Not Suitable,0,1,0,0,0,1,0,0,Cytochrome P450s,Human,Q9HB57,1,1
CHEMBL5872,G-protein coupled estrogen receptor 1,Homo sapiens,1,1,IC50,IC50,1,1,1.0,0,0,2018.0,2018.0,8.61,8.61,0.0,8.61,8.61,0.0,Not Suitable,0,1,0,0,0,1,0,0,Nuclear receptors,Human,Q99981,1,1
CHEMBL6144,G protein-coupled receptor kinase 6,Homo sapiens,2,1,IC50,IC50,2,1,1.0,0,0,2014.0,2019.0,5.14,5.14,0.0,5.14,5.14,0.0,Not Suitable,0,1,0,0,0,1,0,0,Kinases,Human,Q13652,1,1
CHEMBL6166,Mitogen-activated protein kinase kinase kinase kinase 4,Homo sapiens,1,1,Ki,Ki,1,1,1.0,0,0,,,5.3,5.3,0.0,5.3,5.3,0.0,Not Suitable,0,1,0,0,0,1,0,0,Kinases,Human,Q9NST7,1,1
CHEMBL5347,Glucose-6-phosphate 1-dehydrogenase,Homo sapiens,6,1,IC50; Kd; Ki,Ki,4,1,0.6666666666666666,1,1,2021.0,2021.0,5.0,5.92,0.92,5.0,5.92,0.92,Not Suitable,0,0,0,0,0,1,0,0,Other enzymes,Human,Q96PQ2,0,1
CHEMBL5933,NAD-dependent protein deacetylase HST2,Saccharomyces cerevisiae S288c,3,1,IC50; Ki,Ki,2,1,0.6666666666666666,1,1,2009.0,2009.0,5.19,5.92,0.7299999999999995,5.2,5.92,0.7199999999999998,Not Suitable,0,0,0,0,0,1,0,0,Other enzymes,Non-human,P53686,0,1
CHEMBL4894,Galanin receptor type 1,Homo sapiens,2,1,Kd; Ki,Ki,1,1,0.5,2,1,2008.0,2010.0,4.92,4.93,0.0099999999999997,4.93,4.93,0.0,Not Suitable,0,0,0,0,0,0,0,0,G protein-coupled receptors,Human,Q4VBL7,0,0
CHEMBL1697668,Solute carrier organic anion transporter family member 1B1,Homo sapiens,2,1,IC50; Ki,Ki,1,1,0.5,1,1,2013.0,2013.0,5.97,6.23,0.2600000000000007,6.23,6.23,0.0,Not Suitable,0,0,0,0,0,0,0,0,Ion channels and transporters,Human,Q9Y6L6,0,0
CHEMBL1743121,Solute carrier organic anion transporter family member 1B3,Homo sapiens,2,1,IC50; Ki,Ki,1,1,0.5,1,1,2013.0,2013.0,6.13,6.25,0.1200000000000001,6.25,6.25,0.0,Not Suitable,0,0,0,0,0,0,0,0,Ion channels and transporters,Human,Q9NPD5,0,0
CHEMBL2193,Arylsulfatase A,Homo sapiens,2,1,IC50; Kd,IC50,1,1,0.5,1,1,2021.0,2021.0,4.68,4.88,0.2000000000000001,4.88,4.88,0.0,Not Suitable,0,0,0,0,0,0,0,0,Other enzymes,Human,Q96CJ0,0,0
CHEMBL2331053,"6-phosphofructo-2-kinase/fructose-2,6-bisphosphatase 3",Homo sapiens,2,1,IC50; Ki,Ki,1,1,0.5,1,1,2020.0,2020.0,6.74,7.03,0.29,7.03,7.03,0.0,Not Suitable,0,0,0,0,0,0,0,0,Kinases,Human,Q5VX19,0,0
CHEMBL3268,Phosphatidylinositol 4-kinase beta,Homo sapiens,2,1,IC50; Kd,Kd,1,1,0.5,1,1,2017.0,2017.0,7.12,7.68,0.5599999999999996,7.68,7.68,0.0,Not Suitable,0,0,0,0,0,0,0,0,Kinases,Human,Q9UBF8,0,0
CHEMBL3542436,Cytochrome P450 2A13,Homo sapiens,2,1,Kd; Ki,Ki,1,1,0.5,1,1,2012.0,2012.0,5.8,7.4,1.6000000000000003,7.4,7.4,0.0,Not Suitable,0,0,0,0,0,0,0,0,Cytochrome P450s,Human,Q9H2X2,0,0
CHEMBL4305,Intermediate conductance calcium-activated potassium channel protein 4,Homo sapiens,2,1,EC50; IC50,IC50,1,1,0.5,1,1,2006.0,2009.0,5.0,5.0,0.0,5.0,5.0,0.0,Not Suitable,0,0,0,0,0,0,0,0,Ion channels and transporters,Human,Q53XR4,0,0
CHEMBL4461,"NAD-dependent protein deacetylase sirtuin-3, mitochondrial",Homo sapiens,2,1,IC50; Kd,Kd,1,1,0.5,1,1,2024.0,2024.0,4.12,5.41,1.29,5.41,5.41,0.0,Not Suitable,0,0,0,0,0,0,0,0,Other enzymes,Human,Q9Y6E8,0,0
CHEMBL4630859,Sialin,Homo sapiens,2,1,IC50; Ki,IC50,1,1,0.5,1,1,2020.0,2020.0,5.11,5.62,0.5099999999999998,5.62,5.62,0.0,Not Suitable,0,0,0,0,0,0,0,0,Other/unclassified,Human,Q9UGH0,0,0
CHEMBL5485,D-amino-acid oxidase,Homo sapiens,10,1,IC50; Kd; Ki,Ki,4,1,0.4,2,2,2013.0,2013.0,5.2,7.89,2.6899999999999995,5.43,7.89,2.46,Not Suitable,0,0,0,0,0,0,1,0,Other enzymes,Human,Q8N6R2,0,1
