compound_id,chembl_target_degree,family_aware_degree,target_family_list,target_chembl_id_list,high_family_degree_flag
CHEMBL6246,71,8,Carbonic anhydrases; G protein-coupled receptors; Ion channels and transporters; Kinases; Monoamine oxidases; Other enzymes; Other/unclassified; Proteases,CHEMBL1075126; CHEMBL1275223; CHEMBL1293258; CHEMBL1293267; CHEMBL1293308; CHEMBL1641347; CHEMBL1697656; CHEMBL1741221; CHEMBL1824; CHEMBL1900; CHEMBL1913; CHEMBL1951; CHEMBL1955; CHEMBL1957; CHEMBL1981; CHEMBL1991; CHEMBL203; CHEMBL205; CHEMBL2085; CHEMBL2185; CHEMBL2186; CHEMBL2326; CHEMBL2409; CHEMBL2487; CHEMBL261; CHEMBL262; CHEMBL2622; CHEMBL267; CHEMBL2695; CHEMBL2755; CHEMBL279; CHEMBL2885; CHEMBL3024; CHEMBL3025; CHEMBL3242; CHEMBL3471; CHEMBL3510; CHEMBL3563; CHEMBL3594; CHEMBL3629; CHEMBL3713355; CHEMBL3717; CHEMBL3729; CHEMBL3788; CHEMBL3902; CHEMBL3912; CHEMBL3969; CHEMBL4105924; CHEMBL4128; CHEMBL4241; CHEMBL4282; CHEMBL4362; CHEMBL4363; CHEMBL4364; CHEMBL4394; CHEMBL4524025; CHEMBL4680034; CHEMBL4722; CHEMBL4739681; CHEMBL4789; CHEMBL4822; CHEMBL4899; CHEMBL5145; CHEMBL5147; CHEMBL5391; CHEMBL5406; CHEMBL5460; CHEMBL5511; CHEMBL5542; CHEMBL5784; CHEMBL5957,1
CHEMBL71851,12,6,Carbonic anhydrases; Cholinesterases; Cytochrome P450s; Other enzymes; Other/unclassified; Proteases,CHEMBL1741189; CHEMBL1900; CHEMBL2326; CHEMBL261; CHEMBL3242; CHEMBL3356; CHEMBL3594; CHEMBL3912; CHEMBL4078; CHEMBL4358; CHEMBL4361; CHEMBL5939,1
CHEMBL12208,10,6,Carbonic anhydrases; Cytochrome P450s; Kinases; Monoamine oxidases; Other enzymes; Other/unclassified,CHEMBL1287617; CHEMBL1900; CHEMBL2039; CHEMBL2622; CHEMBL279; CHEMBL3242; CHEMBL3356; CHEMBL3594; CHEMBL4234; CHEMBL4361,1
CHEMBL24171,9,6,Cytochrome P450s; G protein-coupled receptors; Ion channels and transporters; Kinases; Monoamine oxidases; Nuclear receptors,CHEMBL1951; CHEMBL208; CHEMBL2086; CHEMBL2231; CHEMBL256; CHEMBL3356; CHEMBL4878; CHEMBL5282; CHEMBL5508,1
CHEMBL1466,15,5,Cytochrome P450s; G protein-coupled receptors; Kinases; Other enzymes; Other/unclassified,CHEMBL1293267; CHEMBL2150835; CHEMBL2232; CHEMBL2622; CHEMBL288; CHEMBL3091269; CHEMBL3356; CHEMBL3397; CHEMBL340; CHEMBL3622; CHEMBL3623; CHEMBL4040; CHEMBL4161; CHEMBL6020; CHEMBL6086,1
CHEMBL244743,12,5,Carbonic anhydrases; Cytochrome P450s; Other enzymes; Other/unclassified; Proteases,CHEMBL1900; CHEMBL1929; CHEMBL221; CHEMBL2275; CHEMBL3242; CHEMBL3356; CHEMBL340; CHEMBL3594; CHEMBL3774295; CHEMBL4361; CHEMBL5362; CHEMBL5939,1
CHEMBL416,11,5,Cholinesterases; Cytochrome P450s; Ion channels and transporters; Monoamine oxidases; Other enzymes,CHEMBL1951; CHEMBL220; CHEMBL238; CHEMBL254; CHEMBL289; CHEMBL3318; CHEMBL3356; CHEMBL340; CHEMBL3542436; CHEMBL3622; CHEMBL5282,1
CHEMBL108660,10,4,Cholinesterases; Monoamine oxidases; Other enzymes; Proteases,CHEMBL1075138; CHEMBL1741207; CHEMBL1741213; CHEMBL1741215; CHEMBL1951; CHEMBL2039; CHEMBL2334; CHEMBL2993; CHEMBL3358; CHEMBL5763,1
CHEMBL51628,8,4,Carbonic anhydrases; Other enzymes; Other/unclassified; Proteases,CHEMBL1293200; CHEMBL1900; CHEMBL261; CHEMBL3242; CHEMBL3594; CHEMBL4361; CHEMBL4586; CHEMBL5939,1
CHEMBL1531320,7,4,G protein-coupled receptors; Kinases; Nuclear receptors; Other enzymes,CHEMBL1293228; CHEMBL206; CHEMBL242; CHEMBL2955; CHEMBL3230; CHEMBL4333; CHEMBL5567,1
CHEMBL30707,6,4,Kinases; Nuclear receptors; Other enzymes; Other/unclassified,CHEMBL206; CHEMBL2074; CHEMBL242; CHEMBL3401; CHEMBL3629; CHEMBL6135,1
CHEMBL149463,5,4,Carbonic anhydrases; Cytochrome P450s; Monoamine oxidases; Other/unclassified,CHEMBL2039; CHEMBL3242; CHEMBL3356; CHEMBL3594; CHEMBL5957,1
CHEMBL164660,5,4,Cholinesterases; Cytochrome P450s; Monoamine oxidases; Other/unclassified,CHEMBL1951; CHEMBL220; CHEMBL3251; CHEMBL4078; CHEMBL5282,1
CHEMBL397420,5,4,G protein-coupled receptors; Ion channels and transporters; Nuclear receptors; Other enzymes,CHEMBL2034; CHEMBL229; CHEMBL240; CHEMBL3401; CHEMBL4042,1
CHEMBL1531512,4,4,Kinases; Nuclear receptors; Other/unclassified; Proteases,CHEMBL1293228; CHEMBL1795089; CHEMBL1795093; CHEMBL206,1
CHEMBL5082824,4,4,Cholinesterases; Cytochrome P450s; Monoamine oxidases; Other/unclassified,CHEMBL2039; CHEMBL220; CHEMBL3253; CHEMBL340,1
CHEMBL145781,16,3,Carbonic anhydrases; G protein-coupled receptors; Monoamine oxidases,CHEMBL1945; CHEMBL1951; CHEMBL2039; CHEMBL205; CHEMBL2186; CHEMBL2326; CHEMBL261; CHEMBL2885; CHEMBL2993; CHEMBL3025; CHEMBL3242; CHEMBL3358; CHEMBL3510; CHEMBL3594; CHEMBL3729; CHEMBL5973,1
CHEMBL83294,14,3,Carbonic anhydrases; G protein-coupled receptors; Monoamine oxidases,CHEMBL1293267; CHEMBL2039; CHEMBL2186; CHEMBL2326; CHEMBL261; CHEMBL2885; CHEMBL3025; CHEMBL3242; CHEMBL3510; CHEMBL3594; CHEMBL3729; CHEMBL3969; CHEMBL4789; CHEMBL5973,1
CHEMBL1078442,8,3,Cytochrome P450s; Other/unclassified; Proteases,CHEMBL1743542; CHEMBL3019; CHEMBL3335; CHEMBL340; CHEMBL4523582; CHEMBL4729; CHEMBL4822; CHEMBL5281,1
CHEMBL1578982,8,3,Cytochrome P450s; Other enzymes; Other/unclassified,CHEMBL1293246; CHEMBL1293282; CHEMBL1293302; CHEMBL3356; CHEMBL3397; CHEMBL340; CHEMBL3622; CHEMBL5804,1
CHEMBL390320,8,3,Carbonic anhydrases; Other enzymes; Other/unclassified,CHEMBL1900; CHEMBL2326; CHEMBL261; CHEMBL3242; CHEMBL3594; CHEMBL3912; CHEMBL4358; CHEMBL4361,1
CHEMBL325841,7,3,Carbonic anhydrases; Other enzymes; Other/unclassified,CHEMBL1293251; CHEMBL1900; CHEMBL1935; CHEMBL2275; CHEMBL3242; CHEMBL3594; CHEMBL4234,1
CHEMBL97453,7,3,Ion channels and transporters; Other enzymes; Other/unclassified,CHEMBL1667698; CHEMBL1743122; CHEMBL215; CHEMBL2189117; CHEMBL5347; CHEMBL5586; CHEMBL5685,1
CHEMBL1333737,6,3,G protein-coupled receptors; Other enzymes; Other/unclassified,CHEMBL1741180; CHEMBL1741194; CHEMBL1795086; CHEMBL227; CHEMBL3151; CHEMBL3880,1
CHEMBL1347829,6,3,Cytochrome P450s; Kinases; Nuclear receptors,CHEMBL206; CHEMBL289; CHEMBL3397; CHEMBL340; CHEMBL3622; CHEMBL5469,1
CHEMBL1494802,6,3,Cytochrome P450s; Other/unclassified; Proteases,CHEMBL1741221; CHEMBL3356; CHEMBL3397; CHEMBL340; CHEMBL3622; CHEMBL4426,1
CHEMBL1550032,6,3,Other enzymes; Other/unclassified; Proteases,CHEMBL1293266; CHEMBL1795098; CHEMBL2007628; CHEMBL2635; CHEMBL3308; CHEMBL3864,1
CHEMBL1566928,6,3,Cytochrome P450s; G protein-coupled receptors; Other/unclassified,CHEMBL2955; CHEMBL3356; CHEMBL3397; CHEMBL340; CHEMBL3622; CHEMBL5313,1
CHEMBL3586771,6,3,Cholinesterases; Cytochrome P450s; Monoamine oxidases,CHEMBL1914; CHEMBL1951; CHEMBL2039; CHEMBL220; CHEMBL340; CHEMBL5763,1
CHEMBL3939546,6,3,Cholinesterases; G protein-coupled receptors; Monoamine oxidases,CHEMBL226; CHEMBL251; CHEMBL256; CHEMBL2993; CHEMBL4078; CHEMBL5763,1
CHEMBL12253,5,3,Kinases; Other enzymes; Other/unclassified,CHEMBL1841; CHEMBL1900; CHEMBL258; CHEMBL2622; CHEMBL3663,1
CHEMBL1376200,5,3,Other enzymes; Other/unclassified; Proteases,CHEMBL2334; CHEMBL3308; CHEMBL3468; CHEMBL4361; CHEMBL5573,1
CHEMBL1475,5,3,Cytochrome P450s; G protein-coupled receptors; Monoamine oxidases,CHEMBL1951; CHEMBL225; CHEMBL251; CHEMBL3356; CHEMBL340,1
CHEMBL1501269,5,3,Nuclear receptors; Other/unclassified; Proteases,CHEMBL1293286; CHEMBL1293296; CHEMBL206; CHEMBL242; CHEMBL4117,1
CHEMBL244948,5,3,Cytochrome P450s; Kinases; Other/unclassified,CHEMBL203; CHEMBL3356; CHEMBL340; CHEMBL4361; CHEMBL6100,1
CHEMBL452751,5,3,Cytochrome P450s; Ion channels and transporters; Other enzymes,CHEMBL1741212; CHEMBL2231; CHEMBL3356; CHEMBL4302; CHEMBL4878,1
CHEMBL5083737,5,3,Cholinesterases; Cytochrome P450s; Monoamine oxidases,CHEMBL1951; CHEMBL2039; CHEMBL220; CHEMBL340; CHEMBL5763,1
CHEMBL5182136,5,3,Cholinesterases; Other enzymes; Proteases,CHEMBL1914; CHEMBL215; CHEMBL220; CHEMBL4822; CHEMBL6174,1
CHEMBL52229,5,3,Ion channels and transporters; Other enzymes; Other/unclassified,CHEMBL215; CHEMBL230; CHEMBL2949; CHEMBL4302; CHEMBL5661,1
CHEMBL53569,5,3,Cholinesterases; Monoamine oxidases; Other/unclassified,CHEMBL1951; CHEMBL2039; CHEMBL3251; CHEMBL3358; CHEMBL4078,1
CHEMBL560919,5,3,Kinases; Other enzymes; Other/unclassified,CHEMBL1293251; CHEMBL2758; CHEMBL2971; CHEMBL4361; CHEMBL5643,1
CHEMBL1381627,4,3,Nuclear receptors; Other enzymes; Other/unclassified,CHEMBL1293229; CHEMBL1293251; CHEMBL3108645; CHEMBL4361,1
CHEMBL1425421,4,3,Other enzymes; Other/unclassified; Proteases,CHEMBL1293246; CHEMBL1741221; CHEMBL4117; CHEMBL4426,1
CHEMBL1484327,4,3,Other enzymes; Other/unclassified; Proteases,CHEMBL1293246; CHEMBL5567; CHEMBL5804; CHEMBL5939,1
CHEMBL1603147,4,3,Kinases; Other enzymes; Other/unclassified,CHEMBL1293228; CHEMBL1293274; CHEMBL1293286; CHEMBL1795098,1
CHEMBL3326709,4,3,Cholinesterases; Other/unclassified; Proteases,CHEMBL1914; CHEMBL220; CHEMBL2487; CHEMBL4822,1
CHEMBL3327246,4,3,Cholinesterases; Other/unclassified; Proteases,CHEMBL1914; CHEMBL220; CHEMBL2487; CHEMBL4822,1
CHEMBL3327247,4,3,Cholinesterases; Other/unclassified; Proteases,CHEMBL1914; CHEMBL220; CHEMBL2487; CHEMBL4822,1
CHEMBL4464759,4,3,Cholinesterases; Monoamine oxidases; Other/unclassified,CHEMBL2039; CHEMBL220; CHEMBL3253; CHEMBL4078,1
CHEMBL5090153,4,3,Cholinesterases; Cytochrome P450s; Monoamine oxidases,CHEMBL2039; CHEMBL220; CHEMBL340; CHEMBL5763,1
CHEMBL1301731,3,3,Kinases; Other enzymes; Other/unclassified,CHEMBL1293246; CHEMBL267; CHEMBL5804,1
CHEMBL1325943,3,3,Cholinesterases; Monoamine oxidases; Other/unclassified,CHEMBL2039; CHEMBL220; CHEMBL5313,1
CHEMBL1392132,3,3,Other enzymes; Other/unclassified; Proteases,CHEMBL2085; CHEMBL4461; CHEMBL5939,1
CHEMBL1452114,3,3,G protein-coupled receptors; Other enzymes; Other/unclassified,CHEMBL1741171; CHEMBL1741192; CHEMBL4123,1
CHEMBL258939,3,3,G protein-coupled receptors; Kinases; Proteases,CHEMBL262; CHEMBL265; CHEMBL4822,1
CHEMBL272465,3,3,Other enzymes; Other/unclassified; Proteases,CHEMBL1293297; CHEMBL3108645; CHEMBL3308,1
CHEMBL307341,3,3,G protein-coupled receptors; Monoamine oxidases; Other enzymes,CHEMBL1945; CHEMBL2903; CHEMBL3681,1
CHEMBL350475,3,3,Cholinesterases; Monoamine oxidases; Other enzymes,CHEMBL1951; CHEMBL221; CHEMBL4078,1
CHEMBL453805,3,3,Cytochrome P450s; Ion channels and transporters; Proteases,CHEMBL4302; CHEMBL4822; CHEMBL4878,1
CHEMBL5081574,3,3,Cholinesterases; Cytochrome P450s; Monoamine oxidases,CHEMBL2039; CHEMBL220; CHEMBL340,1
CHEMBL589351,3,3,Kinases; Other enzymes; Other/unclassified,CHEMBL1293228; CHEMBL2085; CHEMBL5567,1
CHEMBL2387229,15,2,G protein-coupled receptors; Ion channels and transporters,CHEMBL214; CHEMBL217; CHEMBL224; CHEMBL225; CHEMBL229; CHEMBL231; CHEMBL234; CHEMBL240; CHEMBL273; CHEMBL3138; CHEMBL322; CHEMBL324; CHEMBL3371; CHEMBL339; CHEMBL3943,0
CHEMBL572366,15,2,Carbonic anhydrases; Other/unclassified,CHEMBL1293200; CHEMBL205; CHEMBL2186; CHEMBL2326; CHEMBL261; CHEMBL2885; CHEMBL3025; CHEMBL3242; CHEMBL3510; CHEMBL3594; CHEMBL3729; CHEMBL3912; CHEMBL3969; CHEMBL4789; CHEMBL5973,0
CHEMBL286738,14,2,Carbonic anhydrases; Other enzymes,CHEMBL1865; CHEMBL1978; CHEMBL205; CHEMBL2186; CHEMBL2326; CHEMBL261; CHEMBL3025; CHEMBL3242; CHEMBL3510; CHEMBL3559; CHEMBL3594; CHEMBL3729; CHEMBL3969; CHEMBL4789,0
CHEMBL12567,13,2,Carbonic anhydrases; Other enzymes,CHEMBL205; CHEMBL2186; CHEMBL2326; CHEMBL261; CHEMBL2622; CHEMBL2885; CHEMBL3242; CHEMBL3510; CHEMBL3594; CHEMBL3729; CHEMBL3969; CHEMBL4789; CHEMBL5973,0
CHEMBL577123,13,2,Carbonic anhydrases; Monoamine oxidases,CHEMBL2039; CHEMBL205; CHEMBL2186; CHEMBL2326; CHEMBL261; CHEMBL3025; CHEMBL3242; CHEMBL3510; CHEMBL3594; CHEMBL3729; CHEMBL3969; CHEMBL4789; CHEMBL5973,0
CHEMBL191528,12,2,Carbonic anhydrases; Cytochrome P450s,CHEMBL2186; CHEMBL2326; CHEMBL261; CHEMBL3025; CHEMBL3242; CHEMBL3356; CHEMBL3510; CHEMBL3594; CHEMBL3729; CHEMBL3969; CHEMBL4789; CHEMBL5973,0
CHEMBL49732,12,2,Carbonic anhydrases; Other enzymes,CHEMBL1900; CHEMBL2186; CHEMBL2326; CHEMBL261; CHEMBL2885; CHEMBL3025; CHEMBL3242; CHEMBL3510; CHEMBL3594; CHEMBL3729; CHEMBL4789; CHEMBL5973,0
CHEMBL568385,11,2,Carbonic anhydrases; Monoamine oxidases,CHEMBL2039; CHEMBL205; CHEMBL2186; CHEMBL2326; CHEMBL2885; CHEMBL3025; CHEMBL3242; CHEMBL3510; CHEMBL3594; CHEMBL3729; CHEMBL5973,0
CHEMBL5563085,9,2,Carbonic anhydrases; Monoamine oxidases,CHEMBL1951; CHEMBL2039; CHEMBL205; CHEMBL2326; CHEMBL261; CHEMBL3242; CHEMBL3729; CHEMBL3969; CHEMBL4789,0
CHEMBL5568690,9,2,Carbonic anhydrases; Monoamine oxidases,CHEMBL1951; CHEMBL2039; CHEMBL205; CHEMBL2326; CHEMBL261; CHEMBL3242; CHEMBL3729; CHEMBL3969; CHEMBL4789,0
CHEMBL5575945,9,2,Carbonic anhydrases; Monoamine oxidases,CHEMBL1951; CHEMBL2039; CHEMBL205; CHEMBL2326; CHEMBL261; CHEMBL3242; CHEMBL3729; CHEMBL3969; CHEMBL4789,0
CHEMBL5583624,9,2,Carbonic anhydrases; Monoamine oxidases,CHEMBL1951; CHEMBL2039; CHEMBL205; CHEMBL2326; CHEMBL261; CHEMBL3242; CHEMBL3729; CHEMBL3969; CHEMBL4789,0
CHEMBL3586577,8,2,Cholinesterases; Monoamine oxidases,CHEMBL1914; CHEMBL1951; CHEMBL2039; CHEMBL220; CHEMBL2993; CHEMBL3358; CHEMBL4078; CHEMBL5763,0
CHEMBL3586582,8,2,Cholinesterases; Monoamine oxidases,CHEMBL1914; CHEMBL1951; CHEMBL2039; CHEMBL220; CHEMBL2993; CHEMBL3358; CHEMBL4078; CHEMBL5763,0
CHEMBL3586608,8,2,Cholinesterases; Monoamine oxidases,CHEMBL1914; CHEMBL1951; CHEMBL2039; CHEMBL220; CHEMBL2993; CHEMBL3198; CHEMBL4078; CHEMBL5763,0
CHEMBL5556627,8,2,Carbonic anhydrases; Monoamine oxidases,CHEMBL2039; CHEMBL205; CHEMBL2326; CHEMBL261; CHEMBL3242; CHEMBL3729; CHEMBL3969; CHEMBL4789,0
CHEMBL5562537,8,2,Carbonic anhydrases; Monoamine oxidases,CHEMBL2039; CHEMBL205; CHEMBL2326; CHEMBL261; CHEMBL3242; CHEMBL3729; CHEMBL3969; CHEMBL4789,0
CHEMBL5563200,8,2,Carbonic anhydrases; Monoamine oxidases,CHEMBL2039; CHEMBL205; CHEMBL2326; CHEMBL261; CHEMBL3242; CHEMBL3729; CHEMBL3969; CHEMBL4789,0
CHEMBL5565316,8,2,Carbonic anhydrases; Monoamine oxidases,CHEMBL2039; CHEMBL205; CHEMBL2326; CHEMBL261; CHEMBL3242; CHEMBL3729; CHEMBL3969; CHEMBL4789,0
CHEMBL5565616,8,2,Carbonic anhydrases; Monoamine oxidases,CHEMBL2039; CHEMBL205; CHEMBL2326; CHEMBL261; CHEMBL3242; CHEMBL3729; CHEMBL3969; CHEMBL4789,0
CHEMBL5566534,8,2,Carbonic anhydrases; Monoamine oxidases,CHEMBL2039; CHEMBL205; CHEMBL2326; CHEMBL261; CHEMBL3242; CHEMBL3729; CHEMBL3969; CHEMBL4789,0
CHEMBL5567576,8,2,Carbonic anhydrases; Monoamine oxidases,CHEMBL2039; CHEMBL205; CHEMBL2326; CHEMBL261; CHEMBL3242; CHEMBL3729; CHEMBL3969; CHEMBL4789,0
CHEMBL5569915,8,2,Carbonic anhydrases; Monoamine oxidases,CHEMBL2039; CHEMBL205; CHEMBL2326; CHEMBL261; CHEMBL3242; CHEMBL3729; CHEMBL3969; CHEMBL4789,0
CHEMBL5570372,8,2,Carbonic anhydrases; Monoamine oxidases,CHEMBL2039; CHEMBL205; CHEMBL2326; CHEMBL261; CHEMBL3242; CHEMBL3729; CHEMBL3969; CHEMBL4789,0
CHEMBL5570880,8,2,Carbonic anhydrases; Monoamine oxidases,CHEMBL2039; CHEMBL205; CHEMBL2326; CHEMBL261; CHEMBL3242; CHEMBL3729; CHEMBL3969; CHEMBL4789,0
CHEMBL5570926,8,2,Carbonic anhydrases; Monoamine oxidases,CHEMBL2039; CHEMBL205; CHEMBL2326; CHEMBL261; CHEMBL3242; CHEMBL3729; CHEMBL3969; CHEMBL4789,0
CHEMBL5571128,8,2,Carbonic anhydrases; Monoamine oxidases,CHEMBL2039; CHEMBL205; CHEMBL2326; CHEMBL261; CHEMBL3242; CHEMBL3729; CHEMBL3969; CHEMBL4789,0
CHEMBL5571185,8,2,Carbonic anhydrases; Monoamine oxidases,CHEMBL2039; CHEMBL205; CHEMBL2326; CHEMBL261; CHEMBL3242; CHEMBL3729; CHEMBL3969; CHEMBL4789,0
CHEMBL5571218,8,2,Carbonic anhydrases; Monoamine oxidases,CHEMBL2039; CHEMBL205; CHEMBL2326; CHEMBL261; CHEMBL3242; CHEMBL3729; CHEMBL3969; CHEMBL4789,0
CHEMBL5571767,8,2,Carbonic anhydrases; Monoamine oxidases,CHEMBL2039; CHEMBL205; CHEMBL2326; CHEMBL261; CHEMBL3242; CHEMBL3729; CHEMBL3969; CHEMBL4789,0
CHEMBL5572092,8,2,Carbonic anhydrases; Monoamine oxidases,CHEMBL2039; CHEMBL205; CHEMBL2326; CHEMBL261; CHEMBL3242; CHEMBL3729; CHEMBL3969; CHEMBL4789,0
CHEMBL5572513,8,2,Carbonic anhydrases; Monoamine oxidases,CHEMBL2039; CHEMBL205; CHEMBL2326; CHEMBL261; CHEMBL3242; CHEMBL3729; CHEMBL3969; CHEMBL4789,0
CHEMBL5573918,8,2,Carbonic anhydrases; Monoamine oxidases,CHEMBL2039; CHEMBL205; CHEMBL2326; CHEMBL261; CHEMBL3242; CHEMBL3729; CHEMBL3969; CHEMBL4789,0
CHEMBL5574490,8,2,Carbonic anhydrases; Monoamine oxidases,CHEMBL2039; CHEMBL205; CHEMBL2326; CHEMBL261; CHEMBL3242; CHEMBL3729; CHEMBL3969; CHEMBL4789,0
CHEMBL5575065,8,2,Carbonic anhydrases; Monoamine oxidases,CHEMBL2039; CHEMBL205; CHEMBL2326; CHEMBL261; CHEMBL3242; CHEMBL3729; CHEMBL3969; CHEMBL4789,0
CHEMBL5575196,8,2,Carbonic anhydrases; Monoamine oxidases,CHEMBL2039; CHEMBL205; CHEMBL2326; CHEMBL261; CHEMBL3242; CHEMBL3729; CHEMBL3969; CHEMBL4789,0
CHEMBL5575430,8,2,Carbonic anhydrases; Monoamine oxidases,CHEMBL2039; CHEMBL205; CHEMBL2326; CHEMBL261; CHEMBL3242; CHEMBL3729; CHEMBL3969; CHEMBL4789,0
CHEMBL5575791,8,2,Carbonic anhydrases; Monoamine oxidases,CHEMBL2039; CHEMBL205; CHEMBL2326; CHEMBL261; CHEMBL3242; CHEMBL3729; CHEMBL3969; CHEMBL4789,0
CHEMBL5583585,8,2,Carbonic anhydrases; Monoamine oxidases,CHEMBL2039; CHEMBL205; CHEMBL2326; CHEMBL261; CHEMBL3242; CHEMBL3729; CHEMBL3969; CHEMBL4789,0
CHEMBL5589767,8,2,Carbonic anhydrases; Monoamine oxidases,CHEMBL2039; CHEMBL205; CHEMBL2326; CHEMBL261; CHEMBL3242; CHEMBL3729; CHEMBL3969; CHEMBL4789,0
CHEMBL5593900,8,2,Carbonic anhydrases; Monoamine oxidases,CHEMBL2039; CHEMBL205; CHEMBL2326; CHEMBL261; CHEMBL3242; CHEMBL3729; CHEMBL3969; CHEMBL4789,0
CHEMBL593763,8,2,Cytochrome P450s; Monoamine oxidases,CHEMBL289; CHEMBL2993; CHEMBL3356; CHEMBL3358; CHEMBL3397; CHEMBL340; CHEMBL3622; CHEMBL5281,0
CHEMBL6338,8,2,Kinases; Other enzymes,CHEMBL1075126; CHEMBL3713355; CHEMBL4523282; CHEMBL4523291; CHEMBL4523371; CHEMBL4523392; CHEMBL4523400; CHEMBL4523427,0
CHEMBL1256851,7,2,Cytochrome P450s; Ion channels and transporters,CHEMBL289; CHEMBL3356; CHEMBL3397; CHEMBL340; CHEMBL3622; CHEMBL4306; CHEMBL4633,0
CHEMBL2385102,7,2,G protein-coupled receptors; Ion channels and transporters,CHEMBL240; CHEMBL273; CHEMBL3138; CHEMBL322; CHEMBL324; CHEMBL339; CHEMBL3943,0
CHEMBL2387230,7,2,G protein-coupled receptors; Ion channels and transporters,CHEMBL240; CHEMBL273; CHEMBL3138; CHEMBL322; CHEMBL324; CHEMBL339; CHEMBL3943,0
CHEMBL2387260,7,2,G protein-coupled receptors; Ion channels and transporters,CHEMBL240; CHEMBL273; CHEMBL3138; CHEMBL322; CHEMBL324; CHEMBL339; CHEMBL3943,0
CHEMBL2387265,7,2,G protein-coupled receptors; Ion channels and transporters,CHEMBL240; CHEMBL273; CHEMBL3138; CHEMBL322; CHEMBL324; CHEMBL339; CHEMBL3943,0
CHEMBL3586576,7,2,Cholinesterases; Monoamine oxidases,CHEMBL1951; CHEMBL2039; CHEMBL220; CHEMBL2993; CHEMBL3358; CHEMBL4078; CHEMBL5763,0
CHEMBL3586583,7,2,Cholinesterases; Monoamine oxidases,CHEMBL1951; CHEMBL2039; CHEMBL220; CHEMBL2993; CHEMBL3358; CHEMBL4078; CHEMBL5763,0
CHEMBL54909,7,2,Carbonic anhydrases; Other/unclassified,CHEMBL205; CHEMBL2326; CHEMBL261; CHEMBL3242; CHEMBL3594; CHEMBL3912; CHEMBL4361,0
CHEMBL56918,7,2,Carbonic anhydrases; Monoamine oxidases,CHEMBL1951; CHEMBL2039; CHEMBL2326; CHEMBL261; CHEMBL3242; CHEMBL3594; CHEMBL3912,0
CHEMBL7121,7,2,Carbonic anhydrases; Other enzymes,CHEMBL205; CHEMBL2326; CHEMBL247; CHEMBL261; CHEMBL3242; CHEMBL3594; CHEMBL3912,0
CHEMBL1467623,6,2,Other enzymes; Proteases,CHEMBL1795098; CHEMBL2007628; CHEMBL2635; CHEMBL3308; CHEMBL3864; CHEMBL5511,0
CHEMBL2387253,6,2,G protein-coupled receptors; Ion channels and transporters,CHEMBL240; CHEMBL273; CHEMBL3138; CHEMBL322; CHEMBL324; CHEMBL339,0
CHEMBL303846,6,2,Carbonic anhydrases; Kinases,CHEMBL2326; CHEMBL261; CHEMBL3242; CHEMBL3594; CHEMBL3912; CHEMBL5508,0
CHEMBL3086078,6,2,Cytochrome P450s; Kinases,CHEMBL1906; CHEMBL289; CHEMBL3397; CHEMBL340; CHEMBL3587; CHEMBL3622,0
CHEMBL3264002,6,2,Cytochrome P450s; Kinases,CHEMBL1906; CHEMBL2964; CHEMBL3397; CHEMBL3587; CHEMBL4948; CHEMBL5145,0
CHEMBL3417299,6,2,Cholinesterases; Monoamine oxidases,CHEMBL1914; CHEMBL1951; CHEMBL2039; CHEMBL220; CHEMBL4078; CHEMBL5763,0
CHEMBL3417300,6,2,Cholinesterases; Monoamine oxidases,CHEMBL1914; CHEMBL1951; CHEMBL2039; CHEMBL220; CHEMBL4078; CHEMBL5763,0
CHEMBL3586592,6,2,Cholinesterases; Monoamine oxidases,CHEMBL1914; CHEMBL2039; CHEMBL220; CHEMBL2993; CHEMBL4078; CHEMBL5763,0
CHEMBL3586595,6,2,Cholinesterases; Monoamine oxidases,CHEMBL1951; CHEMBL2039; CHEMBL220; CHEMBL2993; CHEMBL4078; CHEMBL5763,0
CHEMBL3586610,6,2,Cholinesterases; Monoamine oxidases,CHEMBL1951; CHEMBL2039; CHEMBL220; CHEMBL2993; CHEMBL4078; CHEMBL5763,0
CHEMBL4470448,6,2,Cholinesterases; Monoamine oxidases,CHEMBL1914; CHEMBL1951; CHEMBL2039; CHEMBL220; CHEMBL4078; CHEMBL5763,0
CHEMBL4571763,6,2,Cholinesterases; Monoamine oxidases,CHEMBL1951; CHEMBL2039; CHEMBL220; CHEMBL3198; CHEMBL4078; CHEMBL5763,0
CHEMBL5089227,6,2,Carbonic anhydrases; Other enzymes,CHEMBL2326; CHEMBL2916; CHEMBL3242; CHEMBL3594; CHEMBL3969; CHEMBL4789,0
CHEMBL109018,5,2,Cholinesterases; Monoamine oxidases,CHEMBL1951; CHEMBL2039; CHEMBL220; CHEMBL2993; CHEMBL3358,0
CHEMBL122485,5,2,G protein-coupled receptors; Ion channels and transporters,CHEMBL217; CHEMBL273; CHEMBL313; CHEMBL3223; CHEMBL339,0
CHEMBL124419,5,2,G protein-coupled receptors; Ion channels and transporters,CHEMBL217; CHEMBL273; CHEMBL313; CHEMBL3223; CHEMBL339,0
CHEMBL1324640,5,2,Cytochrome P450s; Other/unclassified,CHEMBL1741171; CHEMBL289; CHEMBL3356; CHEMBL340; CHEMBL3622,0
CHEMBL1372308,5,2,Carbonic anhydrases; Other/unclassified,CHEMBL1293222; CHEMBL1293266; CHEMBL1825; CHEMBL3242; CHEMBL3594,0
CHEMBL1415985,5,2,Other enzymes; Other/unclassified,CHEMBL1293246; CHEMBL1293282; CHEMBL1293286; CHEMBL1293302; CHEMBL5804,0
CHEMBL1422657,5,2,Other enzymes; Other/unclassified,CHEMBL1293274; CHEMBL1293286; CHEMBL1741179; CHEMBL1741217; CHEMBL1795098,0
CHEMBL1484595,5,2,Other enzymes; Proteases,CHEMBL2007628; CHEMBL2007629; CHEMBL2635; CHEMBL3864; CHEMBL4471,0
CHEMBL1499658,5,2,Other enzymes; Other/unclassified,CHEMBL1075145; CHEMBL1293251; CHEMBL1293269; CHEMBL2758; CHEMBL4361,0
CHEMBL1505071,5,2,Cytochrome P450s; Other/unclassified,CHEMBL1293251; CHEMBL3356; CHEMBL3397; CHEMBL340; CHEMBL3622,0
CHEMBL1733383,5,2,Ion channels and transporters; Other enzymes,CHEMBL1795098; CHEMBL2007628; CHEMBL2635; CHEMBL3864; CHEMBL4523503,0
CHEMBL274030,5,2,Cholinesterases; Monoamine oxidases,CHEMBL1951; CHEMBL2039; CHEMBL220; CHEMBL2993; CHEMBL3358,0
CHEMBL315046,5,2,Other/unclassified; Proteases,CHEMBL321; CHEMBL333; CHEMBL3412; CHEMBL3869; CHEMBL4588,0
CHEMBL3208377,5,2,Cytochrome P450s; Kinases,CHEMBL3356; CHEMBL3397; CHEMBL340; CHEMBL3622; CHEMBL5508,0
CHEMBL325761,5,2,Cholinesterases; Monoamine oxidases,CHEMBL1951; CHEMBL2039; CHEMBL220; CHEMBL2993; CHEMBL3358,0
CHEMBL3586574,5,2,Cholinesterases; Monoamine oxidases,CHEMBL2039; CHEMBL220; CHEMBL2993; CHEMBL4078; CHEMBL5763,0
CHEMBL3586602,5,2,Cholinesterases; Monoamine oxidases,CHEMBL2039; CHEMBL220; CHEMBL2993; CHEMBL4078; CHEMBL5763,0
CHEMBL374632,5,2,Kinases; Other enzymes,CHEMBL1293244; CHEMBL1293246; CHEMBL1293260; CHEMBL5469; CHEMBL5567,0
CHEMBL3763535,5,2,Cholinesterases; Monoamine oxidases,CHEMBL1914; CHEMBL2039; CHEMBL220; CHEMBL4078; CHEMBL5763,0
CHEMBL3764211,5,2,Cholinesterases; Monoamine oxidases,CHEMBL1914; CHEMBL2039; CHEMBL220; CHEMBL4078; CHEMBL5763,0
CHEMBL3764609,5,2,Cholinesterases; Monoamine oxidases,CHEMBL1914; CHEMBL2039; CHEMBL220; CHEMBL4078; CHEMBL5763,0
CHEMBL3764762,5,2,Cholinesterases; Monoamine oxidases,CHEMBL1914; CHEMBL2039; CHEMBL220; CHEMBL4078; CHEMBL5763,0
CHEMBL3765293,5,2,Cholinesterases; Monoamine oxidases,CHEMBL1914; CHEMBL2039; CHEMBL220; CHEMBL4078; CHEMBL5763,0
CHEMBL4208961,5,2,Cholinesterases; Monoamine oxidases,CHEMBL1914; CHEMBL2039; CHEMBL220; CHEMBL4078; CHEMBL5763,0
CHEMBL4217755,5,2,Cholinesterases; Monoamine oxidases,CHEMBL1951; CHEMBL2039; CHEMBL220; CHEMBL4078; CHEMBL5763,0
CHEMBL440526,5,2,Cholinesterases; Other enzymes,CHEMBL1914; CHEMBL220; CHEMBL3199; CHEMBL3229; CHEMBL3403,0
CHEMBL4450045,5,2,Cholinesterases; Monoamine oxidases,CHEMBL1951; CHEMBL2039; CHEMBL220; CHEMBL4078; CHEMBL5763,0
CHEMBL4456665,5,2,Cholinesterases; Monoamine oxidases,CHEMBL1951; CHEMBL2039; CHEMBL220; CHEMBL4078; CHEMBL5763,0
CHEMBL5632713,5,2,Other/unclassified; Proteases,CHEMBL1801; CHEMBL204; CHEMBL244; CHEMBL2820; CHEMBL2821,0
CHEMBL108697,4,2,Cholinesterases; Monoamine oxidases,CHEMBL2039; CHEMBL220; CHEMBL2993; CHEMBL3358,0
CHEMBL109085,4,2,Cholinesterases; Monoamine oxidases,CHEMBL2039; CHEMBL220; CHEMBL2993; CHEMBL3358,0
CHEMBL111309,4,2,Cholinesterases; Monoamine oxidases,CHEMBL2039; CHEMBL220; CHEMBL2993; CHEMBL3358,0
CHEMBL111310,4,2,Cholinesterases; Monoamine oxidases,CHEMBL2039; CHEMBL220; CHEMBL2993; CHEMBL3358,0
CHEMBL1172750,4,2,Carbonic anhydrases; Other/unclassified,CHEMBL3242; CHEMBL3594; CHEMBL3797020; CHEMBL4837,0
CHEMBL1310325,4,2,Other/unclassified; Proteases,CHEMBL1293239; CHEMBL1293240; CHEMBL1795093; CHEMBL6089,0
CHEMBL1313807,4,2,Other enzymes; Other/unclassified,CHEMBL1293311; CHEMBL1795098; CHEMBL2635; CHEMBL5511,0
CHEMBL1325233,4,2,Nuclear receptors; Other enzymes,CHEMBL1293229; CHEMBL1795098; CHEMBL206; CHEMBL242,0
CHEMBL1381306,4,2,Nuclear receptors; Other enzymes,CHEMBL1293229; CHEMBL1741179; CHEMBL206; CHEMBL242,0
CHEMBL1423338,4,2,Cytochrome P450s; Kinases,CHEMBL1293228; CHEMBL3356; CHEMBL340; CHEMBL3622,0
CHEMBL142799,4,2,Monoamine oxidases; Other enzymes,CHEMBL1075138; CHEMBL2039; CHEMBL2993; CHEMBL3358,0
CHEMBL1431610,4,2,G protein-coupled receptors; Other enzymes,CHEMBL1293244; CHEMBL1293246; CHEMBL1293260; CHEMBL1293267,0
CHEMBL146222,4,2,Monoamine oxidases; Other enzymes,CHEMBL1075138; CHEMBL2039; CHEMBL2993; CHEMBL3358,0
CHEMBL1494927,4,2,Other/unclassified; Proteases,CHEMBL1293282; CHEMBL1293286; CHEMBL1293302; CHEMBL5939,0
CHEMBL1507250,4,2,Other enzymes; Other/unclassified,CHEMBL1741165; CHEMBL1741176; CHEMBL2146304; CHEMBL5567,0
CHEMBL1598666,4,2,Cytochrome P450s; Kinases,CHEMBL3356; CHEMBL3397; CHEMBL3622; CHEMBL5469,0
CHEMBL18966,4,2,Cholinesterases; Monoamine oxidases,CHEMBL2039; CHEMBL220; CHEMBL2993; CHEMBL3358,0
CHEMBL1946917,4,2,Kinases; Other enzymes,CHEMBL1781; CHEMBL2292; CHEMBL4036; CHEMBL5508,0
CHEMBL2047528,4,2,Cholinesterases; Other enzymes,CHEMBL1914; CHEMBL220; CHEMBL2243; CHEMBL3229,0
CHEMBL2047529,4,2,Cholinesterases; Other enzymes,CHEMBL1914; CHEMBL220; CHEMBL2243; CHEMBL3229,0
CHEMBL2177264,4,2,G protein-coupled receptors; Other/unclassified,CHEMBL1075322; CHEMBL218; CHEMBL2384898; CHEMBL253,0
CHEMBL2181540,4,2,G protein-coupled receptors; Other/unclassified,CHEMBL1075322; CHEMBL218; CHEMBL2384898; CHEMBL253,0
CHEMBL2181542,4,2,G protein-coupled receptors; Other/unclassified,CHEMBL1075322; CHEMBL218; CHEMBL2384898; CHEMBL253,0
CHEMBL2333943,4,2,G protein-coupled receptors; Ion channels and transporters,CHEMBL1293267; CHEMBL1904; CHEMBL1972; CHEMBL4109,0
CHEMBL2387530,4,2,G protein-coupled receptors; Other/unclassified,CHEMBL1075322; CHEMBL218; CHEMBL2384898; CHEMBL253,0
CHEMBL276076,4,2,Cholinesterases; Monoamine oxidases,CHEMBL2039; CHEMBL220; CHEMBL2993; CHEMBL3358,0
CHEMBL3092189,4,2,Cytochrome P450s; Kinases,CHEMBL1906; CHEMBL3397; CHEMBL340; CHEMBL3587,0
CHEMBL3092195,4,2,Cytochrome P450s; Kinases,CHEMBL1906; CHEMBL3397; CHEMBL340; CHEMBL3587,0
CHEMBL3121782,4,2,Carbonic anhydrases; Monoamine oxidases,CHEMBL1951; CHEMBL2039; CHEMBL3242; CHEMBL3594,0
CHEMBL3417293,4,2,Cholinesterases; Monoamine oxidases,CHEMBL1951; CHEMBL2039; CHEMBL4078; CHEMBL5763,0
CHEMBL3417297,4,2,Cholinesterases; Monoamine oxidases,CHEMBL1951; CHEMBL2039; CHEMBL4078; CHEMBL5763,0
CHEMBL3417302,4,2,Cholinesterases; Monoamine oxidases,CHEMBL1951; CHEMBL2039; CHEMBL4078; CHEMBL5763,0
CHEMBL3417303,4,2,Cholinesterases; Monoamine oxidases,CHEMBL1951; CHEMBL2039; CHEMBL4078; CHEMBL5763,0
CHEMBL3417304,4,2,Cholinesterases; Monoamine oxidases,CHEMBL1951; CHEMBL2039; CHEMBL4078; CHEMBL5763,0
CHEMBL3417308,4,2,Cholinesterases; Monoamine oxidases,CHEMBL1951; CHEMBL2039; CHEMBL4078; CHEMBL5763,0
CHEMBL3417309,4,2,Cholinesterases; Monoamine oxidases,CHEMBL1951; CHEMBL2039; CHEMBL4078; CHEMBL5763,0
CHEMBL3586575,4,2,Cholinesterases; Monoamine oxidases,CHEMBL2993; CHEMBL3358; CHEMBL4078; CHEMBL5763,0
CHEMBL3586578,4,2,Cholinesterases; Monoamine oxidases,CHEMBL2993; CHEMBL3358; CHEMBL4078; CHEMBL5763,0
CHEMBL3586579,4,2,Cholinesterases; Monoamine oxidases,CHEMBL2993; CHEMBL3358; CHEMBL4078; CHEMBL5763,0
CHEMBL3586581,4,2,Cholinesterases; Monoamine oxidases,CHEMBL2993; CHEMBL3358; CHEMBL4078; CHEMBL5763,0
CHEMBL3586593,4,2,Cholinesterases; Monoamine oxidases,CHEMBL220; CHEMBL2993; CHEMBL4078; CHEMBL5763,0
CHEMBL3586594,4,2,Cholinesterases; Monoamine oxidases,CHEMBL220; CHEMBL2993; CHEMBL4078; CHEMBL5763,0
CHEMBL3586604,4,2,Cholinesterases; Monoamine oxidases,CHEMBL2039; CHEMBL220; CHEMBL2993; CHEMBL4078,0
CHEMBL3586605,4,2,Cholinesterases; Monoamine oxidases,CHEMBL2039; CHEMBL220; CHEMBL2993; CHEMBL4078,0
CHEMBL3586611,4,2,Cholinesterases; Monoamine oxidases,CHEMBL1951; CHEMBL2039; CHEMBL2993; CHEMBL4078,0
CHEMBL4094117,4,2,Nuclear receptors; Other enzymes,CHEMBL1870; CHEMBL2004; CHEMBL2061; CHEMBL3720,0
CHEMBL4205110,4,2,Cholinesterases; Monoamine oxidases,CHEMBL2039; CHEMBL220; CHEMBL4078; CHEMBL5763,0
CHEMBL4205520,4,2,Cholinesterases; Monoamine oxidases,CHEMBL2039; CHEMBL220; CHEMBL4078; CHEMBL5763,0
CHEMBL4205764,4,2,Cholinesterases; Monoamine oxidases,CHEMBL2039; CHEMBL220; CHEMBL4078; CHEMBL5763,0
CHEMBL4206041,4,2,Cholinesterases; Monoamine oxidases,CHEMBL2039; CHEMBL220; CHEMBL4078; CHEMBL5763,0
CHEMBL4210401,4,2,Cholinesterases; Monoamine oxidases,CHEMBL2039; CHEMBL220; CHEMBL4078; CHEMBL5763,0
CHEMBL4213345,4,2,Cholinesterases; Monoamine oxidases,CHEMBL2039; CHEMBL220; CHEMBL4078; CHEMBL5763,0
CHEMBL4213874,4,2,Cholinesterases; Monoamine oxidases,CHEMBL2039; CHEMBL220; CHEMBL4078; CHEMBL5763,0
CHEMBL4218281,4,2,Cholinesterases; Monoamine oxidases,CHEMBL2039; CHEMBL220; CHEMBL4078; CHEMBL5763,0
CHEMBL4439320,4,2,Cholinesterases; Monoamine oxidases,CHEMBL1951; CHEMBL2039; CHEMBL4078; CHEMBL5763,0
CHEMBL4446787,4,2,Cholinesterases; Monoamine oxidases,CHEMBL1951; CHEMBL2039; CHEMBL4078; CHEMBL5763,0
CHEMBL4447506,4,2,Cholinesterases; Monoamine oxidases,CHEMBL1951; CHEMBL2039; CHEMBL4078; CHEMBL5763,0
CHEMBL4450310,4,2,Cholinesterases; Monoamine oxidases,CHEMBL1951; CHEMBL2039; CHEMBL4078; CHEMBL5763,0
CHEMBL4468552,4,2,Cholinesterases; Monoamine oxidases,CHEMBL1951; CHEMBL2039; CHEMBL4078; CHEMBL5763,0
CHEMBL4472789,4,2,Cholinesterases; Monoamine oxidases,CHEMBL1951; CHEMBL2039; CHEMBL4078; CHEMBL5763,0
CHEMBL4473562,4,2,Cholinesterases; Monoamine oxidases,CHEMBL1951; CHEMBL2039; CHEMBL4078; CHEMBL5763,0
CHEMBL448060,4,2,Cholinesterases; Cytochrome P450s,CHEMBL220; CHEMBL4078; CHEMBL4878; CHEMBL5763,0
CHEMBL4522235,4,2,Cholinesterases; Monoamine oxidases,CHEMBL1951; CHEMBL2039; CHEMBL4078; CHEMBL5763,0
CHEMBL4529750,4,2,Cholinesterases; Monoamine oxidases,CHEMBL1951; CHEMBL2039; CHEMBL4078; CHEMBL5763,0
CHEMBL4539659,4,2,Cholinesterases; Monoamine oxidases,CHEMBL1951; CHEMBL2039; CHEMBL4078; CHEMBL5763,0
CHEMBL4551962,4,2,Cholinesterases; Monoamine oxidases,CHEMBL1951; CHEMBL2039; CHEMBL4078; CHEMBL5763,0
CHEMBL4556552,4,2,Cholinesterases; Monoamine oxidases,CHEMBL1951; CHEMBL2039; CHEMBL4078; CHEMBL5763,0
CHEMBL4562275,4,2,Cholinesterases; Monoamine oxidases,CHEMBL1951; CHEMBL2039; CHEMBL4078; CHEMBL5763,0
CHEMBL4569054,4,2,Cholinesterases; Monoamine oxidases,CHEMBL1951; CHEMBL2039; CHEMBL4078; CHEMBL5763,0
CHEMBL4578377,4,2,Cholinesterases; Monoamine oxidases,CHEMBL1914; CHEMBL1951; CHEMBL2039; CHEMBL220,0
CHEMBL4580662,4,2,Cholinesterases; Monoamine oxidases,CHEMBL1951; CHEMBL2039; CHEMBL4078; CHEMBL5763,0
CHEMBL4598256,4,2,Cholinesterases; Monoamine oxidases,CHEMBL1951; CHEMBL2039; CHEMBL220; CHEMBL5763,0
CHEMBL5081663,4,2,Cholinesterases; Monoamine oxidases,CHEMBL1951; CHEMBL2039; CHEMBL220; CHEMBL5763,0
CHEMBL5083014,4,2,Cholinesterases; Monoamine oxidases,CHEMBL1951; CHEMBL2039; CHEMBL220; CHEMBL5763,0
CHEMBL5090504,4,2,Cholinesterases; Monoamine oxidases,CHEMBL1951; CHEMBL2039; CHEMBL220; CHEMBL5763,0
CHEMBL5169638,4,2,Cholinesterases; Other enzymes,CHEMBL1914; CHEMBL215; CHEMBL220; CHEMBL6174,0
CHEMBL5176910,4,2,Cholinesterases; Other enzymes,CHEMBL1914; CHEMBL215; CHEMBL220; CHEMBL6174,0
CHEMBL5185240,4,2,Cholinesterases; Other enzymes,CHEMBL1914; CHEMBL215; CHEMBL220; CHEMBL6174,0
CHEMBL5196941,4,2,Cholinesterases; Other enzymes,CHEMBL1914; CHEMBL215; CHEMBL220; CHEMBL6174,0
CHEMBL5197349,4,2,Cholinesterases; Other enzymes,CHEMBL1914; CHEMBL215; CHEMBL220; CHEMBL6174,0
CHEMBL5200035,4,2,Cholinesterases; Other enzymes,CHEMBL1914; CHEMBL215; CHEMBL220; CHEMBL6174,0
CHEMBL5202541,4,2,Cholinesterases; Other enzymes,CHEMBL1914; CHEMBL215; CHEMBL220; CHEMBL6174,0
CHEMBL5219483,4,2,Cholinesterases; Monoamine oxidases,CHEMBL1951; CHEMBL2039; CHEMBL220; CHEMBL4078,0
CHEMBL5542165,4,2,Carbonic anhydrases; Kinases,CHEMBL205; CHEMBL279; CHEMBL3242; CHEMBL3594,0
CHEMBL5563417,4,2,Cholinesterases; Monoamine oxidases,CHEMBL1914; CHEMBL1951; CHEMBL2039; CHEMBL220,0
CHEMBL5567975,4,2,Carbonic anhydrases; Kinases,CHEMBL205; CHEMBL279; CHEMBL3242; CHEMBL3594,0
CHEMBL5568861,4,2,Cholinesterases; Monoamine oxidases,CHEMBL1914; CHEMBL1951; CHEMBL2039; CHEMBL220,0
CHEMBL5569594,4,2,Cholinesterases; Monoamine oxidases,CHEMBL1914; CHEMBL1951; CHEMBL2039; CHEMBL220,0
CHEMBL5573115,4,2,Cholinesterases; Monoamine oxidases,CHEMBL1914; CHEMBL1951; CHEMBL2039; CHEMBL220,0
CHEMBL107488,3,2,Cholinesterases; Monoamine oxidases,CHEMBL220; CHEMBL2993; CHEMBL3358,0
CHEMBL107541,3,2,Cholinesterases; Monoamine oxidases,CHEMBL220; CHEMBL2993; CHEMBL3358,0
CHEMBL108928,3,2,Cholinesterases; Monoamine oxidases,CHEMBL220; CHEMBL2993; CHEMBL3358,0
CHEMBL109084,3,2,Cholinesterases; Monoamine oxidases,CHEMBL220; CHEMBL2993; CHEMBL3358,0
CHEMBL128551,3,2,Cholinesterases; Other enzymes,CHEMBL220; CHEMBL3199; CHEMBL3229,0
CHEMBL1330249,3,2,G protein-coupled receptors; Other/unclassified,CHEMBL1075322; CHEMBL1250379; CHEMBL4361,0
CHEMBL1345017,3,2,Other enzymes; Other/unclassified,CHEMBL1293246; CHEMBL1741163; CHEMBL5804,0
CHEMBL1389163,3,2,Nuclear receptors; Other enzymes,CHEMBL1293229; CHEMBL1795098; CHEMBL242,0
CHEMBL1390568,3,2,Other enzymes; Other/unclassified,CHEMBL1250379; CHEMBL1741179; CHEMBL1741217,0
CHEMBL1410870,3,2,Nuclear receptors; Proteases,CHEMBL2007629; CHEMBL4374; CHEMBL4471,0
CHEMBL1414071,3,2,Cytochrome P450s; G protein-coupled receptors,CHEMBL1293267; CHEMBL3356; CHEMBL3397,0
CHEMBL1415432,3,2,Kinases; Other enzymes,CHEMBL1741179; CHEMBL1741217; CHEMBL5508,0
CHEMBL1426944,3,2,Cytochrome P450s; Monoamine oxidases,CHEMBL2039; CHEMBL3356; CHEMBL3622,0
CHEMBL1440892,3,2,Nuclear receptors; Other/unclassified,CHEMBL1615382; CHEMBL1615387; CHEMBL4218,0
CHEMBL1454848,3,2,Other/unclassified; Proteases,CHEMBL1293311; CHEMBL4117; CHEMBL4361,0
CHEMBL1471865,3,2,Other enzymes; Other/unclassified,CHEMBL2219; CHEMBL2889; CHEMBL4361,0
CHEMBL1499653,3,2,Other enzymes; Other/unclassified,CHEMBL1250379; CHEMBL1795098; CHEMBL4361,0
CHEMBL1520346,3,2,Other enzymes; Other/unclassified,CHEMBL1293246; CHEMBL5113; CHEMBL5804,0
CHEMBL1521897,3,2,Other enzymes; Proteases,CHEMBL1795093; CHEMBL3108645; CHEMBL6175,0
CHEMBL153064,3,2,G protein-coupled receptors; Other/unclassified,CHEMBL2085; CHEMBL3230; CHEMBL4333,0
CHEMBL1547311,3,2,Other/unclassified; Proteases,CHEMBL1293286; CHEMBL4117; CHEMBL5939,0
CHEMBL1559383,3,2,Kinases; Other/unclassified,CHEMBL1741161; CHEMBL1795089; CHEMBL5508,0
CHEMBL1566908,3,2,Nuclear receptors; Other/unclassified,CHEMBL1615382; CHEMBL1615387; CHEMBL4218,0
CHEMBL1630091,3,2,Other/unclassified; Proteases,CHEMBL283; CHEMBL321; CHEMBL3706,0
CHEMBL1688890,3,2,Cytochrome P450s; Other enzymes,CHEMBL1908; CHEMBL1978; CHEMBL2722,0
CHEMBL1688891,3,2,Cytochrome P450s; Other enzymes,CHEMBL1908; CHEMBL1978; CHEMBL2722,0
CHEMBL1688892,3,2,Cytochrome P450s; Other enzymes,CHEMBL1908; CHEMBL1978; CHEMBL2722,0
CHEMBL1688893,3,2,Cytochrome P450s; Other enzymes,CHEMBL1908; CHEMBL1978; CHEMBL2722,0
CHEMBL1688894,3,2,Cytochrome P450s; Other enzymes,CHEMBL1908; CHEMBL1978; CHEMBL2722,0
CHEMBL1688895,3,2,Cytochrome P450s; Other enzymes,CHEMBL1908; CHEMBL1978; CHEMBL2722,0
CHEMBL1688897,3,2,Cytochrome P450s; Other enzymes,CHEMBL1908; CHEMBL1978; CHEMBL2722,0
CHEMBL1688898,3,2,Cytochrome P450s; Other enzymes,CHEMBL1908; CHEMBL1978; CHEMBL2722,0
CHEMBL1688899,3,2,Cytochrome P450s; Other enzymes,CHEMBL1908; CHEMBL1978; CHEMBL2722,0
CHEMBL1688900,3,2,Cytochrome P450s; Other enzymes,CHEMBL1908; CHEMBL1978; CHEMBL2722,0
CHEMBL1688901,3,2,Cytochrome P450s; Other enzymes,CHEMBL1908; CHEMBL1978; CHEMBL2722,0
CHEMBL1688911,3,2,Cytochrome P450s; Other enzymes,CHEMBL1908; CHEMBL1978; CHEMBL2722,0
CHEMBL189704,3,2,G protein-coupled receptors; Ion channels and transporters,CHEMBL273; CHEMBL313; CHEMBL339,0
CHEMBL1970493,3,2,Other enzymes; Other/unclassified,CHEMBL1293286; CHEMBL1741179; CHEMBL1741217,0
CHEMBL2019154,3,2,Carbonic anhydrases; Monoamine oxidases,CHEMBL2039; CHEMBL205; CHEMBL261,0
CHEMBL2047525,3,2,Cholinesterases; Other enzymes,CHEMBL1914; CHEMBL220; CHEMBL3229,0
CHEMBL225499,3,2,Cytochrome P450s; Other enzymes,CHEMBL1908; CHEMBL1978; CHEMBL2722,0
CHEMBL2387744,3,2,G protein-coupled receptors; Other/unclassified,CHEMBL1075322; CHEMBL2384898; CHEMBL253,0
CHEMBL243263,3,2,Carbonic anhydrases; Other/unclassified,CHEMBL3242; CHEMBL3594; CHEMBL4361,0
CHEMBL267447,3,2,Other enzymes; Proteases,CHEMBL1795093; CHEMBL243; CHEMBL247,0
CHEMBL274029,3,2,Cholinesterases; Monoamine oxidases,CHEMBL2993; CHEMBL3358; CHEMBL4768,0
CHEMBL301226,3,2,Kinases; Other enzymes,CHEMBL2147; CHEMBL2292; CHEMBL3471,0
CHEMBL320251,3,2,Cholinesterases; Monoamine oxidases,CHEMBL220; CHEMBL2993; CHEMBL3358,0
CHEMBL3220507,3,2,Cholinesterases; Monoamine oxidases,CHEMBL1951; CHEMBL2039; CHEMBL220,0
CHEMBL3326698,3,2,Cholinesterases; Proteases,CHEMBL1914; CHEMBL220; CHEMBL4822,0
CHEMBL3326704,3,2,Cholinesterases; Proteases,CHEMBL1914; CHEMBL220; CHEMBL4822,0
CHEMBL3326707,3,2,Cholinesterases; Other/unclassified,CHEMBL1914; CHEMBL220; CHEMBL2487,0
CHEMBL3359952,3,2,Cytochrome P450s; Other enzymes,CHEMBL1908; CHEMBL1978; CHEMBL2722,0
CHEMBL3359953,3,2,Cytochrome P450s; Other enzymes,CHEMBL1908; CHEMBL1978; CHEMBL2722,0
CHEMBL3359954,3,2,Cytochrome P450s; Other enzymes,CHEMBL1908; CHEMBL1978; CHEMBL2722,0
CHEMBL3359955,3,2,Cytochrome P450s; Other enzymes,CHEMBL1908; CHEMBL1978; CHEMBL2722,0
CHEMBL3359956,3,2,Cytochrome P450s; Other enzymes,CHEMBL1908; CHEMBL1978; CHEMBL2722,0
CHEMBL3359957,3,2,Cytochrome P450s; Other enzymes,CHEMBL1908; CHEMBL1978; CHEMBL2722,0
CHEMBL3359958,3,2,Cytochrome P450s; Other enzymes,CHEMBL1908; CHEMBL1978; CHEMBL2722,0
CHEMBL3417294,3,2,Cholinesterases; Monoamine oxidases,CHEMBL2039; CHEMBL4078; CHEMBL5763,0
CHEMBL3417296,3,2,Cholinesterases; Monoamine oxidases,CHEMBL2039; CHEMBL4078; CHEMBL5763,0
CHEMBL3417298,3,2,Cholinesterases; Monoamine oxidases,CHEMBL2039; CHEMBL4078; CHEMBL5763,0
CHEMBL3417301,3,2,Cholinesterases; Monoamine oxidases,CHEMBL2039; CHEMBL4078; CHEMBL5763,0
CHEMBL3417305,3,2,Cholinesterases; Monoamine oxidases,CHEMBL2039; CHEMBL4078; CHEMBL5763,0
CHEMBL3417306,3,2,Cholinesterases; Monoamine oxidases,CHEMBL2039; CHEMBL4078; CHEMBL5763,0
CHEMBL3417307,3,2,Cholinesterases; Monoamine oxidases,CHEMBL2039; CHEMBL4078; CHEMBL5763,0
CHEMBL3417310,3,2,Cholinesterases; Monoamine oxidases,CHEMBL2039; CHEMBL4078; CHEMBL5763,0
CHEMBL3417311,3,2,Cholinesterases; Monoamine oxidases,CHEMBL2039; CHEMBL4078; CHEMBL5763,0
CHEMBL3417312,3,2,Cholinesterases; Monoamine oxidases,CHEMBL2039; CHEMBL4078; CHEMBL5763,0
CHEMBL3585361,3,2,Cholinesterases; Monoamine oxidases,CHEMBL2993; CHEMBL4078; CHEMBL5763,0
CHEMBL358644,3,2,G protein-coupled receptors; Other/unclassified,CHEMBL2085; CHEMBL3230; CHEMBL4333,0
CHEMBL3586580,3,2,Cholinesterases; Monoamine oxidases,CHEMBL2993; CHEMBL4078; CHEMBL5763,0
CHEMBL3586584,3,2,Cholinesterases; Monoamine oxidases,CHEMBL2993; CHEMBL3358; CHEMBL5763,0
CHEMBL3586586,3,2,Cholinesterases; Monoamine oxidases,CHEMBL2993; CHEMBL4078; CHEMBL5763,0
CHEMBL3586587,3,2,Cholinesterases; Monoamine oxidases,CHEMBL2993; CHEMBL4078; CHEMBL5763,0
CHEMBL3586588,3,2,Cholinesterases; Monoamine oxidases,CHEMBL2993; CHEMBL4078; CHEMBL5763,0
CHEMBL3586589,3,2,Cholinesterases; Monoamine oxidases,CHEMBL2993; CHEMBL4078; CHEMBL5763,0
CHEMBL3586590,3,2,Cholinesterases; Monoamine oxidases,CHEMBL2993; CHEMBL4078; CHEMBL5763,0
CHEMBL3586596,3,2,Cholinesterases; Monoamine oxidases,CHEMBL2993; CHEMBL4078; CHEMBL5763,0
CHEMBL3586597,3,2,Cholinesterases; Monoamine oxidases,CHEMBL2993; CHEMBL4078; CHEMBL5763,0
CHEMBL3586598,3,2,Cholinesterases; Monoamine oxidases,CHEMBL2993; CHEMBL4078; CHEMBL5763,0
CHEMBL3586600,3,2,Cholinesterases; Monoamine oxidases,CHEMBL220; CHEMBL2993; CHEMBL4078,0
CHEMBL3586603,3,2,Cholinesterases; Monoamine oxidases,CHEMBL2039; CHEMBL2993; CHEMBL4078,0
CHEMBL3586609,3,2,Cholinesterases; Monoamine oxidases,CHEMBL2993; CHEMBL4078; CHEMBL5763,0
CHEMBL3586612,3,2,Cholinesterases; Monoamine oxidases,CHEMBL2993; CHEMBL4078; CHEMBL5763,0
CHEMBL3586613,3,2,Cholinesterases; Monoamine oxidases,CHEMBL3358; CHEMBL4078; CHEMBL5763,0
CHEMBL3763819,3,2,Cholinesterases; Monoamine oxidases,CHEMBL2039; CHEMBL4078; CHEMBL5763,0
CHEMBL3764112,3,2,Cholinesterases; Monoamine oxidases,CHEMBL2039; CHEMBL4078; CHEMBL5763,0
CHEMBL3764166,3,2,Cholinesterases; Monoamine oxidases,CHEMBL2039; CHEMBL4078; CHEMBL5763,0
CHEMBL3764276,3,2,Cholinesterases; Monoamine oxidases,CHEMBL2039; CHEMBL4078; CHEMBL5763,0
CHEMBL3764334,3,2,Cholinesterases; Monoamine oxidases,CHEMBL2039; CHEMBL4078; CHEMBL5763,0
CHEMBL3764408,3,2,Cholinesterases; Monoamine oxidases,CHEMBL2039; CHEMBL4078; CHEMBL5763,0
CHEMBL3764436,3,2,Cholinesterases; Monoamine oxidases,CHEMBL2039; CHEMBL4078; CHEMBL5763,0
CHEMBL3764644,3,2,Cholinesterases; Monoamine oxidases,CHEMBL2039; CHEMBL4078; CHEMBL5763,0
CHEMBL3765442,3,2,Cholinesterases; Monoamine oxidases,CHEMBL2039; CHEMBL4078; CHEMBL5763,0
CHEMBL3765760,3,2,Cholinesterases; Monoamine oxidases,CHEMBL2039; CHEMBL4078; CHEMBL5763,0
CHEMBL379350,3,2,Cytochrome P450s; Monoamine oxidases,CHEMBL2039; CHEMBL3356; CHEMBL3622,0
CHEMBL3818390,3,2,G protein-coupled receptors; Other/unclassified,CHEMBL226; CHEMBL251; CHEMBL3712907,0
CHEMBL3818574,3,2,G protein-coupled receptors; Other/unclassified,CHEMBL226; CHEMBL251; CHEMBL3712907,0
CHEMBL3818884,3,2,G protein-coupled receptors; Other/unclassified,CHEMBL226; CHEMBL251; CHEMBL3712907,0
CHEMBL3819227,3,2,G protein-coupled receptors; Other/unclassified,CHEMBL226; CHEMBL251; CHEMBL3712907,0
CHEMBL3819594,3,2,G protein-coupled receptors; Other/unclassified,CHEMBL226; CHEMBL251; CHEMBL3712907,0
CHEMBL3827058,3,2,Cholinesterases; Other enzymes,CHEMBL1914; CHEMBL220; CHEMBL3229,0
CHEMBL3827064,3,2,Cholinesterases; Other enzymes,CHEMBL1914; CHEMBL220; CHEMBL3229,0
CHEMBL3827189,3,2,Cholinesterases; Other enzymes,CHEMBL1914; CHEMBL220; CHEMBL3229,0
CHEMBL3827220,3,2,Cholinesterases; Other enzymes,CHEMBL1914; CHEMBL220; CHEMBL3229,0
CHEMBL3827284,3,2,Cholinesterases; Other enzymes,CHEMBL1914; CHEMBL220; CHEMBL3229,0
CHEMBL3827288,3,2,Cholinesterases; Other enzymes,CHEMBL1914; CHEMBL220; CHEMBL3229,0
CHEMBL3827432,3,2,Cholinesterases; Other enzymes,CHEMBL1914; CHEMBL220; CHEMBL3229,0
CHEMBL3827589,3,2,Cholinesterases; Other enzymes,CHEMBL1914; CHEMBL220; CHEMBL3229,0
CHEMBL3827610,3,2,Cholinesterases; Other enzymes,CHEMBL1914; CHEMBL220; CHEMBL3229,0
CHEMBL3827734,3,2,Cholinesterases; Other enzymes,CHEMBL1914; CHEMBL220; CHEMBL3229,0
CHEMBL3827950,3,2,Cholinesterases; Other enzymes,CHEMBL1914; CHEMBL220; CHEMBL3229,0
CHEMBL3828054,3,2,Cholinesterases; Other enzymes,CHEMBL1914; CHEMBL220; CHEMBL3229,0
CHEMBL3828259,3,2,Cholinesterases; Other enzymes,CHEMBL1914; CHEMBL220; CHEMBL3229,0
CHEMBL3828281,3,2,Cholinesterases; Other enzymes,CHEMBL1914; CHEMBL220; CHEMBL3229,0
CHEMBL3828293,3,2,Cholinesterases; Other enzymes,CHEMBL1914; CHEMBL220; CHEMBL3229,0
CHEMBL3828443,3,2,Cholinesterases; Other enzymes,CHEMBL1914; CHEMBL220; CHEMBL3229,0
CHEMBL3828631,3,2,Cholinesterases; Other enzymes,CHEMBL1914; CHEMBL220; CHEMBL3229,0
CHEMBL3828693,3,2,Cholinesterases; Other enzymes,CHEMBL1914; CHEMBL220; CHEMBL3229,0
CHEMBL3828696,3,2,Cholinesterases; Other enzymes,CHEMBL1914; CHEMBL220; CHEMBL3229,0
CHEMBL4067432,3,2,Cholinesterases; Monoamine oxidases,CHEMBL2039; CHEMBL4078; CHEMBL5763,0
CHEMBL4078343,3,2,Cholinesterases; Monoamine oxidases,CHEMBL2039; CHEMBL4078; CHEMBL5763,0
CHEMBL4081648,3,2,G protein-coupled receptors; Monoamine oxidases,CHEMBL2039; CHEMBL226; CHEMBL256,0
CHEMBL4086218,3,2,Cholinesterases; Monoamine oxidases,CHEMBL2039; CHEMBL4078; CHEMBL5763,0
CHEMBL4088674,3,2,Cholinesterases; Monoamine oxidases,CHEMBL2039; CHEMBL4078; CHEMBL5763,0
CHEMBL4089608,3,2,Cholinesterases; Monoamine oxidases,CHEMBL2039; CHEMBL4078; CHEMBL5763,0
CHEMBL4094745,3,2,Cholinesterases; Monoamine oxidases,CHEMBL1951; CHEMBL2039; CHEMBL5763,0
CHEMBL4095676,3,2,Cholinesterases; Monoamine oxidases,CHEMBL1951; CHEMBL2039; CHEMBL5763,0
CHEMBL4096387,3,2,Cholinesterases; Monoamine oxidases,CHEMBL2039; CHEMBL4078; CHEMBL5763,0
CHEMBL412610,3,2,Carbonic anhydrases; Other enzymes,CHEMBL3242; CHEMBL3594; CHEMBL4102,0
CHEMBL4216807,3,2,Cholinesterases; Monoamine oxidases,CHEMBL2039; CHEMBL220; CHEMBL4078,0
CHEMBL437731,3,2,Cytochrome P450s; Other enzymes,CHEMBL1908; CHEMBL1978; CHEMBL2722,0
CHEMBL4441456,3,2,Cholinesterases; Monoamine oxidases,CHEMBL1951; CHEMBL2039; CHEMBL4078,0
CHEMBL4441966,3,2,Cholinesterases; Monoamine oxidases,CHEMBL1951; CHEMBL2039; CHEMBL4078,0
CHEMBL4443825,3,2,Cholinesterases; Monoamine oxidases,CHEMBL1951; CHEMBL2039; CHEMBL4078,0
CHEMBL4444006,3,2,Cholinesterases; Monoamine oxidases,CHEMBL2039; CHEMBL4078; CHEMBL5763,0
CHEMBL4451548,3,2,Cholinesterases; Monoamine oxidases,CHEMBL1951; CHEMBL2039; CHEMBL4078,0
CHEMBL445184,3,2,G protein-coupled receptors; Monoamine oxidases,CHEMBL1951; CHEMBL2039; CHEMBL256,0
CHEMBL4453856,3,2,Cholinesterases; Monoamine oxidases,CHEMBL2039; CHEMBL220; CHEMBL4078,0
CHEMBL4454278,3,2,Cholinesterases; Monoamine oxidases,CHEMBL1951; CHEMBL2039; CHEMBL4078,0
CHEMBL4455029,3,2,Cholinesterases; Monoamine oxidases,CHEMBL1951; CHEMBL2039; CHEMBL4078,0
CHEMBL4459482,3,2,Cholinesterases; Monoamine oxidases,CHEMBL1951; CHEMBL2039; CHEMBL220,0
CHEMBL4460538,3,2,Cholinesterases; Monoamine oxidases,CHEMBL1951; CHEMBL2039; CHEMBL4078,0
CHEMBL4466478,3,2,Cholinesterases; Monoamine oxidases,CHEMBL1951; CHEMBL2039; CHEMBL4078,0
CHEMBL4466686,3,2,Cholinesterases; Monoamine oxidases,CHEMBL1951; CHEMBL2039; CHEMBL4078,0
CHEMBL4466718,3,2,Cholinesterases; Monoamine oxidases,CHEMBL1951; CHEMBL2039; CHEMBL4078,0
CHEMBL4474935,3,2,Cholinesterases; Monoamine oxidases,CHEMBL1951; CHEMBL2039; CHEMBL4078,0
CHEMBL4514364,3,2,Cholinesterases; Monoamine oxidases,CHEMBL2039; CHEMBL4078; CHEMBL5763,0
CHEMBL4527319,3,2,Cholinesterases; Monoamine oxidases,CHEMBL1951; CHEMBL2039; CHEMBL4078,0
CHEMBL4550762,3,2,Cholinesterases; Monoamine oxidases,CHEMBL1951; CHEMBL2039; CHEMBL4078,0
CHEMBL4564297,3,2,Cholinesterases; Monoamine oxidases,CHEMBL1951; CHEMBL2039; CHEMBL4078,0
CHEMBL4580963,3,2,Cholinesterases; Monoamine oxidases,CHEMBL2039; CHEMBL4078; CHEMBL5763,0
CHEMBL4582505,3,2,Cholinesterases; Monoamine oxidases,CHEMBL1951; CHEMBL2039; CHEMBL4078,0
CHEMBL4586509,3,2,Cholinesterases; Monoamine oxidases,CHEMBL2039; CHEMBL4078; CHEMBL5763,0
CHEMBL4638612,3,2,Cholinesterases; Monoamine oxidases,CHEMBL2993; CHEMBL3358; CHEMBL4078,0
CHEMBL4648667,3,2,Cholinesterases; Monoamine oxidases,CHEMBL2993; CHEMBL3358; CHEMBL4078,0
CHEMBL494795,3,2,Monoamine oxidases; Proteases,CHEMBL1951; CHEMBL2039; CHEMBL2821,0
CHEMBL499847,3,2,Cholinesterases; Monoamine oxidases,CHEMBL1951; CHEMBL2039; CHEMBL4078,0
CHEMBL5072382,3,2,Cholinesterases; Monoamine oxidases,CHEMBL1951; CHEMBL2039; CHEMBL220,0
CHEMBL5078658,3,2,Cholinesterases; Monoamine oxidases,CHEMBL2039; CHEMBL220; CHEMBL5763,0
CHEMBL5083613,3,2,Cholinesterases; Monoamine oxidases,CHEMBL2039; CHEMBL220; CHEMBL5763,0
CHEMBL5085674,3,2,Cholinesterases; Monoamine oxidases,CHEMBL1951; CHEMBL2039; CHEMBL220,0
CHEMBL5094348,3,2,Cholinesterases; Monoamine oxidases,CHEMBL1951; CHEMBL2039; CHEMBL220,0
CHEMBL5218447,3,2,Cholinesterases; Other enzymes,CHEMBL1914; CHEMBL220; CHEMBL3229,0
CHEMBL5219522,3,2,Cholinesterases; Monoamine oxidases,CHEMBL2039; CHEMBL220; CHEMBL4078,0
CHEMBL5220375,3,2,Cholinesterases; Other enzymes,CHEMBL1914; CHEMBL220; CHEMBL3229,0
CHEMBL5283994,3,2,Cholinesterases; Monoamine oxidases,CHEMBL1951; CHEMBL2039; CHEMBL4078,0
CHEMBL5396142,3,2,Cholinesterases; Proteases,CHEMBL4078; CHEMBL4822; CHEMBL5763,0
CHEMBL5430322,3,2,Cholinesterases; Proteases,CHEMBL4078; CHEMBL4822; CHEMBL5763,0
CHEMBL5523449,3,2,Carbonic anhydrases; Kinases,CHEMBL279; CHEMBL3242; CHEMBL3594,0
CHEMBL5569900,3,2,Cholinesterases; Monoamine oxidases,CHEMBL1951; CHEMBL2039; CHEMBL220,0
CHEMBL5590122,3,2,Cholinesterases; Monoamine oxidases,CHEMBL1914; CHEMBL2039; CHEMBL220,0
CHEMBL5591043,3,2,Cholinesterases; Other enzymes,CHEMBL2243; CHEMBL4078; CHEMBL5763,0
CHEMBL5595332,3,2,Cholinesterases; Monoamine oxidases,CHEMBL1914; CHEMBL2039; CHEMBL220,0
CHEMBL5596055,3,2,Cholinesterases; Other enzymes,CHEMBL2243; CHEMBL4078; CHEMBL5763,0
CHEMBL5596856,3,2,Cholinesterases; Other enzymes,CHEMBL2243; CHEMBL4078; CHEMBL5763,0
CHEMBL5633706,3,2,Other/unclassified; Proteases,CHEMBL1801; CHEMBL204; CHEMBL2821,0
CHEMBL576412,3,2,Nuclear receptors; Other/unclassified,CHEMBL1615382; CHEMBL1615387; CHEMBL4218,0
CHEMBL589158,3,2,Nuclear receptors; Other enzymes,CHEMBL1871; CHEMBL206; CHEMBL4234,0
CHEMBL592043,3,2,Nuclear receptors; Other enzymes,CHEMBL1871; CHEMBL206; CHEMBL4234,0
CHEMBL71271,3,2,Nuclear receptors; Other enzymes,CHEMBL206; CHEMBL2284; CHEMBL242,0
CHEMBL103836,2,2,Carbonic anhydrases; Other enzymes,CHEMBL3594; CHEMBL4102,0
CHEMBL1079119,2,2,Cholinesterases; Cytochrome P450s,CHEMBL340; CHEMBL5763,0
CHEMBL11185,2,2,Carbonic anhydrases; Other enzymes,CHEMBL205; CHEMBL3559,0
CHEMBL1172192,2,2,Other enzymes; Other/unclassified,CHEMBL1169595; CHEMBL1293311,0
CHEMBL12252,2,2,Carbonic anhydrases; Other enzymes,CHEMBL2622; CHEMBL3594,0
CHEMBL1255817,2,2,Other enzymes; Other/unclassified,CHEMBL1900; CHEMBL4361,0
CHEMBL1255818,2,2,Other enzymes; Other/unclassified,CHEMBL1900; CHEMBL4361,0
CHEMBL1272019,2,2,Other enzymes; Other/unclassified,CHEMBL1275219; CHEMBL2176863,0
CHEMBL1288557,2,2,Carbonic anhydrases; Other/unclassified,CHEMBL1293200; CHEMBL3594,0
CHEMBL1288558,2,2,Carbonic anhydrases; Other/unclassified,CHEMBL1293200; CHEMBL3594,0
CHEMBL1288594,2,2,Carbonic anhydrases; Other/unclassified,CHEMBL1293200; CHEMBL3594,0
CHEMBL1288595,2,2,Carbonic anhydrases; Other/unclassified,CHEMBL1293200; CHEMBL3594,0
CHEMBL1288596,2,2,Carbonic anhydrases; Other/unclassified,CHEMBL1293200; CHEMBL3594,0
CHEMBL1288620,2,2,Carbonic anhydrases; Other/unclassified,CHEMBL1293200; CHEMBL3594,0
CHEMBL1288621,2,2,Carbonic anhydrases; Other/unclassified,CHEMBL1293200; CHEMBL3594,0
CHEMBL1288622,2,2,Carbonic anhydrases; Other/unclassified,CHEMBL1293200; CHEMBL3594,0
CHEMBL1288623,2,2,Carbonic anhydrases; Other/unclassified,CHEMBL1293200; CHEMBL3594,0
CHEMBL1290111,2,2,Carbonic anhydrases; Other/unclassified,CHEMBL1293200; CHEMBL3594,0
CHEMBL1290219,2,2,Carbonic anhydrases; Other/unclassified,CHEMBL1293200; CHEMBL3594,0
CHEMBL1301353,2,2,Kinases; Other/unclassified,CHEMBL1293228; CHEMBL1293311,0
CHEMBL1305435,2,2,Nuclear receptors; Other/unclassified,CHEMBL1615382; CHEMBL4218,0
CHEMBL1319645,2,2,Kinases; Other enzymes,CHEMBL1741189; CHEMBL6144,0
CHEMBL1322745,2,2,Kinases; Other enzymes,CHEMBL1741200; CHEMBL1741212,0
CHEMBL1323406,2,2,Other/unclassified; Proteases,CHEMBL1741221; CHEMBL4426,0
CHEMBL1323794,2,2,Other/unclassified; Proteases,CHEMBL1795089; CHEMBL5939,0
CHEMBL1347672,2,2,Nuclear receptors; Other/unclassified,CHEMBL1615382; CHEMBL4218,0
CHEMBL1372043,2,2,Cytochrome P450s; Other enzymes,CHEMBL3356; CHEMBL5979,0
CHEMBL1376708,2,2,Other enzymes; Other/unclassified,CHEMBL1741165; CHEMBL2362978,0
CHEMBL1377177,2,2,Nuclear receptors; Proteases,CHEMBL242; CHEMBL4117,0
CHEMBL1398194,2,2,G protein-coupled receptors; Other/unclassified,CHEMBL1075322; CHEMBL1250379,0
CHEMBL1426955,2,2,Other enzymes; Proteases,CHEMBL4143; CHEMBL6175,0
CHEMBL1433585,2,2,Other enzymes; Other/unclassified,CHEMBL1293240; CHEMBL1795098,0
CHEMBL1435494,2,2,Other enzymes; Proteases,CHEMBL1293246; CHEMBL2443,0
CHEMBL1438166,2,2,Other/unclassified; Proteases,CHEMBL1741221; CHEMBL4426,0
CHEMBL1448854,2,2,Nuclear receptors; Other/unclassified,CHEMBL1293229; CHEMBL4361,0
CHEMBL145403,2,2,Monoamine oxidases; Nuclear receptors,CHEMBL1871; CHEMBL2993,0
CHEMBL1458873,2,2,Kinases; Nuclear receptors,CHEMBL1741200; CHEMBL206,0
CHEMBL1460029,2,2,Other enzymes; Other/unclassified,CHEMBL1293246; CHEMBL5804,0
CHEMBL1462872,2,2,Other enzymes; Other/unclassified,CHEMBL1741171; CHEMBL1741192,0
CHEMBL1465,2,2,Other enzymes; Proteases,CHEMBL243; CHEMBL4105870,0
CHEMBL1481657,2,2,Other enzymes; Other/unclassified,CHEMBL1741171; CHEMBL1741192,0
CHEMBL1493400,2,2,Kinases; Other enzymes,CHEMBL1795098; CHEMBL5508,0
CHEMBL1494387,2,2,Other enzymes; Other/unclassified,CHEMBL1293311; CHEMBL1795098,0
CHEMBL150302,2,2,Carbonic anhydrases; Other/unclassified,CHEMBL2085; CHEMBL3594,0
CHEMBL1510940,2,2,Kinases; Other/unclassified,CHEMBL1293228; CHEMBL1293266,0
CHEMBL1530167,2,2,Other enzymes; Other/unclassified,CHEMBL1795098; CHEMBL4361,0
CHEMBL1533835,2,2,Kinases; Other enzymes,CHEMBL1293228; CHEMBL5567,0
CHEMBL1534646,2,2,Other enzymes; Proteases,CHEMBL1741189; CHEMBL4117,0
CHEMBL1547867,2,2,Kinases; Other/unclassified,CHEMBL1293228; CHEMBL1293311,0
CHEMBL155103,2,2,Kinases; Other/unclassified,CHEMBL2085; CHEMBL2331053,0
CHEMBL1558455,2,2,Nuclear receptors; Other enzymes,CHEMBL1615382; CHEMBL1795098,0
CHEMBL1568639,2,2,Other enzymes; Other/unclassified,CHEMBL1795098; CHEMBL2085,0
CHEMBL1587159,2,2,Other enzymes; Other/unclassified,CHEMBL1293311; CHEMBL1795098,0
CHEMBL1597748,2,2,Other enzymes; Other/unclassified,CHEMBL1741171; CHEMBL1741192,0
CHEMBL1727447,2,2,Other enzymes; Other/unclassified,CHEMBL1741171; CHEMBL1741192,0
CHEMBL1835228,2,2,G protein-coupled receptors; Monoamine oxidases,CHEMBL2039; CHEMBL256,0
CHEMBL194564,2,2,G protein-coupled receptors; Ion channels and transporters,CHEMBL240; CHEMBL344,0
CHEMBL1985459,2,2,Nuclear receptors; Other/unclassified,CHEMBL1615387; CHEMBL4218,0
CHEMBL199397,2,2,G protein-coupled receptors; Other enzymes,CHEMBL221; CHEMBL326,0
CHEMBL200198,2,2,G protein-coupled receptors; Other enzymes,CHEMBL221; CHEMBL326,0
CHEMBL2178460,2,2,Ion channels and transporters; Other enzymes,CHEMBL2176851; CHEMBL4523503,0
CHEMBL222322,2,2,Other/unclassified; Proteases,CHEMBL4510; CHEMBL5800,0
CHEMBL2349084,2,2,Other enzymes; Proteases,CHEMBL2366517; CHEMBL247,0
CHEMBL2349085,2,2,Other enzymes; Proteases,CHEMBL2366517; CHEMBL247,0
CHEMBL2349222,2,2,Other enzymes; Proteases,CHEMBL2366517; CHEMBL247,0
CHEMBL2349223,2,2,Other enzymes; Proteases,CHEMBL2366517; CHEMBL247,0
CHEMBL2349224,2,2,Other enzymes; Proteases,CHEMBL2366517; CHEMBL247,0
CHEMBL2349225,2,2,Other enzymes; Proteases,CHEMBL2366517; CHEMBL247,0
CHEMBL2349226,2,2,Other enzymes; Proteases,CHEMBL2366517; CHEMBL247,0
CHEMBL2381401,2,2,Cholinesterases; Other/unclassified,CHEMBL220; CHEMBL2487,0
CHEMBL239046,2,2,Cholinesterases; Proteases,CHEMBL220; CHEMBL4822,0
CHEMBL244416,2,2,Cholinesterases; Proteases,CHEMBL220; CHEMBL4822,0
CHEMBL248922,2,2,Cholinesterases; Proteases,CHEMBL220; CHEMBL4822,0
CHEMBL26125,2,2,Cholinesterases; Proteases,CHEMBL220; CHEMBL4822,0
CHEMBL268282,2,2,Kinases; Other enzymes,CHEMBL258; CHEMBL2622,0
CHEMBL270248,2,2,Cholinesterases; Proteases,CHEMBL220; CHEMBL4822,0
CHEMBL271709,2,2,Cholinesterases; Proteases,CHEMBL220; CHEMBL4822,0
CHEMBL271710,2,2,Cholinesterases; Proteases,CHEMBL220; CHEMBL4822,0
CHEMBL272700,2,2,Cholinesterases; Proteases,CHEMBL220; CHEMBL4822,0
CHEMBL275000,2,2,Other enzymes; Proteases,CHEMBL2622; CHEMBL4117,0
CHEMBL276618,2,2,Other enzymes; Other/unclassified,CHEMBL2622; CHEMBL4361,0
CHEMBL278471,2,2,G protein-coupled receptors; Ion channels and transporters,CHEMBL273; CHEMBL313,0
CHEMBL3113644,2,2,G protein-coupled receptors; Monoamine oxidases,CHEMBL1951; CHEMBL217,0
CHEMBL313244,2,2,Other enzymes; Other/unclassified,CHEMBL1900; CHEMBL4361,0
CHEMBL315348,2,2,Other enzymes; Other/unclassified,CHEMBL3577; CHEMBL4739844,0
CHEMBL3193444,2,2,Other enzymes; Other/unclassified,CHEMBL1741171; CHEMBL1741192,0
CHEMBL3220508,2,2,Cholinesterases; Monoamine oxidases,CHEMBL2039; CHEMBL220,0
CHEMBL3220509,2,2,Cholinesterases; Monoamine oxidases,CHEMBL2039; CHEMBL220,0
CHEMBL3220513,2,2,Cholinesterases; Monoamine oxidases,CHEMBL2039; CHEMBL220,0
CHEMBL325864,2,2,Other/unclassified; Proteases,CHEMBL4361; CHEMBL4630869,0
CHEMBL3394540,2,2,Monoamine oxidases; Other/unclassified,CHEMBL2039; CHEMBL3253,0
CHEMBL3586599,2,2,Cholinesterases; Monoamine oxidases,CHEMBL2993; CHEMBL4078,0
CHEMBL3586601,2,2,Cholinesterases; Monoamine oxidases,CHEMBL2993; CHEMBL4078,0
CHEMBL3818301,2,2,G protein-coupled receptors; Other/unclassified,CHEMBL251; CHEMBL3712907,0
CHEMBL3818444,2,2,G protein-coupled receptors; Other/unclassified,CHEMBL251; CHEMBL3712907,0
CHEMBL3819209,2,2,G protein-coupled receptors; Other/unclassified,CHEMBL251; CHEMBL3712907,0
CHEMBL386281,2,2,G protein-coupled receptors; Ion channels and transporters,CHEMBL240; CHEMBL344,0
CHEMBL4063174,2,2,Cholinesterases; Monoamine oxidases,CHEMBL2039; CHEMBL4078,0
CHEMBL4066437,2,2,Cholinesterases; Monoamine oxidases,CHEMBL2039; CHEMBL5763,0
CHEMBL4087723,2,2,Monoamine oxidases; Nuclear receptors,CHEMBL1871; CHEMBL2039,0
CHEMBL408980,2,2,G protein-coupled receptors; Kinases,CHEMBL237; CHEMBL5508,0
CHEMBL4091054,2,2,Cholinesterases; Monoamine oxidases,CHEMBL2039; CHEMBL4078,0
CHEMBL4104128,2,2,Cholinesterases; Monoamine oxidases,CHEMBL2039; CHEMBL5763,0
CHEMBL4128298,2,2,Other enzymes; Other/unclassified,CHEMBL1812; CHEMBL2074,0
CHEMBL4435544,2,2,Cholinesterases; Ion channels and transporters,CHEMBL1914; CHEMBL2484,0
CHEMBL4445345,2,2,Cholinesterases; Monoamine oxidases,CHEMBL2039; CHEMBL220,0
CHEMBL4451675,2,2,Cholinesterases; Monoamine oxidases,CHEMBL2039; CHEMBL4078,0
CHEMBL4457458,2,2,Cholinesterases; Monoamine oxidases,CHEMBL2039; CHEMBL4078,0
CHEMBL446518,2,2,Carbonic anhydrases; Other/unclassified,CHEMBL1293200; CHEMBL3594,0
CHEMBL4471734,2,2,Cholinesterases; Other enzymes,CHEMBL1914; CHEMBL215,0
CHEMBL4471876,2,2,Cholinesterases; Ion channels and transporters,CHEMBL1914; CHEMBL2484,0
CHEMBL4530960,2,2,Cholinesterases; Monoamine oxidases,CHEMBL2039; CHEMBL220,0
CHEMBL4539578,2,2,Cholinesterases; Monoamine oxidases,CHEMBL2039; CHEMBL4078,0
CHEMBL4539801,2,2,Cholinesterases; Monoamine oxidases,CHEMBL2039; CHEMBL4078,0
CHEMBL4590498,2,2,Cholinesterases; Other enzymes,CHEMBL1914; CHEMBL215,0
CHEMBL4634355,2,2,Cholinesterases; Monoamine oxidases,CHEMBL2993; CHEMBL4078,0
CHEMBL4635389,2,2,Cholinesterases; Monoamine oxidases,CHEMBL2993; CHEMBL4078,0
CHEMBL4639627,2,2,Cholinesterases; Monoamine oxidases,CHEMBL2993; CHEMBL4078,0
CHEMBL4747834,2,2,Other enzymes; Proteases,CHEMBL243; CHEMBL247,0
CHEMBL4748014,2,2,Other enzymes; Proteases,CHEMBL243; CHEMBL247,0
CHEMBL4751162,2,2,Other enzymes; Proteases,CHEMBL243; CHEMBL247,0
CHEMBL4754375,2,2,Other enzymes; Proteases,CHEMBL243; CHEMBL247,0
CHEMBL4759897,2,2,Other enzymes; Proteases,CHEMBL243; CHEMBL247,0
CHEMBL4762527,2,2,Other enzymes; Proteases,CHEMBL243; CHEMBL247,0
CHEMBL4764162,2,2,Other enzymes; Proteases,CHEMBL243; CHEMBL247,0
CHEMBL4778947,2,2,Other enzymes; Proteases,CHEMBL243; CHEMBL247,0
CHEMBL4779428,2,2,Other enzymes; Proteases,CHEMBL243; CHEMBL247,0
CHEMBL4779600,2,2,Other enzymes; Proteases,CHEMBL243; CHEMBL247,0
CHEMBL4783468,2,2,Other enzymes; Proteases,CHEMBL243; CHEMBL247,0
CHEMBL4785073,2,2,Other enzymes; Proteases,CHEMBL243; CHEMBL247,0
CHEMBL4785296,2,2,Other enzymes; Proteases,CHEMBL243; CHEMBL247,0
CHEMBL4789192,2,2,Other enzymes; Proteases,CHEMBL243; CHEMBL247,0
CHEMBL4792023,2,2,Other enzymes; Proteases,CHEMBL243; CHEMBL247,0
CHEMBL4796869,2,2,Other enzymes; Proteases,CHEMBL243; CHEMBL247,0
CHEMBL4797650,2,2,Other enzymes; Proteases,CHEMBL243; CHEMBL247,0
CHEMBL4798607,2,2,Other enzymes; Proteases,CHEMBL243; CHEMBL247,0
CHEMBL494798,2,2,Monoamine oxidases; Proteases,CHEMBL2039; CHEMBL2821,0
CHEMBL494800,2,2,Monoamine oxidases; Proteases,CHEMBL2039; CHEMBL2821,0
CHEMBL494808,2,2,Monoamine oxidases; Proteases,CHEMBL2039; CHEMBL2821,0
CHEMBL495466,2,2,Monoamine oxidases; Proteases,CHEMBL2039; CHEMBL2821,0
CHEMBL5079544,2,2,Cholinesterases; Monoamine oxidases,CHEMBL2039; CHEMBL220,0
CHEMBL510349,2,2,Monoamine oxidases; Other enzymes,CHEMBL1287620; CHEMBL2039,0
CHEMBL5177888,2,2,Ion channels and transporters; Other enzymes,CHEMBL240; CHEMBL4105939,0
CHEMBL5202811,2,2,Ion channels and transporters; Other enzymes,CHEMBL240; CHEMBL4105939,0
CHEMBL522532,2,2,Monoamine oxidases; Proteases,CHEMBL2039; CHEMBL2821,0
CHEMBL5563449,2,2,Cholinesterases; Monoamine oxidases,CHEMBL2039; CHEMBL220,0
CHEMBL5565956,2,2,Cholinesterases; Monoamine oxidases,CHEMBL2039; CHEMBL220,0
CHEMBL5574703,2,2,Cholinesterases; Monoamine oxidases,CHEMBL2039; CHEMBL220,0
CHEMBL5591982,2,2,Cholinesterases; Monoamine oxidases,CHEMBL2039; CHEMBL220,0
CHEMBL5594046,2,2,Cholinesterases; Monoamine oxidases,CHEMBL2039; CHEMBL4078,0
CHEMBL5595836,2,2,Cholinesterases; Monoamine oxidases,CHEMBL2039; CHEMBL220,0
CHEMBL5597349,2,2,Cholinesterases; Other enzymes,CHEMBL2243; CHEMBL4078,0
CHEMBL5619680,2,2,Other/unclassified; Proteases,CHEMBL1795140; CHEMBL4523582,0
CHEMBL592042,2,2,Other enzymes; Proteases,CHEMBL4234; CHEMBL5939,0
CHEMBL600635,2,2,Other enzymes; Other/unclassified,CHEMBL4295885; CHEMBL4879514,0
CHEMBL63349,2,2,Cytochrome P450s; Monoamine oxidases,CHEMBL1951; CHEMBL3356,0
CHEMBL7187,2,2,Other enzymes; Proteases,CHEMBL243; CHEMBL247,0
CHEMBL567139,13,1,Carbonic anhydrases,CHEMBL205; CHEMBL2186; CHEMBL2326; CHEMBL261; CHEMBL2885; CHEMBL3025; CHEMBL3242; CHEMBL3510; CHEMBL3594; CHEMBL3729; CHEMBL3969; CHEMBL4789; CHEMBL5973,0
CHEMBL568348,13,1,Carbonic anhydrases,CHEMBL205; CHEMBL2186; CHEMBL2326; CHEMBL261; CHEMBL2885; CHEMBL3025; CHEMBL3242; CHEMBL3510; CHEMBL3594; CHEMBL3729; CHEMBL3969; CHEMBL4789; CHEMBL5973,0
CHEMBL578167,13,1,Carbonic anhydrases,CHEMBL205; CHEMBL2186; CHEMBL2326; CHEMBL261; CHEMBL2885; CHEMBL3025; CHEMBL3242; CHEMBL3510; CHEMBL3594; CHEMBL3729; CHEMBL3969; CHEMBL4789; CHEMBL5973,0
CHEMBL444449,12,1,Ion channels and transporters,CHEMBL2086; CHEMBL2309; CHEMBL2369; CHEMBL240; CHEMBL2773; CHEMBL4205; CHEMBL4304; CHEMBL4305; CHEMBL4306; CHEMBL4469; CHEMBL4633; CHEMBL5279,0
CHEMBL567544,12,1,Carbonic anhydrases,CHEMBL205; CHEMBL2186; CHEMBL2326; CHEMBL261; CHEMBL2885; CHEMBL3242; CHEMBL3510; CHEMBL3594; CHEMBL3729; CHEMBL3969; CHEMBL4789; CHEMBL5973,0
CHEMBL568416,12,1,Carbonic anhydrases,CHEMBL205; CHEMBL2186; CHEMBL2326; CHEMBL261; CHEMBL2885; CHEMBL3025; CHEMBL3242; CHEMBL3510; CHEMBL3594; CHEMBL3969; CHEMBL4789; CHEMBL5973,0
CHEMBL568417,12,1,Carbonic anhydrases,CHEMBL205; CHEMBL2186; CHEMBL2326; CHEMBL261; CHEMBL2885; CHEMBL3025; CHEMBL3242; CHEMBL3510; CHEMBL3594; CHEMBL3729; CHEMBL3969; CHEMBL5973,0
CHEMBL571514,12,1,Carbonic anhydrases,CHEMBL205; CHEMBL2186; CHEMBL2326; CHEMBL261; CHEMBL2885; CHEMBL3025; CHEMBL3242; CHEMBL3510; CHEMBL3594; CHEMBL3729; CHEMBL3969; CHEMBL5973,0
CHEMBL571738,12,1,Carbonic anhydrases,CHEMBL205; CHEMBL2186; CHEMBL2326; CHEMBL2885; CHEMBL3025; CHEMBL3242; CHEMBL3510; CHEMBL3594; CHEMBL3729; CHEMBL3969; CHEMBL4789; CHEMBL5973,0
CHEMBL251680,11,1,Carbonic anhydrases,CHEMBL2326; CHEMBL261; CHEMBL2885; CHEMBL3025; CHEMBL3242; CHEMBL3510; CHEMBL3594; CHEMBL3729; CHEMBL3912; CHEMBL3969; CHEMBL4789,0
CHEMBL567896,11,1,Carbonic anhydrases,CHEMBL205; CHEMBL2186; CHEMBL2326; CHEMBL2885; CHEMBL3025; CHEMBL3242; CHEMBL3510; CHEMBL3594; CHEMBL3969; CHEMBL4789; CHEMBL5973,0
CHEMBL568173,11,1,Carbonic anhydrases,CHEMBL205; CHEMBL2186; CHEMBL2326; CHEMBL2885; CHEMBL3025; CHEMBL3242; CHEMBL3510; CHEMBL3594; CHEMBL3729; CHEMBL3969; CHEMBL5973,0
CHEMBL568516,11,1,Carbonic anhydrases,CHEMBL205; CHEMBL2186; CHEMBL2326; CHEMBL261; CHEMBL3025; CHEMBL3242; CHEMBL3510; CHEMBL3594; CHEMBL3969; CHEMBL4789; CHEMBL5973,0
CHEMBL4750435,9,1,Other enzymes,CHEMBL2219; CHEMBL3166; CHEMBL3236; CHEMBL3243; CHEMBL335; CHEMBL3807; CHEMBL3864; CHEMBL3924; CHEMBL4703,0
CHEMBL4081954,8,1,Other enzymes,CHEMBL1900; CHEMBL2246; CHEMBL4681; CHEMBL4999; CHEMBL5586; CHEMBL5847; CHEMBL5905; CHEMBL5983,0
CHEMBL4089817,8,1,Other enzymes,CHEMBL1900; CHEMBL2246; CHEMBL4681; CHEMBL4999; CHEMBL5586; CHEMBL5847; CHEMBL5905; CHEMBL5983,0
CHEMBL1968646,7,1,Kinases,CHEMBL2147; CHEMBL2292; CHEMBL2828; CHEMBL3629; CHEMBL4203; CHEMBL5407; CHEMBL6166,0
CHEMBL23174,7,1,Carbonic anhydrases,CHEMBL205; CHEMBL2326; CHEMBL261; CHEMBL3242; CHEMBL3729; CHEMBL3969; CHEMBL4789,0
CHEMBL23744,7,1,Carbonic anhydrases,CHEMBL205; CHEMBL2326; CHEMBL261; CHEMBL3242; CHEMBL3729; CHEMBL3969; CHEMBL4789,0
CHEMBL23967,7,1,Carbonic anhydrases,CHEMBL205; CHEMBL2326; CHEMBL261; CHEMBL3242; CHEMBL3729; CHEMBL3969; CHEMBL4789,0
CHEMBL3318732,7,1,Other enzymes,CHEMBL1829; CHEMBL1865; CHEMBL1937; CHEMBL3192; CHEMBL325; CHEMBL3310; CHEMBL5103,0
CHEMBL4446622,7,1,Other/unclassified,CHEMBL1671608; CHEMBL4523143; CHEMBL4531; CHEMBL4915; CHEMBL5474; CHEMBL5475; CHEMBL5977,0
CHEMBL52096,7,1,G protein-coupled receptors,CHEMBL214; CHEMBL217; CHEMBL234; CHEMBL273; CHEMBL319; CHEMBL322; CHEMBL339,0
CHEMBL5555934,7,1,Carbonic anhydrases,CHEMBL205; CHEMBL2326; CHEMBL261; CHEMBL3242; CHEMBL3729; CHEMBL3969; CHEMBL4789,0
CHEMBL5563438,7,1,Carbonic anhydrases,CHEMBL205; CHEMBL2326; CHEMBL261; CHEMBL3242; CHEMBL3729; CHEMBL3969; CHEMBL4789,0
CHEMBL5564061,7,1,Carbonic anhydrases,CHEMBL205; CHEMBL2326; CHEMBL261; CHEMBL3242; CHEMBL3729; CHEMBL3969; CHEMBL4789,0
CHEMBL5564140,7,1,Carbonic anhydrases,CHEMBL205; CHEMBL2326; CHEMBL261; CHEMBL3242; CHEMBL3729; CHEMBL3969; CHEMBL4789,0
CHEMBL5564532,7,1,Carbonic anhydrases,CHEMBL205; CHEMBL2326; CHEMBL261; CHEMBL3242; CHEMBL3729; CHEMBL3969; CHEMBL4789,0
CHEMBL5567392,7,1,Carbonic anhydrases,CHEMBL205; CHEMBL2326; CHEMBL261; CHEMBL3242; CHEMBL3729; CHEMBL3969; CHEMBL4789,0
CHEMBL5568708,7,1,Carbonic anhydrases,CHEMBL205; CHEMBL2326; CHEMBL261; CHEMBL3242; CHEMBL3729; CHEMBL3969; CHEMBL4789,0
CHEMBL5569049,7,1,Carbonic anhydrases,CHEMBL205; CHEMBL2326; CHEMBL261; CHEMBL3242; CHEMBL3729; CHEMBL3969; CHEMBL4789,0
CHEMBL5570336,7,1,Carbonic anhydrases,CHEMBL205; CHEMBL2326; CHEMBL261; CHEMBL3242; CHEMBL3729; CHEMBL3969; CHEMBL4789,0
CHEMBL5570366,7,1,Carbonic anhydrases,CHEMBL205; CHEMBL2326; CHEMBL261; CHEMBL3242; CHEMBL3729; CHEMBL3969; CHEMBL4789,0
CHEMBL5570409,7,1,Carbonic anhydrases,CHEMBL205; CHEMBL2326; CHEMBL261; CHEMBL3242; CHEMBL3729; CHEMBL3969; CHEMBL4789,0
CHEMBL5571315,7,1,Carbonic anhydrases,CHEMBL205; CHEMBL2326; CHEMBL261; CHEMBL3242; CHEMBL3729; CHEMBL3969; CHEMBL4789,0
CHEMBL5572056,7,1,Carbonic anhydrases,CHEMBL205; CHEMBL2326; CHEMBL261; CHEMBL3242; CHEMBL3729; CHEMBL3969; CHEMBL4789,0
CHEMBL5572277,7,1,Carbonic anhydrases,CHEMBL205; CHEMBL2326; CHEMBL261; CHEMBL3242; CHEMBL3729; CHEMBL3969; CHEMBL4789,0
CHEMBL5572745,7,1,Carbonic anhydrases,CHEMBL205; CHEMBL2326; CHEMBL261; CHEMBL3242; CHEMBL3729; CHEMBL3969; CHEMBL4789,0
CHEMBL5575170,7,1,Carbonic anhydrases,CHEMBL205; CHEMBL2326; CHEMBL261; CHEMBL3242; CHEMBL3729; CHEMBL3969; CHEMBL4789,0
CHEMBL5583649,7,1,Carbonic anhydrases,CHEMBL205; CHEMBL2326; CHEMBL261; CHEMBL3242; CHEMBL3729; CHEMBL3969; CHEMBL4789,0
CHEMBL5591906,7,1,Carbonic anhydrases,CHEMBL205; CHEMBL2326; CHEMBL261; CHEMBL3242; CHEMBL3729; CHEMBL3969; CHEMBL4789,0
CHEMBL1995684,6,1,Carbonic anhydrases,CHEMBL205; CHEMBL2326; CHEMBL261; CHEMBL3242; CHEMBL3594; CHEMBL3912,0
CHEMBL2334353,6,1,Carbonic anhydrases,CHEMBL205; CHEMBL2326; CHEMBL261; CHEMBL3242; CHEMBL3594; CHEMBL3912,0
CHEMBL3120697,6,1,G protein-coupled receptors,CHEMBL273; CHEMBL3138; CHEMBL322; CHEMBL324; CHEMBL339; CHEMBL3943,0
CHEMBL51767,6,1,G protein-coupled receptors,CHEMBL217; CHEMBL224; CHEMBL229; CHEMBL319; CHEMBL322; CHEMBL339,0
CHEMBL596221,6,1,Carbonic anhydrases,CHEMBL205; CHEMBL2326; CHEMBL261; CHEMBL3242; CHEMBL3594; CHEMBL3912,0
CHEMBL1098016,5,1,Carbonic anhydrases,CHEMBL2326; CHEMBL261; CHEMBL3242; CHEMBL3594; CHEMBL3912,0
CHEMBL1331120,5,1,Cytochrome P450s,CHEMBL289; CHEMBL3356; CHEMBL3397; CHEMBL340; CHEMBL3622,0
CHEMBL1335126,5,1,Other enzymes,CHEMBL1935; CHEMBL3112384; CHEMBL3577; CHEMBL3579; CHEMBL4881,0
CHEMBL1349972,5,1,Other enzymes,CHEMBL1935; CHEMBL3112384; CHEMBL3577; CHEMBL3579; CHEMBL4881,0
CHEMBL1408908,5,1,Cytochrome P450s,CHEMBL289; CHEMBL3356; CHEMBL3397; CHEMBL340; CHEMBL3622,0
CHEMBL1423810,5,1,Cytochrome P450s,CHEMBL289; CHEMBL3356; CHEMBL3397; CHEMBL340; CHEMBL3622,0
CHEMBL1440032,5,1,Cytochrome P450s,CHEMBL289; CHEMBL3356; CHEMBL3397; CHEMBL340; CHEMBL3622,0
CHEMBL1448291,5,1,Cytochrome P450s,CHEMBL289; CHEMBL3356; CHEMBL3397; CHEMBL340; CHEMBL3622,0
CHEMBL1453817,5,1,Cytochrome P450s,CHEMBL289; CHEMBL3356; CHEMBL3397; CHEMBL340; CHEMBL3622,0
CHEMBL1560276,5,1,Cytochrome P450s,CHEMBL289; CHEMBL3356; CHEMBL3397; CHEMBL340; CHEMBL3622,0
CHEMBL2003049,5,1,Carbonic anhydrases,CHEMBL2326; CHEMBL261; CHEMBL3242; CHEMBL3594; CHEMBL3912,0
CHEMBL225024,5,1,Carbonic anhydrases,CHEMBL2326; CHEMBL261; CHEMBL3242; CHEMBL3594; CHEMBL3912,0
CHEMBL2331585,5,1,Carbonic anhydrases,CHEMBL2326; CHEMBL261; CHEMBL3242; CHEMBL3594; CHEMBL3912,0
CHEMBL2334004,5,1,Carbonic anhydrases,CHEMBL2326; CHEMBL261; CHEMBL3242; CHEMBL3594; CHEMBL3912,0
CHEMBL2334350,5,1,Carbonic anhydrases,CHEMBL205; CHEMBL2326; CHEMBL261; CHEMBL3242; CHEMBL3594,0
CHEMBL2334351,5,1,Carbonic anhydrases,CHEMBL2326; CHEMBL261; CHEMBL3242; CHEMBL3594; CHEMBL3912,0
CHEMBL2334354,5,1,Carbonic anhydrases,CHEMBL2326; CHEMBL261; CHEMBL3242; CHEMBL3594; CHEMBL3912,0
CHEMBL2334355,5,1,Carbonic anhydrases,CHEMBL2326; CHEMBL261; CHEMBL3242; CHEMBL3594; CHEMBL3912,0
CHEMBL2334356,5,1,Carbonic anhydrases,CHEMBL2326; CHEMBL261; CHEMBL3242; CHEMBL3594; CHEMBL3912,0
CHEMBL2334357,5,1,Carbonic anhydrases,CHEMBL2326; CHEMBL261; CHEMBL3242; CHEMBL3594; CHEMBL3912,0
CHEMBL253551,5,1,Carbonic anhydrases,CHEMBL2326; CHEMBL261; CHEMBL3242; CHEMBL3594; CHEMBL3912,0
CHEMBL258230,5,1,Carbonic anhydrases,CHEMBL2326; CHEMBL261; CHEMBL3242; CHEMBL3594; CHEMBL3912,0
CHEMBL293864,5,1,Carbonic anhydrases,CHEMBL2326; CHEMBL261; CHEMBL3242; CHEMBL3594; CHEMBL3912,0
CHEMBL3120682,5,1,G protein-coupled receptors,CHEMBL273; CHEMBL3138; CHEMBL322; CHEMBL339; CHEMBL3943,0
CHEMBL3120688,5,1,G protein-coupled receptors,CHEMBL273; CHEMBL3138; CHEMBL322; CHEMBL339; CHEMBL3943,0
CHEMBL3120696,5,1,G protein-coupled receptors,CHEMBL273; CHEMBL3138; CHEMBL322; CHEMBL339; CHEMBL3943,0
CHEMBL4064364,5,1,Other enzymes,CHEMBL1935; CHEMBL3112384; CHEMBL3577; CHEMBL3579; CHEMBL4881,0
CHEMBL4099822,5,1,Other enzymes,CHEMBL1935; CHEMBL3112384; CHEMBL3577; CHEMBL3579; CHEMBL4881,0
CHEMBL4437551,5,1,Kinases,CHEMBL2842; CHEMBL3130; CHEMBL3145; CHEMBL3267; CHEMBL4005,0
CHEMBL4452143,5,1,Kinases,CHEMBL2842; CHEMBL3130; CHEMBL3145; CHEMBL3267; CHEMBL4005,0
CHEMBL4468039,5,1,Kinases,CHEMBL2842; CHEMBL3130; CHEMBL3145; CHEMBL3267; CHEMBL4005,0
CHEMBL4519227,5,1,Other/unclassified,CHEMBL4523143; CHEMBL4531; CHEMBL4915; CHEMBL5474; CHEMBL5475,0
CHEMBL4635964,5,1,Carbonic anhydrases,CHEMBL2326; CHEMBL3242; CHEMBL3594; CHEMBL3969; CHEMBL4789,0
CHEMBL4639447,5,1,Carbonic anhydrases,CHEMBL2326; CHEMBL3242; CHEMBL3594; CHEMBL3969; CHEMBL4789,0
CHEMBL4644555,5,1,Carbonic anhydrases,CHEMBL2326; CHEMBL3242; CHEMBL3594; CHEMBL3969; CHEMBL4789,0
CHEMBL4644661,5,1,Carbonic anhydrases,CHEMBL2326; CHEMBL3242; CHEMBL3594; CHEMBL3969; CHEMBL4789,0
CHEMBL479462,5,1,Carbonic anhydrases,CHEMBL2326; CHEMBL261; CHEMBL3242; CHEMBL3594; CHEMBL3912,0
CHEMBL501358,5,1,Carbonic anhydrases,CHEMBL2326; CHEMBL261; CHEMBL3242; CHEMBL3594; CHEMBL3912,0
CHEMBL5402892,5,1,Carbonic anhydrases,CHEMBL205; CHEMBL2326; CHEMBL261; CHEMBL3594; CHEMBL3729,0
CHEMBL5423031,5,1,Cytochrome P450s,CHEMBL289; CHEMBL3356; CHEMBL3397; CHEMBL340; CHEMBL3622,0
CHEMBL5771742,5,1,Cytochrome P450s,CHEMBL2231; CHEMBL289; CHEMBL3622; CHEMBL4729; CHEMBL5792,0
CHEMBL1255659,4,1,Cytochrome P450s,CHEMBL289; CHEMBL3356; CHEMBL340; CHEMBL3622,0
CHEMBL1258748,4,1,Other enzymes,CHEMBL2916; CHEMBL2949; CHEMBL3564; CHEMBL4102,0
CHEMBL1334334,4,1,Cytochrome P450s,CHEMBL289; CHEMBL3356; CHEMBL3397; CHEMBL3622,0
CHEMBL1337320,4,1,Cytochrome P450s,CHEMBL3356; CHEMBL3397; CHEMBL340; CHEMBL3622,0
CHEMBL1340445,4,1,Proteases,CHEMBL1250413; CHEMBL1741185; CHEMBL2366; CHEMBL3411,0
CHEMBL1349786,4,1,Cytochrome P450s,CHEMBL3356; CHEMBL3397; CHEMBL340; CHEMBL3622,0
CHEMBL1351708,4,1,Proteases,CHEMBL1741207; CHEMBL1741213; CHEMBL1741215; CHEMBL2334,0
CHEMBL1352616,4,1,Cytochrome P450s,CHEMBL3356; CHEMBL3397; CHEMBL340; CHEMBL3622,0
CHEMBL1379083,4,1,Cytochrome P450s,CHEMBL289; CHEMBL3356; CHEMBL3397; CHEMBL3622,0
CHEMBL1392868,4,1,Cytochrome P450s,CHEMBL3356; CHEMBL3397; CHEMBL340; CHEMBL3622,0
CHEMBL1393422,4,1,Carbonic anhydrases,CHEMBL205; CHEMBL261; CHEMBL3242; CHEMBL3594,0
CHEMBL1409809,4,1,Cytochrome P450s,CHEMBL3356; CHEMBL3397; CHEMBL340; CHEMBL3622,0
CHEMBL1417141,4,1,Other enzymes,CHEMBL1795098; CHEMBL2007628; CHEMBL2635; CHEMBL3864,0
CHEMBL1418096,4,1,Proteases,CHEMBL1741207; CHEMBL1741213; CHEMBL1741215; CHEMBL2334,0
CHEMBL1443086,4,1,Cytochrome P450s,CHEMBL3356; CHEMBL3397; CHEMBL340; CHEMBL3622,0
CHEMBL1456931,4,1,Cytochrome P450s,CHEMBL3356; CHEMBL3397; CHEMBL340; CHEMBL3622,0
CHEMBL1463576,4,1,Cytochrome P450s,CHEMBL289; CHEMBL3356; CHEMBL340; CHEMBL3622,0
CHEMBL1466372,4,1,Cytochrome P450s,CHEMBL289; CHEMBL3356; CHEMBL3397; CHEMBL3622,0
CHEMBL1478351,4,1,Cytochrome P450s,CHEMBL3356; CHEMBL3397; CHEMBL340; CHEMBL3622,0
CHEMBL1484692,4,1,Cytochrome P450s,CHEMBL3356; CHEMBL3397; CHEMBL340; CHEMBL3622,0
CHEMBL1489817,4,1,Proteases,CHEMBL1741207; CHEMBL1741213; CHEMBL1741215; CHEMBL2334,0
CHEMBL1525722,4,1,Proteases,CHEMBL1741207; CHEMBL1741213; CHEMBL1741215; CHEMBL2334,0
CHEMBL1529932,4,1,Other enzymes,CHEMBL3151; CHEMBL3402; CHEMBL5573; CHEMBL5979,0
CHEMBL1535692,4,1,Other enzymes,CHEMBL1795098; CHEMBL2007628; CHEMBL2635; CHEMBL3864,0
CHEMBL1546137,4,1,Cytochrome P450s,CHEMBL3356; CHEMBL3397; CHEMBL340; CHEMBL3622,0
CHEMBL1562069,4,1,Other enzymes,CHEMBL1935; CHEMBL3112384; CHEMBL3579; CHEMBL4881,0
CHEMBL1576446,4,1,Cytochrome P450s,CHEMBL3356; CHEMBL3397; CHEMBL340; CHEMBL3622,0
CHEMBL1580701,4,1,Cytochrome P450s,CHEMBL289; CHEMBL3356; CHEMBL3397; CHEMBL3622,0
CHEMBL1938472,4,1,Carbonic anhydrases,CHEMBL205; CHEMBL261; CHEMBL3242; CHEMBL3594,0
CHEMBL1938473,4,1,Carbonic anhydrases,CHEMBL205; CHEMBL261; CHEMBL3242; CHEMBL3594,0
CHEMBL198891,4,1,Carbonic anhydrases,CHEMBL205; CHEMBL261; CHEMBL3594; CHEMBL4789,0
CHEMBL198913,4,1,Carbonic anhydrases,CHEMBL205; CHEMBL261; CHEMBL3594; CHEMBL4789,0
CHEMBL2112310,4,1,Nuclear receptors,CHEMBL1871; CHEMBL1994; CHEMBL2034; CHEMBL208,0
CHEMBL2112311,4,1,Nuclear receptors,CHEMBL1871; CHEMBL1994; CHEMBL2034; CHEMBL208,0
CHEMBL2112312,4,1,Nuclear receptors,CHEMBL1871; CHEMBL1994; CHEMBL2034; CHEMBL208,0
CHEMBL2314726,4,1,Cholinesterases,CHEMBL1914; CHEMBL220; CHEMBL4768; CHEMBL5763,0
CHEMBL2316106,4,1,Carbonic anhydrases,CHEMBL205; CHEMBL261; CHEMBL3242; CHEMBL3594,0
CHEMBL2316107,4,1,Carbonic anhydrases,CHEMBL205; CHEMBL261; CHEMBL3242; CHEMBL3594,0
CHEMBL2316108,4,1,Carbonic anhydrases,CHEMBL205; CHEMBL261; CHEMBL3242; CHEMBL3594,0
CHEMBL2334352,4,1,Carbonic anhydrases,CHEMBL261; CHEMBL3242; CHEMBL3594; CHEMBL3912,0
CHEMBL239507,4,1,Monoamine oxidases,CHEMBL1951; CHEMBL2039; CHEMBL2993; CHEMBL3358,0
CHEMBL270722,4,1,Kinases,CHEMBL2147; CHEMBL2292; CHEMBL4523; CHEMBL5407,0
CHEMBL308819,4,1,Carbonic anhydrases,CHEMBL261; CHEMBL3242; CHEMBL3594; CHEMBL3729,0
CHEMBL3219184,4,1,Other enzymes,CHEMBL2378; CHEMBL2635; CHEMBL3775; CHEMBL4804,0
CHEMBL3219185,4,1,Other enzymes,CHEMBL2378; CHEMBL2635; CHEMBL3775; CHEMBL4804,0
CHEMBL332154,4,1,G protein-coupled receptors,CHEMBL219; CHEMBL234; CHEMBL327; CHEMBL3737,0
CHEMBL3354139,4,1,Carbonic anhydrases,CHEMBL205; CHEMBL261; CHEMBL3242; CHEMBL3594,0
CHEMBL3354140,4,1,Carbonic anhydrases,CHEMBL205; CHEMBL261; CHEMBL3242; CHEMBL3594,0
CHEMBL3623671,4,1,Carbonic anhydrases,CHEMBL205; CHEMBL261; CHEMBL3242; CHEMBL3594,0
CHEMBL3623676,4,1,Carbonic anhydrases,CHEMBL205; CHEMBL261; CHEMBL3242; CHEMBL3594,0
CHEMBL365927,4,1,Other enzymes,CHEMBL2563; CHEMBL2716; CHEMBL3524; CHEMBL4145,0
CHEMBL3804869,4,1,Carbonic anhydrases,CHEMBL205; CHEMBL261; CHEMBL3242; CHEMBL3594,0
CHEMBL3804879,4,1,Carbonic anhydrases,CHEMBL205; CHEMBL261; CHEMBL3242; CHEMBL3594,0
CHEMBL3804902,4,1,Carbonic anhydrases,CHEMBL205; CHEMBL261; CHEMBL3242; CHEMBL3594,0
CHEMBL3804909,4,1,Carbonic anhydrases,CHEMBL205; CHEMBL261; CHEMBL3242; CHEMBL3594,0
CHEMBL3805080,4,1,Carbonic anhydrases,CHEMBL205; CHEMBL261; CHEMBL3242; CHEMBL3594,0
CHEMBL3805133,4,1,Carbonic anhydrases,CHEMBL205; CHEMBL261; CHEMBL3242; CHEMBL3594,0
CHEMBL3805222,4,1,Carbonic anhydrases,CHEMBL205; CHEMBL261; CHEMBL3242; CHEMBL3594,0
CHEMBL3805263,4,1,Carbonic anhydrases,CHEMBL205; CHEMBL261; CHEMBL3242; CHEMBL3594,0
CHEMBL3805418,4,1,Carbonic anhydrases,CHEMBL205; CHEMBL261; CHEMBL3242; CHEMBL3594,0
CHEMBL3805545,4,1,Carbonic anhydrases,CHEMBL205; CHEMBL261; CHEMBL3242; CHEMBL3594,0
CHEMBL3805601,4,1,Carbonic anhydrases,CHEMBL205; CHEMBL261; CHEMBL3242; CHEMBL3594,0
CHEMBL3805723,4,1,Carbonic anhydrases,CHEMBL205; CHEMBL261; CHEMBL3242; CHEMBL3594,0
CHEMBL3805861,4,1,Carbonic anhydrases,CHEMBL205; CHEMBL261; CHEMBL3242; CHEMBL3594,0
CHEMBL3805886,4,1,Carbonic anhydrases,CHEMBL205; CHEMBL261; CHEMBL3242; CHEMBL3594,0
CHEMBL3805892,4,1,Carbonic anhydrases,CHEMBL205; CHEMBL261; CHEMBL3242; CHEMBL3594,0
CHEMBL3805906,4,1,Carbonic anhydrases,CHEMBL205; CHEMBL261; CHEMBL3242; CHEMBL3594,0
CHEMBL3805919,4,1,Carbonic anhydrases,CHEMBL205; CHEMBL261; CHEMBL3242; CHEMBL3594,0
CHEMBL3806010,4,1,Carbonic anhydrases,CHEMBL205; CHEMBL261; CHEMBL3242; CHEMBL3594,0
CHEMBL3806054,4,1,Carbonic anhydrases,CHEMBL205; CHEMBL261; CHEMBL3242; CHEMBL3594,0
CHEMBL3806068,4,1,Carbonic anhydrases,CHEMBL205; CHEMBL261; CHEMBL3242; CHEMBL3594,0
CHEMBL3806081,4,1,Carbonic anhydrases,CHEMBL205; CHEMBL261; CHEMBL3242; CHEMBL3594,0
CHEMBL3906400,4,1,Ion channels and transporters,CHEMBL2309; CHEMBL4205; CHEMBL4306; CHEMBL4633,0
CHEMBL3924724,4,1,Other enzymes,CHEMBL2007628; CHEMBL335; CHEMBL3807; CHEMBL4295521,0
CHEMBL4072941,4,1,Other enzymes,CHEMBL1935; CHEMBL3112384; CHEMBL3579; CHEMBL4881,0
CHEMBL4072973,4,1,Other enzymes,CHEMBL3112384; CHEMBL3577; CHEMBL3579; CHEMBL4881,0
CHEMBL4073330,4,1,G protein-coupled receptors,CHEMBL217; CHEMBL219; CHEMBL224; CHEMBL234,0
CHEMBL4084690,4,1,G protein-coupled receptors,CHEMBL217; CHEMBL219; CHEMBL224; CHEMBL234,0
CHEMBL4090473,4,1,Other enzymes,CHEMBL1935; CHEMBL3112384; CHEMBL3577; CHEMBL4881,0
CHEMBL4160871,4,1,Carbonic anhydrases,CHEMBL205; CHEMBL261; CHEMBL3242; CHEMBL3594,0
CHEMBL4168142,4,1,Carbonic anhydrases,CHEMBL205; CHEMBL261; CHEMBL3242; CHEMBL3594,0
CHEMBL4171486,4,1,Carbonic anhydrases,CHEMBL205; CHEMBL261; CHEMBL3242; CHEMBL3594,0
CHEMBL4175989,4,1,Carbonic anhydrases,CHEMBL205; CHEMBL261; CHEMBL3242; CHEMBL3594,0
CHEMBL429797,4,1,G protein-coupled receptors,CHEMBL218; CHEMBL253; CHEMBL3571; CHEMBL5373,0
CHEMBL4438807,4,1,Other enzymes,CHEMBL1858; CHEMBL1895; CHEMBL2424506; CHEMBL4088,0
CHEMBL4440911,4,1,Kinases,CHEMBL3130; CHEMBL3145; CHEMBL3267; CHEMBL4005,0
CHEMBL4441408,4,1,Kinases,CHEMBL3130; CHEMBL3145; CHEMBL3267; CHEMBL4005,0
CHEMBL4445433,4,1,Kinases,CHEMBL3130; CHEMBL3145; CHEMBL3267; CHEMBL4005,0
CHEMBL4445613,4,1,Other enzymes,CHEMBL1858; CHEMBL1895; CHEMBL2424506; CHEMBL4088,0
CHEMBL4448759,4,1,Kinases,CHEMBL3130; CHEMBL3145; CHEMBL3267; CHEMBL4005,0
CHEMBL4449994,4,1,Other enzymes,CHEMBL2007628; CHEMBL335; CHEMBL3807; CHEMBL4295521,0
CHEMBL4451013,4,1,Kinases,CHEMBL3130; CHEMBL3145; CHEMBL3267; CHEMBL4005,0
CHEMBL4451890,4,1,Other enzymes,CHEMBL1858; CHEMBL1895; CHEMBL2424506; CHEMBL4088,0
CHEMBL4451925,4,1,Kinases,CHEMBL3130; CHEMBL3145; CHEMBL3267; CHEMBL4005,0
CHEMBL4465361,4,1,Other enzymes,CHEMBL1858; CHEMBL1895; CHEMBL2424506; CHEMBL4088,0
CHEMBL4467368,4,1,Other enzymes,CHEMBL2007628; CHEMBL335; CHEMBL3807; CHEMBL4295521,0
CHEMBL4467826,4,1,Other enzymes,CHEMBL1858; CHEMBL1895; CHEMBL2424506; CHEMBL4088,0
CHEMBL4469594,4,1,Kinases,CHEMBL3130; CHEMBL3145; CHEMBL3267; CHEMBL4005,0
CHEMBL4513423,4,1,Kinases,CHEMBL2842; CHEMBL3130; CHEMBL3267; CHEMBL4005,0
CHEMBL4518471,4,1,Kinases,CHEMBL3130; CHEMBL3145; CHEMBL3267; CHEMBL4005,0
CHEMBL4519664,4,1,Kinases,CHEMBL3130; CHEMBL3145; CHEMBL3267; CHEMBL4005,0
CHEMBL4520000,4,1,Kinases,CHEMBL3130; CHEMBL3145; CHEMBL3267; CHEMBL4005,0
CHEMBL4527338,4,1,Other enzymes,CHEMBL1858; CHEMBL1895; CHEMBL2424506; CHEMBL4088,0
CHEMBL4530941,4,1,Other enzymes,CHEMBL1858; CHEMBL1895; CHEMBL2424506; CHEMBL4088,0
CHEMBL4531900,4,1,Other enzymes,CHEMBL1858; CHEMBL1895; CHEMBL2424506; CHEMBL4088,0
CHEMBL4532073,4,1,Kinases,CHEMBL3130; CHEMBL3145; CHEMBL3267; CHEMBL4005,0
CHEMBL4532366,4,1,Kinases,CHEMBL3130; CHEMBL3145; CHEMBL3267; CHEMBL4005,0
CHEMBL4533152,4,1,Other enzymes,CHEMBL1858; CHEMBL1895; CHEMBL2424506; CHEMBL4088,0
CHEMBL4536608,4,1,Other enzymes,CHEMBL1858; CHEMBL1895; CHEMBL2424506; CHEMBL4088,0
CHEMBL4536655,4,1,Kinases,CHEMBL3130; CHEMBL3145; CHEMBL3267; CHEMBL4005,0
CHEMBL4537564,4,1,Other enzymes,CHEMBL1858; CHEMBL1895; CHEMBL2424506; CHEMBL4088,0
CHEMBL4538428,4,1,Other enzymes,CHEMBL1858; CHEMBL1895; CHEMBL2424506; CHEMBL4088,0
CHEMBL4544202,4,1,Other enzymes,CHEMBL1858; CHEMBL1895; CHEMBL2424506; CHEMBL4088,0
CHEMBL4545402,4,1,Kinases,CHEMBL3130; CHEMBL3145; CHEMBL3267; CHEMBL4005,0
CHEMBL4549719,4,1,Other enzymes,CHEMBL1858; CHEMBL1895; CHEMBL2424506; CHEMBL4088,0
CHEMBL4554663,4,1,Other enzymes,CHEMBL1858; CHEMBL1895; CHEMBL2424506; CHEMBL4088,0
CHEMBL4566022,4,1,Kinases,CHEMBL3130; CHEMBL3145; CHEMBL3267; CHEMBL4005,0
CHEMBL4567626,4,1,Other enzymes,CHEMBL1858; CHEMBL1895; CHEMBL2424506; CHEMBL4088,0
CHEMBL4568307,4,1,Kinases,CHEMBL3130; CHEMBL3145; CHEMBL3267; CHEMBL4005,0
CHEMBL4569403,4,1,Other enzymes,CHEMBL1858; CHEMBL1895; CHEMBL2424506; CHEMBL4088,0
CHEMBL4570423,4,1,Other enzymes,CHEMBL1858; CHEMBL1895; CHEMBL2424506; CHEMBL4088,0
CHEMBL4573905,4,1,Kinases,CHEMBL3130; CHEMBL3145; CHEMBL3267; CHEMBL4005,0
CHEMBL4581364,4,1,Kinases,CHEMBL3130; CHEMBL3145; CHEMBL3267; CHEMBL4005,0
CHEMBL4583024,4,1,Other enzymes,CHEMBL1858; CHEMBL1895; CHEMBL2424506; CHEMBL4088,0
CHEMBL4586115,4,1,Kinases,CHEMBL3130; CHEMBL3145; CHEMBL3267; CHEMBL4005,0
CHEMBL4588244,4,1,Other/unclassified,CHEMBL4523143; CHEMBL4531; CHEMBL4915; CHEMBL5475,0
CHEMBL4591567,4,1,Kinases,CHEMBL3130; CHEMBL3145; CHEMBL3267; CHEMBL4005,0
CHEMBL4593416,4,1,Kinases,CHEMBL2842; CHEMBL3130; CHEMBL3145; CHEMBL3267,0
CHEMBL4638601,4,1,Carbonic anhydrases,CHEMBL2326; CHEMBL3242; CHEMBL3969; CHEMBL4789,0
CHEMBL4649280,4,1,Carbonic anhydrases,CHEMBL2326; CHEMBL3242; CHEMBL3969; CHEMBL4789,0
CHEMBL4750356,4,1,Carbonic anhydrases,CHEMBL205; CHEMBL261; CHEMBL3242; CHEMBL3594,0
CHEMBL4756105,4,1,Carbonic anhydrases,CHEMBL205; CHEMBL261; CHEMBL3242; CHEMBL3594,0
CHEMBL4756231,4,1,Carbonic anhydrases,CHEMBL205; CHEMBL261; CHEMBL3242; CHEMBL3594,0
CHEMBL4761017,4,1,Carbonic anhydrases,CHEMBL205; CHEMBL261; CHEMBL3242; CHEMBL3594,0
CHEMBL4761025,4,1,Carbonic anhydrases,CHEMBL205; CHEMBL261; CHEMBL3242; CHEMBL3594,0
CHEMBL4763272,4,1,Carbonic anhydrases,CHEMBL205; CHEMBL261; CHEMBL3242; CHEMBL3594,0
CHEMBL4764288,4,1,Carbonic anhydrases,CHEMBL205; CHEMBL261; CHEMBL3242; CHEMBL3594,0
CHEMBL4778064,4,1,Carbonic anhydrases,CHEMBL205; CHEMBL261; CHEMBL3242; CHEMBL3594,0
CHEMBL477822,4,1,Carbonic anhydrases,CHEMBL205; CHEMBL261; CHEMBL3242; CHEMBL3594,0
CHEMBL478669,4,1,Carbonic anhydrases,CHEMBL205; CHEMBL261; CHEMBL3242; CHEMBL3594,0
CHEMBL4845700,4,1,Carbonic anhydrases,CHEMBL205; CHEMBL261; CHEMBL3242; CHEMBL3594,0
CHEMBL4846304,4,1,Carbonic anhydrases,CHEMBL205; CHEMBL261; CHEMBL3242; CHEMBL3594,0
CHEMBL4851758,4,1,Carbonic anhydrases,CHEMBL205; CHEMBL261; CHEMBL3242; CHEMBL3594,0
CHEMBL4855281,4,1,Carbonic anhydrases,CHEMBL205; CHEMBL261; CHEMBL3242; CHEMBL3594,0
CHEMBL4856438,4,1,Carbonic anhydrases,CHEMBL205; CHEMBL261; CHEMBL3242; CHEMBL3594,0
CHEMBL4858765,4,1,Carbonic anhydrases,CHEMBL205; CHEMBL261; CHEMBL3242; CHEMBL3594,0
CHEMBL4860266,4,1,Carbonic anhydrases,CHEMBL205; CHEMBL261; CHEMBL3242; CHEMBL3594,0
CHEMBL4860280,4,1,Carbonic anhydrases,CHEMBL205; CHEMBL261; CHEMBL3242; CHEMBL3594,0
CHEMBL4860675,4,1,Carbonic anhydrases,CHEMBL205; CHEMBL261; CHEMBL3242; CHEMBL3594,0
CHEMBL4863083,4,1,Carbonic anhydrases,CHEMBL205; CHEMBL261; CHEMBL3242; CHEMBL3594,0
CHEMBL4863904,4,1,Carbonic anhydrases,CHEMBL205; CHEMBL261; CHEMBL3242; CHEMBL3594,0
CHEMBL486686,4,1,Other enzymes,CHEMBL2563; CHEMBL2716; CHEMBL3524; CHEMBL4145,0
CHEMBL4869248,4,1,Carbonic anhydrases,CHEMBL205; CHEMBL261; CHEMBL3242; CHEMBL3594,0
CHEMBL4873316,4,1,Carbonic anhydrases,CHEMBL205; CHEMBL261; CHEMBL3242; CHEMBL3594,0
CHEMBL4874085,4,1,Carbonic anhydrases,CHEMBL205; CHEMBL261; CHEMBL3242; CHEMBL3594,0
CHEMBL4876101,4,1,Carbonic anhydrases,CHEMBL205; CHEMBL261; CHEMBL3242; CHEMBL3594,0
CHEMBL4876151,4,1,Carbonic anhydrases,CHEMBL205; CHEMBL261; CHEMBL3242; CHEMBL3594,0
CHEMBL489182,4,1,Carbonic anhydrases,CHEMBL205; CHEMBL261; CHEMBL3242; CHEMBL3594,0
CHEMBL492022,4,1,Carbonic anhydrases,CHEMBL205; CHEMBL261; CHEMBL3242; CHEMBL3594,0
CHEMBL514556,4,1,Carbonic anhydrases,CHEMBL205; CHEMBL261; CHEMBL3242; CHEMBL3594,0
CHEMBL5433282,4,1,Other/unclassified,CHEMBL1781865; CHEMBL2062348; CHEMBL4295757; CHEMBL5460,0
CHEMBL75121,4,1,Cholinesterases,CHEMBL1914; CHEMBL220; CHEMBL4078; CHEMBL5763,0
CHEMBL113230,3,1,G protein-coupled receptors,CHEMBL253; CHEMBL3571; CHEMBL5373,0
CHEMBL120590,3,1,G protein-coupled receptors,CHEMBL217; CHEMBL234; CHEMBL273,0
CHEMBL120661,3,1,G protein-coupled receptors,CHEMBL217; CHEMBL234; CHEMBL273,0
CHEMBL1258747,3,1,Other enzymes,CHEMBL2916; CHEMBL2949; CHEMBL4102,0
CHEMBL1307271,3,1,Other/unclassified,CHEMBL1293251; CHEMBL1795086; CHEMBL3880,0
CHEMBL1322914,3,1,Cytochrome P450s,CHEMBL289; CHEMBL3356; CHEMBL3397,0
CHEMBL1323317,3,1,Cytochrome P450s,CHEMBL3356; CHEMBL3397; CHEMBL3622,0
CHEMBL1335052,3,1,Cytochrome P450s,CHEMBL3356; CHEMBL340; CHEMBL3622,0
CHEMBL1335064,3,1,Proteases,CHEMBL2007629; CHEMBL333; CHEMBL4471,0
CHEMBL1340864,3,1,Cytochrome P450s,CHEMBL3356; CHEMBL3397; CHEMBL3622,0
CHEMBL1370260,3,1,Other enzymes,CHEMBL3151; CHEMBL5573; CHEMBL5979,0
CHEMBL1370536,3,1,Other/unclassified,CHEMBL1293251; CHEMBL1741163; CHEMBL4450,0
CHEMBL1371243,3,1,Cytochrome P450s,CHEMBL3356; CHEMBL3397; CHEMBL3622,0
CHEMBL1378353,3,1,Cytochrome P450s,CHEMBL3356; CHEMBL340; CHEMBL3622,0
CHEMBL1382643,3,1,Proteases,CHEMBL1250413; CHEMBL2366; CHEMBL3411,0
CHEMBL1403554,3,1,Cytochrome P450s,CHEMBL3356; CHEMBL3397; CHEMBL340,0
CHEMBL1406911,3,1,Other/unclassified,CHEMBL1741194; CHEMBL1795086; CHEMBL3880,0
CHEMBL1407021,3,1,Other enzymes,CHEMBL2007628; CHEMBL2635; CHEMBL3864,0
CHEMBL140796,3,1,Cytochrome P450s,CHEMBL2231; CHEMBL3356; CHEMBL4878,0
CHEMBL1409167,3,1,Cytochrome P450s,CHEMBL3356; CHEMBL3397; CHEMBL3622,0
CHEMBL1409292,3,1,Cytochrome P450s,CHEMBL289; CHEMBL3356; CHEMBL3397,0
CHEMBL1409828,3,1,G protein-coupled receptors,CHEMBL2955; CHEMBL3230; CHEMBL4333,0
CHEMBL141680,3,1,Ion channels and transporters,CHEMBL2086; CHEMBL2309; CHEMBL4818,0
CHEMBL142582,3,1,Monoamine oxidases,CHEMBL2039; CHEMBL2993; CHEMBL3358,0
CHEMBL142738,3,1,Monoamine oxidases,CHEMBL2039; CHEMBL2993; CHEMBL3358,0
CHEMBL142916,3,1,Monoamine oxidases,CHEMBL2039; CHEMBL2993; CHEMBL3358,0
CHEMBL143316,3,1,Monoamine oxidases,CHEMBL2039; CHEMBL2993; CHEMBL3358,0
CHEMBL143555,3,1,Monoamine oxidases,CHEMBL2039; CHEMBL2993; CHEMBL3358,0
CHEMBL1441570,3,1,Carbonic anhydrases,CHEMBL261; CHEMBL3242; CHEMBL3594,0
CHEMBL145003,3,1,Monoamine oxidases,CHEMBL2039; CHEMBL2993; CHEMBL3358,0
CHEMBL1451176,3,1,Cytochrome P450s,CHEMBL3356; CHEMBL3397; CHEMBL3622,0
CHEMBL145452,3,1,Monoamine oxidases,CHEMBL2039; CHEMBL2993; CHEMBL3358,0
CHEMBL145503,3,1,Monoamine oxidases,CHEMBL2039; CHEMBL2993; CHEMBL3358,0
CHEMBL145792,3,1,Monoamine oxidases,CHEMBL2039; CHEMBL2993; CHEMBL3358,0
CHEMBL1464332,3,1,Other/unclassified,CHEMBL1293222; CHEMBL1293266; CHEMBL1825,0
CHEMBL1484400,3,1,Cytochrome P450s,CHEMBL3356; CHEMBL3397; CHEMBL3622,0
CHEMBL1489711,3,1,Other enzymes,CHEMBL2007628; CHEMBL2635; CHEMBL3864,0
CHEMBL150372,3,1,Other enzymes,CHEMBL1900; CHEMBL1973; CHEMBL5485,0
CHEMBL1506329,3,1,Other/unclassified,CHEMBL1293286; CHEMBL1293304; CHEMBL1293319,0
CHEMBL1518304,3,1,Proteases,CHEMBL1250413; CHEMBL2366; CHEMBL3411,0
CHEMBL1524629,3,1,Cytochrome P450s,CHEMBL3356; CHEMBL3397; CHEMBL3622,0
CHEMBL1533148,3,1,Cytochrome P450s,CHEMBL3356; CHEMBL340; CHEMBL3622,0
CHEMBL1567121,3,1,Cytochrome P450s,CHEMBL3356; CHEMBL340; CHEMBL3622,0
CHEMBL1583960,3,1,Other enzymes,CHEMBL1293244; CHEMBL1293246; CHEMBL1293260,0
CHEMBL158660,3,1,Carbonic anhydrases,CHEMBL205; CHEMBL261; CHEMBL281,0
CHEMBL158693,3,1,Carbonic anhydrases,CHEMBL205; CHEMBL261; CHEMBL281,0
CHEMBL1587369,3,1,Cytochrome P450s,CHEMBL289; CHEMBL3356; CHEMBL3622,0
CHEMBL158827,3,1,Carbonic anhydrases,CHEMBL205; CHEMBL261; CHEMBL281,0
CHEMBL1596513,3,1,Cytochrome P450s,CHEMBL3356; CHEMBL340; CHEMBL3622,0
CHEMBL1603267,3,1,Cytochrome P450s,CHEMBL3356; CHEMBL3397; CHEMBL3622,0
CHEMBL161032,3,1,Carbonic anhydrases,CHEMBL205; CHEMBL261; CHEMBL281,0
CHEMBL161371,3,1,Carbonic anhydrases,CHEMBL205; CHEMBL261; CHEMBL281,0
CHEMBL161438,3,1,Carbonic anhydrases,CHEMBL205; CHEMBL261; CHEMBL281,0
CHEMBL161443,3,1,Carbonic anhydrases,CHEMBL205; CHEMBL261; CHEMBL281,0
CHEMBL161560,3,1,Carbonic anhydrases,CHEMBL205; CHEMBL261; CHEMBL281,0
CHEMBL161658,3,1,Carbonic anhydrases,CHEMBL205; CHEMBL261; CHEMBL281,0
CHEMBL161802,3,1,Carbonic anhydrases,CHEMBL205; CHEMBL261; CHEMBL281,0
CHEMBL162021,3,1,Carbonic anhydrases,CHEMBL205; CHEMBL261; CHEMBL281,0
CHEMBL1688543,3,1,Other enzymes,CHEMBL1697656; CHEMBL2755; CHEMBL3902,0
CHEMBL1688544,3,1,Other enzymes,CHEMBL1697656; CHEMBL2755; CHEMBL3902,0
CHEMBL1701468,3,1,Proteases,CHEMBL1741185; CHEMBL2366; CHEMBL3411,0
CHEMBL1777843,3,1,G protein-coupled receptors,CHEMBL226; CHEMBL251; CHEMBL256,0
CHEMBL1777846,3,1,G protein-coupled receptors,CHEMBL226; CHEMBL251; CHEMBL256,0
CHEMBL1822046,3,1,Other enzymes,CHEMBL1865; CHEMBL3192; CHEMBL325,0
CHEMBL1835807,3,1,Nuclear receptors,CHEMBL1871; CHEMBL2034; CHEMBL208,0
CHEMBL1835832,3,1,Nuclear receptors,CHEMBL1871; CHEMBL2034; CHEMBL208,0
CHEMBL18978,3,1,Monoamine oxidases,CHEMBL2039; CHEMBL2993; CHEMBL3358,0
CHEMBL1927183,3,1,Proteases,CHEMBL280; CHEMBL333; CHEMBL3869,0
CHEMBL1938471,3,1,Carbonic anhydrases,CHEMBL261; CHEMBL3242; CHEMBL3594,0
CHEMBL1951641,3,1,Carbonic anhydrases,CHEMBL261; CHEMBL3242; CHEMBL3594,0
CHEMBL1957172,3,1,Carbonic anhydrases,CHEMBL261; CHEMBL3242; CHEMBL3594,0
CHEMBL1957175,3,1,Carbonic anhydrases,CHEMBL261; CHEMBL3242; CHEMBL3594,0
CHEMBL1957178,3,1,Carbonic anhydrases,CHEMBL261; CHEMBL3242; CHEMBL3594,0
CHEMBL1957180,3,1,Carbonic anhydrases,CHEMBL261; CHEMBL3242; CHEMBL3594,0
CHEMBL1957184,3,1,Carbonic anhydrases,CHEMBL261; CHEMBL3242; CHEMBL3594,0
CHEMBL1957185,3,1,Carbonic anhydrases,CHEMBL261; CHEMBL3242; CHEMBL3594,0
CHEMBL1957186,3,1,Carbonic anhydrases,CHEMBL261; CHEMBL3242; CHEMBL3594,0
CHEMBL1957187,3,1,Carbonic anhydrases,CHEMBL261; CHEMBL3242; CHEMBL3594,0
CHEMBL1957188,3,1,Carbonic anhydrases,CHEMBL261; CHEMBL3242; CHEMBL3594,0
CHEMBL214255,3,1,Monoamine oxidases,CHEMBL2039; CHEMBL2993; CHEMBL3358,0
CHEMBL2172254,3,1,Other enzymes,CHEMBL4681; CHEMBL5847; CHEMBL5905,0
CHEMBL2177249,3,1,G protein-coupled receptors,CHEMBL1075322; CHEMBL218; CHEMBL253,0
CHEMBL2177250,3,1,G protein-coupled receptors,CHEMBL1075322; CHEMBL218; CHEMBL253,0
CHEMBL2177253,3,1,G protein-coupled receptors,CHEMBL1075322; CHEMBL218; CHEMBL253,0
CHEMBL2177257,3,1,G protein-coupled receptors,CHEMBL1075322; CHEMBL218; CHEMBL253,0
CHEMBL2177259,3,1,G protein-coupled receptors,CHEMBL1075322; CHEMBL218; CHEMBL253,0
CHEMBL2177263,3,1,G protein-coupled receptors,CHEMBL1075322; CHEMBL218; CHEMBL253,0
CHEMBL2181544,3,1,G protein-coupled receptors,CHEMBL1075322; CHEMBL218; CHEMBL253,0
CHEMBL2181546,3,1,G protein-coupled receptors,CHEMBL1075322; CHEMBL218; CHEMBL253,0
CHEMBL2203962,3,1,Proteases,CHEMBL268; CHEMBL2954; CHEMBL4072,0
CHEMBL2309599,3,1,G protein-coupled receptors,CHEMBL3176; CHEMBL4894; CHEMBL5577,0
CHEMBL2387227,3,1,G protein-coupled receptors,CHEMBL273; CHEMBL322; CHEMBL339,0
CHEMBL2387228,3,1,G protein-coupled receptors,CHEMBL273; CHEMBL322; CHEMBL339,0
CHEMBL2387232,3,1,G protein-coupled receptors,CHEMBL273; CHEMBL322; CHEMBL339,0
CHEMBL2387233,3,1,G protein-coupled receptors,CHEMBL273; CHEMBL322; CHEMBL339,0
CHEMBL2387237,3,1,G protein-coupled receptors,CHEMBL273; CHEMBL322; CHEMBL339,0
CHEMBL2387238,3,1,G protein-coupled receptors,CHEMBL273; CHEMBL322; CHEMBL339,0
CHEMBL2387239,3,1,G protein-coupled receptors,CHEMBL273; CHEMBL322; CHEMBL339,0
CHEMBL2387241,3,1,G protein-coupled receptors,CHEMBL273; CHEMBL322; CHEMBL339,0
CHEMBL2387244,3,1,G protein-coupled receptors,CHEMBL273; CHEMBL322; CHEMBL339,0
CHEMBL2387245,3,1,G protein-coupled receptors,CHEMBL273; CHEMBL322; CHEMBL339,0
CHEMBL2387248,3,1,G protein-coupled receptors,CHEMBL273; CHEMBL322; CHEMBL339,0
CHEMBL2387249,3,1,G protein-coupled receptors,CHEMBL273; CHEMBL322; CHEMBL339,0
CHEMBL2387250,3,1,G protein-coupled receptors,CHEMBL273; CHEMBL322; CHEMBL339,0
CHEMBL2387251,3,1,G protein-coupled receptors,CHEMBL273; CHEMBL322; CHEMBL339,0
CHEMBL2387254,3,1,G protein-coupled receptors,CHEMBL273; CHEMBL322; CHEMBL339,0
CHEMBL2387255,3,1,G protein-coupled receptors,CHEMBL273; CHEMBL322; CHEMBL339,0
CHEMBL2387256,3,1,G protein-coupled receptors,CHEMBL273; CHEMBL322; CHEMBL339,0
CHEMBL2387257,3,1,G protein-coupled receptors,CHEMBL273; CHEMBL322; CHEMBL339,0
CHEMBL2387258,3,1,G protein-coupled receptors,CHEMBL273; CHEMBL322; CHEMBL339,0
CHEMBL2387259,3,1,G protein-coupled receptors,CHEMBL273; CHEMBL322; CHEMBL339,0
CHEMBL2387262,3,1,G protein-coupled receptors,CHEMBL273; CHEMBL322; CHEMBL339,0
CHEMBL2387267,3,1,G protein-coupled receptors,CHEMBL273; CHEMBL322; CHEMBL339,0
CHEMBL2387532,3,1,G protein-coupled receptors,CHEMBL1075322; CHEMBL218; CHEMBL253,0
CHEMBL2387533,3,1,G protein-coupled receptors,CHEMBL1075322; CHEMBL218; CHEMBL253,0
CHEMBL2387536,3,1,G protein-coupled receptors,CHEMBL1075322; CHEMBL218; CHEMBL253,0
CHEMBL2387538,3,1,G protein-coupled receptors,CHEMBL1075322; CHEMBL218; CHEMBL253,0
CHEMBL2391486,3,1,Cholinesterases,CHEMBL220; CHEMBL4078; CHEMBL5763,0
CHEMBL239508,3,1,Monoamine oxidases,CHEMBL1951; CHEMBL2039; CHEMBL2993,0
CHEMBL2425487,3,1,Kinases,CHEMBL1075282; CHEMBL2147; CHEMBL2292,0
CHEMBL252674,3,1,Proteases,CHEMBL321; CHEMBL333; CHEMBL3706,0
CHEMBL253489,3,1,Proteases,CHEMBL321; CHEMBL333; CHEMBL3706,0
CHEMBL253694,3,1,Proteases,CHEMBL321; CHEMBL333; CHEMBL3706,0
CHEMBL265805,3,1,G protein-coupled receptors,CHEMBL319; CHEMBL322; CHEMBL339,0
CHEMBL266712,3,1,G protein-coupled receptors,CHEMBL253; CHEMBL3571; CHEMBL5373,0
CHEMBL267854,3,1,Proteases,CHEMBL321; CHEMBL333; CHEMBL3706,0
CHEMBL270672,3,1,Carbonic anhydrases,CHEMBL261; CHEMBL3242; CHEMBL3594,0
CHEMBL298108,3,1,G protein-coupled receptors,CHEMBL319; CHEMBL322; CHEMBL339,0
CHEMBL301141,3,1,Carbonic anhydrases,CHEMBL261; CHEMBL3242; CHEMBL3594,0
CHEMBL3120165,3,1,G protein-coupled receptors,CHEMBL273; CHEMBL322; CHEMBL339,0
CHEMBL3120678,3,1,G protein-coupled receptors,CHEMBL273; CHEMBL322; CHEMBL339,0
CHEMBL3120680,3,1,G protein-coupled receptors,CHEMBL273; CHEMBL322; CHEMBL339,0
CHEMBL3120683,3,1,G protein-coupled receptors,CHEMBL273; CHEMBL322; CHEMBL339,0
CHEMBL3120686,3,1,G protein-coupled receptors,CHEMBL273; CHEMBL322; CHEMBL339,0
CHEMBL3120690,3,1,G protein-coupled receptors,CHEMBL273; CHEMBL322; CHEMBL339,0
CHEMBL3120691,3,1,G protein-coupled receptors,CHEMBL273; CHEMBL322; CHEMBL339,0
CHEMBL3120693,3,1,G protein-coupled receptors,CHEMBL273; CHEMBL322; CHEMBL339,0
CHEMBL3120694,3,1,G protein-coupled receptors,CHEMBL3138; CHEMBL322; CHEMBL324,0
CHEMBL3120695,3,1,G protein-coupled receptors,CHEMBL273; CHEMBL322; CHEMBL339,0
CHEMBL3120698,3,1,G protein-coupled receptors,CHEMBL273; CHEMBL322; CHEMBL339,0
CHEMBL314095,3,1,G protein-coupled receptors,CHEMBL217; CHEMBL219; CHEMBL234,0
CHEMBL3208526,3,1,Cytochrome P450s,CHEMBL289; CHEMBL3356; CHEMBL3622,0
CHEMBL328054,3,1,G protein-coupled receptors,CHEMBL217; CHEMBL219; CHEMBL234,0
CHEMBL329126,3,1,G protein-coupled receptors,CHEMBL217; CHEMBL219; CHEMBL234,0
CHEMBL330100,3,1,G protein-coupled receptors,CHEMBL217; CHEMBL219; CHEMBL234,0
CHEMBL3322093,3,1,Carbonic anhydrases,CHEMBL3242; CHEMBL3594; CHEMBL3729,0
CHEMBL3354142,3,1,Carbonic anhydrases,CHEMBL261; CHEMBL3242; CHEMBL3594,0
CHEMBL340625,3,1,Cholinesterases,CHEMBL220; CHEMBL3199; CHEMBL3403,0
CHEMBL3416552,3,1,Other enzymes,CHEMBL3414417; CHEMBL3784; CHEMBL4669,0
CHEMBL342327,3,1,Monoamine oxidases,CHEMBL2039; CHEMBL2993; CHEMBL3358,0
CHEMBL345585,3,1,Carbonic anhydrases,CHEMBL205; CHEMBL261; CHEMBL281,0
CHEMBL347252,3,1,Carbonic anhydrases,CHEMBL205; CHEMBL261; CHEMBL281,0
CHEMBL348922,3,1,Monoamine oxidases,CHEMBL2039; CHEMBL2993; CHEMBL3358,0
CHEMBL348978,3,1,Carbonic anhydrases,CHEMBL205; CHEMBL261; CHEMBL281,0
CHEMBL348997,3,1,Carbonic anhydrases,CHEMBL205; CHEMBL261; CHEMBL281,0
CHEMBL350327,3,1,Carbonic anhydrases,CHEMBL205; CHEMBL261; CHEMBL281,0
CHEMBL350430,3,1,Carbonic anhydrases,CHEMBL205; CHEMBL261; CHEMBL281,0
CHEMBL351044,3,1,Carbonic anhydrases,CHEMBL205; CHEMBL261; CHEMBL281,0
CHEMBL351692,3,1,Carbonic anhydrases,CHEMBL205; CHEMBL261; CHEMBL281,0
CHEMBL356714,3,1,Monoamine oxidases,CHEMBL2039; CHEMBL2993; CHEMBL3358,0
CHEMBL356977,3,1,Monoamine oxidases,CHEMBL2039; CHEMBL2993; CHEMBL3358,0
CHEMBL357614,3,1,Monoamine oxidases,CHEMBL2039; CHEMBL2993; CHEMBL3358,0
CHEMBL3582270,3,1,G protein-coupled receptors,CHEMBL223; CHEMBL229; CHEMBL232,0
CHEMBL3582272,3,1,G protein-coupled receptors,CHEMBL223; CHEMBL229; CHEMBL232,0
CHEMBL3601437,3,1,Cytochrome P450s,CHEMBL2231; CHEMBL3356; CHEMBL4878,0
CHEMBL3601438,3,1,Cytochrome P450s,CHEMBL2231; CHEMBL3356; CHEMBL4878,0
CHEMBL3601440,3,1,Cytochrome P450s,CHEMBL2231; CHEMBL3356; CHEMBL4878,0
CHEMBL3601441,3,1,Cytochrome P450s,CHEMBL2231; CHEMBL3356; CHEMBL4878,0
CHEMBL3601508,3,1,Cytochrome P450s,CHEMBL2231; CHEMBL3356; CHEMBL4878,0
CHEMBL3601509,3,1,Cytochrome P450s,CHEMBL2231; CHEMBL3356; CHEMBL4878,0
CHEMBL3623325,3,1,Other enzymes,CHEMBL2378; CHEMBL3775; CHEMBL4804,0
CHEMBL3623664,3,1,Carbonic anhydrases,CHEMBL261; CHEMBL3242; CHEMBL3594,0
CHEMBL3623667,3,1,Carbonic anhydrases,CHEMBL261; CHEMBL3242; CHEMBL3594,0
CHEMBL3623668,3,1,Carbonic anhydrases,CHEMBL261; CHEMBL3242; CHEMBL3594,0
CHEMBL3623669,3,1,Carbonic anhydrases,CHEMBL261; CHEMBL3242; CHEMBL3594,0
CHEMBL3623670,3,1,Carbonic anhydrases,CHEMBL261; CHEMBL3242; CHEMBL3594,0
CHEMBL3623672,3,1,Carbonic anhydrases,CHEMBL261; CHEMBL3242; CHEMBL3594,0
CHEMBL3623674,3,1,Carbonic anhydrases,CHEMBL261; CHEMBL3242; CHEMBL3594,0
CHEMBL3623675,3,1,Carbonic anhydrases,CHEMBL261; CHEMBL3242; CHEMBL3594,0
CHEMBL3914193,3,1,G protein-coupled receptors,CHEMBL226; CHEMBL251; CHEMBL256,0
CHEMBL3950921,3,1,G protein-coupled receptors,CHEMBL226; CHEMBL251; CHEMBL256,0
CHEMBL3953745,3,1,Ion channels and transporters,CHEMBL2309; CHEMBL4306; CHEMBL4633,0
CHEMBL402990,3,1,Proteases,CHEMBL321; CHEMBL333; CHEMBL3706,0
CHEMBL4062197,3,1,Other enzymes,CHEMBL221; CHEMBL230; CHEMBL312,0
CHEMBL4063233,3,1,Other enzymes,CHEMBL221; CHEMBL230; CHEMBL312,0
CHEMBL4065539,3,1,Other enzymes,CHEMBL221; CHEMBL230; CHEMBL312,0
CHEMBL4065986,3,1,Other enzymes,CHEMBL221; CHEMBL230; CHEMBL312,0
CHEMBL4069089,3,1,Carbonic anhydrases,CHEMBL3242; CHEMBL3594; CHEMBL3729,0
CHEMBL4069891,3,1,Other enzymes,CHEMBL221; CHEMBL230; CHEMBL312,0
CHEMBL4070807,3,1,Other enzymes,CHEMBL221; CHEMBL230; CHEMBL312,0
CHEMBL4076002,3,1,Other enzymes,CHEMBL221; CHEMBL230; CHEMBL312,0
CHEMBL4076291,3,1,Carbonic anhydrases,CHEMBL3242; CHEMBL3594; CHEMBL3729,0
CHEMBL4076451,3,1,Other enzymes,CHEMBL221; CHEMBL230; CHEMBL312,0
CHEMBL4076889,3,1,Other enzymes,CHEMBL221; CHEMBL230; CHEMBL312,0
CHEMBL4077052,3,1,Other enzymes,CHEMBL221; CHEMBL230; CHEMBL312,0
CHEMBL4077653,3,1,Other enzymes,CHEMBL221; CHEMBL230; CHEMBL312,0
CHEMBL4079043,3,1,Other enzymes,CHEMBL221; CHEMBL230; CHEMBL312,0
CHEMBL4079507,3,1,Carbonic anhydrases,CHEMBL3242; CHEMBL3594; CHEMBL3729,0
CHEMBL4079848,3,1,Carbonic anhydrases,CHEMBL205; CHEMBL3242; CHEMBL3729,0
CHEMBL4082622,3,1,Other enzymes,CHEMBL221; CHEMBL230; CHEMBL312,0
CHEMBL4087725,3,1,Carbonic anhydrases,CHEMBL3242; CHEMBL3594; CHEMBL3729,0
CHEMBL4092434,3,1,Other enzymes,CHEMBL221; CHEMBL230; CHEMBL312,0
CHEMBL4093222,3,1,Other enzymes,CHEMBL2193; CHEMBL2378; CHEMBL3775,0
CHEMBL4096350,3,1,Carbonic anhydrases,CHEMBL3242; CHEMBL3594; CHEMBL3729,0
CHEMBL4097207,3,1,Other enzymes,CHEMBL221; CHEMBL230; CHEMBL312,0
CHEMBL4097542,3,1,Carbonic anhydrases,CHEMBL3242; CHEMBL3594; CHEMBL3729,0
CHEMBL4098262,3,1,Other enzymes,CHEMBL2378; CHEMBL3775; CHEMBL4804,0
CHEMBL4099666,3,1,G protein-coupled receptors,CHEMBL217; CHEMBL219; CHEMBL234,0
CHEMBL4101763,3,1,Other enzymes,CHEMBL221; CHEMBL230; CHEMBL312,0
CHEMBL4102241,3,1,Other enzymes,CHEMBL221; CHEMBL230; CHEMBL312,0
CHEMBL4103176,3,1,Carbonic anhydrases,CHEMBL3242; CHEMBL3594; CHEMBL3729,0
CHEMBL4215022,3,1,G protein-coupled receptors,CHEMBL214; CHEMBL224; CHEMBL273,0
CHEMBL4217466,3,1,Cholinesterases,CHEMBL220; CHEMBL4078; CHEMBL5763,0
CHEMBL4218720,3,1,G protein-coupled receptors,CHEMBL214; CHEMBL224; CHEMBL273,0
CHEMBL422788,3,1,G protein-coupled receptors,CHEMBL217; CHEMBL234; CHEMBL273,0
CHEMBL4228747,3,1,Ion channels and transporters,CHEMBL222; CHEMBL228; CHEMBL238,0
CHEMBL432745,3,1,Carbonic anhydrases,CHEMBL261; CHEMBL3242; CHEMBL3594,0
CHEMBL434695,3,1,Monoamine oxidases,CHEMBL2039; CHEMBL2993; CHEMBL3358,0
CHEMBL434860,3,1,Carbonic anhydrases,CHEMBL205; CHEMBL261; CHEMBL281,0
CHEMBL437770,3,1,Kinases,CHEMBL2499; CHEMBL3130; CHEMBL3145,0
CHEMBL439811,3,1,Monoamine oxidases,CHEMBL2039; CHEMBL2993; CHEMBL3358,0
CHEMBL4435611,3,1,Other enzymes,CHEMBL1858; CHEMBL1895; CHEMBL2424506,0
CHEMBL4435771,3,1,Carbonic anhydrases,CHEMBL205; CHEMBL3242; CHEMBL3594,0
CHEMBL4441397,3,1,Other enzymes,CHEMBL1858; CHEMBL1895; CHEMBL2424506,0
CHEMBL4447913,3,1,Carbonic anhydrases,CHEMBL205; CHEMBL3242; CHEMBL3594,0
CHEMBL4452834,3,1,G protein-coupled receptors,CHEMBL226; CHEMBL251; CHEMBL256,0
CHEMBL4453182,3,1,Other enzymes,CHEMBL1858; CHEMBL1895; CHEMBL2424506,0
CHEMBL4456509,3,1,Carbonic anhydrases,CHEMBL205; CHEMBL3242; CHEMBL3594,0
CHEMBL4465692,3,1,Other enzymes,CHEMBL1858; CHEMBL1895; CHEMBL2424506,0
CHEMBL4471897,3,1,G protein-coupled receptors,CHEMBL226; CHEMBL251; CHEMBL256,0
CHEMBL4515683,3,1,Other enzymes,CHEMBL1858; CHEMBL1895; CHEMBL2424506,0
CHEMBL4524609,3,1,Carbonic anhydrases,CHEMBL205; CHEMBL3242; CHEMBL3594,0
CHEMBL4526845,3,1,G protein-coupled receptors,CHEMBL226; CHEMBL251; CHEMBL256,0
CHEMBL4538641,3,1,Other enzymes,CHEMBL1858; CHEMBL1895; CHEMBL2424506,0
CHEMBL4540508,3,1,Kinases,CHEMBL3130; CHEMBL3145; CHEMBL4005,0
CHEMBL4551749,3,1,G protein-coupled receptors,CHEMBL226; CHEMBL251; CHEMBL256,0
CHEMBL4553497,3,1,G protein-coupled receptors,CHEMBL226; CHEMBL251; CHEMBL256,0
CHEMBL4557277,3,1,Carbonic anhydrases,CHEMBL205; CHEMBL3242; CHEMBL3594,0
CHEMBL4583269,3,1,Carbonic anhydrases,CHEMBL205; CHEMBL3242; CHEMBL3594,0
CHEMBL4585210,3,1,Other enzymes,CHEMBL1858; CHEMBL1895; CHEMBL2424506,0
CHEMBL4586124,3,1,Carbonic anhydrases,CHEMBL3242; CHEMBL3594; CHEMBL3729,0
CHEMBL4587147,3,1,G protein-coupled receptors,CHEMBL226; CHEMBL251; CHEMBL256,0
CHEMBL4589224,3,1,Carbonic anhydrases,CHEMBL205; CHEMBL3242; CHEMBL3594,0
CHEMBL4590079,3,1,Carbonic anhydrases,CHEMBL205; CHEMBL3242; CHEMBL3594,0
CHEMBL4591085,3,1,Other enzymes,CHEMBL1858; CHEMBL1895; CHEMBL2424506,0
CHEMBL4591855,3,1,Carbonic anhydrases,CHEMBL205; CHEMBL3242; CHEMBL3594,0
CHEMBL470224,3,1,G protein-coupled receptors,CHEMBL1075322; CHEMBL253; CHEMBL3571,0
CHEMBL48194,3,1,G protein-coupled receptors,CHEMBL319; CHEMBL322; CHEMBL339,0
CHEMBL48205,3,1,G protein-coupled receptors,CHEMBL319; CHEMBL322; CHEMBL339,0
CHEMBL4857313,3,1,Carbonic anhydrases,CHEMBL261; CHEMBL3242; CHEMBL3594,0
CHEMBL4868909,3,1,Kinases,CHEMBL1913; CHEMBL203; CHEMBL279,0
CHEMBL50703,3,1,Cytochrome P450s,CHEMBL2231; CHEMBL3356; CHEMBL4878,0
CHEMBL51681,3,1,G protein-coupled receptors,CHEMBL319; CHEMBL322; CHEMBL339,0
CHEMBL52384,3,1,G protein-coupled receptors,CHEMBL319; CHEMBL322; CHEMBL339,0
CHEMBL5283574,3,1,Other enzymes,CHEMBL2378; CHEMBL3775; CHEMBL4804,0
CHEMBL5406811,3,1,Cytochrome P450s,CHEMBL3397; CHEMBL340; CHEMBL3622,0
CHEMBL5422259,3,1,G protein-coupled receptors,CHEMBL210; CHEMBL213; CHEMBL246,0
CHEMBL5436399,3,1,Other/unclassified,CHEMBL4531; CHEMBL4915; CHEMBL5475,0
CHEMBL5542863,3,1,Carbonic anhydrases,CHEMBL205; CHEMBL3242; CHEMBL3594,0
CHEMBL5556495,3,1,Carbonic anhydrases,CHEMBL261; CHEMBL3242; CHEMBL3594,0
CHEMBL5559628,3,1,Carbonic anhydrases,CHEMBL205; CHEMBL3242; CHEMBL3594,0
CHEMBL5560339,3,1,Carbonic anhydrases,CHEMBL261; CHEMBL3242; CHEMBL3594,0
CHEMBL5563945,3,1,Carbonic anhydrases,CHEMBL205; CHEMBL3242; CHEMBL3594,0
CHEMBL5568260,3,1,Carbonic anhydrases,CHEMBL261; CHEMBL3242; CHEMBL3594,0
CHEMBL579300,3,1,Other enzymes,CHEMBL1895; CHEMBL2424506; CHEMBL4088,0
CHEMBL7289,3,1,Nuclear receptors,CHEMBL1871; CHEMBL1994; CHEMBL208,0
CHEMBL90569,3,1,G protein-coupled receptors,CHEMBL217; CHEMBL219; CHEMBL234,0
CHEMBL90976,3,1,Kinases,CHEMBL1841; CHEMBL258; CHEMBL267,0
CHEMBL91938,3,1,G protein-coupled receptors,CHEMBL217; CHEMBL219; CHEMBL234,0
CHEMBL92489,3,1,G protein-coupled receptors,CHEMBL217; CHEMBL219; CHEMBL234,0
CHEMBL102071,2,1,Carbonic anhydrases,CHEMBL3242; CHEMBL3594,0
CHEMBL118875,2,1,Monoamine oxidases,CHEMBL1951; CHEMBL2039,0
CHEMBL1214023,2,1,Monoamine oxidases,CHEMBL1951; CHEMBL2039,0
CHEMBL1221982,2,1,Monoamine oxidases,CHEMBL1951; CHEMBL2039,0
CHEMBL122239,2,1,Monoamine oxidases,CHEMBL1951; CHEMBL2039,0
CHEMBL1231470,2,1,Other enzymes,CHEMBL2284; CHEMBL5926,0
CHEMBL1257134,2,1,Other enzymes,CHEMBL2916; CHEMBL3564,0
CHEMBL1258303,2,1,Other enzymes,CHEMBL2378; CHEMBL3775,0
CHEMBL1258413,2,1,Other enzymes,CHEMBL2378; CHEMBL3775,0
CHEMBL1258414,2,1,Other enzymes,CHEMBL2378; CHEMBL3775,0
CHEMBL1258415,2,1,Other enzymes,CHEMBL2378; CHEMBL3775,0
CHEMBL1258522,2,1,Other enzymes,CHEMBL2378; CHEMBL3775,0
CHEMBL1258868,2,1,Other enzymes,CHEMBL2916; CHEMBL3564,0
CHEMBL1258869,2,1,Other enzymes,CHEMBL2916; CHEMBL3564,0
CHEMBL1258982,2,1,Other enzymes,CHEMBL2916; CHEMBL3564,0
CHEMBL1258983,2,1,Other enzymes,CHEMBL2916; CHEMBL3564,0
CHEMBL126780,2,1,G protein-coupled receptors,CHEMBL217; CHEMBL234,0
CHEMBL1299990,2,1,Other/unclassified,CHEMBL1293304; CHEMBL1293319,0
CHEMBL1302645,2,1,Cytochrome P450s,CHEMBL3397; CHEMBL340,0
CHEMBL1303766,2,1,Ion channels and transporters,CHEMBL2073663; CHEMBL4360,0
CHEMBL1303941,2,1,Cytochrome P450s,CHEMBL3397; CHEMBL3622,0
CHEMBL1304760,2,1,Proteases,CHEMBL4117; CHEMBL5939,0
CHEMBL1327635,2,1,Proteases,CHEMBL1293307; CHEMBL204,0
CHEMBL1333924,2,1,Proteases,CHEMBL1250413; CHEMBL1741185,0
CHEMBL1335668,2,1,Cytochrome P450s,CHEMBL3397; CHEMBL340,0
CHEMBL13357,2,1,Proteases,CHEMBL204; CHEMBL3314,0
CHEMBL1339277,2,1,Other/unclassified,CHEMBL1293274; CHEMBL1293286,0
CHEMBL1341687,2,1,Cytochrome P450s,CHEMBL3356; CHEMBL340,0
CHEMBL1344701,2,1,Cytochrome P450s,CHEMBL3356; CHEMBL3622,0
CHEMBL1351704,2,1,Proteases,CHEMBL2007629; CHEMBL4471,0
CHEMBL1356140,2,1,Proteases,CHEMBL1250413; CHEMBL2366,0
CHEMBL1362441,2,1,Cytochrome P450s,CHEMBL3397; CHEMBL3622,0
CHEMBL1362657,2,1,Cytochrome P450s,CHEMBL3356; CHEMBL340,0
CHEMBL1366414,2,1,Cholinesterases,CHEMBL4078; CHEMBL5763,0
CHEMBL1376937,2,1,Proteases,CHEMBL1250413; CHEMBL3411,0
CHEMBL1378435,2,1,Proteases,CHEMBL1250413; CHEMBL2366,0
CHEMBL1382813,2,1,Proteases,CHEMBL4117; CHEMBL5939,0
CHEMBL1382826,2,1,Kinases,CHEMBL1741200; CHEMBL2688,0
CHEMBL1384282,2,1,Proteases,CHEMBL1250413; CHEMBL2366,0
CHEMBL1388493,2,1,Monoamine oxidases,CHEMBL1951; CHEMBL2039,0
CHEMBL1390792,2,1,Cytochrome P450s,CHEMBL340; CHEMBL3622,0
CHEMBL1397449,2,1,Other enzymes,CHEMBL1287620; CHEMBL1293246,0
CHEMBL1398824,2,1,Nuclear receptors,CHEMBL3201; CHEMBL3401,0
CHEMBL1414655,2,1,Proteases,CHEMBL1741185; CHEMBL2366,0
CHEMBL1426896,2,1,G protein-coupled receptors,CHEMBL4018; CHEMBL4777,0
CHEMBL142923,2,1,Monoamine oxidases,CHEMBL2993; CHEMBL3358,0
CHEMBL1432377,2,1,Proteases,CHEMBL4117; CHEMBL5620,0
CHEMBL1441475,2,1,Proteases,CHEMBL1250413; CHEMBL3411,0
CHEMBL1441824,2,1,Carbonic anhydrases,CHEMBL3242; CHEMBL3594,0
CHEMBL1446866,2,1,Other/unclassified,CHEMBL1741180; CHEMBL1741194,0
CHEMBL1447981,2,1,Proteases,CHEMBL2366; CHEMBL3411,0
CHEMBL145217,2,1,Monoamine oxidases,CHEMBL2993; CHEMBL3358,0
CHEMBL145292,2,1,Monoamine oxidases,CHEMBL2039; CHEMBL2993,0
CHEMBL145374,2,1,Monoamine oxidases,CHEMBL2039; CHEMBL2993,0
CHEMBL145451,2,1,Monoamine oxidases,CHEMBL1951; CHEMBL3358,0
CHEMBL1456255,2,1,G protein-coupled receptors,CHEMBL3230; CHEMBL4333,0
CHEMBL1457199,2,1,Proteases,CHEMBL1250413; CHEMBL2366,0
CHEMBL1465693,2,1,Other enzymes,CHEMBL2758; CHEMBL3108645,0
CHEMBL1466024,2,1,Carbonic anhydrases,CHEMBL3242; CHEMBL3594,0
CHEMBL1469070,2,1,Cholinesterases,CHEMBL4078; CHEMBL5763,0
CHEMBL1478000,2,1,Proteases,CHEMBL1250413; CHEMBL3411,0
CHEMBL1479277,2,1,Carbonic anhydrases,CHEMBL3242; CHEMBL3594,0
CHEMBL1480899,2,1,Proteases,CHEMBL2366; CHEMBL3411,0
CHEMBL1481360,2,1,Nuclear receptors,CHEMBL3201; CHEMBL3401,0
CHEMBL1488551,2,1,Other/unclassified,CHEMBL1293304; CHEMBL1293319,0
CHEMBL1497574,2,1,Other/unclassified,CHEMBL4026; CHEMBL6101,0
CHEMBL1501635,2,1,Other enzymes,CHEMBL1741179; CHEMBL1741217,0
CHEMBL1502425,2,1,Cytochrome P450s,CHEMBL3356; CHEMBL3622,0
CHEMBL1510935,2,1,Cytochrome P450s,CHEMBL340; CHEMBL3622,0
CHEMBL1520373,2,1,Nuclear receptors,CHEMBL206; CHEMBL242,0
CHEMBL1528660,2,1,Nuclear receptors,CHEMBL1615382; CHEMBL1615387,0
CHEMBL1529197,2,1,Proteases,CHEMBL4117; CHEMBL5939,0
CHEMBL1530252,2,1,Cytochrome P450s,CHEMBL3356; CHEMBL3622,0
CHEMBL1535670,2,1,Other/unclassified,CHEMBL1741180; CHEMBL1741194,0
CHEMBL1538522,2,1,Carbonic anhydrases,CHEMBL3242; CHEMBL3594,0
CHEMBL1539001,2,1,Other/unclassified,CHEMBL1795086; CHEMBL3880,0
CHEMBL1542713,2,1,Other/unclassified,CHEMBL1293222; CHEMBL1825,0
CHEMBL1542752,2,1,Proteases,CHEMBL1741185; CHEMBL2366,0
CHEMBL1543423,2,1,Carbonic anhydrases,CHEMBL3242; CHEMBL3594,0
CHEMBL1543615,2,1,Cholinesterases,CHEMBL4078; CHEMBL5763,0
CHEMBL1544136,2,1,Other/unclassified,CHEMBL1741163; CHEMBL4450,0
CHEMBL1545605,2,1,Kinases,CHEMBL1741200; CHEMBL2688,0
CHEMBL1557704,2,1,Other/unclassified,CHEMBL1795086; CHEMBL3880,0
CHEMBL1557951,2,1,Cytochrome P450s,CHEMBL289; CHEMBL3356,0
CHEMBL156127,2,1,Other enzymes,CHEMBL2903; CHEMBL3569,0
CHEMBL1582548,2,1,Cytochrome P450s,CHEMBL3356; CHEMBL3622,0
CHEMBL1585011,2,1,Cytochrome P450s,CHEMBL3356; CHEMBL3622,0
CHEMBL1596400,2,1,Other/unclassified,CHEMBL1293304; CHEMBL1293319,0
CHEMBL1597585,2,1,Other/unclassified,CHEMBL1795086; CHEMBL3880,0
CHEMBL1603488,2,1,Proteases,CHEMBL2334; CHEMBL3468,0
CHEMBL1603825,2,1,Ion channels and transporters,CHEMBL1697668; CHEMBL1743121,0
CHEMBL1610118,2,1,Cytochrome P450s,CHEMBL3356; CHEMBL3622,0
CHEMBL1611010,2,1,Other enzymes,CHEMBL1741179; CHEMBL1741217,0
CHEMBL1611681,2,1,Proteases,CHEMBL4117; CHEMBL5939,0
CHEMBL1612826,2,1,Proteases,CHEMBL1250413; CHEMBL2366,0
CHEMBL1618958,2,1,Cholinesterases,CHEMBL4078; CHEMBL5763,0
CHEMBL1714370,2,1,Proteases,CHEMBL1250413; CHEMBL2366,0
CHEMBL1736358,2,1,Other enzymes,CHEMBL2362978; CHEMBL2424510,0
CHEMBL1761761,2,1,Monoamine oxidases,CHEMBL1951; CHEMBL2039,0
CHEMBL1761762,2,1,Monoamine oxidases,CHEMBL1951; CHEMBL2039,0
CHEMBL1777849,2,1,Monoamine oxidases,CHEMBL1951; CHEMBL2039,0
CHEMBL1782746,2,1,Cholinesterases,CHEMBL4768; CHEMBL5763,0
CHEMBL1782747,2,1,Cholinesterases,CHEMBL4768; CHEMBL5763,0
CHEMBL1782748,2,1,Cholinesterases,CHEMBL4768; CHEMBL5763,0
CHEMBL1796807,2,1,Monoamine oxidases,CHEMBL1951; CHEMBL2039,0
CHEMBL18153,2,1,Monoamine oxidases,CHEMBL2993; CHEMBL3358,0
CHEMBL1819437,2,1,Carbonic anhydrases,CHEMBL3242; CHEMBL3594,0
CHEMBL1830792,2,1,Monoamine oxidases,CHEMBL1951; CHEMBL2039,0
CHEMBL1830796,2,1,Monoamine oxidases,CHEMBL1951; CHEMBL2039,0
CHEMBL1830799,2,1,Monoamine oxidases,CHEMBL1951; CHEMBL2039,0
CHEMBL1830800,2,1,Monoamine oxidases,CHEMBL1951; CHEMBL2039,0
CHEMBL1830808,2,1,Monoamine oxidases,CHEMBL1951; CHEMBL2039,0
CHEMBL1830809,2,1,Monoamine oxidases,CHEMBL1951; CHEMBL2039,0
CHEMBL1830818,2,1,Monoamine oxidases,CHEMBL1951; CHEMBL2039,0
CHEMBL1830830,2,1,Monoamine oxidases,CHEMBL1951; CHEMBL2039,0
CHEMBL1830833,2,1,Monoamine oxidases,CHEMBL1951; CHEMBL2039,0
CHEMBL1830834,2,1,Monoamine oxidases,CHEMBL1951; CHEMBL2039,0
CHEMBL18317,2,1,Monoamine oxidases,CHEMBL2993; CHEMBL3358,0
CHEMBL1835225,2,1,Monoamine oxidases,CHEMBL1951; CHEMBL2039,0
CHEMBL1835230,2,1,Monoamine oxidases,CHEMBL1951; CHEMBL2039,0
CHEMBL1835326,2,1,Monoamine oxidases,CHEMBL1951; CHEMBL2039,0
CHEMBL1835327,2,1,Monoamine oxidases,CHEMBL1951; CHEMBL2039,0
CHEMBL18503,2,1,Monoamine oxidases,CHEMBL2993; CHEMBL3358,0
CHEMBL18504,2,1,Monoamine oxidases,CHEMBL2993; CHEMBL3358,0
CHEMBL18832,2,1,Monoamine oxidases,CHEMBL2993; CHEMBL3358,0
CHEMBL19004,2,1,Monoamine oxidases,CHEMBL2039; CHEMBL2993,0
CHEMBL193518,2,1,Nuclear receptors,CHEMBL206; CHEMBL242,0
CHEMBL1938469,2,1,Carbonic anhydrases,CHEMBL3242; CHEMBL3594,0
CHEMBL1938470,2,1,Carbonic anhydrases,CHEMBL3242; CHEMBL3594,0
CHEMBL1947110,2,1,Kinases,CHEMBL2292; CHEMBL5508,0
CHEMBL1993778,2,1,G protein-coupled receptors,CHEMBL3230; CHEMBL4333,0
CHEMBL202781,2,1,Nuclear receptors,CHEMBL206; CHEMBL242,0
CHEMBL202896,2,1,Nuclear receptors,CHEMBL206; CHEMBL242,0
CHEMBL203340,2,1,Nuclear receptors,CHEMBL206; CHEMBL242,0
CHEMBL203348,2,1,Nuclear receptors,CHEMBL206; CHEMBL242,0
CHEMBL204056,2,1,Nuclear receptors,CHEMBL206; CHEMBL242,0
CHEMBL204118,2,1,Nuclear receptors,CHEMBL206; CHEMBL242,0
CHEMBL204119,2,1,Nuclear receptors,CHEMBL206; CHEMBL242,0
CHEMBL204222,2,1,Nuclear receptors,CHEMBL206; CHEMBL242,0
CHEMBL204272,2,1,Nuclear receptors,CHEMBL206; CHEMBL242,0
CHEMBL204768,2,1,Nuclear receptors,CHEMBL206; CHEMBL242,0
CHEMBL2048083,2,1,Carbonic anhydrases,CHEMBL3242; CHEMBL3594,0
CHEMBL204819,2,1,Nuclear receptors,CHEMBL206; CHEMBL242,0
CHEMBL204902,2,1,Nuclear receptors,CHEMBL206; CHEMBL242,0
CHEMBL204922,2,1,Nuclear receptors,CHEMBL206; CHEMBL242,0
CHEMBL205350,2,1,Nuclear receptors,CHEMBL206; CHEMBL242,0
CHEMBL205358,2,1,Nuclear receptors,CHEMBL239; CHEMBL3979,0
CHEMBL205614,2,1,Nuclear receptors,CHEMBL206; CHEMBL242,0
CHEMBL205777,2,1,Nuclear receptors,CHEMBL239; CHEMBL3979,0
CHEMBL205934,2,1,Nuclear receptors,CHEMBL206; CHEMBL242,0
CHEMBL206120,2,1,Nuclear receptors,CHEMBL206; CHEMBL242,0
CHEMBL206226,2,1,Nuclear receptors,CHEMBL206; CHEMBL242,0
CHEMBL206227,2,1,Nuclear receptors,CHEMBL206; CHEMBL242,0
CHEMBL206406,2,1,Nuclear receptors,CHEMBL206; CHEMBL242,0
CHEMBL206440,2,1,Nuclear receptors,CHEMBL206; CHEMBL242,0
CHEMBL206441,2,1,Nuclear receptors,CHEMBL206; CHEMBL242,0
CHEMBL206500,2,1,Nuclear receptors,CHEMBL206; CHEMBL242,0
CHEMBL206546,2,1,Nuclear receptors,CHEMBL206; CHEMBL242,0
CHEMBL206600,2,1,Nuclear receptors,CHEMBL206; CHEMBL242,0
CHEMBL206727,2,1,Nuclear receptors,CHEMBL206; CHEMBL242,0
CHEMBL209812,2,1,Monoamine oxidases,CHEMBL2993; CHEMBL3358,0
CHEMBL211141,2,1,Monoamine oxidases,CHEMBL2756; CHEMBL3254,0
CHEMBL211248,2,1,Monoamine oxidases,CHEMBL2993; CHEMBL3358,0
CHEMBL211425,2,1,Monoamine oxidases,CHEMBL2993; CHEMBL3358,0
CHEMBL211476,2,1,Monoamine oxidases,CHEMBL2993; CHEMBL3358,0
CHEMBL212068,2,1,Monoamine oxidases,CHEMBL2756; CHEMBL3254,0
CHEMBL212069,2,1,Monoamine oxidases,CHEMBL2756; CHEMBL3254,0
CHEMBL212501,2,1,Monoamine oxidases,CHEMBL2756; CHEMBL3254,0
CHEMBL212555,2,1,Monoamine oxidases,CHEMBL2756; CHEMBL3254,0
CHEMBL212661,2,1,Monoamine oxidases,CHEMBL2993; CHEMBL3358,0
CHEMBL213141,2,1,Monoamine oxidases,CHEMBL2756; CHEMBL3254,0
CHEMBL213285,2,1,Monoamine oxidases,CHEMBL2993; CHEMBL3358,0
CHEMBL213286,2,1,Monoamine oxidases,CHEMBL2993; CHEMBL3358,0
CHEMBL213511,2,1,Monoamine oxidases,CHEMBL2993; CHEMBL3358,0
CHEMBL213724,2,1,Monoamine oxidases,CHEMBL2993; CHEMBL3358,0
CHEMBL213955,2,1,Monoamine oxidases,CHEMBL2993; CHEMBL3358,0
CHEMBL2158006,2,1,Other enzymes,CHEMBL230; CHEMBL2949,0
CHEMBL2158356,2,1,Other enzymes,CHEMBL230; CHEMBL2949,0
CHEMBL2158358,2,1,Other enzymes,CHEMBL230; CHEMBL2949,0
CHEMBL2158359,2,1,Other enzymes,CHEMBL230; CHEMBL2949,0
CHEMBL2158360,2,1,Other enzymes,CHEMBL230; CHEMBL2949,0
CHEMBL2158362,2,1,Other enzymes,CHEMBL230; CHEMBL2949,0
CHEMBL2158364,2,1,Other enzymes,CHEMBL230; CHEMBL2949,0
CHEMBL2158365,2,1,Other enzymes,CHEMBL230; CHEMBL2949,0
CHEMBL2158366,2,1,Other enzymes,CHEMBL230; CHEMBL2949,0
CHEMBL2164286,2,1,Other/unclassified,CHEMBL1075214; CHEMBL5957,0
CHEMBL2177251,2,1,G protein-coupled receptors,CHEMBL218; CHEMBL253,0
CHEMBL2177252,2,1,G protein-coupled receptors,CHEMBL218; CHEMBL253,0
CHEMBL2177254,2,1,G protein-coupled receptors,CHEMBL218; CHEMBL253,0
CHEMBL2177255,2,1,G protein-coupled receptors,CHEMBL218; CHEMBL253,0
CHEMBL2177256,2,1,G protein-coupled receptors,CHEMBL218; CHEMBL253,0
CHEMBL2177258,2,1,G protein-coupled receptors,CHEMBL218; CHEMBL253,0
CHEMBL2177260,2,1,G protein-coupled receptors,CHEMBL218; CHEMBL253,0
CHEMBL2177261,2,1,G protein-coupled receptors,CHEMBL218; CHEMBL253,0
CHEMBL2177262,2,1,G protein-coupled receptors,CHEMBL218; CHEMBL253,0
CHEMBL2178425,2,1,Monoamine oxidases,CHEMBL2756; CHEMBL3254,0
CHEMBL2178984,2,1,Monoamine oxidases,CHEMBL2756; CHEMBL3254,0
CHEMBL2178986,2,1,Monoamine oxidases,CHEMBL2756; CHEMBL3254,0
CHEMBL2178988,2,1,Monoamine oxidases,CHEMBL2756; CHEMBL3254,0
CHEMBL2178990,2,1,Monoamine oxidases,CHEMBL2756; CHEMBL3254,0
CHEMBL2181539,2,1,G protein-coupled receptors,CHEMBL218; CHEMBL253,0
CHEMBL2181541,2,1,G protein-coupled receptors,CHEMBL218; CHEMBL253,0
CHEMBL2181543,2,1,G protein-coupled receptors,CHEMBL218; CHEMBL253,0
CHEMBL2181550,2,1,G protein-coupled receptors,CHEMBL1075322; CHEMBL218,0
CHEMBL2181551,2,1,G protein-coupled receptors,CHEMBL1075322; CHEMBL253,0
CHEMBL2181552,2,1,G protein-coupled receptors,CHEMBL218; CHEMBL253,0
CHEMBL2203961,2,1,Proteases,CHEMBL268; CHEMBL2954,0
CHEMBL2205573,2,1,Cholinesterases,CHEMBL4078; CHEMBL5763,0
CHEMBL2205574,2,1,Cholinesterases,CHEMBL4078; CHEMBL5763,0
CHEMBL2205575,2,1,Cholinesterases,CHEMBL4078; CHEMBL5763,0
CHEMBL2205576,2,1,Cholinesterases,CHEMBL4078; CHEMBL5763,0
CHEMBL2205577,2,1,Cholinesterases,CHEMBL4078; CHEMBL5763,0
CHEMBL2206118,2,1,Cholinesterases,CHEMBL4078; CHEMBL5763,0
CHEMBL2206119,2,1,Cholinesterases,CHEMBL4078; CHEMBL5763,0
CHEMBL2206120,2,1,Cholinesterases,CHEMBL4078; CHEMBL5763,0
CHEMBL2206121,2,1,Cholinesterases,CHEMBL4078; CHEMBL5763,0
CHEMBL2206122,2,1,Cholinesterases,CHEMBL4078; CHEMBL5763,0
CHEMBL2206123,2,1,Cholinesterases,CHEMBL4078; CHEMBL5763,0
CHEMBL2206124,2,1,Cholinesterases,CHEMBL4078; CHEMBL5763,0
CHEMBL2206125,2,1,Cholinesterases,CHEMBL4078; CHEMBL5763,0
CHEMBL2206126,2,1,Cholinesterases,CHEMBL4078; CHEMBL5763,0
CHEMBL2206127,2,1,Cholinesterases,CHEMBL4078; CHEMBL5763,0
CHEMBL2206128,2,1,Cholinesterases,CHEMBL4078; CHEMBL5763,0
CHEMBL2206129,2,1,Cholinesterases,CHEMBL4078; CHEMBL5763,0
CHEMBL2206130,2,1,Cholinesterases,CHEMBL4078; CHEMBL5763,0
CHEMBL2273029,2,1,Carbonic anhydrases,CHEMBL3242; CHEMBL3594,0
CHEMBL2314721,2,1,Cholinesterases,CHEMBL4768; CHEMBL5763,0
CHEMBL2314727,2,1,Cholinesterases,CHEMBL4768; CHEMBL5763,0
CHEMBL2314728,2,1,Cholinesterases,CHEMBL4768; CHEMBL5763,0
CHEMBL2314731,2,1,Cholinesterases,CHEMBL4768; CHEMBL5763,0
CHEMBL2321901,2,1,Monoamine oxidases,CHEMBL2993; CHEMBL3358,0
CHEMBL2324232,2,1,Monoamine oxidases,CHEMBL2993; CHEMBL3358,0
CHEMBL2324234,2,1,Monoamine oxidases,CHEMBL2993; CHEMBL3358,0
CHEMBL2326070,2,1,Other/unclassified,CHEMBL3429; CHEMBL3751,0
CHEMBL2381331,2,1,G protein-coupled receptors,CHEMBL2010631; CHEMBL274,0
CHEMBL238294,2,1,Other enzymes,CHEMBL3623; CHEMBL4161,0
CHEMBL2387231,2,1,G protein-coupled receptors,CHEMBL273; CHEMBL322,0
CHEMBL2387240,2,1,G protein-coupled receptors,CHEMBL273; CHEMBL322,0
CHEMBL2387243,2,1,G protein-coupled receptors,CHEMBL273; CHEMBL322,0
CHEMBL2387252,2,1,G protein-coupled receptors,CHEMBL273; CHEMBL339,0
CHEMBL2387261,2,1,G protein-coupled receptors,CHEMBL273; CHEMBL322,0
CHEMBL2387534,2,1,G protein-coupled receptors,CHEMBL1075322; CHEMBL253,0
CHEMBL2387535,2,1,G protein-coupled receptors,CHEMBL1075322; CHEMBL253,0
CHEMBL2387537,2,1,G protein-coupled receptors,CHEMBL1075322; CHEMBL253,0
CHEMBL2387539,2,1,G protein-coupled receptors,CHEMBL1075322; CHEMBL253,0
CHEMBL2387743,2,1,G protein-coupled receptors,CHEMBL1075322; CHEMBL253,0
CHEMBL2390982,2,1,Cholinesterases,CHEMBL4078; CHEMBL5763,0
CHEMBL2391475,2,1,Cholinesterases,CHEMBL4078; CHEMBL5763,0
CHEMBL2391476,2,1,Cholinesterases,CHEMBL4078; CHEMBL5763,0
CHEMBL2391477,2,1,Cholinesterases,CHEMBL4078; CHEMBL5763,0
CHEMBL2391478,2,1,Cholinesterases,CHEMBL4078; CHEMBL5763,0
CHEMBL2391479,2,1,Cholinesterases,CHEMBL4078; CHEMBL5763,0
CHEMBL2391480,2,1,Cholinesterases,CHEMBL4078; CHEMBL5763,0
CHEMBL2391481,2,1,Cholinesterases,CHEMBL4078; CHEMBL5763,0
CHEMBL2391482,2,1,Cholinesterases,CHEMBL4078; CHEMBL5763,0
CHEMBL2391483,2,1,Cholinesterases,CHEMBL4078; CHEMBL5763,0
CHEMBL2391484,2,1,Cholinesterases,CHEMBL4078; CHEMBL5763,0
CHEMBL2391485,2,1,Cholinesterases,CHEMBL4078; CHEMBL5763,0
CHEMBL2391487,2,1,Cholinesterases,CHEMBL4078; CHEMBL5763,0
CHEMBL2391488,2,1,Cholinesterases,CHEMBL4078; CHEMBL5763,0
CHEMBL2391489,2,1,Cholinesterases,CHEMBL4078; CHEMBL5763,0
CHEMBL2391490,2,1,Cholinesterases,CHEMBL4078; CHEMBL5763,0
CHEMBL2391491,2,1,Cholinesterases,CHEMBL4078; CHEMBL5763,0
CHEMBL2391492,2,1,Cholinesterases,CHEMBL4078; CHEMBL5763,0
CHEMBL2391653,2,1,Cholinesterases,CHEMBL4078; CHEMBL5763,0
CHEMBL2391654,2,1,Cholinesterases,CHEMBL4078; CHEMBL5763,0
CHEMBL2393498,2,1,Cholinesterases,CHEMBL4078; CHEMBL5763,0
CHEMBL2393500,2,1,Cholinesterases,CHEMBL4078; CHEMBL5763,0
CHEMBL2393507,2,1,Cholinesterases,CHEMBL4078; CHEMBL5763,0
CHEMBL2393508,2,1,Cholinesterases,CHEMBL4078; CHEMBL5763,0
CHEMBL2393509,2,1,Cholinesterases,CHEMBL4078; CHEMBL5763,0
CHEMBL2397719,2,1,G protein-coupled receptors,CHEMBL226; CHEMBL256,0
CHEMBL2408073,2,1,Carbonic anhydrases,CHEMBL205; CHEMBL3594,0
CHEMBL2408074,2,1,Carbonic anhydrases,CHEMBL205; CHEMBL3594,0
CHEMBL2408075,2,1,Carbonic anhydrases,CHEMBL205; CHEMBL3594,0
CHEMBL2408076,2,1,Carbonic anhydrases,CHEMBL205; CHEMBL3594,0
CHEMBL2408077,2,1,Carbonic anhydrases,CHEMBL205; CHEMBL3594,0
CHEMBL2408078,2,1,Carbonic anhydrases,CHEMBL205; CHEMBL3594,0
CHEMBL2408079,2,1,Carbonic anhydrases,CHEMBL205; CHEMBL3594,0
CHEMBL2408080,2,1,Carbonic anhydrases,CHEMBL205; CHEMBL3594,0
CHEMBL2408081,2,1,Carbonic anhydrases,CHEMBL205; CHEMBL3594,0
CHEMBL2408082,2,1,Carbonic anhydrases,CHEMBL205; CHEMBL3594,0
CHEMBL2408083,2,1,Carbonic anhydrases,CHEMBL205; CHEMBL3594,0
CHEMBL2408084,2,1,Carbonic anhydrases,CHEMBL205; CHEMBL3594,0
CHEMBL2408085,2,1,Carbonic anhydrases,CHEMBL205; CHEMBL3594,0
CHEMBL2408086,2,1,Carbonic anhydrases,CHEMBL205; CHEMBL3594,0
CHEMBL2408087,2,1,Carbonic anhydrases,CHEMBL205; CHEMBL3594,0
CHEMBL2408088,2,1,Carbonic anhydrases,CHEMBL205; CHEMBL3594,0
CHEMBL2408089,2,1,Carbonic anhydrases,CHEMBL205; CHEMBL3594,0
CHEMBL2408090,2,1,Carbonic anhydrases,CHEMBL205; CHEMBL3594,0
CHEMBL2413896,2,1,Nuclear receptors,CHEMBL206; CHEMBL242,0
CHEMBL2425827,2,1,Cholinesterases,CHEMBL4078; CHEMBL5763,0
CHEMBL2425829,2,1,Cholinesterases,CHEMBL4078; CHEMBL5763,0
CHEMBL2425830,2,1,Cholinesterases,CHEMBL4078; CHEMBL5763,0
CHEMBL2425831,2,1,Cholinesterases,CHEMBL4078; CHEMBL5763,0
CHEMBL2425832,2,1,Cholinesterases,CHEMBL4078; CHEMBL5763,0
CHEMBL2425833,2,1,Cholinesterases,CHEMBL4078; CHEMBL5763,0
CHEMBL2425834,2,1,Cholinesterases,CHEMBL4078; CHEMBL5763,0
CHEMBL2425836,2,1,Cholinesterases,CHEMBL4078; CHEMBL5763,0
CHEMBL2425837,2,1,Cholinesterases,CHEMBL4078; CHEMBL5763,0
CHEMBL2425838,2,1,Cholinesterases,CHEMBL4078; CHEMBL5763,0
CHEMBL2425839,2,1,Cholinesterases,CHEMBL4078; CHEMBL5763,0
CHEMBL2425840,2,1,Cholinesterases,CHEMBL4078; CHEMBL5763,0
CHEMBL2425841,2,1,Cholinesterases,CHEMBL4078; CHEMBL5763,0
CHEMBL2425842,2,1,Cholinesterases,CHEMBL4078; CHEMBL5763,0
CHEMBL2425843,2,1,Cholinesterases,CHEMBL4078; CHEMBL5763,0
CHEMBL2425844,2,1,Cholinesterases,CHEMBL4078; CHEMBL5763,0
CHEMBL2425845,2,1,Cholinesterases,CHEMBL4078; CHEMBL5763,0
CHEMBL2425846,2,1,Cholinesterases,CHEMBL4078; CHEMBL5763,0
CHEMBL2425847,2,1,Cholinesterases,CHEMBL4078; CHEMBL5763,0
CHEMBL2425851,2,1,Cholinesterases,CHEMBL4078; CHEMBL5763,0
CHEMBL2425853,2,1,Cholinesterases,CHEMBL4078; CHEMBL5763,0
CHEMBL2425854,2,1,Cholinesterases,CHEMBL4078; CHEMBL5763,0
CHEMBL2425855,2,1,Cholinesterases,CHEMBL4078; CHEMBL5763,0
CHEMBL2425856,2,1,Cholinesterases,CHEMBL4078; CHEMBL5763,0
CHEMBL2425858,2,1,Cholinesterases,CHEMBL4078; CHEMBL5763,0
CHEMBL2425859,2,1,Cholinesterases,CHEMBL4078; CHEMBL5763,0
CHEMBL2426552,2,1,Other enzymes,CHEMBL2424511; CHEMBL4512,0
CHEMBL242711,2,1,Cytochrome P450s,CHEMBL340; CHEMBL5282,0
CHEMBL2442509,2,1,Ion channels and transporters,CHEMBL2073663; CHEMBL4360,0
CHEMBL253710,2,1,Proteases,CHEMBL333; CHEMBL3706,0
CHEMBL259025,2,1,Other enzymes,CHEMBL2392; CHEMBL4343,0
CHEMBL267270,2,1,Nuclear receptors,CHEMBL1871; CHEMBL208,0
CHEMBL274513,2,1,Monoamine oxidases,CHEMBL2993; CHEMBL3358,0
CHEMBL278508,2,1,Monoamine oxidases,CHEMBL2993; CHEMBL3358,0
CHEMBL3086062,2,1,Kinases,CHEMBL1906; CHEMBL3587,0
CHEMBL3086063,2,1,Kinases,CHEMBL1906; CHEMBL3587,0
CHEMBL3086064,2,1,Kinases,CHEMBL1906; CHEMBL3587,0
CHEMBL3086065,2,1,Kinases,CHEMBL1906; CHEMBL3587,0
CHEMBL3086066,2,1,Kinases,CHEMBL1906; CHEMBL3587,0
CHEMBL3086067,2,1,Kinases,CHEMBL1906; CHEMBL3587,0
CHEMBL3086068,2,1,Kinases,CHEMBL1906; CHEMBL3587,0
CHEMBL3086069,2,1,Kinases,CHEMBL1906; CHEMBL3587,0
CHEMBL3086070,2,1,Kinases,CHEMBL1906; CHEMBL3587,0
CHEMBL3086071,2,1,Kinases,CHEMBL1906; CHEMBL3587,0
CHEMBL3086072,2,1,Kinases,CHEMBL1906; CHEMBL3587,0
CHEMBL3086073,2,1,Kinases,CHEMBL1906; CHEMBL3587,0
CHEMBL3086074,2,1,Kinases,CHEMBL1906; CHEMBL3587,0
CHEMBL3086075,2,1,Kinases,CHEMBL1906; CHEMBL3587,0
CHEMBL3086076,2,1,Kinases,CHEMBL1906; CHEMBL3587,0
CHEMBL3087896,2,1,Cholinesterases,CHEMBL4078; CHEMBL5763,0
CHEMBL3087897,2,1,Cholinesterases,CHEMBL4078; CHEMBL5763,0
CHEMBL3087898,2,1,Cholinesterases,CHEMBL4078; CHEMBL5763,0
CHEMBL3087899,2,1,Cholinesterases,CHEMBL4078; CHEMBL5763,0
CHEMBL3087900,2,1,Cholinesterases,CHEMBL4078; CHEMBL5763,0
CHEMBL3087901,2,1,Cholinesterases,CHEMBL4078; CHEMBL5763,0
CHEMBL3087902,2,1,Cholinesterases,CHEMBL4078; CHEMBL5763,0
CHEMBL3087903,2,1,Cholinesterases,CHEMBL4078; CHEMBL5763,0
CHEMBL3087904,2,1,Cholinesterases,CHEMBL4078; CHEMBL5763,0
CHEMBL3087905,2,1,Cholinesterases,CHEMBL4078; CHEMBL5763,0
CHEMBL3087906,2,1,Cholinesterases,CHEMBL4078; CHEMBL5763,0
CHEMBL3087907,2,1,Cholinesterases,CHEMBL4078; CHEMBL5763,0
CHEMBL3087908,2,1,Cholinesterases,CHEMBL4078; CHEMBL5763,0
CHEMBL3092176,2,1,Kinases,CHEMBL1906; CHEMBL3587,0
CHEMBL3092177,2,1,Kinases,CHEMBL1906; CHEMBL3587,0
CHEMBL3092178,2,1,Kinases,CHEMBL1906; CHEMBL3587,0
CHEMBL3092179,2,1,Kinases,CHEMBL1906; CHEMBL3587,0
CHEMBL3092180,2,1,Kinases,CHEMBL1906; CHEMBL3587,0
CHEMBL3092181,2,1,Kinases,CHEMBL1906; CHEMBL3587,0
CHEMBL3092182,2,1,Kinases,CHEMBL1906; CHEMBL3587,0
CHEMBL3092183,2,1,Kinases,CHEMBL1906; CHEMBL3587,0
CHEMBL3092184,2,1,Kinases,CHEMBL1906; CHEMBL3587,0
CHEMBL3092185,2,1,Kinases,CHEMBL1906; CHEMBL3587,0
CHEMBL3092186,2,1,Kinases,CHEMBL1906; CHEMBL3587,0
CHEMBL3092187,2,1,Kinases,CHEMBL1906; CHEMBL3587,0
CHEMBL3092188,2,1,Kinases,CHEMBL1906; CHEMBL3587,0
CHEMBL3092190,2,1,Kinases,CHEMBL1906; CHEMBL3587,0
CHEMBL3092191,2,1,Kinases,CHEMBL1906; CHEMBL3587,0
CHEMBL3092193,2,1,Kinases,CHEMBL1906; CHEMBL3587,0
CHEMBL3092196,2,1,Kinases,CHEMBL1906; CHEMBL3587,0
CHEMBL3093992,2,1,Monoamine oxidases,CHEMBL2993; CHEMBL3358,0
CHEMBL3094007,2,1,Monoamine oxidases,CHEMBL2993; CHEMBL3358,0
CHEMBL3094008,2,1,Monoamine oxidases,CHEMBL2993; CHEMBL3358,0
CHEMBL3094011,2,1,Monoamine oxidases,CHEMBL2993; CHEMBL3358,0
CHEMBL3094016,2,1,Monoamine oxidases,CHEMBL2993; CHEMBL3358,0
CHEMBL3094017,2,1,Monoamine oxidases,CHEMBL2993; CHEMBL3358,0
CHEMBL3094024,2,1,Monoamine oxidases,CHEMBL2993; CHEMBL3358,0
CHEMBL3094030,2,1,Monoamine oxidases,CHEMBL2993; CHEMBL3358,0
CHEMBL3094037,2,1,Monoamine oxidases,CHEMBL2993; CHEMBL3358,0
CHEMBL3112600,2,1,Monoamine oxidases,CHEMBL1951; CHEMBL2039,0
CHEMBL3113638,2,1,Monoamine oxidases,CHEMBL1951; CHEMBL2039,0
CHEMBL3113639,2,1,Monoamine oxidases,CHEMBL1951; CHEMBL2039,0
CHEMBL3113647,2,1,Monoamine oxidases,CHEMBL1951; CHEMBL2039,0
CHEMBL3120679,2,1,G protein-coupled receptors,CHEMBL273; CHEMBL322,0
CHEMBL3120681,2,1,G protein-coupled receptors,CHEMBL273; CHEMBL322,0
CHEMBL3120685,2,1,G protein-coupled receptors,CHEMBL273; CHEMBL322,0
CHEMBL3120687,2,1,G protein-coupled receptors,CHEMBL273; CHEMBL322,0
CHEMBL3120689,2,1,G protein-coupled receptors,CHEMBL273; CHEMBL322,0
CHEMBL3120692,2,1,G protein-coupled receptors,CHEMBL273; CHEMBL322,0
CHEMBL3120699,2,1,G protein-coupled receptors,CHEMBL322; CHEMBL339,0
CHEMBL3120702,2,1,G protein-coupled receptors,CHEMBL273; CHEMBL322,0
CHEMBL3121774,2,1,Monoamine oxidases,CHEMBL1951; CHEMBL2039,0
CHEMBL3121775,2,1,Monoamine oxidases,CHEMBL1951; CHEMBL2039,0
CHEMBL3121781,2,1,Monoamine oxidases,CHEMBL1951; CHEMBL2039,0
CHEMBL3121783,2,1,Monoamine oxidases,CHEMBL1951; CHEMBL2039,0
CHEMBL3121784,2,1,Monoamine oxidases,CHEMBL1951; CHEMBL2039,0
CHEMBL3121788,2,1,Monoamine oxidases,CHEMBL1951; CHEMBL2039,0
CHEMBL3121790,2,1,Monoamine oxidases,CHEMBL1951; CHEMBL2039,0
CHEMBL3121791,2,1,Monoamine oxidases,CHEMBL1951; CHEMBL2039,0
CHEMBL3121793,2,1,Monoamine oxidases,CHEMBL1951; CHEMBL2039,0
CHEMBL3121795,2,1,Monoamine oxidases,CHEMBL1951; CHEMBL2039,0
CHEMBL3121862,2,1,Monoamine oxidases,CHEMBL1951; CHEMBL2039,0
CHEMBL3121863,2,1,Monoamine oxidases,CHEMBL1951; CHEMBL2039,0
CHEMBL3121865,2,1,Monoamine oxidases,CHEMBL1951; CHEMBL2039,0
CHEMBL3121866,2,1,Monoamine oxidases,CHEMBL1951; CHEMBL2039,0
CHEMBL3121867,2,1,Monoamine oxidases,CHEMBL1951; CHEMBL2039,0
CHEMBL3121868,2,1,Monoamine oxidases,CHEMBL1951; CHEMBL2039,0
CHEMBL314285,2,1,G protein-coupled receptors,CHEMBL219; CHEMBL234,0
CHEMBL3192708,2,1,Other enzymes,CHEMBL1741179; CHEMBL1741217,0
CHEMBL3192879,2,1,Other enzymes,CHEMBL2635; CHEMBL5511,0
CHEMBL3219197,2,1,Monoamine oxidases,CHEMBL1951; CHEMBL2039,0
CHEMBL3219490,2,1,Monoamine oxidases,CHEMBL1951; CHEMBL2039,0
CHEMBL3261200,2,1,Monoamine oxidases,CHEMBL1951; CHEMBL2039,0
CHEMBL3261211,2,1,Monoamine oxidases,CHEMBL1951; CHEMBL2039,0
CHEMBL3261212,2,1,Monoamine oxidases,CHEMBL1951; CHEMBL2039,0
CHEMBL3261213,2,1,Monoamine oxidases,CHEMBL1951; CHEMBL2039,0
CHEMBL3262899,2,1,Carbonic anhydrases,CHEMBL3242; CHEMBL3594,0
CHEMBL3262900,2,1,Carbonic anhydrases,CHEMBL3242; CHEMBL3594,0
CHEMBL3263995,2,1,Kinases,CHEMBL1906; CHEMBL3587,0
CHEMBL3263996,2,1,Kinases,CHEMBL1906; CHEMBL3587,0
CHEMBL3263998,2,1,Kinases,CHEMBL1906; CHEMBL3587,0
CHEMBL3263999,2,1,Kinases,CHEMBL1906; CHEMBL3587,0
CHEMBL3264000,2,1,Kinases,CHEMBL1906; CHEMBL3587,0
CHEMBL3264001,2,1,Kinases,CHEMBL1906; CHEMBL3587,0
CHEMBL3286723,2,1,Cholinesterases,CHEMBL4078; CHEMBL5763,0
CHEMBL3286724,2,1,Cholinesterases,CHEMBL4078; CHEMBL5763,0
CHEMBL3286725,2,1,Cholinesterases,CHEMBL4078; CHEMBL5763,0
CHEMBL3286728,2,1,Cholinesterases,CHEMBL4078; CHEMBL5763,0
CHEMBL3286942,2,1,Cholinesterases,CHEMBL4078; CHEMBL5763,0
CHEMBL3286943,2,1,Cholinesterases,CHEMBL4078; CHEMBL5763,0
CHEMBL3286946,2,1,Cholinesterases,CHEMBL4078; CHEMBL5763,0
CHEMBL3286948,2,1,Cholinesterases,CHEMBL4078; CHEMBL5763,0
CHEMBL3297785,2,1,Monoamine oxidases,CHEMBL1951; CHEMBL2039,0
CHEMBL3297786,2,1,Monoamine oxidases,CHEMBL1951; CHEMBL2039,0
CHEMBL3297787,2,1,Monoamine oxidases,CHEMBL1951; CHEMBL2039,0
CHEMBL3297791,2,1,Monoamine oxidases,CHEMBL1951; CHEMBL2039,0
CHEMBL3297792,2,1,Monoamine oxidases,CHEMBL1951; CHEMBL2039,0
CHEMBL3297871,2,1,Monoamine oxidases,CHEMBL1951; CHEMBL2039,0
CHEMBL3299111,2,1,Monoamine oxidases,CHEMBL1951; CHEMBL2039,0
CHEMBL3318218,2,1,Other enzymes,CHEMBL1900; CHEMBL5983,0
CHEMBL3322158,2,1,Cholinesterases,CHEMBL1914; CHEMBL220,0
CHEMBL3322159,2,1,Cholinesterases,CHEMBL1914; CHEMBL220,0
CHEMBL3322160,2,1,Cholinesterases,CHEMBL1914; CHEMBL220,0
CHEMBL3322161,2,1,Cholinesterases,CHEMBL1914; CHEMBL220,0
CHEMBL3322162,2,1,Cholinesterases,CHEMBL1914; CHEMBL220,0
CHEMBL3326699,2,1,Cholinesterases,CHEMBL1914; CHEMBL220,0
CHEMBL3326700,2,1,Cholinesterases,CHEMBL1914; CHEMBL220,0
CHEMBL3326701,2,1,Cholinesterases,CHEMBL1914; CHEMBL220,0
CHEMBL3326702,2,1,Cholinesterases,CHEMBL1914; CHEMBL220,0
CHEMBL3326703,2,1,Cholinesterases,CHEMBL1914; CHEMBL220,0
CHEMBL3326705,2,1,Cholinesterases,CHEMBL1914; CHEMBL220,0
CHEMBL3326706,2,1,Cholinesterases,CHEMBL1914; CHEMBL220,0
CHEMBL3326708,2,1,Cholinesterases,CHEMBL1914; CHEMBL220,0
CHEMBL3326710,2,1,Cholinesterases,CHEMBL1914; CHEMBL220,0
CHEMBL3326711,2,1,Cholinesterases,CHEMBL1914; CHEMBL220,0
CHEMBL3327248,2,1,Cholinesterases,CHEMBL1914; CHEMBL220,0
CHEMBL3327249,2,1,Cholinesterases,CHEMBL1914; CHEMBL220,0
CHEMBL3331341,2,1,Carbonic anhydrases,CHEMBL3242; CHEMBL3594,0
CHEMBL3335017,2,1,Cholinesterases,CHEMBL1914; CHEMBL220,0
CHEMBL3335018,2,1,Cholinesterases,CHEMBL1914; CHEMBL220,0
CHEMBL3335019,2,1,Cholinesterases,CHEMBL1914; CHEMBL220,0
CHEMBL3335020,2,1,Cholinesterases,CHEMBL1914; CHEMBL220,0
CHEMBL3335021,2,1,Cholinesterases,CHEMBL1914; CHEMBL220,0
CHEMBL3335023,2,1,Cholinesterases,CHEMBL1914; CHEMBL220,0
CHEMBL3335029,2,1,Cholinesterases,CHEMBL1914; CHEMBL220,0
CHEMBL3335031,2,1,Cholinesterases,CHEMBL1914; CHEMBL220,0
CHEMBL3335048,2,1,Cholinesterases,CHEMBL1914; CHEMBL220,0
CHEMBL3335049,2,1,Cholinesterases,CHEMBL1914; CHEMBL220,0
CHEMBL3335050,2,1,Cholinesterases,CHEMBL1914; CHEMBL220,0
CHEMBL3335052,2,1,Cholinesterases,CHEMBL1914; CHEMBL220,0
CHEMBL3335053,2,1,Cholinesterases,CHEMBL1914; CHEMBL220,0
CHEMBL3335054,2,1,Cholinesterases,CHEMBL1914; CHEMBL220,0
CHEMBL3335055,2,1,Cholinesterases,CHEMBL1914; CHEMBL220,0
CHEMBL3335056,2,1,Cholinesterases,CHEMBL1914; CHEMBL220,0
CHEMBL3335057,2,1,Cholinesterases,CHEMBL1914; CHEMBL220,0
CHEMBL3335060,2,1,Cholinesterases,CHEMBL1914; CHEMBL220,0
CHEMBL3335062,2,1,Cholinesterases,CHEMBL1914; CHEMBL220,0
CHEMBL3335063,2,1,Cholinesterases,CHEMBL1914; CHEMBL220,0
CHEMBL3335064,2,1,Cholinesterases,CHEMBL1914; CHEMBL220,0
CHEMBL3335066,2,1,Cholinesterases,CHEMBL1914; CHEMBL220,0
CHEMBL3335068,2,1,Cholinesterases,CHEMBL1914; CHEMBL220,0
CHEMBL3335069,2,1,Cholinesterases,CHEMBL1914; CHEMBL220,0
CHEMBL333655,2,1,Monoamine oxidases,CHEMBL1951; CHEMBL2039,0
CHEMBL3354137,2,1,Carbonic anhydrases,CHEMBL3242; CHEMBL3594,0
CHEMBL3354138,2,1,Carbonic anhydrases,CHEMBL3242; CHEMBL3594,0
CHEMBL3354141,2,1,Carbonic anhydrases,CHEMBL3242; CHEMBL3594,0
CHEMBL3359943,2,1,Monoamine oxidases,CHEMBL2993; CHEMBL3358,0
CHEMBL3359944,2,1,Monoamine oxidases,CHEMBL2039; CHEMBL2993,0
CHEMBL3359948,2,1,Monoamine oxidases,CHEMBL2993; CHEMBL3358,0
CHEMBL3359950,2,1,Monoamine oxidases,CHEMBL2993; CHEMBL3358,0
CHEMBL3359951,2,1,Monoamine oxidases,CHEMBL2993; CHEMBL3358,0
CHEMBL3360732,2,1,Monoamine oxidases,CHEMBL1951; CHEMBL2039,0
CHEMBL3400291,2,1,Kinases,CHEMBL3587; CHEMBL4005,0
CHEMBL3403686,2,1,Nuclear receptors,CHEMBL2808; CHEMBL4093,0
CHEMBL3403687,2,1,Nuclear receptors,CHEMBL2808; CHEMBL4093,0
CHEMBL3403691,2,1,Nuclear receptors,CHEMBL2808; CHEMBL4093,0
CHEMBL3403692,2,1,Nuclear receptors,CHEMBL2808; CHEMBL4093,0
CHEMBL3403693,2,1,Nuclear receptors,CHEMBL2808; CHEMBL4093,0
CHEMBL3403708,2,1,Nuclear receptors,CHEMBL2808; CHEMBL4093,0
CHEMBL3417295,2,1,Cholinesterases,CHEMBL4078; CHEMBL5763,0
CHEMBL342724,2,1,Monoamine oxidases,CHEMBL2039; CHEMBL2993,0
CHEMBL342911,2,1,Ion channels and transporters,CHEMBL2086; CHEMBL4818,0
CHEMBL3545701,2,1,Cholinesterases,CHEMBL1914; CHEMBL220,0
CHEMBL3545708,2,1,Cholinesterases,CHEMBL1914; CHEMBL220,0
CHEMBL3545709,2,1,Cholinesterases,CHEMBL1914; CHEMBL220,0
CHEMBL3545710,2,1,Cholinesterases,CHEMBL1914; CHEMBL220,0
CHEMBL3545711,2,1,Cholinesterases,CHEMBL1914; CHEMBL220,0
CHEMBL3545713,2,1,Cholinesterases,CHEMBL1914; CHEMBL220,0
CHEMBL3586585,2,1,Cholinesterases,CHEMBL4078; CHEMBL5763,0
CHEMBL3586591,2,1,Cholinesterases,CHEMBL4078; CHEMBL5763,0
CHEMBL3586606,2,1,Cholinesterases,CHEMBL4078; CHEMBL5763,0
CHEMBL359392,2,1,Monoamine oxidases,CHEMBL2993; CHEMBL3358,0
CHEMBL3601439,2,1,Cytochrome P450s,CHEMBL3356; CHEMBL4878,0
CHEMBL3601510,2,1,Cytochrome P450s,CHEMBL3356; CHEMBL4878,0
CHEMBL3601511,2,1,Cytochrome P450s,CHEMBL3356; CHEMBL4878,0
CHEMBL3623663,2,1,Carbonic anhydrases,CHEMBL3242; CHEMBL3594,0
CHEMBL3623665,2,1,Carbonic anhydrases,CHEMBL3242; CHEMBL3594,0
CHEMBL3623666,2,1,Carbonic anhydrases,CHEMBL3242; CHEMBL3594,0
CHEMBL3623673,2,1,Carbonic anhydrases,CHEMBL3242; CHEMBL3594,0
CHEMBL3628489,2,1,G protein-coupled receptors,CHEMBL1945; CHEMBL1946,0
CHEMBL3629466,2,1,Monoamine oxidases,CHEMBL1951; CHEMBL2039,0
CHEMBL3629472,2,1,Monoamine oxidases,CHEMBL1951; CHEMBL2039,0
CHEMBL3629473,2,1,Monoamine oxidases,CHEMBL1951; CHEMBL2039,0
CHEMBL3629474,2,1,Monoamine oxidases,CHEMBL1951; CHEMBL2039,0
CHEMBL3629807,2,1,Monoamine oxidases,CHEMBL1951; CHEMBL2039,0
CHEMBL3629810,2,1,Monoamine oxidases,CHEMBL1951; CHEMBL2039,0
CHEMBL3629811,2,1,Monoamine oxidases,CHEMBL1951; CHEMBL2039,0
CHEMBL3629813,2,1,Monoamine oxidases,CHEMBL1951; CHEMBL2039,0
CHEMBL3696483,2,1,G protein-coupled receptors,CHEMBL3138; CHEMBL324,0
CHEMBL3696484,2,1,G protein-coupled receptors,CHEMBL3138; CHEMBL324,0
CHEMBL3696485,2,1,G protein-coupled receptors,CHEMBL3138; CHEMBL324,0
CHEMBL372943,2,1,Monoamine oxidases,CHEMBL1951; CHEMBL2039,0
CHEMBL3734880,2,1,Monoamine oxidases,CHEMBL1951; CHEMBL2039,0
CHEMBL3734986,2,1,Monoamine oxidases,CHEMBL1951; CHEMBL2039,0
CHEMBL3735165,2,1,Monoamine oxidases,CHEMBL1951; CHEMBL2039,0
CHEMBL3735436,2,1,Monoamine oxidases,CHEMBL1951; CHEMBL2039,0
CHEMBL3735661,2,1,Monoamine oxidases,CHEMBL1951; CHEMBL2039,0
CHEMBL3735752,2,1,Monoamine oxidases,CHEMBL1951; CHEMBL2039,0
CHEMBL3735913,2,1,Monoamine oxidases,CHEMBL1951; CHEMBL2039,0
CHEMBL3735973,2,1,Monoamine oxidases,CHEMBL1951; CHEMBL2039,0
CHEMBL3736060,2,1,Monoamine oxidases,CHEMBL1951; CHEMBL2039,0
CHEMBL3736247,2,1,Monoamine oxidases,CHEMBL1951; CHEMBL2039,0
CHEMBL3745771,2,1,Cholinesterases,CHEMBL4078; CHEMBL5763,0
CHEMBL3745983,2,1,Cholinesterases,CHEMBL4078; CHEMBL5763,0
CHEMBL3746086,2,1,Cholinesterases,CHEMBL4078; CHEMBL5763,0
CHEMBL3746173,2,1,Cholinesterases,CHEMBL4078; CHEMBL5763,0
CHEMBL3746191,2,1,Cholinesterases,CHEMBL4078; CHEMBL5763,0
CHEMBL3746215,2,1,Cholinesterases,CHEMBL4078; CHEMBL5763,0
CHEMBL3746269,2,1,Cholinesterases,CHEMBL4078; CHEMBL5763,0
CHEMBL3770126,2,1,Ion channels and transporters,CHEMBL313; CHEMBL338,0
CHEMBL3770400,2,1,Ion channels and transporters,CHEMBL313; CHEMBL338,0
CHEMBL378988,2,1,Monoamine oxidases,CHEMBL2756; CHEMBL3254,0
CHEMBL380358,2,1,Nuclear receptors,CHEMBL206; CHEMBL242,0
CHEMBL380375,2,1,Monoamine oxidases,CHEMBL2993; CHEMBL3358,0
CHEMBL380452,2,1,Nuclear receptors,CHEMBL206; CHEMBL242,0
CHEMBL380717,2,1,Nuclear receptors,CHEMBL206; CHEMBL242,0
CHEMBL380720,2,1,Nuclear receptors,CHEMBL206; CHEMBL242,0
CHEMBL380838,2,1,Nuclear receptors,CHEMBL206; CHEMBL242,0
CHEMBL380844,2,1,Nuclear receptors,CHEMBL206; CHEMBL242,0
CHEMBL381697,2,1,Nuclear receptors,CHEMBL206; CHEMBL242,0
CHEMBL3822638,2,1,Other enzymes,CHEMBL221; CHEMBL230,0
CHEMBL3822695,2,1,Other enzymes,CHEMBL221; CHEMBL230,0
CHEMBL3822899,2,1,Other enzymes,CHEMBL221; CHEMBL230,0
CHEMBL3823115,2,1,Other enzymes,CHEMBL221; CHEMBL230,0
CHEMBL3823238,2,1,Other enzymes,CHEMBL221; CHEMBL230,0
CHEMBL3823276,2,1,Other enzymes,CHEMBL221; CHEMBL230,0
CHEMBL3823400,2,1,Other enzymes,CHEMBL221; CHEMBL230,0
CHEMBL3823440,2,1,Other enzymes,CHEMBL221; CHEMBL230,0
CHEMBL3823600,2,1,Other enzymes,CHEMBL221; CHEMBL230,0
CHEMBL3823735,2,1,Other enzymes,CHEMBL221; CHEMBL230,0
CHEMBL3823759,2,1,Other enzymes,CHEMBL221; CHEMBL230,0
CHEMBL3824049,2,1,Other enzymes,CHEMBL221; CHEMBL230,0
CHEMBL3824071,2,1,Other enzymes,CHEMBL221; CHEMBL230,0
CHEMBL3827765,2,1,Cholinesterases,CHEMBL1914; CHEMBL220,0
CHEMBL383518,2,1,Nuclear receptors,CHEMBL206; CHEMBL242,0
CHEMBL383753,2,1,Nuclear receptors,CHEMBL206; CHEMBL242,0
CHEMBL3889532,2,1,Cholinesterases,CHEMBL4078; CHEMBL5763,0
CHEMBL3894190,2,1,Ion channels and transporters,CHEMBL4306; CHEMBL4633,0
CHEMBL3896854,2,1,Carbonic anhydrases,CHEMBL3242; CHEMBL3594,0
CHEMBL389825,2,1,Cholinesterases,CHEMBL1914; CHEMBL220,0
CHEMBL3899148,2,1,Ion channels and transporters,CHEMBL4306; CHEMBL4633,0
CHEMBL3899683,2,1,Ion channels and transporters,CHEMBL4306; CHEMBL4633,0
CHEMBL3901865,2,1,Ion channels and transporters,CHEMBL4306; CHEMBL4633,0
CHEMBL3901953,2,1,Ion channels and transporters,CHEMBL4306; CHEMBL4633,0
CHEMBL3902465,2,1,Ion channels and transporters,CHEMBL4306; CHEMBL4633,0
CHEMBL3906398,2,1,Other/unclassified,CHEMBL3988623; CHEMBL4553,0
CHEMBL3908386,2,1,Ion channels and transporters,CHEMBL4306; CHEMBL4633,0
CHEMBL3908749,2,1,Ion channels and transporters,CHEMBL4306; CHEMBL4633,0
CHEMBL3911483,2,1,Ion channels and transporters,CHEMBL4306; CHEMBL4633,0
CHEMBL3922127,2,1,Ion channels and transporters,CHEMBL4306; CHEMBL4633,0
CHEMBL3922811,2,1,Proteases,CHEMBL2079849; CHEMBL2366,0
CHEMBL3923137,2,1,Ion channels and transporters,CHEMBL4306; CHEMBL4633,0
CHEMBL3928695,2,1,Carbonic anhydrases,CHEMBL3242; CHEMBL3594,0
CHEMBL3928866,2,1,Ion channels and transporters,CHEMBL4306; CHEMBL4633,0
CHEMBL3930613,2,1,Ion channels and transporters,CHEMBL4306; CHEMBL4633,0
CHEMBL3932874,2,1,Ion channels and transporters,CHEMBL4306; CHEMBL4633,0
CHEMBL3937251,2,1,Ion channels and transporters,CHEMBL4306; CHEMBL4633,0
CHEMBL3937779,2,1,Ion channels and transporters,CHEMBL4306; CHEMBL4633,0
CHEMBL3938998,2,1,Cholinesterases,CHEMBL4078; CHEMBL5763,0
CHEMBL3940526,2,1,Ion channels and transporters,CHEMBL4306; CHEMBL4633,0
CHEMBL3941516,2,1,Ion channels and transporters,CHEMBL4306; CHEMBL4633,0
CHEMBL3943702,2,1,Ion channels and transporters,CHEMBL4306; CHEMBL4633,0
CHEMBL3946367,2,1,Ion channels and transporters,CHEMBL4306; CHEMBL4633,0
CHEMBL3946873,2,1,Ion channels and transporters,CHEMBL4306; CHEMBL4633,0
CHEMBL3948863,2,1,Cholinesterases,CHEMBL4078; CHEMBL5763,0
CHEMBL3953466,2,1,Ion channels and transporters,CHEMBL4306; CHEMBL4633,0
CHEMBL3955372,2,1,Nuclear receptors,CHEMBL2034; CHEMBL208,0
CHEMBL3956598,2,1,Cholinesterases,CHEMBL4078; CHEMBL5763,0
CHEMBL3956977,2,1,Carbonic anhydrases,CHEMBL3242; CHEMBL3594,0
CHEMBL3958206,2,1,Ion channels and transporters,CHEMBL4306; CHEMBL4633,0
CHEMBL3958781,2,1,Ion channels and transporters,CHEMBL4306; CHEMBL4633,0
CHEMBL3959937,2,1,Ion channels and transporters,CHEMBL4306; CHEMBL4633,0
CHEMBL3960492,2,1,Carbonic anhydrases,CHEMBL3242; CHEMBL3594,0
CHEMBL3960875,2,1,Ion channels and transporters,CHEMBL4306; CHEMBL4633,0
CHEMBL3961395,2,1,Ion channels and transporters,CHEMBL4306; CHEMBL4633,0
CHEMBL396199,2,1,Cholinesterases,CHEMBL1914; CHEMBL220,0
CHEMBL396247,2,1,Cholinesterases,CHEMBL1914; CHEMBL220,0
CHEMBL3976042,2,1,Cholinesterases,CHEMBL4078; CHEMBL5763,0
CHEMBL3976058,2,1,Ion channels and transporters,CHEMBL4306; CHEMBL4633,0
CHEMBL3977549,2,1,Carbonic anhydrases,CHEMBL3242; CHEMBL3594,0
CHEMBL3978528,2,1,Ion channels and transporters,CHEMBL4306; CHEMBL4633,0
CHEMBL3982686,2,1,Ion channels and transporters,CHEMBL4306; CHEMBL4633,0
CHEMBL3985258,2,1,Ion channels and transporters,CHEMBL4306; CHEMBL4633,0
CHEMBL3986431,2,1,Carbonic anhydrases,CHEMBL3242; CHEMBL3594,0
CHEMBL4060049,2,1,Other enzymes,CHEMBL1900; CHEMBL5983,0
CHEMBL4060097,2,1,Cholinesterases,CHEMBL4078; CHEMBL5763,0
CHEMBL4060132,2,1,Other enzymes,CHEMBL2378; CHEMBL3775,0
CHEMBL4060398,2,1,Monoamine oxidases,CHEMBL1951; CHEMBL2039,0
CHEMBL4060402,2,1,Carbonic anhydrases,CHEMBL3594; CHEMBL3729,0
CHEMBL4060753,2,1,Other enzymes,CHEMBL5573; CHEMBL5979,0
CHEMBL4062779,2,1,Other enzymes,CHEMBL1900; CHEMBL5983,0
CHEMBL4065375,2,1,Other enzymes,CHEMBL5573; CHEMBL5979,0
CHEMBL4066424,2,1,Other enzymes,CHEMBL2378; CHEMBL3775,0
CHEMBL4066643,2,1,Other enzymes,CHEMBL2378; CHEMBL3775,0
CHEMBL4067112,2,1,Cholinesterases,CHEMBL4078; CHEMBL5763,0
CHEMBL4067437,2,1,Carbonic anhydrases,CHEMBL3242; CHEMBL3729,0
CHEMBL4068298,2,1,Other enzymes,CHEMBL5573; CHEMBL5979,0
CHEMBL4068321,2,1,Monoamine oxidases,CHEMBL1951; CHEMBL2039,0
CHEMBL4068704,2,1,Other enzymes,CHEMBL1900; CHEMBL5983,0
CHEMBL4068753,2,1,Cholinesterases,CHEMBL4078; CHEMBL5763,0
CHEMBL4069084,2,1,Monoamine oxidases,CHEMBL1951; CHEMBL2039,0
CHEMBL4069435,2,1,Other enzymes,CHEMBL5573; CHEMBL5979,0
CHEMBL4069692,2,1,Other enzymes,CHEMBL230; CHEMBL312,0
CHEMBL4070218,2,1,Other enzymes,CHEMBL5573; CHEMBL5979,0
CHEMBL4071420,2,1,Other enzymes,CHEMBL1900; CHEMBL5983,0
CHEMBL4071421,2,1,Other enzymes,CHEMBL1900; CHEMBL5983,0
CHEMBL4072501,2,1,Cholinesterases,CHEMBL4078; CHEMBL5763,0
CHEMBL4073985,2,1,Other enzymes,CHEMBL5573; CHEMBL5979,0
CHEMBL4075025,2,1,Other enzymes,CHEMBL5573; CHEMBL5979,0
CHEMBL4075821,2,1,Other enzymes,CHEMBL2378; CHEMBL3775,0
CHEMBL4075969,2,1,Other enzymes,CHEMBL230; CHEMBL312,0
CHEMBL4076313,2,1,Nuclear receptors,CHEMBL206; CHEMBL242,0
CHEMBL4077242,2,1,Cholinesterases,CHEMBL4078; CHEMBL5763,0
CHEMBL4077330,2,1,Other enzymes,CHEMBL5573; CHEMBL5979,0
CHEMBL4077748,2,1,Other/unclassified,CHEMBL4531; CHEMBL4915,0
CHEMBL4078051,2,1,Cholinesterases,CHEMBL4078; CHEMBL5763,0
CHEMBL407834,2,1,Other enzymes,CHEMBL3623; CHEMBL4161,0
CHEMBL4078377,2,1,Other enzymes,CHEMBL5573; CHEMBL5979,0
CHEMBL4079164,2,1,Other enzymes,CHEMBL5573; CHEMBL5979,0
CHEMBL4079452,2,1,Other enzymes,CHEMBL1935; CHEMBL3578,0
CHEMBL4079843,2,1,Monoamine oxidases,CHEMBL1951; CHEMBL2039,0
CHEMBL4080152,2,1,Other enzymes,CHEMBL5573; CHEMBL5979,0
CHEMBL4081953,2,1,Other enzymes,CHEMBL1900; CHEMBL5983,0
CHEMBL4082196,2,1,Nuclear receptors,CHEMBL206; CHEMBL242,0
CHEMBL4082300,2,1,Monoamine oxidases,CHEMBL1951; CHEMBL2039,0
CHEMBL4082634,2,1,Other enzymes,CHEMBL5573; CHEMBL5979,0
CHEMBL4082922,2,1,Carbonic anhydrases,CHEMBL3594; CHEMBL3729,0
CHEMBL4083412,2,1,Other enzymes,CHEMBL1935; CHEMBL3579,0
CHEMBL4083749,2,1,Other enzymes,CHEMBL5573; CHEMBL5979,0
CHEMBL4084312,2,1,Other enzymes,CHEMBL5573; CHEMBL5979,0
CHEMBL4084456,2,1,Other enzymes,CHEMBL1900; CHEMBL5983,0
CHEMBL4084887,2,1,Other enzymes,CHEMBL230; CHEMBL312,0
CHEMBL4085485,2,1,Other enzymes,CHEMBL2378; CHEMBL3775,0
CHEMBL4086241,2,1,Other enzymes,CHEMBL5573; CHEMBL5979,0
CHEMBL4086414,2,1,Other enzymes,CHEMBL2378; CHEMBL3775,0
CHEMBL4087225,2,1,Other enzymes,CHEMBL5573; CHEMBL5979,0
CHEMBL4090465,2,1,Other enzymes,CHEMBL5573; CHEMBL5979,0
CHEMBL4091160,2,1,Other enzymes,CHEMBL5573; CHEMBL5979,0
CHEMBL4093867,2,1,Other enzymes,CHEMBL5573; CHEMBL5979,0
CHEMBL4094013,2,1,Other enzymes,CHEMBL5573; CHEMBL5979,0
CHEMBL4094178,2,1,Other enzymes,CHEMBL2378; CHEMBL3775,0
CHEMBL4095459,2,1,Other enzymes,CHEMBL5573; CHEMBL5979,0
CHEMBL4097725,2,1,Other enzymes,CHEMBL2378; CHEMBL3775,0
CHEMBL4097867,2,1,Monoamine oxidases,CHEMBL1951; CHEMBL2039,0
CHEMBL4098452,2,1,Other enzymes,CHEMBL1900; CHEMBL5983,0
CHEMBL4098491,2,1,Cholinesterases,CHEMBL4078; CHEMBL5763,0
CHEMBL4100010,2,1,Other enzymes,CHEMBL5573; CHEMBL5979,0
CHEMBL4102277,2,1,Other enzymes,CHEMBL5573; CHEMBL5979,0
CHEMBL4103132,2,1,Other enzymes,CHEMBL5573; CHEMBL5979,0
CHEMBL4103223,2,1,Other enzymes,CHEMBL5573; CHEMBL5979,0
CHEMBL4103420,2,1,Other enzymes,CHEMBL5573; CHEMBL5979,0
CHEMBL4104094,2,1,Carbonic anhydrases,CHEMBL3242; CHEMBL3729,0
CHEMBL4104313,2,1,Other enzymes,CHEMBL2378; CHEMBL3775,0
CHEMBL4104739,2,1,Cholinesterases,CHEMBL4078; CHEMBL5763,0
CHEMBL4105082,2,1,Other enzymes,CHEMBL5573; CHEMBL5979,0
CHEMBL4105601,2,1,Monoamine oxidases,CHEMBL1951; CHEMBL2039,0
CHEMBL4125847,2,1,G protein-coupled receptors,CHEMBL214; CHEMBL224,0
CHEMBL4126092,2,1,G protein-coupled receptors,CHEMBL214; CHEMBL224,0
CHEMBL4126439,2,1,G protein-coupled receptors,CHEMBL214; CHEMBL224,0
CHEMBL4126559,2,1,Other enzymes,CHEMBL221; CHEMBL230,0
CHEMBL4126788,2,1,G protein-coupled receptors,CHEMBL214; CHEMBL224,0
CHEMBL4127564,2,1,G protein-coupled receptors,CHEMBL214; CHEMBL224,0
CHEMBL4127779,2,1,G protein-coupled receptors,CHEMBL214; CHEMBL224,0
CHEMBL4127794,2,1,Other enzymes,CHEMBL221; CHEMBL230,0
CHEMBL4127835,2,1,G protein-coupled receptors,CHEMBL214; CHEMBL224,0
CHEMBL4127948,2,1,Other enzymes,CHEMBL221; CHEMBL230,0
CHEMBL4128053,2,1,G protein-coupled receptors,CHEMBL214; CHEMBL224,0
CHEMBL4128061,2,1,Cholinesterases,CHEMBL1914; CHEMBL220,0
CHEMBL4128369,2,1,G protein-coupled receptors,CHEMBL214; CHEMBL224,0
CHEMBL4129173,2,1,G protein-coupled receptors,CHEMBL214; CHEMBL224,0
CHEMBL4129191,2,1,Other enzymes,CHEMBL221; CHEMBL230,0
CHEMBL4129293,2,1,G protein-coupled receptors,CHEMBL214; CHEMBL224,0
CHEMBL4129432,2,1,G protein-coupled receptors,CHEMBL214; CHEMBL224,0
CHEMBL4129562,2,1,G protein-coupled receptors,CHEMBL214; CHEMBL224,0
CHEMBL4129984,2,1,Other enzymes,CHEMBL221; CHEMBL230,0
CHEMBL4130132,2,1,G protein-coupled receptors,CHEMBL214; CHEMBL224,0
CHEMBL4130301,2,1,G protein-coupled receptors,CHEMBL214; CHEMBL224,0
CHEMBL414859,2,1,Nuclear receptors,CHEMBL206; CHEMBL242,0
CHEMBL415289,2,1,Nuclear receptors,CHEMBL1871; CHEMBL208,0
CHEMBL4159294,2,1,Carbonic anhydrases,CHEMBL3242; CHEMBL3594,0
CHEMBL4160117,2,1,Carbonic anhydrases,CHEMBL3242; CHEMBL3594,0
CHEMBL4160467,2,1,Carbonic anhydrases,CHEMBL3242; CHEMBL3594,0
CHEMBL4160538,2,1,Carbonic anhydrases,CHEMBL3242; CHEMBL3594,0
CHEMBL4160716,2,1,Carbonic anhydrases,CHEMBL3242; CHEMBL3594,0
CHEMBL4160812,2,1,Carbonic anhydrases,CHEMBL3242; CHEMBL3594,0
CHEMBL4160822,2,1,Other enzymes,CHEMBL202; CHEMBL6065,0
CHEMBL4161002,2,1,Carbonic anhydrases,CHEMBL3242; CHEMBL3594,0
CHEMBL4161127,2,1,Carbonic anhydrases,CHEMBL3242; CHEMBL3594,0
CHEMBL4161232,2,1,Carbonic anhydrases,CHEMBL3242; CHEMBL3594,0
CHEMBL4161244,2,1,Cholinesterases,CHEMBL4078; CHEMBL5763,0
CHEMBL4161438,2,1,Carbonic anhydrases,CHEMBL3242; CHEMBL3594,0
CHEMBL4161531,2,1,Carbonic anhydrases,CHEMBL3242; CHEMBL3594,0
CHEMBL4162187,2,1,Carbonic anhydrases,CHEMBL3242; CHEMBL3594,0
CHEMBL4162493,2,1,Carbonic anhydrases,CHEMBL3242; CHEMBL3594,0
CHEMBL4163753,2,1,Carbonic anhydrases,CHEMBL3242; CHEMBL3594,0
CHEMBL4163924,2,1,Carbonic anhydrases,CHEMBL3242; CHEMBL3594,0
CHEMBL4164409,2,1,Carbonic anhydrases,CHEMBL3242; CHEMBL3594,0
CHEMBL4164656,2,1,Carbonic anhydrases,CHEMBL3242; CHEMBL3594,0
CHEMBL4164851,2,1,Carbonic anhydrases,CHEMBL3242; CHEMBL3594,0
CHEMBL4165930,2,1,Carbonic anhydrases,CHEMBL3242; CHEMBL3594,0
CHEMBL4167848,2,1,Carbonic anhydrases,CHEMBL3242; CHEMBL3594,0
CHEMBL4168090,2,1,Carbonic anhydrases,CHEMBL3242; CHEMBL3594,0
CHEMBL4168276,2,1,Carbonic anhydrases,CHEMBL3242; CHEMBL3594,0
CHEMBL4168368,2,1,Carbonic anhydrases,CHEMBL3242; CHEMBL3594,0
CHEMBL4168434,2,1,Carbonic anhydrases,CHEMBL3242; CHEMBL3594,0
CHEMBL4168780,2,1,Carbonic anhydrases,CHEMBL3242; CHEMBL3594,0
CHEMBL4169349,2,1,Carbonic anhydrases,CHEMBL3242; CHEMBL3594,0
CHEMBL4169362,2,1,Carbonic anhydrases,CHEMBL3242; CHEMBL3594,0
CHEMBL4170326,2,1,Other enzymes,CHEMBL230; CHEMBL2949,0
CHEMBL4170761,2,1,Carbonic anhydrases,CHEMBL3242; CHEMBL3594,0
CHEMBL4171312,2,1,Carbonic anhydrases,CHEMBL3242; CHEMBL3594,0
CHEMBL4171612,2,1,Carbonic anhydrases,CHEMBL3242; CHEMBL3594,0
CHEMBL4171790,2,1,Carbonic anhydrases,CHEMBL3242; CHEMBL3594,0
CHEMBL4171890,2,1,Carbonic anhydrases,CHEMBL3242; CHEMBL3594,0
CHEMBL4172130,2,1,Carbonic anhydrases,CHEMBL3242; CHEMBL3594,0
CHEMBL4172425,2,1,Carbonic anhydrases,CHEMBL3242; CHEMBL3594,0
CHEMBL4172760,2,1,Carbonic anhydrases,CHEMBL3242; CHEMBL3594,0
CHEMBL4173179,2,1,Carbonic anhydrases,CHEMBL3242; CHEMBL3594,0
CHEMBL4173681,2,1,Other enzymes,CHEMBL230; CHEMBL2949,0
CHEMBL4173787,2,1,Carbonic anhydrases,CHEMBL3242; CHEMBL3594,0
CHEMBL4174316,2,1,Cholinesterases,CHEMBL4078; CHEMBL5763,0
CHEMBL4174424,2,1,Carbonic anhydrases,CHEMBL3242; CHEMBL3594,0
CHEMBL4174883,2,1,Other enzymes,CHEMBL202; CHEMBL6065,0
CHEMBL4175059,2,1,Carbonic anhydrases,CHEMBL3242; CHEMBL3594,0
CHEMBL4175236,2,1,Carbonic anhydrases,CHEMBL3242; CHEMBL3594,0
CHEMBL4175605,2,1,Carbonic anhydrases,CHEMBL3242; CHEMBL3594,0
CHEMBL4176119,2,1,Carbonic anhydrases,CHEMBL3242; CHEMBL3594,0
CHEMBL4176549,2,1,Carbonic anhydrases,CHEMBL3242; CHEMBL3594,0
CHEMBL4176638,2,1,Carbonic anhydrases,CHEMBL3242; CHEMBL3594,0
CHEMBL4202569,2,1,Monoamine oxidases,CHEMBL1951; CHEMBL2039,0
CHEMBL4202831,2,1,G protein-coupled receptors,CHEMBL214; CHEMBL224,0
CHEMBL4203107,2,1,Monoamine oxidases,CHEMBL1951; CHEMBL2039,0
CHEMBL4204002,2,1,Monoamine oxidases,CHEMBL1951; CHEMBL2039,0
CHEMBL4205441,2,1,Monoamine oxidases,CHEMBL1951; CHEMBL2039,0
CHEMBL4205890,2,1,Monoamine oxidases,CHEMBL1951; CHEMBL2039,0
CHEMBL4206927,2,1,Monoamine oxidases,CHEMBL1951; CHEMBL2039,0
CHEMBL4207177,2,1,G protein-coupled receptors,CHEMBL214; CHEMBL224,0
CHEMBL4207453,2,1,Monoamine oxidases,CHEMBL1951; CHEMBL2039,0
CHEMBL4207585,2,1,G protein-coupled receptors,CHEMBL214; CHEMBL224,0
CHEMBL4207990,2,1,G protein-coupled receptors,CHEMBL214; CHEMBL224,0
CHEMBL4208341,2,1,Monoamine oxidases,CHEMBL1951; CHEMBL2039,0
CHEMBL4208928,2,1,Nuclear receptors,CHEMBL235; CHEMBL239,0
CHEMBL4209403,2,1,G protein-coupled receptors,CHEMBL214; CHEMBL224,0
CHEMBL4210358,2,1,Monoamine oxidases,CHEMBL1951; CHEMBL2039,0
CHEMBL4210383,2,1,Nuclear receptors,CHEMBL235; CHEMBL239,0
CHEMBL4210596,2,1,G protein-coupled receptors,CHEMBL214; CHEMBL224,0
CHEMBL4210766,2,1,Monoamine oxidases,CHEMBL1951; CHEMBL2039,0
CHEMBL4211175,2,1,Monoamine oxidases,CHEMBL1951; CHEMBL2039,0
CHEMBL4211297,2,1,Monoamine oxidases,CHEMBL1951; CHEMBL2039,0
CHEMBL4211565,2,1,Kinases,CHEMBL3861; CHEMBL4766,0
CHEMBL4211764,2,1,Monoamine oxidases,CHEMBL1951; CHEMBL2039,0
CHEMBL4211814,2,1,Monoamine oxidases,CHEMBL1951; CHEMBL2039,0
CHEMBL4212058,2,1,G protein-coupled receptors,CHEMBL214; CHEMBL224,0
CHEMBL4212732,2,1,Monoamine oxidases,CHEMBL1951; CHEMBL2039,0
CHEMBL4212943,2,1,G protein-coupled receptors,CHEMBL214; CHEMBL224,0
CHEMBL4213170,2,1,G protein-coupled receptors,CHEMBL214; CHEMBL224,0
CHEMBL4213274,2,1,Monoamine oxidases,CHEMBL1951; CHEMBL2039,0
CHEMBL4213789,2,1,G protein-coupled receptors,CHEMBL214; CHEMBL224,0
CHEMBL4214449,2,1,Nuclear receptors,CHEMBL235; CHEMBL239,0
CHEMBL4214598,2,1,G protein-coupled receptors,CHEMBL214; CHEMBL224,0
CHEMBL4214760,2,1,Monoamine oxidases,CHEMBL1951; CHEMBL2039,0
CHEMBL4215298,2,1,Monoamine oxidases,CHEMBL1951; CHEMBL2039,0
CHEMBL4215550,2,1,G protein-coupled receptors,CHEMBL214; CHEMBL224,0
CHEMBL4216146,2,1,Monoamine oxidases,CHEMBL1951; CHEMBL2039,0
CHEMBL4216262,2,1,Monoamine oxidases,CHEMBL1951; CHEMBL2039,0
CHEMBL4216733,2,1,Monoamine oxidases,CHEMBL1951; CHEMBL2039,0
CHEMBL4217159,2,1,Monoamine oxidases,CHEMBL1951; CHEMBL2039,0
CHEMBL4217683,2,1,Monoamine oxidases,CHEMBL1951; CHEMBL2039,0
CHEMBL4217736,2,1,G protein-coupled receptors,CHEMBL214; CHEMBL224,0
CHEMBL4218830,2,1,G protein-coupled receptors,CHEMBL214; CHEMBL224,0
CHEMBL422830,2,1,Monoamine oxidases,CHEMBL2993; CHEMBL3358,0
CHEMBL426854,2,1,Nuclear receptors,CHEMBL206; CHEMBL242,0
CHEMBL4276705,2,1,G protein-coupled receptors,CHEMBL214; CHEMBL224,0
CHEMBL4277211,2,1,G protein-coupled receptors,CHEMBL214; CHEMBL224,0
CHEMBL4278275,2,1,G protein-coupled receptors,CHEMBL214; CHEMBL224,0
CHEMBL4279872,2,1,G protein-coupled receptors,CHEMBL214; CHEMBL224,0
CHEMBL4279918,2,1,G protein-coupled receptors,CHEMBL214; CHEMBL224,0
CHEMBL4280137,2,1,G protein-coupled receptors,CHEMBL214; CHEMBL224,0
CHEMBL4281430,2,1,G protein-coupled receptors,CHEMBL214; CHEMBL224,0
CHEMBL4283238,2,1,G protein-coupled receptors,CHEMBL214; CHEMBL224,0
CHEMBL4283586,2,1,G protein-coupled receptors,CHEMBL214; CHEMBL224,0
CHEMBL4283791,2,1,G protein-coupled receptors,CHEMBL214; CHEMBL224,0
CHEMBL4284002,2,1,G protein-coupled receptors,CHEMBL214; CHEMBL224,0
CHEMBL4285172,2,1,G protein-coupled receptors,CHEMBL214; CHEMBL224,0
CHEMBL4285316,2,1,G protein-coupled receptors,CHEMBL214; CHEMBL224,0
CHEMBL4286737,2,1,G protein-coupled receptors,CHEMBL214; CHEMBL224,0
CHEMBL4287105,2,1,G protein-coupled receptors,CHEMBL214; CHEMBL224,0
CHEMBL4287144,2,1,G protein-coupled receptors,CHEMBL214; CHEMBL224,0
CHEMBL4287173,2,1,G protein-coupled receptors,CHEMBL214; CHEMBL224,0
CHEMBL4288960,2,1,G protein-coupled receptors,CHEMBL214; CHEMBL224,0
CHEMBL4290571,2,1,G protein-coupled receptors,CHEMBL214; CHEMBL224,0
CHEMBL4291652,2,1,G protein-coupled receptors,CHEMBL214; CHEMBL224,0
CHEMBL4291739,2,1,G protein-coupled receptors,CHEMBL214; CHEMBL224,0
CHEMBL4292362,2,1,G protein-coupled receptors,CHEMBL214; CHEMBL224,0
CHEMBL4293165,2,1,G protein-coupled receptors,CHEMBL214; CHEMBL224,0
CHEMBL4293643,2,1,G protein-coupled receptors,CHEMBL214; CHEMBL224,0
CHEMBL4293826,2,1,G protein-coupled receptors,CHEMBL214; CHEMBL224,0
CHEMBL4293973,2,1,G protein-coupled receptors,CHEMBL214; CHEMBL224,0
CHEMBL4295030,2,1,G protein-coupled receptors,CHEMBL214; CHEMBL224,0
CHEMBL434510,2,1,Monoamine oxidases,CHEMBL2993; CHEMBL3358,0
CHEMBL438443,2,1,Nuclear receptors,CHEMBL206; CHEMBL242,0
CHEMBL440506,2,1,G protein-coupled receptors,CHEMBL219; CHEMBL234,0
CHEMBL4436042,2,1,Ion channels and transporters,CHEMBL3004; CHEMBL4302,0
CHEMBL4436134,2,1,Ion channels and transporters,CHEMBL4523223; CHEMBL4523503,0
CHEMBL4436493,2,1,Other enzymes,CHEMBL247; CHEMBL3471,0
CHEMBL4439360,2,1,Monoamine oxidases,CHEMBL1951; CHEMBL2039,0
CHEMBL4441792,2,1,Other enzymes,CHEMBL2541; CHEMBL3621036,0
CHEMBL4441993,2,1,Other enzymes,CHEMBL2541; CHEMBL3621036,0
CHEMBL4442992,2,1,Carbonic anhydrases,CHEMBL3242; CHEMBL3594,0
CHEMBL4450126,2,1,Other enzymes,CHEMBL247; CHEMBL3471,0
CHEMBL4450551,2,1,Other enzymes,CHEMBL247; CHEMBL3471,0
CHEMBL4451075,2,1,Cholinesterases,CHEMBL4078; CHEMBL5763,0
CHEMBL4453513,2,1,Other enzymes,CHEMBL247; CHEMBL3471,0
CHEMBL4457846,2,1,Other enzymes,CHEMBL247; CHEMBL3471,0
CHEMBL4458187,2,1,Other enzymes,CHEMBL2541; CHEMBL3621036,0
CHEMBL4459084,2,1,Other enzymes,CHEMBL247; CHEMBL3471,0
CHEMBL4460067,2,1,Carbonic anhydrases,CHEMBL3242; CHEMBL3594,0
CHEMBL4460077,2,1,Other enzymes,CHEMBL2541; CHEMBL3621036,0
CHEMBL4460238,2,1,Other enzymes,CHEMBL2541; CHEMBL3621036,0
CHEMBL4461018,2,1,Other enzymes,CHEMBL247; CHEMBL3471,0
CHEMBL4463853,2,1,Monoamine oxidases,CHEMBL1951; CHEMBL2039,0
CHEMBL4463968,2,1,Other enzymes,CHEMBL2541; CHEMBL3621036,0
CHEMBL4464239,2,1,Ion channels and transporters,CHEMBL3004; CHEMBL4302,0
CHEMBL4464849,2,1,Ion channels and transporters,CHEMBL4523223; CHEMBL4523503,0
CHEMBL4465266,2,1,Proteases,CHEMBL4662; CHEMBL5620,0
CHEMBL4465730,2,1,Other enzymes,CHEMBL247; CHEMBL3471,0
CHEMBL4466035,2,1,Ion channels and transporters,CHEMBL3004; CHEMBL4302,0
CHEMBL4466943,2,1,Monoamine oxidases,CHEMBL1951; CHEMBL2039,0
CHEMBL4469318,2,1,Kinases,CHEMBL3267; CHEMBL4005,0
CHEMBL4470947,2,1,Other enzymes,CHEMBL2541; CHEMBL3621036,0
CHEMBL4472668,2,1,Other enzymes,CHEMBL2541; CHEMBL3621036,0
CHEMBL4473596,2,1,Ion channels and transporters,CHEMBL3004; CHEMBL4302,0
CHEMBL4474002,2,1,Monoamine oxidases,CHEMBL1951; CHEMBL2039,0
CHEMBL4474051,2,1,Other enzymes,CHEMBL2541; CHEMBL3621036,0
CHEMBL4474386,2,1,Ion channels and transporters,CHEMBL3004; CHEMBL4302,0
CHEMBL4475016,2,1,Carbonic anhydrases,CHEMBL3242; CHEMBL3594,0
CHEMBL4476238,2,1,Ion channels and transporters,CHEMBL3004; CHEMBL4302,0
CHEMBL4483030,2,1,Other enzymes,CHEMBL2541; CHEMBL3621036,0
CHEMBL450518,2,1,Monoamine oxidases,CHEMBL1951; CHEMBL2039,0
CHEMBL450963,2,1,Cytochrome P450s,CHEMBL340; CHEMBL5282,0
CHEMBL4514827,2,1,Ion channels and transporters,CHEMBL3004; CHEMBL4302,0
CHEMBL4519601,2,1,Other enzymes,CHEMBL2949; CHEMBL4102,0
CHEMBL4527294,2,1,Monoamine oxidases,CHEMBL1951; CHEMBL2039,0
CHEMBL4532465,2,1,G protein-coupled receptors,CHEMBL251; CHEMBL256,0
CHEMBL4533647,2,1,G protein-coupled receptors,CHEMBL251; CHEMBL256,0
CHEMBL4534641,2,1,Other enzymes,CHEMBL2541; CHEMBL3621036,0
CHEMBL4537471,2,1,Monoamine oxidases,CHEMBL1951; CHEMBL2039,0
CHEMBL4538356,2,1,Other enzymes,CHEMBL2541; CHEMBL3621036,0
CHEMBL4541580,2,1,Ion channels and transporters,CHEMBL3004; CHEMBL4302,0
CHEMBL4542665,2,1,Other enzymes,CHEMBL2541; CHEMBL3621036,0
CHEMBL4542923,2,1,Carbonic anhydrases,CHEMBL3242; CHEMBL3594,0
CHEMBL4543997,2,1,Monoamine oxidases,CHEMBL1951; CHEMBL2039,0
CHEMBL4544784,2,1,Ion channels and transporters,CHEMBL4523223; CHEMBL4523503,0
CHEMBL4546001,2,1,Other enzymes,CHEMBL247; CHEMBL3471,0
CHEMBL4546647,2,1,Other enzymes,CHEMBL2541; CHEMBL3621036,0
CHEMBL4553878,2,1,Ion channels and transporters,CHEMBL3004; CHEMBL4302,0
CHEMBL4556851,2,1,G protein-coupled receptors,CHEMBL251; CHEMBL256,0
CHEMBL4557045,2,1,Cholinesterases,CHEMBL4078; CHEMBL5763,0
CHEMBL4559061,2,1,Other enzymes,CHEMBL1858; CHEMBL1895,0
CHEMBL4562150,2,1,Ion channels and transporters,CHEMBL3004; CHEMBL4302,0
CHEMBL4567011,2,1,G protein-coupled receptors,CHEMBL251; CHEMBL256,0
CHEMBL4567188,2,1,Other enzymes,CHEMBL247; CHEMBL3471,0
CHEMBL456912,2,1,Nuclear receptors,CHEMBL235; CHEMBL239,0
CHEMBL4569990,2,1,Ion channels and transporters,CHEMBL3004; CHEMBL4302,0
CHEMBL4570404,2,1,Other enzymes,CHEMBL247; CHEMBL3471,0
CHEMBL4571403,2,1,Monoamine oxidases,CHEMBL1951; CHEMBL2039,0
CHEMBL4574355,2,1,Ion channels and transporters,CHEMBL3004; CHEMBL4302,0
CHEMBL4574863,2,1,Other enzymes,CHEMBL1858; CHEMBL1895,0
CHEMBL4581840,2,1,Other enzymes,CHEMBL247; CHEMBL3471,0
CHEMBL458221,2,1,Nuclear receptors,CHEMBL235; CHEMBL239,0
CHEMBL4584730,2,1,Other enzymes,CHEMBL2541; CHEMBL3621036,0
CHEMBL458648,2,1,Nuclear receptors,CHEMBL235; CHEMBL239,0
CHEMBL458867,2,1,Nuclear receptors,CHEMBL235; CHEMBL239,0
CHEMBL4591725,2,1,Proteases,CHEMBL4662; CHEMBL5620,0
CHEMBL4592250,2,1,Ion channels and transporters,CHEMBL3004; CHEMBL4302,0
CHEMBL4636601,2,1,Cholinesterases,CHEMBL4078; CHEMBL5763,0
CHEMBL4639105,2,1,Cholinesterases,CHEMBL1914; CHEMBL220,0
CHEMBL4648322,2,1,Cholinesterases,CHEMBL1914; CHEMBL220,0
CHEMBL469571,2,1,Monoamine oxidases,CHEMBL1951; CHEMBL2039,0
CHEMBL469583,2,1,Monoamine oxidases,CHEMBL1951; CHEMBL2039,0
CHEMBL469783,2,1,Monoamine oxidases,CHEMBL1951; CHEMBL2039,0
CHEMBL470016,2,1,G protein-coupled receptors,CHEMBL253; CHEMBL3571,0
CHEMBL470017,2,1,G protein-coupled receptors,CHEMBL253; CHEMBL3571,0
CHEMBL470018,2,1,G protein-coupled receptors,CHEMBL253; CHEMBL3571,0
CHEMBL470020,2,1,Monoamine oxidases,CHEMBL1951; CHEMBL2039,0
CHEMBL470199,2,1,G protein-coupled receptors,CHEMBL1075322; CHEMBL3571,0
CHEMBL470212,2,1,G protein-coupled receptors,CHEMBL253; CHEMBL3571,0
CHEMBL470213,2,1,Monoamine oxidases,CHEMBL1951; CHEMBL2039,0
CHEMBL470220,2,1,Monoamine oxidases,CHEMBL1951; CHEMBL2039,0
CHEMBL470221,2,1,Monoamine oxidases,CHEMBL1951; CHEMBL2039,0
CHEMBL470226,2,1,Monoamine oxidases,CHEMBL1951; CHEMBL2039,0
CHEMBL470602,2,1,G protein-coupled receptors,CHEMBL253; CHEMBL3571,0
CHEMBL470612,2,1,Monoamine oxidases,CHEMBL1951; CHEMBL2039,0
CHEMBL470618,2,1,G protein-coupled receptors,CHEMBL253; CHEMBL3571,0
CHEMBL470619,2,1,G protein-coupled receptors,CHEMBL253; CHEMBL3571,0
CHEMBL470867,2,1,Cholinesterases,CHEMBL220; CHEMBL4078,0
CHEMBL471221,2,1,Monoamine oxidases,CHEMBL1951; CHEMBL2039,0
CHEMBL471228,2,1,Monoamine oxidases,CHEMBL1951; CHEMBL2039,0
CHEMBL471232,2,1,Monoamine oxidases,CHEMBL1951; CHEMBL2039,0
CHEMBL471248,2,1,G protein-coupled receptors,CHEMBL253; CHEMBL3571,0
CHEMBL471249,2,1,G protein-coupled receptors,CHEMBL253; CHEMBL3571,0
CHEMBL472069,2,1,Monoamine oxidases,CHEMBL1951; CHEMBL2039,0
CHEMBL472081,2,1,Monoamine oxidases,CHEMBL1951; CHEMBL2039,0
CHEMBL472218,2,1,Monoamine oxidases,CHEMBL1951; CHEMBL2039,0
CHEMBL4740913,2,1,Carbonic anhydrases,CHEMBL3242; CHEMBL3594,0
CHEMBL4741319,2,1,Carbonic anhydrases,CHEMBL3242; CHEMBL3594,0
CHEMBL4741561,2,1,Carbonic anhydrases,CHEMBL3242; CHEMBL3594,0
CHEMBL4742237,2,1,Carbonic anhydrases,CHEMBL3242; CHEMBL3594,0
CHEMBL4743602,2,1,Carbonic anhydrases,CHEMBL3242; CHEMBL3594,0
CHEMBL4744108,2,1,Carbonic anhydrases,CHEMBL3242; CHEMBL3594,0
CHEMBL4744872,2,1,Carbonic anhydrases,CHEMBL3242; CHEMBL3594,0
CHEMBL4745131,2,1,Carbonic anhydrases,CHEMBL3242; CHEMBL3594,0
CHEMBL4745286,2,1,Carbonic anhydrases,CHEMBL3242; CHEMBL3594,0
CHEMBL4745846,2,1,Carbonic anhydrases,CHEMBL3242; CHEMBL3594,0
CHEMBL4746114,2,1,Carbonic anhydrases,CHEMBL3242; CHEMBL3594,0
CHEMBL4746453,2,1,Carbonic anhydrases,CHEMBL3242; CHEMBL3594,0
CHEMBL4746620,2,1,Carbonic anhydrases,CHEMBL3242; CHEMBL3594,0
CHEMBL4746701,2,1,Carbonic anhydrases,CHEMBL3242; CHEMBL3594,0
CHEMBL4747317,2,1,Carbonic anhydrases,CHEMBL3242; CHEMBL3594,0
CHEMBL4748050,2,1,Carbonic anhydrases,CHEMBL3242; CHEMBL3594,0
CHEMBL4749871,2,1,Carbonic anhydrases,CHEMBL3242; CHEMBL3594,0
CHEMBL4750586,2,1,Carbonic anhydrases,CHEMBL3242; CHEMBL3594,0
CHEMBL4750666,2,1,Carbonic anhydrases,CHEMBL3242; CHEMBL3594,0
CHEMBL4751341,2,1,Carbonic anhydrases,CHEMBL3242; CHEMBL3594,0
CHEMBL4751815,2,1,Monoamine oxidases,CHEMBL1951; CHEMBL2039,0
CHEMBL4751864,2,1,Carbonic anhydrases,CHEMBL3242; CHEMBL3594,0
CHEMBL4753209,2,1,Carbonic anhydrases,CHEMBL3242; CHEMBL3594,0
CHEMBL4753939,2,1,Carbonic anhydrases,CHEMBL3242; CHEMBL3594,0
CHEMBL4754135,2,1,Carbonic anhydrases,CHEMBL3242; CHEMBL3594,0
CHEMBL4757941,2,1,Carbonic anhydrases,CHEMBL3242; CHEMBL3594,0
CHEMBL475989,2,1,Nuclear receptors,CHEMBL235; CHEMBL239,0
CHEMBL4760153,2,1,Carbonic anhydrases,CHEMBL3242; CHEMBL3594,0
CHEMBL4760259,2,1,Carbonic anhydrases,CHEMBL3242; CHEMBL3594,0
CHEMBL4760577,2,1,Carbonic anhydrases,CHEMBL3242; CHEMBL3594,0
CHEMBL4760827,2,1,Carbonic anhydrases,CHEMBL3242; CHEMBL3594,0
CHEMBL4761022,2,1,Carbonic anhydrases,CHEMBL3242; CHEMBL3594,0
CHEMBL4761249,2,1,Carbonic anhydrases,CHEMBL3242; CHEMBL3594,0
CHEMBL4762118,2,1,Carbonic anhydrases,CHEMBL3242; CHEMBL3594,0
CHEMBL4762423,2,1,Carbonic anhydrases,CHEMBL3242; CHEMBL3594,0
CHEMBL4762927,2,1,Carbonic anhydrases,CHEMBL3242; CHEMBL3594,0
CHEMBL4776848,2,1,Carbonic anhydrases,CHEMBL3242; CHEMBL3594,0
CHEMBL4778031,2,1,Carbonic anhydrases,CHEMBL3242; CHEMBL3594,0
CHEMBL4778607,2,1,Carbonic anhydrases,CHEMBL3242; CHEMBL3594,0
CHEMBL4779637,2,1,Carbonic anhydrases,CHEMBL3242; CHEMBL3594,0
CHEMBL4780710,2,1,Carbonic anhydrases,CHEMBL3242; CHEMBL3594,0
CHEMBL4781169,2,1,Carbonic anhydrases,CHEMBL3242; CHEMBL3594,0
CHEMBL478193,2,1,Cholinesterases,CHEMBL4768; CHEMBL5763,0
CHEMBL4781945,2,1,Carbonic anhydrases,CHEMBL3242; CHEMBL3594,0
CHEMBL4782231,2,1,Carbonic anhydrases,CHEMBL3242; CHEMBL3594,0
CHEMBL4782287,2,1,Carbonic anhydrases,CHEMBL3242; CHEMBL3594,0
CHEMBL4783964,2,1,Carbonic anhydrases,CHEMBL3242; CHEMBL3594,0
CHEMBL4784089,2,1,G protein-coupled receptors,CHEMBL214; CHEMBL3155,0
CHEMBL4784235,2,1,Carbonic anhydrases,CHEMBL3242; CHEMBL3594,0
CHEMBL4786964,2,1,Carbonic anhydrases,CHEMBL3242; CHEMBL3594,0
CHEMBL4790017,2,1,Carbonic anhydrases,CHEMBL3242; CHEMBL3594,0
CHEMBL4791042,2,1,Carbonic anhydrases,CHEMBL3242; CHEMBL3594,0
CHEMBL4792125,2,1,Carbonic anhydrases,CHEMBL3242; CHEMBL3594,0
CHEMBL4792307,2,1,G protein-coupled receptors,CHEMBL214; CHEMBL3155,0
CHEMBL4793433,2,1,Carbonic anhydrases,CHEMBL3242; CHEMBL3594,0
CHEMBL4794446,2,1,Carbonic anhydrases,CHEMBL3242; CHEMBL3594,0
CHEMBL4795202,2,1,Carbonic anhydrases,CHEMBL3242; CHEMBL3594,0
CHEMBL4796142,2,1,Carbonic anhydrases,CHEMBL3242; CHEMBL3594,0
CHEMBL4798301,2,1,Carbonic anhydrases,CHEMBL3242; CHEMBL3594,0
CHEMBL4798303,2,1,Carbonic anhydrases,CHEMBL3242; CHEMBL3594,0
CHEMBL4799424,2,1,Carbonic anhydrases,CHEMBL3242; CHEMBL3594,0
CHEMBL4800433,2,1,Carbonic anhydrases,CHEMBL3242; CHEMBL3594,0
CHEMBL484410,2,1,Monoamine oxidases,CHEMBL1951; CHEMBL2039,0
CHEMBL4845679,2,1,Other/unclassified,CHEMBL4879514; CHEMBL4879518,0
CHEMBL4846991,2,1,G protein-coupled receptors,CHEMBL218; CHEMBL253,0
CHEMBL484769,2,1,Monoamine oxidases,CHEMBL1951; CHEMBL2039,0
CHEMBL4847717,2,1,Other/unclassified,CHEMBL4879514; CHEMBL4879518,0
CHEMBL4847976,2,1,G protein-coupled receptors,CHEMBL218; CHEMBL253,0
CHEMBL4848538,2,1,Other/unclassified,CHEMBL4879514; CHEMBL4879518,0
CHEMBL4849771,2,1,Other/unclassified,CHEMBL4879514; CHEMBL4879518,0
CHEMBL4850282,2,1,Other/unclassified,CHEMBL4879514; CHEMBL4879518,0
CHEMBL4851243,2,1,Other/unclassified,CHEMBL4879514; CHEMBL4879518,0
CHEMBL4851364,2,1,Other/unclassified,CHEMBL4879514; CHEMBL4879518,0
CHEMBL4851652,2,1,Other/unclassified,CHEMBL4879514; CHEMBL4879518,0
CHEMBL4851932,2,1,Other/unclassified,CHEMBL4879514; CHEMBL4879518,0
CHEMBL4852281,2,1,Other/unclassified,CHEMBL4879514; CHEMBL4879518,0
CHEMBL4852553,2,1,G protein-coupled receptors,CHEMBL218; CHEMBL253,0
CHEMBL4853160,2,1,Other/unclassified,CHEMBL4879514; CHEMBL4879518,0
CHEMBL4853950,2,1,Other/unclassified,CHEMBL4879514; CHEMBL4879518,0
CHEMBL4853955,2,1,Other/unclassified,CHEMBL4879514; CHEMBL4879518,0
CHEMBL4854132,2,1,Other/unclassified,CHEMBL4879514; CHEMBL4879518,0
CHEMBL4855220,2,1,Other/unclassified,CHEMBL4879514; CHEMBL4879518,0
CHEMBL4856665,2,1,Other/unclassified,CHEMBL4879514; CHEMBL4879518,0
CHEMBL4856823,2,1,Other/unclassified,CHEMBL4879514; CHEMBL4879518,0
CHEMBL4858470,2,1,Other/unclassified,CHEMBL4879514; CHEMBL4879518,0
CHEMBL4859492,2,1,Other/unclassified,CHEMBL4879514; CHEMBL4879518,0
CHEMBL4860350,2,1,Other/unclassified,CHEMBL4879514; CHEMBL4879518,0
CHEMBL4860932,2,1,Other/unclassified,CHEMBL4879514; CHEMBL4879518,0
CHEMBL4861964,2,1,Other/unclassified,CHEMBL4879514; CHEMBL4879518,0
CHEMBL4862930,2,1,G protein-coupled receptors,CHEMBL218; CHEMBL253,0
CHEMBL4864565,2,1,Other/unclassified,CHEMBL4879514; CHEMBL4879518,0
CHEMBL4864988,2,1,Other/unclassified,CHEMBL4879514; CHEMBL4879518,0
CHEMBL4865071,2,1,Other/unclassified,CHEMBL4879514; CHEMBL4879518,0
CHEMBL4865520,2,1,Other enzymes,CHEMBL247; CHEMBL3471,0
CHEMBL4865705,2,1,Other/unclassified,CHEMBL4879514; CHEMBL4879518,0
CHEMBL4867343,2,1,Other/unclassified,CHEMBL4879514; CHEMBL4879518,0
CHEMBL4867617,2,1,Other/unclassified,CHEMBL4879514; CHEMBL4879518,0
CHEMBL4867942,2,1,Other/unclassified,CHEMBL4879514; CHEMBL4879518,0
CHEMBL4868774,2,1,Other/unclassified,CHEMBL4879514; CHEMBL4879518,0
CHEMBL4869659,2,1,Other/unclassified,CHEMBL4879514; CHEMBL4879518,0
CHEMBL487050,2,1,Monoamine oxidases,CHEMBL1951; CHEMBL2039,0
CHEMBL487071,2,1,Monoamine oxidases,CHEMBL1951; CHEMBL2039,0
CHEMBL4871486,2,1,Other/unclassified,CHEMBL4879514; CHEMBL4879518,0
CHEMBL487235,2,1,Monoamine oxidases,CHEMBL1951; CHEMBL2039,0
CHEMBL4872970,2,1,Other/unclassified,CHEMBL4879514; CHEMBL4879518,0
CHEMBL4873678,2,1,Other/unclassified,CHEMBL4879514; CHEMBL4879518,0
CHEMBL4873913,2,1,Other/unclassified,CHEMBL4879514; CHEMBL4879518,0
CHEMBL4875883,2,1,Other/unclassified,CHEMBL4879514; CHEMBL4879518,0
CHEMBL4875925,2,1,Other/unclassified,CHEMBL4879514; CHEMBL4879518,0
CHEMBL4876107,2,1,Other/unclassified,CHEMBL4879514; CHEMBL4879518,0
CHEMBL4876524,2,1,Other/unclassified,CHEMBL4879514; CHEMBL4879518,0
CHEMBL487711,2,1,Carbonic anhydrases,CHEMBL3242; CHEMBL3594,0
CHEMBL4877653,2,1,G protein-coupled receptors,CHEMBL218; CHEMBL253,0
CHEMBL4877664,2,1,Other/unclassified,CHEMBL4879514; CHEMBL4879518,0
CHEMBL4878531,2,1,Other/unclassified,CHEMBL4879514; CHEMBL4879518,0
CHEMBL4878621,2,1,Other/unclassified,CHEMBL4879514; CHEMBL4879518,0
CHEMBL4878719,2,1,Other/unclassified,CHEMBL4879514; CHEMBL4879518,0
CHEMBL4879193,2,1,Other/unclassified,CHEMBL4879514; CHEMBL4879518,0
CHEMBL488063,2,1,Monoamine oxidases,CHEMBL1951; CHEMBL2039,0
CHEMBL488072,2,1,Monoamine oxidases,CHEMBL1951; CHEMBL2039,0
CHEMBL488073,2,1,Monoamine oxidases,CHEMBL1951; CHEMBL2039,0
CHEMBL488074,2,1,Monoamine oxidases,CHEMBL1951; CHEMBL2039,0
CHEMBL488075,2,1,Monoamine oxidases,CHEMBL1951; CHEMBL2039,0
CHEMBL488076,2,1,Monoamine oxidases,CHEMBL1951; CHEMBL2039,0
CHEMBL488916,2,1,Monoamine oxidases,CHEMBL1951; CHEMBL2039,0
CHEMBL488917,2,1,Monoamine oxidases,CHEMBL1951; CHEMBL2039,0
CHEMBL499266,2,1,Monoamine oxidases,CHEMBL1951; CHEMBL2039,0
CHEMBL500683,2,1,Monoamine oxidases,CHEMBL1951; CHEMBL2039,0
CHEMBL504356,2,1,Monoamine oxidases,CHEMBL1951; CHEMBL2039,0
CHEMBL505327,2,1,G protein-coupled receptors,CHEMBL253; CHEMBL3571,0
CHEMBL5085564,2,1,Other enzymes,CHEMBL230; CHEMBL2949,0
CHEMBL508793,2,1,Monoamine oxidases,CHEMBL1951; CHEMBL2039,0
CHEMBL511304,2,1,G protein-coupled receptors,CHEMBL253; CHEMBL3571,0
CHEMBL511789,2,1,Monoamine oxidases,CHEMBL1951; CHEMBL2039,0
CHEMBL511966,2,1,Monoamine oxidases,CHEMBL1951; CHEMBL2039,0
CHEMBL511967,2,1,Monoamine oxidases,CHEMBL1951; CHEMBL2039,0
CHEMBL512703,2,1,Monoamine oxidases,CHEMBL1951; CHEMBL2039,0
CHEMBL512719,2,1,Monoamine oxidases,CHEMBL1951; CHEMBL2039,0
CHEMBL512843,2,1,Monoamine oxidases,CHEMBL1951; CHEMBL2039,0
CHEMBL513034,2,1,G protein-coupled receptors,CHEMBL253; CHEMBL3571,0
CHEMBL513209,2,1,Monoamine oxidases,CHEMBL1951; CHEMBL2039,0
CHEMBL513549,2,1,Monoamine oxidases,CHEMBL1951; CHEMBL2039,0
CHEMBL513763,2,1,G protein-coupled receptors,CHEMBL1075322; CHEMBL3571,0
CHEMBL514381,2,1,Nuclear receptors,CHEMBL235; CHEMBL239,0
CHEMBL514534,2,1,Cholinesterases,CHEMBL4768; CHEMBL5763,0
CHEMBL514713,2,1,Nuclear receptors,CHEMBL235; CHEMBL239,0
CHEMBL515991,2,1,Nuclear receptors,CHEMBL235; CHEMBL239,0
CHEMBL5174251,2,1,Carbonic anhydrases,CHEMBL205; CHEMBL261,0
CHEMBL5178058,2,1,Nuclear receptors,CHEMBL206; CHEMBL242,0
CHEMBL5179974,2,1,Carbonic anhydrases,CHEMBL205; CHEMBL261,0
CHEMBL5180694,2,1,Carbonic anhydrases,CHEMBL205; CHEMBL261,0
CHEMBL5184399,2,1,Nuclear receptors,CHEMBL206; CHEMBL242,0
CHEMBL5187253,2,1,Nuclear receptors,CHEMBL206; CHEMBL242,0
CHEMBL5187730,2,1,Nuclear receptors,CHEMBL206; CHEMBL242,0
CHEMBL5191815,2,1,Kinases,CHEMBL2292; CHEMBL4036,0
CHEMBL5194812,2,1,Carbonic anhydrases,CHEMBL205; CHEMBL261,0
CHEMBL5195371,2,1,Nuclear receptors,CHEMBL206; CHEMBL242,0
CHEMBL5196340,2,1,Nuclear receptors,CHEMBL206; CHEMBL242,0
CHEMBL519678,2,1,Monoamine oxidases,CHEMBL1951; CHEMBL2039,0
CHEMBL5198828,2,1,Nuclear receptors,CHEMBL206; CHEMBL242,0
CHEMBL5199803,2,1,Nuclear receptors,CHEMBL206; CHEMBL242,0
CHEMBL520061,2,1,Monoamine oxidases,CHEMBL1951; CHEMBL2039,0
CHEMBL5209099,2,1,Nuclear receptors,CHEMBL206; CHEMBL242,0
CHEMBL5209359,2,1,G protein-coupled receptors,CHEMBL1945; CHEMBL1946,0
CHEMBL5209629,2,1,Ion channels and transporters,CHEMBL1838; CHEMBL1893,0
CHEMBL5218564,2,1,Carbonic anhydrases,CHEMBL3242; CHEMBL3594,0
CHEMBL5218572,2,1,Carbonic anhydrases,CHEMBL3242; CHEMBL3594,0
CHEMBL5218606,2,1,Carbonic anhydrases,CHEMBL3242; CHEMBL3594,0
CHEMBL5218672,2,1,Carbonic anhydrases,CHEMBL3242; CHEMBL3594,0
CHEMBL5218766,2,1,Carbonic anhydrases,CHEMBL3242; CHEMBL3594,0
CHEMBL5218778,2,1,Carbonic anhydrases,CHEMBL3242; CHEMBL3594,0
CHEMBL5218795,2,1,Carbonic anhydrases,CHEMBL3242; CHEMBL3594,0
CHEMBL5218799,2,1,Carbonic anhydrases,CHEMBL3242; CHEMBL3594,0
CHEMBL5218843,2,1,Carbonic anhydrases,CHEMBL3242; CHEMBL3594,0
CHEMBL5218919,2,1,Carbonic anhydrases,CHEMBL3242; CHEMBL3594,0
CHEMBL5219081,2,1,Carbonic anhydrases,CHEMBL3242; CHEMBL3594,0
CHEMBL5219141,2,1,Carbonic anhydrases,CHEMBL3242; CHEMBL3594,0
CHEMBL5219238,2,1,Carbonic anhydrases,CHEMBL3242; CHEMBL3594,0
CHEMBL5219651,2,1,Carbonic anhydrases,CHEMBL3242; CHEMBL3594,0
CHEMBL5219666,2,1,Carbonic anhydrases,CHEMBL3242; CHEMBL3594,0
CHEMBL5219785,2,1,Carbonic anhydrases,CHEMBL3242; CHEMBL3594,0
CHEMBL5219847,2,1,Carbonic anhydrases,CHEMBL3242; CHEMBL3594,0
CHEMBL5220017,2,1,Carbonic anhydrases,CHEMBL3242; CHEMBL3594,0
CHEMBL5220025,2,1,Carbonic anhydrases,CHEMBL3242; CHEMBL3594,0
CHEMBL5220116,2,1,Carbonic anhydrases,CHEMBL3242; CHEMBL3594,0
CHEMBL5220144,2,1,Carbonic anhydrases,CHEMBL3242; CHEMBL3594,0
CHEMBL5220512,2,1,Carbonic anhydrases,CHEMBL3242; CHEMBL3594,0
CHEMBL5220522,2,1,Carbonic anhydrases,CHEMBL3242; CHEMBL3594,0
CHEMBL5220709,2,1,Carbonic anhydrases,CHEMBL3242; CHEMBL3594,0
CHEMBL5220802,2,1,Carbonic anhydrases,CHEMBL3242; CHEMBL3594,0
CHEMBL5220950,2,1,Carbonic anhydrases,CHEMBL3242; CHEMBL3594,0
CHEMBL5221007,2,1,Carbonic anhydrases,CHEMBL3242; CHEMBL3594,0
CHEMBL5268389,2,1,G protein-coupled receptors,CHEMBL4422; CHEMBL5339,0
CHEMBL526897,2,1,Monoamine oxidases,CHEMBL1951; CHEMBL2039,0
CHEMBL5272492,2,1,G protein-coupled receptors,CHEMBL4422; CHEMBL5339,0
CHEMBL5273250,2,1,G protein-coupled receptors,CHEMBL4422; CHEMBL5339,0
CHEMBL5276740,2,1,G protein-coupled receptors,CHEMBL4422; CHEMBL5339,0
CHEMBL5278642,2,1,G protein-coupled receptors,CHEMBL4422; CHEMBL5339,0
CHEMBL5282499,2,1,Kinases,CHEMBL203; CHEMBL279,0
CHEMBL5284393,2,1,Monoamine oxidases,CHEMBL2039; CHEMBL2993,0
CHEMBL5284985,2,1,G protein-coupled receptors,CHEMBL4422; CHEMBL5339,0
CHEMBL5286544,2,1,G protein-coupled receptors,CHEMBL4422; CHEMBL5339,0
CHEMBL5289073,2,1,Cytochrome P450s,CHEMBL340; CHEMBL5282,0
CHEMBL5289099,2,1,G protein-coupled receptors,CHEMBL4422; CHEMBL5339,0
CHEMBL5289774,2,1,G protein-coupled receptors,CHEMBL4422; CHEMBL5339,0
CHEMBL5289972,2,1,Kinases,CHEMBL262; CHEMBL2828,0
CHEMBL5290885,2,1,G protein-coupled receptors,CHEMBL4422; CHEMBL5339,0
CHEMBL5393927,2,1,Monoamine oxidases,CHEMBL1951; CHEMBL2039,0
CHEMBL5394729,2,1,Monoamine oxidases,CHEMBL1951; CHEMBL2039,0
CHEMBL5395261,2,1,Monoamine oxidases,CHEMBL1951; CHEMBL2039,0
CHEMBL5395336,2,1,Cholinesterases,CHEMBL4078; CHEMBL5763,0
CHEMBL5396287,2,1,Monoamine oxidases,CHEMBL1951; CHEMBL2039,0
CHEMBL5397599,2,1,Cholinesterases,CHEMBL4078; CHEMBL5763,0
CHEMBL5397716,2,1,Cholinesterases,CHEMBL4078; CHEMBL5763,0
CHEMBL5398015,2,1,Monoamine oxidases,CHEMBL1951; CHEMBL2039,0
CHEMBL5401281,2,1,Cholinesterases,CHEMBL4078; CHEMBL5763,0
CHEMBL5403314,2,1,Monoamine oxidases,CHEMBL1951; CHEMBL2039,0
CHEMBL5403431,2,1,G protein-coupled receptors,CHEMBL210; CHEMBL246,0
CHEMBL5404645,2,1,Kinases,CHEMBL262; CHEMBL2828,0
CHEMBL5404959,2,1,Monoamine oxidases,CHEMBL1951; CHEMBL2039,0
CHEMBL5405322,2,1,Cholinesterases,CHEMBL4078; CHEMBL5763,0
CHEMBL5406371,2,1,Cholinesterases,CHEMBL4078; CHEMBL5763,0
CHEMBL5407586,2,1,Cholinesterases,CHEMBL4078; CHEMBL5763,0
CHEMBL5413089,2,1,Cholinesterases,CHEMBL4078; CHEMBL5763,0
CHEMBL5416897,2,1,Monoamine oxidases,CHEMBL1951; CHEMBL2039,0
CHEMBL5419856,2,1,Monoamine oxidases,CHEMBL1951; CHEMBL2039,0
CHEMBL5421211,2,1,Kinases,CHEMBL262; CHEMBL2828,0
CHEMBL5421502,2,1,Cholinesterases,CHEMBL4078; CHEMBL5763,0
CHEMBL5425139,2,1,Cholinesterases,CHEMBL4078; CHEMBL5763,0
CHEMBL5430136,2,1,G protein-coupled receptors,CHEMBL210; CHEMBL213,0
CHEMBL5434920,2,1,Cholinesterases,CHEMBL4078; CHEMBL5763,0
CHEMBL5436279,2,1,Monoamine oxidases,CHEMBL1951; CHEMBL2039,0
CHEMBL5438522,2,1,Monoamine oxidases,CHEMBL1951; CHEMBL2039,0
CHEMBL547869,2,1,Ion channels and transporters,CHEMBL2535; CHEMBL3431938,0
CHEMBL5523396,2,1,Carbonic anhydrases,CHEMBL3242; CHEMBL3594,0
CHEMBL5527931,2,1,Carbonic anhydrases,CHEMBL3242; CHEMBL3594,0
CHEMBL5542159,2,1,Carbonic anhydrases,CHEMBL3242; CHEMBL3594,0
CHEMBL5542880,2,1,Carbonic anhydrases,CHEMBL3242; CHEMBL3594,0
CHEMBL5542882,2,1,Kinases,CHEMBL308; CHEMBL3116,0
CHEMBL5555237,2,1,Carbonic anhydrases,CHEMBL3242; CHEMBL3594,0
CHEMBL5555311,2,1,Kinases,CHEMBL1824; CHEMBL203,0
CHEMBL5555592,2,1,Kinases,CHEMBL1824; CHEMBL203,0
CHEMBL5556483,2,1,Carbonic anhydrases,CHEMBL3242; CHEMBL3594,0
CHEMBL5557106,2,1,Carbonic anhydrases,CHEMBL205; CHEMBL3594,0
CHEMBL5557850,2,1,Kinases,CHEMBL1824; CHEMBL203,0
CHEMBL5558132,2,1,Carbonic anhydrases,CHEMBL3242; CHEMBL3594,0
CHEMBL5558549,2,1,Kinases,CHEMBL1824; CHEMBL203,0
CHEMBL5558907,2,1,Kinases,CHEMBL1824; CHEMBL203,0
CHEMBL5560795,2,1,Carbonic anhydrases,CHEMBL3242; CHEMBL3594,0
CHEMBL5561026,2,1,Kinases,CHEMBL1824; CHEMBL203,0
CHEMBL5561349,2,1,Carbonic anhydrases,CHEMBL3242; CHEMBL3594,0
CHEMBL5561433,2,1,Carbonic anhydrases,CHEMBL3242; CHEMBL3594,0
CHEMBL5561753,2,1,Carbonic anhydrases,CHEMBL3242; CHEMBL3594,0
CHEMBL5562045,2,1,Carbonic anhydrases,CHEMBL3242; CHEMBL3594,0
CHEMBL5562309,2,1,Kinases,CHEMBL1824; CHEMBL203,0
CHEMBL5562546,2,1,Carbonic anhydrases,CHEMBL3242; CHEMBL3594,0
CHEMBL5563305,2,1,Kinases,CHEMBL1824; CHEMBL203,0
CHEMBL5563369,2,1,Kinases,CHEMBL1824; CHEMBL203,0
CHEMBL5563971,2,1,Carbonic anhydrases,CHEMBL3242; CHEMBL3594,0
CHEMBL5564804,2,1,Carbonic anhydrases,CHEMBL3242; CHEMBL3594,0
CHEMBL5565590,2,1,Carbonic anhydrases,CHEMBL205; CHEMBL3594,0
CHEMBL5566405,2,1,Kinases,CHEMBL1824; CHEMBL203,0
CHEMBL5566547,2,1,Carbonic anhydrases,CHEMBL3242; CHEMBL3594,0
CHEMBL5567187,2,1,Carbonic anhydrases,CHEMBL3242; CHEMBL3594,0
CHEMBL5567220,2,1,Carbonic anhydrases,CHEMBL3242; CHEMBL3594,0
CHEMBL5567411,2,1,Carbonic anhydrases,CHEMBL3242; CHEMBL3594,0
CHEMBL5567953,2,1,Carbonic anhydrases,CHEMBL3242; CHEMBL3594,0
CHEMBL5590449,2,1,Carbonic anhydrases,CHEMBL3242; CHEMBL3594,0
CHEMBL5596294,2,1,Carbonic anhydrases,CHEMBL3242; CHEMBL3594,0
CHEMBL5597488,2,1,Carbonic anhydrases,CHEMBL3242; CHEMBL3594,0
CHEMBL5597494,2,1,Carbonic anhydrases,CHEMBL3242; CHEMBL3594,0
CHEMBL5597877,2,1,Carbonic anhydrases,CHEMBL3242; CHEMBL3594,0
CHEMBL5597922,2,1,Carbonic anhydrases,CHEMBL3242; CHEMBL3594,0
CHEMBL5598352,2,1,Carbonic anhydrases,CHEMBL3242; CHEMBL3594,0
CHEMBL567517,2,1,Monoamine oxidases,CHEMBL3050; CHEMBL3681,0
CHEMBL570844,2,1,Other enzymes,CHEMBL1935; CHEMBL3577,0
CHEMBL572533,2,1,Monoamine oxidases,CHEMBL2993; CHEMBL3358,0
CHEMBL572534,2,1,Monoamine oxidases,CHEMBL2993; CHEMBL3358,0
CHEMBL572768,2,1,Monoamine oxidases,CHEMBL2993; CHEMBL3358,0
CHEMBL572828,2,1,Monoamine oxidases,CHEMBL2993; CHEMBL3358,0
CHEMBL573051,2,1,Monoamine oxidases,CHEMBL2993; CHEMBL3358,0
CHEMBL573052,2,1,Monoamine oxidases,CHEMBL2993; CHEMBL3358,0
CHEMBL573300,2,1,Monoamine oxidases,CHEMBL2993; CHEMBL3358,0
CHEMBL573301,2,1,Monoamine oxidases,CHEMBL2993; CHEMBL3358,0
CHEMBL573755,2,1,Monoamine oxidases,CHEMBL2993; CHEMBL3358,0
CHEMBL573985,2,1,Monoamine oxidases,CHEMBL2993; CHEMBL3358,0
CHEMBL573986,2,1,Monoamine oxidases,CHEMBL2993; CHEMBL3358,0
CHEMBL573988,2,1,Monoamine oxidases,CHEMBL2993; CHEMBL3358,0
CHEMBL574191,2,1,Monoamine oxidases,CHEMBL2993; CHEMBL3358,0
CHEMBL574419,2,1,Monoamine oxidases,CHEMBL2993; CHEMBL3358,0
CHEMBL574859,2,1,Monoamine oxidases,CHEMBL2993; CHEMBL3358,0
CHEMBL574860,2,1,Monoamine oxidases,CHEMBL2993; CHEMBL3358,0
CHEMBL575093,2,1,Monoamine oxidases,CHEMBL2993; CHEMBL3358,0
CHEMBL575285,2,1,Monoamine oxidases,CHEMBL2993; CHEMBL3358,0
CHEMBL575486,2,1,Monoamine oxidases,CHEMBL2993; CHEMBL3358,0
CHEMBL575734,2,1,Monoamine oxidases,CHEMBL2993; CHEMBL3358,0
CHEMBL575735,2,1,Monoamine oxidases,CHEMBL2993; CHEMBL3358,0
CHEMBL575738,2,1,Monoamine oxidases,CHEMBL2993; CHEMBL3358,0
CHEMBL575931,2,1,Monoamine oxidases,CHEMBL2993; CHEMBL3358,0
CHEMBL575934,2,1,Monoamine oxidases,CHEMBL2993; CHEMBL3358,0
CHEMBL575937,2,1,Monoamine oxidases,CHEMBL2993; CHEMBL3358,0
CHEMBL575938,2,1,Monoamine oxidases,CHEMBL2993; CHEMBL3358,0
CHEMBL577175,2,1,Monoamine oxidases,CHEMBL2993; CHEMBL3358,0
CHEMBL577614,2,1,Monoamine oxidases,CHEMBL2993; CHEMBL3358,0
CHEMBL5786235,2,1,Other/unclassified,CHEMBL4531; CHEMBL4915,0
CHEMBL583128,2,1,Monoamine oxidases,CHEMBL2993; CHEMBL3358,0
CHEMBL583587,2,1,Monoamine oxidases,CHEMBL2993; CHEMBL3358,0
CHEMBL584377,2,1,Monoamine oxidases,CHEMBL2993; CHEMBL3358,0
CHEMBL585024,2,1,Carbonic anhydrases,CHEMBL3242; CHEMBL3594,0
CHEMBL585360,2,1,Monoamine oxidases,CHEMBL2993; CHEMBL3358,0
CHEMBL5900641,2,1,Other/unclassified,CHEMBL4531; CHEMBL4915,0
CHEMBL595128,2,1,Other enzymes,CHEMBL4506; CHEMBL5933,0
CHEMBL6019302,2,1,Other/unclassified,CHEMBL4531; CHEMBL4915,0
CHEMBL6654,2,1,Nuclear receptors,CHEMBL1871; CHEMBL208,0
CHEMBL67599,2,1,Other enzymes,CHEMBL2284; CHEMBL5926,0
CHEMBL6843,2,1,Nuclear receptors,CHEMBL1871; CHEMBL208,0
CHEMBL6855,2,1,Nuclear receptors,CHEMBL1871; CHEMBL208,0
CHEMBL78779,2,1,Kinases,CHEMBL3587; CHEMBL5145,0
CHEMBL81277,2,1,Kinases,CHEMBL1906; CHEMBL3587,0
CHEMBL89921,2,1,G protein-coupled receptors,CHEMBL217; CHEMBL219,0
CHEMBL91067,2,1,G protein-coupled receptors,CHEMBL219; CHEMBL234,0
CHEMBL91273,2,1,G protein-coupled receptors,CHEMBL219; CHEMBL234,0
CHEMBL92373,2,1,G protein-coupled receptors,CHEMBL219; CHEMBL234,0
CHEMBL101286,1,1,Carbonic anhydrases,CHEMBL3594,0
CHEMBL104679,1,1,Other enzymes,CHEMBL4234,0
CHEMBL106769,1,1,Other enzymes,CHEMBL5131,0
CHEMBL1075735,1,1,Cytochrome P450s,CHEMBL3622,0
CHEMBL1076247,1,1,Other enzymes,CHEMBL335,0
CHEMBL1077922,1,1,Other enzymes,CHEMBL335,0
CHEMBL1078189,1,1,Cytochrome P450s,CHEMBL340,0
CHEMBL1078190,1,1,Cytochrome P450s,CHEMBL340,0
CHEMBL1079387,1,1,Other enzymes,CHEMBL335,0
CHEMBL1080003,1,1,Cytochrome P450s,CHEMBL3397,0
CHEMBL1080227,1,1,Other enzymes,CHEMBL335,0
CHEMBL1080228,1,1,Other enzymes,CHEMBL335,0
CHEMBL1080229,1,1,Other enzymes,CHEMBL335,0
CHEMBL1080339,1,1,Cytochrome P450s,CHEMBL289,0
CHEMBL1080948,1,1,Other enzymes,CHEMBL335,0
CHEMBL1080949,1,1,Other enzymes,CHEMBL335,0
CHEMBL1081369,1,1,Other enzymes,CHEMBL335,0
CHEMBL1081672,1,1,Other enzymes,CHEMBL335,0
CHEMBL1082094,1,1,Other enzymes,CHEMBL335,0
CHEMBL1082366,1,1,Kinases,CHEMBL3142,0
CHEMBL1083005,1,1,Kinases,CHEMBL3142,0
CHEMBL1083623,1,1,Kinases,CHEMBL3142,0
CHEMBL1083624,1,1,Kinases,CHEMBL3142,0
CHEMBL1084286,1,1,Other/unclassified,CHEMBL5661,0
CHEMBL1084883,1,1,Cholinesterases,CHEMBL220,0
CHEMBL1085001,1,1,Kinases,CHEMBL3142,0
CHEMBL1085262,1,1,Kinases,CHEMBL3142,0
CHEMBL1085430,1,1,Other enzymes,CHEMBL1929,0
CHEMBL1085747,1,1,Kinases,CHEMBL3142,0
CHEMBL1095210,1,1,Other enzymes,CHEMBL275,0
CHEMBL1095225,1,1,Other enzymes,CHEMBL275,0
CHEMBL1095226,1,1,Other enzymes,CHEMBL275,0
CHEMBL1095865,1,1,Other enzymes,CHEMBL275,0
CHEMBL1096812,1,1,Other enzymes,CHEMBL275,0
CHEMBL1096813,1,1,Other enzymes,CHEMBL275,0
CHEMBL1096814,1,1,Other enzymes,CHEMBL275,0
CHEMBL1098541,1,1,Other enzymes,CHEMBL275,0
CHEMBL1098542,1,1,Other enzymes,CHEMBL275,0
CHEMBL1098818,1,1,Other enzymes,CHEMBL275,0
CHEMBL1098844,1,1,Other enzymes,CHEMBL275,0
CHEMBL1099163,1,1,Other enzymes,CHEMBL275,0
CHEMBL1099164,1,1,Other enzymes,CHEMBL275,0
CHEMBL1099322,1,1,Other enzymes,CHEMBL275,0
CHEMBL11382,1,1,Other enzymes,CHEMBL3559,0
CHEMBL1164612,1,1,Proteases,CHEMBL4822,0
CHEMBL1165089,1,1,Proteases,CHEMBL4822,0
CHEMBL1165549,1,1,Proteases,CHEMBL4822,0
CHEMBL1165583,1,1,Proteases,CHEMBL4822,0
CHEMBL11692,1,1,Other enzymes,CHEMBL2622,0
CHEMBL1173036,1,1,Other enzymes,CHEMBL1169595,0
CHEMBL118629,1,1,Monoamine oxidases,CHEMBL2039,0
CHEMBL119017,1,1,Monoamine oxidases,CHEMBL2039,0
CHEMBL120616,1,1,Other/unclassified,CHEMBL3658,0
CHEMBL120770,1,1,Monoamine oxidases,CHEMBL2039,0
CHEMBL1209491,1,1,Other enzymes,CHEMBL1993,0
CHEMBL121678,1,1,Proteases,CHEMBL243,0
CHEMBL121884,1,1,G protein-coupled receptors,CHEMBL219,0
CHEMBL121967,1,1,G protein-coupled receptors,CHEMBL219,0
CHEMBL121993,1,1,G protein-coupled receptors,CHEMBL219,0
CHEMBL122049,1,1,G protein-coupled receptors,CHEMBL219,0
CHEMBL122116,1,1,G protein-coupled receptors,CHEMBL219,0
CHEMBL122140,1,1,G protein-coupled receptors,CHEMBL219,0
CHEMBL1221929,1,1,Monoamine oxidases,CHEMBL2039,0
CHEMBL1221930,1,1,Monoamine oxidases,CHEMBL2039,0
CHEMBL1221980,1,1,Monoamine oxidases,CHEMBL2039,0
CHEMBL1221981,1,1,Monoamine oxidases,CHEMBL2039,0
CHEMBL12241,1,1,Other enzymes,CHEMBL2622,0
CHEMBL122427,1,1,G protein-coupled receptors,CHEMBL219,0
CHEMBL122531,1,1,G protein-coupled receptors,CHEMBL219,0
CHEMBL122597,1,1,G protein-coupled receptors,CHEMBL219,0
CHEMBL122754,1,1,G protein-coupled receptors,CHEMBL219,0
CHEMBL12281,1,1,Other enzymes,CHEMBL2622,0
CHEMBL122862,1,1,G protein-coupled receptors,CHEMBL219,0
CHEMBL123030,1,1,G protein-coupled receptors,CHEMBL219,0
CHEMBL123031,1,1,G protein-coupled receptors,CHEMBL219,0
CHEMBL1235969,1,1,Other enzymes,CHEMBL1781,0
CHEMBL123663,1,1,G protein-coupled receptors,CHEMBL219,0
CHEMBL124050,1,1,G protein-coupled receptors,CHEMBL219,0
CHEMBL1242213,1,1,Proteases,CHEMBL2334,0
CHEMBL124835,1,1,G protein-coupled receptors,CHEMBL219,0
CHEMBL1253531,1,1,Other enzymes,CHEMBL247,0
CHEMBL1253541,1,1,Other enzymes,CHEMBL247,0
CHEMBL125763,1,1,G protein-coupled receptors,CHEMBL219,0
CHEMBL12580,1,1,Other enzymes,CHEMBL2622,0
CHEMBL1258481,1,1,Other/unclassified,CHEMBL4698,0
CHEMBL1258521,1,1,Other enzymes,CHEMBL3775,0
CHEMBL12655,1,1,Other enzymes,CHEMBL2622,0
CHEMBL1269290,1,1,G protein-coupled receptors,CHEMBL214,0
CHEMBL1275840,1,1,Other enzymes,CHEMBL1826,0
CHEMBL1275841,1,1,Other enzymes,CHEMBL1826,0
CHEMBL1275842,1,1,Other enzymes,CHEMBL1826,0
CHEMBL1275843,1,1,Other enzymes,CHEMBL1826,0
CHEMBL1275844,1,1,Other enzymes,CHEMBL1826,0
CHEMBL1275845,1,1,Other enzymes,CHEMBL1826,0
CHEMBL1275846,1,1,Other enzymes,CHEMBL1826,0
CHEMBL1275847,1,1,Other enzymes,CHEMBL1826,0
CHEMBL1275883,1,1,Other enzymes,CHEMBL1826,0
CHEMBL1275884,1,1,Other enzymes,CHEMBL1826,0
CHEMBL1275885,1,1,Other enzymes,CHEMBL1826,0
CHEMBL1275886,1,1,Other enzymes,CHEMBL1826,0
CHEMBL1275887,1,1,Other enzymes,CHEMBL1826,0
CHEMBL1275888,1,1,Other enzymes,CHEMBL1826,0
CHEMBL1275889,1,1,Other enzymes,CHEMBL1826,0
CHEMBL1275890,1,1,Other enzymes,CHEMBL1826,0
CHEMBL1275891,1,1,Other enzymes,CHEMBL1826,0
CHEMBL1275892,1,1,Other enzymes,CHEMBL1826,0
CHEMBL1275893,1,1,Other enzymes,CHEMBL1826,0
CHEMBL1275894,1,1,Other enzymes,CHEMBL1826,0
CHEMBL1275895,1,1,Other enzymes,CHEMBL1826,0
CHEMBL1275896,1,1,Other enzymes,CHEMBL1826,0
CHEMBL1275897,1,1,Other enzymes,CHEMBL1826,0
CHEMBL1275898,1,1,Other enzymes,CHEMBL1826,0
CHEMBL1275899,1,1,Other enzymes,CHEMBL1826,0
CHEMBL1275900,1,1,Other enzymes,CHEMBL1826,0
CHEMBL1277495,1,1,Cholinesterases,CHEMBL4078,0
CHEMBL1277588,1,1,Cholinesterases,CHEMBL4078,0
CHEMBL1277681,1,1,Cholinesterases,CHEMBL4078,0
CHEMBL1277774,1,1,Cholinesterases,CHEMBL4078,0
CHEMBL1287836,1,1,Other/unclassified,CHEMBL3251,0
CHEMBL1288534,1,1,Carbonic anhydrases,CHEMBL3594,0
CHEMBL1288535,1,1,Carbonic anhydrases,CHEMBL3594,0
CHEMBL1288559,1,1,Carbonic anhydrases,CHEMBL3594,0
CHEMBL1288560,1,1,Carbonic anhydrases,CHEMBL3594,0
CHEMBL1290110,1,1,Other/unclassified,CHEMBL1293200,0
CHEMBL1290285,1,1,Other/unclassified,CHEMBL3251,0
CHEMBL1290401,1,1,Other/unclassified,CHEMBL3251,0
CHEMBL1290511,1,1,Other/unclassified,CHEMBL3251,0
CHEMBL1299389,1,1,Kinases,CHEMBL1293228,0
CHEMBL1300174,1,1,Other enzymes,CHEMBL1795098,0
CHEMBL1304118,1,1,Proteases,CHEMBL4143,0
CHEMBL1309685,1,1,Other/unclassified,CHEMBL1250379,0
CHEMBL1309782,1,1,Other/unclassified,CHEMBL1741180,0
CHEMBL1310438,1,1,Other/unclassified,CHEMBL1293251,0
CHEMBL1310964,1,1,Proteases,CHEMBL4117,0
CHEMBL1310996,1,1,Proteases,CHEMBL4143,0
CHEMBL1311669,1,1,Proteases,CHEMBL4143,0
CHEMBL1312932,1,1,Other enzymes,CHEMBL1741189,0
CHEMBL1313283,1,1,Other/unclassified,CHEMBL1293251,0
CHEMBL1314447,1,1,Other enzymes,CHEMBL1293246,0
CHEMBL1315419,1,1,Other enzymes,CHEMBL1287620,0
CHEMBL1315870,1,1,Other enzymes,CHEMBL1293246,0
CHEMBL1317231,1,1,Cytochrome P450s,CHEMBL3397,0
CHEMBL1319229,1,1,Other/unclassified,CHEMBL4026,0
CHEMBL1320460,1,1,Proteases,CHEMBL4117,0
CHEMBL1321811,1,1,Other enzymes,CHEMBL3402,0
CHEMBL1322235,1,1,Other enzymes,CHEMBL1287620,0
CHEMBL1323696,1,1,Kinases,CHEMBL5469,0
CHEMBL1324161,1,1,Other enzymes,CHEMBL1795098,0
CHEMBL1324820,1,1,Other/unclassified,CHEMBL6101,0
CHEMBL1326008,1,1,Other enzymes,CHEMBL1293246,0
CHEMBL1326244,1,1,Other enzymes,CHEMBL1741189,0
CHEMBL1326488,1,1,Other enzymes,CHEMBL1795098,0
CHEMBL132692,1,1,Other enzymes,CHEMBL247,0
CHEMBL1328027,1,1,Other/unclassified,CHEMBL1293311,0
CHEMBL1329419,1,1,Cytochrome P450s,CHEMBL3356,0
CHEMBL1331857,1,1,Kinases,CHEMBL5508,0
CHEMBL1331911,1,1,Proteases,CHEMBL3308,0
CHEMBL1333105,1,1,G protein-coupled receptors,CHEMBL1075322,0
CHEMBL1333191,1,1,G protein-coupled receptors,CHEMBL4123,0
CHEMBL1333598,1,1,Other enzymes,CHEMBL1741189,0
CHEMBL1334968,1,1,Kinases,CHEMBL1293228,0
CHEMBL1337011,1,1,Proteases,CHEMBL5939,0
CHEMBL1337529,1,1,Proteases,CHEMBL4117,0
CHEMBL1337694,1,1,Other/unclassified,CHEMBL4361,0
CHEMBL1337717,1,1,Kinases,CHEMBL5469,0
CHEMBL1337913,1,1,Other enzymes,CHEMBL1741189,0
CHEMBL1339297,1,1,Nuclear receptors,CHEMBL4374,0
CHEMBL1341350,1,1,Other/unclassified,CHEMBL1795096,0
CHEMBL1341962,1,1,Other enzymes,CHEMBL1795098,0
CHEMBL134227,1,1,Other enzymes,CHEMBL247,0
CHEMBL134252,1,1,Other enzymes,CHEMBL247,0
CHEMBL1343011,1,1,Nuclear receptors,CHEMBL206,0
CHEMBL1343305,1,1,Proteases,CHEMBL2366,0
CHEMBL1343861,1,1,Proteases,CHEMBL5939,0
CHEMBL1346518,1,1,Other/unclassified,CHEMBL1293266,0
CHEMBL1347715,1,1,Other/unclassified,CHEMBL1741203,0
CHEMBL1348043,1,1,Other/unclassified,CHEMBL1293243,0
CHEMBL1348090,1,1,Other/unclassified,CHEMBL1293240,0
CHEMBL1350520,1,1,Other enzymes,CHEMBL5422,0
CHEMBL1351650,1,1,Proteases,CHEMBL1250413,0
CHEMBL1351746,1,1,Kinases,CHEMBL2637,0
CHEMBL1351920,1,1,Other/unclassified,CHEMBL1293293,0
CHEMBL1354146,1,1,Kinases,CHEMBL5508,0
CHEMBL1355735,1,1,Other enzymes,CHEMBL1795098,0
CHEMBL1362201,1,1,Kinases,CHEMBL5508,0
CHEMBL1363026,1,1,Other/unclassified,CHEMBL1293287,0
CHEMBL1363380,1,1,G protein-coupled receptors,CHEMBL5857,0
CHEMBL1364458,1,1,Proteases,CHEMBL4117,0
CHEMBL1364528,1,1,Kinases,CHEMBL5469,0
CHEMBL1366195,1,1,Proteases,CHEMBL4117,0
CHEMBL1366348,1,1,G protein-coupled receptors,CHEMBL5857,0
CHEMBL1369231,1,1,Other/unclassified,CHEMBL1293319,0
CHEMBL1370010,1,1,Other enzymes,CHEMBL1741189,0
CHEMBL1370790,1,1,Proteases,CHEMBL4117,0
CHEMBL1371259,1,1,Other/unclassified,CHEMBL5313,0
CHEMBL1371958,1,1,Proteases,CHEMBL4117,0
CHEMBL1372307,1,1,Nuclear receptors,CHEMBL206,0
CHEMBL1372334,1,1,Kinases,CHEMBL5508,0
CHEMBL1372625,1,1,Other/unclassified,CHEMBL5313,0
CHEMBL1373593,1,1,Proteases,CHEMBL2443,0
CHEMBL1374160,1,1,Other/unclassified,CHEMBL1293266,0
CHEMBL1374545,1,1,Other/unclassified,CHEMBL5313,0
CHEMBL1376094,1,1,Other/unclassified,CHEMBL3880,0
CHEMBL1376318,1,1,Cytochrome P450s,CHEMBL3397,0
CHEMBL1377388,1,1,Proteases,CHEMBL4117,0
CHEMBL1377464,1,1,Other enzymes,CHEMBL5422,0
CHEMBL1382890,1,1,Nuclear receptors,CHEMBL206,0
CHEMBL1383420,1,1,Other/unclassified,CHEMBL5313,0
CHEMBL1387945,1,1,Other/unclassified,CHEMBL2085,0
CHEMBL1388603,1,1,Kinases,CHEMBL5469,0
CHEMBL1389588,1,1,Other/unclassified,CHEMBL4361,0
CHEMBL1392339,1,1,Proteases,CHEMBL5939,0
CHEMBL1392611,1,1,Other enzymes,CHEMBL5567,0
CHEMBL1393201,1,1,Proteases,CHEMBL5939,0
CHEMBL1393700,1,1,Other/unclassified,CHEMBL1293251,0
CHEMBL1394581,1,1,Other/unclassified,CHEMBL1795089,0
CHEMBL1394720,1,1,Other enzymes,CHEMBL1795098,0
CHEMBL1394845,1,1,Other enzymes,CHEMBL1795098,0
CHEMBL139604,1,1,Cytochrome P450s,CHEMBL5282,0
CHEMBL1396129,1,1,Other enzymes,CHEMBL1293246,0
CHEMBL1398736,1,1,Nuclear receptors,CHEMBL4374,0
CHEMBL1399519,1,1,Proteases,CHEMBL4117,0
CHEMBL1400243,1,1,Cytochrome P450s,CHEMBL340,0
CHEMBL1401585,1,1,Kinases,CHEMBL5508,0
CHEMBL1401993,1,1,Proteases,CHEMBL5939,0
CHEMBL1402853,1,1,Other enzymes,CHEMBL1741189,0
CHEMBL1403032,1,1,Proteases,CHEMBL4117,0
CHEMBL1403039,1,1,Other enzymes,CHEMBL1741189,0
CHEMBL1403868,1,1,Kinases,CHEMBL2637,0
CHEMBL1405081,1,1,Kinases,CHEMBL5508,0
CHEMBL1405092,1,1,G protein-coupled receptors,CHEMBL4123,0
CHEMBL1406220,1,1,Proteases,CHEMBL5939,0
CHEMBL1406489,1,1,Proteases,CHEMBL5939,0
CHEMBL1406942,1,1,Kinases,CHEMBL1293228,0
CHEMBL1407344,1,1,Proteases,CHEMBL5939,0
CHEMBL1408096,1,1,Cytochrome P450s,CHEMBL3356,0
CHEMBL1408587,1,1,Nuclear receptors,CHEMBL206,0
CHEMBL1409950,1,1,Kinases,CHEMBL1293228,0
CHEMBL1410122,1,1,Kinases,CHEMBL1293228,0
CHEMBL1410686,1,1,Other/unclassified,CHEMBL4361,0
CHEMBL1411083,1,1,Proteases,CHEMBL4117,0
CHEMBL1411433,1,1,Other enzymes,CHEMBL1795098,0
CHEMBL1411619,1,1,Monoamine oxidases,CHEMBL2039,0
CHEMBL141214,1,1,Ion channels and transporters,CHEMBL4818,0
CHEMBL1412710,1,1,Proteases,CHEMBL4822,0
CHEMBL141326,1,1,Monoamine oxidases,CHEMBL2993,0
CHEMBL1414254,1,1,Nuclear receptors,CHEMBL206,0
CHEMBL1416014,1,1,G protein-coupled receptors,CHEMBL5857,0
CHEMBL1416373,1,1,Proteases,CHEMBL4117,0
CHEMBL1416638,1,1,Other/unclassified,CHEMBL1293281,0
CHEMBL1417172,1,1,G protein-coupled receptors,CHEMBL256,0
CHEMBL1419155,1,1,Proteases,CHEMBL1250413,0
CHEMBL1419637,1,1,Other enzymes,CHEMBL1293246,0
CHEMBL1420535,1,1,Other/unclassified,CHEMBL1293251,0
CHEMBL1422335,1,1,Other/unclassified,CHEMBL5313,0
CHEMBL1423524,1,1,Proteases,CHEMBL3308,0
CHEMBL1423602,1,1,Other enzymes,CHEMBL1293246,0
CHEMBL1425462,1,1,Proteases,CHEMBL4117,0
CHEMBL142555,1,1,Proteases,CHEMBL248,0
CHEMBL1425860,1,1,G protein-coupled receptors,CHEMBL2731,0
CHEMBL1426078,1,1,Other/unclassified,CHEMBL1293251,0
CHEMBL1426113,1,1,Kinases,CHEMBL1293228,0
CHEMBL1426284,1,1,Proteases,CHEMBL4117,0
CHEMBL1427890,1,1,Proteases,CHEMBL4117,0
CHEMBL1428368,1,1,Other/unclassified,CHEMBL2362980,0
CHEMBL1431521,1,1,Proteases,CHEMBL5939,0
CHEMBL1431585,1,1,Kinases,CHEMBL5508,0
CHEMBL143274,1,1,Monoamine oxidases,CHEMBL2993,0
CHEMBL1432910,1,1,Other enzymes,CHEMBL1795098,0
CHEMBL1436026,1,1,Other enzymes,CHEMBL1795098,0
CHEMBL1436736,1,1,Other/unclassified,CHEMBL2362980,0
CHEMBL1437982,1,1,Nuclear receptors,CHEMBL206,0
CHEMBL1438695,1,1,Cytochrome P450s,CHEMBL3356,0
CHEMBL1441868,1,1,Other/unclassified,CHEMBL5313,0
CHEMBL1441918,1,1,Other enzymes,CHEMBL3151,0
CHEMBL1442175,1,1,Proteases,CHEMBL5939,0
CHEMBL1442864,1,1,Kinases,CHEMBL5508,0
CHEMBL1443674,1,1,Kinases,CHEMBL1293228,0
CHEMBL1444825,1,1,Other enzymes,CHEMBL1795151,0
CHEMBL1445449,1,1,Other enzymes,CHEMBL1795098,0
CHEMBL1446643,1,1,Other enzymes,CHEMBL1795098,0
CHEMBL1447279,1,1,Other enzymes,CHEMBL1795098,0
CHEMBL1448808,1,1,Kinases,CHEMBL1293228,0
CHEMBL1450522,1,1,Other/unclassified,CHEMBL6089,0
CHEMBL1451018,1,1,Other enzymes,CHEMBL1287620,0
CHEMBL1452050,1,1,Other enzymes,CHEMBL1741189,0
CHEMBL1452318,1,1,Other enzymes,CHEMBL1287620,0
CHEMBL1452669,1,1,Other/unclassified,CHEMBL2362980,0
CHEMBL1453194,1,1,Other/unclassified,CHEMBL1741172,0
CHEMBL1454587,1,1,Proteases,CHEMBL4117,0
CHEMBL1455263,1,1,Other/unclassified,CHEMBL1741180,0
CHEMBL1455427,1,1,G protein-coupled receptors,CHEMBL237,0
CHEMBL1457600,1,1,Other enzymes,CHEMBL1795098,0
CHEMBL145768,1,1,Monoamine oxidases,CHEMBL3358,0
CHEMBL1459529,1,1,Proteases,CHEMBL4117,0
CHEMBL1459644,1,1,Other enzymes,CHEMBL1741189,0
CHEMBL1462074,1,1,Other enzymes,CHEMBL3167,0
CHEMBL1462636,1,1,Other/unclassified,CHEMBL1293240,0
CHEMBL1468522,1,1,Other/unclassified,CHEMBL5313,0
CHEMBL1469032,1,1,Other/unclassified,CHEMBL4361,0
CHEMBL1470996,1,1,Cytochrome P450s,CHEMBL340,0
CHEMBL1472447,1,1,Kinases,CHEMBL1293228,0
CHEMBL147383,1,1,Proteases,CHEMBL3706,0
CHEMBL1474248,1,1,Other/unclassified,CHEMBL2047,0
CHEMBL1476552,1,1,Kinases,CHEMBL5508,0
CHEMBL1477721,1,1,Other enzymes,CHEMBL1287620,0
CHEMBL1477983,1,1,Proteases,CHEMBL4117,0
CHEMBL1478765,1,1,Other/unclassified,CHEMBL5313,0
CHEMBL1479259,1,1,Proteases,CHEMBL4117,0
CHEMBL1480000,1,1,Proteases,CHEMBL5939,0
CHEMBL1480877,1,1,Other/unclassified,CHEMBL4361,0
CHEMBL1485126,1,1,Other/unclassified,CHEMBL4361,0
CHEMBL1485402,1,1,Other enzymes,CHEMBL1795098,0
CHEMBL148561,1,1,G protein-coupled receptors,CHEMBL219,0
CHEMBL1486121,1,1,Cytochrome P450s,CHEMBL3397,0
CHEMBL1487004,1,1,Kinases,CHEMBL1293228,0
CHEMBL1487479,1,1,Proteases,CHEMBL4117,0
CHEMBL1488512,1,1,Proteases,CHEMBL2443,0
CHEMBL1489077,1,1,Proteases,CHEMBL2443,0
CHEMBL1491046,1,1,Ion channels and transporters,CHEMBL4523503,0
CHEMBL1491357,1,1,Other enzymes,CHEMBL1287620,0
CHEMBL1491400,1,1,Proteases,CHEMBL4143,0
CHEMBL1493014,1,1,Proteases,CHEMBL4117,0
CHEMBL1498450,1,1,Proteases,CHEMBL1293307,0
CHEMBL1499823,1,1,Other/unclassified,CHEMBL6101,0
CHEMBL1500375,1,1,Kinases,CHEMBL5508,0
CHEMBL1501222,1,1,Kinases,CHEMBL1293228,0
CHEMBL1501392,1,1,Other enzymes,CHEMBL3108645,0
CHEMBL1501880,1,1,Monoamine oxidases,CHEMBL2039,0
CHEMBL1502034,1,1,Proteases,CHEMBL5939,0
CHEMBL1502154,1,1,Proteases,CHEMBL4117,0
CHEMBL150254,1,1,Other/unclassified,CHEMBL2085,0
CHEMBL1504784,1,1,Proteases,CHEMBL5939,0
CHEMBL150485,1,1,Other/unclassified,CHEMBL2085,0
CHEMBL1505052,1,1,Proteases,CHEMBL1293313,0
CHEMBL1506505,1,1,Other/unclassified,CHEMBL5313,0
CHEMBL1506625,1,1,Proteases,CHEMBL2443,0
CHEMBL1507262,1,1,Kinases,CHEMBL1293228,0
CHEMBL1508246,1,1,Other/unclassified,CHEMBL4218,0
CHEMBL1509649,1,1,Cytochrome P450s,CHEMBL3356,0
CHEMBL1511067,1,1,Nuclear receptors,CHEMBL206,0
CHEMBL1511189,1,1,Proteases,CHEMBL1293313,0
CHEMBL1511502,1,1,Proteases,CHEMBL1293313,0
CHEMBL1511585,1,1,Other/unclassified,CHEMBL2085,0
CHEMBL1512213,1,1,Proteases,CHEMBL5939,0
CHEMBL1515251,1,1,Kinases,CHEMBL1293228,0
CHEMBL1517417,1,1,Kinases,CHEMBL5508,0
CHEMBL1519351,1,1,Other enzymes,CHEMBL1795098,0
CHEMBL1519514,1,1,Nuclear receptors,CHEMBL4374,0
CHEMBL1520131,1,1,Proteases,CHEMBL1795093,0
CHEMBL1520857,1,1,Other enzymes,CHEMBL1795151,0
CHEMBL1522354,1,1,Proteases,CHEMBL4117,0
CHEMBL1522581,1,1,Other/unclassified,CHEMBL1250379,0
CHEMBL1523876,1,1,Cytochrome P450s,CHEMBL3397,0
CHEMBL1525295,1,1,Proteases,CHEMBL5939,0
CHEMBL1525854,1,1,Other/unclassified,CHEMBL1293222,0
CHEMBL1525922,1,1,G protein-coupled receptors,CHEMBL1075322,0
CHEMBL1527922,1,1,Cytochrome P450s,CHEMBL3622,0
CHEMBL1529584,1,1,Other/unclassified,CHEMBL1293240,0
CHEMBL1530370,1,1,Cytochrome P450s,CHEMBL3356,0
CHEMBL153074,1,1,Other/unclassified,CHEMBL2085,0
CHEMBL1530961,1,1,Other enzymes,CHEMBL1287620,0
CHEMBL1532491,1,1,Other/unclassified,CHEMBL4869,0
CHEMBL1533624,1,1,G protein-coupled receptors,CHEMBL1075322,0
CHEMBL1533974,1,1,Kinases,CHEMBL1293228,0
CHEMBL153406,1,1,Other/unclassified,CHEMBL2085,0
CHEMBL153425,1,1,Other/unclassified,CHEMBL2085,0
CHEMBL153505,1,1,Other/unclassified,CHEMBL2085,0
CHEMBL1535395,1,1,Other enzymes,CHEMBL1741189,0
CHEMBL1536252,1,1,Proteases,CHEMBL4117,0
CHEMBL1537860,1,1,Proteases,CHEMBL4117,0
CHEMBL1538873,1,1,Proteases,CHEMBL3411,0
CHEMBL1541449,1,1,Kinases,CHEMBL1293228,0
CHEMBL1544637,1,1,Proteases,CHEMBL4143,0
CHEMBL1544947,1,1,Proteases,CHEMBL1795093,0
CHEMBL1546837,1,1,Proteases,CHEMBL4117,0
CHEMBL1554968,1,1,Other enzymes,CHEMBL1293246,0
CHEMBL1555759,1,1,Other enzymes,CHEMBL1293246,0
CHEMBL1560033,1,1,Other enzymes,CHEMBL5422,0
CHEMBL1560398,1,1,Other enzymes,CHEMBL1287620,0
CHEMBL1561144,1,1,Other enzymes,CHEMBL1741189,0
CHEMBL1561364,1,1,Other enzymes,CHEMBL1287620,0
CHEMBL1562444,1,1,Nuclear receptors,CHEMBL4374,0
CHEMBL1563359,1,1,Proteases,CHEMBL4117,0
CHEMBL1563538,1,1,Proteases,CHEMBL5939,0
CHEMBL1566005,1,1,Other/unclassified,CHEMBL4361,0
CHEMBL1566723,1,1,Proteases,CHEMBL5939,0
CHEMBL156692,1,1,G protein-coupled receptors,CHEMBL1945,0
CHEMBL1567191,1,1,Cytochrome P450s,CHEMBL3356,0
CHEMBL1567518,1,1,Kinases,CHEMBL1293228,0
CHEMBL1570257,1,1,Other/unclassified,CHEMBL4361,0
CHEMBL1571964,1,1,Other enzymes,CHEMBL1293246,0
CHEMBL1574512,1,1,Nuclear receptors,CHEMBL206,0
CHEMBL1574794,1,1,Other enzymes,CHEMBL1293246,0
CHEMBL1575192,1,1,Proteases,CHEMBL5939,0
CHEMBL1575721,1,1,Proteases,CHEMBL4117,0
CHEMBL1579296,1,1,G protein-coupled receptors,CHEMBL237,0
CHEMBL1579999,1,1,Other/unclassified,CHEMBL1293251,0
CHEMBL1580543,1,1,Nuclear receptors,CHEMBL206,0
CHEMBL1581298,1,1,Other/unclassified,CHEMBL5936,0
CHEMBL1582191,1,1,Nuclear receptors,CHEMBL4374,0
CHEMBL1582229,1,1,Proteases,CHEMBL5939,0
CHEMBL1584449,1,1,Other/unclassified,CHEMBL1293251,0
CHEMBL1587018,1,1,Other enzymes,CHEMBL5567,0
CHEMBL1589453,1,1,G protein-coupled receptors,CHEMBL1075322,0
CHEMBL1590814,1,1,Other enzymes,CHEMBL1795098,0
CHEMBL1591156,1,1,Other enzymes,CHEMBL1293246,0
CHEMBL1593882,1,1,Other enzymes,CHEMBL5422,0
CHEMBL1594071,1,1,Other/unclassified,CHEMBL1293251,0
CHEMBL1594123,1,1,Other enzymes,CHEMBL1293246,0
CHEMBL1594894,1,1,G protein-coupled receptors,CHEMBL227,0
CHEMBL1594989,1,1,Proteases,CHEMBL4117,0
CHEMBL1594993,1,1,Other enzymes,CHEMBL1287620,0
CHEMBL1596578,1,1,Other/unclassified,CHEMBL6101,0
CHEMBL1598157,1,1,Proteases,CHEMBL5939,0
CHEMBL1598233,1,1,Monoamine oxidases,CHEMBL2039,0
CHEMBL1600644,1,1,Kinases,CHEMBL1293228,0
CHEMBL1600989,1,1,G protein-coupled receptors,CHEMBL1293267,0
CHEMBL1602356,1,1,Other enzymes,CHEMBL1795098,0
CHEMBL1604112,1,1,Kinases,CHEMBL5508,0
CHEMBL1604500,1,1,Nuclear receptors,CHEMBL206,0
CHEMBL1606373,1,1,Proteases,CHEMBL5939,0
CHEMBL1607582,1,1,Other enzymes,CHEMBL1741189,0
CHEMBL1608190,1,1,Other/unclassified,CHEMBL4869,0
CHEMBL1609180,1,1,Cytochrome P450s,CHEMBL3356,0
CHEMBL1610085,1,1,Proteases,CHEMBL4117,0
CHEMBL1611299,1,1,Proteases,CHEMBL4117,0
CHEMBL1612391,1,1,Other/unclassified,CHEMBL1293274,0
CHEMBL1630088,1,1,Proteases,CHEMBL3706,0
CHEMBL1630089,1,1,Proteases,CHEMBL3706,0
CHEMBL1630090,1,1,Proteases,CHEMBL3706,0
CHEMBL1630099,1,1,Proteases,CHEMBL3706,0
CHEMBL1630100,1,1,Proteases,CHEMBL3706,0
CHEMBL1630101,1,1,Proteases,CHEMBL3706,0
CHEMBL1630102,1,1,Proteases,CHEMBL3706,0
CHEMBL1630103,1,1,Proteases,CHEMBL3706,0
CHEMBL1630104,1,1,Proteases,CHEMBL3706,0
CHEMBL1630105,1,1,Proteases,CHEMBL3706,0
CHEMBL1630106,1,1,Proteases,CHEMBL3706,0
CHEMBL1642280,1,1,Kinases,CHEMBL267,0
CHEMBL1650554,1,1,Other enzymes,CHEMBL4235,0
CHEMBL1650699,1,1,Other enzymes,CHEMBL4235,0
CHEMBL1650700,1,1,Other enzymes,CHEMBL4235,0
CHEMBL1650701,1,1,Other enzymes,CHEMBL4235,0
CHEMBL1650702,1,1,Other enzymes,CHEMBL4235,0
CHEMBL1650717,1,1,Nuclear receptors,CHEMBL208,0
CHEMBL1651087,1,1,Cholinesterases,CHEMBL5763,0
CHEMBL1651089,1,1,Cholinesterases,CHEMBL5763,0
CHEMBL167368,1,1,Carbonic anhydrases,CHEMBL205,0
CHEMBL1688896,1,1,Other enzymes,CHEMBL1978,0
CHEMBL1688902,1,1,Other enzymes,CHEMBL1978,0
CHEMBL1688903,1,1,Other enzymes,CHEMBL1978,0
CHEMBL1688904,1,1,Other enzymes,CHEMBL1978,0
CHEMBL1688905,1,1,Other enzymes,CHEMBL1978,0
CHEMBL1688906,1,1,Other enzymes,CHEMBL1978,0
CHEMBL1688907,1,1,Other enzymes,CHEMBL1978,0
CHEMBL1688908,1,1,Other enzymes,CHEMBL1978,0
CHEMBL1688909,1,1,Other enzymes,CHEMBL1978,0
CHEMBL1688910,1,1,Other enzymes,CHEMBL1978,0
CHEMBL1688912,1,1,Other enzymes,CHEMBL1978,0
CHEMBL1688913,1,1,Other enzymes,CHEMBL1978,0
CHEMBL1688914,1,1,Other enzymes,CHEMBL1978,0
CHEMBL1688915,1,1,Other enzymes,CHEMBL1978,0
CHEMBL1688916,1,1,Other enzymes,CHEMBL1978,0
CHEMBL1688917,1,1,Other enzymes,CHEMBL1978,0
CHEMBL1688918,1,1,Other enzymes,CHEMBL1978,0
CHEMBL1688919,1,1,Other enzymes,CHEMBL1978,0
CHEMBL1700729,1,1,Other/unclassified,CHEMBL2362980,0
CHEMBL1701595,1,1,Other enzymes,CHEMBL1795098,0
CHEMBL1701673,1,1,Other enzymes,CHEMBL1287620,0
CHEMBL170548,1,1,Proteases,CHEMBL4471,0
CHEMBL1715414,1,1,Proteases,CHEMBL3411,0
CHEMBL1718108,1,1,Proteases,CHEMBL5939,0
CHEMBL1718931,1,1,Kinases,CHEMBL5508,0
CHEMBL1729831,1,1,G protein-coupled receptors,CHEMBL2010631,0
CHEMBL1735637,1,1,Other enzymes,CHEMBL2219,0
CHEMBL1742008,1,1,Cytochrome P450s,CHEMBL3397,0
CHEMBL1743356,1,1,Cytochrome P450s,CHEMBL340,0
CHEMBL1743357,1,1,Cytochrome P450s,CHEMBL340,0
CHEMBL174435,1,1,Other enzymes,CHEMBL3569,0
CHEMBL175510,1,1,Kinases,CHEMBL3142,0
CHEMBL17578,1,1,Kinases,CHEMBL258,0
CHEMBL175890,1,1,Nuclear receptors,CHEMBL3072,0
CHEMBL176114,1,1,Kinases,CHEMBL3142,0
CHEMBL1761757,1,1,Monoamine oxidases,CHEMBL2039,0
CHEMBL1761758,1,1,Monoamine oxidases,CHEMBL2039,0
CHEMBL1761759,1,1,Monoamine oxidases,CHEMBL2039,0
CHEMBL1761760,1,1,Monoamine oxidases,CHEMBL2039,0
CHEMBL1761763,1,1,Monoamine oxidases,CHEMBL2039,0
CHEMBL1761764,1,1,Monoamine oxidases,CHEMBL2039,0
CHEMBL176325,1,1,Kinases,CHEMBL3142,0
CHEMBL1765162,1,1,G protein-coupled receptors,CHEMBL1293267,0
CHEMBL177085,1,1,Other enzymes,CHEMBL2903,0
CHEMBL177241,1,1,Kinases,CHEMBL3142,0
CHEMBL177279,1,1,Kinases,CHEMBL3142,0
CHEMBL177697,1,1,Other enzymes,CHEMBL3569,0
CHEMBL1777814,1,1,Monoamine oxidases,CHEMBL2039,0
CHEMBL1777844,1,1,G protein-coupled receptors,CHEMBL256,0
CHEMBL1777845,1,1,Monoamine oxidases,CHEMBL2039,0
CHEMBL1777847,1,1,Monoamine oxidases,CHEMBL2039,0
CHEMBL178219,1,1,Other enzymes,CHEMBL3569,0
CHEMBL1782745,1,1,Cholinesterases,CHEMBL4768,0
CHEMBL1783714,1,1,Monoamine oxidases,CHEMBL2039,0
CHEMBL1783715,1,1,Monoamine oxidases,CHEMBL2039,0
CHEMBL1783716,1,1,Monoamine oxidases,CHEMBL2039,0
CHEMBL178379,1,1,Other enzymes,CHEMBL3569,0
CHEMBL1784790,1,1,Other enzymes,CHEMBL1978,0
CHEMBL178635,1,1,Nuclear receptors,CHEMBL3072,0
CHEMBL178901,1,1,Nuclear receptors,CHEMBL3072,0
CHEMBL178969,1,1,Kinases,CHEMBL3142,0
CHEMBL179343,1,1,Nuclear receptors,CHEMBL3072,0
CHEMBL179585,1,1,Nuclear receptors,CHEMBL3072,0
CHEMBL179591,1,1,Kinases,CHEMBL3142,0
CHEMBL1796134,1,1,Other enzymes,CHEMBL3048,0
CHEMBL179640,1,1,Kinases,CHEMBL3142,0
CHEMBL179641,1,1,Kinases,CHEMBL3142,0
CHEMBL1796808,1,1,Monoamine oxidases,CHEMBL1951,0
CHEMBL179863,1,1,Nuclear receptors,CHEMBL3072,0
CHEMBL1800956,1,1,Kinases,CHEMBL3616,0
CHEMBL1801021,1,1,Other/unclassified,CHEMBL2085,0
CHEMBL18042,1,1,Monoamine oxidases,CHEMBL2993,0
CHEMBL180436,1,1,Other enzymes,CHEMBL3925,0
CHEMBL182782,1,1,Proteases,CHEMBL243,0
CHEMBL182831,1,1,Proteases,CHEMBL243,0
CHEMBL1830793,1,1,Monoamine oxidases,CHEMBL2039,0
CHEMBL1830795,1,1,Monoamine oxidases,CHEMBL2039,0
CHEMBL1830797,1,1,Monoamine oxidases,CHEMBL2039,0
CHEMBL1830801,1,1,Monoamine oxidases,CHEMBL2039,0
CHEMBL1830810,1,1,Monoamine oxidases,CHEMBL2039,0
CHEMBL1830811,1,1,Monoamine oxidases,CHEMBL2039,0
CHEMBL1830814,1,1,Monoamine oxidases,CHEMBL2039,0
CHEMBL1830815,1,1,Monoamine oxidases,CHEMBL2039,0
CHEMBL1830816,1,1,Monoamine oxidases,CHEMBL2039,0
CHEMBL1830817,1,1,Monoamine oxidases,CHEMBL2039,0
CHEMBL1830819,1,1,Monoamine oxidases,CHEMBL1951,0
CHEMBL1830820,1,1,Monoamine oxidases,CHEMBL1951,0
CHEMBL1830821,1,1,Ion channels and transporters,CHEMBL2073663,0
CHEMBL1830823,1,1,G protein-coupled receptors,CHEMBL1293267,0
CHEMBL1830824,1,1,Monoamine oxidases,CHEMBL2039,0
CHEMBL1830825,1,1,Monoamine oxidases,CHEMBL2039,0
CHEMBL1830827,1,1,Monoamine oxidases,CHEMBL2039,0
CHEMBL1830828,1,1,Monoamine oxidases,CHEMBL2039,0
CHEMBL1830829,1,1,Monoamine oxidases,CHEMBL2039,0
CHEMBL1830831,1,1,Monoamine oxidases,CHEMBL1951,0
CHEMBL1830832,1,1,Monoamine oxidases,CHEMBL1951,0
CHEMBL18327,1,1,Monoamine oxidases,CHEMBL2993,0
CHEMBL1835223,1,1,Monoamine oxidases,CHEMBL2039,0
CHEMBL1835224,1,1,Monoamine oxidases,CHEMBL2039,0
CHEMBL1835226,1,1,Monoamine oxidases,CHEMBL2039,0
CHEMBL1835227,1,1,Monoamine oxidases,CHEMBL2039,0
CHEMBL1835229,1,1,Monoamine oxidases,CHEMBL2039,0
CHEMBL1835231,1,1,Monoamine oxidases,CHEMBL2039,0
CHEMBL1835232,1,1,Monoamine oxidases,CHEMBL2039,0
CHEMBL1835233,1,1,Monoamine oxidases,CHEMBL2039,0
CHEMBL1835328,1,1,Monoamine oxidases,CHEMBL2039,0
CHEMBL1835806,1,1,Nuclear receptors,CHEMBL208,0
CHEMBL1835808,1,1,Nuclear receptors,CHEMBL208,0
CHEMBL1835809,1,1,Nuclear receptors,CHEMBL208,0
CHEMBL1835810,1,1,Nuclear receptors,CHEMBL208,0
CHEMBL1835811,1,1,Nuclear receptors,CHEMBL208,0
CHEMBL1835812,1,1,Nuclear receptors,CHEMBL208,0
CHEMBL1835813,1,1,Nuclear receptors,CHEMBL208,0
CHEMBL1835814,1,1,Nuclear receptors,CHEMBL208,0
CHEMBL1835815,1,1,Nuclear receptors,CHEMBL208,0
CHEMBL1835816,1,1,Nuclear receptors,CHEMBL208,0
CHEMBL1835817,1,1,Nuclear receptors,CHEMBL208,0
CHEMBL1835818,1,1,Nuclear receptors,CHEMBL208,0
CHEMBL1835819,1,1,Nuclear receptors,CHEMBL208,0
CHEMBL1835820,1,1,Nuclear receptors,CHEMBL208,0
CHEMBL1835821,1,1,Nuclear receptors,CHEMBL208,0
CHEMBL1835822,1,1,Nuclear receptors,CHEMBL208,0
CHEMBL1835823,1,1,Nuclear receptors,CHEMBL208,0
CHEMBL1835824,1,1,Nuclear receptors,CHEMBL208,0
CHEMBL1835825,1,1,Nuclear receptors,CHEMBL208,0
CHEMBL1835826,1,1,Nuclear receptors,CHEMBL208,0
CHEMBL1835827,1,1,Nuclear receptors,CHEMBL208,0
CHEMBL1835828,1,1,Nuclear receptors,CHEMBL208,0
CHEMBL1835829,1,1,Nuclear receptors,CHEMBL208,0
CHEMBL1835830,1,1,Nuclear receptors,CHEMBL208,0
CHEMBL1835831,1,1,Nuclear receptors,CHEMBL208,0
CHEMBL1835833,1,1,Nuclear receptors,CHEMBL208,0
CHEMBL1835834,1,1,Nuclear receptors,CHEMBL208,0
CHEMBL1835835,1,1,Nuclear receptors,CHEMBL208,0
CHEMBL1835836,1,1,Nuclear receptors,CHEMBL208,0
CHEMBL18425,1,1,Monoamine oxidases,CHEMBL2993,0
CHEMBL18492,1,1,Monoamine oxidases,CHEMBL3358,0
CHEMBL1866835,1,1,Other enzymes,CHEMBL1287620,0
CHEMBL18669,1,1,Monoamine oxidases,CHEMBL3358,0
CHEMBL1870203,1,1,Kinases,CHEMBL5508,0
CHEMBL1878306,1,1,G protein-coupled receptors,CHEMBL2731,0
CHEMBL1881564,1,1,Other enzymes,CHEMBL1287620,0
CHEMBL1884473,1,1,Other/unclassified,CHEMBL2362980,0
CHEMBL1892379,1,1,Other enzymes,CHEMBL1287620,0
CHEMBL1897949,1,1,Proteases,CHEMBL3411,0
CHEMBL1915315,1,1,Nuclear receptors,CHEMBL242,0
CHEMBL1917495,1,1,Monoamine oxidases,CHEMBL2039,0
CHEMBL191979,1,1,Other enzymes,CHEMBL3212,0
CHEMBL19240,1,1,Other enzymes,CHEMBL4234,0
CHEMBL192548,1,1,Nuclear receptors,CHEMBL206,0
CHEMBL1927204,1,1,Proteases,CHEMBL280,0
CHEMBL1927205,1,1,Proteases,CHEMBL280,0
CHEMBL1927206,1,1,Proteases,CHEMBL280,0
CHEMBL1927207,1,1,Proteases,CHEMBL280,0
CHEMBL1927208,1,1,Proteases,CHEMBL280,0
CHEMBL1927209,1,1,Proteases,CHEMBL280,0
CHEMBL193416,1,1,Other enzymes,CHEMBL4586,0
CHEMBL1934195,1,1,Proteases,CHEMBL4822,0
CHEMBL1934197,1,1,Proteases,CHEMBL4822,0
CHEMBL1934673,1,1,Monoamine oxidases,CHEMBL2039,0
CHEMBL1934675,1,1,Monoamine oxidases,CHEMBL2039,0
CHEMBL1934676,1,1,Monoamine oxidases,CHEMBL2039,0
CHEMBL1934677,1,1,Monoamine oxidases,CHEMBL2039,0
CHEMBL1935087,1,1,Other enzymes,CHEMBL4685,0
CHEMBL193594,1,1,Proteases,CHEMBL2334,0
CHEMBL1940735,1,1,Cholinesterases,CHEMBL3199,0
CHEMBL1940736,1,1,Cholinesterases,CHEMBL220,0
CHEMBL1940737,1,1,Cholinesterases,CHEMBL220,0
CHEMBL1940738,1,1,Cholinesterases,CHEMBL220,0
CHEMBL194292,1,1,G protein-coupled receptors,CHEMBL344,0
CHEMBL194450,1,1,Other enzymes,CHEMBL4586,0
CHEMBL1944663,1,1,Kinases,CHEMBL5508,0
CHEMBL194523,1,1,G protein-coupled receptors,CHEMBL344,0
CHEMBL1946916,1,1,Kinases,CHEMBL5508,0
CHEMBL1946918,1,1,Kinases,CHEMBL5508,0
CHEMBL1947105,1,1,Kinases,CHEMBL5508,0
CHEMBL1947106,1,1,Kinases,CHEMBL5508,0
CHEMBL1947107,1,1,Kinases,CHEMBL5508,0
CHEMBL1947108,1,1,Kinases,CHEMBL5508,0
CHEMBL1947111,1,1,Kinases,CHEMBL5508,0
CHEMBL1947112,1,1,Kinases,CHEMBL5508,0
CHEMBL1947114,1,1,Kinases,CHEMBL5508,0
CHEMBL1947115,1,1,Kinases,CHEMBL5508,0
CHEMBL1947117,1,1,Kinases,CHEMBL5508,0
CHEMBL194961,1,1,Other enzymes,CHEMBL4586,0
CHEMBL195020,1,1,Other enzymes,CHEMBL4586,0
CHEMBL1951645,1,1,Kinases,CHEMBL3587,0
CHEMBL196052,1,1,Other enzymes,CHEMBL4586,0
CHEMBL196156,1,1,Other enzymes,CHEMBL4586,0
CHEMBL196272,1,1,Other enzymes,CHEMBL3471,0
CHEMBL1963107,1,1,Cholinesterases,CHEMBL3199,0
CHEMBL196350,1,1,G protein-coupled receptors,CHEMBL344,0
CHEMBL196527,1,1,Other enzymes,CHEMBL4586,0
CHEMBL197036,1,1,Other enzymes,CHEMBL3471,0
CHEMBL197069,1,1,Other enzymes,CHEMBL247,0
CHEMBL197138,1,1,Other enzymes,CHEMBL247,0
CHEMBL197190,1,1,Other enzymes,CHEMBL4586,0
CHEMBL197251,1,1,Other enzymes,CHEMBL3471,0
CHEMBL197797,1,1,G protein-coupled receptors,CHEMBL344,0
CHEMBL1978342,1,1,Other enzymes,CHEMBL3471,0
CHEMBL197849,1,1,G protein-coupled receptors,CHEMBL344,0
CHEMBL198546,1,1,Other enzymes,CHEMBL247,0
CHEMBL198591,1,1,Other enzymes,CHEMBL3471,0
CHEMBL198727,1,1,G protein-coupled receptors,CHEMBL344,0
CHEMBL198873,1,1,Other enzymes,CHEMBL247,0
CHEMBL199006,1,1,Kinases,CHEMBL3587,0
CHEMBL199090,1,1,Other enzymes,CHEMBL247,0
CHEMBL199527,1,1,G protein-coupled receptors,CHEMBL326,0
CHEMBL199739,1,1,G protein-coupled receptors,CHEMBL326,0
CHEMBL199788,1,1,G protein-coupled receptors,CHEMBL326,0
CHEMBL199904,1,1,G protein-coupled receptors,CHEMBL326,0
CHEMBL200414,1,1,Proteases,CHEMBL204,0
CHEMBL2005069,1,1,Proteases,CHEMBL243,0
CHEMBL201199,1,1,Monoamine oxidases,CHEMBL1951,0
CHEMBL2012477,1,1,Other enzymes,CHEMBL2916,0
CHEMBL2012478,1,1,Other enzymes,CHEMBL2916,0
CHEMBL201250,1,1,Monoamine oxidases,CHEMBL1951,0
CHEMBL201777,1,1,Monoamine oxidases,CHEMBL1951,0
CHEMBL2018200,1,1,Cholinesterases,CHEMBL4078,0
CHEMBL202017,1,1,Monoamine oxidases,CHEMBL1951,0
CHEMBL202018,1,1,Monoamine oxidases,CHEMBL1951,0
CHEMBL202112,1,1,Monoamine oxidases,CHEMBL1951,0
CHEMBL202218,1,1,Monoamine oxidases,CHEMBL1951,0
CHEMBL2030668,1,1,Ion channels and transporters,CHEMBL1075108,0
CHEMBL2030669,1,1,Ion channels and transporters,CHEMBL1075108,0
CHEMBL2032372,1,1,Kinases,CHEMBL2147,0
CHEMBL203519,1,1,Nuclear receptors,CHEMBL242,0
CHEMBL203793,1,1,Nuclear receptors,CHEMBL239,0
CHEMBL204341,1,1,Nuclear receptors,CHEMBL242,0
CHEMBL204365,1,1,Other enzymes,CHEMBL215,0
CHEMBL204633,1,1,Other enzymes,CHEMBL215,0
CHEMBL204781,1,1,Other enzymes,CHEMBL215,0
CHEMBL2048084,1,1,Other enzymes,CHEMBL1930,0
CHEMBL2048091,1,1,Other enzymes,CHEMBL1930,0
CHEMBL2048092,1,1,Other enzymes,CHEMBL1930,0
CHEMBL2048096,1,1,Other enzymes,CHEMBL1930,0
CHEMBL204890,1,1,Other enzymes,CHEMBL215,0
CHEMBL204959,1,1,Nuclear receptors,CHEMBL242,0
CHEMBL205009,1,1,Nuclear receptors,CHEMBL242,0
CHEMBL205189,1,1,Other enzymes,CHEMBL215,0
CHEMBL2052002,1,1,Nuclear receptors,CHEMBL1871,0
CHEMBL205222,1,1,Other enzymes,CHEMBL215,0
CHEMBL205241,1,1,Proteases,CHEMBL4822,0
CHEMBL205309,1,1,Proteases,CHEMBL4822,0
CHEMBL205637,1,1,Proteases,CHEMBL4822,0
CHEMBL205702,1,1,Proteases,CHEMBL2821,0
CHEMBL205800,1,1,Other enzymes,CHEMBL215,0
CHEMBL205988,1,1,Nuclear receptors,CHEMBL242,0
CHEMBL205989,1,1,Nuclear receptors,CHEMBL242,0
CHEMBL206218,1,1,Nuclear receptors,CHEMBL242,0
CHEMBL206442,1,1,Proteases,CHEMBL4822,0
CHEMBL206557,1,1,Proteases,CHEMBL4822,0
CHEMBL206632,1,1,Other enzymes,CHEMBL215,0
CHEMBL206759,1,1,Nuclear receptors,CHEMBL239,0
CHEMBL206854,1,1,Proteases,CHEMBL4822,0
CHEMBL2070828,1,1,Other/unclassified,CHEMBL4296326,0
CHEMBL207083,1,1,Proteases,CHEMBL4822,0
CHEMBL207109,1,1,Other enzymes,CHEMBL215,0
CHEMBL207739,1,1,Proteases,CHEMBL204,0
CHEMBL208464,1,1,Proteases,CHEMBL204,0
CHEMBL2088230,1,1,Other enzymes,CHEMBL2903,0
CHEMBL2088231,1,1,Other enzymes,CHEMBL2903,0
CHEMBL2088232,1,1,Other enzymes,CHEMBL2903,0
CHEMBL2088233,1,1,Other enzymes,CHEMBL2903,0
CHEMBL2088234,1,1,Other enzymes,CHEMBL2903,0
CHEMBL2088235,1,1,Other enzymes,CHEMBL2903,0
CHEMBL2088236,1,1,Other enzymes,CHEMBL2903,0
CHEMBL209052,1,1,Proteases,CHEMBL4822,0
CHEMBL209632,1,1,Proteases,CHEMBL4822,0
CHEMBL209811,1,1,Monoamine oxidases,CHEMBL2993,0
CHEMBL210451,1,1,Proteases,CHEMBL4822,0
CHEMBL2105653,1,1,Other enzymes,CHEMBL215,0
CHEMBL2106261,1,1,G protein-coupled receptors,CHEMBL256,0
CHEMBL211214,1,1,Proteases,CHEMBL4822,0
CHEMBL2112216,1,1,Nuclear receptors,CHEMBL1871,0
CHEMBL2114277,1,1,Cytochrome P450s,CHEMBL3397,0
CHEMBL2114278,1,1,Cytochrome P450s,CHEMBL3397,0
CHEMBL2114284,1,1,Cytochrome P450s,CHEMBL3397,0
CHEMBL2114285,1,1,Cytochrome P450s,CHEMBL3397,0
CHEMBL2114959,1,1,Other/unclassified,CHEMBL2069,0
CHEMBL2115262,1,1,Cytochrome P450s,CHEMBL3397,0
CHEMBL2115263,1,1,Cytochrome P450s,CHEMBL3397,0
CHEMBL2115267,1,1,Cytochrome P450s,CHEMBL3397,0
CHEMBL2115413,1,1,Other/unclassified,CHEMBL2069,0
CHEMBL212578,1,1,Proteases,CHEMBL4822,0
CHEMBL212873,1,1,Proteases,CHEMBL4822,0
CHEMBL213684,1,1,Monoamine oxidases,CHEMBL3358,0
CHEMBL2141540,1,1,Other enzymes,CHEMBL1287620,0
CHEMBL2151690,1,1,Monoamine oxidases,CHEMBL2039,0
CHEMBL2158357,1,1,Other enzymes,CHEMBL230,0
CHEMBL2158361,1,1,Other enzymes,CHEMBL2949,0
CHEMBL2158363,1,1,Other enzymes,CHEMBL230,0
CHEMBL2164283,1,1,Other/unclassified,CHEMBL1075214,0
CHEMBL2164284,1,1,Other/unclassified,CHEMBL1075214,0
CHEMBL2171900,1,1,Other/unclassified,CHEMBL4026,0
CHEMBL2177801,1,1,Other enzymes,CHEMBL2176851,0
CHEMBL2177802,1,1,Other enzymes,CHEMBL2176851,0
CHEMBL2177806,1,1,Other enzymes,CHEMBL2176851,0
CHEMBL2177807,1,1,Other enzymes,CHEMBL2176851,0
CHEMBL2177808,1,1,Other enzymes,CHEMBL2176851,0
CHEMBL2177809,1,1,Other enzymes,CHEMBL2176851,0
CHEMBL2177810,1,1,Other enzymes,CHEMBL2176851,0
CHEMBL2177811,1,1,Other enzymes,CHEMBL2176851,0
CHEMBL2178426,1,1,Monoamine oxidases,CHEMBL2756,0
CHEMBL2178427,1,1,Monoamine oxidases,CHEMBL2756,0
CHEMBL2178428,1,1,Monoamine oxidases,CHEMBL2756,0
CHEMBL2178429,1,1,Monoamine oxidases,CHEMBL2756,0
CHEMBL2178430,1,1,Monoamine oxidases,CHEMBL2756,0
CHEMBL2178431,1,1,Monoamine oxidases,CHEMBL2756,0
CHEMBL2178432,1,1,Monoamine oxidases,CHEMBL2756,0
CHEMBL2178433,1,1,Monoamine oxidases,CHEMBL2756,0
CHEMBL2178434,1,1,Monoamine oxidases,CHEMBL2756,0
CHEMBL2178435,1,1,Monoamine oxidases,CHEMBL2756,0
CHEMBL2178436,1,1,Monoamine oxidases,CHEMBL2756,0
CHEMBL2178437,1,1,Monoamine oxidases,CHEMBL2756,0
CHEMBL2178438,1,1,Monoamine oxidases,CHEMBL2756,0
CHEMBL2178439,1,1,Monoamine oxidases,CHEMBL2756,0
CHEMBL2178440,1,1,Monoamine oxidases,CHEMBL2756,0
CHEMBL2178441,1,1,Monoamine oxidases,CHEMBL2756,0
CHEMBL2178442,1,1,Monoamine oxidases,CHEMBL2756,0
CHEMBL2178443,1,1,Other enzymes,CHEMBL2176851,0
CHEMBL2178444,1,1,Other enzymes,CHEMBL2176851,0
CHEMBL2178445,1,1,Other enzymes,CHEMBL2176851,0
CHEMBL2178446,1,1,Other enzymes,CHEMBL2176851,0
CHEMBL2178447,1,1,Other enzymes,CHEMBL2176851,0
CHEMBL2178448,1,1,Other enzymes,CHEMBL2176851,0
CHEMBL2178449,1,1,Other enzymes,CHEMBL2176851,0
CHEMBL2178452,1,1,Other enzymes,CHEMBL2176851,0
CHEMBL2178453,1,1,Other enzymes,CHEMBL2176851,0
CHEMBL2178454,1,1,Other enzymes,CHEMBL2176851,0
CHEMBL2178455,1,1,Other enzymes,CHEMBL2176851,0
CHEMBL2178456,1,1,Other enzymes,CHEMBL2176851,0
CHEMBL2178457,1,1,Other enzymes,CHEMBL2176851,0
CHEMBL2178980,1,1,Monoamine oxidases,CHEMBL2756,0
CHEMBL2178981,1,1,Monoamine oxidases,CHEMBL2756,0
CHEMBL2178982,1,1,Monoamine oxidases,CHEMBL2756,0
CHEMBL2178983,1,1,Monoamine oxidases,CHEMBL2756,0
CHEMBL2178985,1,1,Monoamine oxidases,CHEMBL2756,0
CHEMBL2178987,1,1,Monoamine oxidases,CHEMBL2756,0
CHEMBL2178989,1,1,Monoamine oxidases,CHEMBL2756,0
CHEMBL2178991,1,1,Monoamine oxidases,CHEMBL2756,0
CHEMBL2178992,1,1,Monoamine oxidases,CHEMBL2756,0
CHEMBL2178993,1,1,Monoamine oxidases,CHEMBL2756,0
CHEMBL2181549,1,1,G protein-coupled receptors,CHEMBL1075322,0
CHEMBL2181749,1,1,G protein-coupled receptors,CHEMBL5071,0
CHEMBL2205240,1,1,Other/unclassified,CHEMBL4361,0
CHEMBL2207073,1,1,Ion channels and transporters,CHEMBL3085,0
CHEMBL2207074,1,1,Ion channels and transporters,CHEMBL3085,0
CHEMBL2234259,1,1,Other enzymes,CHEMBL3623,0
CHEMBL2237988,1,1,Other enzymes,CHEMBL3623,0
CHEMBL223929,1,1,Other enzymes,CHEMBL1978,0
CHEMBL223983,1,1,Other enzymes,CHEMBL1978,0
CHEMBL224228,1,1,Other enzymes,CHEMBL1978,0
CHEMBL224649,1,1,Other enzymes,CHEMBL1978,0
CHEMBL224786,1,1,Other enzymes,CHEMBL1978,0
CHEMBL224787,1,1,Other enzymes,CHEMBL1978,0
CHEMBL225178,1,1,Other enzymes,CHEMBL1978,0
CHEMBL225472,1,1,Other enzymes,CHEMBL1978,0
CHEMBL226003,1,1,Nuclear receptors,CHEMBL206,0
CHEMBL2261302,1,1,Other enzymes,CHEMBL2622,0
CHEMBL2268532,1,1,G protein-coupled receptors,CHEMBL1945,0
CHEMBL2311571,1,1,Cholinesterases,CHEMBL4768,0
CHEMBL2314427,1,1,Cholinesterases,CHEMBL4768,0
CHEMBL2314428,1,1,Cholinesterases,CHEMBL4768,0
CHEMBL2314429,1,1,Cholinesterases,CHEMBL4768,0
CHEMBL2314430,1,1,Cholinesterases,CHEMBL4768,0
CHEMBL2314431,1,1,Cholinesterases,CHEMBL4768,0
CHEMBL2314432,1,1,Cholinesterases,CHEMBL4768,0
CHEMBL2314720,1,1,Cholinesterases,CHEMBL4768,0
CHEMBL2314722,1,1,Cholinesterases,CHEMBL4768,0
CHEMBL2314723,1,1,Cholinesterases,CHEMBL4768,0
CHEMBL2314724,1,1,Cholinesterases,CHEMBL4768,0
CHEMBL2314725,1,1,Cholinesterases,CHEMBL4768,0
CHEMBL2314729,1,1,Cholinesterases,CHEMBL4768,0
CHEMBL2314730,1,1,Cholinesterases,CHEMBL4768,0
CHEMBL2316593,1,1,Proteases,CHEMBL268,0
CHEMBL2321884,1,1,Other/unclassified,CHEMBL3251,0
CHEMBL2322250,1,1,Other/unclassified,CHEMBL3251,0
CHEMBL2322251,1,1,Other/unclassified,CHEMBL3251,0
CHEMBL2322252,1,1,Other/unclassified,CHEMBL3251,0
CHEMBL2322255,1,1,Other/unclassified,CHEMBL3251,0
CHEMBL2322267,1,1,Other/unclassified,CHEMBL3251,0
CHEMBL2322270,1,1,Other/unclassified,CHEMBL3251,0
CHEMBL2322273,1,1,Other/unclassified,CHEMBL3251,0
CHEMBL2322275,1,1,Other/unclassified,CHEMBL3251,0
CHEMBL2322276,1,1,Other/unclassified,CHEMBL3251,0
CHEMBL2322277,1,1,Other/unclassified,CHEMBL3251,0
CHEMBL2322278,1,1,Other/unclassified,CHEMBL3251,0
CHEMBL2322279,1,1,Other/unclassified,CHEMBL3251,0
CHEMBL2322280,1,1,Other/unclassified,CHEMBL3251,0
CHEMBL2322281,1,1,Other/unclassified,CHEMBL3251,0
CHEMBL2322283,1,1,Other/unclassified,CHEMBL3251,0
CHEMBL232230,1,1,Other enzymes,CHEMBL1930,0
CHEMBL2322545,1,1,Other/unclassified,CHEMBL3251,0
CHEMBL2322546,1,1,Other/unclassified,CHEMBL3251,0
CHEMBL2322549,1,1,Other/unclassified,CHEMBL3251,0
CHEMBL2322550,1,1,Other/unclassified,CHEMBL3251,0
CHEMBL2322551,1,1,Other/unclassified,CHEMBL3251,0
CHEMBL2322553,1,1,Other/unclassified,CHEMBL3251,0
CHEMBL2322555,1,1,Other/unclassified,CHEMBL3251,0
CHEMBL2322558,1,1,Other/unclassified,CHEMBL3251,0
CHEMBL2326854,1,1,Cholinesterases,CHEMBL4078,0
CHEMBL2326855,1,1,Cholinesterases,CHEMBL4078,0
CHEMBL2334496,1,1,Other enzymes,CHEMBL6136,0
CHEMBL233451,1,1,Other enzymes,CHEMBL1930,0
CHEMBL2335190,1,1,Carbonic anhydrases,CHEMBL3242,0
CHEMBL2335191,1,1,Carbonic anhydrases,CHEMBL3242,0
CHEMBL2346913,1,1,Nuclear receptors,CHEMBL235,0
CHEMBL2349086,1,1,Proteases,CHEMBL2366517,0
CHEMBL2349087,1,1,Proteases,CHEMBL2366517,0
CHEMBL2349088,1,1,Proteases,CHEMBL2366517,0
CHEMBL2359574,1,1,Proteases,CHEMBL2443,0
CHEMBL2362078,1,1,Other enzymes,CHEMBL1287620,0
CHEMBL237186,1,1,Other enzymes,CHEMBL3623,0
CHEMBL237187,1,1,Other enzymes,CHEMBL3623,0
CHEMBL2375688,1,1,Kinases,CHEMBL1991,0
CHEMBL2376508,1,1,Monoamine oxidases,CHEMBL2039,0
CHEMBL2376885,1,1,Monoamine oxidases,CHEMBL2039,0
CHEMBL2376886,1,1,Monoamine oxidases,CHEMBL2039,0
CHEMBL2376887,1,1,Monoamine oxidases,CHEMBL2039,0
CHEMBL2376888,1,1,Monoamine oxidases,CHEMBL2039,0
CHEMBL2376890,1,1,Monoamine oxidases,CHEMBL2039,0
CHEMBL2376891,1,1,Monoamine oxidases,CHEMBL2039,0
CHEMBL2381324,1,1,G protein-coupled receptors,CHEMBL2010631,0
CHEMBL2381384,1,1,Other/unclassified,CHEMBL2487,0
CHEMBL2381385,1,1,Other/unclassified,CHEMBL2487,0
CHEMBL2381386,1,1,Other/unclassified,CHEMBL2487,0
CHEMBL2381402,1,1,Other/unclassified,CHEMBL2487,0
CHEMBL2381403,1,1,Other/unclassified,CHEMBL2487,0
CHEMBL238297,1,1,Proteases,CHEMBL243,0
CHEMBL238633,1,1,Other enzymes,CHEMBL3471,0
CHEMBL2387226,1,1,G protein-coupled receptors,CHEMBL322,0
CHEMBL2387234,1,1,G protein-coupled receptors,CHEMBL339,0
CHEMBL2387235,1,1,G protein-coupled receptors,CHEMBL339,0
CHEMBL2387236,1,1,G protein-coupled receptors,CHEMBL339,0
CHEMBL2387246,1,1,G protein-coupled receptors,CHEMBL339,0
CHEMBL2387263,1,1,G protein-coupled receptors,CHEMBL273,0
CHEMBL2387531,1,1,G protein-coupled receptors,CHEMBL1075322,0
CHEMBL239057,1,1,Other enzymes,CHEMBL3471,0
CHEMBL2393497,1,1,Cholinesterases,CHEMBL4078,0
CHEMBL2393499,1,1,Cholinesterases,CHEMBL4078,0
CHEMBL2393501,1,1,Cholinesterases,CHEMBL4078,0
CHEMBL2393584,1,1,Other enzymes,CHEMBL2390811,0
CHEMBL239483,1,1,Other enzymes,CHEMBL3471,0
CHEMBL2402696,1,1,Other enzymes,CHEMBL4102,0
CHEMBL2402698,1,1,Carbonic anhydrases,CHEMBL3594,0
CHEMBL240482,1,1,Other enzymes,CHEMBL3623,0
CHEMBL241896,1,1,Cytochrome P450s,CHEMBL340,0
CHEMBL2425828,1,1,Cholinesterases,CHEMBL4078,0
CHEMBL2425835,1,1,Cholinesterases,CHEMBL4078,0
CHEMBL2425848,1,1,Cholinesterases,CHEMBL4078,0
CHEMBL2425849,1,1,Cholinesterases,CHEMBL4078,0
CHEMBL2425850,1,1,Cholinesterases,CHEMBL4078,0
CHEMBL2425852,1,1,Cholinesterases,CHEMBL4078,0
CHEMBL2425857,1,1,Cholinesterases,CHEMBL4078,0
CHEMBL2426553,1,1,Other enzymes,CHEMBL4512,0
CHEMBL2426554,1,1,Other enzymes,CHEMBL4512,0
CHEMBL2426555,1,1,Other enzymes,CHEMBL4512,0
CHEMBL2426556,1,1,Other enzymes,CHEMBL4512,0
CHEMBL242905,1,1,Cholinesterases,CHEMBL220,0
CHEMBL242906,1,1,Cholinesterases,CHEMBL220,0
CHEMBL2430497,1,1,Other enzymes,CHEMBL1978,0
CHEMBL2430498,1,1,Other enzymes,CHEMBL1978,0
CHEMBL243130,1,1,Cholinesterases,CHEMBL220,0
CHEMBL243310,1,1,Cholinesterases,CHEMBL220,0
CHEMBL243311,1,1,Cholinesterases,CHEMBL220,0
CHEMBL243532,1,1,Cholinesterases,CHEMBL220,0
CHEMBL2440134,1,1,Cholinesterases,CHEMBL220,0
CHEMBL2441680,1,1,Cholinesterases,CHEMBL220,0
CHEMBL2441681,1,1,Cholinesterases,CHEMBL220,0
CHEMBL2441682,1,1,Cholinesterases,CHEMBL220,0
CHEMBL2441683,1,1,Cholinesterases,CHEMBL220,0
CHEMBL2441684,1,1,Cholinesterases,CHEMBL220,0
CHEMBL2442508,1,1,Ion channels and transporters,CHEMBL2073663,0
CHEMBL2442510,1,1,Ion channels and transporters,CHEMBL2073663,0
CHEMBL2442511,1,1,Ion channels and transporters,CHEMBL2073709,0
CHEMBL2442512,1,1,Ion channels and transporters,CHEMBL2073663,0
CHEMBL2442513,1,1,Ion channels and transporters,CHEMBL2073663,0
CHEMBL2442514,1,1,Ion channels and transporters,CHEMBL2073663,0
CHEMBL2442515,1,1,Ion channels and transporters,CHEMBL2073663,0
CHEMBL244415,1,1,Cholinesterases,CHEMBL220,0
CHEMBL244619,1,1,Cholinesterases,CHEMBL220,0
CHEMBL244624,1,1,Cholinesterases,CHEMBL220,0
CHEMBL245046,1,1,Cholinesterases,CHEMBL220,0
CHEMBL245047,1,1,Cholinesterases,CHEMBL220,0
CHEMBL252403,1,1,Monoamine oxidases,CHEMBL2039,0
CHEMBL252693,1,1,Proteases,CHEMBL3706,0
CHEMBL253711,1,1,Proteases,CHEMBL3706,0
CHEMBL255531,1,1,Other/unclassified,CHEMBL4361,0
CHEMBL256699,1,1,Monoamine oxidases,CHEMBL2039,0
CHEMBL256768,1,1,Nuclear receptors,CHEMBL1871,0
CHEMBL256769,1,1,Nuclear receptors,CHEMBL1871,0
CHEMBL256977,1,1,Nuclear receptors,CHEMBL1871,0
CHEMBL257057,1,1,Monoamine oxidases,CHEMBL1951,0
CHEMBL257751,1,1,Nuclear receptors,CHEMBL1871,0
CHEMBL258241,1,1,Nuclear receptors,CHEMBL1871,0
CHEMBL258397,1,1,Nuclear receptors,CHEMBL1871,0
CHEMBL258733,1,1,Other enzymes,CHEMBL4161,0
CHEMBL258768,1,1,Other enzymes,CHEMBL4161,0
CHEMBL259153,1,1,Other enzymes,CHEMBL4161,0
CHEMBL259154,1,1,Other enzymes,CHEMBL4161,0
CHEMBL259477,1,1,Other enzymes,CHEMBL4161,0
CHEMBL259890,1,1,Other/unclassified,CHEMBL4361,0
CHEMBL259975,1,1,Other enzymes,CHEMBL4161,0
CHEMBL259997,1,1,Other/unclassified,CHEMBL3305,0
CHEMBL260178,1,1,Other enzymes,CHEMBL4161,0
CHEMBL260997,1,1,Other enzymes,CHEMBL4161,0
CHEMBL260998,1,1,Other enzymes,CHEMBL4161,0
CHEMBL261414,1,1,Proteases,CHEMBL5939,0
CHEMBL261558,1,1,Other enzymes,CHEMBL4161,0
CHEMBL261789,1,1,Other enzymes,CHEMBL4161,0
CHEMBL262275,1,1,Proteases,CHEMBL4471,0
CHEMBL263086,1,1,Other enzymes,CHEMBL247,0
CHEMBL264756,1,1,G protein-coupled receptors,CHEMBL3943,0
CHEMBL264936,1,1,Other enzymes,CHEMBL4161,0
CHEMBL265181,1,1,Other enzymes,CHEMBL4161,0
CHEMBL265416,1,1,Cholinesterases,CHEMBL220,0
CHEMBL266091,1,1,Other enzymes,CHEMBL247,0
CHEMBL266473,1,1,Nuclear receptors,CHEMBL1871,0
CHEMBL266552,1,1,Other enzymes,CHEMBL247,0
CHEMBL266928,1,1,Nuclear receptors,CHEMBL1871,0
CHEMBL267160,1,1,Other enzymes,CHEMBL5567,0
CHEMBL267679,1,1,Other enzymes,CHEMBL247,0
CHEMBL267693,1,1,Other enzymes,CHEMBL247,0
CHEMBL268098,1,1,Nuclear receptors,CHEMBL1871,0
CHEMBL268279,1,1,Other enzymes,CHEMBL2622,0
CHEMBL268492,1,1,Other enzymes,CHEMBL2622,0
CHEMBL269090,1,1,Other enzymes,CHEMBL247,0
CHEMBL269221,1,1,Other enzymes,CHEMBL3559,0
CHEMBL269305,1,1,Nuclear receptors,CHEMBL1871,0
CHEMBL272357,1,1,Kinases,CHEMBL1163101,0
CHEMBL273101,1,1,Kinases,CHEMBL3629,0
CHEMBL273984,1,1,Other enzymes,CHEMBL2622,0
CHEMBL274190,1,1,Other enzymes,CHEMBL2622,0
CHEMBL274376,1,1,Proteases,CHEMBL2821,0
CHEMBL274746,1,1,Monoamine oxidases,CHEMBL3358,0
CHEMBL275331,1,1,Other enzymes,CHEMBL3559,0
CHEMBL276641,1,1,Other enzymes,CHEMBL2622,0
CHEMBL277350,1,1,Kinases,CHEMBL258,0
CHEMBL278974,1,1,Monoamine oxidases,CHEMBL3358,0
CHEMBL279990,1,1,Kinases,CHEMBL258,0
CHEMBL282382,1,1,Proteases,CHEMBL243,0
CHEMBL286017,1,1,G protein-coupled receptors,CHEMBL3943,0
CHEMBL286094,1,1,G protein-coupled receptors,CHEMBL3943,0
CHEMBL286638,1,1,Other enzymes,CHEMBL3480,0
CHEMBL297923,1,1,Other enzymes,CHEMBL3471,0
CHEMBL301410,1,1,Other enzymes,CHEMBL3471,0
CHEMBL302011,1,1,Other enzymes,CHEMBL2284,0
CHEMBL303027,1,1,Other enzymes,CHEMBL2284,0
CHEMBL303984,1,1,Other enzymes,CHEMBL1826,0
CHEMBL305250,1,1,Monoamine oxidases,CHEMBL3358,0
CHEMBL305426,1,1,Other enzymes,CHEMBL2284,0
CHEMBL308315,1,1,Other enzymes,CHEMBL3203,0
CHEMBL3084431,1,1,G protein-coupled receptors,CHEMBL1899,0
CHEMBL3084433,1,1,G protein-coupled receptors,CHEMBL1899,0
CHEMBL3084436,1,1,G protein-coupled receptors,CHEMBL1899,0
CHEMBL3084441,1,1,G protein-coupled receptors,CHEMBL1899,0
CHEMBL3084442,1,1,G protein-coupled receptors,CHEMBL1899,0
CHEMBL3084443,1,1,G protein-coupled receptors,CHEMBL1899,0
CHEMBL3091489,1,1,Monoamine oxidases,CHEMBL2993,0
CHEMBL3092192,1,1,Kinases,CHEMBL3587,0
CHEMBL3092194,1,1,Kinases,CHEMBL3587,0
CHEMBL3093988,1,1,Monoamine oxidases,CHEMBL2993,0
CHEMBL3093989,1,1,Monoamine oxidases,CHEMBL2993,0
CHEMBL3093990,1,1,Monoamine oxidases,CHEMBL2993,0
CHEMBL3093991,1,1,Monoamine oxidases,CHEMBL2993,0
CHEMBL3093993,1,1,Monoamine oxidases,CHEMBL2993,0
CHEMBL3093994,1,1,Monoamine oxidases,CHEMBL2993,0
CHEMBL3093995,1,1,Monoamine oxidases,CHEMBL2993,0
CHEMBL3093996,1,1,Monoamine oxidases,CHEMBL2993,0
CHEMBL3093997,1,1,Monoamine oxidases,CHEMBL2993,0
CHEMBL3093998,1,1,Monoamine oxidases,CHEMBL2993,0
CHEMBL3093999,1,1,Monoamine oxidases,CHEMBL2993,0
CHEMBL3094000,1,1,Monoamine oxidases,CHEMBL2993,0
CHEMBL3094001,1,1,Monoamine oxidases,CHEMBL2993,0
CHEMBL3094002,1,1,Monoamine oxidases,CHEMBL2993,0
CHEMBL3094003,1,1,Monoamine oxidases,CHEMBL2993,0
CHEMBL3094004,1,1,Monoamine oxidases,CHEMBL2993,0
CHEMBL3094005,1,1,Monoamine oxidases,CHEMBL2993,0
CHEMBL3094006,1,1,Monoamine oxidases,CHEMBL2993,0
CHEMBL3094009,1,1,Monoamine oxidases,CHEMBL2993,0
CHEMBL3094010,1,1,Monoamine oxidases,CHEMBL2993,0
CHEMBL3094012,1,1,Monoamine oxidases,CHEMBL2993,0
CHEMBL3094013,1,1,Monoamine oxidases,CHEMBL2993,0
CHEMBL3094014,1,1,Monoamine oxidases,CHEMBL2993,0
CHEMBL3094015,1,1,Monoamine oxidases,CHEMBL2993,0
CHEMBL3094018,1,1,Monoamine oxidases,CHEMBL2993,0
CHEMBL3094019,1,1,Monoamine oxidases,CHEMBL2993,0
CHEMBL3094020,1,1,Monoamine oxidases,CHEMBL2993,0
CHEMBL3094021,1,1,Monoamine oxidases,CHEMBL2993,0
CHEMBL3094022,1,1,Monoamine oxidases,CHEMBL2993,0
CHEMBL3094023,1,1,Monoamine oxidases,CHEMBL2993,0
CHEMBL3094025,1,1,Monoamine oxidases,CHEMBL2993,0
CHEMBL3094026,1,1,Monoamine oxidases,CHEMBL2993,0
CHEMBL3094027,1,1,Monoamine oxidases,CHEMBL2993,0
CHEMBL3094028,1,1,Monoamine oxidases,CHEMBL2993,0
CHEMBL3094029,1,1,Monoamine oxidases,CHEMBL2993,0
CHEMBL3094031,1,1,Monoamine oxidases,CHEMBL2993,0
CHEMBL3094032,1,1,Monoamine oxidases,CHEMBL2993,0
CHEMBL3094033,1,1,Monoamine oxidases,CHEMBL2993,0
CHEMBL3094034,1,1,Monoamine oxidases,CHEMBL2993,0
CHEMBL3094035,1,1,Monoamine oxidases,CHEMBL2993,0
CHEMBL3094036,1,1,Monoamine oxidases,CHEMBL2993,0
CHEMBL3094038,1,1,Monoamine oxidases,CHEMBL2993,0
CHEMBL3094039,1,1,Monoamine oxidases,CHEMBL2993,0
CHEMBL3094131,1,1,Monoamine oxidases,CHEMBL2993,0
CHEMBL3094132,1,1,Monoamine oxidases,CHEMBL2993,0
CHEMBL3094133,1,1,Monoamine oxidases,CHEMBL2993,0
CHEMBL3094134,1,1,Monoamine oxidases,CHEMBL2993,0
CHEMBL3098769,1,1,Other/unclassified,CHEMBL3091,0
CHEMBL3099016,1,1,Other/unclassified,CHEMBL4372,0
CHEMBL3109006,1,1,Kinases,CHEMBL1781862,0
CHEMBL311013,1,1,Other enzymes,CHEMBL1787,0
CHEMBL3112626,1,1,Cholinesterases,CHEMBL3198,0
CHEMBL3113390,1,1,Kinases,CHEMBL2842,0
CHEMBL3113640,1,1,Monoamine oxidases,CHEMBL1951,0
CHEMBL3113642,1,1,Monoamine oxidases,CHEMBL1951,0
CHEMBL3113643,1,1,Monoamine oxidases,CHEMBL1951,0
CHEMBL3113645,1,1,Monoamine oxidases,CHEMBL1951,0
CHEMBL3113646,1,1,Monoamine oxidases,CHEMBL1951,0
CHEMBL3115509,1,1,Other enzymes,CHEMBL2916,0
CHEMBL3115513,1,1,Other enzymes,CHEMBL2916,0
CHEMBL3115514,1,1,Other enzymes,CHEMBL2916,0
CHEMBL3115516,1,1,Other enzymes,CHEMBL2916,0
CHEMBL3116093,1,1,Other enzymes,CHEMBL3564,0
CHEMBL3116094,1,1,Other enzymes,CHEMBL3564,0
CHEMBL3116209,1,1,Cholinesterases,CHEMBL3198,0
CHEMBL3116210,1,1,Cholinesterases,CHEMBL3198,0
CHEMBL3116211,1,1,Cholinesterases,CHEMBL3198,0
CHEMBL3116213,1,1,Cholinesterases,CHEMBL3198,0
CHEMBL3116214,1,1,Cholinesterases,CHEMBL3198,0
CHEMBL3116217,1,1,Cholinesterases,CHEMBL3198,0
CHEMBL311624,1,1,Other enzymes,CHEMBL1787,0
CHEMBL3120181,1,1,Monoamine oxidases,CHEMBL2039,0
CHEMBL3120684,1,1,G protein-coupled receptors,CHEMBL273,0
CHEMBL3121777,1,1,Monoamine oxidases,CHEMBL2039,0
CHEMBL3121780,1,1,Monoamine oxidases,CHEMBL2039,0
CHEMBL3121785,1,1,Monoamine oxidases,CHEMBL2039,0
CHEMBL3121786,1,1,Monoamine oxidases,CHEMBL2039,0
CHEMBL3121789,1,1,Monoamine oxidases,CHEMBL2039,0
CHEMBL3121792,1,1,Monoamine oxidases,CHEMBL2039,0
CHEMBL3121794,1,1,Monoamine oxidases,CHEMBL2039,0
CHEMBL3121796,1,1,Monoamine oxidases,CHEMBL2039,0
CHEMBL3121864,1,1,Monoamine oxidases,CHEMBL2039,0
CHEMBL312466,1,1,Other enzymes,CHEMBL1787,0
CHEMBL313167,1,1,Proteases,CHEMBL243,0
CHEMBL313331,1,1,Proteases,CHEMBL243,0
CHEMBL3133841,1,1,Other enzymes,CHEMBL6136,0
CHEMBL3133842,1,1,Other enzymes,CHEMBL6136,0
CHEMBL3133843,1,1,Other enzymes,CHEMBL6136,0
CHEMBL3133846,1,1,Other enzymes,CHEMBL6136,0
CHEMBL3133848,1,1,Other enzymes,CHEMBL6136,0
CHEMBL3133849,1,1,Other enzymes,CHEMBL6136,0
CHEMBL3133850,1,1,Other enzymes,CHEMBL6136,0
CHEMBL3133851,1,1,Other enzymes,CHEMBL6136,0
CHEMBL3139072,1,1,Monoamine oxidases,CHEMBL2993,0
CHEMBL3139148,1,1,Monoamine oxidases,CHEMBL2993,0
CHEMBL3139169,1,1,Monoamine oxidases,CHEMBL2993,0
CHEMBL3143301,1,1,Proteases,CHEMBL3974,0
CHEMBL315189,1,1,Proteases,CHEMBL243,0
CHEMBL316148,1,1,Proteases,CHEMBL3314,0
CHEMBL317599,1,1,Carbonic anhydrases,CHEMBL3594,0
CHEMBL3189581,1,1,Other/unclassified,CHEMBL1741163,0
CHEMBL3190775,1,1,Kinases,CHEMBL1293228,0
CHEMBL3193979,1,1,Other enzymes,CHEMBL1741189,0
CHEMBL3194001,1,1,Proteases,CHEMBL1795093,0
CHEMBL3196338,1,1,Proteases,CHEMBL5939,0
CHEMBL32097,1,1,G protein-coupled receptors,CHEMBL3943,0
CHEMBL3220510,1,1,Cholinesterases,CHEMBL220,0
CHEMBL3220511,1,1,Monoamine oxidases,CHEMBL2039,0
CHEMBL3220512,1,1,Monoamine oxidases,CHEMBL2039,0
CHEMBL322966,1,1,Proteases,CHEMBL4801,0
CHEMBL3235990,1,1,Other enzymes,CHEMBL288,0
CHEMBL3235991,1,1,Other enzymes,CHEMBL288,0
CHEMBL3235992,1,1,Other enzymes,CHEMBL288,0
CHEMBL3235993,1,1,Other enzymes,CHEMBL288,0
CHEMBL3235994,1,1,Other enzymes,CHEMBL288,0
CHEMBL3235995,1,1,Other enzymes,CHEMBL288,0
CHEMBL3235996,1,1,Other enzymes,CHEMBL288,0
CHEMBL3235997,1,1,Other enzymes,CHEMBL288,0
CHEMBL3235998,1,1,Other enzymes,CHEMBL288,0
CHEMBL3235999,1,1,Other enzymes,CHEMBL288,0
CHEMBL3236000,1,1,Other enzymes,CHEMBL288,0
CHEMBL3237500,1,1,Carbonic anhydrases,CHEMBL2283,0
CHEMBL3237501,1,1,Carbonic anhydrases,CHEMBL2283,0
CHEMBL3259963,1,1,G protein-coupled receptors,CHEMBL4153,0
CHEMBL3261198,1,1,Monoamine oxidases,CHEMBL2039,0
CHEMBL3261199,1,1,Monoamine oxidases,CHEMBL2039,0
CHEMBL3261201,1,1,Monoamine oxidases,CHEMBL2039,0
CHEMBL3261202,1,1,Monoamine oxidases,CHEMBL2039,0
CHEMBL3261203,1,1,Monoamine oxidases,CHEMBL2039,0
CHEMBL3261204,1,1,Monoamine oxidases,CHEMBL2039,0
CHEMBL3261206,1,1,Monoamine oxidases,CHEMBL2039,0
CHEMBL3261207,1,1,Monoamine oxidases,CHEMBL2039,0
CHEMBL3261208,1,1,Monoamine oxidases,CHEMBL2039,0
CHEMBL3261209,1,1,Monoamine oxidases,CHEMBL2039,0
CHEMBL3261210,1,1,Monoamine oxidases,CHEMBL2039,0
CHEMBL3264675,1,1,Other enzymes,CHEMBL1978,0
CHEMBL3264724,1,1,Other enzymes,CHEMBL2074,0
CHEMBL3264725,1,1,Other enzymes,CHEMBL2074,0
CHEMBL3264727,1,1,Other enzymes,CHEMBL2074,0
CHEMBL3264729,1,1,Other enzymes,CHEMBL2074,0
CHEMBL3264730,1,1,Other enzymes,CHEMBL2074,0
CHEMBL3264731,1,1,Other enzymes,CHEMBL2074,0
CHEMBL326485,1,1,Monoamine oxidases,CHEMBL2039,0
CHEMBL3265261,1,1,Kinases,CHEMBL1163101,0
CHEMBL3265264,1,1,Kinases,CHEMBL1163101,0
CHEMBL3265265,1,1,Kinases,CHEMBL1163101,0
CHEMBL3265268,1,1,Kinases,CHEMBL1163101,0
CHEMBL3265269,1,1,Kinases,CHEMBL1163101,0
CHEMBL3265270,1,1,Kinases,CHEMBL1163101,0
CHEMBL3265271,1,1,Kinases,CHEMBL1163101,0
CHEMBL3265272,1,1,Kinases,CHEMBL1163101,0
CHEMBL3265273,1,1,Kinases,CHEMBL1163101,0
CHEMBL3265274,1,1,Kinases,CHEMBL1163101,0
CHEMBL3265277,1,1,Kinases,CHEMBL1163101,0
CHEMBL3265279,1,1,Kinases,CHEMBL1163101,0
CHEMBL3265280,1,1,Kinases,CHEMBL1163101,0
CHEMBL3265282,1,1,Kinases,CHEMBL1163101,0
CHEMBL3265283,1,1,Kinases,CHEMBL1163101,0
CHEMBL3265284,1,1,Kinases,CHEMBL1163101,0
CHEMBL3265285,1,1,Kinases,CHEMBL1163101,0
CHEMBL3265286,1,1,Kinases,CHEMBL1163101,0
CHEMBL3265287,1,1,Kinases,CHEMBL1163101,0
CHEMBL327912,1,1,Proteases,CHEMBL243,0
CHEMBL3286721,1,1,Cholinesterases,CHEMBL4078,0
CHEMBL3286722,1,1,Cholinesterases,CHEMBL4078,0
CHEMBL3286726,1,1,Cholinesterases,CHEMBL4078,0
CHEMBL3286727,1,1,Cholinesterases,CHEMBL4078,0
CHEMBL3286941,1,1,Cholinesterases,CHEMBL4078,0
CHEMBL3286944,1,1,Cholinesterases,CHEMBL4078,0
CHEMBL3286945,1,1,Cholinesterases,CHEMBL4078,0
CHEMBL3286947,1,1,Cholinesterases,CHEMBL4078,0
CHEMBL3286949,1,1,Cholinesterases,CHEMBL4078,0
CHEMBL32926,1,1,Other enzymes,CHEMBL3623,0
CHEMBL32953,1,1,G protein-coupled receptors,CHEMBL3943,0
CHEMBL3297793,1,1,Monoamine oxidases,CHEMBL2039,0
CHEMBL3297794,1,1,Monoamine oxidases,CHEMBL2039,0
CHEMBL3297795,1,1,Monoamine oxidases,CHEMBL2039,0
CHEMBL3297796,1,1,Monoamine oxidases,CHEMBL2039,0
CHEMBL3297870,1,1,Monoamine oxidases,CHEMBL2039,0
CHEMBL3298602,1,1,Monoamine oxidases,CHEMBL2039,0
CHEMBL330966,1,1,G protein-coupled receptors,CHEMBL219,0
CHEMBL3309834,1,1,Kinases,CHEMBL267,0
CHEMBL3309944,1,1,Cholinesterases,CHEMBL1914,0
CHEMBL331045,1,1,G protein-coupled receptors,CHEMBL219,0
CHEMBL3311526,1,1,Other/unclassified,CHEMBL4531,0
CHEMBL331618,1,1,Proteases,CHEMBL243,0
CHEMBL3319093,1,1,Nuclear receptors,CHEMBL2061,0
CHEMBL332001,1,1,G protein-coupled receptors,CHEMBL219,0
CHEMBL333057,1,1,G protein-coupled receptors,CHEMBL219,0
CHEMBL333095,1,1,Other/unclassified,CHEMBL3658,0
CHEMBL3331326,1,1,Other enzymes,CHEMBL4102,0
CHEMBL3331330,1,1,Other enzymes,CHEMBL4102,0
CHEMBL3331333,1,1,Other enzymes,CHEMBL4102,0
CHEMBL3331339,1,1,Other enzymes,CHEMBL4102,0
CHEMBL3334506,1,1,Cholinesterases,CHEMBL220,0
CHEMBL3335022,1,1,Cholinesterases,CHEMBL220,0
CHEMBL3335024,1,1,Cholinesterases,CHEMBL1914,0
CHEMBL3335025,1,1,Cholinesterases,CHEMBL220,0
CHEMBL3335026,1,1,Cholinesterases,CHEMBL220,0
CHEMBL3335027,1,1,Cholinesterases,CHEMBL220,0
CHEMBL3335028,1,1,Cholinesterases,CHEMBL220,0
CHEMBL3335030,1,1,Cholinesterases,CHEMBL220,0
CHEMBL3335032,1,1,Cholinesterases,CHEMBL220,0
CHEMBL3335046,1,1,Cholinesterases,CHEMBL220,0
CHEMBL3335047,1,1,Cholinesterases,CHEMBL220,0
CHEMBL3335051,1,1,Cholinesterases,CHEMBL220,0
CHEMBL3335058,1,1,Cholinesterases,CHEMBL220,0
CHEMBL3335059,1,1,Cholinesterases,CHEMBL220,0
CHEMBL3335061,1,1,Cholinesterases,CHEMBL220,0
CHEMBL3335065,1,1,Cholinesterases,CHEMBL220,0
CHEMBL3335067,1,1,Cholinesterases,CHEMBL220,0
CHEMBL3335070,1,1,Cholinesterases,CHEMBL220,0
CHEMBL3335071,1,1,Cholinesterases,CHEMBL220,0
CHEMBL3335072,1,1,Cholinesterases,CHEMBL220,0
CHEMBL333658,1,1,G protein-coupled receptors,CHEMBL219,0
CHEMBL333828,1,1,Proteases,CHEMBL243,0
CHEMBL333983,1,1,G protein-coupled receptors,CHEMBL219,0
CHEMBL334861,1,1,Other enzymes,CHEMBL247,0
CHEMBL334946,1,1,Other enzymes,CHEMBL247,0
CHEMBL3350092,1,1,Other enzymes,CHEMBL2179,0
CHEMBL3356686,1,1,Other enzymes,CHEMBL1641359,0
CHEMBL3356687,1,1,Other enzymes,CHEMBL1641359,0
CHEMBL3356690,1,1,Other enzymes,CHEMBL1641359,0
CHEMBL3356691,1,1,Other enzymes,CHEMBL1641359,0
CHEMBL3356692,1,1,Other enzymes,CHEMBL1641359,0
CHEMBL335955,1,1,Other enzymes,CHEMBL247,0
CHEMBL3359945,1,1,Monoamine oxidases,CHEMBL2993,0
CHEMBL3359946,1,1,Monoamine oxidases,CHEMBL2993,0
CHEMBL3359947,1,1,Monoamine oxidases,CHEMBL2993,0
CHEMBL3359949,1,1,Monoamine oxidases,CHEMBL2993,0
CHEMBL3360622,1,1,Other enzymes,CHEMBL6145,0
CHEMBL3360625,1,1,Other enzymes,CHEMBL6145,0
CHEMBL3360626,1,1,Other enzymes,CHEMBL6145,0
CHEMBL3360627,1,1,Other enzymes,CHEMBL6145,0
CHEMBL3360629,1,1,Other enzymes,CHEMBL6145,0
CHEMBL3360630,1,1,Other enzymes,CHEMBL6145,0
CHEMBL3360631,1,1,Other enzymes,CHEMBL6145,0
CHEMBL3360632,1,1,Other enzymes,CHEMBL6145,0
CHEMBL3360633,1,1,Other enzymes,CHEMBL6145,0
CHEMBL3360634,1,1,Other enzymes,CHEMBL6145,0
CHEMBL3360636,1,1,Other enzymes,CHEMBL6145,0
CHEMBL3360638,1,1,Other enzymes,CHEMBL6145,0
CHEMBL3360639,1,1,Other enzymes,CHEMBL6145,0
CHEMBL3360730,1,1,Monoamine oxidases,CHEMBL2039,0
CHEMBL3360731,1,1,Monoamine oxidases,CHEMBL2039,0
CHEMBL3360733,1,1,Monoamine oxidases,CHEMBL2039,0
CHEMBL3360734,1,1,Monoamine oxidases,CHEMBL2039,0
CHEMBL3360735,1,1,Monoamine oxidases,CHEMBL2039,0
CHEMBL336955,1,1,Other enzymes,CHEMBL247,0
CHEMBL337005,1,1,Proteases,CHEMBL204,0
CHEMBL337029,1,1,Other enzymes,CHEMBL247,0
CHEMBL3394526,1,1,Monoamine oxidases,CHEMBL2039,0
CHEMBL3394527,1,1,Monoamine oxidases,CHEMBL2039,0
CHEMBL3394528,1,1,Monoamine oxidases,CHEMBL2039,0
CHEMBL3394529,1,1,Monoamine oxidases,CHEMBL2039,0
CHEMBL3394530,1,1,Monoamine oxidases,CHEMBL2039,0
CHEMBL3394531,1,1,Monoamine oxidases,CHEMBL2039,0
CHEMBL3394532,1,1,Monoamine oxidases,CHEMBL2039,0
CHEMBL3394533,1,1,Monoamine oxidases,CHEMBL2039,0
CHEMBL3394534,1,1,Monoamine oxidases,CHEMBL2039,0
CHEMBL3394535,1,1,Monoamine oxidases,CHEMBL2039,0
CHEMBL3394536,1,1,Monoamine oxidases,CHEMBL2039,0
CHEMBL3394537,1,1,Monoamine oxidases,CHEMBL2039,0
CHEMBL3394541,1,1,Monoamine oxidases,CHEMBL2039,0
CHEMBL3394542,1,1,Monoamine oxidases,CHEMBL2039,0
CHEMBL3394543,1,1,Monoamine oxidases,CHEMBL2039,0
CHEMBL3394544,1,1,Monoamine oxidases,CHEMBL2039,0
CHEMBL3400285,1,1,Kinases,CHEMBL3587,0
CHEMBL3400286,1,1,Kinases,CHEMBL3587,0
CHEMBL3400287,1,1,Kinases,CHEMBL3587,0
CHEMBL3402993,1,1,Kinases,CHEMBL3587,0
CHEMBL3402994,1,1,Kinases,CHEMBL3587,0
CHEMBL3403688,1,1,Nuclear receptors,CHEMBL4093,0
CHEMBL3403689,1,1,Nuclear receptors,CHEMBL4093,0
CHEMBL3403695,1,1,Nuclear receptors,CHEMBL4093,0
CHEMBL3403696,1,1,Nuclear receptors,CHEMBL4093,0
CHEMBL3403699,1,1,Nuclear receptors,CHEMBL4093,0
CHEMBL3403701,1,1,Nuclear receptors,CHEMBL4093,0
CHEMBL3403704,1,1,Nuclear receptors,CHEMBL4093,0
CHEMBL3403707,1,1,Nuclear receptors,CHEMBL4093,0
CHEMBL3403709,1,1,Nuclear receptors,CHEMBL4093,0
CHEMBL3403710,1,1,Nuclear receptors,CHEMBL4093,0
CHEMBL3403711,1,1,Nuclear receptors,CHEMBL4093,0
CHEMBL3403712,1,1,Nuclear receptors,CHEMBL4093,0
CHEMBL340669,1,1,G protein-coupled receptors,CHEMBL219,0
CHEMBL3410695,1,1,G protein-coupled receptors,CHEMBL253,0
CHEMBL3410696,1,1,G protein-coupled receptors,CHEMBL253,0
CHEMBL3410701,1,1,G protein-coupled receptors,CHEMBL253,0
CHEMBL3410705,1,1,G protein-coupled receptors,CHEMBL253,0
CHEMBL3410708,1,1,G protein-coupled receptors,CHEMBL253,0
CHEMBL3410709,1,1,G protein-coupled receptors,CHEMBL253,0
CHEMBL3410710,1,1,G protein-coupled receptors,CHEMBL253,0
CHEMBL3410715,1,1,G protein-coupled receptors,CHEMBL253,0
CHEMBL3410716,1,1,G protein-coupled receptors,CHEMBL253,0
CHEMBL3410718,1,1,G protein-coupled receptors,CHEMBL253,0
CHEMBL3410721,1,1,G protein-coupled receptors,CHEMBL253,0
CHEMBL3410722,1,1,G protein-coupled receptors,CHEMBL253,0
CHEMBL3410723,1,1,G protein-coupled receptors,CHEMBL253,0
CHEMBL3410724,1,1,G protein-coupled receptors,CHEMBL253,0
CHEMBL3410725,1,1,G protein-coupled receptors,CHEMBL253,0
CHEMBL3410726,1,1,G protein-coupled receptors,CHEMBL253,0
CHEMBL3410727,1,1,G protein-coupled receptors,CHEMBL253,0
CHEMBL3410728,1,1,G protein-coupled receptors,CHEMBL253,0
CHEMBL3410729,1,1,G protein-coupled receptors,CHEMBL253,0
CHEMBL341394,1,1,Other enzymes,CHEMBL247,0
CHEMBL3425530,1,1,Nuclear receptors,CHEMBL206,0
CHEMBL3427385,1,1,Nuclear receptors,CHEMBL206,0
CHEMBL3427386,1,1,Nuclear receptors,CHEMBL206,0
CHEMBL3427387,1,1,Nuclear receptors,CHEMBL206,0
CHEMBL3427388,1,1,Nuclear receptors,CHEMBL206,0
CHEMBL3427389,1,1,Nuclear receptors,CHEMBL206,0
CHEMBL3427390,1,1,Nuclear receptors,CHEMBL206,0
CHEMBL3427391,1,1,Nuclear receptors,CHEMBL206,0
CHEMBL3427392,1,1,Nuclear receptors,CHEMBL206,0
CHEMBL3427393,1,1,Nuclear receptors,CHEMBL206,0
CHEMBL3427394,1,1,Nuclear receptors,CHEMBL206,0
CHEMBL3427395,1,1,Nuclear receptors,CHEMBL206,0
CHEMBL3427396,1,1,Nuclear receptors,CHEMBL206,0
CHEMBL3427397,1,1,Nuclear receptors,CHEMBL206,0
CHEMBL3427398,1,1,Nuclear receptors,CHEMBL206,0
CHEMBL3427399,1,1,Nuclear receptors,CHEMBL206,0
CHEMBL3427400,1,1,Nuclear receptors,CHEMBL206,0
CHEMBL3427401,1,1,Nuclear receptors,CHEMBL206,0
CHEMBL3427402,1,1,Nuclear receptors,CHEMBL206,0
CHEMBL3427403,1,1,Nuclear receptors,CHEMBL206,0
CHEMBL3427404,1,1,Nuclear receptors,CHEMBL206,0
CHEMBL3427405,1,1,Nuclear receptors,CHEMBL206,0
CHEMBL3427406,1,1,Nuclear receptors,CHEMBL206,0
CHEMBL3427407,1,1,Nuclear receptors,CHEMBL206,0
CHEMBL3427408,1,1,Nuclear receptors,CHEMBL206,0
CHEMBL3427409,1,1,Nuclear receptors,CHEMBL206,0
CHEMBL3427410,1,1,Nuclear receptors,CHEMBL206,0
CHEMBL3427411,1,1,Nuclear receptors,CHEMBL206,0
CHEMBL3427412,1,1,Nuclear receptors,CHEMBL206,0
CHEMBL3427413,1,1,Nuclear receptors,CHEMBL206,0
CHEMBL3427414,1,1,Nuclear receptors,CHEMBL206,0
CHEMBL3427415,1,1,Nuclear receptors,CHEMBL206,0
CHEMBL3427500,1,1,Nuclear receptors,CHEMBL206,0
CHEMBL3427501,1,1,Nuclear receptors,CHEMBL206,0
CHEMBL3427502,1,1,Nuclear receptors,CHEMBL206,0
CHEMBL344277,1,1,Monoamine oxidases,CHEMBL3358,0
CHEMBL349179,1,1,Other/unclassified,CHEMBL4361,0
CHEMBL352395,1,1,Cytochrome P450s,CHEMBL3397,0
CHEMBL35376,1,1,G protein-coupled receptors,CHEMBL3943,0
CHEMBL3545712,1,1,Cholinesterases,CHEMBL220,0
CHEMBL3545714,1,1,Cholinesterases,CHEMBL1914,0
CHEMBL355539,1,1,Cytochrome P450s,CHEMBL289,0
CHEMBL3577084,1,1,Ion channels and transporters,CHEMBL1628468,0
CHEMBL3577296,1,1,Ion channels and transporters,CHEMBL1628477,0
CHEMBL358206,1,1,Other/unclassified,CHEMBL2085,0
CHEMBL3582268,1,1,G protein-coupled receptors,CHEMBL229,0
CHEMBL3582269,1,1,G protein-coupled receptors,CHEMBL229,0
CHEMBL3585376,1,1,Other enzymes,CHEMBL5131,0
CHEMBL358640,1,1,Other/unclassified,CHEMBL2085,0
CHEMBL3586607,1,1,Monoamine oxidases,CHEMBL2993,0
CHEMBL3589964,1,1,Other enzymes,CHEMBL1978,0
CHEMBL3589965,1,1,Other enzymes,CHEMBL1978,0
CHEMBL3589966,1,1,Other enzymes,CHEMBL1978,0
CHEMBL3596578,1,1,Ion channels and transporters,CHEMBL4302,0
CHEMBL3596579,1,1,Ion channels and transporters,CHEMBL4302,0
CHEMBL3596581,1,1,Ion channels and transporters,CHEMBL4302,0
CHEMBL360708,1,1,Nuclear receptors,CHEMBL3072,0
CHEMBL3612302,1,1,Other enzymes,CHEMBL3559,0
CHEMBL3612303,1,1,Other enzymes,CHEMBL3559,0
CHEMBL3612304,1,1,Other enzymes,CHEMBL3559,0
CHEMBL3612305,1,1,Other enzymes,CHEMBL3559,0
CHEMBL3612306,1,1,Other enzymes,CHEMBL3559,0
CHEMBL3612307,1,1,Other enzymes,CHEMBL3559,0
CHEMBL3612308,1,1,Other enzymes,CHEMBL3559,0
CHEMBL3612348,1,1,Other enzymes,CHEMBL3559,0
CHEMBL3612349,1,1,Other enzymes,CHEMBL3559,0
CHEMBL3612350,1,1,Other enzymes,CHEMBL3559,0
CHEMBL3612352,1,1,Other enzymes,CHEMBL3559,0
CHEMBL3612749,1,1,Kinases,CHEMBL267,0
CHEMBL3612750,1,1,Kinases,CHEMBL267,0
CHEMBL3612751,1,1,Kinases,CHEMBL267,0
CHEMBL361588,1,1,Kinases,CHEMBL3142,0
CHEMBL3622008,1,1,Other enzymes,CHEMBL3559,0
CHEMBL3622009,1,1,Other enzymes,CHEMBL3559,0
CHEMBL3622010,1,1,Other enzymes,CHEMBL3559,0
CHEMBL3622011,1,1,Other enzymes,CHEMBL3559,0
CHEMBL3622012,1,1,Other enzymes,CHEMBL3559,0
CHEMBL3622013,1,1,Other enzymes,CHEMBL3559,0
CHEMBL3622014,1,1,Other enzymes,CHEMBL3559,0
CHEMBL3622015,1,1,Other enzymes,CHEMBL3559,0
CHEMBL3622016,1,1,Other enzymes,CHEMBL3559,0
CHEMBL3622017,1,1,Cytochrome P450s,CHEMBL3356,0
CHEMBL3629467,1,1,Monoamine oxidases,CHEMBL2039,0
CHEMBL3629468,1,1,Monoamine oxidases,CHEMBL2039,0
CHEMBL3629470,1,1,Monoamine oxidases,CHEMBL2039,0
CHEMBL3629471,1,1,Monoamine oxidases,CHEMBL2039,0
CHEMBL3629475,1,1,Monoamine oxidases,CHEMBL2039,0
CHEMBL3629808,1,1,Monoamine oxidases,CHEMBL1951,0
CHEMBL3629809,1,1,Monoamine oxidases,CHEMBL1951,0
CHEMBL3629814,1,1,Monoamine oxidases,CHEMBL1951,0
CHEMBL363139,1,1,G protein-coupled receptors,CHEMBL344,0
CHEMBL363583,1,1,G protein-coupled receptors,CHEMBL344,0
CHEMBL363624,1,1,Other enzymes,CHEMBL247,0
CHEMBL364885,1,1,Other enzymes,CHEMBL4586,0
CHEMBL36506,1,1,Other enzymes,CHEMBL1826,0
CHEMBL36517,1,1,G protein-coupled receptors,CHEMBL3943,0
CHEMBL367155,1,1,Nuclear receptors,CHEMBL3072,0
CHEMBL367262,1,1,Kinases,CHEMBL3142,0
CHEMBL367931,1,1,Other enzymes,CHEMBL3569,0
CHEMBL369126,1,1,Proteases,CHEMBL243,0
CHEMBL369452,1,1,Kinases,CHEMBL3142,0
CHEMBL3695458,1,1,Kinases,CHEMBL1075189,0
CHEMBL370608,1,1,G protein-coupled receptors,CHEMBL344,0
CHEMBL3706904,1,1,Nuclear receptors,CHEMBL1871,0
CHEMBL3706905,1,1,Nuclear receptors,CHEMBL1871,0
CHEMBL3716221,1,1,Ion channels and transporters,CHEMBL3714706,0
CHEMBL372346,1,1,Monoamine oxidases,CHEMBL1951,0
CHEMBL372919,1,1,G protein-coupled receptors,CHEMBL344,0
CHEMBL373100,1,1,Proteases,CHEMBL2334,0
CHEMBL3734905,1,1,Monoamine oxidases,CHEMBL2039,0
CHEMBL3734992,1,1,Monoamine oxidases,CHEMBL2039,0
CHEMBL3735242,1,1,Monoamine oxidases,CHEMBL2039,0
CHEMBL3735254,1,1,Monoamine oxidases,CHEMBL2039,0
CHEMBL3735572,1,1,Monoamine oxidases,CHEMBL2039,0
CHEMBL3735625,1,1,Monoamine oxidases,CHEMBL2039,0
CHEMBL3735711,1,1,Monoamine oxidases,CHEMBL2039,0
CHEMBL3735743,1,1,Monoamine oxidases,CHEMBL2039,0
CHEMBL3735983,1,1,Monoamine oxidases,CHEMBL2039,0
CHEMBL3736142,1,1,Monoamine oxidases,CHEMBL2039,0
CHEMBL3736303,1,1,Monoamine oxidases,CHEMBL2039,0
CHEMBL3736482,1,1,Monoamine oxidases,CHEMBL2039,0
CHEMBL3739579,1,1,Cytochrome P450s,CHEMBL5282,0
CHEMBL3739596,1,1,Cytochrome P450s,CHEMBL5282,0
CHEMBL3739672,1,1,Cytochrome P450s,CHEMBL5282,0
CHEMBL3739747,1,1,Other/unclassified,CHEMBL2085,0
CHEMBL3740335,1,1,Cytochrome P450s,CHEMBL5282,0
CHEMBL3740529,1,1,Cytochrome P450s,CHEMBL5282,0
CHEMBL3740695,1,1,Cytochrome P450s,CHEMBL5282,0
CHEMBL3740860,1,1,Cytochrome P450s,CHEMBL5282,0
CHEMBL3740871,1,1,Cytochrome P450s,CHEMBL5282,0
CHEMBL3740883,1,1,Cytochrome P450s,CHEMBL5282,0
CHEMBL3740902,1,1,Cytochrome P450s,CHEMBL5282,0
CHEMBL3741757,1,1,Cytochrome P450s,CHEMBL5282,0
CHEMBL3741819,1,1,Cytochrome P450s,CHEMBL5282,0
CHEMBL3742224,1,1,Cytochrome P450s,CHEMBL5282,0
CHEMBL3742302,1,1,Cytochrome P450s,CHEMBL5282,0
CHEMBL3742383,1,1,Cytochrome P450s,CHEMBL5282,0
CHEMBL3745757,1,1,Cholinesterases,CHEMBL4078,0
CHEMBL3746327,1,1,Cholinesterases,CHEMBL4078,0
CHEMBL3746509,1,1,Cholinesterases,CHEMBL4078,0
CHEMBL3746565,1,1,Cholinesterases,CHEMBL4078,0
CHEMBL3746815,1,1,Cholinesterases,CHEMBL4078,0
CHEMBL3746856,1,1,Cholinesterases,CHEMBL4078,0
CHEMBL3746981,1,1,Cholinesterases,CHEMBL4078,0
CHEMBL3747027,1,1,Cholinesterases,CHEMBL4078,0
CHEMBL3747030,1,1,Cholinesterases,CHEMBL4078,0
CHEMBL3747234,1,1,Cholinesterases,CHEMBL4078,0
CHEMBL3747348,1,1,Cholinesterases,CHEMBL4078,0
CHEMBL3747774,1,1,Cholinesterases,CHEMBL4078,0
CHEMBL375046,1,1,Other enzymes,CHEMBL1978,0
CHEMBL375497,1,1,Other enzymes,CHEMBL1978,0
CHEMBL3758686,1,1,Other enzymes,CHEMBL3167,0
CHEMBL3759162,1,1,Other enzymes,CHEMBL3167,0
CHEMBL3759178,1,1,Other enzymes,CHEMBL3167,0
CHEMBL3759775,1,1,Other enzymes,CHEMBL3167,0
CHEMBL3760002,1,1,Other enzymes,CHEMBL3167,0
CHEMBL3763449,1,1,Proteases,CHEMBL2821,0
CHEMBL3763678,1,1,Proteases,CHEMBL2821,0
CHEMBL3763881,1,1,Proteases,CHEMBL2821,0
CHEMBL3764790,1,1,Proteases,CHEMBL2821,0
CHEMBL3765536,1,1,Proteases,CHEMBL2821,0
CHEMBL377094,1,1,Other enzymes,CHEMBL215,0
CHEMBL377318,1,1,Monoamine oxidases,CHEMBL2993,0
CHEMBL3775682,1,1,Other enzymes,CHEMBL6175,0
CHEMBL377821,1,1,Other enzymes,CHEMBL215,0
CHEMBL3785101,1,1,Other enzymes,CHEMBL2916,0
CHEMBL3785112,1,1,Other enzymes,CHEMBL2916,0
CHEMBL3785474,1,1,Other enzymes,CHEMBL2916,0
CHEMBL3785699,1,1,Other enzymes,CHEMBL2916,0
CHEMBL3785907,1,1,Other enzymes,CHEMBL2916,0
CHEMBL3785926,1,1,Nuclear receptors,CHEMBL1871,0
CHEMBL3785970,1,1,Other enzymes,CHEMBL2916,0
CHEMBL3786111,1,1,Other enzymes,CHEMBL2916,0
CHEMBL3786130,1,1,Other enzymes,CHEMBL2916,0
CHEMBL3786231,1,1,Other enzymes,CHEMBL2916,0
CHEMBL3786236,1,1,Other enzymes,CHEMBL2916,0
CHEMBL3786296,1,1,Other enzymes,CHEMBL2916,0
CHEMBL3786403,1,1,Other enzymes,CHEMBL2916,0
CHEMBL3786636,1,1,Other enzymes,CHEMBL2916,0
CHEMBL3786734,1,1,Other enzymes,CHEMBL2916,0
CHEMBL3786821,1,1,Other enzymes,CHEMBL2916,0
CHEMBL3787157,1,1,Other enzymes,CHEMBL2916,0
CHEMBL3787196,1,1,Other enzymes,CHEMBL2916,0
CHEMBL3787387,1,1,Nuclear receptors,CHEMBL1871,0
CHEMBL3787509,1,1,Other enzymes,CHEMBL2916,0
CHEMBL3787517,1,1,Nuclear receptors,CHEMBL1871,0
CHEMBL379100,1,1,Proteases,CHEMBL4822,0
CHEMBL3797837,1,1,Other/unclassified,CHEMBL3797020,0
CHEMBL3804918,1,1,Ion channels and transporters,CHEMBL240,0
CHEMBL3813974,1,1,Other/unclassified,CHEMBL4361,0
CHEMBL3814334,1,1,Ion channels and transporters,CHEMBL2073709,0
CHEMBL3814638,1,1,Ion channels and transporters,CHEMBL2073709,0
CHEMBL3814726,1,1,Ion channels and transporters,CHEMBL2073709,0
CHEMBL3815018,1,1,Ion channels and transporters,CHEMBL2073709,0
CHEMBL381617,1,1,Proteases,CHEMBL4822,0
CHEMBL381622,1,1,Nuclear receptors,CHEMBL242,0
CHEMBL3818036,1,1,Other/unclassified,CHEMBL3712907,0
CHEMBL3818079,1,1,Other enzymes,CHEMBL3559,0
CHEMBL3818226,1,1,Other enzymes,CHEMBL3559,0
CHEMBL3818315,1,1,Other enzymes,CHEMBL3559,0
CHEMBL3818426,1,1,Other/unclassified,CHEMBL3712907,0
CHEMBL3818455,1,1,Other enzymes,CHEMBL3559,0
CHEMBL3818539,1,1,Other enzymes,CHEMBL3559,0
CHEMBL3818635,1,1,Other/unclassified,CHEMBL3712907,0
CHEMBL3818720,1,1,Other enzymes,CHEMBL1978,0
CHEMBL381919,1,1,Proteases,CHEMBL4822,0
CHEMBL3819198,1,1,Other enzymes,CHEMBL3559,0
CHEMBL3819219,1,1,Other enzymes,CHEMBL3559,0
CHEMBL3819591,1,1,Other enzymes,CHEMBL3559,0
CHEMBL3822753,1,1,Other enzymes,CHEMBL230,0
CHEMBL3823187,1,1,Other enzymes,CHEMBL230,0
CHEMBL3823208,1,1,Other enzymes,CHEMBL230,0
CHEMBL3823420,1,1,Other enzymes,CHEMBL230,0
CHEMBL3823689,1,1,Other enzymes,CHEMBL230,0
CHEMBL3823814,1,1,Other enzymes,CHEMBL230,0
CHEMBL3824003,1,1,Other enzymes,CHEMBL230,0
CHEMBL382645,1,1,Monoamine oxidases,CHEMBL1951,0
CHEMBL3826998,1,1,Other enzymes,CHEMBL3229,0
CHEMBL383592,1,1,Other enzymes,CHEMBL247,0
CHEMBL387892,1,1,Other enzymes,CHEMBL1978,0
CHEMBL388604,1,1,Other enzymes,CHEMBL1978,0
CHEMBL3891045,1,1,Nuclear receptors,CHEMBL208,0
CHEMBL3893493,1,1,Ion channels and transporters,CHEMBL4633,0
CHEMBL3894599,1,1,Nuclear receptors,CHEMBL208,0
CHEMBL3896376,1,1,Kinases,CHEMBL5145,0
CHEMBL3896718,1,1,Kinases,CHEMBL5145,0
CHEMBL3900643,1,1,Ion channels and transporters,CHEMBL2073709,0
CHEMBL3901171,1,1,Other enzymes,CHEMBL3114,0
CHEMBL390152,1,1,Other enzymes,CHEMBL1978,0
CHEMBL3903073,1,1,Nuclear receptors,CHEMBL208,0
CHEMBL3904764,1,1,Other enzymes,CHEMBL1075138,0
CHEMBL3905250,1,1,Cholinesterases,CHEMBL4078,0
CHEMBL3905661,1,1,Kinases,CHEMBL5145,0
CHEMBL3909527,1,1,Other enzymes,CHEMBL1075138,0
CHEMBL3912096,1,1,Cholinesterases,CHEMBL4078,0
CHEMBL391213,1,1,Other enzymes,CHEMBL3623,0
CHEMBL3914106,1,1,Other enzymes,CHEMBL1978,0
CHEMBL3915683,1,1,Ion channels and transporters,CHEMBL4633,0
CHEMBL3916179,1,1,Ion channels and transporters,CHEMBL4633,0
CHEMBL3918464,1,1,Other enzymes,CHEMBL1075138,0
CHEMBL3918835,1,1,Nuclear receptors,CHEMBL208,0
CHEMBL3919394,1,1,Ion channels and transporters,CHEMBL4633,0
CHEMBL3920525,1,1,Nuclear receptors,CHEMBL208,0
CHEMBL3921055,1,1,Cholinesterases,CHEMBL4078,0
CHEMBL3923185,1,1,Other enzymes,CHEMBL3649,0
CHEMBL3924170,1,1,Other enzymes,CHEMBL1978,0
CHEMBL3924332,1,1,Nuclear receptors,CHEMBL208,0
CHEMBL392450,1,1,Proteases,CHEMBL243,0
CHEMBL3925166,1,1,Ion channels and transporters,CHEMBL2073709,0
CHEMBL3926174,1,1,Other enzymes,CHEMBL1978,0
CHEMBL3927354,1,1,Other enzymes,CHEMBL3988613,0
CHEMBL3927410,1,1,Other enzymes,CHEMBL1075138,0
CHEMBL3927761,1,1,Nuclear receptors,CHEMBL208,0
CHEMBL3927855,1,1,Ion channels and transporters,CHEMBL4633,0
CHEMBL3928231,1,1,Nuclear receptors,CHEMBL208,0
CHEMBL3928452,1,1,Other enzymes,CHEMBL1075138,0
CHEMBL3929427,1,1,Nuclear receptors,CHEMBL208,0
CHEMBL3929764,1,1,Proteases,CHEMBL284,0
CHEMBL3929967,1,1,Cholinesterases,CHEMBL4078,0
CHEMBL3931242,1,1,Other enzymes,CHEMBL1075138,0
CHEMBL3931501,1,1,Ion channels and transporters,CHEMBL4633,0
CHEMBL3936738,1,1,Nuclear receptors,CHEMBL208,0
CHEMBL3937217,1,1,Nuclear receptors,CHEMBL208,0
CHEMBL3938469,1,1,Nuclear receptors,CHEMBL208,0
CHEMBL3939561,1,1,Nuclear receptors,CHEMBL208,0
CHEMBL3939563,1,1,Other/unclassified,CHEMBL3307224,0
CHEMBL3940050,1,1,Kinases,CHEMBL5145,0
CHEMBL3941042,1,1,Other enzymes,CHEMBL1978,0
CHEMBL3941249,1,1,Kinases,CHEMBL5145,0
CHEMBL3946113,1,1,Nuclear receptors,CHEMBL208,0
CHEMBL3946665,1,1,Nuclear receptors,CHEMBL208,0
CHEMBL3948192,1,1,Kinases,CHEMBL5145,0
CHEMBL3948334,1,1,Nuclear receptors,CHEMBL208,0
CHEMBL3952716,1,1,Proteases,CHEMBL284,0
CHEMBL3954803,1,1,Nuclear receptors,CHEMBL208,0
CHEMBL3955849,1,1,Nuclear receptors,CHEMBL208,0
CHEMBL3956846,1,1,Kinases,CHEMBL5145,0
CHEMBL3957000,1,1,Nuclear receptors,CHEMBL208,0
CHEMBL3957520,1,1,Cholinesterases,CHEMBL4078,0
CHEMBL3957654,1,1,Kinases,CHEMBL5145,0
CHEMBL3957916,1,1,Kinases,CHEMBL5145,0
CHEMBL3959541,1,1,Other enzymes,CHEMBL1978,0
CHEMBL3959577,1,1,Proteases,CHEMBL284,0
CHEMBL3959682,1,1,Other enzymes,CHEMBL4198,0
CHEMBL3960113,1,1,Nuclear receptors,CHEMBL208,0
CHEMBL3960590,1,1,Nuclear receptors,CHEMBL208,0
CHEMBL3962809,1,1,Ion channels and transporters,CHEMBL4633,0
CHEMBL3963020,1,1,Kinases,CHEMBL3268,0
CHEMBL3963507,1,1,Nuclear receptors,CHEMBL208,0
CHEMBL3965979,1,1,Nuclear receptors,CHEMBL208,0
CHEMBL3966515,1,1,Nuclear receptors,CHEMBL208,0
CHEMBL3966564,1,1,Other enzymes,CHEMBL1075138,0
CHEMBL3966957,1,1,Nuclear receptors,CHEMBL208,0
CHEMBL3967563,1,1,Ion channels and transporters,CHEMBL4633,0
CHEMBL3967878,1,1,Kinases,CHEMBL5145,0
CHEMBL3968204,1,1,Other enzymes,CHEMBL3114,0
CHEMBL3968332,1,1,Proteases,CHEMBL284,0
CHEMBL3970030,1,1,Other enzymes,CHEMBL4198,0
CHEMBL3970237,1,1,Ion channels and transporters,CHEMBL4633,0
CHEMBL3971196,1,1,Proteases,CHEMBL284,0
CHEMBL3972306,1,1,Other enzymes,CHEMBL3114,0
CHEMBL3972814,1,1,Ion channels and transporters,CHEMBL2073709,0
CHEMBL3974043,1,1,Nuclear receptors,CHEMBL208,0
CHEMBL3975017,1,1,Nuclear receptors,CHEMBL208,0
CHEMBL3975024,1,1,Ion channels and transporters,CHEMBL4633,0
CHEMBL3975442,1,1,Nuclear receptors,CHEMBL208,0
CHEMBL3975572,1,1,Nuclear receptors,CHEMBL208,0
CHEMBL3976407,1,1,Kinases,CHEMBL5145,0
CHEMBL3977424,1,1,Kinases,CHEMBL5145,0
CHEMBL3977856,1,1,Kinases,CHEMBL5145,0
CHEMBL397932,1,1,Other enzymes,CHEMBL1930,0
CHEMBL3980694,1,1,Other enzymes,CHEMBL1075138,0
CHEMBL3983437,1,1,Nuclear receptors,CHEMBL208,0
CHEMBL3984180,1,1,Other enzymes,CHEMBL1075138,0
CHEMBL401711,1,1,Nuclear receptors,CHEMBL1871,0
CHEMBL402030,1,1,Proteases,CHEMBL3706,0
CHEMBL402459,1,1,Other enzymes,CHEMBL4161,0
CHEMBL402991,1,1,Proteases,CHEMBL3706,0
CHEMBL403060,1,1,Other enzymes,CHEMBL247,0
CHEMBL403219,1,1,Nuclear receptors,CHEMBL1871,0
CHEMBL4059741,1,1,Other enzymes,CHEMBL5573,0
CHEMBL4060572,1,1,Other enzymes,CHEMBL4105870,0
CHEMBL4061169,1,1,Other enzymes,CHEMBL3559,0
CHEMBL4061479,1,1,Monoamine oxidases,CHEMBL2039,0
CHEMBL4061563,1,1,Other enzymes,CHEMBL1935,0
CHEMBL4061606,1,1,Other enzymes,CHEMBL4105870,0
CHEMBL4061635,1,1,Other enzymes,CHEMBL3649,0
CHEMBL4062286,1,1,Monoamine oxidases,CHEMBL2039,0
CHEMBL4062467,1,1,Nuclear receptors,CHEMBL242,0
CHEMBL4062531,1,1,G protein-coupled receptors,CHEMBL1293267,0
CHEMBL4062701,1,1,Other enzymes,CHEMBL3649,0
CHEMBL4063405,1,1,Carbonic anhydrases,CHEMBL3729,0
CHEMBL4063523,1,1,Kinases,CHEMBL2147,0
CHEMBL4064035,1,1,Other/unclassified,CHEMBL4531,0
CHEMBL4064323,1,1,Other enzymes,CHEMBL4550,0
CHEMBL4064565,1,1,Other enzymes,CHEMBL1806,0
CHEMBL4065291,1,1,G protein-coupled receptors,CHEMBL1293267,0
CHEMBL406555,1,1,Proteases,CHEMBL3563,0
CHEMBL4065593,1,1,Other enzymes,CHEMBL1806,0
CHEMBL4066109,1,1,G protein-coupled receptors,CHEMBL1293267,0
CHEMBL4066821,1,1,Other/unclassified,CHEMBL1250379,0
CHEMBL4067505,1,1,Other enzymes,CHEMBL3559,0
CHEMBL4067585,1,1,Other enzymes,CHEMBL3649,0
CHEMBL4068706,1,1,Kinases,CHEMBL2147,0
CHEMBL4069655,1,1,Other enzymes,CHEMBL325,0
CHEMBL4069839,1,1,Other enzymes,CHEMBL3559,0
CHEMBL4069985,1,1,Nuclear receptors,CHEMBL206,0
CHEMBL4070018,1,1,Other enzymes,CHEMBL4105870,0
CHEMBL4070271,1,1,Other enzymes,CHEMBL4105870,0
CHEMBL4070303,1,1,Other enzymes,CHEMBL3649,0
CHEMBL4070331,1,1,Other enzymes,CHEMBL1978,0
CHEMBL4071144,1,1,Other enzymes,CHEMBL1973,0
CHEMBL4071209,1,1,Other enzymes,CHEMBL3649,0
CHEMBL4072433,1,1,Other enzymes,CHEMBL3720,0
CHEMBL4072568,1,1,Other enzymes,CHEMBL3559,0
CHEMBL4072815,1,1,Other/unclassified,CHEMBL1163125,0
CHEMBL4072918,1,1,Other enzymes,CHEMBL4685,0
CHEMBL4073073,1,1,Other enzymes,CHEMBL3649,0
CHEMBL4073153,1,1,Other enzymes,CHEMBL5979,0
CHEMBL4073185,1,1,Other enzymes,CHEMBL5979,0
CHEMBL4073902,1,1,G protein-coupled receptors,CHEMBL1293267,0
CHEMBL4074046,1,1,Nuclear receptors,CHEMBL206,0
CHEMBL4074215,1,1,Other enzymes,CHEMBL1806,0
CHEMBL4074339,1,1,Monoamine oxidases,CHEMBL2039,0
CHEMBL4074899,1,1,Kinases,CHEMBL2147,0
CHEMBL4076698,1,1,Monoamine oxidases,CHEMBL2039,0
CHEMBL4077503,1,1,G protein-coupled receptors,CHEMBL1293267,0
CHEMBL4077815,1,1,Nuclear receptors,CHEMBL206,0
CHEMBL4078055,1,1,G protein-coupled receptors,CHEMBL1293267,0
CHEMBL4078308,1,1,Other enzymes,CHEMBL325,0
CHEMBL4078408,1,1,Other enzymes,CHEMBL3559,0
CHEMBL4078790,1,1,Other enzymes,CHEMBL1978,0
CHEMBL4078955,1,1,Other enzymes,CHEMBL5979,0
CHEMBL4078971,1,1,Other enzymes,CHEMBL1935,0
CHEMBL407904,1,1,Proteases,CHEMBL4822,0
CHEMBL4079364,1,1,Other enzymes,CHEMBL3559,0
CHEMBL4079516,1,1,Kinases,CHEMBL2147,0
CHEMBL4079816,1,1,G protein-coupled receptors,CHEMBL1293267,0
CHEMBL4079988,1,1,Other enzymes,CHEMBL4105870,0
CHEMBL4080474,1,1,Cholinesterases,CHEMBL4078,0
CHEMBL4080688,1,1,Other enzymes,CHEMBL4105870,0
CHEMBL4080704,1,1,Monoamine oxidases,CHEMBL2039,0
CHEMBL4080910,1,1,Other enzymes,CHEMBL4105870,0
CHEMBL4080965,1,1,Other enzymes,CHEMBL1978,0
CHEMBL4081238,1,1,G protein-coupled receptors,CHEMBL1293267,0
CHEMBL4081445,1,1,G protein-coupled receptors,CHEMBL1293267,0
CHEMBL4081886,1,1,Other enzymes,CHEMBL1935,0
CHEMBL4081898,1,1,Nuclear receptors,CHEMBL242,0
CHEMBL4082111,1,1,Other enzymes,CHEMBL3649,0
CHEMBL4082235,1,1,Other/unclassified,CHEMBL1163125,0
CHEMBL4082281,1,1,G protein-coupled receptors,CHEMBL1293267,0
CHEMBL4083045,1,1,Other enzymes,CHEMBL3559,0
CHEMBL4083422,1,1,Other enzymes,CHEMBL4105870,0
CHEMBL4084036,1,1,Other enzymes,CHEMBL3649,0
CHEMBL4084203,1,1,Other/unclassified,CHEMBL1163125,0
CHEMBL4084237,1,1,G protein-coupled receptors,CHEMBL1293267,0
CHEMBL4084384,1,1,Other enzymes,CHEMBL3649,0
CHEMBL4084514,1,1,Other enzymes,CHEMBL1806,0
CHEMBL4085211,1,1,G protein-coupled receptors,CHEMBL1293267,0
CHEMBL4085600,1,1,Other/unclassified,CHEMBL4531,0
CHEMBL4085935,1,1,G protein-coupled receptors,CHEMBL1293267,0
CHEMBL4086016,1,1,Other enzymes,CHEMBL3649,0
CHEMBL4086809,1,1,Other enzymes,CHEMBL5979,0
CHEMBL4086849,1,1,Cholinesterases,CHEMBL4078,0
CHEMBL4087024,1,1,Other enzymes,CHEMBL1806,0
CHEMBL4087245,1,1,Other enzymes,CHEMBL3559,0
CHEMBL4087376,1,1,Other enzymes,CHEMBL325,0
CHEMBL4087613,1,1,Other enzymes,CHEMBL1978,0
CHEMBL4088028,1,1,Other enzymes,CHEMBL5979,0
CHEMBL4088382,1,1,G protein-coupled receptors,CHEMBL1293267,0
CHEMBL4088636,1,1,Carbonic anhydrases,CHEMBL3729,0
CHEMBL4088796,1,1,Other enzymes,CHEMBL4105870,0
CHEMBL4088820,1,1,Other enzymes,CHEMBL3649,0
CHEMBL4089520,1,1,Monoamine oxidases,CHEMBL2039,0
CHEMBL4090150,1,1,Monoamine oxidases,CHEMBL2039,0
CHEMBL4090835,1,1,Other enzymes,CHEMBL3559,0
CHEMBL4091210,1,1,Other enzymes,CHEMBL4105870,0
CHEMBL4092206,1,1,Other enzymes,CHEMBL5983,0
CHEMBL4092257,1,1,Other enzymes,CHEMBL1806,0
CHEMBL4092954,1,1,G protein-coupled receptors,CHEMBL1293267,0
CHEMBL4093346,1,1,Other/unclassified,CHEMBL4531,0
CHEMBL4093683,1,1,G protein-coupled receptors,CHEMBL1293267,0
CHEMBL4093774,1,1,Other enzymes,CHEMBL3649,0
CHEMBL4093982,1,1,Monoamine oxidases,CHEMBL2039,0
CHEMBL409439,1,1,Other enzymes,CHEMBL4161,0
CHEMBL4094534,1,1,Other enzymes,CHEMBL5979,0
CHEMBL4094724,1,1,Other enzymes,CHEMBL1806,0
CHEMBL4094868,1,1,Carbonic anhydrases,CHEMBL3729,0
CHEMBL4094925,1,1,Other enzymes,CHEMBL3559,0
CHEMBL4096105,1,1,G protein-coupled receptors,CHEMBL1293267,0
CHEMBL4096323,1,1,G protein-coupled receptors,CHEMBL1293267,0
CHEMBL4096344,1,1,Other/unclassified,CHEMBL1163125,0
CHEMBL4097014,1,1,Monoamine oxidases,CHEMBL2039,0
CHEMBL4097212,1,1,Other enzymes,CHEMBL4105870,0
CHEMBL409739,1,1,Other enzymes,CHEMBL4161,0
CHEMBL4097394,1,1,Other enzymes,CHEMBL3559,0
CHEMBL409740,1,1,Other enzymes,CHEMBL4161,0
CHEMBL4098180,1,1,Other enzymes,CHEMBL5979,0
CHEMBL4098383,1,1,Other enzymes,CHEMBL3649,0
CHEMBL409884,1,1,Other enzymes,CHEMBL4161,0
CHEMBL4098946,1,1,Other enzymes,CHEMBL4105870,0
CHEMBL4098990,1,1,Other enzymes,CHEMBL1978,0
CHEMBL4099068,1,1,Other enzymes,CHEMBL3649,0
CHEMBL4099477,1,1,Other enzymes,CHEMBL3559,0
CHEMBL4099648,1,1,Monoamine oxidases,CHEMBL2039,0
CHEMBL4099702,1,1,Other/unclassified,CHEMBL1163125,0
CHEMBL4100677,1,1,G protein-coupled receptors,CHEMBL1293267,0
CHEMBL4100841,1,1,Other enzymes,CHEMBL3649,0
CHEMBL4100903,1,1,Carbonic anhydrases,CHEMBL3729,0
CHEMBL4101491,1,1,Other enzymes,CHEMBL3649,0
CHEMBL4101742,1,1,Other enzymes,CHEMBL5573,0
CHEMBL4102176,1,1,Other/unclassified,CHEMBL1163125,0
CHEMBL410266,1,1,Other enzymes,CHEMBL4161,0
CHEMBL4102669,1,1,Other enzymes,CHEMBL3559,0
CHEMBL4102954,1,1,Other enzymes,CHEMBL325,0
CHEMBL4103066,1,1,Other enzymes,CHEMBL1978,0
CHEMBL4103143,1,1,G protein-coupled receptors,CHEMBL1293267,0
CHEMBL4103770,1,1,Kinases,CHEMBL2147,0
CHEMBL4103820,1,1,Cholinesterases,CHEMBL4078,0
CHEMBL4103860,1,1,G protein-coupled receptors,CHEMBL1293267,0
CHEMBL410408,1,1,Kinases,CHEMBL1868,0
CHEMBL4104227,1,1,Other enzymes,CHEMBL4105870,0
CHEMBL4104504,1,1,Other enzymes,CHEMBL2730,0
CHEMBL4104918,1,1,Other enzymes,CHEMBL4105870,0
CHEMBL4105101,1,1,Other enzymes,CHEMBL3559,0
CHEMBL4105181,1,1,Other enzymes,CHEMBL3649,0
CHEMBL4105535,1,1,G protein-coupled receptors,CHEMBL1293267,0
CHEMBL411046,1,1,Other enzymes,CHEMBL4161,0
CHEMBL412094,1,1,Other enzymes,CHEMBL4161,0
CHEMBL4125827,1,1,Other enzymes,CHEMBL3081,0
CHEMBL4126039,1,1,Other enzymes,CHEMBL1641359,0
CHEMBL4126501,1,1,Other enzymes,CHEMBL3081,0
CHEMBL4126677,1,1,Cholinesterases,CHEMBL5763,0
CHEMBL4126704,1,1,G protein-coupled receptors,CHEMBL214,0
CHEMBL4127202,1,1,Other enzymes,CHEMBL3081,0
CHEMBL4127281,1,1,Other enzymes,CHEMBL1641359,0
CHEMBL4127437,1,1,Other/unclassified,CHEMBL5444,0
CHEMBL4128107,1,1,Other enzymes,CHEMBL3081,0
CHEMBL4128371,1,1,Other enzymes,CHEMBL3318,0
CHEMBL4128424,1,1,Other/unclassified,CHEMBL5444,0
CHEMBL4128622,1,1,G protein-coupled receptors,CHEMBL214,0
CHEMBL4128872,1,1,Cholinesterases,CHEMBL4078,0
CHEMBL4129068,1,1,G protein-coupled receptors,CHEMBL214,0
CHEMBL4129198,1,1,Other/unclassified,CHEMBL5444,0
CHEMBL4129303,1,1,Monoamine oxidases,CHEMBL2039,0
CHEMBL4129493,1,1,Other enzymes,CHEMBL5695,0
CHEMBL4129780,1,1,Other enzymes,CHEMBL3081,0
CHEMBL413793,1,1,Cholinesterases,CHEMBL220,0
CHEMBL413794,1,1,Cholinesterases,CHEMBL220,0
CHEMBL415724,1,1,Proteases,CHEMBL204,0
CHEMBL4159609,1,1,Cholinesterases,CHEMBL220,0
CHEMBL4159640,1,1,Cholinesterases,CHEMBL220,0
CHEMBL4159670,1,1,G protein-coupled receptors,CHEMBL3785,0
CHEMBL4159678,1,1,Nuclear receptors,CHEMBL206,0
CHEMBL415992,1,1,Monoamine oxidases,CHEMBL2993,0
CHEMBL4159985,1,1,Cholinesterases,CHEMBL5763,0
CHEMBL4160100,1,1,Other enzymes,CHEMBL5131,0
CHEMBL4160205,1,1,Cholinesterases,CHEMBL4078,0
CHEMBL4160386,1,1,Carbonic anhydrases,CHEMBL3594,0
CHEMBL4160630,1,1,Cholinesterases,CHEMBL5763,0
CHEMBL4161624,1,1,Nuclear receptors,CHEMBL206,0
CHEMBL416175,1,1,Monoamine oxidases,CHEMBL3358,0
CHEMBL4161751,1,1,Cholinesterases,CHEMBL4078,0
CHEMBL4161973,1,1,Nuclear receptors,CHEMBL206,0
CHEMBL4162191,1,1,Nuclear receptors,CHEMBL206,0
CHEMBL4162192,1,1,Nuclear receptors,CHEMBL206,0
CHEMBL4162879,1,1,Monoamine oxidases,CHEMBL3681,0
CHEMBL4163051,1,1,G protein-coupled receptors,CHEMBL3785,0
CHEMBL4163058,1,1,Nuclear receptors,CHEMBL206,0
CHEMBL4163473,1,1,Kinases,CHEMBL3717,0
CHEMBL4163548,1,1,Cholinesterases,CHEMBL5763,0
CHEMBL4163570,1,1,Cholinesterases,CHEMBL4078,0
CHEMBL4164078,1,1,Cholinesterases,CHEMBL220,0
CHEMBL4164140,1,1,G protein-coupled receptors,CHEMBL3785,0
CHEMBL4164474,1,1,Cholinesterases,CHEMBL5763,0
CHEMBL4164540,1,1,Cholinesterases,CHEMBL220,0
CHEMBL4165041,1,1,Nuclear receptors,CHEMBL206,0
CHEMBL4165622,1,1,Nuclear receptors,CHEMBL206,0
CHEMBL4166121,1,1,Nuclear receptors,CHEMBL206,0
CHEMBL416615,1,1,Other/unclassified,CHEMBL4361,0
CHEMBL4166530,1,1,Nuclear receptors,CHEMBL206,0
CHEMBL4166688,1,1,Nuclear receptors,CHEMBL206,0
CHEMBL4167207,1,1,Carbonic anhydrases,CHEMBL3594,0
CHEMBL4167366,1,1,Carbonic anhydrases,CHEMBL3594,0
CHEMBL4167524,1,1,Cholinesterases,CHEMBL220,0
CHEMBL4167588,1,1,G protein-coupled receptors,CHEMBL3785,0
CHEMBL4167595,1,1,Nuclear receptors,CHEMBL206,0
CHEMBL4167902,1,1,Cholinesterases,CHEMBL4078,0
CHEMBL4167973,1,1,Cholinesterases,CHEMBL220,0
CHEMBL4168105,1,1,Cholinesterases,CHEMBL4078,0
CHEMBL4169053,1,1,Nuclear receptors,CHEMBL206,0
CHEMBL4169054,1,1,Nuclear receptors,CHEMBL206,0
CHEMBL4169152,1,1,Carbonic anhydrases,CHEMBL3594,0
CHEMBL4169394,1,1,Cholinesterases,CHEMBL220,0
CHEMBL4170100,1,1,Nuclear receptors,CHEMBL206,0
CHEMBL4170316,1,1,Other enzymes,CHEMBL5131,0
CHEMBL4170974,1,1,Nuclear receptors,CHEMBL206,0
CHEMBL4171465,1,1,Cholinesterases,CHEMBL4078,0
CHEMBL4171674,1,1,Cholinesterases,CHEMBL4078,0
CHEMBL4171854,1,1,Cholinesterases,CHEMBL4078,0
CHEMBL4172537,1,1,Carbonic anhydrases,CHEMBL3594,0
CHEMBL4173553,1,1,Nuclear receptors,CHEMBL206,0
CHEMBL4174729,1,1,Cholinesterases,CHEMBL220,0
CHEMBL4174798,1,1,G protein-coupled receptors,CHEMBL3785,0
CHEMBL4175175,1,1,Cholinesterases,CHEMBL220,0
CHEMBL4175303,1,1,Cholinesterases,CHEMBL4078,0
CHEMBL4175759,1,1,G protein-coupled receptors,CHEMBL1945,0
CHEMBL4176232,1,1,Nuclear receptors,CHEMBL206,0
CHEMBL4176748,1,1,Nuclear receptors,CHEMBL206,0
CHEMBL4176917,1,1,Nuclear receptors,CHEMBL206,0
CHEMBL4177242,1,1,Cholinesterases,CHEMBL220,0
CHEMBL418131,1,1,Proteases,CHEMBL243,0
CHEMBL419813,1,1,Other enzymes,CHEMBL2284,0
CHEMBL4202487,1,1,Monoamine oxidases,CHEMBL2039,0
CHEMBL4202589,1,1,Monoamine oxidases,CHEMBL2039,0
CHEMBL4203878,1,1,Monoamine oxidases,CHEMBL2039,0
CHEMBL4205688,1,1,Kinases,CHEMBL203,0
CHEMBL4205833,1,1,Monoamine oxidases,CHEMBL2039,0
CHEMBL4205924,1,1,Monoamine oxidases,CHEMBL2039,0
CHEMBL4206008,1,1,Monoamine oxidases,CHEMBL2039,0
CHEMBL4206193,1,1,Kinases,CHEMBL203,0
CHEMBL4206334,1,1,Monoamine oxidases,CHEMBL2039,0
CHEMBL4206431,1,1,Monoamine oxidases,CHEMBL2039,0
CHEMBL4206750,1,1,Other enzymes,CHEMBL1826,0
CHEMBL4207698,1,1,Other enzymes,CHEMBL1826,0
CHEMBL4208757,1,1,Monoamine oxidases,CHEMBL2039,0
CHEMBL4208881,1,1,Monoamine oxidases,CHEMBL2039,0
CHEMBL4210287,1,1,Monoamine oxidases,CHEMBL2039,0
CHEMBL4210550,1,1,Kinases,CHEMBL203,0
CHEMBL4210805,1,1,Monoamine oxidases,CHEMBL2039,0
CHEMBL4211835,1,1,Kinases,CHEMBL203,0
CHEMBL4213201,1,1,Other/unclassified,CHEMBL1293203,0
CHEMBL4213519,1,1,Kinases,CHEMBL203,0
CHEMBL4214681,1,1,Monoamine oxidases,CHEMBL2039,0
CHEMBL4215220,1,1,Monoamine oxidases,CHEMBL2039,0
CHEMBL4215397,1,1,Kinases,CHEMBL203,0
CHEMBL4215743,1,1,Monoamine oxidases,CHEMBL2039,0
CHEMBL4215786,1,1,Other/unclassified,CHEMBL4984,0
CHEMBL4217589,1,1,Nuclear receptors,CHEMBL235,0
CHEMBL4217913,1,1,Kinases,CHEMBL203,0
CHEMBL4218045,1,1,Monoamine oxidases,CHEMBL2039,0
CHEMBL4218157,1,1,Monoamine oxidases,CHEMBL2039,0
CHEMBL4218447,1,1,Kinases,CHEMBL203,0
CHEMBL422798,1,1,Other enzymes,CHEMBL247,0
CHEMBL424248,1,1,Other enzymes,CHEMBL3275,0
CHEMBL424673,1,1,Monoamine oxidases,CHEMBL1951,0
CHEMBL427120,1,1,Other enzymes,CHEMBL3569,0
CHEMBL427247,1,1,Other enzymes,CHEMBL1978,0
CHEMBL427865,1,1,Cholinesterases,CHEMBL220,0
CHEMBL4278818,1,1,G protein-coupled receptors,CHEMBL214,0
CHEMBL427898,1,1,Nuclear receptors,CHEMBL1871,0
CHEMBL4280270,1,1,Other enzymes,CHEMBL4295618,0
CHEMBL4280515,1,1,Other enzymes,CHEMBL3623,0
CHEMBL4280947,1,1,Cholinesterases,CHEMBL1914,0
CHEMBL4281681,1,1,Other enzymes,CHEMBL3623,0
CHEMBL4281741,1,1,G protein-coupled receptors,CHEMBL214,0
CHEMBL4282511,1,1,Other enzymes,CHEMBL3623,0
CHEMBL4283391,1,1,G protein-coupled receptors,CHEMBL214,0
CHEMBL4283591,1,1,Other enzymes,CHEMBL4295618,0
CHEMBL4283662,1,1,Other enzymes,CHEMBL4295618,0
CHEMBL4285154,1,1,Other enzymes,CHEMBL4295618,0
CHEMBL4285576,1,1,G protein-coupled receptors,CHEMBL214,0
CHEMBL4285776,1,1,Kinases,CHEMBL2292,0
CHEMBL4289320,1,1,Ion channels and transporters,CHEMBL4302,0
CHEMBL4289607,1,1,Other enzymes,CHEMBL4295618,0
CHEMBL4290035,1,1,Other enzymes,CHEMBL3623,0
CHEMBL4290523,1,1,G protein-coupled receptors,CHEMBL214,0
CHEMBL4290781,1,1,Other enzymes,CHEMBL4295618,0
CHEMBL4291530,1,1,Other enzymes,CHEMBL4295618,0
CHEMBL4291929,1,1,Other enzymes,CHEMBL4295618,0
CHEMBL4293407,1,1,G protein-coupled receptors,CHEMBL214,0
CHEMBL4294173,1,1,G protein-coupled receptors,CHEMBL214,0
CHEMBL4294180,1,1,Other enzymes,CHEMBL4295618,0
CHEMBL4295073,1,1,G protein-coupled receptors,CHEMBL214,0
CHEMBL430228,1,1,Other enzymes,CHEMBL4161,0
CHEMBL430776,1,1,Other enzymes,CHEMBL3471,0
CHEMBL431479,1,1,G protein-coupled receptors,CHEMBL219,0
CHEMBL438977,1,1,Nuclear receptors,CHEMBL242,0
CHEMBL440565,1,1,Other enzymes,CHEMBL3212,0
CHEMBL442813,1,1,Cholinesterases,CHEMBL220,0
CHEMBL4435433,1,1,Other enzymes,CHEMBL3471,0
CHEMBL4435844,1,1,Ion channels and transporters,CHEMBL4302,0
CHEMBL4436169,1,1,Cholinesterases,CHEMBL220,0
CHEMBL4436185,1,1,Carbonic anhydrases,CHEMBL3594,0
CHEMBL4436668,1,1,Other enzymes,CHEMBL3621036,0
CHEMBL4437031,1,1,Proteases,CHEMBL5620,0
CHEMBL4437163,1,1,Cholinesterases,CHEMBL220,0
CHEMBL4437250,1,1,Ion channels and transporters,CHEMBL4523503,0
CHEMBL4437301,1,1,Cytochrome P450s,CHEMBL340,0
CHEMBL4437630,1,1,Cholinesterases,CHEMBL4078,0
CHEMBL4438012,1,1,Other enzymes,CHEMBL3471,0
CHEMBL4438182,1,1,Other enzymes,CHEMBL4161,0
CHEMBL4438430,1,1,Other enzymes,CHEMBL3621036,0
CHEMBL4438851,1,1,Nuclear receptors,CHEMBL3072,0
CHEMBL4439610,1,1,Cholinesterases,CHEMBL4078,0
CHEMBL4440430,1,1,Other enzymes,CHEMBL3471,0
CHEMBL4440732,1,1,Other/unclassified,CHEMBL4105838,0
CHEMBL4441237,1,1,Cholinesterases,CHEMBL220,0
CHEMBL4441522,1,1,Ion channels and transporters,CHEMBL4523503,0
CHEMBL444181,1,1,Proteases,CHEMBL2821,0
CHEMBL4441984,1,1,Cytochrome P450s,CHEMBL340,0
CHEMBL4442347,1,1,Proteases,CHEMBL5620,0
CHEMBL4442642,1,1,Monoamine oxidases,CHEMBL2039,0
CHEMBL4442662,1,1,Ion channels and transporters,CHEMBL4523503,0
CHEMBL4443546,1,1,Carbonic anhydrases,CHEMBL3594,0
CHEMBL4443629,1,1,Kinases,CHEMBL3629,0
CHEMBL4443680,1,1,Nuclear receptors,CHEMBL3072,0
CHEMBL4443954,1,1,Other enzymes,CHEMBL4523345,0
CHEMBL4443961,1,1,Other enzymes,CHEMBL1930,0
CHEMBL4444516,1,1,Cholinesterases,CHEMBL220,0
CHEMBL4444865,1,1,Other enzymes,CHEMBL3471,0
CHEMBL4445315,1,1,Ion channels and transporters,CHEMBL4523503,0
CHEMBL4445352,1,1,Monoamine oxidases,CHEMBL2039,0
CHEMBL4445725,1,1,Carbonic anhydrases,CHEMBL3594,0
CHEMBL4445907,1,1,Cholinesterases,CHEMBL220,0
CHEMBL444596,1,1,G protein-coupled receptors,CHEMBL219,0
CHEMBL4446195,1,1,Carbonic anhydrases,CHEMBL3594,0
CHEMBL444623,1,1,Other enzymes,CHEMBL3471,0
CHEMBL4446234,1,1,Cholinesterases,CHEMBL220,0
CHEMBL4447887,1,1,Nuclear receptors,CHEMBL3072,0
CHEMBL4448987,1,1,Ion channels and transporters,CHEMBL4523503,0
CHEMBL4449161,1,1,Cholinesterases,CHEMBL220,0
CHEMBL4449383,1,1,Ion channels and transporters,CHEMBL4523503,0
CHEMBL4449685,1,1,Nuclear receptors,CHEMBL2061,0
CHEMBL4449791,1,1,Cholinesterases,CHEMBL220,0
CHEMBL4450067,1,1,Carbonic anhydrases,CHEMBL3594,0
CHEMBL4450139,1,1,Nuclear receptors,CHEMBL3072,0
CHEMBL4450711,1,1,Cholinesterases,CHEMBL3198,0
CHEMBL4450854,1,1,Ion channels and transporters,CHEMBL4302,0
CHEMBL4451228,1,1,Monoamine oxidases,CHEMBL2039,0
CHEMBL4451401,1,1,Other enzymes,CHEMBL3621036,0
CHEMBL4451488,1,1,Ion channels and transporters,CHEMBL4302,0
CHEMBL4451590,1,1,Other enzymes,CHEMBL3471,0
CHEMBL4451681,1,1,Other/unclassified,CHEMBL4105838,0
CHEMBL4451686,1,1,Cholinesterases,CHEMBL220,0
CHEMBL4452234,1,1,Ion channels and transporters,CHEMBL4302,0
CHEMBL4452340,1,1,Monoamine oxidases,CHEMBL2039,0
CHEMBL4453974,1,1,Kinases,CHEMBL279,0
CHEMBL4455031,1,1,Carbonic anhydrases,CHEMBL3594,0
CHEMBL4455899,1,1,Other/unclassified,CHEMBL5936,0
CHEMBL4455967,1,1,Other enzymes,CHEMBL3471,0
CHEMBL4455973,1,1,Cholinesterases,CHEMBL3198,0
CHEMBL4456360,1,1,Other enzymes,CHEMBL3649,0
CHEMBL4457315,1,1,Other enzymes,CHEMBL1169598,0
CHEMBL4457710,1,1,Ion channels and transporters,CHEMBL4523503,0
CHEMBL4458007,1,1,Cholinesterases,CHEMBL3198,0
CHEMBL4458241,1,1,Cholinesterases,CHEMBL3198,0
CHEMBL4458812,1,1,Other/unclassified,CHEMBL3879827,0
CHEMBL4459285,1,1,Other enzymes,CHEMBL3471,0
CHEMBL4459312,1,1,Other enzymes,CHEMBL3559,0
CHEMBL4459595,1,1,Nuclear receptors,CHEMBL3072,0
CHEMBL4460630,1,1,Other enzymes,CHEMBL3471,0
CHEMBL4461381,1,1,Cholinesterases,CHEMBL3198,0
CHEMBL4462312,1,1,Other enzymes,CHEMBL3471,0
CHEMBL4462339,1,1,Ion channels and transporters,CHEMBL4523503,0
CHEMBL4462605,1,1,Proteases,CHEMBL5620,0
CHEMBL4462737,1,1,Ion channels and transporters,CHEMBL4302,0
CHEMBL4463247,1,1,Other enzymes,CHEMBL3471,0
CHEMBL4463800,1,1,Other enzymes,CHEMBL1930,0
CHEMBL4464099,1,1,Other/unclassified,CHEMBL1163125,0
CHEMBL4465087,1,1,Proteases,CHEMBL5620,0
CHEMBL4465307,1,1,Cholinesterases,CHEMBL4078,0
CHEMBL4465315,1,1,Cholinesterases,CHEMBL220,0
CHEMBL4465651,1,1,Kinases,CHEMBL3629,0
CHEMBL4465796,1,1,Cholinesterases,CHEMBL220,0
CHEMBL4465987,1,1,Other/unclassified,CHEMBL4105838,0
CHEMBL4466331,1,1,Ion channels and transporters,CHEMBL4523503,0
CHEMBL4466838,1,1,Monoamine oxidases,CHEMBL2039,0
CHEMBL4467130,1,1,Cholinesterases,CHEMBL220,0
CHEMBL4467446,1,1,Other/unclassified,CHEMBL1075094,0
CHEMBL4467539,1,1,Nuclear receptors,CHEMBL3072,0
CHEMBL4467593,1,1,Other enzymes,CHEMBL247,0
CHEMBL4467997,1,1,Other enzymes,CHEMBL3621036,0
CHEMBL4468869,1,1,G protein-coupled receptors,CHEMBL256,0
CHEMBL4469018,1,1,Monoamine oxidases,CHEMBL2039,0
CHEMBL4469522,1,1,Ion channels and transporters,CHEMBL4523503,0
CHEMBL4469915,1,1,Ion channels and transporters,CHEMBL4523503,0
CHEMBL4470317,1,1,Monoamine oxidases,CHEMBL2039,0
CHEMBL4470695,1,1,Cytochrome P450s,CHEMBL340,0
CHEMBL4470726,1,1,Cholinesterases,CHEMBL3198,0
CHEMBL4470789,1,1,Proteases,CHEMBL5620,0
CHEMBL4471021,1,1,Other enzymes,CHEMBL3471,0
CHEMBL4471827,1,1,Ion channels and transporters,CHEMBL4523503,0
CHEMBL4472017,1,1,Carbonic anhydrases,CHEMBL3594,0
CHEMBL4472970,1,1,Proteases,CHEMBL5620,0
CHEMBL4472996,1,1,Other enzymes,CHEMBL3317339,0
CHEMBL4473613,1,1,Nuclear receptors,CHEMBL3072,0
CHEMBL4473727,1,1,Cholinesterases,CHEMBL220,0
CHEMBL4474108,1,1,Ion channels and transporters,CHEMBL4302,0
CHEMBL4474283,1,1,Other enzymes,CHEMBL3621036,0
CHEMBL4475204,1,1,Monoamine oxidases,CHEMBL2039,0
CHEMBL4475910,1,1,Monoamine oxidases,CHEMBL2039,0
CHEMBL4476026,1,1,Cholinesterases,CHEMBL1914,0
CHEMBL4476479,1,1,Cholinesterases,CHEMBL4078,0
CHEMBL4483375,1,1,Nuclear receptors,CHEMBL3072,0
CHEMBL4483384,1,1,Other enzymes,CHEMBL4102,0
CHEMBL4483550,1,1,Proteases,CHEMBL5620,0
CHEMBL4483602,1,1,Other enzymes,CHEMBL3471,0
CHEMBL448696,1,1,Monoamine oxidases,CHEMBL2039,0
CHEMBL448936,1,1,Cytochrome P450s,CHEMBL5282,0
CHEMBL450498,1,1,Monoamine oxidases,CHEMBL1951,0
CHEMBL450933,1,1,Nuclear receptors,CHEMBL1871,0
CHEMBL451476,1,1,Other/unclassified,CHEMBL5533,0
CHEMBL4514959,1,1,Cholinesterases,CHEMBL220,0
CHEMBL4515881,1,1,Cholinesterases,CHEMBL220,0
CHEMBL451623,1,1,Cytochrome P450s,CHEMBL5282,0
CHEMBL4516296,1,1,Cholinesterases,CHEMBL220,0
CHEMBL4517532,1,1,Other enzymes,CHEMBL1930,0
CHEMBL4517653,1,1,Proteases,CHEMBL5620,0
CHEMBL4518317,1,1,Cytochrome P450s,CHEMBL340,0
CHEMBL4519129,1,1,Cholinesterases,CHEMBL220,0
CHEMBL4519239,1,1,Cholinesterases,CHEMBL220,0
CHEMBL4519591,1,1,Other enzymes,CHEMBL5465386,0
CHEMBL4519947,1,1,Nuclear receptors,CHEMBL3072,0
CHEMBL4520209,1,1,Kinases,CHEMBL279,0
CHEMBL4520442,1,1,Other enzymes,CHEMBL3559,0
CHEMBL4520782,1,1,Cholinesterases,CHEMBL220,0
CHEMBL4520853,1,1,Cholinesterases,CHEMBL4078,0
CHEMBL4521148,1,1,Monoamine oxidases,CHEMBL2039,0
CHEMBL4522440,1,1,Monoamine oxidases,CHEMBL2039,0
CHEMBL4524928,1,1,Kinases,CHEMBL1163101,0
CHEMBL4525381,1,1,Monoamine oxidases,CHEMBL2039,0
CHEMBL452555,1,1,Cholinesterases,CHEMBL4078,0
CHEMBL4526265,1,1,Cholinesterases,CHEMBL3198,0
CHEMBL4526348,1,1,Carbonic anhydrases,CHEMBL3594,0
CHEMBL4526400,1,1,Other enzymes,CHEMBL3621036,0
CHEMBL4528042,1,1,Cholinesterases,CHEMBL3198,0
CHEMBL452817,1,1,Cholinesterases,CHEMBL4078,0
CHEMBL452818,1,1,Cholinesterases,CHEMBL4078,0
CHEMBL4529795,1,1,Carbonic anhydrases,CHEMBL3594,0
CHEMBL453080,1,1,Cholinesterases,CHEMBL4078,0
CHEMBL4531520,1,1,Monoamine oxidases,CHEMBL2039,0
CHEMBL4532350,1,1,Kinases,CHEMBL279,0
CHEMBL4533364,1,1,Other enzymes,CHEMBL3471,0
CHEMBL453401,1,1,Other enzymes,CHEMBL4481,0
CHEMBL4534031,1,1,Proteases,CHEMBL5620,0
CHEMBL453410,1,1,Monoamine oxidases,CHEMBL2039,0
CHEMBL4535284,1,1,Ion channels and transporters,CHEMBL4523503,0
CHEMBL4535870,1,1,Cholinesterases,CHEMBL3198,0
CHEMBL4537667,1,1,G protein-coupled receptors,CHEMBL256,0
CHEMBL4537886,1,1,Cholinesterases,CHEMBL220,0
CHEMBL453852,1,1,Cholinesterases,CHEMBL4078,0
CHEMBL453853,1,1,Cholinesterases,CHEMBL4078,0
CHEMBL4538661,1,1,Nuclear receptors,CHEMBL3072,0
CHEMBL4539336,1,1,Ion channels and transporters,CHEMBL4302,0
CHEMBL4540497,1,1,Cholinesterases,CHEMBL220,0
CHEMBL4540947,1,1,G protein-coupled receptors,CHEMBL256,0
CHEMBL4541579,1,1,Cholinesterases,CHEMBL4078,0
CHEMBL4542575,1,1,Cholinesterases,CHEMBL220,0
CHEMBL4543140,1,1,Cytochrome P450s,CHEMBL340,0
CHEMBL4543278,1,1,G protein-coupled receptors,CHEMBL256,0
CHEMBL4544371,1,1,Cholinesterases,CHEMBL3198,0
CHEMBL4545793,1,1,Other enzymes,CHEMBL5465386,0
CHEMBL454614,1,1,Cholinesterases,CHEMBL4078,0
CHEMBL4547392,1,1,Cholinesterases,CHEMBL3198,0
CHEMBL4548338,1,1,Carbonic anhydrases,CHEMBL3594,0
CHEMBL4550005,1,1,Monoamine oxidases,CHEMBL2039,0
CHEMBL4550487,1,1,Cholinesterases,CHEMBL3198,0
CHEMBL4550735,1,1,Ion channels and transporters,CHEMBL4523503,0
CHEMBL4551634,1,1,Other enzymes,CHEMBL3621036,0
CHEMBL4552685,1,1,G protein-coupled receptors,CHEMBL256,0
CHEMBL4554026,1,1,Other/unclassified,CHEMBL3253,0
CHEMBL4554567,1,1,Monoamine oxidases,CHEMBL2039,0
CHEMBL4556219,1,1,Ion channels and transporters,CHEMBL4523503,0
CHEMBL4558078,1,1,Other/unclassified,CHEMBL5936,0
CHEMBL4558377,1,1,Nuclear receptors,CHEMBL3072,0
CHEMBL4559221,1,1,Proteases,CHEMBL5620,0
CHEMBL4559958,1,1,Cholinesterases,CHEMBL3198,0
CHEMBL4560024,1,1,Proteases,CHEMBL5620,0
CHEMBL4561787,1,1,Monoamine oxidases,CHEMBL2039,0
CHEMBL4562173,1,1,Other enzymes,CHEMBL3471,0
CHEMBL4562339,1,1,Nuclear receptors,CHEMBL3072,0
CHEMBL4562582,1,1,Ion channels and transporters,CHEMBL4523503,0
CHEMBL4562937,1,1,Ion channels and transporters,CHEMBL4523503,0
CHEMBL4563027,1,1,Ion channels and transporters,CHEMBL4302,0
CHEMBL4564123,1,1,Nuclear receptors,CHEMBL3072,0
CHEMBL4564320,1,1,Cholinesterases,CHEMBL220,0
CHEMBL4565447,1,1,G protein-coupled receptors,CHEMBL256,0
CHEMBL4568143,1,1,G protein-coupled receptors,CHEMBL256,0
CHEMBL4568499,1,1,Other enzymes,CHEMBL3471,0
CHEMBL4568961,1,1,Cholinesterases,CHEMBL3198,0
CHEMBL4569505,1,1,Other enzymes,CHEMBL3471,0
CHEMBL4570780,1,1,Monoamine oxidases,CHEMBL2039,0
CHEMBL4571279,1,1,Ion channels and transporters,CHEMBL4302,0
CHEMBL4571434,1,1,Cholinesterases,CHEMBL220,0
CHEMBL4572742,1,1,Cholinesterases,CHEMBL4078,0
CHEMBL4572797,1,1,Cholinesterases,CHEMBL1914,0
CHEMBL4573104,1,1,Ion channels and transporters,CHEMBL4523503,0
CHEMBL4576206,1,1,Other enzymes,CHEMBL3559,0
CHEMBL4576627,1,1,Cholinesterases,CHEMBL4078,0
CHEMBL4576916,1,1,Proteases,CHEMBL5620,0
CHEMBL4578097,1,1,Proteases,CHEMBL5620,0
CHEMBL4578898,1,1,Other enzymes,CHEMBL3471,0
CHEMBL4580037,1,1,Monoamine oxidases,CHEMBL2039,0
CHEMBL4581596,1,1,Cholinesterases,CHEMBL4078,0
CHEMBL4582292,1,1,Cytochrome P450s,CHEMBL340,0
CHEMBL4586480,1,1,Cholinesterases,CHEMBL4078,0
CHEMBL4586578,1,1,Other enzymes,CHEMBL247,0
CHEMBL4589730,1,1,Other enzymes,CHEMBL4102,0
CHEMBL4591281,1,1,Ion channels and transporters,CHEMBL4523503,0
CHEMBL4592118,1,1,Other enzymes,CHEMBL3621036,0
CHEMBL4592519,1,1,Cholinesterases,CHEMBL3198,0
CHEMBL4593774,1,1,Cholinesterases,CHEMBL4078,0
CHEMBL4594145,1,1,Other enzymes,CHEMBL1930,0
CHEMBL459523,1,1,Monoamine oxidases,CHEMBL2039,0
CHEMBL459825,1,1,Cholinesterases,CHEMBL220,0
CHEMBL459826,1,1,Other enzymes,CHEMBL247,0
CHEMBL460782,1,1,Other/unclassified,CHEMBL5619,0
CHEMBL461305,1,1,Cholinesterases,CHEMBL4078,0
CHEMBL461307,1,1,Cholinesterases,CHEMBL4078,0
CHEMBL461382,1,1,Cholinesterases,CHEMBL4078,0
CHEMBL461383,1,1,Cholinesterases,CHEMBL4078,0
CHEMBL462972,1,1,Other enzymes,CHEMBL4343,0
CHEMBL4632495,1,1,Monoamine oxidases,CHEMBL2039,0
CHEMBL4632506,1,1,Monoamine oxidases,CHEMBL2039,0
CHEMBL4633021,1,1,Monoamine oxidases,CHEMBL2039,0
CHEMBL4633026,1,1,Cholinesterases,CHEMBL5763,0
CHEMBL4633106,1,1,Monoamine oxidases,CHEMBL2039,0
CHEMBL4633420,1,1,Other enzymes,CHEMBL1075138,0
CHEMBL4633922,1,1,Other enzymes,CHEMBL1075138,0
CHEMBL4634075,1,1,Monoamine oxidases,CHEMBL2039,0
CHEMBL4634082,1,1,Monoamine oxidases,CHEMBL2039,0
CHEMBL4634418,1,1,Other enzymes,CHEMBL3577,0
CHEMBL4634695,1,1,Monoamine oxidases,CHEMBL2039,0
CHEMBL4635225,1,1,Cholinesterases,CHEMBL4078,0
CHEMBL4635250,1,1,Cholinesterases,CHEMBL5763,0
CHEMBL4635429,1,1,Monoamine oxidases,CHEMBL2039,0
CHEMBL4635480,1,1,Monoamine oxidases,CHEMBL2039,0
CHEMBL4635925,1,1,Monoamine oxidases,CHEMBL2039,0
CHEMBL4636030,1,1,Monoamine oxidases,CHEMBL2039,0
CHEMBL4636566,1,1,Monoamine oxidases,CHEMBL2039,0
CHEMBL4636875,1,1,Cholinesterases,CHEMBL5763,0
CHEMBL4637131,1,1,Monoamine oxidases,CHEMBL2039,0
CHEMBL4637317,1,1,Other enzymes,CHEMBL1075138,0
CHEMBL4637509,1,1,Monoamine oxidases,CHEMBL2039,0
CHEMBL4637805,1,1,Monoamine oxidases,CHEMBL2039,0
CHEMBL4637881,1,1,Monoamine oxidases,CHEMBL2039,0
CHEMBL4638045,1,1,Cholinesterases,CHEMBL4078,0
CHEMBL4638187,1,1,Other enzymes,CHEMBL3471,0
CHEMBL4638199,1,1,Other enzymes,CHEMBL1075138,0
CHEMBL4638278,1,1,Cholinesterases,CHEMBL5763,0
CHEMBL4638785,1,1,Monoamine oxidases,CHEMBL2039,0
CHEMBL4639488,1,1,Monoamine oxidases,CHEMBL2039,0
CHEMBL4641535,1,1,Other enzymes,CHEMBL3577,0
CHEMBL4642069,1,1,Kinases,CHEMBL279,0
CHEMBL4642136,1,1,Monoamine oxidases,CHEMBL2039,0
CHEMBL4642176,1,1,Monoamine oxidases,CHEMBL2039,0
CHEMBL4642196,1,1,Ion channels and transporters,CHEMBL4302,0
CHEMBL4642359,1,1,Other enzymes,CHEMBL1075138,0
CHEMBL4642621,1,1,Cholinesterases,CHEMBL4078,0
CHEMBL4643271,1,1,Other enzymes,CHEMBL1075138,0
CHEMBL4643633,1,1,Monoamine oxidases,CHEMBL2039,0
CHEMBL4643649,1,1,Other enzymes,CHEMBL1075138,0
CHEMBL4644520,1,1,Cholinesterases,CHEMBL4078,0
CHEMBL4645323,1,1,Other enzymes,CHEMBL1075138,0
CHEMBL4645435,1,1,Monoamine oxidases,CHEMBL2039,0
CHEMBL4645659,1,1,Cholinesterases,CHEMBL220,0
CHEMBL4645944,1,1,Other enzymes,CHEMBL1075138,0
CHEMBL4646080,1,1,Cholinesterases,CHEMBL220,0
CHEMBL4646097,1,1,Cholinesterases,CHEMBL5763,0
CHEMBL4646157,1,1,Cholinesterases,CHEMBL5763,0
CHEMBL4646356,1,1,Other/unclassified,CHEMBL4630859,0
CHEMBL4646565,1,1,Monoamine oxidases,CHEMBL2039,0
CHEMBL4646786,1,1,Cholinesterases,CHEMBL4078,0
CHEMBL4647022,1,1,Cholinesterases,CHEMBL4078,0
CHEMBL4647351,1,1,Monoamine oxidases,CHEMBL2039,0
CHEMBL4647439,1,1,Other enzymes,CHEMBL1075138,0
CHEMBL4647450,1,1,Monoamine oxidases,CHEMBL2039,0
CHEMBL4647469,1,1,Other enzymes,CHEMBL3577,0
CHEMBL4647954,1,1,Cholinesterases,CHEMBL4078,0
CHEMBL4648022,1,1,Other enzymes,CHEMBL3577,0
CHEMBL4648527,1,1,Monoamine oxidases,CHEMBL2039,0
CHEMBL4648584,1,1,Other enzymes,CHEMBL1075138,0
CHEMBL4648730,1,1,Other enzymes,CHEMBL3577,0
CHEMBL4649115,1,1,Other/unclassified,CHEMBL5533,0
CHEMBL4649124,1,1,Kinases,CHEMBL279,0
CHEMBL466773,1,1,Other enzymes,CHEMBL247,0
CHEMBL469340,1,1,G protein-coupled receptors,CHEMBL253,0
CHEMBL469350,1,1,Monoamine oxidases,CHEMBL2039,0
CHEMBL469362,1,1,Monoamine oxidases,CHEMBL2039,0
CHEMBL469768,1,1,Monoamine oxidases,CHEMBL2039,0
CHEMBL469782,1,1,Monoamine oxidases,CHEMBL2039,0
CHEMBL469818,1,1,Monoamine oxidases,CHEMBL2039,0
CHEMBL469976,1,1,Monoamine oxidases,CHEMBL2039,0
CHEMBL470008,1,1,Monoamine oxidases,CHEMBL2039,0
CHEMBL470222,1,1,Monoamine oxidases,CHEMBL1951,0
CHEMBL470419,1,1,Monoamine oxidases,CHEMBL1951,0
CHEMBL470420,1,1,Monoamine oxidases,CHEMBL2039,0
CHEMBL471247,1,1,G protein-coupled receptors,CHEMBL3571,0
CHEMBL471447,1,1,Monoamine oxidases,CHEMBL2039,0
CHEMBL471448,1,1,Monoamine oxidases,CHEMBL1951,0
CHEMBL472080,1,1,Monoamine oxidases,CHEMBL2039,0
CHEMBL472638,1,1,Monoamine oxidases,CHEMBL2039,0
CHEMBL4739944,1,1,Other/unclassified,CHEMBL2085,0
CHEMBL4740246,1,1,Other/unclassified,CHEMBL4361,0
CHEMBL4740708,1,1,Cholinesterases,CHEMBL4078,0
CHEMBL4741410,1,1,Cholinesterases,CHEMBL4078,0
CHEMBL4741886,1,1,Proteases,CHEMBL243,0
CHEMBL4742865,1,1,Other/unclassified,CHEMBL4680039,0
CHEMBL4743471,1,1,Proteases,CHEMBL2821,0
CHEMBL4743791,1,1,Other enzymes,CHEMBL2424,0
CHEMBL4744103,1,1,Proteases,CHEMBL243,0
CHEMBL4744593,1,1,Other/unclassified,CHEMBL4105758,0
CHEMBL4745129,1,1,Other/unclassified,CHEMBL4105758,0
CHEMBL4747453,1,1,Other/unclassified,CHEMBL4361,0
CHEMBL4747566,1,1,Other/unclassified,CHEMBL4361,0
CHEMBL4747633,1,1,Cholinesterases,CHEMBL4078,0
CHEMBL474786,1,1,Proteases,CHEMBL4143,0
CHEMBL4748890,1,1,Other/unclassified,CHEMBL4680039,0
CHEMBL4749763,1,1,Cholinesterases,CHEMBL4078,0
CHEMBL4750478,1,1,Cholinesterases,CHEMBL4078,0
CHEMBL4750523,1,1,Monoamine oxidases,CHEMBL2039,0
CHEMBL4753411,1,1,Proteases,CHEMBL243,0
CHEMBL4753776,1,1,Cholinesterases,CHEMBL4078,0
CHEMBL4754409,1,1,Other/unclassified,CHEMBL4361,0
CHEMBL4754666,1,1,Kinases,CHEMBL1075126,0
CHEMBL4755707,1,1,Cholinesterases,CHEMBL4078,0
CHEMBL4756123,1,1,Cholinesterases,CHEMBL4078,0
CHEMBL4757760,1,1,Proteases,CHEMBL243,0
CHEMBL4757985,1,1,Other/unclassified,CHEMBL4361,0
CHEMBL4758084,1,1,Cholinesterases,CHEMBL4078,0
CHEMBL4758108,1,1,Other/unclassified,CHEMBL4680039,0
CHEMBL4758120,1,1,Other/unclassified,CHEMBL4680039,0
CHEMBL4758291,1,1,Other/unclassified,CHEMBL4361,0
CHEMBL4758314,1,1,Other/unclassified,CHEMBL4680039,0
CHEMBL4758696,1,1,Cholinesterases,CHEMBL4078,0
CHEMBL475885,1,1,Monoamine oxidases,CHEMBL1951,0
CHEMBL4758921,1,1,Cholinesterases,CHEMBL4078,0
CHEMBL4759593,1,1,Proteases,CHEMBL243,0
CHEMBL4760803,1,1,Proteases,CHEMBL243,0
CHEMBL4760818,1,1,Other/unclassified,CHEMBL2085,0
CHEMBL4760876,1,1,Proteases,CHEMBL243,0
CHEMBL4761402,1,1,Cholinesterases,CHEMBL4078,0
CHEMBL4761710,1,1,Other/unclassified,CHEMBL2085,0
CHEMBL4761822,1,1,Cholinesterases,CHEMBL4078,0
CHEMBL4762530,1,1,Other/unclassified,CHEMBL4680039,0
CHEMBL4762663,1,1,Other/unclassified,CHEMBL4361,0
CHEMBL4762795,1,1,Cholinesterases,CHEMBL4078,0
CHEMBL4763227,1,1,Other/unclassified,CHEMBL4680039,0
CHEMBL4764253,1,1,Cholinesterases,CHEMBL4078,0
CHEMBL4776137,1,1,Other enzymes,CHEMBL3596075,0
CHEMBL4776234,1,1,Other/unclassified,CHEMBL2085,0
CHEMBL4777012,1,1,Other/unclassified,CHEMBL4361,0
CHEMBL4777310,1,1,Other enzymes,CHEMBL3596075,0
CHEMBL4777500,1,1,Carbonic anhydrases,CHEMBL3242,0
CHEMBL4778183,1,1,Proteases,CHEMBL243,0
CHEMBL4778575,1,1,Other enzymes,CHEMBL2007628,0
CHEMBL4778582,1,1,Cholinesterases,CHEMBL4078,0
CHEMBL4778639,1,1,Cholinesterases,CHEMBL4078,0
CHEMBL4779645,1,1,Other/unclassified,CHEMBL4361,0
CHEMBL4779696,1,1,Other/unclassified,CHEMBL2085,0
CHEMBL4780088,1,1,Other/unclassified,CHEMBL4361,0
CHEMBL4780130,1,1,Proteases,CHEMBL243,0
CHEMBL4780696,1,1,Other/unclassified,CHEMBL4361,0
CHEMBL4781495,1,1,Proteases,CHEMBL243,0
CHEMBL4781507,1,1,Cholinesterases,CHEMBL4078,0
CHEMBL4781566,1,1,Other/unclassified,CHEMBL4680039,0
CHEMBL4781977,1,1,Other/unclassified,CHEMBL4361,0
CHEMBL4782257,1,1,Other/unclassified,CHEMBL4361,0
CHEMBL4782518,1,1,Cholinesterases,CHEMBL4078,0
CHEMBL4782774,1,1,Cholinesterases,CHEMBL4078,0
CHEMBL4783003,1,1,Other/unclassified,CHEMBL4361,0
CHEMBL4783123,1,1,Other/unclassified,CHEMBL4361,0
CHEMBL4783462,1,1,Proteases,CHEMBL243,0
CHEMBL4784196,1,1,Proteases,CHEMBL243,0
CHEMBL4784930,1,1,Cholinesterases,CHEMBL4078,0
CHEMBL478605,1,1,Cholinesterases,CHEMBL4768,0
CHEMBL478608,1,1,Cholinesterases,CHEMBL4768,0
CHEMBL4786147,1,1,Other/unclassified,CHEMBL4361,0
CHEMBL4786536,1,1,Other/unclassified,CHEMBL4680039,0
CHEMBL478728,1,1,Proteases,CHEMBL243,0
CHEMBL4787755,1,1,Other/unclassified,CHEMBL4361,0
CHEMBL4788347,1,1,Ion channels and transporters,CHEMBL240,0
CHEMBL4788526,1,1,Nuclear receptors,CHEMBL2061,0
CHEMBL4788760,1,1,Other/unclassified,CHEMBL5113,0
CHEMBL478897,1,1,Nuclear receptors,CHEMBL235,0
CHEMBL4789078,1,1,Other/unclassified,CHEMBL4680039,0
CHEMBL4789923,1,1,Proteases,CHEMBL243,0
CHEMBL4790359,1,1,Other/unclassified,CHEMBL4680039,0
CHEMBL4790660,1,1,Other enzymes,CHEMBL6136,0
CHEMBL4791335,1,1,Other/unclassified,CHEMBL4680039,0
CHEMBL4791933,1,1,Ion channels and transporters,CHEMBL4302,0
CHEMBL4793392,1,1,Other/unclassified,CHEMBL4680039,0
CHEMBL4793934,1,1,Proteases,CHEMBL243,0
CHEMBL4793980,1,1,Other enzymes,CHEMBL3596075,0
CHEMBL4794885,1,1,Other enzymes,CHEMBL1075093,0
CHEMBL4795586,1,1,Other enzymes,CHEMBL2424,0
CHEMBL4796382,1,1,Carbonic anhydrases,CHEMBL3594,0
CHEMBL4796953,1,1,Cholinesterases,CHEMBL4078,0
CHEMBL4797003,1,1,Other/unclassified,CHEMBL2085,0
CHEMBL4797696,1,1,Proteases,CHEMBL243,0
CHEMBL4797927,1,1,Other enzymes,CHEMBL3596075,0
CHEMBL4798200,1,1,Cholinesterases,CHEMBL4078,0
CHEMBL4798868,1,1,Other/unclassified,CHEMBL2085,0
CHEMBL479894,1,1,Other enzymes,CHEMBL288,0
CHEMBL4800041,1,1,Other/unclassified,CHEMBL4361,0
CHEMBL4800187,1,1,Other enzymes,CHEMBL3596075,0
CHEMBL4800460,1,1,Other/unclassified,CHEMBL2085,0
CHEMBL4800510,1,1,Other/unclassified,CHEMBL4680039,0
CHEMBL481657,1,1,Cholinesterases,CHEMBL220,0
CHEMBL481658,1,1,Monoamine oxidases,CHEMBL1951,0
CHEMBL483526,1,1,Monoamine oxidases,CHEMBL1951,0
CHEMBL483974,1,1,Kinases,CHEMBL6003,0
CHEMBL4846353,1,1,Other/unclassified,CHEMBL4739844,0
CHEMBL4847100,1,1,G protein-coupled receptors,CHEMBL1293267,0
CHEMBL4847144,1,1,G protein-coupled receptors,CHEMBL1293267,0
CHEMBL4847400,1,1,Other/unclassified,CHEMBL4739844,0
CHEMBL4848104,1,1,Other enzymes,CHEMBL3318,0
CHEMBL4848109,1,1,G protein-coupled receptors,CHEMBL1293267,0
CHEMBL4848196,1,1,Other/unclassified,CHEMBL4261,0
CHEMBL4848237,1,1,Other/unclassified,CHEMBL4739844,0
CHEMBL4848404,1,1,Other/unclassified,CHEMBL4739844,0
CHEMBL4848583,1,1,Other/unclassified,CHEMBL4739844,0
CHEMBL4848638,1,1,Other enzymes,CHEMBL215,0
CHEMBL4848949,1,1,G protein-coupled receptors,CHEMBL1293267,0
CHEMBL4849400,1,1,G protein-coupled receptors,CHEMBL253,0
CHEMBL4849620,1,1,Other/unclassified,CHEMBL4739844,0
CHEMBL4849658,1,1,Other/unclassified,CHEMBL4739844,0
CHEMBL4850004,1,1,G protein-coupled receptors,CHEMBL253,0
CHEMBL4850480,1,1,Other/unclassified,CHEMBL4739844,0
CHEMBL4850743,1,1,G protein-coupled receptors,CHEMBL1293267,0
CHEMBL4850969,1,1,G protein-coupled receptors,CHEMBL218,0
CHEMBL4851449,1,1,Other/unclassified,CHEMBL4739844,0
CHEMBL4852077,1,1,G protein-coupled receptors,CHEMBL253,0
CHEMBL4852184,1,1,G protein-coupled receptors,CHEMBL253,0
CHEMBL4852306,1,1,Other/unclassified,CHEMBL4261,0
CHEMBL4852456,1,1,G protein-coupled receptors,CHEMBL253,0
CHEMBL4852666,1,1,Other enzymes,CHEMBL247,0
CHEMBL4852718,1,1,G protein-coupled receptors,CHEMBL1293267,0
CHEMBL4852917,1,1,Other/unclassified,CHEMBL4739844,0
CHEMBL4853043,1,1,G protein-coupled receptors,CHEMBL1293267,0
CHEMBL4854056,1,1,Other/unclassified,CHEMBL4739844,0
CHEMBL4854105,1,1,Other/unclassified,CHEMBL4739844,0
CHEMBL4854325,1,1,G protein-coupled receptors,CHEMBL253,0
CHEMBL4854346,1,1,G protein-coupled receptors,CHEMBL1293267,0
CHEMBL4854803,1,1,Other/unclassified,CHEMBL4739844,0
CHEMBL4854892,1,1,Other/unclassified,CHEMBL4739844,0
CHEMBL4855362,1,1,Other/unclassified,CHEMBL4739844,0
CHEMBL4855577,1,1,Other enzymes,CHEMBL247,0
CHEMBL4855587,1,1,Other enzymes,CHEMBL1806,0
CHEMBL4855805,1,1,Other/unclassified,CHEMBL4739844,0
CHEMBL4856029,1,1,G protein-coupled receptors,CHEMBL1293267,0
CHEMBL4856046,1,1,Other/unclassified,CHEMBL4739844,0
CHEMBL4856069,1,1,G protein-coupled receptors,CHEMBL1293267,0
CHEMBL4856137,1,1,Other/unclassified,CHEMBL4879514,0
CHEMBL4856361,1,1,Other/unclassified,CHEMBL4739844,0
CHEMBL4856506,1,1,G protein-coupled receptors,CHEMBL1293267,0
CHEMBL4856916,1,1,G protein-coupled receptors,CHEMBL1293267,0
CHEMBL4857772,1,1,G protein-coupled receptors,CHEMBL1293267,0
CHEMBL4857976,1,1,G protein-coupled receptors,CHEMBL253,0
CHEMBL4858385,1,1,Other/unclassified,CHEMBL4739844,0
CHEMBL4858438,1,1,Other enzymes,CHEMBL215,0
CHEMBL4859449,1,1,Other/unclassified,CHEMBL4739844,0
CHEMBL4859675,1,1,G protein-coupled receptors,CHEMBL1293267,0
CHEMBL4859730,1,1,Other/unclassified,CHEMBL4739844,0
CHEMBL4859764,1,1,G protein-coupled receptors,CHEMBL1293267,0
CHEMBL4859852,1,1,Other/unclassified,CHEMBL4739844,0
CHEMBL4859883,1,1,Other enzymes,CHEMBL247,0
CHEMBL4860180,1,1,Other/unclassified,CHEMBL4739844,0
CHEMBL4860550,1,1,G protein-coupled receptors,CHEMBL1293267,0
CHEMBL4861156,1,1,Other/unclassified,CHEMBL4739844,0
CHEMBL4861414,1,1,G protein-coupled receptors,CHEMBL1293267,0
CHEMBL4862037,1,1,Other/unclassified,CHEMBL4739844,0
CHEMBL486219,1,1,Other/unclassified,CHEMBL5848,0
CHEMBL4862435,1,1,Other enzymes,CHEMBL247,0
CHEMBL4862523,1,1,G protein-coupled receptors,CHEMBL218,0
CHEMBL4862632,1,1,Other/unclassified,CHEMBL6187,0
CHEMBL4862654,1,1,G protein-coupled receptors,CHEMBL1293267,0
CHEMBL4863350,1,1,G protein-coupled receptors,CHEMBL253,0
CHEMBL486460,1,1,Cholinesterases,CHEMBL4078,0
CHEMBL4864715,1,1,Other enzymes,CHEMBL1806,0
CHEMBL4865342,1,1,G protein-coupled receptors,CHEMBL253,0
CHEMBL4865493,1,1,Other enzymes,CHEMBL247,0
CHEMBL4865638,1,1,G protein-coupled receptors,CHEMBL1293267,0
CHEMBL4866500,1,1,Other/unclassified,CHEMBL4739844,0
CHEMBL4866739,1,1,Other/unclassified,CHEMBL4739844,0
CHEMBL4867922,1,1,Other enzymes,CHEMBL247,0
CHEMBL4867929,1,1,Other/unclassified,CHEMBL4739844,0
CHEMBL4868404,1,1,Other/unclassified,CHEMBL5936,0
CHEMBL4869068,1,1,Other enzymes,CHEMBL3318,0
CHEMBL4869153,1,1,G protein-coupled receptors,CHEMBL218,0
CHEMBL4869539,1,1,G protein-coupled receptors,CHEMBL1293267,0
CHEMBL4870213,1,1,G protein-coupled receptors,CHEMBL1293267,0
CHEMBL4870255,1,1,G protein-coupled receptors,CHEMBL1293267,0
CHEMBL487049,1,1,Monoamine oxidases,CHEMBL1951,0
CHEMBL4870551,1,1,Other enzymes,CHEMBL1806,0
CHEMBL4870683,1,1,Other/unclassified,CHEMBL4739844,0
CHEMBL4870855,1,1,Monoamine oxidases,CHEMBL2039,0
CHEMBL4871026,1,1,Other/unclassified,CHEMBL4739844,0
CHEMBL4871041,1,1,Other/unclassified,CHEMBL4739844,0
CHEMBL4871203,1,1,G protein-coupled receptors,CHEMBL1293267,0
CHEMBL4871381,1,1,Other/unclassified,CHEMBL6187,0
CHEMBL4871933,1,1,G protein-coupled receptors,CHEMBL4523923,0
CHEMBL4872061,1,1,Other/unclassified,CHEMBL4739844,0
CHEMBL4872368,1,1,G protein-coupled receptors,CHEMBL1293267,0
CHEMBL4874211,1,1,Other/unclassified,CHEMBL4739844,0
CHEMBL4875009,1,1,G protein-coupled receptors,CHEMBL1293267,0
CHEMBL4875041,1,1,G protein-coupled receptors,CHEMBL1293267,0
CHEMBL4875269,1,1,Other/unclassified,CHEMBL4739844,0
CHEMBL4875771,1,1,G protein-coupled receptors,CHEMBL1293267,0
CHEMBL4875945,1,1,Other/unclassified,CHEMBL4739844,0
CHEMBL4877002,1,1,Other/unclassified,CHEMBL4739844,0
CHEMBL4877901,1,1,Other/unclassified,CHEMBL4739844,0
CHEMBL4878037,1,1,Other enzymes,CHEMBL1806,0
CHEMBL4878047,1,1,G protein-coupled receptors,CHEMBL1293267,0
CHEMBL4878678,1,1,Other enzymes,CHEMBL215,0
CHEMBL4878847,1,1,Other/unclassified,CHEMBL4739844,0
CHEMBL4878979,1,1,G protein-coupled receptors,CHEMBL1293267,0
CHEMBL4879017,1,1,G protein-coupled receptors,CHEMBL1293267,0
CHEMBL4879274,1,1,Other/unclassified,CHEMBL4739844,0
CHEMBL4879384,1,1,Other/unclassified,CHEMBL4739844,0
CHEMBL488266,1,1,Monoamine oxidases,CHEMBL2039,0
CHEMBL488267,1,1,Monoamine oxidases,CHEMBL2039,0
CHEMBL488688,1,1,Cholinesterases,CHEMBL4078,0
CHEMBL491132,1,1,Other enzymes,CHEMBL4481,0
CHEMBL492115,1,1,Other/unclassified,CHEMBL1293251,0
CHEMBL493586,1,1,Ion channels and transporters,CHEMBL2073682,0
CHEMBL493601,1,1,Proteases,CHEMBL2821,0
CHEMBL494632,1,1,Proteases,CHEMBL2821,0
CHEMBL494633,1,1,Proteases,CHEMBL2821,0
CHEMBL494799,1,1,Proteases,CHEMBL2821,0
CHEMBL494978,1,1,Proteases,CHEMBL2821,0
CHEMBL495153,1,1,Proteases,CHEMBL2821,0
CHEMBL495154,1,1,Proteases,CHEMBL2821,0
CHEMBL495155,1,1,Proteases,CHEMBL2821,0
CHEMBL495225,1,1,Proteases,CHEMBL2821,0
CHEMBL495465,1,1,Proteases,CHEMBL2821,0
CHEMBL496547,1,1,Cytochrome P450s,CHEMBL5282,0
CHEMBL497176,1,1,Other/unclassified,CHEMBL2085,0
CHEMBL500684,1,1,Monoamine oxidases,CHEMBL1951,0
CHEMBL501402,1,1,Monoamine oxidases,CHEMBL1951,0
CHEMBL502021,1,1,Monoamine oxidases,CHEMBL2039,0
CHEMBL502440,1,1,Other enzymes,CHEMBL4241,0
CHEMBL502746,1,1,Cytochrome P450s,CHEMBL5282,0
CHEMBL502858,1,1,Proteases,CHEMBL2821,0
CHEMBL503184,1,1,Cytochrome P450s,CHEMBL5282,0
CHEMBL505948,1,1,Other enzymes,CHEMBL3471,0
CHEMBL506746,1,1,G protein-coupled receptors,CHEMBL1075322,0
CHEMBL5069986,1,1,Other enzymes,CHEMBL1795151,0
CHEMBL5070193,1,1,Other enzymes,CHEMBL1795151,0
CHEMBL5071682,1,1,Nuclear receptors,CHEMBL1871,0
CHEMBL5071912,1,1,Nuclear receptors,CHEMBL1871,0
CHEMBL5074785,1,1,Ion channels and transporters,CHEMBL4523503,0
CHEMBL507543,1,1,Cholinesterases,CHEMBL4078,0
CHEMBL507544,1,1,Cholinesterases,CHEMBL4078,0
CHEMBL507574,1,1,Cholinesterases,CHEMBL4078,0
CHEMBL5076873,1,1,Nuclear receptors,CHEMBL1871,0
CHEMBL5077048,1,1,Other enzymes,CHEMBL1795151,0
CHEMBL507756,1,1,Monoamine oxidases,CHEMBL1951,0
CHEMBL5077637,1,1,Nuclear receptors,CHEMBL1871,0
CHEMBL5078809,1,1,Other enzymes,CHEMBL1795151,0
CHEMBL5078938,1,1,Nuclear receptors,CHEMBL1871,0
CHEMBL5079200,1,1,Nuclear receptors,CHEMBL1871,0
CHEMBL5079345,1,1,Other enzymes,CHEMBL1795151,0
CHEMBL5079698,1,1,Nuclear receptors,CHEMBL1871,0
CHEMBL5081492,1,1,Other enzymes,CHEMBL1795151,0
CHEMBL5081630,1,1,Nuclear receptors,CHEMBL1871,0
CHEMBL508208,1,1,Cholinesterases,CHEMBL4078,0
CHEMBL5082962,1,1,Nuclear receptors,CHEMBL1871,0
CHEMBL5083554,1,1,Other enzymes,CHEMBL1795151,0
CHEMBL5083886,1,1,Nuclear receptors,CHEMBL1871,0
CHEMBL5083994,1,1,Ion channels and transporters,CHEMBL4523503,0
CHEMBL5084126,1,1,Nuclear receptors,CHEMBL1871,0
CHEMBL508494,1,1,Proteases,CHEMBL284,0
CHEMBL5085768,1,1,Other enzymes,CHEMBL1795151,0
CHEMBL508648,1,1,Proteases,CHEMBL4822,0
CHEMBL508698,1,1,Monoamine oxidases,CHEMBL2039,0
CHEMBL5087013,1,1,Ion channels and transporters,CHEMBL4523503,0
CHEMBL5087488,1,1,Nuclear receptors,CHEMBL1871,0
CHEMBL5087976,1,1,Nuclear receptors,CHEMBL1871,0
CHEMBL5088259,1,1,Other enzymes,CHEMBL1795151,0
CHEMBL5088635,1,1,Nuclear receptors,CHEMBL1871,0
CHEMBL5088775,1,1,Other enzymes,CHEMBL1795151,0
CHEMBL5091168,1,1,Nuclear receptors,CHEMBL1871,0
CHEMBL509131,1,1,Cholinesterases,CHEMBL4078,0
CHEMBL5091340,1,1,Other enzymes,CHEMBL3317339,0
CHEMBL5092878,1,1,Other enzymes,CHEMBL1795151,0
CHEMBL509345,1,1,Monoamine oxidases,CHEMBL2039,0
CHEMBL5093730,1,1,Nuclear receptors,CHEMBL1871,0
CHEMBL5094528,1,1,Nuclear receptors,CHEMBL1871,0
CHEMBL5094619,1,1,Nuclear receptors,CHEMBL1871,0
CHEMBL509670,1,1,Cholinesterases,CHEMBL4078,0
CHEMBL509891,1,1,Cholinesterases,CHEMBL4078,0
CHEMBL511303,1,1,G protein-coupled receptors,CHEMBL1075322,0
CHEMBL512883,1,1,Monoamine oxidases,CHEMBL2039,0
CHEMBL513494,1,1,Cytochrome P450s,CHEMBL340,0
CHEMBL515454,1,1,Nuclear receptors,CHEMBL235,0
CHEMBL516339,1,1,G protein-coupled receptors,CHEMBL1075322,0
CHEMBL5170835,1,1,Other enzymes,CHEMBL288,0
CHEMBL5171038,1,1,Other enzymes,CHEMBL247,0
CHEMBL5171320,1,1,Ion channels and transporters,CHEMBL5287,0
CHEMBL5171780,1,1,Ion channels and transporters,CHEMBL5287,0
CHEMBL5174139,1,1,Other enzymes,CHEMBL247,0
CHEMBL5174712,1,1,Other enzymes,CHEMBL3167,0
CHEMBL5174814,1,1,G protein-coupled receptors,CHEMBL256,0
CHEMBL5174881,1,1,Other/unclassified,CHEMBL1075094,0
CHEMBL5175566,1,1,Other enzymes,CHEMBL2424504,0
CHEMBL5175772,1,1,Other enzymes,CHEMBL2074,0
CHEMBL5176175,1,1,Other enzymes,CHEMBL247,0
CHEMBL5176647,1,1,Other enzymes,CHEMBL247,0
CHEMBL5176826,1,1,Kinases,CHEMBL308,0
CHEMBL5177258,1,1,Other enzymes,CHEMBL247,0
CHEMBL5179804,1,1,Other enzymes,CHEMBL247,0
CHEMBL5180137,1,1,Other enzymes,CHEMBL325,0
CHEMBL5181100,1,1,Other enzymes,CHEMBL247,0
CHEMBL5181220,1,1,Other enzymes,CHEMBL247,0
CHEMBL5182080,1,1,Other enzymes,CHEMBL247,0
CHEMBL5183641,1,1,Other enzymes,CHEMBL4161,0
CHEMBL5183932,1,1,Other enzymes,CHEMBL3784,0
CHEMBL5184719,1,1,Ion channels and transporters,CHEMBL5287,0
CHEMBL518654,1,1,Cholinesterases,CHEMBL4078,0
CHEMBL5187916,1,1,Nuclear receptors,CHEMBL1871,0
CHEMBL5188402,1,1,G protein-coupled receptors,CHEMBL256,0
CHEMBL5189120,1,1,Monoamine oxidases,CHEMBL2039,0
CHEMBL5189977,1,1,Other enzymes,CHEMBL247,0
CHEMBL5191516,1,1,Other enzymes,CHEMBL247,0
CHEMBL519241,1,1,Monoamine oxidases,CHEMBL1951,0
CHEMBL5194087,1,1,Other enzymes,CHEMBL2074,0
CHEMBL519426,1,1,Monoamine oxidases,CHEMBL1951,0
CHEMBL5194514,1,1,Other/unclassified,CHEMBL1075094,0
CHEMBL5195163,1,1,Other enzymes,CHEMBL247,0
CHEMBL5196120,1,1,Other enzymes,CHEMBL247,0
CHEMBL5196422,1,1,Other enzymes,CHEMBL247,0
CHEMBL5198713,1,1,Other enzymes,CHEMBL247,0
CHEMBL519982,1,1,Kinases,CHEMBL4225,0
CHEMBL5200407,1,1,Other enzymes,CHEMBL247,0
CHEMBL5200462,1,1,Cholinesterases,CHEMBL220,0
CHEMBL5200663,1,1,Other enzymes,CHEMBL2176778,0
CHEMBL5202683,1,1,Other enzymes,CHEMBL3864,0
CHEMBL5203645,1,1,Other enzymes,CHEMBL247,0
CHEMBL5203954,1,1,Other enzymes,CHEMBL247,0
CHEMBL5207605,1,1,Other enzymes,CHEMBL247,0
CHEMBL5207696,1,1,Other enzymes,CHEMBL247,0
CHEMBL5208477,1,1,Other enzymes,CHEMBL247,0
CHEMBL5209036,1,1,Ion channels and transporters,CHEMBL5287,0
CHEMBL521526,1,1,Proteases,CHEMBL2821,0
CHEMBL5219055,1,1,G protein-coupled receptors,CHEMBL4422,0
CHEMBL5219102,1,1,G protein-coupled receptors,CHEMBL4422,0
CHEMBL5219720,1,1,Proteases,CHEMBL1741221,0
CHEMBL5219884,1,1,Ion channels and transporters,CHEMBL5393,0
CHEMBL5220158,1,1,Other enzymes,CHEMBL3085613,0
CHEMBL5220205,1,1,Kinases,CHEMBL2251,0
CHEMBL522376,1,1,Proteases,CHEMBL2821,0
CHEMBL523874,1,1,Proteases,CHEMBL2821,0
CHEMBL5266061,1,1,Monoamine oxidases,CHEMBL2039,0
CHEMBL5266810,1,1,G protein-coupled receptors,CHEMBL4422,0
CHEMBL5267168,1,1,G protein-coupled receptors,CHEMBL4422,0
CHEMBL5267399,1,1,G protein-coupled receptors,CHEMBL4422,0
CHEMBL5268155,1,1,G protein-coupled receptors,CHEMBL4422,0
CHEMBL5268456,1,1,Other enzymes,CHEMBL3318,0
CHEMBL5269946,1,1,Other enzymes,CHEMBL2392,0
CHEMBL5271382,1,1,Monoamine oxidases,CHEMBL2039,0
CHEMBL5271554,1,1,Proteases,CHEMBL243,0
CHEMBL5272170,1,1,Other enzymes,CHEMBL2916,0
CHEMBL5273293,1,1,Other enzymes,CHEMBL2916,0
CHEMBL5275388,1,1,G protein-coupled receptors,CHEMBL4422,0
CHEMBL5275635,1,1,Proteases,CHEMBL243,0
CHEMBL5276958,1,1,Other/unclassified,CHEMBL1293317,0
CHEMBL5277365,1,1,Other enzymes,CHEMBL5722,0
CHEMBL5277715,1,1,Other/unclassified,CHEMBL4915,0
CHEMBL5279129,1,1,Monoamine oxidases,CHEMBL2039,0
CHEMBL5279622,1,1,Kinases,CHEMBL3717,0
CHEMBL5279769,1,1,Monoamine oxidases,CHEMBL2039,0
CHEMBL5279836,1,1,G protein-coupled receptors,CHEMBL4422,0
CHEMBL5280294,1,1,Other enzymes,CHEMBL2916,0
CHEMBL5281344,1,1,Kinases,CHEMBL2292,0
CHEMBL5281518,1,1,G protein-coupled receptors,CHEMBL4422,0
CHEMBL5283267,1,1,Monoamine oxidases,CHEMBL2039,0
CHEMBL5283407,1,1,G protein-coupled receptors,CHEMBL4422,0
CHEMBL5283992,1,1,Monoamine oxidases,CHEMBL2039,0
CHEMBL5284565,1,1,Proteases,CHEMBL243,0
CHEMBL5285191,1,1,Proteases,CHEMBL284,0
CHEMBL5285406,1,1,G protein-coupled receptors,CHEMBL4422,0
CHEMBL5285878,1,1,Other enzymes,CHEMBL2392,0
CHEMBL5286193,1,1,Other enzymes,CHEMBL247,0
CHEMBL5286270,1,1,Other/unclassified,CHEMBL1293317,0
CHEMBL5287344,1,1,Other enzymes,CHEMBL2392,0
CHEMBL5287553,1,1,Proteases,CHEMBL243,0
CHEMBL5287988,1,1,Other enzymes,CHEMBL2916,0
CHEMBL5288493,1,1,G protein-coupled receptors,CHEMBL4422,0
CHEMBL5288759,1,1,Proteases,CHEMBL243,0
CHEMBL5288791,1,1,Other enzymes,CHEMBL2916,0
CHEMBL5288803,1,1,Kinases,CHEMBL3717,0
CHEMBL5289616,1,1,Kinases,CHEMBL3717,0
CHEMBL5289870,1,1,Other enzymes,CHEMBL2916,0
CHEMBL5290552,1,1,Cytochrome P450s,CHEMBL2231,0
CHEMBL529210,1,1,Other enzymes,CHEMBL288,0
CHEMBL5393856,1,1,G protein-coupled receptors,CHEMBL217,0
CHEMBL5394126,1,1,Other enzymes,CHEMBL1978,0
CHEMBL5395316,1,1,Other enzymes,CHEMBL2074,0
CHEMBL5395479,1,1,Cholinesterases,CHEMBL5763,0
CHEMBL5395551,1,1,Kinases,CHEMBL279,0
CHEMBL5396437,1,1,Other enzymes,CHEMBL1930,0
CHEMBL5399001,1,1,Other enzymes,CHEMBL5979,0
CHEMBL5399314,1,1,Monoamine oxidases,CHEMBL2039,0
CHEMBL5400090,1,1,Monoamine oxidases,CHEMBL2039,0
CHEMBL5400613,1,1,Monoamine oxidases,CHEMBL2039,0
CHEMBL5401344,1,1,Cholinesterases,CHEMBL4078,0
CHEMBL540174,1,1,Ion channels and transporters,CHEMBL4633,0
CHEMBL5401769,1,1,Kinases,CHEMBL4247,0
CHEMBL540196,1,1,Cholinesterases,CHEMBL4078,0
CHEMBL5402126,1,1,Other enzymes,CHEMBL1929,0
CHEMBL5402723,1,1,Cholinesterases,CHEMBL4078,0
CHEMBL5402751,1,1,Monoamine oxidases,CHEMBL1951,0
CHEMBL5403469,1,1,Monoamine oxidases,CHEMBL2039,0
CHEMBL5403819,1,1,Other enzymes,CHEMBL1930,0
CHEMBL5404461,1,1,Other enzymes,CHEMBL1930,0
CHEMBL5404997,1,1,Cholinesterases,CHEMBL4078,0
CHEMBL5405024,1,1,Other/unclassified,CHEMBL5957,0
CHEMBL5407516,1,1,Other enzymes,CHEMBL247,0
CHEMBL5407860,1,1,Other/unclassified,CHEMBL3351196,0
CHEMBL5408041,1,1,Cholinesterases,CHEMBL4078,0
CHEMBL5409761,1,1,Cholinesterases,CHEMBL4078,0
CHEMBL5411013,1,1,Other enzymes,CHEMBL3649,0
CHEMBL5411508,1,1,Other/unclassified,CHEMBL5957,0
CHEMBL5412333,1,1,Monoamine oxidases,CHEMBL1951,0
CHEMBL5412360,1,1,Other enzymes,CHEMBL1929,0
CHEMBL5412890,1,1,Other enzymes,CHEMBL6164,0
CHEMBL5413436,1,1,Cholinesterases,CHEMBL4078,0
CHEMBL5413502,1,1,Monoamine oxidases,CHEMBL1951,0
CHEMBL5413752,1,1,Kinases,CHEMBL4005,0
CHEMBL5414217,1,1,Other enzymes,CHEMBL6164,0
CHEMBL5414372,1,1,Other enzymes,CHEMBL1978,0
CHEMBL5414445,1,1,Cholinesterases,CHEMBL4078,0
CHEMBL5415361,1,1,Proteases,CHEMBL204,0
CHEMBL5416204,1,1,Cholinesterases,CHEMBL4078,0
CHEMBL5416702,1,1,Monoamine oxidases,CHEMBL2039,0
CHEMBL5418748,1,1,G protein-coupled receptors,CHEMBL217,0
CHEMBL5419378,1,1,Kinases,CHEMBL279,0
CHEMBL5419495,1,1,Cholinesterases,CHEMBL4078,0
CHEMBL5421164,1,1,Other enzymes,CHEMBL1978,0
CHEMBL5421699,1,1,Kinases,CHEMBL262,0
CHEMBL5423982,1,1,Other enzymes,CHEMBL2916,0
CHEMBL5424000,1,1,Other enzymes,CHEMBL1930,0
CHEMBL5424392,1,1,Kinases,CHEMBL4247,0
CHEMBL5426265,1,1,Kinases,CHEMBL4005,0
CHEMBL5429686,1,1,Cholinesterases,CHEMBL4078,0
CHEMBL5429806,1,1,G protein-coupled receptors,CHEMBL210,0
CHEMBL5430511,1,1,Other/unclassified,CHEMBL5957,0
CHEMBL5432023,1,1,Other enzymes,CHEMBL1930,0
CHEMBL5432054,1,1,Kinases,CHEMBL3863,0
CHEMBL5432539,1,1,Monoamine oxidases,CHEMBL2039,0
CHEMBL5432645,1,1,Cholinesterases,CHEMBL4078,0
CHEMBL5433421,1,1,Monoamine oxidases,CHEMBL1951,0
CHEMBL5433782,1,1,Cholinesterases,CHEMBL4078,0
CHEMBL5433796,1,1,Other enzymes,CHEMBL1930,0
CHEMBL5434276,1,1,G protein-coupled receptors,CHEMBL210,0
CHEMBL5434421,1,1,Other enzymes,CHEMBL1930,0
CHEMBL5434620,1,1,Monoamine oxidases,CHEMBL2039,0
CHEMBL5435296,1,1,Other enzymes,CHEMBL1930,0
CHEMBL5435578,1,1,Monoamine oxidases,CHEMBL1951,0
CHEMBL5436380,1,1,Other enzymes,CHEMBL1930,0
CHEMBL5436440,1,1,Monoamine oxidases,CHEMBL2039,0
CHEMBL5437540,1,1,G protein-coupled receptors,CHEMBL213,0
CHEMBL5438388,1,1,Cholinesterases,CHEMBL4078,0
CHEMBL5439636,1,1,Cholinesterases,CHEMBL4078,0
CHEMBL5440364,1,1,Cholinesterases,CHEMBL4078,0
CHEMBL549285,1,1,Other enzymes,CHEMBL5643,0
CHEMBL550276,1,1,Ion channels and transporters,CHEMBL4633,0
CHEMBL550822,1,1,Ion channels and transporters,CHEMBL4633,0
CHEMBL551028,1,1,Ion channels and transporters,CHEMBL4633,0
CHEMBL5517864,1,1,Carbonic anhydrases,CHEMBL261,0
CHEMBL551804,1,1,Ion channels and transporters,CHEMBL4523503,0
CHEMBL5532036,1,1,Carbonic anhydrases,CHEMBL3594,0
CHEMBL5532453,1,1,Carbonic anhydrases,CHEMBL3594,0
CHEMBL5542822,1,1,Carbonic anhydrases,CHEMBL3594,0
CHEMBL5550030,1,1,Other/unclassified,CHEMBL3253,0
CHEMBL5555276,1,1,Carbonic anhydrases,CHEMBL3594,0
CHEMBL5555730,1,1,Carbonic anhydrases,CHEMBL3594,0
CHEMBL5556414,1,1,Carbonic anhydrases,CHEMBL3594,0
CHEMBL5558406,1,1,Kinases,CHEMBL279,0
CHEMBL5558930,1,1,Carbonic anhydrases,CHEMBL3242,0
CHEMBL5559833,1,1,Other/unclassified,CHEMBL3253,0
CHEMBL5559943,1,1,Carbonic anhydrases,CHEMBL3594,0
CHEMBL5559986,1,1,Carbonic anhydrases,CHEMBL3594,0
CHEMBL5560480,1,1,Carbonic anhydrases,CHEMBL3594,0
CHEMBL5560830,1,1,Kinases,CHEMBL279,0
CHEMBL5560935,1,1,Kinases,CHEMBL279,0
CHEMBL5561109,1,1,Carbonic anhydrases,CHEMBL3594,0
CHEMBL5561490,1,1,Carbonic anhydrases,CHEMBL3594,0
CHEMBL5563274,1,1,Ion channels and transporters,CHEMBL4523223,0
CHEMBL5563477,1,1,Other/unclassified,CHEMBL3253,0
CHEMBL5563491,1,1,Ion channels and transporters,CHEMBL4523223,0
CHEMBL5563533,1,1,Ion channels and transporters,CHEMBL4523223,0
CHEMBL5563731,1,1,Carbonic anhydrases,CHEMBL261,0
CHEMBL5564961,1,1,Carbonic anhydrases,CHEMBL3594,0
CHEMBL5565580,1,1,Ion channels and transporters,CHEMBL4523223,0
CHEMBL5565874,1,1,Other enzymes,CHEMBL6136,0
CHEMBL5565967,1,1,Other enzymes,CHEMBL3308960,0
CHEMBL5566195,1,1,Ion channels and transporters,CHEMBL4523223,0
CHEMBL5567169,1,1,Carbonic anhydrases,CHEMBL3594,0
CHEMBL5567239,1,1,Ion channels and transporters,CHEMBL4523223,0
CHEMBL5567359,1,1,Ion channels and transporters,CHEMBL4523223,0
CHEMBL5567569,1,1,Other enzymes,CHEMBL3308960,0
CHEMBL5567697,1,1,Other/unclassified,CHEMBL1163125,0
CHEMBL5567878,1,1,Other/unclassified,CHEMBL3253,0
CHEMBL5568363,1,1,Carbonic anhydrases,CHEMBL3594,0
CHEMBL5569246,1,1,Ion channels and transporters,CHEMBL4523223,0
CHEMBL5569412,1,1,Kinases,CHEMBL203,0
CHEMBL5569871,1,1,Ion channels and transporters,CHEMBL4523223,0
CHEMBL5570930,1,1,Other enzymes,CHEMBL4586,0
CHEMBL5572134,1,1,Cholinesterases,CHEMBL1914,0
CHEMBL5573031,1,1,Other enzymes,CHEMBL3308960,0
CHEMBL5573707,1,1,Ion channels and transporters,CHEMBL4523223,0
CHEMBL5574397,1,1,Other/unclassified,CHEMBL5725151,0
CHEMBL5574400,1,1,Other/unclassified,CHEMBL1163125,0
CHEMBL5574665,1,1,Ion channels and transporters,CHEMBL4523223,0
CHEMBL5574882,1,1,Ion channels and transporters,CHEMBL4523223,0
CHEMBL5575409,1,1,Ion channels and transporters,CHEMBL4523223,0
CHEMBL5575580,1,1,Ion channels and transporters,CHEMBL4523223,0
CHEMBL5575619,1,1,Other enzymes,CHEMBL2903,0
CHEMBL5575646,1,1,Ion channels and transporters,CHEMBL4523223,0
CHEMBL5575693,1,1,Kinases,CHEMBL203,0
CHEMBL557769,1,1,G protein-coupled receptors,CHEMBL4477,0
CHEMBL5583798,1,1,Other/unclassified,CHEMBL6152,0
CHEMBL5590116,1,1,Other/unclassified,CHEMBL4523582,0
CHEMBL5590525,1,1,Carbonic anhydrases,CHEMBL3594,0
CHEMBL5590915,1,1,Kinases,CHEMBL203,0
CHEMBL5591353,1,1,Carbonic anhydrases,CHEMBL3594,0
CHEMBL5591482,1,1,Other enzymes,CHEMBL3308960,0
CHEMBL5592078,1,1,Ion channels and transporters,CHEMBL4523223,0
CHEMBL5592217,1,1,Ion channels and transporters,CHEMBL4523223,0
CHEMBL559268,1,1,Ion channels and transporters,CHEMBL4633,0
CHEMBL5593502,1,1,Other/unclassified,CHEMBL6152,0
CHEMBL5593514,1,1,Carbonic anhydrases,CHEMBL3594,0
CHEMBL5594378,1,1,Other/unclassified,CHEMBL6152,0
CHEMBL5594963,1,1,Kinases,CHEMBL4005,0
CHEMBL5595203,1,1,Other/unclassified,CHEMBL6152,0
CHEMBL559624,1,1,Ion channels and transporters,CHEMBL4633,0
CHEMBL5597792,1,1,Other/unclassified,CHEMBL2487,0
CHEMBL559790,1,1,Other enzymes,CHEMBL5643,0
CHEMBL559791,1,1,Other enzymes,CHEMBL5643,0
CHEMBL5597948,1,1,Other/unclassified,CHEMBL2487,0
CHEMBL5598305,1,1,Other/unclassified,CHEMBL2487,0
CHEMBL560273,1,1,G protein-coupled receptors,CHEMBL4477,0
CHEMBL5618320,1,1,Other enzymes,CHEMBL325,0
CHEMBL5618579,1,1,Other enzymes,CHEMBL325,0
CHEMBL5631307,1,1,Other enzymes,CHEMBL1849,0
CHEMBL5631497,1,1,Other enzymes,CHEMBL1849,0
CHEMBL5631607,1,1,Proteases,CHEMBL2821,0
CHEMBL5631608,1,1,Proteases,CHEMBL2821,0
CHEMBL5631662,1,1,Proteases,CHEMBL2821,0
CHEMBL5632243,1,1,Proteases,CHEMBL2821,0
CHEMBL5632365,1,1,Proteases,CHEMBL2821,0
CHEMBL5632581,1,1,Proteases,CHEMBL2821,0
CHEMBL5632618,1,1,Other enzymes,CHEMBL1849,0
CHEMBL5632639,1,1,Other enzymes,CHEMBL1849,0
CHEMBL5632673,1,1,Proteases,CHEMBL2821,0
CHEMBL5632798,1,1,Other enzymes,CHEMBL1849,0
CHEMBL5632873,1,1,Proteases,CHEMBL2821,0
CHEMBL5633098,1,1,Proteases,CHEMBL2821,0
CHEMBL5633213,1,1,Other enzymes,CHEMBL1849,0
CHEMBL5633283,1,1,Other enzymes,CHEMBL1849,0
CHEMBL5633426,1,1,Other enzymes,CHEMBL1849,0
CHEMBL5633774,1,1,Other enzymes,CHEMBL1849,0
CHEMBL5633965,1,1,Other enzymes,CHEMBL1849,0
CHEMBL5634062,1,1,Other enzymes,CHEMBL1849,0
CHEMBL564092,1,1,Other enzymes,CHEMBL335,0
CHEMBL56784,1,1,Other enzymes,CHEMBL3471,0
CHEMBL568720,1,1,Other enzymes,CHEMBL3623,0
CHEMBL568962,1,1,Other enzymes,CHEMBL3623,0
CHEMBL569169,1,1,Other enzymes,CHEMBL3623,0
CHEMBL569406,1,1,Other enzymes,CHEMBL3623,0
CHEMBL569415,1,1,Other enzymes,CHEMBL3623,0
CHEMBL569627,1,1,Other enzymes,CHEMBL3623,0
CHEMBL569640,1,1,Other enzymes,CHEMBL3623,0
CHEMBL569641,1,1,Other enzymes,CHEMBL3623,0
CHEMBL570332,1,1,Other enzymes,CHEMBL3623,0
CHEMBL570349,1,1,Other enzymes,CHEMBL3623,0
CHEMBL570570,1,1,Other enzymes,CHEMBL3623,0
CHEMBL570731,1,1,Monoamine oxidases,CHEMBL2039,0
CHEMBL571058,1,1,Other enzymes,CHEMBL3623,0
CHEMBL571059,1,1,Other enzymes,CHEMBL3623,0
CHEMBL571272,1,1,Other enzymes,CHEMBL3623,0
CHEMBL571283,1,1,Other enzymes,CHEMBL3623,0
CHEMBL57138,1,1,Other enzymes,CHEMBL3471,0
CHEMBL571496,1,1,Other enzymes,CHEMBL3623,0
CHEMBL571926,1,1,Other enzymes,CHEMBL3623,0
CHEMBL572166,1,1,Other enzymes,CHEMBL3623,0
CHEMBL572233,1,1,Monoamine oxidases,CHEMBL2039,0
CHEMBL573522,1,1,Monoamine oxidases,CHEMBL2993,0
CHEMBL573693,1,1,Other enzymes,CHEMBL3623,0
CHEMBL573922,1,1,Other enzymes,CHEMBL3623,0
CHEMBL574038,1,1,Proteases,CHEMBL284,0
CHEMBL574145,1,1,Other enzymes,CHEMBL3623,0
CHEMBL574382,1,1,Monoamine oxidases,CHEMBL2039,0
CHEMBL574420,1,1,Monoamine oxidases,CHEMBL2993,0
CHEMBL5754391,1,1,Ion channels and transporters,CHEMBL4633,0
CHEMBL575521,1,1,Monoamine oxidases,CHEMBL2993,0
CHEMBL575731,1,1,Monoamine oxidases,CHEMBL2993,0
CHEMBL575732,1,1,Monoamine oxidases,CHEMBL2993,0
CHEMBL575737,1,1,Monoamine oxidases,CHEMBL2993,0
CHEMBL575907,1,1,Monoamine oxidases,CHEMBL2993,0
CHEMBL576081,1,1,Other enzymes,CHEMBL3623,0
CHEMBL576116,1,1,Other enzymes,CHEMBL3623,0
CHEMBL576259,1,1,Other enzymes,CHEMBL3623,0
CHEMBL576293,1,1,Other enzymes,CHEMBL3623,0
CHEMBL577099,1,1,Monoamine oxidases,CHEMBL2039,0
CHEMBL5771030,1,1,Ion channels and transporters,CHEMBL4633,0
CHEMBL5775015,1,1,Ion channels and transporters,CHEMBL4633,0
CHEMBL5776034,1,1,Ion channels and transporters,CHEMBL4633,0
CHEMBL577616,1,1,Monoamine oxidases,CHEMBL2993,0
CHEMBL5778911,1,1,Nuclear receptors,CHEMBL5872,0
CHEMBL5792650,1,1,Ion channels and transporters,CHEMBL4633,0
CHEMBL5793603,1,1,Nuclear receptors,CHEMBL1741186,0
CHEMBL5803805,1,1,G protein-coupled receptors,CHEMBL4333,0
CHEMBL5812329,1,1,Other/unclassified,CHEMBL2176846,0
CHEMBL5820522,1,1,G protein-coupled receptors,CHEMBL4333,0
CHEMBL582933,1,1,Other enzymes,CHEMBL3623,0
CHEMBL583323,1,1,Other enzymes,CHEMBL3623,0
CHEMBL5836483,1,1,Ion channels and transporters,CHEMBL4633,0
CHEMBL5837176,1,1,Proteases,CHEMBL3922,0
CHEMBL5838337,1,1,Ion channels and transporters,CHEMBL4633,0
CHEMBL5840384,1,1,Ion channels and transporters,CHEMBL4633,0
CHEMBL584162,1,1,Proteases,CHEMBL284,0
CHEMBL584607,1,1,Monoamine oxidases,CHEMBL2993,0
CHEMBL5849059,1,1,Other enzymes,CHEMBL4198,0
CHEMBL5851456,1,1,Ion channels and transporters,CHEMBL4633,0
CHEMBL5869077,1,1,Ion channels and transporters,CHEMBL4633,0
CHEMBL5873375,1,1,Ion channels and transporters,CHEMBL4633,0
CHEMBL5877685,1,1,Other/unclassified,CHEMBL4531,0
CHEMBL5889778,1,1,Ion channels and transporters,CHEMBL4633,0
CHEMBL589155,1,1,Other enzymes,CHEMBL4234,0
CHEMBL589156,1,1,Other enzymes,CHEMBL4234,0
CHEMBL589396,1,1,Other enzymes,CHEMBL4234,0
CHEMBL589521,1,1,G protein-coupled receptors,CHEMBL2414,0
CHEMBL5896229,1,1,Kinases,CHEMBL1163101,0
CHEMBL589883,1,1,Other enzymes,CHEMBL4234,0
CHEMBL590129,1,1,Other enzymes,CHEMBL4234,0
CHEMBL590130,1,1,Other enzymes,CHEMBL4234,0
CHEMBL590131,1,1,Other enzymes,CHEMBL4234,0
CHEMBL5903039,1,1,Ion channels and transporters,CHEMBL4633,0
CHEMBL590376,1,1,Other enzymes,CHEMBL4234,0
CHEMBL590377,1,1,Other enzymes,CHEMBL4234,0
CHEMBL590378,1,1,Other enzymes,CHEMBL4234,0
CHEMBL590379,1,1,Other enzymes,CHEMBL4234,0
CHEMBL590613,1,1,Other enzymes,CHEMBL4234,0
CHEMBL5909440,1,1,Kinases,CHEMBL1772932,0
CHEMBL5911614,1,1,Ion channels and transporters,CHEMBL4633,0
CHEMBL591523,1,1,Monoamine oxidases,CHEMBL1951,0
CHEMBL591811,1,1,Other enzymes,CHEMBL4234,0
CHEMBL5918318,1,1,Ion channels and transporters,CHEMBL4633,0
CHEMBL591964,1,1,Other enzymes,CHEMBL1075138,0
CHEMBL592524,1,1,Other enzymes,CHEMBL4234,0
CHEMBL592757,1,1,Other enzymes,CHEMBL4234,0
CHEMBL592758,1,1,Other enzymes,CHEMBL4234,0
CHEMBL592759,1,1,Other enzymes,CHEMBL4234,0
CHEMBL592760,1,1,Other enzymes,CHEMBL4234,0
CHEMBL592761,1,1,Other enzymes,CHEMBL4234,0
CHEMBL593424,1,1,Other enzymes,CHEMBL4234,0
CHEMBL593427,1,1,Other enzymes,CHEMBL4234,0
CHEMBL593904,1,1,Other enzymes,CHEMBL4234,0
CHEMBL5943744,1,1,Ion channels and transporters,CHEMBL4633,0
CHEMBL5948660,1,1,Ion channels and transporters,CHEMBL4633,0
CHEMBL5951104,1,1,Ion channels and transporters,CHEMBL4633,0
CHEMBL5953661,1,1,Other/unclassified,CHEMBL4531,0
CHEMBL5962451,1,1,Kinases,CHEMBL1163101,0
CHEMBL5962980,1,1,Ion channels and transporters,CHEMBL4633,0
CHEMBL5980199,1,1,Other enzymes,CHEMBL4198,0
CHEMBL598070,1,1,G protein-coupled receptors,CHEMBL2414,0
CHEMBL5982645,1,1,Ion channels and transporters,CHEMBL4633,0
CHEMBL598339,1,1,G protein-coupled receptors,CHEMBL2414,0
CHEMBL5983446,1,1,Ion channels and transporters,CHEMBL4633,0
CHEMBL5985695,1,1,Ion channels and transporters,CHEMBL4633,0
CHEMBL598785,1,1,Other/unclassified,CHEMBL3308998,0
CHEMBL5994449,1,1,Proteases,CHEMBL3922,0
CHEMBL5997397,1,1,G protein-coupled receptors,CHEMBL4333,0
CHEMBL5997954,1,1,Kinases,CHEMBL2973,0
CHEMBL599995,1,1,G protein-coupled receptors,CHEMBL2414,0
CHEMBL599996,1,1,G protein-coupled receptors,CHEMBL2414,0
CHEMBL600016,1,1,G protein-coupled receptors,CHEMBL2414,0
CHEMBL600017,1,1,G protein-coupled receptors,CHEMBL2414,0
CHEMBL600018,1,1,G protein-coupled receptors,CHEMBL2414,0
CHEMBL600019,1,1,G protein-coupled receptors,CHEMBL2414,0
CHEMBL600114,1,1,Other enzymes,CHEMBL4234,0
CHEMBL600196,1,1,G protein-coupled receptors,CHEMBL2414,0
CHEMBL600197,1,1,G protein-coupled receptors,CHEMBL2414,0
CHEMBL600409,1,1,G protein-coupled receptors,CHEMBL2414,0
CHEMBL6005250,1,1,G protein-coupled receptors,CHEMBL4333,0
CHEMBL6007188,1,1,Kinases,CHEMBL2973,0
CHEMBL600805,1,1,G protein-coupled receptors,CHEMBL2414,0
CHEMBL6011250,1,1,Proteases,CHEMBL284,0
CHEMBL601217,1,1,G protein-coupled receptors,CHEMBL2414,0
CHEMBL601424,1,1,G protein-coupled receptors,CHEMBL2414,0
CHEMBL601481,1,1,Other enzymes,CHEMBL4234,0
CHEMBL6015318,1,1,Other enzymes,CHEMBL2007625,0
CHEMBL601650,1,1,G protein-coupled receptors,CHEMBL2414,0
CHEMBL601651,1,1,G protein-coupled receptors,CHEMBL2414,0
CHEMBL601652,1,1,G protein-coupled receptors,CHEMBL2414,0
CHEMBL601653,1,1,G protein-coupled receptors,CHEMBL2414,0
CHEMBL601700,1,1,Other enzymes,CHEMBL4234,0
CHEMBL6018174,1,1,G protein-coupled receptors,CHEMBL4333,0
CHEMBL6019992,1,1,Ion channels and transporters,CHEMBL4633,0
CHEMBL6021245,1,1,Ion channels and transporters,CHEMBL4633,0
CHEMBL602269,1,1,G protein-coupled receptors,CHEMBL2414,0
CHEMBL602474,1,1,G protein-coupled receptors,CHEMBL2414,0
CHEMBL6026172,1,1,Other/unclassified,CHEMBL2176846,0
CHEMBL602887,1,1,G protein-coupled receptors,CHEMBL2414,0
CHEMBL602888,1,1,G protein-coupled receptors,CHEMBL2414,0
CHEMBL603104,1,1,G protein-coupled receptors,CHEMBL2414,0
CHEMBL6031493,1,1,Ion channels and transporters,CHEMBL4633,0
CHEMBL6034177,1,1,Ion channels and transporters,CHEMBL4633,0
CHEMBL603701,1,1,G protein-coupled receptors,CHEMBL2414,0
CHEMBL604130,1,1,G protein-coupled receptors,CHEMBL2414,0
CHEMBL6042717,1,1,Kinases,CHEMBL2973,0
CHEMBL604330,1,1,G protein-coupled receptors,CHEMBL2414,0
CHEMBL6043442,1,1,Ion channels and transporters,CHEMBL4633,0
CHEMBL6049649,1,1,Ion channels and transporters,CHEMBL4633,0
CHEMBL6049774,1,1,Kinases,CHEMBL1163101,0
CHEMBL605082,1,1,Other enzymes,CHEMBL4234,0
CHEMBL605157,1,1,Other/unclassified,CHEMBL3251,0
CHEMBL6051764,1,1,Ion channels and transporters,CHEMBL4633,0
CHEMBL605407,1,1,Other enzymes,CHEMBL4234,0
CHEMBL6054230,1,1,Ion channels and transporters,CHEMBL4633,0
CHEMBL605581,1,1,G protein-coupled receptors,CHEMBL2414,0
CHEMBL606421,1,1,G protein-coupled receptors,CHEMBL2414,0
CHEMBL607137,1,1,G protein-coupled receptors,CHEMBL2414,0
CHEMBL607808,1,1,Other enzymes,CHEMBL4234,0
CHEMBL609568,1,1,Other enzymes,CHEMBL4234,0
CHEMBL611508,1,1,G protein-coupled receptors,CHEMBL2414,0
CHEMBL6441,1,1,Nuclear receptors,CHEMBL208,0
CHEMBL64744,1,1,Proteases,CHEMBL243,0
CHEMBL6530,1,1,Nuclear receptors,CHEMBL1871,0
CHEMBL6721,1,1,Nuclear receptors,CHEMBL1871,0
CHEMBL67818,1,1,Other enzymes,CHEMBL2284,0
CHEMBL67979,1,1,Other enzymes,CHEMBL2284,0
CHEMBL69085,1,1,Other enzymes,CHEMBL2284,0
CHEMBL70378,1,1,Other enzymes,CHEMBL2284,0
CHEMBL71407,1,1,Other enzymes,CHEMBL2284,0
CHEMBL76373,1,1,Other enzymes,CHEMBL1787,0
CHEMBL76959,1,1,Other enzymes,CHEMBL1787,0
CHEMBL77169,1,1,Other enzymes,CHEMBL1787,0
CHEMBL77650,1,1,Other enzymes,CHEMBL1787,0
CHEMBL7840,1,1,Other enzymes,CHEMBL247,0
CHEMBL78493,1,1,Proteases,CHEMBL243,0
CHEMBL80362,1,1,Proteases,CHEMBL243,0
CHEMBL80529,1,1,Proteases,CHEMBL243,0
CHEMBL80556,1,1,Proteases,CHEMBL243,0
CHEMBL80630,1,1,Proteases,CHEMBL243,0
CHEMBL80837,1,1,Kinases,CHEMBL3587,0
CHEMBL80972,1,1,Proteases,CHEMBL243,0
CHEMBL82742,1,1,Other enzymes,CHEMBL3471,0
CHEMBL83568,1,1,Proteases,CHEMBL3314,0
CHEMBL87407,1,1,Proteases,CHEMBL3314,0
CHEMBL87446,1,1,Proteases,CHEMBL3314,0
CHEMBL87575,1,1,Proteases,CHEMBL3314,0
CHEMBL87825,1,1,Proteases,CHEMBL3314,0
CHEMBL88296,1,1,G protein-coupled receptors,CHEMBL219,0
CHEMBL88443,1,1,Proteases,CHEMBL243,0
CHEMBL88511,1,1,Proteases,CHEMBL243,0
CHEMBL88778,1,1,Proteases,CHEMBL243,0
CHEMBL88855,1,1,Proteases,CHEMBL243,0
CHEMBL89166,1,1,Proteases,CHEMBL243,0
CHEMBL89757,1,1,Other enzymes,CHEMBL215,0
CHEMBL89913,1,1,G protein-coupled receptors,CHEMBL219,0
CHEMBL90173,1,1,G protein-coupled receptors,CHEMBL219,0
CHEMBL90188,1,1,Proteases,CHEMBL243,0
CHEMBL90466,1,1,G protein-coupled receptors,CHEMBL219,0
CHEMBL91025,1,1,Proteases,CHEMBL243,0
CHEMBL91367,1,1,G protein-coupled receptors,CHEMBL219,0
CHEMBL91457,1,1,Proteases,CHEMBL243,0
CHEMBL91585,1,1,G protein-coupled receptors,CHEMBL219,0
CHEMBL91658,1,1,G protein-coupled receptors,CHEMBL219,0
CHEMBL91766,1,1,Proteases,CHEMBL243,0
CHEMBL92492,1,1,Proteases,CHEMBL243,0
