case_id,target_label,case_priority,target_chembl_id,target_name,target_organism,endpoint,compound_id,canonical_smiles,inchi_key,median_pactivity,mean_pactivity,std_pactivity,min_pactivity,max_pactivity,pactivity_range_within_duplicate_records,record_count_for_compound,doi_count_for_compound,doi_list,year_min,year_max,record_id_list,smiles_missing,duplicate_activity_flag
ACHE_HUMAN_IC50,Human AChE,primary,CHEMBL220,Acetylcholinesterase,Homo sapiens,IC50,CHEMBL1940738,COc1cc2oc(=O)c(OCCCCOc3cc(O)cc(N(C)C)c3)c(C)c2cc1OC,INGQQCBCWQDABA-UHFFFAOYSA-N,9.63,9.63,0.0,9.63,9.63,0.0,1,1,10.1016/j.bmc.2011.12.042,2012,2012,8001639,False,0
ACHE_HUMAN_IC50,Human AChE,primary,CHEMBL220,Acetylcholinesterase,Homo sapiens,IC50,CHEMBL2047525,CNC(=O)Oc1cccc(CN(C)CCCCCCCOc2ccc(-c3cc4ccccc4oc3=O)cc2)c1,RTMBGYVFBGIVHT-UHFFFAOYSA-N,8.92,8.92,0.0,8.92,8.92,0.0,1,1,10.1016/j.ejmech.2022.114606,2022,2022,24963251,False,0
ACHE_HUMAN_IC50,Human AChE,primary,CHEMBL220,Acetylcholinesterase,Homo sapiens,IC50,CHEMBL340625,CNC(=O)Oc1cccc(CN(C)CCCOc2ccc3ccc(=O)oc3c2)c1,XVJDMVSHDMGRQA-UHFFFAOYSA-N,8.24,8.24,0.0,8.24,8.24,0.0,2,2,10.1007/s00044-010-9373-7; 10.1016/j.ejmech.2009.12.038,2010,2011,12427229; 3316260,False,1
ACHE_HUMAN_IC50,Human AChE,primary,CHEMBL220,Acetylcholinesterase,Homo sapiens,IC50,CHEMBL5219522,Cc1c(Cl)c(=O)oc2cc(OCCCCSC(=S)N3CCCCC3C)ccc12,QPKSHJTZCXULAH-UHFFFAOYSA-N,8.17,8.17,0.0,8.17,8.17,0.0,1,1,10.1016/j.ejmech.2022.114606,2022,2022,24963331,False,0
ACHE_HUMAN_IC50,Human AChE,primary,CHEMBL220,Acetylcholinesterase,Homo sapiens,IC50,CHEMBL396199,COc1cc2cc(-c3ccc(C[N+](C)(C)Cc4ccccc4)cc3)c(=O)oc2cc1OC.[I-],QORXOGZMDOMBOV-UHFFFAOYSA-M,7.98,7.98,0.0,7.98,7.98,0.0,1,1,10.1021/jm070100g,2007,2007,1915646,False,0
ACHE_HUMAN_IC50,Human AChE,primary,CHEMBL220,Acetylcholinesterase,Homo sapiens,IC50,CHEMBL3828693,CCCCCCCNC(=O)Oc1cccc(CN(C)CCCCCOc2ccc3ccc(=O)oc3c2)c1,YUVUWSUDMVTYOB-UHFFFAOYSA-N,7.95,7.95,0.0,7.95,7.95,0.0,1,1,10.1021/acs.jmedchem.6b00609,2016,2016,16646198,False,0
ACHE_HUMAN_IC50,Human AChE,primary,CHEMBL220,Acetylcholinesterase,Homo sapiens,IC50,CHEMBL1084883,CCCCCCNC(=O)Oc1cccc(CN(C)CCCOc2ccc3ccc(=O)oc3c2)c1,ZRCBPVTWLWOJLM-UHFFFAOYSA-N,7.89,7.89,0.0,7.89,7.89,0.0,1,1,10.1016/j.ejmech.2009.12.038,2010,2010,3316262,False,0
ACHE_HUMAN_IC50,Human AChE,primary,CHEMBL220,Acetylcholinesterase,Homo sapiens,IC50,CHEMBL128551,CCCCNC(=O)Oc1cccc(CN(C)CCCOc2ccc3ccc(=O)oc3c2)c1,MTHAAFJWKDKWDN-UHFFFAOYSA-N,7.85,7.85,0.0,7.85,7.85,0.0,2,2,10.1007/s00044-010-9373-7; 10.1016/j.ejmech.2009.12.038,2010,2011,12427220; 3316261,False,1
ACHE_HUMAN_IC50,Human AChE,primary,CHEMBL220,Acetylcholinesterase,Homo sapiens,IC50,CHEMBL3322160,O=C(Cc1cc(=O)oc2cc(O)ccc12)NCCCCNc1c2c(nc3ccccc13)CCCC2,NZAHEPIMJGOXMA-UHFFFAOYSA-N,7.81,7.81,0.0,7.81,7.81,0.0,1,1,10.1021/jm5008648,2014,2014,15013239,False,0
ACHE_HUMAN_IC50,Human AChE,primary,CHEMBL220,Acetylcholinesterase,Homo sapiens,IC50,CHEMBL3417300,Cc1c(C)c2ccc(OCCN3CCN(CCCNc4c5c(nc6ccccc46)CCCC5)CC3)cc2oc1=O,QXXGDBDNPIPTRF-UHFFFAOYSA-N,7.79,7.79,0.0,7.79,7.79,0.0,1,1,10.1016/j.ejmech.2015.03.040,2015,2015,15220297,False,0
ACHE_HUMAN_IC50,Human AChE,primary,CHEMBL220,Acetylcholinesterase,Homo sapiens,IC50,CHEMBL244416,CCN(Cc1ccccc1)Cc1ccc(-c2cc3cc(OC)c(OC)cc3oc2=O)cc1,PNZIOQNBQOTGPK-UHFFFAOYSA-N,7.74,7.743333333333333,0.005773502691896135,7.74,7.75,0.009999999999999787,3,3,10.1016/j.bmc.2016.07.061; 10.1016/j.bmcl.2007.09.100; 10.1021/jm070100g,2007,2016,1915658; 19444801; 2087475,False,1
ACHE_HUMAN_IC50,Human AChE,primary,CHEMBL220,Acetylcholinesterase,Homo sapiens,IC50,CHEMBL3827610,CCCCCCCNC(=O)Oc1cccc(CN(C)CCCCCOc2ccc3c4c(c(=O)oc3c2)CCCC4)c1,XFLYZTYNYBFURZ-UHFFFAOYSA-N,7.74,7.74,0.0,7.74,7.74,0.0,1,1,10.1021/acs.jmedchem.6b00609,2016,2016,16646199,False,0
ACHE_HUMAN_IC50,Human AChE,primary,CHEMBL220,Acetylcholinesterase,Homo sapiens,IC50,CHEMBL4648322,COc1cc2cc(NC(=O)[C@@H]3CCC[C@H](NCc4ccccc4)C3)c(=O)oc2cc1OC,UGTGSTDFYWUXNH-MJGOQNOKSA-N,7.72,7.72,0.0,7.72,7.72,0.0,1,1,10.1021/acsmedchemlett.9b00656,2020,2020,20652098,False,0
ACHE_HUMAN_IC50,Human AChE,primary,CHEMBL220,Acetylcholinesterase,Homo sapiens,IC50,CHEMBL3827288,CCCCCCCNC(=O)Oc1cccc(CN(C)CCCOc2ccc3c4c(c(=O)oc3c2)CCCC4)c1,HAZCMESEHYLZER-UHFFFAOYSA-N,7.67,7.67,0.0,7.67,7.67,0.0,1,1,10.1021/acs.jmedchem.6b00609,2016,2016,16646194,False,0
ACHE_HUMAN_IC50,Human AChE,primary,CHEMBL220,Acetylcholinesterase,Homo sapiens,IC50,CHEMBL3417299,Cc1c(Cl)c(=O)oc2cc(OCCN3CCN(CCCNc4c5c(nc6ccccc46)CCCC5)CC3)ccc12,GDFJHAWHVPWSSH-UHFFFAOYSA-N,7.61,7.61,0.0,7.61,7.61,0.0,1,1,10.1016/j.ejmech.2015.03.040,2015,2015,15220298,False,0
ACHE_HUMAN_IC50,Human AChE,primary,CHEMBL220,Acetylcholinesterase,Homo sapiens,IC50,CHEMBL4167524,Cc1cc(=O)oc2cc(OCCCCSC(=S)N3CCCCC3)ccc12,ZOCBBCHDTYVHNA-UHFFFAOYSA-N,7.57,7.57,0.0,7.57,7.57,0.0,1,1,10.1016/j.ejmech.2018.01.055,2018,2018,18390224,False,0
ACHE_HUMAN_IC50,Human AChE,primary,CHEMBL220,Acetylcholinesterase,Homo sapiens,IC50,CHEMBL5200462,O=c1cc(/N=N/N=P(CCP(=N/N=N/c2cc(=O)oc3ccccc23)(c2ccccc2)c2ccccc2)(c2ccccc2)c2ccccc2)c2ccccc2o1,KYZDSNSHJIAEDG-MLGMXDONSA-N,7.46,7.46,0.0,7.46,7.46,0.0,1,1,10.1016/j.bmc.2022.116742,2022,2022,24776935,False,0
ACHE_HUMAN_IC50,Human AChE,primary,CHEMBL220,Acetylcholinesterase,Homo sapiens,IC50,CHEMBL4210401,Cc1ccccc1C[n+]1ccc(COc2ccc3c(C)cc(=O)oc3c2)cc1.[Br-],SXYXVHCWGYVMER-UHFFFAOYSA-M,7.45,7.45,0.0,7.45,7.45,0.0,1,1,10.1016/j.ejmech.2017.07.055,2017,2017,18517575,False,0
ACHE_HUMAN_IC50,Human AChE,primary,CHEMBL220,Acetylcholinesterase,Homo sapiens,IC50,CHEMBL4217755,Cc1cc(=O)oc2cc(OCc3cc[n+](Cc4ccc(F)cc4)cc3)ccc12.[Br-],PDFLRMDYGUHWFB-UHFFFAOYSA-M,7.43,7.43,0.0,7.43,7.43,0.0,1,1,10.1016/j.ejmech.2017.07.055,2017,2017,18517574,False,0
ACHE_HUMAN_IC50,Human AChE,primary,CHEMBL220,Acetylcholinesterase,Homo sapiens,IC50,CHEMBL440526,CCCCCCCNC(=O)Oc1cccc(CN(C)CCCOc2ccc3ccc(=O)oc3c2)c1,FTRXEEOTFGUKHN-UHFFFAOYSA-N,7.43,7.43,0.0,7.43,7.43,0.0,1,1,10.1021/acs.jmedchem.6b00609,2016,2016,16646193,False,0
ACHE_HUMAN_IC50,Human AChE,primary,CHEMBL220,Acetylcholinesterase,Homo sapiens,IC50,CHEMBL4473727,O=C(CNc1ccc2oc(=O)ccc2c1)N1CCOCC1,VCFKBYXCFDZGGP-UHFFFAOYSA-N,7.43,7.43,0.0,7.43,7.43,0.0,1,1,10.1016/j.ejmech.2019.111651,2019,2019,19279538,False,0
ACHE_HUMAN_IC50,Human AChE,primary,CHEMBL220,Acetylcholinesterase,Homo sapiens,IC50,CHEMBL4514959,O=C(Cc1cc(=O)oc2cc(O)ccc12)NCCCNCCNCCCNc1c2c(nc3ccccc13)CCCC2,KVFYASGAAUBFSE-UHFFFAOYSA-N,7.42,7.42,0.0,7.42,7.42,0.0,1,1,10.1016/j.bmc.2019.06.033,2019,2019,19179330,False,0
ACHE_HUMAN_IC50,Human AChE,primary,CHEMBL220,Acetylcholinesterase,Homo sapiens,IC50,CHEMBL4441237,CN(C)c1ccc(/C=N/c2ccc3oc(=O)ccc3c2)cc1,ZKQGSSZNZGKUHL-XDHOZWIPSA-N,7.39,7.39,0.0,7.39,7.39,0.0,1,1,10.1016/j.ejmech.2019.111651,2019,2019,19279546,False,0
ACHE_HUMAN_IC50,Human AChE,primary,CHEMBL220,Acetylcholinesterase,Homo sapiens,IC50,CHEMBL4206041,Cc1cc(=O)oc2cc(OCc3cc[n+](Cc4cccc(F)c4)cc3)ccc12.[Br-],UXMYNPRPWZGKKW-UHFFFAOYSA-M,7.38,7.38,0.0,7.38,7.38,0.0,1,1,10.1016/j.ejmech.2017.07.055,2017,2017,18517573,False,0
ACHE_HUMAN_IC50,Human AChE,primary,CHEMBL220,Acetylcholinesterase,Homo sapiens,IC50,CHEMBL2314726,COc1cc2cc(NC(=O)[C@H]3CCC[C@@H](NCc4ccccc4)C3)c(=O)oc2cc1OC,UGTGSTDFYWUXNH-PKOBYXMFSA-N,7.37,7.076666666666667,0.5697660338536631,6.42,7.44,1.0200000000000005,3,2,10.1016/j.bmc.2012.10.045; 10.1021/acsmedchemlett.9b00656,2013,2020,12633691; 20652099; 20652100,False,1
ACHE_HUMAN_IC50,Human AChE,primary,CHEMBL220,Acetylcholinesterase,Homo sapiens,IC50,CHEMBL75121,COc1cc2cc(-c3ccc(CN(C)Cc4ccccc4)cc3)c(=O)oc2cc1OC,KXMCSAUVAHKCOR-UHFFFAOYSA-N,7.35,7.351111111111111,0.0033333333333335586,7.35,7.36,0.010000000000000675,9,9,10.1016/j.bmc.2010.01.071; 10.1016/j.bmc.2016.07.061; 10.1016/j.bmc.2017.05.043; 10.1016/j.bmcl.2007.09.100; 10.1016/j.ejmech.2018.05.031; 10.1021/jm0340602; 10.1021/jm0496741; 10.1021/jm070100g; 10.1021/jm7009364,2003,2018,1197605; 1517917; 18255378; 18429861; 1915642; 19444802; 2077398; 2087474; 3126505,False,1
ACHE_HUMAN_IC50,Human AChE,primary,CHEMBL220,Acetylcholinesterase,Homo sapiens,IC50,CHEMBL396247,COc1cc2cc(-c3ccc(CN(CCO)Cc4ccccc4)cc3)c(=O)oc2cc1OC,VFAABMDLNHZKGL-UHFFFAOYSA-N,7.31,7.31,0.0,7.31,7.31,0.0,1,1,10.1021/jm070100g,2007,2007,1915657,False,0
ACHE_HUMAN_IC50,Human AChE,primary,CHEMBL220,Acetylcholinesterase,Homo sapiens,IC50,CHEMBL4465796,COc1ccc(/C=C2/S/C(=N/c3ccc4oc(=O)ccc4c3)NC2=O)cc1,NMUYXKGDKIKNFS-LICLKQGHSA-N,7.3,7.3,0.0,7.3,7.3,0.0,1,1,10.1016/j.ejmech.2019.111651,2019,2019,19279552,False,0
ACHE_HUMAN_IC50,Human AChE,primary,CHEMBL220,Acetylcholinesterase,Homo sapiens,IC50,CHEMBL4436169,COc1ccc(C(=O)CNc2ccc3oc(=O)ccc3c2)cc1,NGGRBSLMIDZMRP-UHFFFAOYSA-N,7.26,7.26,0.0,7.26,7.26,0.0,1,1,10.1016/j.ejmech.2019.111651,2019,2019,19279540,False,0
ACHE_HUMAN_IC50,Human AChE,primary,CHEMBL220,Acetylcholinesterase,Homo sapiens,IC50,CHEMBL4446234,COc1ccc(NCC(=O)Nc2ccc3oc(=O)ccc3c2)cc1,SEDROBTYPDYXTC-UHFFFAOYSA-N,7.26,7.26,0.0,7.26,7.26,0.0,1,1,10.1016/j.ejmech.2019.111651,2019,2019,19279558,False,0
ACHE_HUMAN_IC50,Human AChE,primary,CHEMBL220,Acetylcholinesterase,Homo sapiens,IC50,CHEMBL4516296,O=c1ccc2cc(/N=C/c3ccc(Br)cc3)ccc2o1,ZZPNBPQPJRVOMS-VCHYOVAHSA-N,7.25,7.25,0.0,7.25,7.25,0.0,1,1,10.1016/j.ejmech.2019.111651,2019,2019,19279545,False,0
ACHE_HUMAN_IC50,Human AChE,primary,CHEMBL220,Acetylcholinesterase,Homo sapiens,IC50,CHEMBL389825,COc1ccccc1CN(C)Cc1ccc(-c2cc3cc(OC)c(OC)cc3oc2=O)cc1,WGNYJSHONXWUNW-UHFFFAOYSA-N,7.21,7.21,0.0,7.21,7.21,0.0,1,1,10.1021/jm070100g,2007,2007,1915661,False,0
ACHE_HUMAN_IC50,Human AChE,primary,CHEMBL220,Acetylcholinesterase,Homo sapiens,IC50,CHEMBL4515881,O=C(CNc1ccc(F)cc1)Nc1ccc2oc(=O)ccc2c1,DOFZSIJMSZOTTG-UHFFFAOYSA-N,7.21,7.21,0.0,7.21,7.21,0.0,1,1,10.1016/j.ejmech.2019.111651,2019,2019,19279559,False,0
ACHE_HUMAN_IC50,Human AChE,primary,CHEMBL220,Acetylcholinesterase,Homo sapiens,IC50,CHEMBL4205764,Cc1cc(=O)oc2cc(OCc3cc[n+](Cc4ccccc4F)cc3)ccc12.[Br-],DMGKKGXQFVPDLI-UHFFFAOYSA-M,7.18,7.18,0.0,7.18,7.18,0.0,1,1,10.1016/j.ejmech.2017.07.055,2017,2017,18517572,False,0
ACHE_HUMAN_IC50,Human AChE,primary,CHEMBL220,Acetylcholinesterase,Homo sapiens,IC50,CHEMBL3764211,Cc1cc(=O)oc2cc(CNCCC3CCN(Cc4ccccc4)CC3)ccc12,HZEOKPNLIUABIQ-UHFFFAOYSA-N,7.17,7.17,0.0,7.17,7.17,0.0,1,1,10.1016/j.bmc.2016.02.023,2016,2016,16481069,False,0
ACHE_HUMAN_IC50,Human AChE,primary,CHEMBL220,Acetylcholinesterase,Homo sapiens,IC50,CHEMBL4564320,COc1ccc(C2SCC(=O)N2c2ccc3oc(=O)ccc3c2)cc1,SIVGBONSDGNUGI-UHFFFAOYSA-N,7.15,7.15,0.0,7.15,7.15,0.0,1,1,10.1016/j.ejmech.2019.111651,2019,2019,19279544,False,0
ACHE_HUMAN_IC50,Human AChE,primary,CHEMBL220,Acetylcholinesterase,Homo sapiens,IC50,CHEMBL2047528,CN(CCCOc1ccc2ccc(=O)oc2c1)Cc1cccc(OC(=O)NCCCCCc2ccccc2)c1,LPCKLAOPKGFZKH-UHFFFAOYSA-N,7.13,7.13,0.0,7.13,7.13,0.0,1,1,10.1021/ml200313p,2012,2012,10941486,False,0
ACHE_HUMAN_IC50,Human AChE,primary,CHEMBL220,Acetylcholinesterase,Homo sapiens,IC50,CHEMBL4208961,Cc1cc(=O)oc2cc(OCc3cc[n+](Cc4ccccc4Br)cc3)ccc12.[Br-],HGSMDYBCEIXINY-UHFFFAOYSA-M,7.11,7.11,0.0,7.11,7.11,0.0,1,1,10.1016/j.ejmech.2017.07.055,2017,2017,18517578,False,0
ACHE_HUMAN_IC50,Human AChE,primary,CHEMBL220,Acetylcholinesterase,Homo sapiens,IC50,CHEMBL4449161,O=c1ccc2cc(/N=C/c3ccc(Cl)cc3)ccc2o1,RBBODLPAWOESCD-VCHYOVAHSA-N,7.1,7.1,0.0,7.1,7.1,0.0,1,1,10.1016/j.ejmech.2019.111651,2019,2019,19279547,False,0
ACHE_HUMAN_IC50,Human AChE,primary,CHEMBL220,Acetylcholinesterase,Homo sapiens,IC50,CHEMBL4467130,O=C(CNc1ccc2oc(=O)ccc2c1)N1CCN(c2ccccc2)CC1,AKCQVKULWVLHMR-UHFFFAOYSA-N,7.1,7.1,0.0,7.1,7.1,0.0,1,1,10.1016/j.ejmech.2019.111651,2019,2019,19279539,False,0
ACHE_HUMAN_IC50,Human AChE,primary,CHEMBL220,Acetylcholinesterase,Homo sapiens,IC50,CHEMBL3828259,Cc1cc(=O)oc2cc(OCCCN(C)Cc3cccc(OC(=O)NCCCCCc4ccccc4)c3)ccc12,RIRAXUJPOGFDFJ-UHFFFAOYSA-N,7.09,7.09,0.0,7.09,7.09,0.0,1,1,10.1021/acs.jmedchem.6b00609,2016,2016,16645328,False,0
ACHE_HUMAN_IC50,Human AChE,primary,CHEMBL220,Acetylcholinesterase,Homo sapiens,IC50,CHEMBL4205520,Cc1cccc(C[n+]2ccc(COc3ccc4c(C)cc(=O)oc4c3)cc2)c1.[Br-],SBLXOXLJUZQAJL-UHFFFAOYSA-M,7.08,7.08,0.0,7.08,7.08,0.0,1,1,10.1016/j.ejmech.2017.07.055,2017,2017,18517576,False,0
ACHE_HUMAN_IC50,Human AChE,primary,CHEMBL220,Acetylcholinesterase,Homo sapiens,IC50,CHEMBL4540497,CN(C)c1ccc(/C=C2/S/C(=N/c3ccc4oc(=O)ccc4c3)NC2=O)cc1,IGKXKYWBWJLCKO-WOJGMQOQSA-N,7.08,7.08,0.0,7.08,7.08,0.0,1,1,10.1016/j.ejmech.2019.111651,2019,2019,19279556,False,0
ACHE_HUMAN_IC50,Human AChE,primary,CHEMBL220,Acetylcholinesterase,Homo sapiens,IC50,CHEMBL3827734,CN(CCCOc1ccc2c3c(c(=O)oc2c1)CCCC3)Cc1cccc(OC(=O)NCCCCCc2ccccc2)c1,SORZLAJXYYGEIQ-UHFFFAOYSA-N,7.05,7.05,0.0,7.05,7.05,0.0,1,1,10.1021/acs.jmedchem.6b00609,2016,2016,16645329,False,0
ACHE_HUMAN_IC50,Human AChE,primary,CHEMBL220,Acetylcholinesterase,Homo sapiens,IC50,CHEMBL3828293,CN(CCCCCOc1ccc2ccc(=O)oc2c1)Cc1cccc(OC(=O)NCCCCCc2ccccc2)c1,QUCBXGWIZAVJDM-UHFFFAOYSA-N,7.05,7.05,0.0,7.05,7.05,0.0,1,1,10.1021/acs.jmedchem.6b00609,2016,2016,16646197,False,0
ACHE_HUMAN_IC50,Human AChE,primary,CHEMBL220,Acetylcholinesterase,Homo sapiens,IC50,CHEMBL2391486,Cc1cc(=O)oc2cc(OCCN3CCN(CC(=O)Nc4c5c(nc6ccccc46)CCCC5)CC3)ccc12,RFIJTJVQDQTLEV-UHFFFAOYSA-N,7.04,7.04,0.0,7.04,7.04,0.0,1,1,10.1016/j.bmc.2014.05.032,2014,2014,15054164,False,0
ACHE_HUMAN_IC50,Human AChE,primary,CHEMBL220,Acetylcholinesterase,Homo sapiens,IC50,CHEMBL4451686,O=C1N/C(=N\c2ccc3oc(=O)ccc3c2)S/C1=C/c1ccccc1,REUPXWMWDMMODN-MHWRWJLKSA-N,7.03,7.03,0.0,7.03,7.03,0.0,1,1,10.1016/j.ejmech.2019.111651,2019,2019,19279537,False,0
ACHE_HUMAN_IC50,Human AChE,primary,CHEMBL220,Acetylcholinesterase,Homo sapiens,IC50,CHEMBL4444516,O=C1CSC(c2ccc(F)cc2)N1c1ccc2oc(=O)ccc2c1,ZHOBXFDNJYCWOK-UHFFFAOYSA-N,6.99,6.99,0.0,6.99,6.99,0.0,1,1,10.1016/j.ejmech.2019.111651,2019,2019,19279543,False,0
ACHE_HUMAN_IC50,Human AChE,primary,CHEMBL220,Acetylcholinesterase,Homo sapiens,IC50,CHEMBL5220375,CN(CCCOc1ccc2ccc(=O)oc2c1)Cc1cccc(OC(=O)NC2CCCCC2)c1,RIBSWIDLITYLHS-UHFFFAOYSA-N,6.98,6.98,0.0,6.98,6.98,0.0,1,1,10.1016/j.ejmech.2022.114606,2022,2022,24963324,False,0
ACHE_HUMAN_IC50,Human AChE,primary,CHEMBL220,Acetylcholinesterase,Homo sapiens,IC50,CHEMBL3827432,CN(CCCOc1ccc2ccc(=O)oc2c1)Cc1cccc(OC(=O)NCCCCCCc2ccccc2)c1,CQTFNVLDNHGYMC-UHFFFAOYSA-N,6.96,6.96,0.0,6.96,6.96,0.0,1,1,10.1021/acs.jmedchem.6b00609,2016,2016,16646196,False,0
ACHE_HUMAN_IC50,Human AChE,primary,CHEMBL220,Acetylcholinesterase,Homo sapiens,IC50,CHEMBL4537886,O=c1ccc2cc(/N=C/c3ccccc3)ccc2o1,JGGXMRCFUJMMJT-GZTJUZNOSA-N,6.94,6.94,0.0,6.94,6.94,0.0,1,1,10.1016/j.ejmech.2019.111651,2019,2019,19279551,False,0
ACHE_HUMAN_IC50,Human AChE,primary,CHEMBL220,Acetylcholinesterase,Homo sapiens,IC50,CHEMBL5219483,Cc1c(Cl)c(=O)oc2cc(OCCCCSC(=S)N3C(C)CCCC3C)ccc12,IKYVMKQIWKXWDL-UHFFFAOYSA-N,6.94,6.94,0.0,6.94,6.94,0.0,1,1,10.1016/j.ejmech.2022.114606,2022,2022,24963332,False,0
ACHE_HUMAN_IC50,Human AChE,primary,CHEMBL220,Acetylcholinesterase,Homo sapiens,IC50,CHEMBL2047529,CN(CCCOc1ccc2ccc(=O)oc2c1)Cc1cccc(OC(=O)NCCCCCCCN2CCOCC2)c1,SBQAIYUBGADZLI-UHFFFAOYSA-N,6.92,6.92,0.0,6.92,6.92,0.0,1,1,10.1021/ml200313p,2012,2012,10941487,False,0
ACHE_HUMAN_IC50,Human AChE,primary,CHEMBL220,Acetylcholinesterase,Homo sapiens,IC50,CHEMBL3586608,CN(Cc1ccccc1)Cc1ccc(COc2ccc3c(CO)cc(=O)oc3c2)cc1.Cl,BNTJFASFUKYXFU-UHFFFAOYSA-N,6.92,6.92,0.0,6.92,6.92,0.0,2,2,10.1021/acs.jmedchem.5b00599; 10.1021/acsmedchemlett.2c00001,2015,2022,15625546; 24804532,False,1
ACHE_HUMAN_IC50,Human AChE,primary,CHEMBL220,Acetylcholinesterase,Homo sapiens,IC50,CHEMBL3586771,CN(Cc1ccccc1)Cc1ccc(COc2ccc3c(CO)cc(=O)oc3c2)cc1,RTJRBYKZQSYWCM-UHFFFAOYSA-N,6.92,6.92,0.0,6.92,6.92,0.0,2,2,10.1016/j.ejmech.2024.116511; 10.1021/acs.jmedchem.1c01784,2022,2024,24422273; 25998532,False,1
ACHE_HUMAN_IC50,Human AChE,primary,CHEMBL220,Acetylcholinesterase,Homo sapiens,IC50,CHEMBL427865,COc1cc2cc(-c3ccc(CN(C)Cc4cccc(C)c4)cc3)c(=O)oc2cc1OC,BIGKNZBLJTVJKF-UHFFFAOYSA-N,6.91,6.91,0.0,6.91,6.91,0.0,1,1,10.1021/jm070100g,2007,2007,1915663,False,0
ACHE_HUMAN_IC50,Human AChE,primary,CHEMBL220,Acetylcholinesterase,Homo sapiens,IC50,CHEMBL3828631,CN(CCCOc1ccc2cc(-c3ccccc3)c(=O)oc2c1)Cc1cccc(OC(=O)NCCCCCc2ccccc2)c1,AIQDEPYUQBAQFT-UHFFFAOYSA-N,6.9,6.9,0.0,6.9,6.9,0.0,1,1,10.1021/acs.jmedchem.6b00609,2016,2016,16645331,False,0
ACHE_HUMAN_IC50,Human AChE,primary,CHEMBL220,Acetylcholinesterase,Homo sapiens,IC50,CHEMBL4218281,Cc1cc(=O)oc2cc(OCc3cc[n+](Cc4cccc(Br)c4)cc3)ccc12.[Br-],PDVFIUQVUQYIGU-UHFFFAOYSA-M,6.89,6.89,0.0,6.89,6.89,0.0,1,1,10.1016/j.ejmech.2017.07.055,2017,2017,18517579,False,0
ACHE_HUMAN_IC50,Human AChE,primary,CHEMBL220,Acetylcholinesterase,Homo sapiens,IC50,CHEMBL4520782,COc1ccc(/C=N/c2ccc3oc(=O)ccc3c2)cc1,MPZOWFXNJLLYIO-WOJGMQOQSA-N,6.87,6.87,0.0,6.87,6.87,0.0,1,1,10.1016/j.ejmech.2019.111651,2019,2019,19279550,False,0
ACHE_HUMAN_IC50,Human AChE,primary,CHEMBL220,Acetylcholinesterase,Homo sapiens,IC50,CHEMBL244619,CN(Cc1ccccc1)Cc1ccc(-c2cc3cc([N+](=O)[O-])ccc3oc2=O)cc1,YOADEHMCUGVQME-UHFFFAOYSA-N,6.83,6.83,0.0,6.83,6.83,0.0,1,1,10.1021/jm070100g,2007,2007,1915656,False,0
ACHE_HUMAN_IC50,Human AChE,primary,CHEMBL220,Acetylcholinesterase,Homo sapiens,IC50,CHEMBL4445907,O=C(CNc1ccc2oc(=O)ccc2c1)c1ccccc1,NPIBXWJMYNWBHM-UHFFFAOYSA-N,6.83,6.83,0.0,6.83,6.83,0.0,1,1,10.1016/j.ejmech.2019.111651,2019,2019,19279541,False,0
ACHE_HUMAN_IC50,Human AChE,primary,CHEMBL220,Acetylcholinesterase,Homo sapiens,IC50,CHEMBL4449791,CSc1ccc(/C=C2/S/C(=N/c3ccc4oc(=O)ccc4c3)NC2=O)cc1,BJQFTULFEHYYFF-LICLKQGHSA-N,6.82,6.82,0.0,6.82,6.82,0.0,1,1,10.1016/j.ejmech.2019.111651,2019,2019,19279554,False,0
ACHE_HUMAN_IC50,Human AChE,primary,CHEMBL220,Acetylcholinesterase,Homo sapiens,IC50,CHEMBL243532,COc1ccc2oc(=O)c(-c3ccc(CN(C)Cc4ccccc4)cc3)cc2c1,LCBAVKSTBQRTAA-UHFFFAOYSA-N,6.79,6.79,0.0,6.79,6.79,0.0,1,1,10.1021/jm070100g,2007,2007,1915668,False,0
ACHE_HUMAN_IC50,Human AChE,primary,CHEMBL220,Acetylcholinesterase,Homo sapiens,IC50,CHEMBL4437163,CSc1ccc(/C=N/c2ccc3oc(=O)ccc3c2)cc1,OFYBBBZAJKDRIN-WOJGMQOQSA-N,6.76,6.76,0.0,6.76,6.76,0.0,1,1,10.1016/j.ejmech.2019.111651,2019,2019,19279548,False,0
ACHE_HUMAN_IC50,Human AChE,primary,CHEMBL220,Acetylcholinesterase,Homo sapiens,IC50,CHEMBL4465315,O=C1N/C(=N\c2ccc3oc(=O)ccc3c2)S/C1=C/c1ccc(Cl)cc1,VJCSKCRTROHSRP-CXUHLZMHSA-N,6.76,6.76,0.0,6.76,6.76,0.0,1,1,10.1016/j.ejmech.2019.111651,2019,2019,19279555,False,0
ACHE_HUMAN_IC50,Human AChE,primary,CHEMBL220,Acetylcholinesterase,Homo sapiens,IC50,CHEMBL3827058,COc1ccc(-c2cc3cc(OCCCN(C)Cc4cccc(OC(=O)NCCCCCc5ccccc5)c4)ccc3oc2=O)cc1,AKOGQQINMRSZAR-UHFFFAOYSA-N,6.75,6.75,0.0,6.75,6.75,0.0,1,1,10.1021/acs.jmedchem.6b00609,2016,2016,16646191,False,0
ACHE_HUMAN_IC50,Human AChE,primary,CHEMBL220,Acetylcholinesterase,Homo sapiens,IC50,CHEMBL26125,CCN(Cc1ccccc1)Cc1ccc(-c2cc3ccc(OCCNC(=O)Cc4cc(F)cc(F)c4)cc3oc2=O)cc1,GRPPZHNSLSWJDA-UHFFFAOYSA-N,6.74,6.74,0.0,6.74,6.74,0.0,1,1,10.1016/j.bmcl.2007.09.100,2008,2008,2087479,False,0
ACHE_HUMAN_IC50,Human AChE,primary,CHEMBL220,Acetylcholinesterase,Homo sapiens,IC50,CHEMBL1940736,COc1ccccc1NCc1cc(=O)oc2cc3oc4ccccc4c3cc12,VVIKQVODDMCZOV-UHFFFAOYSA-N,6.72,6.72,0.0,6.72,6.72,0.0,1,1,10.1016/j.bmc.2011.12.042,2012,2012,8001637,False,0
ACHE_HUMAN_IC50,Human AChE,primary,CHEMBL220,Acetylcholinesterase,Homo sapiens,IC50,CHEMBL243310,COc1cc2cc(-c3cccc(CN(C)Cc4ccccc4)c3)c(=O)oc2cc1OC,LEKNRHNLBQAACF-UHFFFAOYSA-N,6.7,6.7,0.0,6.7,6.7,0.0,1,1,10.1021/jm070100g,2007,2007,1915672,False,0
ACHE_HUMAN_IC50,Human AChE,primary,CHEMBL220,Acetylcholinesterase,Homo sapiens,IC50,CHEMBL4174729,Cc1cc(=O)oc2cc(OCCCCCSC(=S)N3CCCCC3)ccc12,PIJXULBIDVGVGN-UHFFFAOYSA-N,6.68,6.68,0.0,6.68,6.68,0.0,1,1,10.1016/j.ejmech.2018.01.055,2018,2018,18390223,False,0
ACHE_HUMAN_IC50,Human AChE,primary,CHEMBL220,Acetylcholinesterase,Homo sapiens,IC50,CHEMBL3828696,CCCCCCCNC(=O)Oc1ccc(Cn2cc(COc3ccc4ccc(=O)oc4c3)nn2)cc1,WRJZOFVBFRGKHL-UHFFFAOYSA-N,6.67,6.67,0.0,6.67,6.67,0.0,1,1,10.1021/acs.jmedchem.6b00609,2016,2016,16646203,False,0
ACHE_HUMAN_IC50,Human AChE,primary,CHEMBL220,Acetylcholinesterase,Homo sapiens,IC50,CHEMBL4542575,O=C1N/C(=N\c2ccc3oc(=O)ccc3c2)S/C1=C/c1ccc(F)cc1,SFVHAIDUIJGMSM-CXUHLZMHSA-N,6.67,6.67,0.0,6.67,6.67,0.0,1,1,10.1016/j.ejmech.2019.111651,2019,2019,19279553,False,0
ACHE_HUMAN_IC50,Human AChE,primary,CHEMBL220,Acetylcholinesterase,Homo sapiens,IC50,CHEMBL4213345,Cc1cc(=O)oc2cc(OCc3cc[n+](Cc4ccc(Br)cc4)cc3)ccc12.[Br-],IZFCERVBDMXUMX-UHFFFAOYSA-M,6.66,6.66,0.0,6.66,6.66,0.0,1,1,10.1016/j.ejmech.2017.07.055,2017,2017,18517580,False,0
ACHE_HUMAN_IC50,Human AChE,primary,CHEMBL220,Acetylcholinesterase,Homo sapiens,IC50,CHEMBL4571434,O=c1ccc2cc(/N=C/c3ccc(F)cc3)ccc2o1,ALVSUYDOTINZNT-VCHYOVAHSA-N,6.65,6.65,0.0,6.65,6.65,0.0,1,1,10.1016/j.ejmech.2019.111651,2019,2019,19279549,False,0
ACHE_HUMAN_IC50,Human AChE,primary,CHEMBL220,Acetylcholinesterase,Homo sapiens,IC50,CHEMBL4646080,COc1cc2cc(NC(=O)C3CCN(Cc4ccccc4)CC3)c(=O)oc2cc1OC,KBDRPSKQRUYQSJ-UHFFFAOYSA-N,6.65,6.65,0.0,6.65,6.65,0.0,1,1,10.1021/acsmedchemlett.9b00656,2020,2020,20652096,False,0
ACHE_HUMAN_IC50,Human AChE,primary,CHEMBL220,Acetylcholinesterase,Homo sapiens,IC50,CHEMBL4205110,Cc1cc(=O)oc2cc(OCc3cc[n+](Cc4cccc([N+](=O)[O-])c4)cc3)ccc12.[Br-],UMMRLRFPUSAQBS-UHFFFAOYSA-M,6.64,6.64,0.0,6.64,6.64,0.0,1,1,10.1016/j.ejmech.2017.07.055,2017,2017,18517581,False,0
ACHE_HUMAN_IC50,Human AChE,primary,CHEMBL220,Acetylcholinesterase,Homo sapiens,IC50,CHEMBL4213874,Cc1ccc(C[n+]2ccc(COc3ccc4c(C)cc(=O)oc4c3)cc2)cc1.[Br-],VVLYCEJFLDQNDK-UHFFFAOYSA-M,6.6,6.6,0.0,6.6,6.6,0.0,1,1,10.1016/j.ejmech.2017.07.055,2017,2017,18517577,False,0
ACHE_HUMAN_IC50,Human AChE,primary,CHEMBL220,Acetylcholinesterase,Homo sapiens,IC50,CHEMBL3828054,O=C(NCCCCCc1ccccc1)Oc1ccc(Cn2cc(COc3ccc4ccc(=O)oc4c3)nn2)cc1,MBQLAHYLZRKMBE-UHFFFAOYSA-N,6.59,6.59,0.0,6.59,6.59,0.0,1,1,10.1021/acs.jmedchem.6b00609,2016,2016,16646201,False,0
ACHE_HUMAN_IC50,Human AChE,primary,CHEMBL220,Acetylcholinesterase,Homo sapiens,IC50,CHEMBL5590122,CN(Cc1ccc(COc2ccc3c(CO)cc(=O)oc3c2)cc1)Cc1ccsc1,LYPPXRDGIFOZKW-UHFFFAOYSA-N,6.58,6.58,0.0,6.58,6.58,0.0,1,1,10.1016/j.ejmech.2024.116511,2024,2024,25998535,False,0
ACHE_HUMAN_IC50,Human AChE,primary,CHEMBL220,Acetylcholinesterase,Homo sapiens,IC50,CHEMBL1940737,COc1cc2c(C)c(OC)c(=O)oc2cc1OCCCCOc1cc(O)cc(N(C)C)c1,XPLUXJZLCXRYPW-UHFFFAOYSA-N,6.56,6.56,0.0,6.56,6.56,0.0,1,1,10.1016/j.bmc.2011.12.042,2012,2012,8001638,False,0
ACHE_HUMAN_IC50,Human AChE,primary,CHEMBL220,Acetylcholinesterase,Homo sapiens,IC50,CHEMBL3322159,O=C(Cc1cc(=O)oc2cc(O)ccc12)NCCCNc1c2c(nc3ccccc13)CCCC2,LNXFVCTVJXMJED-UHFFFAOYSA-N,6.56,6.56,0.0,6.56,6.56,0.0,1,1,10.1021/jm5008648,2014,2014,15013238,False,0
ACHE_HUMAN_IC50,Human AChE,primary,CHEMBL220,Acetylcholinesterase,Homo sapiens,IC50,CHEMBL4519129,O=C1N/C(=N\c2ccc3oc(=O)ccc3c2)S/C1=C/c1ccc(Br)cc1,ISVNQARPXSBWBP-CXUHLZMHSA-N,6.56,6.56,0.0,6.56,6.56,0.0,1,1,10.1016/j.ejmech.2019.111651,2019,2019,19279557,False,0
ACHE_HUMAN_IC50,Human AChE,primary,CHEMBL220,Acetylcholinesterase,Homo sapiens,IC50,CHEMBL244624,CN(Cc1ccccc1)Cc1ccc(-c2cc3cc(N)ccc3oc2=O)cc1,WWWLNIZLSIHRAE-UHFFFAOYSA-N,6.55,6.55,0.0,6.55,6.55,0.0,1,1,10.1021/jm070100g,2007,2007,1915655,False,0
ACHE_HUMAN_IC50,Human AChE,primary,CHEMBL220,Acetylcholinesterase,Homo sapiens,IC50,CHEMBL4159609,Cc1cc(=O)oc2cc(OCCCSC(=S)N3CCCCC3)ccc12,WPNZIORZRPYVSP-UHFFFAOYSA-N,6.54,6.54,0.0,6.54,6.54,0.0,1,1,10.1016/j.ejmech.2018.01.055,2018,2018,18390225,False,0
ACHE_HUMAN_IC50,Human AChE,primary,CHEMBL220,Acetylcholinesterase,Homo sapiens,IC50,CHEMBL3586577,Cc1c(C)c2ccc(OCCCCCNCc3ccccc3)cc2oc1=O.Cl,PYWSNNOUDNPDGL-UHFFFAOYSA-N,6.52,6.52,0.0,6.52,6.52,0.0,1,1,10.1021/acs.jmedchem.5b00599,2015,2015,15625534,False,0
ACHE_HUMAN_IC50,Human AChE,primary,CHEMBL220,Acetylcholinesterase,Homo sapiens,IC50,CHEMBL413794,COc1ccc2oc(=O)c(-c3cccc(CN(C)Cc4ccccc4)c3)cc2c1,FIEUWEAPAWAGIC-UHFFFAOYSA-N,6.52,6.52,0.0,6.52,6.52,0.0,1,1,10.1021/jm070100g,2007,2007,1915669,False,0
ACHE_HUMAN_IC50,Human AChE,primary,CHEMBL220,Acetylcholinesterase,Homo sapiens,IC50,CHEMBL245046,COc1cc2cc(-c3ccc(CN(C)Cc4ccc(C)cc4)cc3)c(=O)oc2cc1OC,RNNHOLLWKOWGSG-UHFFFAOYSA-N,6.51,6.51,0.0,6.51,6.51,0.0,1,1,10.1021/jm070100g,2007,2007,1915662,False,0
ACHE_HUMAN_IC50,Human AChE,primary,CHEMBL220,Acetylcholinesterase,Homo sapiens,IC50,CHEMBL3827589,COc1ccc(-c2cc3ccc(OCCCN(C)Cc4cccc(OC(=O)NCCCCCc5ccccc5)c4)cc3oc2=O)cc1,VVVHTKDUIOCALE-UHFFFAOYSA-N,6.51,6.51,0.0,6.51,6.51,0.0,1,1,10.1021/acs.jmedchem.6b00609,2016,2016,16645332,False,0
ACHE_HUMAN_IC50,Human AChE,primary,CHEMBL220,Acetylcholinesterase,Homo sapiens,IC50,CHEMBL4519239,CSc1ccc(C2SCC(=O)N2c2ccc3oc(=O)ccc3c2)cc1,VIPFRQXJBJUMLE-UHFFFAOYSA-N,6.51,6.51,0.0,6.51,6.51,0.0,1,1,10.1016/j.ejmech.2019.111651,2019,2019,19279542,False,0
ACHE_HUMAN_IC50,Human AChE,primary,CHEMBL220,Acetylcholinesterase,Homo sapiens,IC50,CHEMBL271710,CCN(Cc1ccccc1)Cc1ccc(-c2cc3ccc(OCCNC(=O)CCc4ccc(F)c(F)c4)cc3oc2=O)cc1,QTSCLJVLMGAFJO-UHFFFAOYSA-N,6.49,6.49,0.0,6.49,6.49,0.0,1,1,10.1016/j.bmcl.2007.09.100,2008,2008,2087477,False,0
ACHE_HUMAN_IC50,Human AChE,primary,CHEMBL220,Acetylcholinesterase,Homo sapiens,IC50,CHEMBL3586610,CN(Cc1ccc(COc2ccc3c(CO)cc(=O)oc3c2)cc1)Cc1cccc(Cl)c1.Cl,FZZXGKUKZACCKL-UHFFFAOYSA-N,6.48,6.48,0.0,6.48,6.48,0.0,1,1,10.1021/acs.jmedchem.5b00599,2015,2015,15625547,False,0
ACHE_HUMAN_IC50,Human AChE,primary,CHEMBL220,Acetylcholinesterase,Homo sapiens,IC50,CHEMBL5090153,CN(Cc1ccc(COc2ccc3c(CO)cc(=O)oc3c2)cc1)Cc1cccc(F)c1,QLJQCJJMXAPXRX-UHFFFAOYSA-N,6.48,6.48,0.0,6.48,6.48,0.0,1,1,10.1021/acs.jmedchem.1c01784,2022,2022,24422272,False,0
ACHE_HUMAN_IC50,Human AChE,primary,CHEMBL220,Acetylcholinesterase,Homo sapiens,IC50,CHEMBL3586582,Cc1c(C)c2ccc(OCCCCCCN(C)Cc3ccccc3)cc2oc1=O,QGRBYVLSFDOHSR-UHFFFAOYSA-N,6.47,6.47,0.0,6.47,6.47,0.0,1,1,10.1021/acs.jmedchem.5b00599,2015,2015,15625535,False,0
ACHE_HUMAN_IC50,Human AChE,primary,CHEMBL220,Acetylcholinesterase,Homo sapiens,IC50,CHEMBL4217466,Cc1cc(=O)oc2cc(OCc3cc[n+](Cc4ccccc4)cc3)ccc12.[Br-],AYYLQVYVVGKBGJ-UHFFFAOYSA-M,6.45,6.45,0.0,6.45,6.45,0.0,1,1,10.1016/j.ejmech.2017.07.055,2017,2017,18517571,False,0
ACHE_HUMAN_IC50,Human AChE,primary,CHEMBL220,Acetylcholinesterase,Homo sapiens,IC50,CHEMBL243130,COc1cc2cc(-c3ccc(CN(C)Cc4ccccc4C)cc3)c(=O)oc2cc1OC,XZUBXCWVPOEDDO-UHFFFAOYSA-N,6.44,6.44,0.0,6.44,6.44,0.0,1,1,10.1021/jm070100g,2007,2007,1915664,False,0
ACHE_HUMAN_IC50,Human AChE,primary,CHEMBL220,Acetylcholinesterase,Homo sapiens,IC50,CHEMBL242905,COc1cc2cc(-c3ccc(CN(C)Cc4cccc([N+](=O)[O-])c4)cc3)c(=O)oc2cc1OC,QKFXUJGKQVMLDB-UHFFFAOYSA-N,6.43,6.43,0.0,6.43,6.43,0.0,1,1,10.1021/jm070100g,2007,2007,1915666,False,0
ACHE_HUMAN_IC50,Human AChE,primary,CHEMBL220,Acetylcholinesterase,Homo sapiens,IC50,CHEMBL4598256,Cc1c(C)c2ccc(OCC3CCN(Cc4ccccc4)CC3)cc2oc1=O,MWFBGTXYOJLQIW-UHFFFAOYSA-N,6.42,6.42,0.0,6.42,6.42,0.0,1,1,10.1021/acs.jmedchem.1c01784,2022,2022,24422278,False,0
ACHE_HUMAN_IC50,Human AChE,primary,CHEMBL220,Acetylcholinesterase,Homo sapiens,IC50,CHEMBL3827064,CN(CCCOc1ccc2c(c1)oc(=O)c1ccccc12)Cc1cccc(OC(=O)NCCCCCc2ccccc2)c1,FFAOXMVJVQDCQO-UHFFFAOYSA-N,6.41,6.41,0.0,6.41,6.41,0.0,1,1,10.1021/acs.jmedchem.6b00609,2016,2016,16645330,False,0
ACHE_HUMAN_IC50,Human AChE,primary,CHEMBL220,Acetylcholinesterase,Homo sapiens,IC50,CHEMBL3586583,CCN(CCCCCCOc1ccc2c(C)c(C)c(=O)oc2c1)Cc1ccccc1.Cl,OBKRRCVVXDEWRI-UHFFFAOYSA-N,6.36,6.36,0.0,6.36,6.36,0.0,1,1,10.1021/acs.jmedchem.5b00599,2015,2015,15625536,False,0
ACHE_HUMAN_IC50,Human AChE,primary,CHEMBL220,Acetylcholinesterase,Homo sapiens,IC50,CHEMBL3586595,Cc1c(C)c2ccc(OCc3ccc(CN(C)Cc4ccccc4)cc3)cc2oc1=O.Cl,MBKAOIVYJASVAB-UHFFFAOYSA-N,6.35,6.35,0.0,6.35,6.35,0.0,1,1,10.1021/acs.jmedchem.5b00599,2015,2015,15625540,False,0
ACHE_HUMAN_IC50,Human AChE,primary,CHEMBL220,Acetylcholinesterase,Homo sapiens,IC50,CHEMBL5090504,Cc1c(C)c2ccc(OCC3CCN(Cc4cccc(F)c4)CC3)cc2oc1=O,RYVDJROSDCHIPC-UHFFFAOYSA-N,6.34,6.34,0.0,6.34,6.34,0.0,1,1,10.1021/acs.jmedchem.1c01784,2022,2022,24422264,False,0
ACHE_HUMAN_IC50,Human AChE,primary,CHEMBL220,Acetylcholinesterase,Homo sapiens,IC50,CHEMBL4175175,Cc1cc(=O)oc2cc(OCCSC(=S)N3CCCCC3)ccc12,XLGODKFAPAATHI-UHFFFAOYSA-N,6.33,6.33,0.0,6.33,6.33,0.0,1,1,10.1016/j.ejmech.2018.01.055,2018,2018,18390228,False,0
ACHE_HUMAN_IC50,Human AChE,primary,CHEMBL220,Acetylcholinesterase,Homo sapiens,IC50,CHEMBL5085674,Cc1c(C)c2ccc(OCC3CCN(Cc4cccc(C(F)(F)F)c4)CC3)cc2oc1=O,KOLQZDAHCMXISM-UHFFFAOYSA-N,6.33,6.33,0.0,6.33,6.33,0.0,1,1,10.1021/acs.jmedchem.1c01784,2022,2022,24422265,False,0
ACHE_HUMAN_IC50,Human AChE,primary,CHEMBL220,Acetylcholinesterase,Homo sapiens,IC50,CHEMBL2441684,COc1c(F)c[n+](CCCCCOc2ccc3c(C)cc(=O)oc3c2)cc1F.O=S(=O)([O-])C(F)(F)F,ZMKVQRBBDBSXEZ-UHFFFAOYSA-M,6.325,6.325,0.007071067811865324,6.32,6.33,0.009999999999999787,2,1,10.1016/j.bmcl.2013.09.008,2013,2013,13509753; 13509785,False,1
ACHE_HUMAN_IC50,Human AChE,primary,CHEMBL220,Acetylcholinesterase,Homo sapiens,IC50,CHEMBL4578377,Cc1c(C)c2ccc(OCC3CCN(Cc4cccc(OCCCO[N+](=O)[O-])c4)CC3)cc2oc1=O,XOEFPFRIFYUXTJ-UHFFFAOYSA-N,6.32,6.32,0.0,6.32,6.32,0.0,1,1,10.1016/j.ejmech.2018.10.016,2019,2019,18936983,False,0
ACHE_HUMAN_IC50,Human AChE,primary,CHEMBL220,Acetylcholinesterase,Homo sapiens,IC50,CHEMBL5072382,Cc1c(C)c2ccc(OCC3CCCN(CCCC(F)F)C3)cc2oc1=O,KUHCABBCAHJPQR-UHFFFAOYSA-N,6.32,6.32,0.0,6.32,6.32,0.0,1,1,10.1021/acs.jmedchem.1c01784,2022,2022,24422263,False,0
ACHE_HUMAN_IC50,Human AChE,primary,CHEMBL220,Acetylcholinesterase,Homo sapiens,IC50,CHEMBL3586593,Cc1cc2ccc(OCc3ccc(CN(C)Cc4ccccc4)cc3)cc2oc1=O.Cl,XLSLYAQVOOFDSE-UHFFFAOYSA-N,6.3,6.3,0.0,6.3,6.3,0.0,1,1,10.1021/acs.jmedchem.5b00599,2015,2015,15625538,False,0
ACHE_HUMAN_IC50,Human AChE,primary,CHEMBL220,Acetylcholinesterase,Homo sapiens,IC50,CHEMBL5595332,CN(Cc1ccc(COc2ccc3c(CO)cc(=O)oc3c2)cc1)Cc1cccs1,URCBDSWAOOULBM-UHFFFAOYSA-N,6.3,6.3,0.0,6.3,6.3,0.0,1,1,10.1016/j.ejmech.2024.116511,2024,2024,25998533,False,0
ACHE_HUMAN_IC50,Human AChE,primary,CHEMBL220,Acetylcholinesterase,Homo sapiens,IC50,CHEMBL5218447,CN(CCCOc1ccc2ccc(=O)oc2c1)Cc1cccc(OC(=O)NC2CCCC2)c1,ZXMQJWJQVOCYQO-UHFFFAOYSA-N,6.28,6.28,0.0,6.28,6.28,0.0,1,1,10.1016/j.ejmech.2022.114606,2022,2022,24963323,False,0
ACHE_HUMAN_IC50,Human AChE,primary,CHEMBL220,Acetylcholinesterase,Homo sapiens,IC50,CHEMBL470867,COc1ccc2c(=O)oc3c(OC)cc(CCN(C)C)c4c(=O)oc1c2c34,MTAWKURMWOXCEO-UHFFFAOYSA-N,6.27,6.27,0.0,6.27,6.27,0.0,1,1,10.1021/np060268p,2006,2006,2535166,False,0
ACHE_HUMAN_IC50,Human AChE,primary,CHEMBL220,Acetylcholinesterase,Homo sapiens,IC50,CHEMBL272700,CCN(Cc1ccccc1)Cc1ccc(-c2cc3cc(OCCNC(=O)Cc4cc(F)cc(F)c4)ccc3oc2=O)cc1,YWZCKVAHVJWALI-UHFFFAOYSA-N,6.26,6.26,0.0,6.26,6.26,0.0,1,1,10.1016/j.bmcl.2007.09.100,2008,2008,2087483,False,0
ACHE_HUMAN_IC50,Human AChE,primary,CHEMBL220,Acetylcholinesterase,Homo sapiens,IC50,CHEMBL5082824,CN(CCCC(F)F)Cc1ccc(COc2ccc3c(CO)cc(=O)oc3c2)cc1,HUXCCRUQLRWJNF-UHFFFAOYSA-N,6.26,6.26,0.0,6.26,6.26,0.0,1,1,10.1021/acs.jmedchem.1c01784,2022,2022,24422271,False,0
ACHE_HUMAN_IC50,Human AChE,primary,CHEMBL220,Acetylcholinesterase,Homo sapiens,IC50,CHEMBL5083613,CN(Cc1ccccc1)Cc1ccc(COc2ccc3c(C(F)F)cc(=O)oc3c2)cc1,KUBYHRTYKKZBKV-UHFFFAOYSA-N,6.25,6.25,0.0,6.25,6.25,0.0,1,1,10.1021/acs.jmedchem.1c01784,2022,2022,24422274,False,0
ACHE_HUMAN_IC50,Human AChE,primary,CHEMBL220,Acetylcholinesterase,Homo sapiens,IC50,CHEMBL2440134,COc1c(F)c[n+](CCCCOc2ccc3c(C)cc(=O)oc3c2)cc1F.O=S(=O)([O-])C(F)(F)F,XRUAEVWJKITXIG-UHFFFAOYSA-M,6.220000000000001,6.220000000000001,0.08485281374238578,6.16,6.28,0.1200000000000001,2,1,10.1016/j.bmcl.2013.09.008,2013,2013,13509754; 13509786,False,1
ACHE_HUMAN_IC50,Human AChE,primary,CHEMBL220,Acetylcholinesterase,Homo sapiens,IC50,CHEMBL4164078,Cc1cc(=O)oc2cc(OCCCCCCSC(=S)N3CCCCC3)ccc12,ZAJSOHVCTIJVQN-UHFFFAOYSA-N,6.21,6.21,0.0,6.21,6.21,0.0,1,1,10.1016/j.ejmech.2018.01.055,2018,2018,18390222,False,0
ACHE_HUMAN_IC50,Human AChE,primary,CHEMBL220,Acetylcholinesterase,Homo sapiens,IC50,CHEMBL245047,COc1cccc(CN(C)Cc2ccc(-c3cc4cc(OC)c(OC)cc4oc3=O)cc2)c1,UIALHYCUMNMDDP-UHFFFAOYSA-N,6.15,6.15,0.0,6.15,6.15,0.0,1,1,10.1021/jm070100g,2007,2007,1915660,False,0
ACHE_HUMAN_IC50,Human AChE,primary,CHEMBL220,Acetylcholinesterase,Homo sapiens,IC50,CHEMBL3828443,CCCCCCCNC(=O)Oc1cccc(-n2cc(COc3ccc4ccc(=O)oc4c3)nn2)c1,PPZMDFRSOSZTFY-UHFFFAOYSA-N,6.15,6.15,0.0,6.15,6.15,0.0,1,1,10.1021/acs.jmedchem.6b00609,2016,2016,16646208,False,0
ACHE_HUMAN_IC50,Human AChE,primary,CHEMBL220,Acetylcholinesterase,Homo sapiens,IC50,CHEMBL4639105,COc1cc2cc(NC(=O)CCCNCc3ccccc3)c(=O)oc2cc1OC,GNNIJJBFVPDBRB-UHFFFAOYSA-N,6.13,6.13,0.0,6.13,6.13,0.0,1,1,10.1021/acsmedchemlett.9b00656,2020,2020,20652097,False,0
ACHE_HUMAN_IC50,Human AChE,primary,CHEMBL220,Acetylcholinesterase,Homo sapiens,IC50,CHEMBL4645659,COc1ccc(CCC(=O)Nc2nc(-c3cc4ccccc4oc3=O)cs2)cc1OC,GHIDWRDXHHQHJD-UHFFFAOYSA-N,6.13,6.13,0.0,6.13,6.13,0.0,1,1,10.1016/j.bmcl.2020.126985,2020,2020,20703835,False,0
ACHE_HUMAN_IC50,Human AChE,primary,CHEMBL220,Acetylcholinesterase,Homo sapiens,IC50,CHEMBL3335066,O=c1oc2cc(OCCCN3CCN(Cc4ccccc4)CC3)ccc2c2ccccc12,YMUQNRICCRNBQY-UHFFFAOYSA-N,6.1,6.1,0.0,6.1,6.1,0.0,1,1,10.1016/j.bmc.2014.08.016,2014,2014,15100044,False,0
ACHE_HUMAN_IC50,Human AChE,primary,CHEMBL220,Acetylcholinesterase,Homo sapiens,IC50,CHEMBL3586576,Cc1c(C)c2ccc(OCCCCN(C)Cc3ccccc3)cc2oc1=O,RNIDTYKTGPWKIQ-UHFFFAOYSA-N,6.1,6.1,0.0,6.1,6.1,0.0,1,1,10.1021/acs.jmedchem.5b00599,2015,2015,15625533,False,0
ACHE_HUMAN_IC50,Human AChE,primary,CHEMBL220,Acetylcholinesterase,Homo sapiens,IC50,CHEMBL4470448,Cc1c(C)c2ccc(OCC3CCN(Cc4cccc(OCCCO)c4)CC3)cc2oc1=O,QLFPNOYDCBXGNI-UHFFFAOYSA-N,6.08,6.08,0.0,6.08,6.08,0.0,1,1,10.1016/j.ejmech.2018.10.016,2019,2019,18936979,False,0
ACHE_HUMAN_IC50,Human AChE,primary,CHEMBL220,Acetylcholinesterase,Homo sapiens,IC50,CHEMBL5568861,CN(Cc1ccc(COc2ccc3c(CO)cc(=O)oc3c2)cc1)Cc1ccco1,CKSXBOBZGXBJBK-UHFFFAOYSA-N,6.08,6.08,0.0,6.08,6.08,0.0,1,1,10.1016/j.ejmech.2024.116511,2024,2024,25998534,False,0
ACHE_HUMAN_IC50,Human AChE,primary,CHEMBL220,Acetylcholinesterase,Homo sapiens,IC50,CHEMBL4530960,Cc1c(C)c2ccc(OCC3CCN(CCCO[N+](=O)[O-])CC3)cc2oc1=O,OYUDOWGNEYPOED-UHFFFAOYSA-N,6.07,6.07,0.0,6.07,6.07,0.0,1,1,10.1016/j.ejmech.2018.10.016,2019,2019,18936982,False,0
ACHE_HUMAN_IC50,Human AChE,primary,CHEMBL220,Acetylcholinesterase,Homo sapiens,IC50,CHEMBL2441682,COc1ccc(C(F)(F)F)c[n+]1CCCCCOc1ccc2c(C)cc(=O)oc2c1.O=S(=O)([O-])C(F)(F)F,KOFNHFQRLFTDHJ-UHFFFAOYSA-M,6.0649999999999995,6.0649999999999995,0.10606601717798175,5.99,6.14,0.14999999999999947,2,1,10.1016/j.bmcl.2013.09.008,2013,2013,13509756; 13509788,False,1
ACHE_HUMAN_IC50,Human AChE,primary,CHEMBL220,Acetylcholinesterase,Homo sapiens,IC50,CHEMBL3335048,O=c1oc2cc(OCCCN3CCN(Cc4ccccc4)CC3)ccc2c2c1CCCC2,KMFIWXMOTHJQAP-UHFFFAOYSA-N,6.05,6.05,0.0,6.05,6.05,0.0,1,1,10.1016/j.bmc.2014.08.016,2014,2014,15100062,False,0
ACHE_HUMAN_IC50,Human AChE,primary,CHEMBL220,Acetylcholinesterase,Homo sapiens,IC50,CHEMBL3335060,O=c1oc2cc(OCCN3CCN(Cc4ccccc4)CC3)ccc2c2ccccc12,NHTLSLIZIOTGBZ-UHFFFAOYSA-N,6.05,6.05,0.0,6.05,6.05,0.0,1,1,10.1016/j.bmc.2014.08.016,2014,2014,15100050,False,0
ACHE_HUMAN_IC50,Human AChE,primary,CHEMBL220,Acetylcholinesterase,Homo sapiens,IC50,CHEMBL3827189,CN(CCCOc1ccc2cc(-c3ccc(Cl)cc3)c(=O)oc2c1)Cc1cccc(OC(=O)NCCCCCc2ccccc2)c1,XLSDMIVWGMAJHD-UHFFFAOYSA-N,6.05,6.05,0.0,6.05,6.05,0.0,1,1,10.1021/acs.jmedchem.6b00609,2016,2016,16646192,False,0
ACHE_HUMAN_IC50,Human AChE,primary,CHEMBL220,Acetylcholinesterase,Homo sapiens,IC50,CHEMBL413793,COc1ccc2cc(-c3ccc(CN(C)Cc4ccccc4)cc3)c(=O)oc2c1,IQFPRNPELAMHHT-UHFFFAOYSA-N,6.05,6.05,0.0,6.05,6.05,0.0,1,1,10.1021/jm070100g,2007,2007,1915670,False,0
ACHE_HUMAN_IC50,Human AChE,primary,CHEMBL220,Acetylcholinesterase,Homo sapiens,IC50,CHEMBL4164540,Cc1cc(=O)oc2cc(OCCSC(=S)N3CCCC3)ccc12,NCDMSUYCDGOQGE-UHFFFAOYSA-N,6.05,6.05,0.0,6.05,6.05,0.0,1,1,10.1016/j.ejmech.2018.01.055,2018,2018,18390229,False,0
ACHE_HUMAN_IC50,Human AChE,primary,CHEMBL220,Acetylcholinesterase,Homo sapiens,IC50,CHEMBL4464759,Cc1c(C)c2ccc(OCC3CCN(CCCO)CC3)cc2oc1=O,IEMVOQOAOQXSRB-UHFFFAOYSA-N,6.05,6.05,0.0,6.05,6.05,0.0,2,2,10.1016/j.ejmech.2018.10.016; 10.1021/acs.jmedchem.1c01784,2019,2022,18936980; 24422277,False,1
ACHE_HUMAN_IC50,Human AChE,primary,CHEMBL220,Acetylcholinesterase,Homo sapiens,IC50,CHEMBL2441681,COc1ccc(C(F)(F)F)c[n+]1CCCCOc1ccc2c(C)cc(=O)oc2c1.O=S(=O)([O-])C(F)(F)F,FIRPLAXRQZWEEH-UHFFFAOYSA-M,6.04,6.04,0.1131370849898477,5.96,6.12,0.16000000000000014,2,1,10.1016/j.bmcl.2013.09.008,2013,2013,13509757; 13509789,False,1
ACHE_HUMAN_IC50,Human AChE,primary,CHEMBL220,Acetylcholinesterase,Homo sapiens,IC50,CHEMBL3586594,Cc1cc(=O)oc2cc(OCc3ccc(CN(C)Cc4ccccc4)cc3)ccc12.Cl,GDOQYXLNAKCFNO-UHFFFAOYSA-N,6.04,6.04,0.0,6.04,6.04,0.0,1,1,10.1021/acs.jmedchem.5b00599,2015,2015,15625539,False,0
ACHE_HUMAN_IC50,Human AChE,primary,CHEMBL220,Acetylcholinesterase,Homo sapiens,IC50,CHEMBL3827220,O=C(NCCCCCc1ccccc1)Oc1cccc(Cn2cc(COc3ccc4ccc(=O)oc4c3)nn2)c1,JOSKSNIVZAEQFU-UHFFFAOYSA-N,6.04,6.04,0.0,6.04,6.04,0.0,1,1,10.1021/acs.jmedchem.6b00609,2016,2016,16646202,False,0
ACHE_HUMAN_IC50,Human AChE,primary,CHEMBL220,Acetylcholinesterase,Homo sapiens,IC50,CHEMBL5094348,Cc1c(C)c2ccc(OCCCN(Cc3cccc(F)c3)C(C)C)cc2oc1=O,XEKGDDSQICBFDK-UHFFFAOYSA-N,6.04,6.04,0.0,6.04,6.04,0.0,1,1,10.1021/acs.jmedchem.1c01784,2022,2022,24422268,False,0
ACHE_HUMAN_IC50,Human AChE,primary,CHEMBL220,Acetylcholinesterase,Homo sapiens,IC50,CHEMBL3586592,CN(Cc1ccccc1)Cc1ccc(COc2ccc3ccc(=O)oc3c2)cc1,XOSFOGCCJRNZJO-UHFFFAOYSA-N,6.02,6.02,0.0,6.02,6.02,0.0,1,1,10.1021/acs.jmedchem.5b00599,2015,2015,15625537,False,0
ACHE_HUMAN_IC50,Human AChE,primary,CHEMBL220,Acetylcholinesterase,Homo sapiens,IC50,CHEMBL265416,COc1cc2cc(-c3ccc(CN(C)Cc4ccccc4[N+](=O)[O-])cc3)c(=O)oc2cc1OC,YNJVJLWDZRPHHU-UHFFFAOYSA-N,6.01,6.01,0.0,6.01,6.01,0.0,1,1,10.1021/jm070100g,2007,2007,1915667,False,0
ACHE_HUMAN_IC50,Human AChE,primary,CHEMBL220,Acetylcholinesterase,Homo sapiens,IC50,CHEMBL5565956,CN(Cc1ccc(COc2ccc3c(CO)cc(=O)oc3c2)cc1)Cc1cccnc1,JQXGILULPQSOFX-UHFFFAOYSA-N,6.01,6.01,0.0,6.01,6.01,0.0,1,1,10.1016/j.ejmech.2024.116511,2024,2024,25998539,False,0
ACHE_HUMAN_IC50,Human AChE,primary,CHEMBL220,Acetylcholinesterase,Homo sapiens,IC50,CHEMBL3335050,CN(CCCCOc1ccc2c3c(c(=O)oc2c1)CCCC3)Cc1ccccc1,WSKTVSBIHWPZCM-UHFFFAOYSA-N,6.0,6.0,0.0,6.0,6.0,0.0,1,1,10.1016/j.bmc.2014.08.016,2014,2014,15100060,False,0
ACHE_HUMAN_IC50,Human AChE,primary,CHEMBL220,Acetylcholinesterase,Homo sapiens,IC50,CHEMBL3586574,Cc1c(C)c2ccc(OCCCN(C)Cc3ccccc3)cc2oc1=O.Cl,ZDRIPIJZYWVOLL-UHFFFAOYSA-N,6.0,6.0,0.0,6.0,6.0,0.0,1,1,10.1021/acs.jmedchem.5b00599,2015,2015,15625532,False,0
ACHE_HUMAN_IC50,Human AChE,primary,CHEMBL220,Acetylcholinesterase,Homo sapiens,IC50,CHEMBL3586600,Cc1cc(=O)oc2cc(OCc3ccc(CN(C)Cc4cccc(Cl)c4)cc3)ccc12.Cl,NAIGEVCHUKVUFG-UHFFFAOYSA-N,6.0,6.0,0.0,6.0,6.0,0.0,1,1,10.1021/acs.jmedchem.5b00599,2015,2015,15625541,False,0
ACHE_HUMAN_IC50,Human AChE,primary,CHEMBL220,Acetylcholinesterase,Homo sapiens,IC50,CHEMBL3827284,CCCCCCCNC(=O)Oc1cccc(Cn2cc(COc3ccc4ccc(=O)oc4c3)nn2)c1,GCQIEQKAWZGVLF-UHFFFAOYSA-N,5.98,5.98,0.0,5.98,5.98,0.0,1,1,10.1021/acs.jmedchem.6b00609,2016,2016,16646204,False,0
ACHE_HUMAN_IC50,Human AChE,primary,CHEMBL220,Acetylcholinesterase,Homo sapiens,IC50,CHEMBL4216807,Cc1cc(=O)oc2cc(OCc3cc[n+](Cc4ccc([N+](=O)[O-])cc4)cc3)ccc12.[Br-],XVMDYZJNSFEERP-UHFFFAOYSA-M,5.97,5.97,0.0,5.97,5.97,0.0,1,1,10.1016/j.ejmech.2017.07.055,2017,2017,18517582,False,0
ACHE_HUMAN_IC50,Human AChE,primary,CHEMBL220,Acetylcholinesterase,Homo sapiens,IC50,CHEMBL3335068,CN(CCCCOc1ccc2c(c1)oc(=O)c1ccccc12)Cc1ccccc1,MCFWJVVIIHDYGY-UHFFFAOYSA-N,5.96,5.96,0.0,5.96,5.96,0.0,1,1,10.1016/j.bmc.2014.08.016,2014,2014,15100042,False,0
ACHE_HUMAN_IC50,Human AChE,primary,CHEMBL220,Acetylcholinesterase,Homo sapiens,IC50,CHEMBL4453856,Cc1c(C)c2ccc(OCC3CCCN(CCCO)C3)cc2oc1=O,JORAAUMJWAFSIM-UHFFFAOYSA-N,5.96,5.96,0.0,5.96,5.96,0.0,1,1,10.1021/acs.jmedchem.1c01784,2022,2022,24422275,False,0
ACHE_HUMAN_IC50,Human AChE,primary,CHEMBL220,Acetylcholinesterase,Homo sapiens,IC50,CHEMBL4159640,Cc1cc(=O)oc2cc(OCCSC(=S)N3CCC(N4CCCCC4)CC3)ccc12,WEZSRIHVUUPAKP-UHFFFAOYSA-N,5.94,5.94,0.0,5.94,5.94,0.0,1,1,10.1016/j.ejmech.2018.01.055,2018,2018,18390226,False,0
ACHE_HUMAN_IC50,Human AChE,primary,CHEMBL220,Acetylcholinesterase,Homo sapiens,IC50,CHEMBL3828281,O=C(NCCCCCc1ccccc1)Oc1cccc(-n2cc(COc3ccc4ccc(=O)oc4c3)nn2)c1,QXCYDBYFEDOWQZ-UHFFFAOYSA-N,5.93,5.93,0.0,5.93,5.93,0.0,1,1,10.1021/acs.jmedchem.6b00609,2016,2016,16646206,False,0
ACHE_HUMAN_IC50,Human AChE,primary,CHEMBL220,Acetylcholinesterase,Homo sapiens,IC50,CHEMBL5081574,Cc1c(C)c2ccc(OCC3CCN(CCCC(F)F)CC3)cc2oc1=O,NQNJDDJLRMICLQ-UHFFFAOYSA-N,5.92,5.92,0.0,5.92,5.92,0.0,1,1,10.1021/acs.jmedchem.1c01784,2022,2022,24422266,False,0
ACHE_HUMAN_IC50,Human AChE,primary,CHEMBL220,Acetylcholinesterase,Homo sapiens,IC50,CHEMBL5081663,CCN(CCCOc1ccc2c(C)c(C)c(=O)oc2c1)Cc1cccc(F)c1,LMSJPMKZTVCUMM-UHFFFAOYSA-N,5.92,5.92,0.0,5.92,5.92,0.0,1,1,10.1021/acs.jmedchem.1c01784,2022,2022,24422267,False,0
ACHE_HUMAN_IC50,Human AChE,primary,CHEMBL220,Acetylcholinesterase,Homo sapiens,IC50,CHEMBL5083014,Cc1c(C)c2ccc(OCC3CCCN(Cc4cccc(F)c4)C3)cc2oc1=O,RWXZXJNJQZFMAE-UHFFFAOYSA-N,5.92,5.92,0.0,5.92,5.92,0.0,1,1,10.1021/acs.jmedchem.1c01784,2022,2022,24422262,False,0
ACHE_HUMAN_IC50,Human AChE,primary,CHEMBL220,Acetylcholinesterase,Homo sapiens,IC50,CHEMBL3335029,O=c1oc2cc(OCCN3CCN(Cc4ccccc4)CC3)ccc2c2c1CCCC2,OHDDRPINWQDGEH-UHFFFAOYSA-N,5.89,5.89,0.0,5.89,5.89,0.0,1,1,10.1016/j.bmc.2014.08.016,2014,2014,15100068,False,0
ACHE_HUMAN_IC50,Human AChE,primary,CHEMBL220,Acetylcholinesterase,Homo sapiens,IC50,CHEMBL4459482,Cc1c(C)c2ccc(OCC3CCN(Cc4cccc(CO[N+](=O)[O-])c4)CC3)cc2oc1=O,NBANFZDFABUAHK-UHFFFAOYSA-N,5.89,5.89,0.0,5.89,5.89,0.0,1,1,10.1016/j.ejmech.2018.10.016,2019,2019,18936981,False,0
ACHE_HUMAN_IC50,Human AChE,primary,CHEMBL220,Acetylcholinesterase,Homo sapiens,IC50,CHEMBL4571763,Cc1c(C)c2ccc(OCC3CCCN(Cc4ccccc4)C3)cc2oc1=O,HKIDXMKKZYHFEM-UHFFFAOYSA-N,5.89,5.923333333333333,0.14294521094927728,5.8,6.08,0.28000000000000025,3,2,10.1021/acs.jmedchem.1c01784; 10.1021/acsmedchemlett.2c00001,2022,2022,24422276; 24804534; 24804535,False,1
ACHE_HUMAN_IC50,Human AChE,primary,CHEMBL220,Acetylcholinesterase,Homo sapiens,IC50,CHEMBL5595836,CN(Cc1ccc(COc2ccc3c(CO)cc(=O)oc3c2)cc1)Cc1ncc[nH]1,MPSZWZSOPBDXOR-UHFFFAOYSA-N,5.88,5.88,0.0,5.88,5.88,0.0,1,1,10.1016/j.ejmech.2024.116511,2024,2024,25998536,False,0
ACHE_HUMAN_IC50,Human AChE,primary,CHEMBL220,Acetylcholinesterase,Homo sapiens,IC50,CHEMBL3763535,O=c1oc2cc(OCCNC3CCN(Cc4ccccc4)CC3)ccc2c2c1CCCC2,QZRBOLHGJBENEV-UHFFFAOYSA-N,5.86,5.86,0.0,5.86,5.86,0.0,1,1,10.1016/j.bmc.2016.02.023,2016,2016,16481068,False,0
ACHE_HUMAN_IC50,Human AChE,primary,CHEMBL220,Acetylcholinesterase,Homo sapiens,IC50,CHEMBL4450045,Cc1c(C)c2ccc(OCC3CCN(Cc4cccc(CO)c4)CC3)cc2oc1=O,AKHUHXLIAAFKEN-UHFFFAOYSA-N,5.85,5.85,0.0,5.85,5.85,0.0,1,1,10.1016/j.ejmech.2018.10.016,2019,2019,18936978,False,0
ACHE_HUMAN_IC50,Human AChE,primary,CHEMBL220,Acetylcholinesterase,Homo sapiens,IC50,CHEMBL4456665,Cc1c(C)c2ccc(OCC3CCCN(Cc4ccccc4)C3)cc2oc1=O.Cl,GHBXHJUNRCOQBQ-UHFFFAOYSA-N,5.85,5.85,0.0,5.85,5.85,0.0,1,1,10.1021/acsmedchemlett.2c00001,2022,2022,24804533,False,0
ACHE_HUMAN_IC50,Human AChE,primary,CHEMBL220,Acetylcholinesterase,Homo sapiens,IC50,CHEMBL5078658,Cc1c(C)c2ccc(OCc3ccc(CN(C)CCCC(F)F)cc3)cc2oc1=O,UXFJYPQDRBVIIL-UHFFFAOYSA-N,5.82,5.82,0.0,5.82,5.82,0.0,1,1,10.1021/acs.jmedchem.1c01784,2022,2022,24422270,False,0
ACHE_HUMAN_IC50,Human AChE,primary,CHEMBL220,Acetylcholinesterase,Homo sapiens,IC50,CHEMBL3335051,COc1cccc(CN(C)CCCCOc2ccc3c4c(c(=O)oc3c2)CCCC4)c1,KEYLOFFNMVKPSA-UHFFFAOYSA-N,5.77,5.77,0.0,5.77,5.77,0.0,1,1,10.1016/j.bmc.2014.08.016,2014,2014,15100059,False,0
ACHE_HUMAN_IC50,Human AChE,primary,CHEMBL220,Acetylcholinesterase,Homo sapiens,IC50,CHEMBL3764609,Cc1c(C)c2ccc(OCCNC3CCN(Cc4ccccc4)CC3)cc2oc1=O,IPJZSNUPIXZHAU-UHFFFAOYSA-N,5.77,5.77,0.0,5.77,5.77,0.0,1,1,10.1016/j.bmc.2016.02.023,2016,2016,16481066,False,0
ACHE_HUMAN_IC50,Human AChE,primary,CHEMBL220,Acetylcholinesterase,Homo sapiens,IC50,CHEMBL5083737,Cc1c(C)c2ccc(OCc3cccc(CN(C)CCCC(F)F)c3)cc2oc1=O,JFBYGVYECDFTLS-UHFFFAOYSA-N,5.77,5.77,0.0,5.77,5.77,0.0,1,1,10.1021/acs.jmedchem.1c01784,2022,2022,24422269,False,0
ACHE_HUMAN_IC50,Human AChE,primary,CHEMBL220,Acetylcholinesterase,Homo sapiens,IC50,CHEMBL2381401,COc1ccc2cc(C(=O)CN3CCN(Cc4ccccc4)CC3)c(=O)oc2c1,GDFNKJSVDGBNRH-UHFFFAOYSA-N,5.75,5.75,0.0,5.75,5.75,0.0,1,1,10.1016/j.bmcl.2013.02.103,2013,2013,13312987,False,0
ACHE_HUMAN_IC50,Human AChE,primary,CHEMBL220,Acetylcholinesterase,Homo sapiens,IC50,CHEMBL5169638,COc1cc(/C=C/c2cc(=O)oc3c2ccc2oc(-c4ccc(C)cc4)cc23)cc(OC)c1,WMOIBRASIVKPQO-RMKNXTFCSA-N,5.75,5.75,0.0,5.75,5.75,0.0,1,1,10.1016/j.ejmech.2022.114242,2022,2022,24776394,False,0
ACHE_HUMAN_IC50,Human AChE,primary,CHEMBL220,Acetylcholinesterase,Homo sapiens,IC50,CHEMBL5176910,COc1cc(/C=C/c2cc(=O)oc3c2ccc2oc(-c4ccccc4)cc23)cc(OC)c1,SIZIRUSXNIUVQH-CMDGGOBGSA-N,5.75,5.75,0.0,5.75,5.75,0.0,1,1,10.1016/j.ejmech.2022.114242,2022,2022,24776389,False,0
ACHE_HUMAN_IC50,Human AChE,primary,CHEMBL220,Acetylcholinesterase,Homo sapiens,IC50,CHEMBL5185240,COc1cc(/C=C/c2cc(=O)oc3c2ccc2oc(-c4ccc(Cl)cc4)cc23)cc(OC)c1,LHNGYBCRWZUKJD-ONEGZZNKSA-N,5.75,5.75,0.0,5.75,5.75,0.0,1,1,10.1016/j.ejmech.2022.114242,2022,2022,24776393,False,0
ACHE_HUMAN_IC50,Human AChE,primary,CHEMBL220,Acetylcholinesterase,Homo sapiens,IC50,CHEMBL5196941,COc1cc(/C=C/c2cc(=O)oc3c2ccc2oc(-c4ccc(F)cc4)cc23)cc(OC)c1,MNOAIZGZMMBMDR-ONEGZZNKSA-N,5.75,5.75,0.0,5.75,5.75,0.0,1,1,10.1016/j.ejmech.2022.114242,2022,2022,24776391,False,0
ACHE_HUMAN_IC50,Human AChE,primary,CHEMBL220,Acetylcholinesterase,Homo sapiens,IC50,CHEMBL5197349,COc1cc(/C=C/c2cc(=O)oc3c2ccc2oc(-c4cccc(Cl)c4)cc23)cc(OC)c1,PPHKMHMVYFIODG-VOTSOKGWSA-N,5.75,5.75,0.0,5.75,5.75,0.0,1,1,10.1016/j.ejmech.2022.114242,2022,2022,24776392,False,0
ACHE_HUMAN_IC50,Human AChE,primary,CHEMBL220,Acetylcholinesterase,Homo sapiens,IC50,CHEMBL5200035,COc1ccc(-c2cc3c(ccc4c(/C=C/c5cc(OC)cc(OC)c5)cc(=O)oc43)o2)cc1,QIMIRHMROLJATG-SNAWJCMRSA-N,5.75,5.75,0.0,5.75,5.75,0.0,1,1,10.1016/j.ejmech.2022.114242,2022,2022,24776395,False,0
ACHE_HUMAN_IC50,Human AChE,primary,CHEMBL220,Acetylcholinesterase,Homo sapiens,IC50,CHEMBL5202541,COc1cc(/C=C/c2cc(=O)oc3c2ccc2oc(-c4cccc(F)c4)cc23)cc(OC)c1,SVFJYZVSHWUWHU-VOTSOKGWSA-N,5.75,5.75,0.0,5.75,5.75,0.0,1,1,10.1016/j.ejmech.2022.114242,2022,2022,24776390,False,0
ACHE_HUMAN_IC50,Human AChE,primary,CHEMBL220,Acetylcholinesterase,Homo sapiens,IC50,CHEMBL5591982,CN(Cc1ccc(COc2ccc3c(CO)cc(=O)oc3c2)cc1)Cc1cscn1,ADEQUHXOUYZXBF-UHFFFAOYSA-N,5.75,5.75,0.0,5.75,5.75,0.0,1,1,10.1016/j.ejmech.2024.116511,2024,2024,25998538,False,0
ACHE_HUMAN_IC50,Human AChE,primary,CHEMBL220,Acetylcholinesterase,Homo sapiens,IC50,CHEMBL2441683,COc1c(F)c[n+](CCCOc2ccc3c(C)cc(=O)oc3c2)cc1F.O=S(=O)([O-])C(F)(F)F,RMKGVUWQYULRKN-UHFFFAOYSA-M,5.744999999999999,5.744999999999999,0.03535533905932725,5.72,5.77,0.04999999999999982,2,1,10.1016/j.bmcl.2013.09.008,2013,2013,13509755; 13509787,False,1
ACHE_HUMAN_IC50,Human AChE,primary,CHEMBL220,Acetylcholinesterase,Homo sapiens,IC50,CHEMBL3764762,Cc1c(Cl)c(=O)oc2cc(OCCNC3CCN(Cc4ccccc4)CC3)ccc12,UUZIPHVUUZOBHC-UHFFFAOYSA-N,5.74,5.74,0.0,5.74,5.74,0.0,1,1,10.1016/j.bmc.2016.02.023,2016,2016,16481067,False,0
ACHE_HUMAN_IC50,Human AChE,primary,CHEMBL220,Acetylcholinesterase,Homo sapiens,IC50,CHEMBL5569900,CN(Cc1ccncc1)Cc1ccc(COc2ccc3c(CO)cc(=O)oc3c2)cc1,FDGRCZWNUUYVET-UHFFFAOYSA-N,5.73,5.73,0.0,5.73,5.73,0.0,1,1,10.1016/j.ejmech.2024.116511,2024,2024,25998540,False,0
ACHE_HUMAN_IC50,Human AChE,primary,CHEMBL220,Acetylcholinesterase,Homo sapiens,IC50,CHEMBL4177242,CCN(CC)C(=S)SCCOc1ccc2c(C)cc(=O)oc2c1,XWDQBUKIHCYZSV-UHFFFAOYSA-N,5.71,5.71,0.0,5.71,5.71,0.0,1,1,10.1016/j.ejmech.2018.01.055,2018,2018,18390230,False,0
ACHE_HUMAN_IC50,Human AChE,primary,CHEMBL220,Acetylcholinesterase,Homo sapiens,IC50,CHEMBL4167973,Cc1cc(=O)oc2cc(OCCSC(=S)N3CCN(C(C)C)CC3)ccc12,AYCMSQHGVRSOEG-UHFFFAOYSA-N,5.7,5.7,0.0,5.7,5.7,0.0,1,1,10.1016/j.ejmech.2018.01.055,2018,2018,18390227,False,0
ACHE_HUMAN_IC50,Human AChE,primary,CHEMBL220,Acetylcholinesterase,Homo sapiens,IC50,CHEMBL3765293,O=c1cc(Cl)c2ccc(OCCNC3CCN(Cc4ccccc4)CC3)cc2o1,XATVGNRTOUJFHU-UHFFFAOYSA-N,5.69,5.69,0.0,5.69,5.69,0.0,1,1,10.1016/j.bmc.2016.02.023,2016,2016,16481065,False,0
ACHE_HUMAN_IC50,Human AChE,primary,CHEMBL220,Acetylcholinesterase,Homo sapiens,IC50,CHEMBL3335031,CN(CCCOc1ccc2c3c(c(=O)oc2c1)CCCC3)Cc1ccccc1,HUWWMDRBFQAIAI-UHFFFAOYSA-N,5.68,5.68,0.0,5.68,5.68,0.0,1,1,10.1016/j.bmc.2014.08.016,2014,2014,15100066,False,0
ACHE_HUMAN_IC50,Human AChE,primary,CHEMBL220,Acetylcholinesterase,Homo sapiens,IC50,CHEMBL5079544,CN(CCCO)Cc1ccc(COc2ccc3c(CO)cc(=O)oc3c2)cc1,LSEUJBVYGRJBEU-UHFFFAOYSA-N,5.66,5.66,0.0,5.66,5.66,0.0,1,1,10.1021/acs.jmedchem.1c01784,2022,2022,24422279,False,0
ACHE_HUMAN_IC50,Human AChE,primary,CHEMBL220,Acetylcholinesterase,Homo sapiens,IC50,CHEMBL244415,COc1ccc(CN(C)Cc2ccc(-c3cc4cc(OC)c(OC)cc4oc3=O)cc2)cc1,HOAWDZNYQXALRG-UHFFFAOYSA-N,5.65,5.65,0.0,5.65,5.65,0.0,1,1,10.1021/jm070100g,2007,2007,1915659,False,0
ACHE_HUMAN_IC50,Human AChE,primary,CHEMBL220,Acetylcholinesterase,Homo sapiens,IC50,CHEMBL243311,COc1ccc2cc(-c3cccc(CN(C)Cc4ccccc4)c3)c(=O)oc2c1,HKDKMWFYFZIROV-UHFFFAOYSA-N,5.64,5.64,0.0,5.64,5.64,0.0,1,1,10.1021/jm070100g,2007,2007,1915671,False,0
ACHE_HUMAN_IC50,Human AChE,primary,CHEMBL220,Acetylcholinesterase,Homo sapiens,IC50,CHEMBL3335032,COc1cccc(CN(C)CCCOc2ccc3c4c(c(=O)oc3c2)CCCC4)c1,ITYHQJQWDFKQFQ-UHFFFAOYSA-N,5.57,5.57,0.0,5.57,5.57,0.0,1,1,10.1016/j.bmc.2014.08.016,2014,2014,15100065,False,0
ACHE_HUMAN_IC50,Human AChE,primary,CHEMBL220,Acetylcholinesterase,Homo sapiens,IC50,CHEMBL248922,CCN(Cc1ccccc1)Cc1ccc(-c2cc3cc(OCCNC(=O)CCc4ccc(F)c(F)c4)ccc3oc2=O)cc1,VXLNOYAINXJRCV-UHFFFAOYSA-N,5.56,5.56,0.0,5.56,5.56,0.0,1,1,10.1016/j.bmcl.2007.09.100,2008,2008,2087481,False,0
ACHE_HUMAN_IC50,Human AChE,primary,CHEMBL220,Acetylcholinesterase,Homo sapiens,IC50,CHEMBL3335019,COc1cc(C(C)N(C)C)cc2oc(=O)c3ccccc3c12.Cl,UVRPPMSZRVZEQO-UHFFFAOYSA-N,5.55,5.55,0.0,5.55,5.55,0.0,1,1,10.1016/j.bmc.2014.08.016,2014,2014,15100078,False,0
ACHE_HUMAN_IC50,Human AChE,primary,CHEMBL220,Acetylcholinesterase,Homo sapiens,IC50,CHEMBL3335025,CN(CCOc1ccc2c3c(c(=O)oc2c1)CCCC3)Cc1ccccc1,YCPZOCGKKJAVJI-UHFFFAOYSA-N,5.55,5.55,0.0,5.55,5.55,0.0,1,1,10.1016/j.bmc.2014.08.016,2014,2014,15100072,False,0
ACHE_HUMAN_IC50,Human AChE,primary,CHEMBL220,Acetylcholinesterase,Homo sapiens,IC50,CHEMBL3545710,COc1cc(C(C)N(C)C)cc2oc(=O)c3ccccc3c12,HGARWOYCHHRGRX-UHFFFAOYSA-N,5.55,5.55,0.0,5.55,5.55,0.0,1,0,,2017,2017,26975713,False,0
ACHE_HUMAN_IC50,Human AChE,primary,CHEMBL220,Acetylcholinesterase,Homo sapiens,IC50,CHEMBL5182136,COc1cc(/C=C/c2cc(=O)oc3c2ccc2oc(-c4cc(OC)cc(OC)c4)cc23)cc(OC)c1,DXJLEIVEYFLNDY-AATRIKPKSA-N,5.55,5.55,0.0,5.55,5.55,0.0,1,1,10.1016/j.ejmech.2022.114242,2022,2022,24776387,False,0
ACHE_HUMAN_IC50,Human AChE,primary,CHEMBL220,Acetylcholinesterase,Homo sapiens,IC50,CHEMBL3322158,O=C(Cc1cc(=O)oc2cc(O)ccc12)NCCNc1c2c(nc3ccccc13)CCCC2,CLANWNRWLCNHQF-UHFFFAOYSA-N,5.54,5.54,0.0,5.54,5.54,0.0,1,1,10.1021/jm5008648,2014,2014,15013235,False,0
ACHE_HUMAN_IC50,Human AChE,primary,CHEMBL220,Acetylcholinesterase,Homo sapiens,IC50,CHEMBL107488,Cc1c(C)c2ccc(OCc3cccc(O)c3)cc2oc1=O,GLRZWGPLUSPXHR-UHFFFAOYSA-N,5.52,5.52,0.0,5.52,5.52,0.0,1,1,10.1016/j.ejmech.2018.01.003,2018,2018,25040048,False,0
ACHE_HUMAN_IC50,Human AChE,primary,CHEMBL220,Acetylcholinesterase,Homo sapiens,IC50,CHEMBL107541,Cc1ccccc1COc1ccc2c(C)c(C)c(=O)oc2c1,SZKGSGOFYXVKOX-UHFFFAOYSA-N,5.52,5.52,0.0,5.52,5.52,0.0,1,1,10.1016/j.ejmech.2018.01.003,2018,2018,25040049,False,0
ACHE_HUMAN_IC50,Human AChE,primary,CHEMBL220,Acetylcholinesterase,Homo sapiens,IC50,CHEMBL108697,Cc1c(C)c2ccc(OCc3cccc(F)c3)cc2oc1=O,XGJZBERLEOSMIT-UHFFFAOYSA-N,5.52,5.52,0.0,5.52,5.52,0.0,1,1,10.1016/j.ejmech.2018.01.003,2018,2018,25040045,False,0
ACHE_HUMAN_IC50,Human AChE,primary,CHEMBL220,Acetylcholinesterase,Homo sapiens,IC50,CHEMBL108928,Cc1c(C)c2ccc(OCc3cc(F)cc(F)c3)cc2oc1=O,OGKOZFQYRRVLDS-UHFFFAOYSA-N,5.52,5.52,0.0,5.52,5.52,0.0,1,1,10.1016/j.ejmech.2018.01.003,2018,2018,25040039,False,0
ACHE_HUMAN_IC50,Human AChE,primary,CHEMBL220,Acetylcholinesterase,Homo sapiens,IC50,CHEMBL109084,Cc1c(C)c2ccc(OCCc3ccccc3)cc2oc1=O,HPHRYPTWOLJCAG-UHFFFAOYSA-N,5.52,5.52,0.0,5.52,5.52,0.0,1,1,10.1016/j.ejmech.2018.01.003,2018,2018,25040038,False,0
ACHE_HUMAN_IC50,Human AChE,primary,CHEMBL220,Acetylcholinesterase,Homo sapiens,IC50,CHEMBL109085,Cc1cccc(COc2ccc3c(C)c(C)c(=O)oc3c2)c1,XZZUNARGJTUDCF-UHFFFAOYSA-N,5.52,5.52,0.0,5.52,5.52,0.0,1,1,10.1016/j.ejmech.2018.01.003,2018,2018,25040050,False,0
ACHE_HUMAN_IC50,Human AChE,primary,CHEMBL220,Acetylcholinesterase,Homo sapiens,IC50,CHEMBL111309,Cc1c(C)c2ccc(OCc3ccccc3)cc2oc1=O,OLKYAFAQLVOQDG-UHFFFAOYSA-N,5.52,5.52,0.0,5.52,5.52,0.0,1,1,10.1016/j.ejmech.2018.01.003,2018,2018,25040036,False,0
ACHE_HUMAN_IC50,Human AChE,primary,CHEMBL220,Acetylcholinesterase,Homo sapiens,IC50,CHEMBL111310,COc1cccc(COc2ccc3c(C)c(C)c(=O)oc3c2)c1,LRYCEYYGXGCVJT-UHFFFAOYSA-N,5.52,5.52,0.0,5.52,5.52,0.0,1,1,10.1016/j.ejmech.2018.01.003,2018,2018,25040047,False,0
ACHE_HUMAN_IC50,Human AChE,primary,CHEMBL220,Acetylcholinesterase,Homo sapiens,IC50,CHEMBL18966,Cc1ccc(COc2ccc3c(C)c(C)c(=O)oc3c2)cc1,GXFXMBTYRNXLMV-UHFFFAOYSA-N,5.52,5.52,0.0,5.52,5.52,0.0,1,1,10.1016/j.ejmech.2018.01.003,2018,2018,25040043,False,0
ACHE_HUMAN_IC50,Human AChE,primary,CHEMBL220,Acetylcholinesterase,Homo sapiens,IC50,CHEMBL274030,Cc1c(C)c2ccc(OCc3ccc(Cl)cc3)cc2oc1=O,LVUUTOUXLZZNQA-UHFFFAOYSA-N,5.52,5.52,0.0,5.52,5.52,0.0,1,1,10.1016/j.ejmech.2018.01.003,2018,2018,25040040,False,0
ACHE_HUMAN_IC50,Human AChE,primary,CHEMBL220,Acetylcholinesterase,Homo sapiens,IC50,CHEMBL276076,Cc1c(C)c2ccc(OCc3ccc(F)cc3)cc2oc1=O,QHRPUOKUBRYYKI-UHFFFAOYSA-N,5.52,5.52,0.0,5.52,5.52,0.0,1,1,10.1016/j.ejmech.2018.01.003,2018,2018,25040042,False,0
ACHE_HUMAN_IC50,Human AChE,primary,CHEMBL220,Acetylcholinesterase,Homo sapiens,IC50,CHEMBL320251,Cc1c(C)c2ccc(OCc3cccc(N)c3)cc2oc1=O,WKMBYPRUDNQPPA-UHFFFAOYSA-N,5.52,5.52,0.0,5.52,5.52,0.0,1,1,10.1016/j.ejmech.2018.01.003,2018,2018,25040046,False,0
ACHE_HUMAN_IC50,Human AChE,primary,CHEMBL220,Acetylcholinesterase,Homo sapiens,IC50,CHEMBL325761,Cc1c(C)c2ccc(OCc3ccc(F)c(F)c3)cc2oc1=O,OAIPPRYRUKGVPD-UHFFFAOYSA-N,5.52,5.52,0.0,5.52,5.52,0.0,1,1,10.1016/j.ejmech.2018.01.003,2018,2018,25040041,False,0
ACHE_HUMAN_IC50,Human AChE,primary,CHEMBL220,Acetylcholinesterase,Homo sapiens,IC50,CHEMBL5569594,CN(CCc1ccsc1)Cc1ccc(COc2ccc3c(CO)cc(=O)oc3c2)cc1,LTYPAYZWLRWYFM-UHFFFAOYSA-N,5.5,5.5,0.0,5.5,5.5,0.0,1,1,10.1016/j.ejmech.2024.116511,2024,2024,25998543,False,0
ACHE_HUMAN_IC50,Human AChE,primary,CHEMBL220,Acetylcholinesterase,Homo sapiens,IC50,CHEMBL109018,Cc1c(C)c2ccc(OCc3cccc(Cl)c3)cc2oc1=O,QYAGHNCHSVGMMO-UHFFFAOYSA-N,5.494999999999999,5.494999999999999,0.03535533905932725,5.47,5.52,0.04999999999999982,2,2,10.1016/j.ejmech.2018.01.003; 10.1021/jm7009364,2008,2018,2077387; 25040044,False,1
ACHE_HUMAN_IC50,Human AChE,primary,CHEMBL220,Acetylcholinesterase,Homo sapiens,IC50,CHEMBL2441680,COc1ccc(C(F)(F)F)c[n+]1CCCOc1ccc2c(C)cc(=O)oc2c1.O=S(=O)([O-])C(F)(F)F,MJCLAGLRDDLAEC-UHFFFAOYSA-M,5.44,5.44,0.0,5.44,5.44,0.0,2,1,10.1016/j.bmcl.2013.09.008,2013,2013,13509758; 13509790,False,1
ACHE_HUMAN_IC50,Human AChE,primary,CHEMBL220,Acetylcholinesterase,Homo sapiens,IC50,CHEMBL3827765,CCCCCCc1ccc(NC(=O)Oc2cccc(CN(C)CCCOc3ccc4ccc(=O)oc4c3)c2)cc1,NHQAJSNDGMKMKP-UHFFFAOYSA-N,5.42,5.42,0.0,5.42,5.42,0.0,1,1,10.1021/acs.jmedchem.6b00609,2016,2016,16646209,False,0
ACHE_HUMAN_IC50,Human AChE,primary,CHEMBL220,Acetylcholinesterase,Homo sapiens,IC50,CHEMBL3586605,Cc1c(C)c2ccc(OCc3ccc(CN(C)Cc4ccc(C#N)cc4)cc3)cc2oc1=O.Cl,ZTBZKZXWTJGUGV-UHFFFAOYSA-N,5.41,5.41,0.0,5.41,5.41,0.0,1,1,10.1021/acs.jmedchem.5b00599,2015,2015,15625545,False,0
ACHE_HUMAN_IC50,Human AChE,primary,CHEMBL220,Acetylcholinesterase,Homo sapiens,IC50,CHEMBL3335064,O=c1oc2cc(OCCCN3CCC(Cc4ccccc4)CC3)ccc2c2ccccc12,JCHKASOGFPNEMX-UHFFFAOYSA-N,5.39,5.39,0.0,5.39,5.39,0.0,1,1,10.1016/j.bmc.2014.08.016,2014,2014,15100046,False,0
ACHE_HUMAN_IC50,Human AChE,primary,CHEMBL220,Acetylcholinesterase,Homo sapiens,IC50,CHEMBL5563449,CN(Cc1ccc(COc2ccc3c(CO)cc(=O)oc3c2)cc1)Cc1cncnc1,STSJHUCWXFKBFA-UHFFFAOYSA-N,5.39,5.39,0.0,5.39,5.39,0.0,1,1,10.1016/j.ejmech.2024.116511,2024,2024,25998541,False,0
ACHE_HUMAN_IC50,Human AChE,primary,CHEMBL220,Acetylcholinesterase,Homo sapiens,IC50,CHEMBL270248,CCN(Cc1ccccc1)Cc1ccc(-c2cc3ccc(OCCNC(=O)/C=C/c4ccc(Cl)c(Cl)c4)cc3oc2=O)cc1,ILLXXNMTJSHHII-GZTJUZNOSA-N,5.37,5.37,0.0,5.37,5.37,0.0,1,1,10.1016/j.bmcl.2007.09.100,2008,2008,2087476,False,0
ACHE_HUMAN_IC50,Human AChE,primary,CHEMBL220,Acetylcholinesterase,Homo sapiens,IC50,CHEMBL3335046,O=c1oc2cc(OCCCN3CCC(Cc4ccccc4)CC3)ccc2c2c1CCCC2,MJJPABBWHSSTTI-UHFFFAOYSA-N,5.37,5.37,0.0,5.37,5.37,0.0,1,1,10.1016/j.bmc.2014.08.016,2014,2014,15100064,False,0
ACHE_HUMAN_IC50,Human AChE,primary,CHEMBL220,Acetylcholinesterase,Homo sapiens,IC50,CHEMBL271709,CCN(Cc1ccccc1)Cc1ccc(-c2cc3ccc(OCCNC(=O)/C=C/c4cc(F)cc(F)c4)cc3oc2=O)cc1,OCCKNKZEIGZTKX-XNTDXEJSSA-N,5.34,5.34,0.0,5.34,5.34,0.0,1,1,10.1016/j.bmcl.2007.09.100,2008,2008,2087478,False,0
ACHE_HUMAN_IC50,Human AChE,primary,CHEMBL220,Acetylcholinesterase,Homo sapiens,IC50,CHEMBL3335047,COc1cccc(CC2CCN(CCCOc3ccc4c5c(c(=O)oc4c3)CCCC5)CC2)c1,RHYLMHYJQBEFDV-UHFFFAOYSA-N,5.31,5.31,0.0,5.31,5.31,0.0,1,1,10.1016/j.bmc.2014.08.016,2014,2014,15100063,False,0
ACHE_HUMAN_IC50,Human AChE,primary,CHEMBL220,Acetylcholinesterase,Homo sapiens,IC50,CHEMBL4128061,O=C(Cc1cc(=O)oc2cc(O)ccc12)NCCCCCCCNC(=O)c1cccc2c(=O)c3ccccc3[nH]c12,DQRJIPTWWDIFBI-UHFFFAOYSA-N,5.23,5.23,0.0,5.23,5.23,0.0,1,1,10.1016/j.bmc.2018.05.042,2018,2018,18305639,False,0
ACHE_HUMAN_IC50,Human AChE,primary,CHEMBL220,Acetylcholinesterase,Homo sapiens,IC50,CHEMBL3335026,COc1cccc(CN(C)CCOc2ccc3c4c(c(=O)oc3c2)CCCC4)c1,GUPUZWRGJITBCC-UHFFFAOYSA-N,5.22,5.22,0.0,5.22,5.22,0.0,1,1,10.1016/j.bmc.2014.08.016,2014,2014,15100071,False,0
ACHE_HUMAN_IC50,Human AChE,primary,CHEMBL220,Acetylcholinesterase,Homo sapiens,IC50,CHEMBL3586602,CN(Cc1ccc(C#N)cc1)Cc1ccc(COc2ccc3ccc(=O)oc3c2)cc1.Cl,PLZFVBYBEXHETN-UHFFFAOYSA-N,5.22,5.22,0.0,5.22,5.22,0.0,1,1,10.1021/acs.jmedchem.5b00599,2015,2015,15625542,False,0
ACHE_HUMAN_IC50,Human AChE,primary,CHEMBL220,Acetylcholinesterase,Homo sapiens,IC50,CHEMBL3335049,COc1cccc(CN2CCN(CCCOc3ccc4c5c(c(=O)oc4c3)CCCC5)CC2)c1,JPCDBTHAWPVJLV-UHFFFAOYSA-N,5.21,5.21,0.0,5.21,5.21,0.0,1,1,10.1016/j.bmc.2014.08.016,2014,2014,15100061,False,0
ACHE_HUMAN_IC50,Human AChE,primary,CHEMBL220,Acetylcholinesterase,Homo sapiens,IC50,CHEMBL416,COc1c2occc2cc2ccc(=O)oc12,QXKHYNVANLEOEG-UHFFFAOYSA-N,5.195,5.195,1.3081475451951132,4.27,6.12,1.8500000000000005,2,2,10.1016/j.bmcl.2013.04.081; 10.1021/np000441w,2001,2013,13371829; 2192250,False,1
ACHE_HUMAN_IC50,Human AChE,primary,CHEMBL220,Acetylcholinesterase,Homo sapiens,IC50,CHEMBL164660,O=c1ccc2cc3ccoc3cc2o1,ZCCUUQDIBDJBTK-UHFFFAOYSA-N,5.19,5.19,0.0,5.19,5.19,0.0,1,1,10.1016/j.bmcl.2013.04.081,2013,2013,13371822,False,0
ACHE_HUMAN_IC50,Human AChE,primary,CHEMBL220,Acetylcholinesterase,Homo sapiens,IC50,CHEMBL3335054,O=c1oc2cc(OCCCCN3CCN(Cc4ccccc4)CC3)ccc2c2c1CCCC2,LLRQWHTWQOOTRV-UHFFFAOYSA-N,5.19,5.19,0.0,5.19,5.19,0.0,1,1,10.1016/j.bmc.2014.08.016,2014,2014,15100056,False,0
ACHE_HUMAN_IC50,Human AChE,primary,CHEMBL220,Acetylcholinesterase,Homo sapiens,IC50,CHEMBL5563417,CN(CCc1cccs1)Cc1ccc(COc2ccc3c(CO)cc(=O)oc3c2)cc1,TVPDNFHCRMZOCS-UHFFFAOYSA-N,5.18,5.18,0.0,5.18,5.18,0.0,1,1,10.1016/j.ejmech.2024.116511,2024,2024,25998542,False,0
ACHE_HUMAN_IC50,Human AChE,primary,CHEMBL220,Acetylcholinesterase,Homo sapiens,IC50,CHEMBL5574703,CN(Cc1ccc(COc2ccc3c(CO)cc(=O)oc3c2)cc1)Cc1nccs1,OEWYFSMFZVYMCC-UHFFFAOYSA-N,5.18,5.18,0.0,5.18,5.18,0.0,1,1,10.1016/j.ejmech.2024.116511,2024,2024,25998537,False,0
ACHE_HUMAN_IC50,Human AChE,primary,CHEMBL220,Acetylcholinesterase,Homo sapiens,IC50,CHEMBL3335056,CN(CCOc1ccc2c(c1)oc(=O)c1ccccc12)Cc1ccccc1,WLMCUWNVWHWZRR-UHFFFAOYSA-N,5.17,5.17,0.0,5.17,5.17,0.0,1,1,10.1016/j.bmc.2014.08.016,2014,2014,15100054,False,0
ACHE_HUMAN_IC50,Human AChE,primary,CHEMBL220,Acetylcholinesterase,Homo sapiens,IC50,CHEMBL239046,CCN(Cc1ccccc1)Cc1ccc(-c2cc3cc(OCCNC(=O)/C=C/c4cc(F)cc(F)c4)ccc3oc2=O)cc1,OWHHSAFAYNBMOB-XNTDXEJSSA-N,5.14,5.14,0.0,5.14,5.14,0.0,1,1,10.1016/j.bmcl.2007.09.100,2008,2008,2087482,False,0
ACHE_HUMAN_IC50,Human AChE,primary,CHEMBL220,Acetylcholinesterase,Homo sapiens,IC50,CHEMBL3335030,COc1cccc(CN2CCN(CCOc3ccc4c5c(c(=O)oc4c3)CCCC5)CC2)c1,CACFQCMXTYRFGE-UHFFFAOYSA-N,5.14,5.14,0.0,5.14,5.14,0.0,1,1,10.1016/j.bmc.2014.08.016,2014,2014,15100067,False,0
ACHE_HUMAN_IC50,Human AChE,primary,CHEMBL220,Acetylcholinesterase,Homo sapiens,IC50,CHEMBL3335018,C[C@@H](c1ccc2c(c1)oc(=O)c1ccccc12)N(C)C.Cl,RGULXVMJKXEFTA-MERQFXBCSA-N,5.1,5.1,0.0,5.1,5.1,0.0,1,1,10.1016/j.bmc.2014.08.016,2014,2014,15100079,False,0
ACHE_HUMAN_IC50,Human AChE,primary,CHEMBL220,Acetylcholinesterase,Homo sapiens,IC50,CHEMBL3545709,C[C@@H](c1ccc2c(c1)oc(=O)c1ccccc12)N(C)C,LIZYKHYLXJGMFT-NSHDSACASA-N,5.1,5.1,0.0,5.1,5.1,0.0,1,0,,2017,2017,26975707,False,0
ACHE_HUMAN_IC50,Human AChE,primary,CHEMBL220,Acetylcholinesterase,Homo sapiens,IC50,CHEMBL3322161,O=C(Cc1cc(=O)oc2cc(O)ccc12)NNC(=S)Nc1c2c(nc3ccccc13)CCCC2,LSJUOQUGCKLCKO-UHFFFAOYSA-N,5.09,5.09,0.0,5.09,5.09,0.0,1,1,10.1021/jm5008648,2014,2014,15013241,False,0
ACHE_HUMAN_IC50,Human AChE,primary,CHEMBL220,Acetylcholinesterase,Homo sapiens,IC50,CHEMBL3335027,O=c1oc2cc(OCCN3CCC(Cc4ccccc4)CC3)ccc2c2c1CCCC2,IHQOPGPYTRMDJH-UHFFFAOYSA-N,5.09,5.09,0.0,5.09,5.09,0.0,1,1,10.1016/j.bmc.2014.08.016,2014,2014,15100070,False,0
ACHE_HUMAN_IC50,Human AChE,primary,CHEMBL220,Acetylcholinesterase,Homo sapiens,IC50,CHEMBL3335071,O=c1oc2cc(OCCCCN3CCN(Cc4ccccc4)CC3)ccc2c2ccccc12,TXSRJQSUOUJAIH-UHFFFAOYSA-N,5.09,5.09,0.0,5.09,5.09,0.0,1,1,10.1016/j.bmc.2014.08.016,2014,2014,15100038,False,0
ACHE_HUMAN_IC50,Human AChE,primary,CHEMBL220,Acetylcholinesterase,Homo sapiens,IC50,CHEMBL3335069,COc1cccc(CN(C)CCCCOc2ccc3c(c2)oc(=O)c2ccccc23)c1,XLWGGHNMHFSNAQ-UHFFFAOYSA-N,5.08,5.08,0.0,5.08,5.08,0.0,1,1,10.1016/j.bmc.2014.08.016,2014,2014,15100041,False,0
ACHE_HUMAN_IC50,Human AChE,primary,CHEMBL220,Acetylcholinesterase,Homo sapiens,IC50,CHEMBL3335062,CN(CCCOc1ccc2c(c1)oc(=O)c1ccccc12)Cc1ccccc1,VWMVVTZSFRCBOF-UHFFFAOYSA-N,5.07,5.07,0.0,5.07,5.07,0.0,1,1,10.1016/j.bmc.2014.08.016,2014,2014,15100048,False,0
ACHE_HUMAN_IC50,Human AChE,primary,CHEMBL220,Acetylcholinesterase,Homo sapiens,IC50,CHEMBL3586604,Cc1cc(=O)oc2cc(OCc3ccc(CN(C)Cc4ccc(C#N)cc4)cc3)ccc12.Cl,GJCQKTFYCIYRJB-UHFFFAOYSA-N,5.07,5.07,0.0,5.07,5.07,0.0,1,1,10.1021/acs.jmedchem.5b00599,2015,2015,15625544,False,0
ACHE_HUMAN_IC50,Human AChE,primary,CHEMBL220,Acetylcholinesterase,Homo sapiens,IC50,CHEMBL3335055,COc1cccc(CN2CCN(CCCCOc3ccc4c5c(c(=O)oc4c3)CCCC5)CC2)c1,FOOMLDMUSXDTOO-UHFFFAOYSA-N,5.06,5.06,0.0,5.06,5.06,0.0,1,1,10.1016/j.bmc.2014.08.016,2014,2014,15100055,False,0
ACHE_HUMAN_IC50,Human AChE,primary,CHEMBL220,Acetylcholinesterase,Homo sapiens,IC50,CHEMBL3335052,O=c1oc2cc(OCCCCN3CCC(Cc4ccccc4)CC3)ccc2c2c1CCCC2,GTVSDMPQZNLHNQ-UHFFFAOYSA-N,5.04,5.04,0.0,5.04,5.04,0.0,1,1,10.1016/j.bmc.2014.08.016,2014,2014,15100058,False,0
ACHE_HUMAN_IC50,Human AChE,primary,CHEMBL220,Acetylcholinesterase,Homo sapiens,IC50,CHEMBL4169394,Cc1cc(=O)oc2cc(OCCSC(=S)N(C)C)ccc12,XDKQETGPJLVOCH-UHFFFAOYSA-N,4.97,4.97,0.0,4.97,4.97,0.0,1,1,10.1016/j.ejmech.2018.01.055,2018,2018,18390231,False,0
ACHE_HUMAN_IC50,Human AChE,primary,CHEMBL220,Acetylcholinesterase,Homo sapiens,IC50,CHEMBL5573115,CN(CCc1cccnc1)Cc1ccc(COc2ccc3c(CO)cc(=O)oc3c2)cc1,XPTUUTSFMHAOPS-UHFFFAOYSA-N,4.97,4.97,0.0,4.97,4.97,0.0,1,1,10.1016/j.ejmech.2024.116511,2024,2024,25998544,False,0
ACHE_HUMAN_IC50,Human AChE,primary,CHEMBL220,Acetylcholinesterase,Homo sapiens,IC50,CHEMBL3335017,CC(c1ccc2c(c1)oc(=O)c1ccccc12)N(C)C.Cl,RGULXVMJKXEFTA-UHFFFAOYSA-N,4.96,4.96,0.0,4.96,4.96,0.0,1,1,10.1016/j.bmc.2014.08.016,2014,2014,15100080,False,0
ACHE_HUMAN_IC50,Human AChE,primary,CHEMBL220,Acetylcholinesterase,Homo sapiens,IC50,CHEMBL3545708,CC(c1ccc2c(c1)oc(=O)c1ccccc12)N(C)C,LIZYKHYLXJGMFT-UHFFFAOYSA-N,4.96,4.96,0.0,4.96,4.96,0.0,1,0,,2017,2017,26975701,False,0
ACHE_HUMAN_IC50,Human AChE,primary,CHEMBL220,Acetylcholinesterase,Homo sapiens,IC50,CHEMBL3335061,COc1cccc(CN2CCN(CCOc3ccc4c(c3)oc(=O)c3ccccc34)CC2)c1,XMXDGPFCJLHNBV-UHFFFAOYSA-N,4.94,4.94,0.0,4.94,4.94,0.0,1,1,10.1016/j.bmc.2014.08.016,2014,2014,15100049,False,0
ACHE_HUMAN_IC50,Human AChE,primary,CHEMBL220,Acetylcholinesterase,Homo sapiens,IC50,CHEMBL4445345,Cc1cc(=O)oc2ccc(OC/C=C/CCn3cnc4c(N5CCCCC5)ncnc43)cc12,LIFICNZLRORTHU-XVNBXDOJSA-N,4.92,4.92,0.0,4.92,4.92,0.0,1,1,10.1016/j.bmc.2019.01.025,2019,2019,18997123,False,0
ACHE_HUMAN_IC50,Human AChE,primary,CHEMBL220,Acetylcholinesterase,Homo sapiens,IC50,CHEMBL3220510,O=C(Nc1cc2ccccc2oc1=O)c1ccc([N+](=O)[O-])cc1,HJKPDPIBJCBDPC-UHFFFAOYSA-N,4.89,4.89,0.0,4.89,4.89,0.0,1,1,10.1039/C1MD00221J,2012,2012,14553008,False,0
ACHE_HUMAN_IC50,Human AChE,primary,CHEMBL220,Acetylcholinesterase,Homo sapiens,IC50,CHEMBL3335053,COc1cccc(CC2CCN(CCCCOc3ccc4c5c(c(=O)oc4c3)CCCC5)CC2)c1,GGTPKCUHOKYRFT-UHFFFAOYSA-N,4.86,4.86,0.0,4.86,4.86,0.0,1,1,10.1016/j.bmc.2014.08.016,2014,2014,15100057,False,0
ACHE_HUMAN_IC50,Human AChE,primary,CHEMBL220,Acetylcholinesterase,Homo sapiens,IC50,CHEMBL3334506,O=c1oc2cc(OCCCCN3CCC(Cc4ccccc4)CC3)ccc2c2ccccc12,KNRZCCYRCNQTBX-UHFFFAOYSA-N,4.85,4.85,0.0,4.85,4.85,0.0,1,1,10.1016/j.bmc.2014.08.016,2014,2014,15100040,False,0
ACHE_HUMAN_IC50,Human AChE,primary,CHEMBL220,Acetylcholinesterase,Homo sapiens,IC50,CHEMBL3220513,O=C(Nc1cc2ccccc2oc1=O)c1ccc(Cl)c(Cl)c1,VQSVBDYFVMWUHI-UHFFFAOYSA-N,4.82,4.82,0.0,4.82,4.82,0.0,1,1,10.1039/C1MD00221J,2012,2012,14553009,False,0
ACHE_HUMAN_IC50,Human AChE,primary,CHEMBL220,Acetylcholinesterase,Homo sapiens,IC50,CHEMBL3335020,COc1cc(C(C)N(C)C)c2c(c1)oc(=O)c1ccccc12.Cl,NWWRESDGJBKCNN-UHFFFAOYSA-N,4.82,4.82,0.0,4.82,4.82,0.0,1,1,10.1016/j.bmc.2014.08.016,2014,2014,15100077,False,0
ACHE_HUMAN_IC50,Human AChE,primary,CHEMBL220,Acetylcholinesterase,Homo sapiens,IC50,CHEMBL3545711,COc1cc(C(C)N(C)C)c2c(c1)oc(=O)c1ccccc12,SCSRJMKBYZFLKJ-UHFFFAOYSA-N,4.82,4.82,0.0,4.82,4.82,0.0,1,0,,2017,2017,26975719,False,0
ACHE_HUMAN_IC50,Human AChE,primary,CHEMBL220,Acetylcholinesterase,Homo sapiens,IC50,CHEMBL3322162,O=C(Cc1cc(=O)oc2cc(O)ccc12)N/N=C1\SCC(=O)N1c1c2c(nc3ccccc13)CCCC2,RIKRBQRHKWZGBG-IKPAITLHSA-N,4.8,4.8,0.0,4.8,4.8,0.0,1,1,10.1021/jm5008648,2014,2014,15013242,False,0
ACHE_HUMAN_IC50,Human AChE,primary,CHEMBL220,Acetylcholinesterase,Homo sapiens,IC50,CHEMBL3335067,COc1cccc(CN2CCN(CCCOc3ccc4c(c3)oc(=O)c3ccccc34)CC2)c1,KQHKJVQLBKLYNN-UHFFFAOYSA-N,4.75,4.75,0.0,4.75,4.75,0.0,1,1,10.1016/j.bmc.2014.08.016,2014,2014,15100043,False,0
ACHE_HUMAN_IC50,Human AChE,primary,CHEMBL220,Acetylcholinesterase,Homo sapiens,IC50,CHEMBL1325943,Cc1ccc(C(=O)Nc2cc3ccccc3oc2=O)cc1,SQYXRCZZAACTMO-UHFFFAOYSA-N,4.74,4.74,0.0,4.74,4.74,0.0,1,1,10.1039/C1MD00221J,2012,2012,14553005,False,0
ACHE_HUMAN_IC50,Human AChE,primary,CHEMBL220,Acetylcholinesterase,Homo sapiens,IC50,CHEMBL3335057,COc1cccc(CN(C)CCOc2ccc3c(c2)oc(=O)c2ccccc23)c1,GSAZAEPRQPHTHJ-UHFFFAOYSA-N,4.74,4.74,0.0,4.74,4.74,0.0,1,1,10.1016/j.bmc.2014.08.016,2014,2014,15100053,False,0
ACHE_HUMAN_IC50,Human AChE,primary,CHEMBL220,Acetylcholinesterase,Homo sapiens,IC50,CHEMBL3220509,O=C(Nc1cc2ccccc2oc1=O)c1ccc(Cl)cc1,UUYHMRQNUHUBAC-UHFFFAOYSA-N,4.73,4.73,0.0,4.73,4.73,0.0,1,1,10.1039/C1MD00221J,2012,2012,14553007,False,0
ACHE_HUMAN_IC50,Human AChE,primary,CHEMBL220,Acetylcholinesterase,Homo sapiens,IC50,CHEMBL3335065,COc1cccc(CC2CCN(CCCOc3ccc4c(c3)oc(=O)c3ccccc34)CC2)c1,WOLZDYVNVPOLIK-UHFFFAOYSA-N,4.73,4.73,0.0,4.73,4.73,0.0,1,1,10.1016/j.bmc.2014.08.016,2014,2014,15100045,False,0
ACHE_HUMAN_IC50,Human AChE,primary,CHEMBL220,Acetylcholinesterase,Homo sapiens,IC50,CHEMBL3335021,CC(c1cc(O)c2c(c1)oc(=O)c1ccccc12)N(C)C.Cl,GWQKDKZHNFGLEG-UHFFFAOYSA-N,4.72,4.72,0.0,4.72,4.72,0.0,1,1,10.1016/j.bmc.2014.08.016,2014,2014,15100076,False,0
ACHE_HUMAN_IC50,Human AChE,primary,CHEMBL220,Acetylcholinesterase,Homo sapiens,IC50,CHEMBL3545701,CC(c1cc(O)c2c(c1)oc(=O)c1ccccc12)N(C)C,GSBAKOQUEJHZRK-UHFFFAOYSA-N,4.72,4.72,0.0,4.72,4.72,0.0,1,0,,2017,2017,26975725,False,0
ACHE_HUMAN_IC50,Human AChE,primary,CHEMBL220,Acetylcholinesterase,Homo sapiens,IC50,CHEMBL3335058,O=c1oc2cc(OCCN3CCC(Cc4ccccc4)CC3)ccc2c2ccccc12,UOZWFKWFCFYMHT-UHFFFAOYSA-N,4.7,4.7,0.0,4.7,4.7,0.0,1,1,10.1016/j.bmc.2014.08.016,2014,2014,15100052,False,0
ACHE_HUMAN_IC50,Human AChE,primary,CHEMBL220,Acetylcholinesterase,Homo sapiens,IC50,CHEMBL3335063,COc1cccc(CN(C)CCCOc2ccc3c(c2)oc(=O)c2ccccc23)c1,AODGUHXAKIDWEC-UHFFFAOYSA-N,4.68,4.68,0.0,4.68,4.68,0.0,1,1,10.1016/j.bmc.2014.08.016,2014,2014,15100047,False,0
ACHE_HUMAN_IC50,Human AChE,primary,CHEMBL220,Acetylcholinesterase,Homo sapiens,IC50,CHEMBL3335072,COc1cccc(CN2CCN(CCCCOc3ccc4c(c3)oc(=O)c3ccccc34)CC2)c1,INQSWFRTCVMRBK-UHFFFAOYSA-N,4.67,4.67,0.0,4.67,4.67,0.0,1,1,10.1016/j.bmc.2014.08.016,2014,2014,15100037,False,0
ACHE_HUMAN_IC50,Human AChE,primary,CHEMBL220,Acetylcholinesterase,Homo sapiens,IC50,CHEMBL242906,COc1cc2cc(-c3ccc(CN(C)Cc4ccc([N+](=O)[O-])cc4)cc3)c(=O)oc2cc1OC,LVQGJNIUNMKESA-UHFFFAOYSA-N,4.61,4.61,0.0,4.61,4.61,0.0,1,1,10.1021/jm070100g,2007,2007,1915665,False,0
ACHE_HUMAN_IC50,Human AChE,primary,CHEMBL220,Acetylcholinesterase,Homo sapiens,IC50,CHEMBL3335070,COc1cccc(CC2CCN(CCCCOc3ccc4c(c3)oc(=O)c3ccccc34)CC2)c1,PTBWWTXVGBBFIJ-UHFFFAOYSA-N,4.56,4.56,0.0,4.56,4.56,0.0,1,1,10.1016/j.bmc.2014.08.016,2014,2014,15100039,False,0
ACHE_HUMAN_IC50,Human AChE,primary,CHEMBL220,Acetylcholinesterase,Homo sapiens,IC50,CHEMBL481657,CC1(C)Oc2cc3oc(=O)ccc3cc2C[C@@H]1O,BGXFQDFSVDZUIW-LBPRGKRZSA-N,4.55,4.55,0.0,4.55,4.55,0.0,1,1,10.1021/np000441w,2001,2001,2192248,False,0
ACHE_HUMAN_IC50,Human AChE,primary,CHEMBL220,Acetylcholinesterase,Homo sapiens,IC50,CHEMBL3335059,COc1cccc(CC2CCN(CCOc3ccc4c(c3)oc(=O)c3ccccc34)CC2)c1,AKCDRGUDWHAJSH-UHFFFAOYSA-N,4.53,4.53,0.0,4.53,4.53,0.0,1,1,10.1016/j.bmc.2014.08.016,2014,2014,15100051,False,0
ACHE_HUMAN_IC50,Human AChE,primary,CHEMBL220,Acetylcholinesterase,Homo sapiens,IC50,CHEMBL3335022,CC(c1cc(O)cc2oc(=O)c3ccccc3c12)N(C)C.Cl,RRRZVWSHNZJACH-UHFFFAOYSA-N,4.48,4.48,0.0,4.48,4.48,0.0,1,1,10.1016/j.bmc.2014.08.016,2014,2014,15100075,False,0
ACHE_HUMAN_IC50,Human AChE,primary,CHEMBL220,Acetylcholinesterase,Homo sapiens,IC50,CHEMBL3545712,CC(c1cc(O)cc2oc(=O)c3ccccc3c12)N(C)C,FDGWOMOFXBMREQ-UHFFFAOYSA-N,4.48,4.48,0.0,4.48,4.48,0.0,1,0,,2017,2017,26975731,False,0
ACHE_HUMAN_IC50,Human AChE,primary,CHEMBL220,Acetylcholinesterase,Homo sapiens,IC50,CHEMBL3335028,COc1cccc(CC2CCN(CCOc3ccc4c5c(c(=O)oc4c3)CCCC5)CC2)c1,LWWYSSYDRVEIDW-UHFFFAOYSA-N,4.43,4.43,0.0,4.43,4.43,0.0,1,1,10.1016/j.bmc.2014.08.016,2014,2014,15100069,False,0
ACHE_HUMAN_IC50,Human AChE,primary,CHEMBL220,Acetylcholinesterase,Homo sapiens,IC50,CHEMBL3335023,CCN(C)C(=O)Oc1cc(C(C)N(C)C)cc2oc(=O)c3ccccc3c12.Cl,ZMXWTNRMUWBBRJ-UHFFFAOYSA-N,4.4,4.4,0.0,4.4,4.4,0.0,1,1,10.1016/j.bmc.2014.08.016,2014,2014,15100074,False,0
ACHE_HUMAN_IC50,Human AChE,primary,CHEMBL220,Acetylcholinesterase,Homo sapiens,IC50,CHEMBL3545713,CCN(C)C(=O)Oc1cc(C(C)N(C)C)cc2oc(=O)c3ccccc3c12,YGXKBTHHWMVNNV-UHFFFAOYSA-N,4.4,4.4,0.0,4.4,4.4,0.0,1,0,,2017,2017,26975737,False,0
ACHE_HUMAN_IC50,Human AChE,primary,CHEMBL220,Acetylcholinesterase,Homo sapiens,IC50,CHEMBL3220507,Cc1ccc(C(=O)Nc2cc3cc(C)ccc3oc2=O)cc1,DUFYHLPGRRTZAM-UHFFFAOYSA-N,4.38,4.38,0.0,4.38,4.38,0.0,1,1,10.1039/C1MD00221J,2012,2012,14553004,False,0
ACHE_HUMAN_IC50,Human AChE,primary,CHEMBL220,Acetylcholinesterase,Homo sapiens,IC50,CHEMBL3827950,O=C(NCCCCCc1ccccc1)Oc1ccc(-n2cc(COc3ccc4ccc(=O)oc4c3)nn2)cc1,GCIRMUZDXUFWGH-UHFFFAOYSA-N,4.32,4.32,0.0,4.32,4.32,0.0,1,1,10.1021/acs.jmedchem.6b00609,2016,2016,16646205,False,0
ACHE_HUMAN_IC50,Human AChE,primary,CHEMBL220,Acetylcholinesterase,Homo sapiens,IC50,CHEMBL442813,CC(C)(O)[C@@H]1Cc2cc3ccc(=O)oc3cc2O1,FWYSBEAFFPBAQU-LBPRGKRZSA-N,4.17,4.17,0.0,4.17,4.17,0.0,1,1,10.1021/np000441w,2001,2001,2192249,False,0
ACHE_HUMAN_IC50,Human AChE,primary,CHEMBL220,Acetylcholinesterase,Homo sapiens,IC50,CHEMBL459825,CC(C)(O[C@@H]1O[C@H](CO)[C@@H](O)[C@H](O)[C@H]1O)[C@H]1Cc2cc3ccc(=O)oc3cc2O1,HXCGUCZXPFBNRD-DNLMCPORSA-N,4.17,4.17,0.0,4.17,4.17,0.0,1,1,10.1021/np000441w,2001,2001,2192258,False,0
ACHE_HUMAN_IC50,Human AChE,primary,CHEMBL220,Acetylcholinesterase,Homo sapiens,IC50,CHEMBL3220508,COc1ccc(C(=O)Nc2cc3ccccc3oc2=O)cc1,PLTMDSCMMLSMDS-UHFFFAOYSA-N,4.16,4.16,0.0,4.16,4.16,0.0,1,1,10.1039/C1MD00221J,2012,2012,14553006,False,0
ACHE_HUMAN_IC50,Human AChE,primary,CHEMBL220,Acetylcholinesterase,Homo sapiens,IC50,CHEMBL448060,CC(C)=CCOc1c2ccoc2cc2oc(=O)ccc12,IGWDEVSBEKYORK-UHFFFAOYSA-N,4.16,4.16,0.0,4.16,4.16,0.0,1,1,10.1021/np000441w,2001,2001,2192253,False,0
CA9_HUMAN_KI,Human CA9,primary,CHEMBL3594,Carbonic anhydrase 9,Homo sapiens,Ki,CHEMBL3804902,NS(=O)(=O)c1ccc(-n2cc(/C=N\Nc3nc(-c4cc5ccccc5oc4=O)cs3)c(-c3ccc(F)cc3)n2)cc1,BNGQCSKRVCUEIT-AQLQTECXSA-N,8.64,8.64,0.0,8.64,8.64,0.0,1,1,10.1016/j.bmc.2016.04.052,2016,2016,16587762,False,0
CA9_HUMAN_KI,Human CA9,primary,CHEMBL3594,Carbonic anhydrase 9,Homo sapiens,Ki,CHEMBL3805892,NS(=O)(=O)c1ccc(-n2cc(/C=N\Nc3nc(-c4cc5ccccc5oc4=O)cs3)c(-c3ccc(Cl)cc3)n2)cc1,ZVZLLNBVDWFKII-AQLQTECXSA-N,8.63,8.63,0.0,8.63,8.63,0.0,1,1,10.1016/j.bmc.2016.04.052,2016,2016,16587765,False,0
CA9_HUMAN_KI,Human CA9,primary,CHEMBL3594,Carbonic anhydrase 9,Homo sapiens,Ki,CHEMBL3805906,C/C(=N\Nc1ccc(S(N)(=O)=O)cc1)c1cc2cc(Cl)ccc2oc1=O,VPUBWSXBPWKGOS-KEBDBYFISA-N,8.63,8.63,0.0,8.63,8.63,0.0,1,1,10.1016/j.bmc.2016.04.052,2016,2016,16587775,False,0
CA9_HUMAN_KI,Human CA9,primary,CHEMBL3594,Carbonic anhydrase 9,Homo sapiens,Ki,CHEMBL3806054,NS(=O)(=O)c1ccc(-n2cc(/C=N\Nc3nc(-c4cc5cc(Cl)ccc5oc4=O)cs3)c(-c3ccc(F)cc3)n2)cc1,DZBVDRPPHDRLKJ-VKVKMMGJSA-N,8.6,8.6,0.0,8.6,8.6,0.0,1,1,10.1016/j.bmc.2016.04.052,2016,2016,16587763,False,0
CA9_HUMAN_KI,Human CA9,primary,CHEMBL3594,Carbonic anhydrase 9,Homo sapiens,Ki,CHEMBL5220025,COc1cc(/C=C/C(=O)OCCCCCCCN(CCCOC(=O)c2cc(OC)c(OC)c(OC)c2)CCCOc2ccc3ccc(=O)oc3c2)cc(OC)c1OC,HEIISCYNPOUBFU-NBVRZTHBSA-N,8.28,8.28,0.0,8.28,8.28,0.0,1,1,10.1021/acs.jmedchem.2c01175,2022,2022,24968777,False,0
CA9_HUMAN_KI,Human CA9,primary,CHEMBL3594,Carbonic anhydrase 9,Homo sapiens,Ki,CHEMBL5218766,COc1cc(/C=C/C(=O)OCCCCCN(CCCOC(=O)c2c3ccccc3cc3ccccc23)CCCOc2ccc3ccc(=O)oc3c2)cc(OC)c1OC,FJHCEAFBOXETLM-HEHNFIMWSA-N,8.1,8.1,0.0,8.1,8.1,0.0,1,1,10.1021/acs.jmedchem.2c01175,2022,2022,24968760,False,0
CA9_HUMAN_KI,Human CA9,primary,CHEMBL3594,Carbonic anhydrase 9,Homo sapiens,Ki,CHEMBL4176119,CC(=O)c1c(O)c2cc(Br)ccc2oc1=O,CZVCQXLWYJTEDA-UHFFFAOYSA-N,8.09,8.09,0.0,8.09,8.09,0.0,1,1,10.1016/j.ejmech.2018.01.033,2018,2018,18390751,False,0
CA9_HUMAN_KI,Human CA9,primary,CHEMBL3594,Carbonic anhydrase 9,Homo sapiens,Ki,CHEMBL5218778,COc1cc(/C=C/C(=O)OCCCCCCN(CCCOC(=O)/C=C/c2cc(OC)c(OC)c(OC)c2)CCCOc2ccc3ccc(=O)oc3c2)cc(OC)c1OC,ARMRJWAFXCJQKN-JIBZRZDWSA-N,8.09,8.09,0.0,8.09,8.09,0.0,1,1,10.1021/acs.jmedchem.2c01175,2022,2022,24968767,False,0
CA9_HUMAN_KI,Human CA9,primary,CHEMBL3594,Carbonic anhydrase 9,Homo sapiens,Ki,CHEMBL3331341,Cc1nn(-c2ccccc2)c2c1c(=O)oc1ccc(Br)cc12,NBQXIBXQMPJZBW-UHFFFAOYSA-N,8.07,8.07,0.0,8.07,8.07,0.0,1,1,10.1016/j.ejmech.2018.01.033,2018,2018,18390740,False,0
CA9_HUMAN_KI,Human CA9,primary,CHEMBL3594,Carbonic anhydrase 9,Homo sapiens,Ki,CHEMBL5565590,NS(=O)(=O)c1ccc(CN/C=C/C(=O)/C=C/c2cc3ccccc3oc2=O)cc1,KTBNDQCZXDKUFN-NJHWEWLZSA-N,8.05,8.05,0.0,8.05,8.05,0.0,1,1,10.1016/j.ejmech.2024.116170,2024,2024,25873070,False,0
CA9_HUMAN_KI,Human CA9,primary,CHEMBL3594,Carbonic anhydrase 9,Homo sapiens,Ki,CHEMBL1172750,Cc1cc(=O)oc2cc(O[C@H]3O[C@H](CO)[C@@H](O)[C@H](O)[C@@H]3O)ccc12,YUDPTGPSBJVHCN-VMMWWAARSA-N,8.04,8.04,0.0,8.04,8.04,0.0,1,1,10.1021/jm200983e,2011,2011,8007618,False,0
CA9_HUMAN_KI,Human CA9,primary,CHEMBL3594,Carbonic anhydrase 9,Homo sapiens,Ki,CHEMBL412610,Cc1nn(-c2ccccc2)c2c1c(=O)oc1ccccc12,XQVHTRBZHCYIDD-UHFFFAOYSA-N,8.02,8.02,0.0,8.02,8.02,0.0,1,1,10.1016/j.ejmech.2018.01.033,2018,2018,18390746,False,0
CA9_HUMAN_KI,Human CA9,primary,CHEMBL3594,Carbonic anhydrase 9,Homo sapiens,Ki,CHEMBL3986431,O=C(Nc1ccccc1C(=O)Nc1ccc2c(C(F)(F)F)cc(=O)oc2c1)c1ccccc1,IBJCPUNZZKQQPS-UHFFFAOYSA-N,7.96,7.96,0.0,7.96,7.96,0.0,1,1,10.1016/j.bmc.2016.11.039,2017,2017,16828494,False,0
CA9_HUMAN_KI,Human CA9,primary,CHEMBL3594,Carbonic anhydrase 9,Homo sapiens,Ki,CHEMBL2316107,NS(=O)(=O)c1ccc2c(c1)sc1nc(-c3cc4cc(Cl)ccc4oc3=O)cn12,XMZKFAPDXBPXLI-UHFFFAOYSA-N,7.94,7.94,0.0,7.94,7.94,0.0,1,1,10.1016/j.bmc.2016.04.052,2016,2016,16587772,False,0
CA9_HUMAN_KI,Human CA9,primary,CHEMBL3594,Carbonic anhydrase 9,Homo sapiens,Ki,CHEMBL3623663,O=c1ccc2ccc(OCc3cn(-c4ccccc4)nn3)cc2o1,LZILEQYIQFONPP-UHFFFAOYSA-N,7.855,7.855,0.34648232278140784,7.61,8.1,0.4899999999999993,2,2,10.1016/j.bmc.2015.09.041; 10.1021/acs.jmedchem.5b01720,2015,2016,15744008; 16460604,False,1
CA9_HUMAN_KI,Human CA9,primary,CHEMBL3594,Carbonic anhydrase 9,Homo sapiens,Ki,CHEMBL489182,COc1ccc2c(CC(=O)Nc3cc(C(F)(F)F)c(S(N)(=O)=O)cc3S(N)(=O)=O)cc(=O)oc2c1,NFLMNEBPJVSVBV-UHFFFAOYSA-N,7.85,7.85,0.0,7.85,7.85,0.0,1,1,10.1016/j.bmc.2010.06.028,2010,2010,3365796,False,0
CA9_HUMAN_KI,Human CA9,primary,CHEMBL3594,Carbonic anhydrase 9,Homo sapiens,Ki,CHEMBL5219666,COc1cc(/C=C/C(=O)OCCCCCCCN(CCCOC(=O)c2c3ccccc3cc3ccccc23)CCCOc2ccc3ccc(=O)oc3c2)cc(OC)c1OC,KAGJUCHTDFATOU-FCDQGJHFSA-N,7.85,7.85,0.0,7.85,7.85,0.0,1,1,10.1021/acs.jmedchem.2c01175,2022,2022,24968778,False,0
CA9_HUMAN_KI,Human CA9,primary,CHEMBL3594,Carbonic anhydrase 9,Homo sapiens,Ki,CHEMBL3623672,NS(=O)(=O)c1ccc(-n2cc(COc3ccc4ccc(=O)oc4c3)nn2)cc1,WIUDCHLBGORNGY-UHFFFAOYSA-N,7.84,7.84,0.0,7.84,7.84,0.0,1,1,10.1016/j.bmc.2015.09.041,2015,2015,15744017,False,0
CA9_HUMAN_KI,Human CA9,primary,CHEMBL3594,Carbonic anhydrase 9,Homo sapiens,Ki,CHEMBL3956977,Cc1cc(=O)oc2cc(NC(=O)c3ccccc3NC(=O)c3ccc(F)cc3)ccc12,PLYPCRQXNLIJDU-UHFFFAOYSA-N,7.82,7.82,0.0,7.82,7.82,0.0,1,1,10.1016/j.bmc.2016.11.039,2017,2017,16828495,False,0
CA9_HUMAN_KI,Human CA9,primary,CHEMBL3594,Carbonic anhydrase 9,Homo sapiens,Ki,CHEMBL4167366,Cc1nn(-c2ccccc2)c2c1c(=O)oc1ccc(NC(=O)c3ccccc3)cc12,FEEMMLSEDLVECE-UHFFFAOYSA-N,7.82,7.82,0.0,7.82,7.82,0.0,1,1,10.1016/j.ejmech.2018.01.033,2018,2018,18390732,False,0
CA9_HUMAN_KI,Human CA9,primary,CHEMBL3594,Carbonic anhydrase 9,Homo sapiens,Ki,CHEMBL5598352,O=C(Oc1ccc2oc(=O)ccc2c1)c1ccc2c(c1)no[n+]2[O-],JCVAXBHRQGIMSI-UHFFFAOYSA-N,7.8,7.8,0.0,7.8,7.8,0.0,1,1,10.1021/acs.jmedchem.4c01563,2024,2024,26051229,False,0
CA9_HUMAN_KI,Human CA9,primary,CHEMBL3594,Carbonic anhydrase 9,Homo sapiens,Ki,CHEMBL4160871,Cc1c(CC(=O)Nc2ccc(S(N)(=O)=O)cc2)c(=O)oc2cc3occ(-c4ccccc4)c3cc12,AXWYLVUFOGDOPN-UHFFFAOYSA-N,7.78,7.78,0.0,7.78,7.78,0.0,1,1,10.1021/acsmedchemlett.8b00170,2018,2018,18407559,False,0
CA9_HUMAN_KI,Human CA9,primary,CHEMBL3594,Carbonic anhydrase 9,Homo sapiens,Ki,CHEMBL4776848,Cc1cc(=O)oc2cc(NC(=O)Cn3cc(F)c(=O)[nH]c3=O)ccc12,HNENAVXBRJIOOI-UHFFFAOYSA-N,7.78,7.78,0.0,7.78,7.78,0.0,1,1,10.1016/j.ejmech.2020.112112,2020,2020,22957280,False,0
CA9_HUMAN_KI,Human CA9,primary,CHEMBL3594,Carbonic anhydrase 9,Homo sapiens,Ki,CHEMBL4161127,Cc1cccc(-c2cc(=O)oc3cc(O)ccc23)c1,QBCQCTLZSAHONS-UHFFFAOYSA-N,7.77,7.77,0.0,7.77,7.77,0.0,1,1,10.1016/j.ejmech.2017.11.061,2018,2018,18367332,False,0
CA9_HUMAN_KI,Human CA9,primary,CHEMBL3594,Carbonic anhydrase 9,Homo sapiens,Ki,CHEMBL1466024,Cc1c(CC(=O)O)c(=O)oc2cc3occ(-c4ccccc4)c3cc12,IQWQGQREZKOSCN-UHFFFAOYSA-N,7.76,7.76,0.0,7.76,7.76,0.0,1,1,10.1021/acsmedchemlett.8b00170,2018,2018,18407526,False,0
CA9_HUMAN_KI,Human CA9,primary,CHEMBL3594,Carbonic anhydrase 9,Homo sapiens,Ki,CHEMBL1441824,Cc1c(CC(=O)O)c(=O)oc2cc3occ(-c4ccc(F)cc4)c3cc12,NNOYFTHOJCHELA-UHFFFAOYSA-N,7.75,7.75,0.0,7.75,7.75,0.0,1,1,10.1021/acsmedchemlett.8b00170,2018,2018,18407525,False,0
CA9_HUMAN_KI,Human CA9,primary,CHEMBL3594,Carbonic anhydrase 9,Homo sapiens,Ki,CHEMBL4175989,Cc1c(CC(=O)Nc2ccc(S(N)(=O)=O)cc2)c(=O)oc2cc3occ(-c4ccc(Cl)cc4)c3cc12,ILGXMOUJVRIKDT-UHFFFAOYSA-N,7.75,7.75,0.0,7.75,7.75,0.0,1,1,10.1021/acsmedchemlett.8b00170,2018,2018,18407524,False,0
CA9_HUMAN_KI,Human CA9,primary,CHEMBL3594,Carbonic anhydrase 9,Homo sapiens,Ki,CHEMBL3977549,Cc1cc(=O)oc2cc(NC(=O)c3ccccc3NC(=O)c3ccc(Cl)cc3)ccc12,JNLMSYIRVWOXIX-UHFFFAOYSA-N,7.74,7.74,0.0,7.74,7.74,0.0,1,1,10.1016/j.bmc.2016.11.039,2017,2017,16828496,False,0
CA9_HUMAN_KI,Human CA9,primary,CHEMBL3594,Carbonic anhydrase 9,Homo sapiens,Ki,CHEMBL5218919,COc1cc(C(=O)OCCCCCCCN(CCCOC(=O)c2cc(OC)c(OC)c(OC)c2)CCCOc2ccc3ccc(=O)oc3c2)cc(OC)c1OC,LQBYNJRJBRTEHC-UHFFFAOYSA-N,7.74,7.74,0.0,7.74,7.74,0.0,1,1,10.1021/acs.jmedchem.2c01175,2022,2022,24968780,False,0
CA9_HUMAN_KI,Human CA9,primary,CHEMBL3594,Carbonic anhydrase 9,Homo sapiens,Ki,CHEMBL4763272,NS(=O)(=O)c1ccc(C(=O)N/N=C(\CS(=O)(=O)c2ccccc2)c2cc3ccccc3oc2=O)cc1,QWKJONKITDUSDD-YYADALCUSA-N,7.73,7.73,0.0,7.73,7.73,0.0,1,1,10.1016/j.ejmech.2020.112897,2021,2021,22802320,False,0
CA9_HUMAN_KI,Human CA9,primary,CHEMBL3594,Carbonic anhydrase 9,Homo sapiens,Ki,CHEMBL3805263,NS(=O)(=O)c1ccc(-n2cc(/C=N\Nc3nc(-c4cc5ccccc5oc4=O)cs3)c(-c3ccccc3)n2)cc1,AGQYESULXBATKV-MNDYBZJGSA-N,7.71,7.71,0.0,7.71,7.71,0.0,1,1,10.1016/j.bmc.2016.04.052,2016,2016,16587753,False,0
CA9_HUMAN_KI,Human CA9,primary,CHEMBL3594,Carbonic anhydrase 9,Homo sapiens,Ki,CHEMBL4173787,Cn1nc(Cc2ccccc2)c2c(=O)oc3ccccc3c21,KAGRONOWGSTYGZ-UHFFFAOYSA-N,7.71,7.71,0.0,7.71,7.71,0.0,1,1,10.1016/j.ejmech.2018.01.033,2018,2018,18390727,False,0
CA9_HUMAN_KI,Human CA9,primary,CHEMBL3594,Carbonic anhydrase 9,Homo sapiens,Ki,CHEMBL3354140,Cc1cc(=O)oc2cc(NC(=O)NS(=O)(=O)c3ccc(Cl)cc3)ccc12,SWXYKOCCFQXDLP-UHFFFAOYSA-N,7.7,7.7,0.0,7.7,7.7,0.0,1,1,10.1021/jm501314c,2014,2014,15083220,False,0
CA9_HUMAN_KI,Human CA9,primary,CHEMBL3594,Carbonic anhydrase 9,Homo sapiens,Ki,CHEMBL3806081,COc1ccc(-c2nn(-c3ccc(S(N)(=O)=O)cc3)cc2/C=N\Nc2nc(-c3cc4cc(Br)ccc4oc3=O)cs2)cc1,UUCGFRNSTWGDKJ-LPEPFOFCSA-N,7.7,7.7,0.0,7.7,7.7,0.0,1,1,10.1016/j.bmc.2016.04.052,2016,2016,16587761,False,0
CA9_HUMAN_KI,Human CA9,primary,CHEMBL3594,Carbonic anhydrase 9,Homo sapiens,Ki,CHEMBL3896854,O=C(Nc1ccccc1C(=O)Nc1ccc2c(C(F)(F)F)cc(=O)oc2c1)c1ccc(F)cc1,QSDYUKWZTCFDHL-UHFFFAOYSA-N,7.7,7.7,0.0,7.7,7.7,0.0,1,1,10.1016/j.bmc.2016.11.039,2017,2017,16828492,False,0
CA9_HUMAN_KI,Human CA9,primary,CHEMBL3594,Carbonic anhydrase 9,Homo sapiens,Ki,CHEMBL4087725,COc1ccc2c(c1)c(CC(=O)NCCOc1ccc3ccc(=O)oc3c1)c(C)n2C(=O)c1ccc(Cl)cc1,FLECULXDKQQRRJ-UHFFFAOYSA-N,7.7,7.7,0.0,7.7,7.7,0.0,1,1,10.1021/acs.jmedchem.6b01607,2017,2017,17956065,False,0
CA9_HUMAN_KI,Human CA9,primary,CHEMBL3594,Carbonic anhydrase 9,Homo sapiens,Ki,CHEMBL4764288,C/C(=N\NC(=O)c1ccc(S(N)(=O)=O)cc1)c1cc2cc(Br)ccc2oc1=O,UHHGTRVUYBKOGZ-UFFVCSGVSA-N,7.7,7.7,0.0,7.7,7.7,0.0,1,1,10.1016/j.ejmech.2020.112897,2021,2021,22802315,False,0
CA9_HUMAN_KI,Human CA9,primary,CHEMBL3594,Carbonic anhydrase 9,Homo sapiens,Ki,CHEMBL1479277,O=c1cc(-c2ccc([N+](=O)[O-])cc2)c2ccc(O)cc2o1,RDKUUACFEGXQFP-UHFFFAOYSA-N,7.69,7.69,0.0,7.69,7.69,0.0,1,1,10.1016/j.ejmech.2017.11.061,2018,2018,18367334,False,0
CA9_HUMAN_KI,Human CA9,primary,CHEMBL3594,Carbonic anhydrase 9,Homo sapiens,Ki,CHEMBL3805545,COc1ccc(-c2nn(-c3ccc(S(N)(=O)=O)cc3)cc2/C=N\Nc2nc(-c3cc4cc(Cl)ccc4oc3=O)cs2)cc1,KHDZTPNMZCTKCJ-LPEPFOFCSA-N,7.69,7.69,0.0,7.69,7.69,0.0,1,1,10.1016/j.bmc.2016.04.052,2016,2016,16587760,False,0
CA9_HUMAN_KI,Human CA9,primary,CHEMBL3594,Carbonic anhydrase 9,Homo sapiens,Ki,CHEMBL3354141,Cc1cc(=O)oc2cc(NC(=O)NS(=O)(=O)c3ccc(F)cc3)ccc12,JDBAVTHSLBRRSD-UHFFFAOYSA-N,7.67,7.67,0.0424264068711932,7.64,7.7,0.0600000000000005,2,2,10.1016/j.bmc.2020.115586; 10.1021/jm501314c,2014,2020,15083219; 22879392,False,1
CA9_HUMAN_KI,Human CA9,primary,CHEMBL3594,Carbonic anhydrase 9,Homo sapiens,Ki,CHEMBL3804879,NS(=O)(=O)c1ccc(-n2cc(/C=N\Nc3nc(-c4cc5cc(Br)ccc5oc4=O)cs3)c(-c3ccccc3)n2)cc1,RALXQSUJFFLQBR-AQLQTECXSA-N,7.67,7.67,0.0,7.67,7.67,0.0,1,1,10.1016/j.bmc.2016.04.052,2016,2016,16587755,False,0
CA9_HUMAN_KI,Human CA9,primary,CHEMBL3594,Carbonic anhydrase 9,Homo sapiens,Ki,CHEMBL3805723,COc1ccc(-c2nn(-c3ccc(S(N)(=O)=O)cc3)cc2/C=N\Nc2nc(-c3cc4ccccc4oc3=O)cs2)cc1,XWDGSSYFCBMVEA-BVMLUPFRSA-N,7.67,7.67,0.0,7.67,7.67,0.0,1,1,10.1016/j.bmc.2016.04.052,2016,2016,16587759,False,0
CA9_HUMAN_KI,Human CA9,primary,CHEMBL3594,Carbonic anhydrase 9,Homo sapiens,Ki,CHEMBL3928695,Cc1cc(=O)oc2cc(NC(=O)c3ccccc3NC(=O)c3ccccc3)ccc12,BYTACWODPDSCEX-UHFFFAOYSA-N,7.67,7.67,0.0,7.67,7.67,0.0,1,1,10.1016/j.bmc.2016.11.039,2017,2017,16828497,False,0
CA9_HUMAN_KI,Human CA9,primary,CHEMBL3594,Carbonic anhydrase 9,Homo sapiens,Ki,CHEMBL4162187,Nc1ccc(-c2cc(=O)oc3cc(O)ccc23)cc1,HATYMLATGSIWGR-UHFFFAOYSA-N,7.67,7.67,0.0,7.67,7.67,0.0,1,1,10.1016/j.ejmech.2017.11.061,2018,2018,18367335,False,0
CA9_HUMAN_KI,Human CA9,primary,CHEMBL3594,Carbonic anhydrase 9,Homo sapiens,Ki,CHEMBL4639447,Cc1cn([C@H]2C[C@H](n3cc(CCCOc4ccc5oc(=O)ccc5c4)nn3)[C@@H](CO)O2)c(=O)[nH]c1=O,KOFMFRQCGVRMQO-CEWLAPEOSA-N,7.67,7.67,0.0,7.67,7.67,0.0,1,1,10.1021/acs.jmedchem.0c00636,2020,2020,20639288,False,0
CA9_HUMAN_KI,Human CA9,primary,CHEMBL3594,Carbonic anhydrase 9,Homo sapiens,Ki,CHEMBL5556414,O=C(Oc1ccc2c(-c3ccccc3)cc(=O)oc2c1)c1ccccc1,UYQWSXYHSUHDDR-UHFFFAOYSA-N,7.66,7.66,0.0,7.66,7.66,0.0,1,1,10.1016/j.ejmech.2024.116170,2024,2024,25873138,False,0
CA9_HUMAN_KI,Human CA9,primary,CHEMBL3594,Carbonic anhydrase 9,Homo sapiens,Ki,CHEMBL317599,Cc1ccc(-n2nc(C)c3c(=O)oc4ccccc4c32)cc1,JLDMZWPPTDNQSP-UHFFFAOYSA-N,7.65,7.65,0.0,7.65,7.65,0.0,1,1,10.1016/j.ejmech.2018.01.033,2018,2018,18390744,False,0
CA9_HUMAN_KI,Human CA9,primary,CHEMBL3594,Carbonic anhydrase 9,Homo sapiens,Ki,CHEMBL2273029,CC(=O)Oc1ccc2oc(=O)ccc2c1,YJFWQQFBOFHFLX-UHFFFAOYSA-N,7.64,7.64,0.0,7.64,7.64,0.0,1,1,10.1016/j.ejmech.2017.11.061,2018,2018,18367322,False,0
CA9_HUMAN_KI,Human CA9,primary,CHEMBL3594,Carbonic anhydrase 9,Homo sapiens,Ki,CHEMBL3354138,Cc1ccc(S(=O)(=O)NC(=O)Nc2ccc3c(C)cc(=O)oc3c2)cc1,GNOQGZBRNYQEDY-UHFFFAOYSA-N,7.64,7.64,0.0,7.64,7.64,0.0,1,1,10.1021/jm501314c,2014,2014,15083222,False,0
CA9_HUMAN_KI,Human CA9,primary,CHEMBL3594,Carbonic anhydrase 9,Homo sapiens,Ki,CHEMBL3623669,O=c1ccc2ccc(OCc3cn(-c4ccc(C(F)(F)F)cc4)nn3)cc2o1,GTDVHWNQTPBKAC-UHFFFAOYSA-N,7.64,7.64,0.0,7.64,7.64,0.0,1,1,10.1016/j.bmc.2015.09.041,2015,2015,15744014,False,0
CA9_HUMAN_KI,Human CA9,primary,CHEMBL3594,Carbonic anhydrase 9,Homo sapiens,Ki,CHEMBL3623673,Cc1cc(=O)oc2cc(-n3cc(COc4ccc5ccc(=O)oc5c4)nn3)ccc12,YHJCJMURBWECJQ-UHFFFAOYSA-N,7.64,7.64,0.0,7.64,7.64,0.0,1,1,10.1016/j.bmc.2015.09.041,2015,2015,15744018,False,0
CA9_HUMAN_KI,Human CA9,primary,CHEMBL3594,Carbonic anhydrase 9,Homo sapiens,Ki,CHEMBL3806068,NS(=O)(=O)c1ccc(-n2cc(/C=N\Nc3nc(-c4cc5cc(Br)ccc5oc4=O)cs3)c(-c3ccc(Cl)cc3)n2)cc1,BPPBVRCZMIACBJ-VKVKMMGJSA-N,7.64,7.64,0.0,7.64,7.64,0.0,1,1,10.1016/j.bmc.2016.04.052,2016,2016,16587767,False,0
CA9_HUMAN_KI,Human CA9,primary,CHEMBL3594,Carbonic anhydrase 9,Homo sapiens,Ki,CHEMBL4168368,Cc1ccc(-c2coc3cc4oc(=O)c(CC(=O)O)c(C)c4cc23)cc1,DKDQZTRRMYSVQA-UHFFFAOYSA-N,7.64,7.64,0.0,7.64,7.64,0.0,1,1,10.1021/acsmedchemlett.8b00170,2018,2018,18407527,False,0
CA9_HUMAN_KI,Human CA9,primary,CHEMBL3594,Carbonic anhydrase 9,Homo sapiens,Ki,CHEMBL3623667,COc1cccc(-n2cc(COc3ccc4ccc(=O)oc4c3)nn2)c1,GMEVNZGJRMYVKL-UHFFFAOYSA-N,7.63,7.63,0.0,7.63,7.63,0.0,1,1,10.1016/j.bmc.2015.09.041,2015,2015,15744012,False,0
CA9_HUMAN_KI,Human CA9,primary,CHEMBL3594,Carbonic anhydrase 9,Homo sapiens,Ki,CHEMBL3804869,NS(=O)(=O)c1ccc(Nc2nc(-c3cc4cc(Br)ccc4oc3=O)cs2)cc1,YVFKTUBHVQZJOT-UHFFFAOYSA-N,7.63,7.63,0.0,7.63,7.63,0.0,1,1,10.1016/j.bmc.2016.04.052,2016,2016,16587770,False,0
CA9_HUMAN_KI,Human CA9,primary,CHEMBL3594,Carbonic anhydrase 9,Homo sapiens,Ki,CHEMBL4096350,CC(C(=O)NCCOc1ccc2oc(=O)ccc2c1)c1ccc(-c2ccccc2)c(F)c1,RDCNYQNKGWIHTR-UHFFFAOYSA-N,7.63,7.63,0.0,7.63,7.63,0.0,2,2,10.1016/j.ejmech.2024.116170; 10.1021/acs.jmedchem.6b01607,2017,2024,17956062; 25873071,False,1
CA9_HUMAN_KI,Human CA9,primary,CHEMBL3594,Carbonic anhydrase 9,Homo sapiens,Ki,CHEMBL4172130,COC(=O)Cc1c(C)c2ccc(OCC(=O)c3ccc(Cl)cc3)cc2oc1=O,BTUUFFFCLPDDTA-UHFFFAOYSA-N,7.63,7.63,0.0,7.63,7.63,0.0,1,1,10.1021/acsmedchemlett.8b00170,2018,2018,18407532,False,0
CA9_HUMAN_KI,Human CA9,primary,CHEMBL3594,Carbonic anhydrase 9,Homo sapiens,Ki,CHEMBL5597877,O=C(NCCOc1ccc2oc(=O)ccc2c1)c1ccc2c(c1)no[n+]2[O-],FWYNAXQQSCXUKQ-UHFFFAOYSA-N,7.63,7.63,0.0,7.63,7.63,0.0,1,1,10.1021/acs.jmedchem.4c01563,2024,2024,26051227,False,0
CA9_HUMAN_KI,Human CA9,primary,CHEMBL3594,Carbonic anhydrase 9,Homo sapiens,Ki,CHEMBL3805919,C/C(=N\Nc1ccc(S(N)(=O)=O)cc1)c1cc2cc(Br)ccc2oc1=O,VBUCMEPVXZQACZ-KEBDBYFISA-N,7.625,7.625,0.007071067811865324,7.62,7.63,0.009999999999999787,2,2,10.1016/j.bmc.2016.04.052; 10.1016/j.ejmech.2020.112897,2016,2021,16587776; 22802313,False,1
CA9_HUMAN_KI,Human CA9,primary,CHEMBL3594,Carbonic anhydrase 9,Homo sapiens,Ki,CHEMBL3623668,O=c1ccc2ccc(OCc3cn(-c4ccc(F)cc4)nn3)cc2o1,GSHZAVMULBGMCI-UHFFFAOYSA-N,7.62,7.62,0.0,7.62,7.62,0.0,1,1,10.1016/j.bmc.2015.09.041,2015,2015,15744013,False,0
CA9_HUMAN_KI,Human CA9,primary,CHEMBL3594,Carbonic anhydrase 9,Homo sapiens,Ki,CHEMBL3805861,NS(=O)(=O)c1ccc(Nc2nc(-c3cc4ccccc4oc3=O)cs2)cc1,XSNHMAOMNGCPPA-UHFFFAOYSA-N,7.62,7.62,0.0,7.62,7.62,0.0,1,1,10.1016/j.bmc.2016.04.052,2016,2016,16587768,False,0
CA9_HUMAN_KI,Human CA9,primary,CHEMBL3594,Carbonic anhydrase 9,Homo sapiens,Ki,CHEMBL4172760,Cc1c(O)ccc2c(-c3ccc(N)cc3)cc(=O)oc12,IAYMSIFYZCOODA-UHFFFAOYSA-N,7.62,7.62,0.0,7.62,7.62,0.0,1,1,10.1016/j.ejmech.2017.11.061,2018,2018,18367344,False,0
CA9_HUMAN_KI,Human CA9,primary,CHEMBL3594,Carbonic anhydrase 9,Homo sapiens,Ki,CHEMBL5219141,COc1cc(/C=C/C(=O)OCCCCCN(CCCOC(=O)c2cc(OC)c(OC)c(OC)c2)CCCOc2ccc3ccc(=O)oc3c2)cc(OC)c1OC,UDWUBXLPCAHAQN-FOWTUZBSSA-N,7.62,7.62,0.0,7.62,7.62,0.0,1,1,10.1021/acs.jmedchem.2c01175,2022,2022,24968759,False,0
CA9_HUMAN_KI,Human CA9,primary,CHEMBL3594,Carbonic anhydrase 9,Homo sapiens,Ki,CHEMBL3805133,Cc1ccc(-c2nn(-c3ccc(S(N)(=O)=O)cc3)cc2/C=N\Nc2nc(-c3cc4cc(Cl)ccc4oc3=O)cs2)cc1,AKHXOIJBMVXWSJ-LPEPFOFCSA-N,7.61,7.61,0.0,7.61,7.61,0.0,1,1,10.1016/j.bmc.2016.04.052,2016,2016,16587757,False,0
CA9_HUMAN_KI,Human CA9,primary,CHEMBL3594,Carbonic anhydrase 9,Homo sapiens,Ki,CHEMBL3960492,O=C(Nc1ccccc1C(=O)Nc1ccc2c(C(F)(F)F)cc(=O)oc2c1)c1ccc(Cl)cc1,QMQFKEHORSUGMA-UHFFFAOYSA-N,7.61,7.61,0.0,7.61,7.61,0.0,1,1,10.1016/j.bmc.2016.11.039,2017,2017,16828493,False,0
CA9_HUMAN_KI,Human CA9,primary,CHEMBL3594,Carbonic anhydrase 9,Homo sapiens,Ki,CHEMBL2316108,NS(=O)(=O)c1ccc2c(c1)sc1nc(-c3cc4cc(Br)ccc4oc3=O)cn12,AWNHWELMVPGCNN-UHFFFAOYSA-N,7.6,7.6,0.0,7.6,7.6,0.0,1,1,10.1016/j.bmc.2016.04.052,2016,2016,16587773,False,0
CA9_HUMAN_KI,Human CA9,primary,CHEMBL3594,Carbonic anhydrase 9,Homo sapiens,Ki,CHEMBL3623664,O=c1ccc2ccc(OCc3cn(-c4cccc(F)c4)nn3)cc2o1,FPAYGZSFDMDGQX-UHFFFAOYSA-N,7.6,7.6,0.0,7.6,7.6,0.0,1,1,10.1016/j.bmc.2015.09.041,2015,2015,15744009,False,0
CA9_HUMAN_KI,Human CA9,primary,CHEMBL3594,Carbonic anhydrase 9,Homo sapiens,Ki,CHEMBL3805418,NS(=O)(=O)c1ccc(Nc2nc(-c3cc4cc(Cl)ccc4oc3=O)cs2)cc1,DPSXTIYXJVKNSJ-UHFFFAOYSA-N,7.6,7.6,0.0,7.6,7.6,0.0,1,1,10.1016/j.bmc.2016.04.052,2016,2016,16587769,False,0
CA9_HUMAN_KI,Human CA9,primary,CHEMBL3594,Carbonic anhydrase 9,Homo sapiens,Ki,CHEMBL4160386,Cc1c2c(=O)oc3ccc(Br)cc3c2nn1-c1ccccc1,GQPFYLKQKXBNKL-UHFFFAOYSA-N,7.6,7.6,0.0,7.6,7.6,0.0,1,1,10.1016/j.ejmech.2018.01.033,2018,2018,18390724,False,0
CA9_HUMAN_KI,Human CA9,primary,CHEMBL3594,Carbonic anhydrase 9,Homo sapiens,Ki,CHEMBL3806010,Cc1ccc(-c2nn(-c3ccc(S(N)(=O)=O)cc3)cc2/C=N\Nc2nc(-c3cc4cc(Br)ccc4oc3=O)cs2)cc1,PPHITHNLCOUDOY-LPEPFOFCSA-N,7.59,7.59,0.0,7.59,7.59,0.0,1,1,10.1016/j.bmc.2016.04.052,2016,2016,16587758,False,0
CA9_HUMAN_KI,Human CA9,primary,CHEMBL3594,Carbonic anhydrase 9,Homo sapiens,Ki,CHEMBL3804909,NS(=O)(=O)c1ccc(-n2cc(/C=N\Nc3nc(-c4cc5cc(Br)ccc5oc4=O)cs3)c(-c3ccc(F)cc3)n2)cc1,FVOXTVYJOXVETI-VKVKMMGJSA-N,7.58,7.58,0.0,7.58,7.58,0.0,1,1,10.1016/j.bmc.2016.04.052,2016,2016,16587764,False,0
CA9_HUMAN_KI,Human CA9,primary,CHEMBL3594,Carbonic anhydrase 9,Homo sapiens,Ki,CHEMBL3623670,O=c1ccc2ccc(OCc3cn(-c4ccc(O)cc4)nn3)cc2o1,ZSCKAXRHIRDYSA-UHFFFAOYSA-N,7.57,7.57,0.0,7.57,7.57,0.0,1,1,10.1016/j.bmc.2015.09.041,2015,2015,15744015,False,0
CA9_HUMAN_KI,Human CA9,primary,CHEMBL3594,Carbonic anhydrase 9,Homo sapiens,Ki,CHEMBL4172537,Cc1nn(-c2ccccc2)c2c1c(=O)oc1ccc([N+](=O)[O-])cc12,ZPWWLPUPOAKDSB-UHFFFAOYSA-N,7.57,7.57,0.0,7.57,7.57,0.0,1,1,10.1016/j.ejmech.2018.01.033,2018,2018,18390738,False,0
CA9_HUMAN_KI,Human CA9,primary,CHEMBL3594,Carbonic anhydrase 9,Homo sapiens,Ki,CHEMBL4175236,CC(=O)Nc1ccc2oc(=O)c3c(C)nn(-c4ccccc4)c3c2c1,QZISWQQPNXOAGB-UHFFFAOYSA-N,7.57,7.57,0.0,7.57,7.57,0.0,1,1,10.1016/j.ejmech.2018.01.033,2018,2018,18390733,False,0
CA9_HUMAN_KI,Human CA9,primary,CHEMBL3594,Carbonic anhydrase 9,Homo sapiens,Ki,CHEMBL5220144,COc1cc(/C=C/C(=O)OCCCCCCN(CCCOC(=O)c2c3ccccc3cc3ccccc23)CCCOc2ccc3ccc(=O)oc3c2)cc(OC)c1OC,RDSYUZYLYWFYSF-RELWKKBWSA-N,7.57,7.57,0.0,7.57,7.57,0.0,1,1,10.1021/acs.jmedchem.2c01175,2022,2022,24968769,False,0
CA9_HUMAN_KI,Human CA9,primary,CHEMBL3594,Carbonic anhydrase 9,Homo sapiens,Ki,CHEMBL5564961,C=CCN1CCN(Cc2c(O)ccc3c(C)cc(=O)oc23)CC1,HGTOYVIQASPNAA-UHFFFAOYSA-N,7.57,7.57,0.0,7.57,7.57,0.0,1,1,10.1016/j.ejmech.2024.116170,2024,2024,25873069,False,0
CA9_HUMAN_KI,Human CA9,primary,CHEMBL3594,Carbonic anhydrase 9,Homo sapiens,Ki,CHEMBL3623666,O=c1ccc2ccc(OCc3cn(-c4cccc(Br)c4)nn3)cc2o1,SUNCOTOCUZJYSB-UHFFFAOYSA-N,7.56,7.56,0.0,7.56,7.56,0.0,1,1,10.1016/j.bmc.2015.09.041,2015,2015,15744011,False,0
CA9_HUMAN_KI,Human CA9,primary,CHEMBL3594,Carbonic anhydrase 9,Homo sapiens,Ki,CHEMBL4173179,Cc1c(O)ccc2c(-c3ccccc3Cl)cc(=O)oc12,XQDIURKXLMVHAX-UHFFFAOYSA-N,7.56,7.56,0.0,7.56,7.56,0.0,1,1,10.1016/j.ejmech.2017.11.061,2018,2018,18367337,False,0
CA9_HUMAN_KI,Human CA9,primary,CHEMBL3594,Carbonic anhydrase 9,Homo sapiens,Ki,CHEMBL5218564,COc1cc(/C=C/C(=O)OCCCCCCCN(CCCOC(=O)/C=C/c2cc(OC)c(OC)c(OC)c2)CCCOc2ccc3ccc(=O)oc3c2)cc(OC)c1OC,ABVUWMLYQDAOLU-PXXPDPNMSA-N,7.56,7.56,0.0,7.56,7.56,0.0,1,1,10.1021/acs.jmedchem.2c01175,2022,2022,24968776,False,0
CA9_HUMAN_KI,Human CA9,primary,CHEMBL3594,Carbonic anhydrase 9,Homo sapiens,Ki,CHEMBL5555730,CC(C)(O)[C@@H](O)COc1c2occc2cc2ccc(=O)oc12,FOINLJRVEBYARJ-NSHDSACASA-N,7.56,7.56,0.0,7.56,7.56,0.0,2,1,10.1016/j.ejmech.2024.116170,2024,2024,25873122; 25873137,False,1
CA9_HUMAN_KI,Human CA9,primary,CHEMBL3594,Carbonic anhydrase 9,Homo sapiens,Ki,CHEMBL3805601,NS(=O)(=O)c1ccc(-n2cc(/C=N\Nc3nc(-c4cc5cc(Cl)ccc5oc4=O)cs3)c(-c3ccccc3)n2)cc1,XWVIXWVXOLKNKR-AQLQTECXSA-N,7.55,7.55,0.0,7.55,7.55,0.0,1,1,10.1016/j.bmc.2016.04.052,2016,2016,16587754,False,0
CA9_HUMAN_KI,Human CA9,primary,CHEMBL3594,Carbonic anhydrase 9,Homo sapiens,Ki,CHEMBL3805886,NS(=O)(=O)c1ccc(-n2cc(/C=N\Nc3nc(-c4cc5cc(Cl)ccc5oc4=O)cs3)c(-c3ccc(Cl)cc3)n2)cc1,SHVVVMSMELBKDU-VKVKMMGJSA-N,7.55,7.55,0.0,7.55,7.55,0.0,1,1,10.1016/j.bmc.2016.04.052,2016,2016,16587766,False,0
CA9_HUMAN_KI,Human CA9,primary,CHEMBL3594,Carbonic anhydrase 9,Homo sapiens,Ki,CHEMBL4076291,CC1=C(CC(=O)NCCOc2ccc3ccc(=O)oc3c2)c2cc(F)ccc2/C1=C\c1ccc([S+](C)[O-])cc1,NMYIRICXYKYTCN-YSMPRRRNSA-N,7.55,7.55,0.0,7.55,7.55,0.0,1,1,10.1021/acs.jmedchem.6b01607,2017,2017,17956066,False,0
CA9_HUMAN_KI,Human CA9,primary,CHEMBL3594,Carbonic anhydrase 9,Homo sapiens,Ki,CHEMBL4161002,COc1c(C(C)=O)c(=O)oc2ccccc12,SZQRXXBHMPVWBZ-UHFFFAOYSA-N,7.55,7.55,0.0,7.55,7.55,0.0,1,1,10.1016/j.ejmech.2018.01.033,2018,2018,18390749,False,0
CA9_HUMAN_KI,Human CA9,primary,CHEMBL3594,Carbonic anhydrase 9,Homo sapiens,Ki,CHEMBL3623671,O=C(O)c1ccc(-n2cc(COc3ccc4ccc(=O)oc4c3)nn2)cc1,BTZBYLGUPBBXFY-UHFFFAOYSA-N,7.54,7.54,0.0,7.54,7.54,0.0,1,1,10.1016/j.bmc.2015.09.041,2015,2015,15744016,False,0
CA9_HUMAN_KI,Human CA9,primary,CHEMBL3594,Carbonic anhydrase 9,Homo sapiens,Ki,CHEMBL3805080,Cc1ccc(-c2nn(-c3ccc(S(N)(=O)=O)cc3)cc2/C=N\Nc2nc(-c3cc4ccccc4oc3=O)cs2)cc1,MZRQMAIBNDXWEQ-BVMLUPFRSA-N,7.54,7.54,0.0,7.54,7.54,0.0,1,1,10.1016/j.bmc.2016.04.052,2016,2016,16587756,False,0
CA9_HUMAN_KI,Human CA9,primary,CHEMBL3594,Carbonic anhydrase 9,Homo sapiens,Ki,CHEMBL4069089,O=C(Cc1ccccc1Nc1c(Cl)cccc1Cl)NCCOc1ccc2oc(=O)ccc2c1,TXVQNFKIVJJNQQ-UHFFFAOYSA-N,7.54,7.54,0.0,7.54,7.54,0.0,1,1,10.1021/acs.jmedchem.6b01607,2017,2017,17956061,False,0
CA9_HUMAN_KI,Human CA9,primary,CHEMBL3594,Carbonic anhydrase 9,Homo sapiens,Ki,CHEMBL4761017,Cc1ccc(S(=O)(=O)C/C(=N\Nc2ccc(S(N)(=O)=O)cc2)c2cc3cc(Br)ccc3oc2=O)cc1,REUWMHUXYSFQMA-XAYXJRQQSA-N,7.54,7.54,0.0,7.54,7.54,0.0,1,1,10.1016/j.ejmech.2020.112897,2021,2021,22802319,False,0
CA9_HUMAN_KI,Human CA9,primary,CHEMBL3594,Carbonic anhydrase 9,Homo sapiens,Ki,CHEMBL3623675,Cc1cc(=O)oc2cc(-n3cc(CSc4ccccc4)nn3)ccc12,YVLSMICQQJATAG-UHFFFAOYSA-N,7.53,7.53,0.0,7.53,7.53,0.0,1,1,10.1016/j.bmc.2015.09.041,2015,2015,15744020,False,0
CA9_HUMAN_KI,Human CA9,primary,CHEMBL3594,Carbonic anhydrase 9,Homo sapiens,Ki,CHEMBL2402698,O=c1oc2ccccc2c2c1cnn2-c1ccccc1,FCEYJZUAYRXKOS-UHFFFAOYSA-N,7.52,7.52,0.0,7.52,7.52,0.0,1,1,10.1016/j.ejmech.2018.01.033,2018,2018,18390726,False,0
CA9_HUMAN_KI,Human CA9,primary,CHEMBL3594,Carbonic anhydrase 9,Homo sapiens,Ki,CHEMBL4171890,O=C(Oc1ccc2oc(=O)ccc2c1)c1ccccc1,NJHPDRKAVBDARF-UHFFFAOYSA-N,7.52,7.52,0.0,7.52,7.52,0.0,1,1,10.1016/j.ejmech.2017.11.061,2018,2018,18367325,False,0
CA9_HUMAN_KI,Human CA9,primary,CHEMBL3594,Carbonic anhydrase 9,Homo sapiens,Ki,CHEMBL3623665,O=c1ccc2ccc(OCc3cn(-c4cccc(Cl)c4)nn3)cc2o1,MCWLIUONRNBVEQ-UHFFFAOYSA-N,7.51,7.51,0.0,7.51,7.51,0.0,1,1,10.1016/j.bmc.2015.09.041,2015,2015,15744010,False,0
CA9_HUMAN_KI,Human CA9,primary,CHEMBL3594,Carbonic anhydrase 9,Homo sapiens,Ki,CHEMBL4097542,CC1=C(CC(=O)NCCOc2ccc3oc(=O)ccc3c2)c2cc(F)ccc2/C1=C\c1ccc([S+](C)[O-])cc1,XOKLEXHVYHSJAW-YSMPRRRNSA-N,7.51,7.51,0.0,7.51,7.51,0.0,1,1,10.1021/acs.jmedchem.6b01607,2017,2017,17956058,False,0
CA9_HUMAN_KI,Human CA9,primary,CHEMBL3594,Carbonic anhydrase 9,Homo sapiens,Ki,CHEMBL4160716,O=c1cc(-c2cccc(Cl)c2)c2ccc(O)cc2o1,AYZXTEMZEGPHPD-UHFFFAOYSA-N,7.51,7.51,0.0,7.51,7.51,0.0,1,1,10.1016/j.ejmech.2017.11.061,2018,2018,18367329,False,0
CA9_HUMAN_KI,Human CA9,primary,CHEMBL3594,Carbonic anhydrase 9,Homo sapiens,Ki,CHEMBL4164851,Cc1c(O)ccc2c(-c3ccc([N+](=O)[O-])cc3)cc(=O)oc12,WAFOMEMJHRHUEQ-UHFFFAOYSA-N,7.51,7.51,0.0,7.51,7.51,0.0,1,1,10.1016/j.ejmech.2017.11.061,2018,2018,18367343,False,0
CA9_HUMAN_KI,Human CA9,primary,CHEMBL3594,Carbonic anhydrase 9,Homo sapiens,Ki,CHEMBL4175605,O=c1cc(-c2ccccc2Cl)c2ccc(O)cc2o1,HHGMVLJCGVUHKR-UHFFFAOYSA-N,7.51,7.51,0.0,7.51,7.51,0.0,1,1,10.1016/j.ejmech.2017.11.061,2018,2018,18367328,False,0
CA9_HUMAN_KI,Human CA9,primary,CHEMBL3594,Carbonic anhydrase 9,Homo sapiens,Ki,CHEMBL1819437,O=c1cc(-c2ccccc2F)c2ccc(O)cc2o1,CQRAPTBRUPCULU-UHFFFAOYSA-N,7.5,7.5,0.0,7.5,7.5,0.0,1,1,10.1016/j.ejmech.2017.11.061,2018,2018,18367331,False,0
CA9_HUMAN_KI,Human CA9,primary,CHEMBL3594,Carbonic anhydrase 9,Homo sapiens,Ki,CHEMBL4060402,O=C(c1ccccc1)c1ccc2n1CCC2C(=O)NCCOc1ccc2oc(=O)ccc2c1,HREFIMOFGJMXJB-UHFFFAOYSA-N,7.5,7.5,0.0,7.5,7.5,0.0,1,1,10.1021/acs.jmedchem.6b01607,2017,2017,17956063,False,0
CA9_HUMAN_KI,Human CA9,primary,CHEMBL3594,Carbonic anhydrase 9,Homo sapiens,Ki,CHEMBL4079507,COc1ccc2c(c1)c(CC(=O)NCCOc1ccc3oc(=O)ccc3c1)c(C)n2C(=O)c1ccc(Cl)cc1,PBGGJNVDKZVPIY-UHFFFAOYSA-N,7.5,7.5,0.0,7.5,7.5,0.0,1,1,10.1021/acs.jmedchem.6b01607,2017,2017,17956057,False,0
CA9_HUMAN_KI,Human CA9,primary,CHEMBL3594,Carbonic anhydrase 9,Homo sapiens,Ki,CHEMBL4160538,O=c1oc2ccccc2c2c1c(Cc1ccccc1)nn2Cc1ccccc1,UBIDKICMKAZKQA-UHFFFAOYSA-N,7.5,7.5,0.0,7.5,7.5,0.0,1,1,10.1016/j.ejmech.2018.01.033,2018,2018,18390728,False,0
CA9_HUMAN_KI,Human CA9,primary,CHEMBL3594,Carbonic anhydrase 9,Homo sapiens,Ki,CHEMBL4171312,O=c1cc(-c2ccc(Cl)cc2)c2ccc(O)cc2o1,KGFVYJVAJZNLDQ-UHFFFAOYSA-N,7.5,7.5,0.0,7.5,7.5,0.0,1,1,10.1016/j.ejmech.2017.11.061,2018,2018,18367330,False,0
CA9_HUMAN_KI,Human CA9,primary,CHEMBL3594,Carbonic anhydrase 9,Homo sapiens,Ki,CHEMBL4756105,C/C(=N\NC(=O)c1ccc(S(N)(=O)=O)cc1)c1cc2ccccc2oc1=O,VFJNXTKKJJKNJE-RGVLZGJSSA-N,7.5,7.5,0.0,7.5,7.5,0.0,1,1,10.1016/j.ejmech.2020.112897,2021,2021,22802314,False,0
CA9_HUMAN_KI,Human CA9,primary,CHEMBL3594,Carbonic anhydrase 9,Homo sapiens,Ki,CHEMBL4781945,N#Cc1ccc(Cn2cc(COc3ccc4c(CCl)cc(=O)oc4c3)nn2)cc1,ZIIJQDPLFHHGPA-UHFFFAOYSA-N,7.49,7.49,0.0,7.49,7.49,0.0,1,1,10.1016/j.bmcl.2021.127877,2021,2021,22933558,False,0
CA9_HUMAN_KI,Human CA9,primary,CHEMBL3594,Carbonic anhydrase 9,Homo sapiens,Ki,CHEMBL4863904,NS(=O)(=O)c1cc2cc(F)ccc2oc1=O,LZZPJJGCMNPSHV-UHFFFAOYSA-N,7.49,7.49,0.0,7.49,7.49,0.0,1,1,10.1016/j.ejmech.2021.113589,2021,2021,23232448,False,0
CA9_HUMAN_KI,Human CA9,primary,CHEMBL3594,Carbonic anhydrase 9,Homo sapiens,Ki,CHEMBL5559986,Cc1cc(=O)oc2cc(OCCCCCNc3nc4cc(-c5ccccc5)ccc4o3)ccc12,FXDOKFCATXUFRO-UHFFFAOYSA-N,7.49,7.49,0.0,7.49,7.49,0.0,1,1,10.1016/j.ejmech.2024.116170,2024,2024,25873146,False,0
CA9_HUMAN_KI,Human CA9,primary,CHEMBL3594,Carbonic anhydrase 9,Homo sapiens,Ki,CHEMBL3623674,Cc1cc(=O)oc2cc(-n3cc(COc4ccccc4)nn3)ccc12,GSYHUWGTCOWOMU-UHFFFAOYSA-N,7.48,7.48,0.0,7.48,7.48,0.0,1,1,10.1016/j.bmc.2015.09.041,2015,2015,15744019,False,0
CA9_HUMAN_KI,Human CA9,primary,CHEMBL3594,Carbonic anhydrase 9,Homo sapiens,Ki,CHEMBL286738,NS(=O)(=O)Oc1ccc2c3c(c(=O)oc2c1)CCCCC3,DSLPMJSGSBLWRE-UHFFFAOYSA-N,7.47,7.47,0.0,7.47,7.47,0.0,1,1,10.1016/j.bmcl.2008.06.105,2008,2008,2564707,False,0
CA9_HUMAN_KI,Human CA9,primary,CHEMBL3594,Carbonic anhydrase 9,Homo sapiens,Ki,CHEMBL3623676,Cc1cc(=O)oc2cc(-n3cc(CNc4ccccc4)nn3)ccc12,SFUZCYOWOKPQLY-UHFFFAOYSA-N,7.46,7.46,0.0,7.46,7.46,0.0,1,1,10.1016/j.bmc.2015.09.041,2015,2015,15744021,False,0
CA9_HUMAN_KI,Human CA9,primary,CHEMBL3594,Carbonic anhydrase 9,Homo sapiens,Ki,CHEMBL4169152,Cc1nn(-c2ccccc2)c2c1c(=O)oc1ccc(N)cc12,MCSUFGUIDOKZFM-UHFFFAOYSA-N,7.46,7.46,0.0,7.46,7.46,0.0,1,1,10.1016/j.ejmech.2018.01.033,2018,2018,18390736,False,0
CA9_HUMAN_KI,Human CA9,primary,CHEMBL3594,Carbonic anhydrase 9,Homo sapiens,Ki,CHEMBL2048083,CC(=O)c1c(O)c2ccccc2oc1=O,UTZHUXAPJIBIBQ-UHFFFAOYSA-N,7.45,7.45,0.0,7.45,7.45,0.0,1,1,10.1016/j.ejmech.2018.01.033,2018,2018,18390752,False,0
CA9_HUMAN_KI,Human CA9,primary,CHEMBL3594,Carbonic anhydrase 9,Homo sapiens,Ki,CHEMBL4172425,Cc1ccc(-c2cc(=O)oc3cc(O)ccc23)cc1,JAGFPSIPGFTGJB-UHFFFAOYSA-N,7.45,7.45,0.0,7.45,7.45,0.0,1,1,10.1016/j.ejmech.2017.11.061,2018,2018,18367333,False,0
CA9_HUMAN_KI,Human CA9,primary,CHEMBL3594,Carbonic anhydrase 9,Homo sapiens,Ki,CHEMBL4174424,Cc1c2c(=O)oc3ccc([N+](=O)[O-])cc3c2nn1-c1ccccc1,OWBAXBOGFXPYNV-UHFFFAOYSA-N,7.45,7.45,0.0,7.45,7.45,0.0,1,1,10.1016/j.ejmech.2018.01.033,2018,2018,18390723,False,0
CA9_HUMAN_KI,Human CA9,primary,CHEMBL3594,Carbonic anhydrase 9,Homo sapiens,Ki,CHEMBL4176549,Cc1c(O)ccc2c(-c3ccc(Cl)cc3)cc(=O)oc12,XOIJMYSTCXJAAV-UHFFFAOYSA-N,7.45,7.45,0.0,7.45,7.45,0.0,1,1,10.1016/j.ejmech.2017.11.061,2018,2018,18367339,False,0
CA9_HUMAN_KI,Human CA9,primary,CHEMBL3594,Carbonic anhydrase 9,Homo sapiens,Ki,CHEMBL244743,O=c1ccc2cc(O)c(O)cc2o1,ILEDWLMCKZNDJK-UHFFFAOYSA-N,7.44,7.44,0.0,7.44,7.44,0.0,1,1,10.1016/j.ejmech.2017.11.061,2018,2018,18367318,False,0
CA9_HUMAN_KI,Human CA9,primary,CHEMBL3594,Carbonic anhydrase 9,Homo sapiens,Ki,CHEMBL4162493,Cc1c(O)ccc2c(-c3cccc(Cl)c3)cc(=O)oc12,JJKASUXGMOINMX-UHFFFAOYSA-N,7.44,7.44,0.0,7.44,7.44,0.0,1,1,10.1016/j.ejmech.2017.11.061,2018,2018,18367338,False,0
CA9_HUMAN_KI,Human CA9,primary,CHEMBL3594,Carbonic anhydrase 9,Homo sapiens,Ki,CHEMBL5218843,COc1cc(C(=O)OCCCCCN(CCCOC(=O)c2c3ccccc3cc3ccccc23)CCCOc2ccc3ccc(=O)oc3c2)cc(OC)c1OC,DHWXTMGDPZMJPC-UHFFFAOYSA-N,7.44,7.44,0.0,7.44,7.44,0.0,1,1,10.1021/acs.jmedchem.2c01175,2022,2022,24968763,False,0
CA9_HUMAN_KI,Human CA9,primary,CHEMBL3594,Carbonic anhydrase 9,Homo sapiens,Ki,CHEMBL5561109,O=c1ccc2cc(-n3cc(CNc4ccc(Br)cc4)nn3)ccc2o1,NVTHGBZWUCGTAW-UHFFFAOYSA-N,7.44,7.44,0.0,7.44,7.44,0.0,1,1,10.1016/j.ejmech.2024.116170,2024,2024,25873144,False,0
CA9_HUMAN_KI,Human CA9,primary,CHEMBL3594,Carbonic anhydrase 9,Homo sapiens,Ki,CHEMBL5597494,O=C(OCCCOc1ccc2ccc(=O)oc2c1)c1ccc2c(c1)no[n+]2[O-],KYHNYMBBVCCSKV-UHFFFAOYSA-N,7.44,7.44,0.0,7.44,7.44,0.0,1,1,10.1021/acs.jmedchem.4c01563,2024,2024,26051233,False,0
CA9_HUMAN_KI,Human CA9,primary,CHEMBL3594,Carbonic anhydrase 9,Homo sapiens,Ki,CHEMBL4161438,Cc1cccc(-c2cc(=O)oc3c(C)c(O)ccc23)c1,MMZAZVLKHUIYSR-UHFFFAOYSA-N,7.43,7.43,0.0,7.43,7.43,0.0,1,1,10.1016/j.ejmech.2017.11.061,2018,2018,18367341,False,0
CA9_HUMAN_KI,Human CA9,primary,CHEMBL3594,Carbonic anhydrase 9,Homo sapiens,Ki,CHEMBL4779637,O=C(Cn1cc(F)c(=O)[nH]c1=O)Oc1ccc2ccc(=O)oc2c1,MGPVEUJQVQJOMI-UHFFFAOYSA-N,7.43,7.43,0.0,7.43,7.43,0.0,1,1,10.1016/j.ejmech.2020.112112,2020,2020,22957281,False,0
CA9_HUMAN_KI,Human CA9,primary,CHEMBL3594,Carbonic anhydrase 9,Homo sapiens,Ki,CHEMBL102071,Cc1c2c(=O)oc3ccccc3c2nn1-c1ccccc1,VJSRCIFAUSKZHJ-UHFFFAOYSA-N,7.42,7.42,0.0,7.42,7.42,0.0,1,1,10.1016/j.ejmech.2018.01.033,2018,2018,18390725,False,0
CA9_HUMAN_KI,Human CA9,primary,CHEMBL3594,Carbonic anhydrase 9,Homo sapiens,Ki,CHEMBL1288621,CCC(=O)c1c(OC)ccc2ccc(=O)oc12,XQJPTVQKFUWDCL-UHFFFAOYSA-N,7.42,7.42,0.0,7.42,7.42,0.0,1,1,10.1016/j.bmcl.2010.10.094,2010,2010,3605354,False,0
CA9_HUMAN_KI,Human CA9,primary,CHEMBL3594,Carbonic anhydrase 9,Homo sapiens,Ki,CHEMBL3262900,O=C(Oc1cc2ccc(=O)oc2cc1OC(=O)c1ccccc1)c1ccccc1,QBDISGMDJVZAKB-UHFFFAOYSA-N,7.42,7.42,0.0,7.42,7.42,0.0,1,1,10.1016/j.ejmech.2017.11.061,2018,2018,18367324,False,0
CA9_HUMAN_KI,Human CA9,primary,CHEMBL3594,Carbonic anhydrase 9,Homo sapiens,Ki,CHEMBL4163924,Cc1nn(-c2ccccc2)c2c1c(=O)oc1ccc(NCc3ccccc3)cc12,GWXADKMHWFINJE-UHFFFAOYSA-N,7.42,7.42,0.0,7.42,7.42,0.0,1,1,10.1016/j.ejmech.2018.01.033,2018,2018,18390730,False,0
CA9_HUMAN_KI,Human CA9,primary,CHEMBL3594,Carbonic anhydrase 9,Homo sapiens,Ki,CHEMBL4167207,O=c1oc2ccccc2c2nn(-c3ccccc3)cc12,KYVVRESLPBHEMZ-UHFFFAOYSA-N,7.42,7.42,0.0,7.42,7.42,0.0,1,1,10.1016/j.ejmech.2018.01.033,2018,2018,18390720,False,0
CA9_HUMAN_KI,Human CA9,primary,CHEMBL3594,Carbonic anhydrase 9,Homo sapiens,Ki,CHEMBL4169362,Cc1ccc(-c2cc(=O)oc3c(C)c(O)ccc23)cc1,VUSARXMUSKXGAT-UHFFFAOYSA-N,7.42,7.42,0.0,7.42,7.42,0.0,1,1,10.1016/j.ejmech.2017.11.061,2018,2018,18367342,False,0
CA9_HUMAN_KI,Human CA9,primary,CHEMBL3594,Carbonic anhydrase 9,Homo sapiens,Ki,CHEMBL5218572,COc1cc(C(=O)OCCCCCCCN(CCCOC(=O)c2c3ccccc3cc3ccccc23)CCCOc2ccc3ccc(=O)oc3c2)cc(OC)c1OC,YAMKGNYQDCQDKU-UHFFFAOYSA-N,7.42,7.42,0.0,7.42,7.42,0.0,1,1,10.1021/acs.jmedchem.2c01175,2022,2022,24968781,False,0
CA9_HUMAN_KI,Human CA9,primary,CHEMBL3594,Carbonic anhydrase 9,Homo sapiens,Ki,CHEMBL101286,COc1ccc(-n2nc(C)c3c(=O)oc4ccccc4c32)cc1,PKYREBDGJZHJCV-UHFFFAOYSA-N,7.4,7.4,0.0,7.4,7.4,0.0,1,1,10.1016/j.ejmech.2018.01.033,2018,2018,18390743,False,0
CA9_HUMAN_KI,Human CA9,primary,CHEMBL3594,Carbonic anhydrase 9,Homo sapiens,Ki,CHEMBL1372308,Cc1c(O)ccc2c(-c3ccccc3)cc(=O)oc12,ZRMUHRWNDDQVEX-UHFFFAOYSA-N,7.4,7.4,0.0,7.4,7.4,0.0,1,1,10.1016/j.ejmech.2017.11.061,2018,2018,18367336,False,0
CA9_HUMAN_KI,Human CA9,primary,CHEMBL3594,Carbonic anhydrase 9,Homo sapiens,Ki,CHEMBL487711,CC(=O)Oc1ccc2ccc(=O)oc2c1,MGZOXZPZHVOXQB-UHFFFAOYSA-N,7.4,7.4,0.0,7.4,7.4,0.0,1,1,10.1016/j.ejmech.2017.11.061,2018,2018,18367320,False,0
CA9_HUMAN_KI,Human CA9,primary,CHEMBL3594,Carbonic anhydrase 9,Homo sapiens,Ki,CHEMBL5219081,COc1cc(/C=C/C(=O)OCCCCCN(CCCOC(=O)/C=C/c2cc(OC)c(OC)c(OC)c2)CCCOc2ccc3ccc(=O)oc3c2)cc(OC)c1OC,LBKQDINTLRPUPJ-PWDIZTEBSA-N,7.4,7.4,0.0,7.4,7.4,0.0,1,1,10.1021/acs.jmedchem.2c01175,2022,2022,24968758,False,0
CA9_HUMAN_KI,Human CA9,primary,CHEMBL3594,Carbonic anhydrase 9,Homo sapiens,Ki,CHEMBL4753939,O=C(/C=C/c1ccc(F)cc1)Nc1ccc2oc(=O)ccc2c1,MJJVZWVJDKKFDF-YCRREMRBSA-N,7.39,7.39,0.0,7.39,7.39,0.0,1,1,10.1016/j.bmc.2020.115586,2020,2020,22879395,False,0
CA9_HUMAN_KI,Human CA9,primary,CHEMBL3594,Carbonic anhydrase 9,Homo sapiens,Ki,CHEMBL4860280,NS(=O)(=O)c1cc2cccc(F)c2oc1=O,JZQNKNFGWYUVLM-UHFFFAOYSA-N,7.39,7.39,0.0,7.39,7.39,0.0,1,1,10.1016/j.ejmech.2021.113589,2021,2021,23232454,False,0
CA9_HUMAN_KI,Human CA9,primary,CHEMBL3594,Carbonic anhydrase 9,Homo sapiens,Ki,CHEMBL4869248,COc1ccc2cc(S(N)(=O)=O)c(=O)oc2c1,XVISITFDMZIESK-UHFFFAOYSA-N,7.39,7.39,0.0,7.39,7.39,0.0,1,1,10.1016/j.ejmech.2021.113589,2021,2021,23232453,False,0
CA9_HUMAN_KI,Human CA9,primary,CHEMBL3594,Carbonic anhydrase 9,Homo sapiens,Ki,CHEMBL5219238,COc1cc(C(=O)OCCCCCN(CCCOC(=O)c2cc(OC)c(OC)c(OC)c2)CCCOc2ccc3ccc(=O)oc3c2)cc(OC)c1OC,ISKFBHCVCONJQR-UHFFFAOYSA-N,7.39,7.39,0.0,7.39,7.39,0.0,1,1,10.1021/acs.jmedchem.2c01175,2022,2022,24968762,False,0
CA9_HUMAN_KI,Human CA9,primary,CHEMBL3594,Carbonic anhydrase 9,Homo sapiens,Ki,CHEMBL1543423,O=C(CS(=O)(=O)c1ccccc1)c1cc2ccccc2oc1=O,SOAMCCSEKSKSMW-UHFFFAOYSA-N,7.38,7.38,0.0,7.38,7.38,0.0,1,1,10.1016/j.ejmech.2020.112897,2021,2021,22802344,False,0
CA9_HUMAN_KI,Human CA9,primary,CHEMBL3594,Carbonic anhydrase 9,Homo sapiens,Ki,CHEMBL4756231,Cc1ccc(S(=O)(=O)C/C(=N\NC(=O)c2ccc(S(N)(=O)=O)cc2)c2cc3ccccc3oc2=O)cc1,AUYOZHUNENEDCT-HPNDGRJYSA-N,7.38,7.38,0.0,7.38,7.38,0.0,1,1,10.1016/j.ejmech.2020.112897,2021,2021,22802321,False,0
CA9_HUMAN_KI,Human CA9,primary,CHEMBL3594,Carbonic anhydrase 9,Homo sapiens,Ki,CHEMBL5220522,COc1cc(C(=O)OCCCN(CCCCCCCOC(=O)c2c3ccccc3cc3ccccc23)CCCOc2ccc3ccc(=O)oc3c2)cc(OC)c1OC,IYWBMSPXEMELIF-UHFFFAOYSA-N,7.38,7.38,0.0,7.38,7.38,0.0,1,1,10.1021/acs.jmedchem.2c01175,2022,2022,24968783,False,0
CA9_HUMAN_KI,Human CA9,primary,CHEMBL3594,Carbonic anhydrase 9,Homo sapiens,Ki,CHEMBL4748050,O=C(/C=C/c1cccc(F)c1)Nc1ccc2oc(=O)ccc2c1,OXJBLRCFWGEKML-XBXARRHUSA-N,7.37,7.37,0.0,7.37,7.37,0.0,1,1,10.1016/j.bmc.2020.115586,2020,2020,22879396,False,0
CA9_HUMAN_KI,Human CA9,primary,CHEMBL3594,Carbonic anhydrase 9,Homo sapiens,Ki,CHEMBL2316106,NS(=O)(=O)c1ccc2c(c1)sc1nc(-c3cc4ccccc4oc3=O)cn12,BIBMGOMAPOAXCH-UHFFFAOYSA-N,7.36,7.36,0.0,7.36,7.36,0.0,1,1,10.1016/j.bmc.2016.04.052,2016,2016,16587771,False,0
CA9_HUMAN_KI,Human CA9,primary,CHEMBL3594,Carbonic anhydrase 9,Homo sapiens,Ki,CHEMBL4168276,CC(=O)c1c(O)c2cc([N+](=O)[O-])ccc2oc1=O,MPUAVUMOBFBLDR-UHFFFAOYSA-N,7.36,7.36,0.0,7.36,7.36,0.0,1,1,10.1016/j.ejmech.2018.01.033,2018,2018,18390750,False,0
CA9_HUMAN_KI,Human CA9,primary,CHEMBL3594,Carbonic anhydrase 9,Homo sapiens,Ki,CHEMBL5218795,COc1cc(/C=C/C(=O)OCCCN(CCCCCCCOC(=O)c2cc(OC)c(OC)c(OC)c2)CCCOc2ccc3ccc(=O)oc3c2)cc(OC)c1OC,CSKOUTFEATUTII-NBVRZTHBSA-N,7.36,7.36,0.0,7.36,7.36,0.0,1,1,10.1021/acs.jmedchem.2c01175,2022,2022,24968779,False,0
CA9_HUMAN_KI,Human CA9,primary,CHEMBL3594,Carbonic anhydrase 9,Homo sapiens,Ki,CHEMBL4164409,CC(=O)c1cc2cc([N+](=O)[O-])ccc2oc1=O,GRICKQQNBMVHCM-UHFFFAOYSA-N,7.35,7.35,0.0,7.35,7.35,0.0,1,1,10.1016/j.ejmech.2018.01.033,2018,2018,18390755,False,0
CA9_HUMAN_KI,Human CA9,primary,CHEMBL3594,Carbonic anhydrase 9,Homo sapiens,Ki,CHEMBL4447913,NS(=O)(=O)c1ccc(C/N=C/c2c(OCc3cn(CCCOc4ccc5ccc(=O)oc5c4)nn3)ccc3ccccc23)cc1,YQXQVCTZLMEEGM-JEPNHJGPSA-N,7.34,7.34,0.0,7.34,7.34,0.0,2,2,10.1016/j.bmc.2021.116140; 10.1016/j.ejmech.2019.111702,2019,2021,18889630; 23209356,False,1
CA9_HUMAN_KI,Human CA9,primary,CHEMBL3594,Carbonic anhydrase 9,Homo sapiens,Ki,CHEMBL1288622,CCOc1ccc2ccc(=O)oc2c1C(=O)CC,LJTVZULEIDSNAK-UHFFFAOYSA-N,7.33,7.33,0.0,7.33,7.33,0.0,1,1,10.1016/j.bmcl.2010.10.094,2010,2010,3605356,False,0
CA9_HUMAN_KI,Human CA9,primary,CHEMBL3594,Carbonic anhydrase 9,Homo sapiens,Ki,CHEMBL325841,O=c1cc(-c2ccccc2)c2ccc(O)cc2o1,IVJMJRRORVMRJJ-UHFFFAOYSA-N,7.33,7.33,0.0,7.33,7.33,0.0,1,1,10.1016/j.ejmech.2017.11.061,2018,2018,18367327,False,0
CA9_HUMAN_KI,Human CA9,primary,CHEMBL3594,Carbonic anhydrase 9,Homo sapiens,Ki,CHEMBL4169349,CCOc1c(C(C)=O)c(=O)oc2ccc(Br)cc12,JYTPYPVDGOQWIR-UHFFFAOYSA-N,7.33,7.33,0.0,7.33,7.33,0.0,1,1,10.1016/j.ejmech.2018.01.033,2018,2018,18390747,False,0
CA9_HUMAN_KI,Human CA9,primary,CHEMBL3594,Carbonic anhydrase 9,Homo sapiens,Ki,CHEMBL4873316,Cc1ccc2oc(=O)c(S(N)(=O)=O)cc2c1,SWOIVLZSYSDKKC-UHFFFAOYSA-N,7.32,7.32,0.0,7.32,7.32,0.0,1,1,10.1016/j.ejmech.2021.113589,2021,2021,23232446,False,0
CA9_HUMAN_KI,Human CA9,primary,CHEMBL3594,Carbonic anhydrase 9,Homo sapiens,Ki,CHEMBL577123,Cc1ccc2oc(=O)c(C(=O)O)cc2c1,FJICLQQBBFWGMZ-UHFFFAOYSA-N,7.32,7.32,0.0,7.32,7.32,0.0,1,1,10.1021/jm901287j,2010,2010,2997054,False,0
CA9_HUMAN_KI,Human CA9,primary,CHEMBL3594,Carbonic anhydrase 9,Homo sapiens,Ki,CHEMBL5590449,O=C(OCCCOc1ccc2oc(=O)ccc2c1)c1ccc2c(c1)no[n+]2[O-],HJOPDTWXIWUHRZ-UHFFFAOYSA-N,7.31,7.31,0.0,7.31,7.31,0.0,1,1,10.1021/acs.jmedchem.4c01563,2024,2024,26051232,False,0
CA9_HUMAN_KI,Human CA9,primary,CHEMBL3594,Carbonic anhydrase 9,Homo sapiens,Ki,CHEMBL1288623,CCCOc1ccc2ccc(=O)oc2c1C(=O)CC,CVYSNMWNCSOWAN-UHFFFAOYSA-N,7.3,7.3,0.0,7.3,7.3,0.0,1,1,10.1016/j.bmcl.2010.10.094,2010,2010,3605358,False,0
CA9_HUMAN_KI,Human CA9,primary,CHEMBL3594,Carbonic anhydrase 9,Homo sapiens,Ki,CHEMBL5220709,COc1cc(/C=C/C(=O)OCCCCCCN(CCCOC(=O)c2cc(OC)c(OC)c(OC)c2)CCCOc2ccc3ccc(=O)oc3c2)cc(OC)c1OC,DSNGJQWYZOVSFA-GHRIWEEISA-N,7.3,7.3,0.0,7.3,7.3,0.0,1,1,10.1021/acs.jmedchem.2c01175,2022,2022,24968768,False,0
CA9_HUMAN_KI,Human CA9,primary,CHEMBL3594,Carbonic anhydrase 9,Homo sapiens,Ki,CHEMBL3805222,C/C(=N\Nc1ccc(S(N)(=O)=O)cc1)c1cc2ccccc2oc1=O,OWEHSUAYDKGZPO-YBFXNURJSA-N,7.295,7.295,0.0919238815542511,7.23,7.36,0.1299999999999999,2,2,10.1016/j.bmc.2016.04.052; 10.1016/j.ejmech.2020.112897,2016,2021,16587774; 22802312,False,1
CA9_HUMAN_KI,Human CA9,primary,CHEMBL3594,Carbonic anhydrase 9,Homo sapiens,Ki,CHEMBL1538522,O=C(Oc1ccc2ccc(=O)oc2c1)c1ccccc1,DKDPSSSGXHEHAK-UHFFFAOYSA-N,7.29,7.29,0.0,7.29,7.29,0.0,1,1,10.1016/j.ejmech.2017.11.061,2018,2018,18367323,False,0
CA9_HUMAN_KI,Human CA9,primary,CHEMBL3594,Carbonic anhydrase 9,Homo sapiens,Ki,CHEMBL4160117,CNc1ccc2oc(=O)c3c(C)nn(-c4ccccc4)c3c2c1,MMWWPLMMAAYZND-UHFFFAOYSA-N,7.29,7.29,0.0,7.29,7.29,0.0,1,1,10.1016/j.ejmech.2018.01.033,2018,2018,18390735,False,0
CA9_HUMAN_KI,Human CA9,primary,CHEMBL3594,Carbonic anhydrase 9,Homo sapiens,Ki,CHEMBL4876151,CCOc1cccc2cc(S(N)(=O)=O)c(=O)oc12,LXRSALAUTHMGJG-UHFFFAOYSA-N,7.29,7.29,0.0,7.29,7.29,0.0,1,1,10.1016/j.ejmech.2021.113589,2021,2021,23232457,False,0
CA9_HUMAN_KI,Human CA9,primary,CHEMBL3594,Carbonic anhydrase 9,Homo sapiens,Ki,CHEMBL5220950,COc1cc(C(=O)OCCCCCCN(CCCOC(=O)c2c3ccccc3cc3ccccc23)CCCOc2ccc3ccc(=O)oc3c2)cc(OC)c1OC,FWGMXQLBHUZENX-UHFFFAOYSA-N,7.27,7.27,0.0,7.27,7.27,0.0,1,1,10.1021/acs.jmedchem.2c01175,2022,2022,24968772,False,0
CA9_HUMAN_KI,Human CA9,primary,CHEMBL3594,Carbonic anhydrase 9,Homo sapiens,Ki,CHEMBL4082922,CC(C(=O)NCCOc1ccc2oc(=O)ccc2c1)c1cccc(C(=O)c2ccccc2)c1,DVWBHLMOMYEMGE-UHFFFAOYSA-N,7.26,7.26,0.0,7.26,7.26,0.0,1,1,10.1021/acs.jmedchem.6b01607,2017,2017,17956059,False,0
CA9_HUMAN_KI,Human CA9,primary,CHEMBL3594,Carbonic anhydrase 9,Homo sapiens,Ki,CHEMBL1288596,CCCOc1ccc2ccc(=O)oc2c1C(C)=O,XDGJEUMPGBUXDY-UHFFFAOYSA-N,7.25,7.25,0.0,7.25,7.25,0.0,1,1,10.1016/j.bmcl.2010.10.094,2010,2010,3605360,False,0
CA9_HUMAN_KI,Human CA9,primary,CHEMBL3594,Carbonic anhydrase 9,Homo sapiens,Ki,CHEMBL1288557,CCC(=O)c1c(O)ccc2ccc(=O)oc12,DVLIOVBNBOBBGS-UHFFFAOYSA-N,7.24,7.24,0.0,7.24,7.24,0.0,1,1,10.1016/j.bmcl.2010.10.094,2010,2010,3605361,False,0
CA9_HUMAN_KI,Human CA9,primary,CHEMBL3594,Carbonic anhydrase 9,Homo sapiens,Ki,CHEMBL4164656,Cc1nn(-c2ccccc2)c2c1c(=O)oc1cc(Cl)ccc12,UTSIKBYTCMVQGW-UHFFFAOYSA-N,7.24,7.24,0.0,7.24,7.24,0.0,1,1,10.1016/j.ejmech.2018.01.033,2018,2018,18390739,False,0
CA9_HUMAN_KI,Human CA9,primary,CHEMBL3594,Carbonic anhydrase 9,Homo sapiens,Ki,CHEMBL4845700,COc1ccc2oc(=O)c(S(N)(=O)=O)cc2c1,BKWNFAYLEISDTB-UHFFFAOYSA-N,7.24,7.24,0.0,7.24,7.24,0.0,1,1,10.1016/j.ejmech.2021.113589,2021,2021,23232445,False,0
CA9_HUMAN_KI,Human CA9,primary,CHEMBL3594,Carbonic anhydrase 9,Homo sapiens,Ki,CHEMBL4170761,Cc1nn(-c2ccccc2)c2c1c(=O)oc1ccc(N(C)C)cc12,WHFUUVKCJDAAIM-UHFFFAOYSA-N,7.23,7.23,0.0,7.23,7.23,0.0,1,1,10.1016/j.ejmech.2018.01.033,2018,2018,18390734,False,0
CA9_HUMAN_KI,Human CA9,primary,CHEMBL3594,Carbonic anhydrase 9,Homo sapiens,Ki,CHEMBL492022,COc1ccc2c(CC(=O)Nc3cccc(S(N)(=O)=O)c3)cc(=O)oc2c1,OWQJSCXFFPCNIJ-UHFFFAOYSA-N,7.23,7.23,0.0,7.23,7.23,0.0,1,1,10.1016/j.bmc.2010.06.028,2010,2010,3365784,False,0
CA9_HUMAN_KI,Human CA9,primary,CHEMBL3594,Carbonic anhydrase 9,Homo sapiens,Ki,CHEMBL5219785,COc1cc(/C=C/C(=O)OCCCN(CCCCCOC(=O)c2cc(OC)c(OC)c(OC)c2)CCCOc2ccc3ccc(=O)oc3c2)cc(OC)c1OC,URGNXXNXXKALNJ-FOWTUZBSSA-N,7.23,7.23,0.0,7.23,7.23,0.0,1,1,10.1021/acs.jmedchem.2c01175,2022,2022,24968761,False,0
CA9_HUMAN_KI,Human CA9,primary,CHEMBL3594,Carbonic anhydrase 9,Homo sapiens,Ki,CHEMBL1288620,CCCCOc1ccc2ccc(=O)oc2c1C(C)=O,ULYJCIVHEFSJIF-UHFFFAOYSA-N,7.21,7.21,0.0,7.21,7.21,0.0,1,1,10.1016/j.bmcl.2010.10.094,2010,2010,3605364,False,0
CA9_HUMAN_KI,Human CA9,primary,CHEMBL3594,Carbonic anhydrase 9,Homo sapiens,Ki,CHEMBL5532036,Cc1cccc(N2C(=O)CSC2c2cn(-c3ccccc3)nc2-c2cc3ccccc3oc2=O)c1,LEWXJARBUCSXAX-UHFFFAOYSA-N,7.21,7.21,0.0,7.21,7.21,0.0,1,1,10.1016/j.ejmech.2024.116170,2024,2024,25873072,False,0
CA9_HUMAN_KI,Human CA9,primary,CHEMBL3594,Carbonic anhydrase 9,Homo sapiens,Ki,CHEMBL4750356,NS(=O)(=O)c1ccc(N/N=C(\CS(=O)(=O)c2ccccc2)c2cc3cc(Br)ccc3oc2=O)cc1,FGYZFLSKWNJOCH-SZXQPVLSSA-N,7.2,7.2,0.0,7.2,7.2,0.0,1,1,10.1016/j.ejmech.2020.112897,2021,2021,22802318,False,0
CA9_HUMAN_KI,Human CA9,primary,CHEMBL3594,Carbonic anhydrase 9,Homo sapiens,Ki,CHEMBL1290219,CC(=O)c1c(OCCC23CC4CC(CC(C4)C2)C3)ccc2ccc(=O)oc12,GVEYQOCXIYBZSF-UHFFFAOYSA-N,7.19,7.19,0.0,7.19,7.19,0.0,1,1,10.1016/j.bmcl.2010.10.094,2010,2010,3605367,False,0
CA9_HUMAN_KI,Human CA9,primary,CHEMBL3594,Carbonic anhydrase 9,Homo sapiens,Ki,CHEMBL4858765,NS(=O)(=O)c1cc2ccccc2oc1=O,IVMWMNABDZPQSN-UHFFFAOYSA-N,7.19,7.19,0.0,7.19,7.19,0.0,1,1,10.1016/j.ejmech.2021.113589,2021,2021,23232442,False,0
CA9_HUMAN_KI,Human CA9,primary,CHEMBL3594,Carbonic anhydrase 9,Homo sapiens,Ki,CHEMBL4798301,Cc1ccc(S(=O)(=O)CC(=O)c2cc3ccccc3oc2=O)cc1,HAEMGKCRROSTPM-UHFFFAOYSA-N,7.18,7.18,0.0,7.18,7.18,0.0,1,1,10.1016/j.ejmech.2020.112897,2021,2021,22802345,False,0
CA9_HUMAN_KI,Human CA9,primary,CHEMBL3594,Carbonic anhydrase 9,Homo sapiens,Ki,CHEMBL4860266,NS(=O)(=O)c1cc2cc(O)ccc2oc1=O,DXLUEFNTOMBIKE-UHFFFAOYSA-N,7.18,7.18,0.0,7.18,7.18,0.0,1,1,10.1016/j.ejmech.2021.113589,2021,2021,23232447,False,0
CA9_HUMAN_KI,Human CA9,primary,CHEMBL3594,Carbonic anhydrase 9,Homo sapiens,Ki,CHEMBL1288595,CCOc1ccc2ccc(=O)oc2c1C(C)=O,KWMPAFCHEJYQEQ-UHFFFAOYSA-N,7.15,7.15,0.0,7.15,7.15,0.0,1,1,10.1016/j.bmcl.2010.10.094,2010,2010,3605368,False,0
CA9_HUMAN_KI,Human CA9,primary,CHEMBL3594,Carbonic anhydrase 9,Homo sapiens,Ki,CHEMBL5221007,COc1cc(/C=C/C(=O)OCCCN(CCCCCCCOC(=O)c2c3ccccc3cc3ccccc23)CCCOc2ccc3ccc(=O)oc3c2)cc(OC)c1OC,ISYZGTRQOHXEJA-FCDQGJHFSA-N,7.15,7.15,0.0,7.15,7.15,0.0,1,1,10.1021/acs.jmedchem.2c01175,2022,2022,24968782,False,0
CA9_HUMAN_KI,Human CA9,primary,CHEMBL3594,Carbonic anhydrase 9,Homo sapiens,Ki,CHEMBL1290111,CC(=O)c1c(OCc2ccccc2)ccc2ccc(=O)oc12,QMLSJCDSHGYBMT-UHFFFAOYSA-N,7.14,7.14,0.0,7.14,7.14,0.0,1,1,10.1016/j.bmcl.2010.10.094,2010,2010,3605369,False,0
CA9_HUMAN_KI,Human CA9,primary,CHEMBL3594,Carbonic anhydrase 9,Homo sapiens,Ki,CHEMBL446518,CC(=O)c1c(O)ccc2ccc(=O)oc12,XWYMACPLPPQCHC-UHFFFAOYSA-N,7.14,7.14,0.0,7.14,7.14,0.0,1,1,10.1016/j.bmcl.2010.10.094,2010,2010,3605370,False,0
CA9_HUMAN_KI,Human CA9,primary,CHEMBL3594,Carbonic anhydrase 9,Homo sapiens,Ki,CHEMBL5218606,COc1cc(/C=C/C(=O)OCCCN(CCCCCCOC(=O)c2cc(OC)c(OC)c(OC)c2)CCCOc2ccc3ccc(=O)oc3c2)cc(OC)c1OC,UHLLQFOPVCMGHN-GHRIWEEISA-N,7.14,7.14,0.0,7.14,7.14,0.0,1,1,10.1021/acs.jmedchem.2c01175,2022,2022,24968770,False,0
CA9_HUMAN_KI,Human CA9,primary,CHEMBL3594,Carbonic anhydrase 9,Homo sapiens,Ki,CHEMBL4160812,Cc1nn(-c2ccccc2C(=O)O)c2c1c(=O)oc1ccccc12,PRYZNSAEECHGPE-UHFFFAOYSA-N,7.12,7.12,0.0,7.12,7.12,0.0,1,1,10.1016/j.ejmech.2018.01.033,2018,2018,18390742,False,0
CA9_HUMAN_KI,Human CA9,primary,CHEMBL3594,Carbonic anhydrase 9,Homo sapiens,Ki,CHEMBL4761025,Cc1ccc(S(=O)(=O)C/C(=N\Nc2ccc(S(N)(=O)=O)cc2)c2cc3ccccc3oc2=O)cc1,GCNLCIBHNCJZPP-HPNDGRJYSA-N,7.12,7.12,0.0,7.12,7.12,0.0,1,1,10.1016/j.ejmech.2020.112897,2021,2021,22802317,False,0
CA9_HUMAN_KI,Human CA9,primary,CHEMBL3594,Carbonic anhydrase 9,Homo sapiens,Ki,CHEMBL4792125,O=C(CS(=O)(=O)c1ccccc1)c1cc2cc(Br)ccc2oc1=O,IVJVIPNZHIFFSU-UHFFFAOYSA-N,7.12,7.12,0.0,7.12,7.12,0.0,1,1,10.1016/j.ejmech.2020.112897,2021,2021,22802346,False,0
CA9_HUMAN_KI,Human CA9,primary,CHEMBL3594,Carbonic anhydrase 9,Homo sapiens,Ki,CHEMBL243263,O=c1ccc2cc(O)ccc2o1,CJIJXIFQYOPWTF-UHFFFAOYSA-N,7.119999999999999,7.119999999999999,0.5656854249492379,6.72,7.52,0.7999999999999998,2,2,10.1016/j.ejmech.2017.11.061; 10.1021/acs.jmedchem.5b01720,2016,2018,16460587; 18367319,False,1
CA9_HUMAN_KI,Human CA9,primary,CHEMBL3594,Carbonic anhydrase 9,Homo sapiens,Ki,CHEMBL1288594,COc1ccc2ccc(=O)oc2c1C(C)=O,OTYBDEHZHXKGBO-UHFFFAOYSA-N,7.11,7.11,0.0,7.11,7.11,0.0,1,1,10.1016/j.bmcl.2010.10.094,2010,2010,3605371,False,0
CA9_HUMAN_KI,Human CA9,primary,CHEMBL3594,Carbonic anhydrase 9,Homo sapiens,Ki,CHEMBL4171790,Cc1nn(-c2ccccc2)c2c1c(=O)oc1ccc(NC(=O)Nc3ccccc3)cc12,GCZYPAPAACLUSZ-UHFFFAOYSA-N,7.11,7.11,0.0,7.11,7.11,0.0,1,1,10.1016/j.ejmech.2018.01.033,2018,2018,18390731,False,0
CA9_HUMAN_KI,Human CA9,primary,CHEMBL3594,Carbonic anhydrase 9,Homo sapiens,Ki,CHEMBL5555276,COc1ccc(NC(=S)Nc2ccc3oc(=O)ccc3c2)cc1,VCFBPXNYIFIBAQ-UHFFFAOYSA-N,7.11,7.11,0.0,7.11,7.11,0.0,1,1,10.1016/j.ejmech.2024.116170,2024,2024,25873143,False,0
CA9_HUMAN_KI,Human CA9,primary,CHEMBL3594,Carbonic anhydrase 9,Homo sapiens,Ki,CHEMBL5219651,COc1cc(C(=O)OCCCCCCN(CCCOC(=O)c2cc(OC)c(OC)c(OC)c2)CCCOc2ccc3ccc(=O)oc3c2)cc(OC)c1OC,IOPOLXYULUWSMW-UHFFFAOYSA-N,7.08,7.08,0.0,7.08,7.08,0.0,1,1,10.1021/acs.jmedchem.2c01175,2022,2022,24968771,False,0
CA9_HUMAN_KI,Human CA9,primary,CHEMBL3594,Carbonic anhydrase 9,Homo sapiens,Ki,CHEMBL4176638,COC(=O)Cc1c(C)c2ccc(OCC(=O)c3ccc(F)cc3)cc2oc1=O,GLKXOBLAWHPBQC-UHFFFAOYSA-N,7.07,7.07,0.0,7.07,7.07,0.0,1,1,10.1021/acsmedchemlett.8b00170,2018,2018,18407529,False,0
CA9_HUMAN_KI,Human CA9,primary,CHEMBL3594,Carbonic anhydrase 9,Homo sapiens,Ki,CHEMBL3354142,Cc1cc(=O)oc2cc(NC(=O)NS(=O)(=O)c3ccccc3Cl)ccc12,TWOJSRNSOHPSFO-UHFFFAOYSA-N,7.06,7.06,0.0,7.06,7.06,0.0,1,1,10.1021/jm501314c,2014,2014,15083218,False,0
CA9_HUMAN_KI,Human CA9,primary,CHEMBL3594,Carbonic anhydrase 9,Homo sapiens,Ki,CHEMBL4753209,Cc1ccc(S(=O)(=O)CC(=O)c2cc3cc(Br)ccc3oc2=O)cc1,IGBCIXWILZRNTH-UHFFFAOYSA-N,7.06,7.06,0.0,7.06,7.06,0.0,1,1,10.1016/j.ejmech.2020.112897,2021,2021,22802347,False,0
CA9_HUMAN_KI,Human CA9,primary,CHEMBL3594,Carbonic anhydrase 9,Homo sapiens,Ki,CHEMBL4757941,COc1ccc(/C=C/C(=O)Nc2ccc3oc(=O)ccc3c2)c(OC)c1,XCRXUPCYACFMAW-RUDMXATFSA-N,7.06,7.06,0.0,7.06,7.06,0.0,1,1,10.1016/j.bmc.2020.115586,2020,2020,22879403,False,0
CA9_HUMAN_KI,Human CA9,primary,CHEMBL3594,Carbonic anhydrase 9,Homo sapiens,Ki,CHEMBL4762118,O=C(/C=C/c1cccc(C(F)(F)F)c1)Nc1ccc2oc(=O)ccc2c1,XSYJOQHFALEUSV-XBXARRHUSA-N,7.06,7.06,0.0,7.06,7.06,0.0,1,1,10.1016/j.bmc.2020.115586,2020,2020,22879399,False,0
CA9_HUMAN_KI,Human CA9,primary,CHEMBL3594,Carbonic anhydrase 9,Homo sapiens,Ki,CHEMBL477822,COc1ccc2c(CC(=O)Nc3ccc(S(N)(=O)=O)cc3)cc(=O)oc2c1,VZBSCWDKCMOJCR-UHFFFAOYSA-N,7.06,7.06,0.0,7.06,7.06,0.0,1,1,10.1016/j.bmc.2010.06.028,2010,2010,3365780,False,0
CA9_HUMAN_KI,Human CA9,primary,CHEMBL3594,Carbonic anhydrase 9,Homo sapiens,Ki,CHEMBL4874085,COc1cccc2cc(S(N)(=O)=O)c(=O)oc12,FAYOQNPFCPWXBX-UHFFFAOYSA-N,7.06,7.06,0.0,7.06,7.06,0.0,1,1,10.1016/j.ejmech.2021.113589,2021,2021,23232456,False,0
CA9_HUMAN_KI,Human CA9,primary,CHEMBL3594,Carbonic anhydrase 9,Homo sapiens,Ki,CHEMBL5597922,O=C(NCCOc1ccc2ccc(=O)oc2c1)c1ccc2c(c1)no[n+]2[O-],HWZIJELOOAWFCP-UHFFFAOYSA-N,7.06,7.06,0.0,7.06,7.06,0.0,1,1,10.1021/acs.jmedchem.4c01563,2024,2024,26051228,False,0
CA9_HUMAN_KI,Human CA9,primary,CHEMBL3594,Carbonic anhydrase 9,Homo sapiens,Ki,CHEMBL3354139,Cc1ccccc1S(=O)(=O)NC(=O)Nc1ccc2c(C)cc(=O)oc2c1,UXEFZRWOVYCBEB-UHFFFAOYSA-N,7.05,7.05,0.0,7.05,7.05,0.0,1,1,10.1021/jm501314c,2014,2014,15083221,False,0
CA9_HUMAN_KI,Human CA9,primary,CHEMBL3594,Carbonic anhydrase 9,Homo sapiens,Ki,CHEMBL4103176,O=C(Cc1ccccc1Nc1c(Cl)cccc1Cl)NCCOc1ccc2ccc(=O)oc2c1,MAYQUXWUTAAHEK-UHFFFAOYSA-N,7.05,7.05,0.0,7.05,7.05,0.0,1,1,10.1021/acs.jmedchem.6b01607,2017,2017,17956069,False,0
CA9_HUMAN_KI,Human CA9,primary,CHEMBL3594,Carbonic anhydrase 9,Homo sapiens,Ki,CHEMBL4168780,COC(=O)Cc1c(C)c2ccc(OCC(=O)c3ccccc3)cc2oc1=O,DTBRXBWCRWFKIC-UHFFFAOYSA-N,7.05,7.05,0.0,7.05,7.05,0.0,1,1,10.1021/acsmedchemlett.8b00170,2018,2018,18407530,False,0
CA9_HUMAN_KI,Human CA9,primary,CHEMBL3594,Carbonic anhydrase 9,Homo sapiens,Ki,CHEMBL4460067,O=Cc1ccccc1OCc1cn(CCCOc2ccc3ccc(=O)oc3c2)nn1,GWUGLVXCZLBLLW-UHFFFAOYSA-N,7.05,7.05,0.2262741699796954,6.89,7.21,0.3200000000000003,2,2,10.1016/j.bmc.2021.116140; 10.1016/j.ejmech.2019.111702,2019,2021,18889647; 23209355,False,1
CA9_HUMAN_KI,Human CA9,primary,CHEMBL3594,Carbonic anhydrase 9,Homo sapiens,Ki,CHEMBL4760259,O=C(/C=C/c1ccc(Cl)cc1)Nc1ccc2oc(=O)ccc2c1,SQCPGWSIAPLGCL-YCRREMRBSA-N,7.05,7.05,0.0,7.05,7.05,0.0,1,1,10.1016/j.bmc.2020.115586,2020,2020,22879406,False,0
CA9_HUMAN_KI,Human CA9,primary,CHEMBL3594,Carbonic anhydrase 9,Homo sapiens,Ki,CHEMBL4778064,NS(=O)(=O)c1ccc(N/N=C(\CS(=O)(=O)c2ccccc2)c2cc3ccccc3oc2=O)cc1,PJTXYYAQKVCGOB-YYADALCUSA-N,7.05,7.05,0.0,7.05,7.05,0.0,1,1,10.1016/j.ejmech.2020.112897,2021,2021,22802316,False,0
CA9_HUMAN_KI,Human CA9,primary,CHEMBL3594,Carbonic anhydrase 9,Homo sapiens,Ki,CHEMBL3354137,Cc1cc(=O)oc2cc(NC(=O)NS(=O)(=O)c3ccccc3)ccc12,RGMGLZVBKZSCTM-UHFFFAOYSA-N,7.04,7.04,0.0,7.04,7.04,0.0,1,1,10.1021/jm501314c,2014,2014,15083223,False,0
CA9_HUMAN_KI,Human CA9,primary,CHEMBL3594,Carbonic anhydrase 9,Homo sapiens,Ki,CHEMBL4168142,Cc1ccc(-c2coc3cc4oc(=O)c(CC(=O)Nc5ccc(S(N)(=O)=O)cc5)c(C)c4cc23)cc1,HNDIGTHNGRPZML-UHFFFAOYSA-N,7.04,7.04,0.0,7.04,7.04,0.0,1,1,10.1021/acsmedchemlett.8b00170,2018,2018,18407523,False,0
CA9_HUMAN_KI,Human CA9,primary,CHEMBL3594,Carbonic anhydrase 9,Homo sapiens,Ki,CHEMBL4171612,COc1c(C(C)=O)c(=O)oc2ccc(Br)cc12,BAIFLKUQHVHXQQ-UHFFFAOYSA-N,7.04,7.04,0.0,7.04,7.04,0.0,1,1,10.1016/j.ejmech.2018.01.033,2018,2018,18390748,False,0
CA9_HUMAN_KI,Human CA9,primary,CHEMBL3594,Carbonic anhydrase 9,Homo sapiens,Ki,CHEMBL4741319,O=C(/C=C/c1ccc(C(F)(F)F)cc1)Nc1ccc2oc(=O)ccc2c1,NNAQWWLMBDNEAL-YCRREMRBSA-N,7.04,7.04,0.0,7.04,7.04,0.0,1,1,10.1016/j.bmc.2020.115586,2020,2020,22879398,False,0
CA9_HUMAN_KI,Human CA9,primary,CHEMBL3594,Carbonic anhydrase 9,Homo sapiens,Ki,CHEMBL478669,COc1ccc2c(CC(=O)NNc3ccc(S(N)(=O)=O)cc3)cc(=O)oc2c1,NQHHVWHZFBPDRH-UHFFFAOYSA-N,7.04,7.04,0.0,7.04,7.04,0.0,1,1,10.1016/j.bmc.2010.06.028,2010,2010,3365792,False,0
CA9_HUMAN_KI,Human CA9,primary,CHEMBL3594,Carbonic anhydrase 9,Homo sapiens,Ki,CHEMBL5532453,O=C(CNC(=O)Oc1ccccc1)Nc1ccc2oc(=O)ccc2c1,KIFVIFOEKKLVCK-UHFFFAOYSA-N,7.04,7.04,0.0,7.04,7.04,0.0,1,1,10.1016/j.ejmech.2024.116170,2024,2024,25873117,False,0
CA9_HUMAN_KI,Human CA9,primary,CHEMBL3594,Carbonic anhydrase 9,Homo sapiens,Ki,CHEMBL1393422,Cc1cc(=O)oc2cc(O[C@@H]3O[C@H](CO)[C@H](O)[C@H](O)[C@H]3O)ccc12,YUDPTGPSBJVHCN-DZQJYWQESA-N,7.03,7.03,0.0,7.03,7.03,0.0,1,1,10.1021/jm200983e,2011,2011,8007622,False,0
CA9_HUMAN_KI,Human CA9,primary,CHEMBL3594,Carbonic anhydrase 9,Homo sapiens,Ki,CHEMBL5220802,COc1cc(C(=O)OCCCN(CCCCCOC(=O)c2c3ccccc3cc3ccccc23)CCCOc2ccc3ccc(=O)oc3c2)cc(OC)c1OC,MMPHBAKNXPIONF-UHFFFAOYSA-N,7.03,7.03,0.0,7.03,7.03,0.0,1,1,10.1021/acs.jmedchem.2c01175,2022,2022,24968765,False,0
CA9_HUMAN_KI,Human CA9,primary,CHEMBL3594,Carbonic anhydrase 9,Homo sapiens,Ki,CHEMBL4160467,Cc1c(CC(=O)O)c(=O)oc2cc3occ(-c4ccc(Cl)cc4)c3cc12,INLNWRRUOASIJX-UHFFFAOYSA-N,7.02,7.02,0.0,7.02,7.02,0.0,1,1,10.1021/acsmedchemlett.8b00170,2018,2018,18407528,False,0
CA9_HUMAN_KI,Human CA9,primary,CHEMBL3594,Carbonic anhydrase 9,Homo sapiens,Ki,CHEMBL4165930,Cc1c(O)ccc2c(-c3ccccc3F)cc(=O)oc12,LCZACLZVLKNNIZ-UHFFFAOYSA-N,7.02,7.02,0.0,7.02,7.02,0.0,1,1,10.1016/j.ejmech.2017.11.061,2018,2018,18367340,False,0
CA9_HUMAN_KI,Human CA9,primary,CHEMBL3594,Carbonic anhydrase 9,Homo sapiens,Ki,CHEMBL4855281,NS(=O)(=O)c1cc2cccc(O)c2oc1=O,UCXIMYMSJFOLGM-UHFFFAOYSA-N,7.01,7.01,0.0,7.01,7.01,0.0,1,1,10.1016/j.ejmech.2021.113589,2021,2021,23232455,False,0
CA9_HUMAN_KI,Human CA9,primary,CHEMBL3594,Carbonic anhydrase 9,Homo sapiens,Ki,CHEMBL5219847,O=C(OCCCCCCCN(CCCOC(=O)c1c2ccccc2cc2ccccc12)CCCOc1ccc2ccc(=O)oc2c1)c1c2ccccc2cc2ccccc12,ZBZXCXABUXCSBU-UHFFFAOYSA-N,6.99,6.99,0.0,6.99,6.99,0.0,1,1,10.1021/acs.jmedchem.2c01175,2022,2022,24968784,False,0
CA9_HUMAN_KI,Human CA9,primary,CHEMBL3594,Carbonic anhydrase 9,Homo sapiens,Ki,CHEMBL5220512,COc1cc(/C=C/C(=O)OCCCN(CCCCCOC(=O)c2c3ccccc3cc3ccccc23)CCCOc2ccc3ccc(=O)oc3c2)cc(OC)c1OC,OCDSGFDIGZDBPP-HEHNFIMWSA-N,6.98,6.98,0.0,6.98,6.98,0.0,1,1,10.1021/acs.jmedchem.2c01175,2022,2022,24968764,False,0
CA9_HUMAN_KI,Human CA9,primary,CHEMBL3594,Carbonic anhydrase 9,Homo sapiens,Ki,CHEMBL4171486,Cc1c(CC(=O)Nc2ccc(S(N)(=O)=O)cc2)c(=O)oc2cc3occ(-c4ccc(F)cc4)c3cc12,BDIGJIZOARHADV-UHFFFAOYSA-N,6.96,6.96,0.0,6.96,6.96,0.0,1,1,10.1021/acsmedchemlett.8b00170,2018,2018,18407560,False,0
CA9_HUMAN_KI,Human CA9,primary,CHEMBL3594,Carbonic anhydrase 9,Homo sapiens,Ki,CHEMBL5402892,O=c1ccc2ccc(OCc3cn(-c4ccc5c(c4)B(O)OC5)nn3)cc2o1,WHCLZRQHEBAUHJ-UHFFFAOYSA-N,6.96,6.96,0.0,6.96,6.96,0.0,1,1,10.1021/acs.jmedchem.3c00433,2023,2023,25541885,False,0
CA9_HUMAN_KI,Human CA9,primary,CHEMBL3594,Carbonic anhydrase 9,Homo sapiens,Ki,CHEMBL514556,COc1ccc2c(CC(=O)Nc3ccccc3S(N)(=O)=O)cc(=O)oc2c1,UMSHADJXWKDJSB-UHFFFAOYSA-N,6.95,6.95,0.0,6.95,6.95,0.0,1,1,10.1016/j.bmc.2010.06.028,2010,2010,3365788,False,0
CA9_HUMAN_KI,Human CA9,primary,CHEMBL3594,Carbonic anhydrase 9,Homo sapiens,Ki,CHEMBL5596294,O=C(OCCOc1ccc2ccc(=O)oc2c1)c1ccc2c(c1)no[n+]2[O-],GSNSIUYPAZPHMM-UHFFFAOYSA-N,6.95,6.95,0.0,6.95,6.95,0.0,1,1,10.1021/acs.jmedchem.4c01563,2024,2024,26051231,False,0
CA9_HUMAN_KI,Human CA9,primary,CHEMBL3594,Carbonic anhydrase 9,Homo sapiens,Ki,CHEMBL3262899,CC(=O)Oc1cc2ccc(=O)oc2cc1OC(C)=O,JPHZGTWMPATBDI-UHFFFAOYSA-N,6.93,6.93,0.0,6.93,6.93,0.0,1,1,10.1016/j.ejmech.2017.11.061,2018,2018,18367321,False,0
CA9_HUMAN_KI,Human CA9,primary,CHEMBL3594,Carbonic anhydrase 9,Homo sapiens,Ki,CHEMBL5559943,O=C(CN1C(=O)CSC1=O)c1cc2ccccc2oc1=O,OSCDGOJFJUPTSP-UHFFFAOYSA-N,6.92,6.92,0.0,6.92,6.92,0.0,1,1,10.1016/j.ejmech.2024.116170,2024,2024,25873145,False,0
CA9_HUMAN_KI,Human CA9,primary,CHEMBL3594,Carbonic anhydrase 9,Homo sapiens,Ki,CHEMBL4161531,COC(=O)Cc1c(C)c2ccc(OCC(=O)c3ccc(C)cc3)cc2oc1=O,PURCYHSSJDZIND-UHFFFAOYSA-N,6.91,6.91,0.0,6.91,6.91,0.0,1,1,10.1021/acsmedchemlett.8b00170,2018,2018,18407531,False,0
CA9_HUMAN_KI,Human CA9,primary,CHEMBL3594,Carbonic anhydrase 9,Homo sapiens,Ki,CHEMBL5220017,COc1cc(C(=O)OCCCN(CCCCCCOC(=O)c2c3ccccc3cc3ccccc23)CCCOc2ccc3ccc(=O)oc3c2)cc(OC)c1OC,VNORGXWIRIDDOM-UHFFFAOYSA-N,6.91,6.91,0.0,6.91,6.91,0.0,1,1,10.1021/acs.jmedchem.2c01175,2022,2022,24968774,False,0
CA9_HUMAN_KI,Human CA9,primary,CHEMBL3594,Carbonic anhydrase 9,Homo sapiens,Ki,CHEMBL4436185,COc1cc(C=O)ccc1OCc1cn(CCCOc2ccc3ccc(=O)oc3c2)nn1,SPXYSXPNEVBBRW-UHFFFAOYSA-N,6.88,6.88,0.0,6.88,6.88,0.0,1,1,10.1016/j.ejmech.2019.111702,2019,2019,18889640,False,0
CA9_HUMAN_KI,Human CA9,primary,CHEMBL3594,Carbonic anhydrase 9,Homo sapiens,Ki,CHEMBL4795202,O=C(/C=C/c1ccccc1)Nc1ccc2oc(=O)ccc2c1,NQGBGSTYVHBWKT-UXBLZVDNSA-N,6.88,6.88,0.0,6.88,6.88,0.0,1,1,10.1016/j.bmc.2020.115586,2020,2020,22879394,False,0
CA9_HUMAN_KI,Human CA9,primary,CHEMBL3594,Carbonic anhydrase 9,Homo sapiens,Ki,CHEMBL4529795,O=Cc1cc([N+](=O)[O-])ccc1OCc1cn(CCCOc2ccc3ccc(=O)oc3c2)nn1,QXRNLSLFSCOKHJ-UHFFFAOYSA-N,6.87,6.87,0.0,6.87,6.87,0.0,1,1,10.1016/j.ejmech.2019.111702,2019,2019,18889641,False,0
CA9_HUMAN_KI,Human CA9,primary,CHEMBL3594,Carbonic anhydrase 9,Homo sapiens,Ki,CHEMBL5560480,CCc1c(OCC(=O)c2ccccc2)ccc2c(C)c(CC(=O)OC)c(=O)oc12,AEXILTDQCHBMKL-UHFFFAOYSA-N,6.87,6.87,0.0,6.87,6.87,0.0,1,1,10.1016/j.ejmech.2024.116170,2024,2024,25873139,False,0
CA9_HUMAN_KI,Human CA9,primary,CHEMBL3594,Carbonic anhydrase 9,Homo sapiens,Ki,CHEMBL5218672,O=C(OCCCCCN(CCCOC(=O)c1c2ccccc2cc2ccccc12)CCCOc1ccc2ccc(=O)oc2c1)c1c2ccccc2cc2ccccc12,NYVIWYYRTHNCCO-UHFFFAOYSA-N,6.86,6.86,0.0,6.86,6.86,0.0,1,1,10.1021/acs.jmedchem.2c01175,2022,2022,24968766,False,0
CA9_HUMAN_KI,Human CA9,primary,CHEMBL3594,Carbonic anhydrase 9,Homo sapiens,Ki,CHEMBL4542923,Cc1cc(=O)oc2cc(OCc3cn(CCCCCCCCCCCCOc4ccc5ccc(=O)oc5c4)nn3)ccc12,WSQKHXZSFHRPGL-UHFFFAOYSA-N,6.84,6.84,0.0,6.84,6.84,0.0,2,2,10.1016/j.ejmech.2024.116170; 10.1016/j.ejmech.2024.116179,2024,2024,25873141; 25873429,False,1
CA9_HUMAN_KI,Human CA9,primary,CHEMBL3594,Carbonic anhydrase 9,Homo sapiens,Ki,CHEMBL4863083,NS(=O)(=O)c1cc2cc([N+](=O)[O-])ccc2oc1=O,HQCGJYAGDJIWIB-UHFFFAOYSA-N,6.83,6.83,0.0,6.83,6.83,0.0,1,1,10.1016/j.ejmech.2021.113589,2021,2021,23232451,False,0
CA9_HUMAN_KI,Human CA9,primary,CHEMBL3594,Carbonic anhydrase 9,Homo sapiens,Ki,CHEMBL5218799,COc1cc(/C=C/C(=O)OCCCN(CCCCCCOC(=O)c2c3ccccc3cc3ccccc23)CCCOc2ccc3ccc(=O)oc3c2)cc(OC)c1OC,IMIFEJRHLBXZEU-RELWKKBWSA-N,6.83,6.83,0.0,6.83,6.83,0.0,1,1,10.1021/acs.jmedchem.2c01175,2022,2022,24968773,False,0
CA9_HUMAN_KI,Human CA9,primary,CHEMBL3594,Carbonic anhydrase 9,Homo sapiens,Ki,CHEMBL149463,CC(=O)c1cc2ccccc2oc1=O,CSPIFKKOBWYOEX-UHFFFAOYSA-N,6.82,6.82,0.0,6.82,6.82,0.0,1,1,10.1016/j.ejmech.2018.01.033,2018,2018,18390756,False,0
CA9_HUMAN_KI,Human CA9,primary,CHEMBL3594,Carbonic anhydrase 9,Homo sapiens,Ki,CHEMBL4446195,CCN(CC)c1ccc(C=O)c(OCc2cn(CCCOc3ccc4ccc(=O)oc4c3)nn2)c1,JPKHFBMAVTZROH-UHFFFAOYSA-N,6.8,6.8,0.0,6.8,6.8,0.0,1,1,10.1016/j.ejmech.2019.111702,2019,2019,18889643,False,0
CA9_HUMAN_KI,Human CA9,primary,CHEMBL3594,Carbonic anhydrase 9,Homo sapiens,Ki,CHEMBL4589224,NS(=O)(=O)c1ccc(C/N=C/c2cc(Br)ccc2OCc2cn(CCCOc3ccc4ccc(=O)oc4c3)nn2)cc1,CWNSIECFTJQYPQ-VTNSRFBWSA-N,6.8,6.8,0.0,6.8,6.8,0.0,1,1,10.1016/j.ejmech.2019.111702,2019,2019,18889633,False,0
CA9_HUMAN_KI,Human CA9,primary,CHEMBL3594,Carbonic anhydrase 9,Homo sapiens,Ki,CHEMBL4747317,COc1cc(/C=C/C(=O)Nc2ccc3oc(=O)ccc3c2)cc(OC)c1OC,JLBSOIAPINYYML-XBXARRHUSA-N,6.8,6.8,0.0,6.8,6.8,0.0,1,1,10.1016/j.bmc.2020.115586,2020,2020,22879405,False,0
CA9_HUMAN_KI,Human CA9,primary,CHEMBL3594,Carbonic anhydrase 9,Homo sapiens,Ki,CHEMBL4442992,Cc1cc(=O)oc2cc(OCc3cn(CCCCCCCCCCOc4ccc5ccc(=O)oc5c4)nn3)ccc12,NWGYXMLOFWWVMV-UHFFFAOYSA-N,6.79,6.79,0.0,6.79,6.79,0.0,1,1,10.1016/j.ejmech.2024.116179,2024,2024,25873428,False,0
CA9_HUMAN_KI,Human CA9,primary,CHEMBL3594,Carbonic anhydrase 9,Homo sapiens,Ki,CHEMBL5220116,O=C(OCCCCCCN(CCCOC(=O)c1c2ccccc2cc2ccccc12)CCCOc1ccc2ccc(=O)oc2c1)c1c2ccccc2cc2ccccc12,HZJFMSHSLWODND-UHFFFAOYSA-N,6.78,6.78,0.0,6.78,6.78,0.0,1,1,10.1021/acs.jmedchem.2c01175,2022,2022,24968775,False,0
CA9_HUMAN_KI,Human CA9,primary,CHEMBL3594,Carbonic anhydrase 9,Homo sapiens,Ki,CHEMBL4435771,NS(=O)(=O)c1ccc(C/N=C/c2ccc(OCc3cn(CCCOc4ccc5ccc(=O)oc5c4)nn3)cc2)cc1,QOLWTSBRASONEJ-KBVAKVRCSA-N,6.77,6.77,0.0,6.77,6.77,0.0,1,1,10.1016/j.ejmech.2019.111702,2019,2019,18889636,False,0
CA9_HUMAN_KI,Human CA9,primary,CHEMBL3594,Carbonic anhydrase 9,Homo sapiens,Ki,CHEMBL4548338,O=Cc1ccc(OCc2cn(CCCOc3ccc4ccc(=O)oc4c3)nn2)cc1,RKBGDZQHAUURHJ-UHFFFAOYSA-N,6.77,6.77,0.0,6.77,6.77,0.0,1,1,10.1016/j.ejmech.2019.111702,2019,2019,18889645,False,0
CA9_HUMAN_KI,Human CA9,primary,CHEMBL3594,Carbonic anhydrase 9,Homo sapiens,Ki,CHEMBL4586124,C#CCNc1ccc2c(C)cc(=O)oc2c1,UWUMXXUKMBZAIY-UHFFFAOYSA-N,6.77,6.77,0.0,6.77,6.77,0.0,1,1,10.1021/acs.jmedchem.9b00845,2019,2019,19070695,False,0
CA9_HUMAN_KI,Human CA9,primary,CHEMBL3594,Carbonic anhydrase 9,Homo sapiens,Ki,CHEMBL4796142,Cc1cc(=O)oc2cc(-n3cc(Cn4cc(F)c(=O)[nH]c4=O)nn3)ccc12,OTYBQZROSNNJEH-UHFFFAOYSA-N,6.76,6.76,0.0,6.76,6.76,0.0,1,1,10.1016/j.ejmech.2020.112112,2020,2020,22957282,False,0
CA9_HUMAN_KI,Human CA9,primary,CHEMBL3594,Carbonic anhydrase 9,Homo sapiens,Ki,CHEMBL4851758,NS(=O)(=O)c1cc2cc(Cl)ccc2oc1=O,KNUCKIWZTSJTEU-UHFFFAOYSA-N,6.75,6.75,0.0,6.75,6.75,0.0,1,1,10.1016/j.ejmech.2021.113589,2021,2021,23232449,False,0
CA9_HUMAN_KI,Human CA9,primary,CHEMBL3594,Carbonic anhydrase 9,Homo sapiens,Ki,CHEMBL4456509,NS(=O)(=O)c1ccc(C/N=C/c2ccccc2OCc2cn(CCCOc3ccc4ccc(=O)oc4c3)nn2)cc1,JWBAMUHYRVTJPB-FDAWAROLSA-N,6.73,6.73,0.0,6.73,6.73,0.0,1,1,10.1016/j.ejmech.2019.111702,2019,2019,18889638,False,0
CA9_HUMAN_KI,Human CA9,primary,CHEMBL3594,Carbonic anhydrase 9,Homo sapiens,Ki,CHEMBL12252,Cc1cc(=O)oc2cc(O)cc(O)c12,QNVWGEJMXOQQPM-UHFFFAOYSA-N,6.72,6.72,0.0,6.72,6.72,0.0,1,1,10.1016/j.ejmech.2024.116170,2024,2024,25873115,False,0
CA9_HUMAN_KI,Human CA9,primary,CHEMBL3594,Carbonic anhydrase 9,Homo sapiens,Ki,CHEMBL4475016,O=Cc1cccc(OCc2cn(CCCOc3ccc4ccc(=O)oc4c3)nn2)c1,NVNIDGYSZZAEON-UHFFFAOYSA-N,6.72,6.72,0.0,6.72,6.72,0.0,1,1,10.1016/j.ejmech.2019.111702,2019,2019,18889646,False,0
CA9_HUMAN_KI,Human CA9,primary,CHEMBL3594,Carbonic anhydrase 9,Homo sapiens,Ki,CHEMBL4526348,O=Cc1c(OCc2cn(CCCOc3ccc4ccc(=O)oc4c3)nn2)ccc2ccccc12,NARJOJGQAMSQMD-UHFFFAOYSA-N,6.72,6.72,0.0,6.72,6.72,0.0,1,1,10.1016/j.ejmech.2019.111702,2019,2019,18889639,False,0
CA9_HUMAN_KI,Human CA9,primary,CHEMBL3594,Carbonic anhydrase 9,Homo sapiens,Ki,CHEMBL198891,Cc1cc(=O)oc2cc(C(F)(F)S(N)(=O)=O)ccc12,BRYCUJLUILOXAI-UHFFFAOYSA-N,6.71,6.71,0.0,6.71,6.71,0.0,1,1,10.1016/j.bmcl.2005.08.102,2005,2005,1656395,False,0
CA9_HUMAN_KI,Human CA9,primary,CHEMBL3594,Carbonic anhydrase 9,Homo sapiens,Ki,CHEMBL4445725,O=Cc1cc(Br)ccc1OCc1cn(CCCOc2ccc3ccc(=O)oc3c2)nn1,ADVDKVGMHHQFGQ-UHFFFAOYSA-N,6.71,6.71,0.0,6.71,6.71,0.0,1,1,10.1016/j.ejmech.2019.111702,2019,2019,18889642,False,0
CA9_HUMAN_KI,Human CA9,primary,CHEMBL3594,Carbonic anhydrase 9,Homo sapiens,Ki,CHEMBL1938469,Cc1cc(=O)oc2cc(O[C@@H]3O[C@@H](C)[C@H](O)[C@@H](O)[C@H]3O)ccc12,CQKHENXHLAUMBH-JKNOJPNLSA-N,6.7,6.7,0.0,6.7,6.7,0.0,1,1,10.1021/jm200983e,2011,2011,8007619,False,0
CA9_HUMAN_KI,Human CA9,primary,CHEMBL3594,Carbonic anhydrase 9,Homo sapiens,Ki,CHEMBL1957180,C=CCOc1cc(=O)oc2ccccc12,LWRKLYVFSHDLMU-UHFFFAOYSA-N,6.68,6.68,0.0,6.68,6.68,0.0,2,2,10.1016/j.bmc.2012.02.014; 10.1021/acs.jmedchem.5b01720,2012,2016,16460598; 8060020,False,1
CA9_HUMAN_KI,Human CA9,primary,CHEMBL3594,Carbonic anhydrase 9,Homo sapiens,Ki,CHEMBL150302,N#Cc1cc2ccc(O)cc2oc1=O,IJQYTHQDUDCJEQ-UHFFFAOYSA-N,6.62,6.62,0.0,6.62,6.62,0.0,1,1,10.1016/j.ejmech.2024.116170,2024,2024,25873140,False,0
CA9_HUMAN_KI,Human CA9,primary,CHEMBL3594,Carbonic anhydrase 9,Homo sapiens,Ki,CHEMBL198913,Cc1cc(=O)oc2cc(CS(N)(=O)=O)ccc12,PZDPLSMUAUPDIS-UHFFFAOYSA-N,6.62,6.62,0.0,6.62,6.62,0.0,1,1,10.1016/j.bmcl.2005.08.102,2005,2005,1656391,False,0
CA9_HUMAN_KI,Human CA9,primary,CHEMBL3594,Carbonic anhydrase 9,Homo sapiens,Ki,CHEMBL4163753,O=c1oc2ccccc2c2nn(Cc3ccccc3)c(Cc3ccccc3)c12,KLDCAVYSPIXJLQ-UHFFFAOYSA-N,6.54,6.54,0.0,6.54,6.54,0.0,1,1,10.1016/j.ejmech.2018.01.033,2018,2018,18390722,False,0
CA9_HUMAN_KI,Human CA9,primary,CHEMBL3594,Carbonic anhydrase 9,Homo sapiens,Ki,CHEMBL5597488,O=C(Oc1ccc2ccc(=O)oc2c1)c1ccc2c(c1)no[n+]2[O-],LLHIPFSNLKQJDJ-UHFFFAOYSA-N,6.52,6.52,0.0,6.52,6.52,0.0,1,1,10.1021/acs.jmedchem.4c01563,2024,2024,26051230,False,0
CA9_HUMAN_KI,Human CA9,primary,CHEMBL3594,Carbonic anhydrase 9,Homo sapiens,Ki,CHEMBL4761022,O=C(/C=C/c1cc(Cl)cc(Cl)c1)Nc1ccc2oc(=O)ccc2c1,MMRQAJBLVZTUQQ-ORCRQEGFSA-N,6.51,6.51,0.0,6.51,6.51,0.0,1,1,10.1016/j.bmc.2020.115586,2020,2020,22879407,False,0
CA9_HUMAN_KI,Human CA9,primary,CHEMBL3594,Carbonic anhydrase 9,Homo sapiens,Ki,CHEMBL4846304,NS(=O)(=O)c1cc2cc(Br)ccc2oc1=O,JUGMWOUWMGUQQN-UHFFFAOYSA-N,6.5,6.5,0.0,6.5,6.5,0.0,1,1,10.1016/j.ejmech.2021.113589,2021,2021,23232450,False,0
CA9_HUMAN_KI,Human CA9,primary,CHEMBL3594,Carbonic anhydrase 9,Homo sapiens,Ki,CHEMBL4778031,COc1ccc(/C=C/C(=O)Nc2ccc3oc(=O)ccc3c2)cc1OC,VTURXSGSWBEJIN-RUDMXATFSA-N,6.49,6.49,0.0,6.49,6.49,0.0,1,1,10.1016/j.bmc.2020.115586,2020,2020,22879404,False,0
CA9_HUMAN_KI,Human CA9,primary,CHEMBL3594,Carbonic anhydrase 9,Homo sapiens,Ki,CHEMBL4760577,O=C(/C=C/c1ccc(F)c(F)c1)Nc1ccc2oc(=O)ccc2c1,KLQJTPJPUDKVBG-FARCUNLSSA-N,6.47,6.47,0.0,6.47,6.47,0.0,1,1,10.1016/j.bmc.2020.115586,2020,2020,22879397,False,0
CA9_HUMAN_KI,Human CA9,primary,CHEMBL3594,Carbonic anhydrase 9,Homo sapiens,Ki,CHEMBL1938471,Cc1cc(=O)oc2cc(O[C@@H]3OC[C@@H](O)[C@H](O)[C@H]3O)ccc12,JWIYLOHVJDJZOQ-KAOXEZKKSA-N,6.46,6.46,0.0,6.46,6.46,0.0,1,1,10.1021/jm200983e,2011,2011,8008412,False,0
CA9_HUMAN_KI,Human CA9,primary,CHEMBL3594,Carbonic anhydrase 9,Homo sapiens,Ki,CHEMBL1441570,Cc1cc(=O)oc2cc(O[C@@H]3O[C@H](CO)[C@@H](O)[C@H](O)[C@H]3O)ccc12,YUDPTGPSBJVHCN-YMILTQATSA-N,6.43,6.43,0.0,6.43,6.43,0.0,1,1,10.1021/jm200983e,2011,2011,8007621,False,0
CA9_HUMAN_KI,Human CA9,primary,CHEMBL3594,Carbonic anhydrase 9,Homo sapiens,Ki,CHEMBL293864,COc1cc2ccc(=O)oc2c(O[C@@H]2O[C@H](CO)[C@@H](O)[C@H](O)[C@H]2O)c1O,CRSFLLTWRCYNNX-QBNNUVSCSA-N,6.43,6.43,0.0,6.43,6.43,0.0,1,1,10.1016/j.bmc.2012.07.021,2013,2013,12667896,False,0
CA9_HUMAN_KI,Human CA9,primary,CHEMBL3594,Carbonic anhydrase 9,Homo sapiens,Ki,CHEMBL4168434,Cc1nn(Cc2ccccc2)c2c1c(=O)oc1ccccc12,UWMNUEZEGPCCCJ-UHFFFAOYSA-N,6.43,6.43,0.0,6.43,6.43,0.0,1,1,10.1016/j.ejmech.2018.01.033,2018,2018,18390729,False,0
CA9_HUMAN_KI,Human CA9,primary,CHEMBL3594,Carbonic anhydrase 9,Homo sapiens,Ki,CHEMBL4762423,O=C(/C=C/c1ccccc1OC(F)F)Nc1ccc2oc(=O)ccc2c1,DHFADEWCYJMXPO-WEVVVXLNSA-N,6.42,6.42,0.0,6.42,6.42,0.0,1,1,10.1016/j.bmc.2020.115586,2020,2020,22879400,False,0
CA9_HUMAN_KI,Human CA9,primary,CHEMBL3594,Carbonic anhydrase 9,Homo sapiens,Ki,CHEMBL1951641,CC(=O)Nc1ccc2c(C)cc(=O)oc2c1,AOVJSWHKUGNIDY-UHFFFAOYSA-N,6.41,6.41,0.0,6.41,6.41,0.0,1,1,10.1016/j.bmc.2012.02.014,2012,2012,8060027,False,0
CA9_HUMAN_KI,Human CA9,primary,CHEMBL3594,Carbonic anhydrase 9,Homo sapiens,Ki,CHEMBL103836,Cc1nn(-c2ccc(Cl)cc2)c2c1c(=O)oc1ccccc12,MDCDQTYITMCZET-UHFFFAOYSA-N,6.39,6.39,0.0,6.39,6.39,0.0,1,1,10.1016/j.ejmech.2018.01.033,2018,2018,18390745,False,0
CA9_HUMAN_KI,Human CA9,primary,CHEMBL3594,Carbonic anhydrase 9,Homo sapiens,Ki,CHEMBL301141,O=c1cc(O)c2ccccc2o1,VXIXUWQIVKSKSA-UHFFFAOYSA-N,6.39,6.39,0.0,6.39,6.39,0.0,1,1,10.1021/acs.jmedchem.5b01720,2016,2016,16460589,False,0
CA9_HUMAN_KI,Human CA9,primary,CHEMBL3594,Carbonic anhydrase 9,Homo sapiens,Ki,CHEMBL5523396,COc1cc(OC)cc(C(=O)NNc2nc(-c3cc4ccccc4oc3=O)cs2)c1,LKGSFQYYLQQZOC-UHFFFAOYSA-N,6.38,6.38,0.0,6.38,6.38,0.0,1,1,10.1016/j.ejmech.2024.116179,2024,2024,25873451,False,0
CA9_HUMAN_KI,Human CA9,primary,CHEMBL3594,Carbonic anhydrase 9,Homo sapiens,Ki,CHEMBL5542159,Cc1cc(C)cc(C(=O)NNc2nc(-c3cc4ccccc4oc3=O)cs2)c1,FUKAPOFBRYTBEA-UHFFFAOYSA-N,6.38,6.38,0.0,6.38,6.38,0.0,1,1,10.1016/j.ejmech.2024.116179,2024,2024,25873450,False,0
CA9_HUMAN_KI,Human CA9,primary,CHEMBL3594,Carbonic anhydrase 9,Homo sapiens,Ki,CHEMBL5555237,O=C(NNc1nc(-c2cc3ccccc3oc2=O)cs1)c1ccc(Br)cc1,DHVBKGLSGZVRJL-UHFFFAOYSA-N,6.38,6.38,0.0,6.38,6.38,0.0,1,1,10.1016/j.ejmech.2024.116179,2024,2024,25873438,False,0
CA9_HUMAN_KI,Human CA9,primary,CHEMBL3594,Carbonic anhydrase 9,Homo sapiens,Ki,CHEMBL5556483,O=C(NNc1nc(-c2cc3ccccc3oc2=O)cs1)c1cc(Cl)cc(Cl)c1,WFHIFUSWBIGIAU-UHFFFAOYSA-N,6.38,6.38,0.0,6.38,6.38,0.0,1,1,10.1016/j.ejmech.2024.116179,2024,2024,25873449,False,0
CA9_HUMAN_KI,Human CA9,primary,CHEMBL3594,Carbonic anhydrase 9,Homo sapiens,Ki,CHEMBL5558132,COc1cc(C(=O)NNc2nc(-c3cc4ccccc4oc3=O)cs2)cc(OC)c1OC,QEEDUMPROBPDTE-UHFFFAOYSA-N,6.38,6.38,0.0,6.38,6.38,0.0,1,1,10.1016/j.ejmech.2024.116179,2024,2024,25873452,False,0
CA9_HUMAN_KI,Human CA9,primary,CHEMBL3594,Carbonic anhydrase 9,Homo sapiens,Ki,CHEMBL5560795,COc1ccc(C(=O)NNc2nc(-c3cc4ccccc4oc3=O)cs2)cc1,SPIDLZYVYQNZOK-UHFFFAOYSA-N,6.38,6.38,0.0,6.38,6.38,0.0,1,1,10.1016/j.ejmech.2024.116179,2024,2024,25873441,False,0
CA9_HUMAN_KI,Human CA9,primary,CHEMBL3594,Carbonic anhydrase 9,Homo sapiens,Ki,CHEMBL5561349,O=C(NNc1nc(-c2cc3ccccc3oc2=O)cs1)c1ccc(F)cc1,DQYCUUOPVODXPC-UHFFFAOYSA-N,6.38,6.38,0.0,6.38,6.38,0.0,1,1,10.1016/j.ejmech.2024.116179,2024,2024,25873440,False,0
CA9_HUMAN_KI,Human CA9,primary,CHEMBL3594,Carbonic anhydrase 9,Homo sapiens,Ki,CHEMBL5561753,COc1ccc(C(=O)NNc2nc(-c3cc4ccccc4oc3=O)cs2)c(C)c1,MKJGMVPYQNQHMQ-UHFFFAOYSA-N,6.38,6.38,0.0,6.38,6.38,0.0,1,1,10.1016/j.ejmech.2024.116179,2024,2024,25873446,False,0
CA9_HUMAN_KI,Human CA9,primary,CHEMBL3594,Carbonic anhydrase 9,Homo sapiens,Ki,CHEMBL5563971,O=C(NNc1nc(-c2cc3ccccc3oc2=O)cs1)c1ccc(Cl)cc1,LGLFETKRYQIKOD-UHFFFAOYSA-N,6.38,6.38,0.0,6.38,6.38,0.0,1,1,10.1016/j.ejmech.2024.116179,2024,2024,25873443,False,0
CA9_HUMAN_KI,Human CA9,primary,CHEMBL3594,Carbonic anhydrase 9,Homo sapiens,Ki,CHEMBL5564804,O=C(NNc1nc(-c2cc3ccccc3oc2=O)cs1)c1ccc(Br)cc1[N+](=O)[O-],GHCUKBJWQNQOFY-UHFFFAOYSA-N,6.38,6.38,0.0,6.38,6.38,0.0,1,1,10.1016/j.ejmech.2024.116179,2024,2024,25873448,False,0
CA9_HUMAN_KI,Human CA9,primary,CHEMBL3594,Carbonic anhydrase 9,Homo sapiens,Ki,CHEMBL5566547,O=C(NNc1nc(-c2cc3ccccc3oc2=O)cs1)c1ccc(I)cc1,LSSYSOLUHBGKCD-UHFFFAOYSA-N,6.38,6.38,0.0,6.38,6.38,0.0,1,1,10.1016/j.ejmech.2024.116179,2024,2024,25873444,False,0
CA9_HUMAN_KI,Human CA9,primary,CHEMBL3594,Carbonic anhydrase 9,Homo sapiens,Ki,CHEMBL5567187,Cc1ccc(C(=O)NNc2nc(-c3cc4ccccc4oc3=O)cs2)cc1,SUVQZUDRYTTZIF-UHFFFAOYSA-N,6.38,6.38,0.0,6.38,6.38,0.0,1,1,10.1016/j.ejmech.2024.116179,2024,2024,25873439,False,0
CA9_HUMAN_KI,Human CA9,primary,CHEMBL3594,Carbonic anhydrase 9,Homo sapiens,Ki,CHEMBL5567220,O=C(NNc1nc(-c2cc3ccccc3oc2=O)cs1)c1ccc([N+](=O)[O-])cc1,QDDXBEDWMFRHII-UHFFFAOYSA-N,6.38,6.38,0.0,6.38,6.38,0.0,1,1,10.1016/j.ejmech.2024.116179,2024,2024,25873442,False,0
CA9_HUMAN_KI,Human CA9,primary,CHEMBL3594,Carbonic anhydrase 9,Homo sapiens,Ki,CHEMBL5567411,O=C(NNc1nc(-c2cc3ccccc3oc2=O)cs1)c1ccc(O)cc1,CJXKWTHRDQZHFM-UHFFFAOYSA-N,6.38,6.38,0.0,6.38,6.38,0.0,1,1,10.1016/j.ejmech.2024.116179,2024,2024,25873445,False,0
CA9_HUMAN_KI,Human CA9,primary,CHEMBL3594,Carbonic anhydrase 9,Homo sapiens,Ki,CHEMBL5567953,Cc1ccc([N+](=O)[O-])c(C(=O)NNc2nc(-c3cc4ccccc4oc3=O)cs2)c1,OMSIAULATPTVQX-UHFFFAOYSA-N,6.38,6.38,0.0,6.38,6.38,0.0,1,1,10.1016/j.ejmech.2024.116179,2024,2024,25873447,False,0
CA9_HUMAN_KI,Human CA9,primary,CHEMBL3594,Carbonic anhydrase 9,Homo sapiens,Ki,CHEMBL585024,O=C(NNc1nc(-c2cc3ccccc3oc2=O)cs1)c1ccccc1,CXQRXNWHFCHDQT-UHFFFAOYSA-N,6.38,6.38,0.0,6.38,6.38,0.0,1,1,10.1016/j.ejmech.2024.116179,2024,2024,25873437,False,0
CA9_HUMAN_KI,Human CA9,primary,CHEMBL3594,Carbonic anhydrase 9,Homo sapiens,Ki,CHEMBL4761249,COc1ccc(/C=C/C(=O)Nc2ccc3oc(=O)ccc3c2)c(F)c1,HELGSSFASABHGK-FPYGCLRLSA-N,6.33,6.33,0.0,6.33,6.33,0.0,1,1,10.1016/j.bmc.2020.115586,2020,2020,22879401,False,0
CA9_HUMAN_KI,Human CA9,primary,CHEMBL3594,Carbonic anhydrase 9,Homo sapiens,Ki,CHEMBL51628,O=c1ccc2ccc(O)cc2o1,ORHBXUUXSCNDEV-UHFFFAOYSA-N,6.32,6.640000000000001,0.6399999999999998,6.32,7.6,1.2799999999999994,4,4,10.1016/j.bmcl.2010.10.094; 10.1016/j.ejmech.2017.11.061; 10.1021/acs.jmedchem.5b01720; 10.1021/jm200983e,2010,2018,16460588; 18367317; 3605372; 8008416,False,1
CA9_HUMAN_KI,Human CA9,primary,CHEMBL3594,Carbonic anhydrase 9,Homo sapiens,Ki,CHEMBL5562045,O=C(CN1C(=O)S/C(=C\c2cccs2)C1=O)c1cc2ccccc2oc1=O,SUDHZNHUHNIFIK-SXGWCWSVSA-N,6.32,6.32,0.0,6.32,6.32,0.0,1,1,10.1021/acs.jmedchem.4c00239,2024,2024,25859106,False,0
CA9_HUMAN_KI,Human CA9,primary,CHEMBL3594,Carbonic anhydrase 9,Homo sapiens,Ki,CHEMBL4745286,Cc1cc(=O)oc2cc(NC(=O)/C=C/c3ccccc3OC(F)F)ccc12,CZGAFOKYCXXBRN-RMKNXTFCSA-N,6.31,6.31,0.0,6.31,6.31,0.0,1,1,10.1016/j.bmc.2020.115586,2020,2020,22879417,False,0
CA9_HUMAN_KI,Human CA9,primary,CHEMBL3594,Carbonic anhydrase 9,Homo sapiens,Ki,CHEMBL4743602,Cc1cc(=O)oc2cc(NC(=O)/C=C/c3ccccc3)ccc12,QXUCCPZPSBZBCN-JXMROGBWSA-N,6.29,6.29,0.0,6.29,6.29,0.0,1,1,10.1016/j.bmc.2020.115586,2020,2020,22879410,False,0
CA9_HUMAN_KI,Human CA9,primary,CHEMBL3594,Carbonic anhydrase 9,Homo sapiens,Ki,CHEMBL4876101,NS(=O)(=O)c1cc2cc(Cl)cc(Cl)c2oc1=O,ULIGWIVYSYNUDP-UHFFFAOYSA-N,6.29,6.29,0.0,6.29,6.29,0.0,1,1,10.1016/j.ejmech.2021.113589,2021,2021,23232452,False,0
CA9_HUMAN_KI,Human CA9,primary,CHEMBL3594,Carbonic anhydrase 9,Homo sapiens,Ki,CHEMBL1957185,Cc1ccc(S(=O)(=O)OCCOc2ccc3ccc(=O)oc3c2)cc1,RCBJZLPHIUHSSP-UHFFFAOYSA-N,6.28,6.28,0.0,6.28,6.28,0.0,1,1,10.1016/j.bmc.2012.02.014,2012,2012,8060025,False,0
CA9_HUMAN_KI,Human CA9,primary,CHEMBL3594,Carbonic anhydrase 9,Homo sapiens,Ki,CHEMBL4159294,Cn1nc2c(c1Cc1ccccc1)c(=O)oc1ccccc12,LHDZZHTYWHMBCB-UHFFFAOYSA-N,6.26,6.26,0.0,6.26,6.26,0.0,1,1,10.1016/j.ejmech.2018.01.033,2018,2018,18390721,False,0
CA9_HUMAN_KI,Human CA9,primary,CHEMBL3594,Carbonic anhydrase 9,Homo sapiens,Ki,CHEMBL12208,Cc1cc(=O)oc2cc(O)ccc12,HSHNITRMYYLLCV-UHFFFAOYSA-N,6.25,6.25,0.0,6.25,6.25,0.0,1,1,10.1021/jm200983e,2011,2011,8007617,False,0
CA9_HUMAN_KI,Human CA9,primary,CHEMBL3594,Carbonic anhydrase 9,Homo sapiens,Ki,CHEMBL4167848,CC(=O)c1cc2cc([N+](=O)[O-])c(Cl)cc2oc1=O,USZYPTIAKJKXMY-UHFFFAOYSA-N,6.25,6.25,0.0,6.25,6.25,0.0,1,1,10.1016/j.ejmech.2018.01.033,2018,2018,18390753,False,0
CA9_HUMAN_KI,Human CA9,primary,CHEMBL3594,Carbonic anhydrase 9,Homo sapiens,Ki,CHEMBL4786964,O=c1cc(CN2CCN(Cc3ccccc3)CC2)c2ccc(OCc3ccc(Br)cc3)cc2o1,LZOYVWOQIUQDEP-UHFFFAOYSA-N,6.24,6.24,0.0,6.24,6.24,0.0,1,1,10.1016/j.bmcl.2021.127877,2021,2021,22933526,False,0
CA9_HUMAN_KI,Human CA9,primary,CHEMBL3594,Carbonic anhydrase 9,Homo sapiens,Ki,CHEMBL56918,C/C(=C\COc1ccc2ccc(=O)oc2c1)C1=CC(=O)C(C)(C)O1,OUTLLBZGJYDUQE-XYOKQWHBSA-N,6.22,6.22,0.0,6.22,6.22,0.0,1,1,10.1016/j.bmc.2012.07.021,2013,2013,12667895,False,0
CA9_HUMAN_KI,Human CA9,primary,CHEMBL3594,Carbonic anhydrase 9,Homo sapiens,Ki,CHEMBL1957187,Cc1cc(C)cc(NC(=O)Nc2ccc3c(C)cc(=O)oc3c2)c1,IPGFTURWEBMLSG-UHFFFAOYSA-N,6.21,6.21,0.0,6.21,6.21,0.0,1,1,10.1016/j.bmc.2012.02.014,2012,2012,8060028,False,0
CA9_HUMAN_KI,Human CA9,primary,CHEMBL3594,Carbonic anhydrase 9,Homo sapiens,Ki,CHEMBL2334004,C=C(C)/C=C/c1c(OC)c2c(c3ccc(=O)oc13)OC(C)(C)C=C2,AKGXRWOSGJLLNQ-VOTSOKGWSA-N,6.21,6.21,0.0,6.21,6.21,0.0,1,1,10.1016/j.bmc.2012.07.021,2013,2013,12667892,False,0
CA9_HUMAN_KI,Human CA9,primary,CHEMBL3594,Carbonic anhydrase 9,Homo sapiens,Ki,CHEMBL54909,COc1cc2ccc(=O)oc2c(O)c1O,HAVWRBANWNTOJX-UHFFFAOYSA-N,6.21,6.21,0.0,6.21,6.21,0.0,1,1,10.1016/j.bmc.2012.07.021,2013,2013,12667893,False,0
CA9_HUMAN_KI,Human CA9,primary,CHEMBL3594,Carbonic anhydrase 9,Homo sapiens,Ki,CHEMBL4799424,Cc1cc(=O)oc2cc(NC(=O)/C=C/c3cccc(F)c3)ccc12,ZMRVAQZEEHVLMS-VMPITWQZSA-N,6.2,6.2,0.0,6.2,6.2,0.0,1,1,10.1016/j.bmc.2020.115586,2020,2020,22879413,False,0
CA9_HUMAN_KI,Human CA9,primary,CHEMBL3594,Carbonic anhydrase 9,Homo sapiens,Ki,CHEMBL5567169,CC(=O)c1ccc(-c2cc3ccccc3oc2=O)nc1C,LUHQMEIHDMZVBJ-UHFFFAOYSA-N,6.2,6.2,0.0,6.2,6.2,0.0,1,1,10.1016/j.ejmech.2024.116170,2024,2024,25873147,False,0
CA9_HUMAN_KI,Human CA9,primary,CHEMBL3594,Carbonic anhydrase 9,Homo sapiens,Ki,CHEMBL4754135,COc1cc(/C=C/C(=O)Nc2ccc3c(C)cc(=O)oc3c2)cc(OC)c1OC,YOMXYNPRGZMSET-VMPITWQZSA-N,6.19,6.19,0.0,6.19,6.19,0.0,1,1,10.1016/j.bmc.2020.115586,2020,2020,22879412,False,0
CA9_HUMAN_KI,Human CA9,primary,CHEMBL3594,Carbonic anhydrase 9,Homo sapiens,Ki,CHEMBL1957186,O=c1ccc2ccc(OCCF)cc2o1,FBHXAUGTHCZQOR-UHFFFAOYSA-N,6.17,6.17,0.0,6.17,6.17,0.0,1,1,10.1016/j.bmc.2012.02.014,2012,2012,8060026,False,0
CA9_HUMAN_KI,Human CA9,primary,CHEMBL3594,Carbonic anhydrase 9,Homo sapiens,Ki,CHEMBL2334352,C=C(C)C(COC(=O)c1cccnc1)c1c(OC)ccc2ccc(=O)oc12,FACFRLQKTLEDNI-UHFFFAOYSA-N,6.17,6.17,0.0,6.17,6.17,0.0,1,1,10.1016/j.bmc.2012.07.021,2013,2013,12667890,False,0
CA9_HUMAN_KI,Human CA9,primary,CHEMBL3594,Carbonic anhydrase 9,Homo sapiens,Ki,CHEMBL4744872,Cc1cc(=O)oc2cc(NC(=O)/C=C/c3ccc(F)cc3)ccc12,CYLWNIWVMGBABP-RUDMXATFSA-N,6.17,6.17,0.0,6.17,6.17,0.0,1,1,10.1016/j.bmc.2020.115586,2020,2020,22879414,False,0
CA9_HUMAN_KI,Human CA9,primary,CHEMBL3594,Carbonic anhydrase 9,Homo sapiens,Ki,CHEMBL432745,C=CCOc1ccc2ccc(=O)oc2c1,KWNHWLBNDYLDEC-UHFFFAOYSA-N,6.14,6.14,0.0,6.14,6.14,0.0,2,2,10.1016/j.bmc.2012.02.014; 10.1021/acs.jmedchem.5b01720,2012,2016,16460597; 8060019,False,1
CA9_HUMAN_KI,Human CA9,primary,CHEMBL3594,Carbonic anhydrase 9,Homo sapiens,Ki,CHEMBL501358,COc1c2c(cc3oc(=O)ccc13)OC(C)(C)C=C2,JSJIIHRNDMLJGK-UHFFFAOYSA-N,6.13,6.13,0.0,6.13,6.13,0.0,1,1,10.1016/j.bmc.2012.07.021,2013,2013,12667888,False,0
CA9_HUMAN_KI,Human CA9,primary,CHEMBL3594,Carbonic anhydrase 9,Homo sapiens,Ki,CHEMBL4557277,COc1cc(/C=N/Cc2ccc(S(N)(=O)=O)cc2)ccc1OCc1cn(CCCOc2ccc3ccc(=O)oc3c2)nn1,YBYUYRGOJUYIJL-KCSSXMTESA-N,6.12,6.12,0.0,6.12,6.12,0.0,1,1,10.1016/j.ejmech.2019.111702,2019,2019,18889631,False,0
CA9_HUMAN_KI,Human CA9,primary,CHEMBL3594,Carbonic anhydrase 9,Homo sapiens,Ki,CHEMBL596221,COc1cc(OC)c2ccc(=O)oc2c1OC,MSFXSDYNQKVMTJ-UHFFFAOYSA-N,6.12,6.12,0.0,6.12,6.12,0.0,1,1,10.1016/j.bmc.2012.07.021,2013,2013,12667887,False,0
CA9_HUMAN_KI,Human CA9,primary,CHEMBL3594,Carbonic anhydrase 9,Homo sapiens,Ki,CHEMBL258230,COc1c2c(c3ccc(=O)oc3c1/C=C/C(C)(C)O)OC(C)(C)C=C2,AXYRILDCSATJFU-CSKARUKUSA-N,6.11,6.11,0.0,6.11,6.11,0.0,1,1,10.1016/j.bmc.2012.07.021,2013,2013,12667884,False,0
CA9_HUMAN_KI,Human CA9,primary,CHEMBL3594,Carbonic anhydrase 9,Homo sapiens,Ki,CHEMBL4751864,Cc1cc(C)cc(COc2ccc3c(CN4CCN(Cc5ccccc5)CC4)cc(=O)oc3c2)c1,FTACHLQLFVVPCO-UHFFFAOYSA-N,6.11,6.11,0.0,6.11,6.11,0.0,1,1,10.1016/j.bmcl.2021.127877,2021,2021,22933533,False,0
CA9_HUMAN_KI,Human CA9,primary,CHEMBL3594,Carbonic anhydrase 9,Homo sapiens,Ki,CHEMBL4790017,Cc1cc(=O)oc2cc(NC(=O)/C=C/c3ccc(F)c(F)c3)ccc12,XPDMGBZIZUTHFQ-XVNBXDOJSA-N,6.11,6.11,0.0,6.11,6.11,0.0,1,1,10.1016/j.bmc.2020.115586,2020,2020,22879415,False,0
CA9_HUMAN_KI,Human CA9,primary,CHEMBL3594,Carbonic anhydrase 9,Homo sapiens,Ki,CHEMBL1957175,CC(C)(C)[Si](C)(C)Oc1ccc2oc(=O)ccc2c1,QWMIJMAYGIBZKZ-UHFFFAOYSA-N,6.1,6.1,0.0,6.1,6.1,0.0,2,2,10.1016/j.bmc.2012.02.014; 10.1021/acs.jmedchem.5b01720,2012,2016,16460590; 8060012,False,1
CA9_HUMAN_KI,Human CA9,primary,CHEMBL3594,Carbonic anhydrase 9,Homo sapiens,Ki,CHEMBL4161232,Cc1nn(-c2ccccc2)c2c1c(=O)oc1cc(Cl)c([N+](=O)[O-])cc12,WKRDIQCPGBGJRD-UHFFFAOYSA-N,6.1,6.1,0.0,6.1,6.1,0.0,1,1,10.1016/j.ejmech.2018.01.033,2018,2018,18390737,False,0
CA9_HUMAN_KI,Human CA9,primary,CHEMBL3594,Carbonic anhydrase 9,Homo sapiens,Ki,CHEMBL1938472,Cc1cc(=O)oc2cc(O[C@@H]3O[C@H](CO[C@H]4O[C@H](CO)[C@H](O)[C@H](O)[C@H]4O)[C@@H](O)[C@H](O)[C@H]3O)ccc12,UQYNRUGJGAGAFC-QVMZXLCESA-N,6.09,6.09,0.0,6.09,6.09,0.0,1,1,10.1021/jm200983e,2011,2011,8008413,False,0
CA9_HUMAN_KI,Human CA9,primary,CHEMBL3594,Carbonic anhydrase 9,Homo sapiens,Ki,CHEMBL4175059,CC(=O)c1cc2ccc(Cl)cc2oc1=O,NLCSZBMHKPLFFJ-UHFFFAOYSA-N,6.09,6.09,0.0,6.09,6.09,0.0,1,1,10.1016/j.ejmech.2018.01.033,2018,2018,18390754,False,0
CA9_HUMAN_KI,Human CA9,primary,CHEMBL3594,Carbonic anhydrase 9,Homo sapiens,Ki,CHEMBL4791042,COc1ccc(/C=C/C(=O)Nc2ccc3c(C)cc(=O)oc3c2)c(F)c1,DJHMGIJYNLTEAW-XBXARRHUSA-N,6.09,6.09,0.0,6.09,6.09,0.0,1,1,10.1016/j.bmc.2020.115586,2020,2020,22879418,False,0
CA9_HUMAN_KI,Human CA9,primary,CHEMBL3594,Carbonic anhydrase 9,Homo sapiens,Ki,CHEMBL3121782,C#CCCCOc1ccc2ccc(=O)oc2c1,ZUCHADSRYKMTHE-UHFFFAOYSA-N,6.08,6.08,0.0,6.08,6.08,0.0,1,1,10.1021/acs.jmedchem.5b01720,2016,2016,16460606,False,0
CA9_HUMAN_KI,Human CA9,primary,CHEMBL3594,Carbonic anhydrase 9,Homo sapiens,Ki,CHEMBL4856438,Cc1cc(C)c2cc(S(N)(=O)=O)c(=O)oc2c1,MOMXKWCHBTUKSK-UHFFFAOYSA-N,6.08,6.08,0.0,6.08,6.08,0.0,1,1,10.1016/j.ejmech.2021.113589,2021,2021,23232444,False,0
CA9_HUMAN_KI,Human CA9,primary,CHEMBL3594,Carbonic anhydrase 9,Homo sapiens,Ki,CHEMBL7121,CCCc1cc(=O)oc2c3c(c4c(c12)OC(C)(C)C=C4)O[C@H](C)[C@@H](C)[C@H]3O,NIDRYBLTWYFCFV-SEDUGSJDSA-N,6.08,6.08,0.0,6.08,6.08,0.0,1,1,10.1016/j.bmc.2012.07.021,2013,2013,12667880,False,0
CA9_HUMAN_KI,Human CA9,primary,CHEMBL3594,Carbonic anhydrase 9,Homo sapiens,Ki,CHEMBL1957178,CC(C)(C)[Si](C)(C)Oc1ccc2ccc(=O)oc2c1,ZRNFFKTXFYQLAV-UHFFFAOYSA-N,6.07,6.07,0.0,6.07,6.07,0.0,2,2,10.1016/j.bmc.2012.02.014; 10.1021/acs.jmedchem.5b01720,2012,2016,16460591; 8060015,False,1
CA9_HUMAN_KI,Human CA9,primary,CHEMBL3594,Carbonic anhydrase 9,Homo sapiens,Ki,CHEMBL2331585,COc1c(O)ccc2ccc(=O)oc12,HAQWEMHXSIRYBE-UHFFFAOYSA-N,6.07,6.07,0.0,6.07,6.07,0.0,1,1,10.1016/j.bmc.2012.07.021,2013,2013,12667876,False,0
CA9_HUMAN_KI,Human CA9,primary,CHEMBL3594,Carbonic anhydrase 9,Homo sapiens,Ki,CHEMBL2334350,COc1c2c(c(OC)c3oc(=O)ccc13)OC(C)(C)C=C2,QZUNAFWZEXJWGD-UHFFFAOYSA-N,6.07,6.07,0.0,6.07,6.07,0.0,1,1,10.1016/j.bmc.2012.07.021,2013,2013,12667875,False,0
CA9_HUMAN_KI,Human CA9,primary,CHEMBL3594,Carbonic anhydrase 9,Homo sapiens,Ki,CHEMBL2334351,COc1cc2ccc(=O)oc2c(O)c1OC,QNFBKOHHLAWWTC-UHFFFAOYSA-N,6.07,6.07,0.0,6.07,6.07,0.0,1,1,10.1016/j.bmc.2012.07.021,2013,2013,12667877,False,0
CA9_HUMAN_KI,Human CA9,primary,CHEMBL3594,Carbonic anhydrase 9,Homo sapiens,Ki,CHEMBL4591855,NS(=O)(=O)c1ccc(C/N=C/c2cc([N+](=O)[O-])ccc2OCc2cn(CCCOc3ccc4ccc(=O)oc4c3)nn2)cc1,CCIWMYKBCSVGGL-KBVAKVRCSA-N,6.07,6.07,0.0,6.07,6.07,0.0,1,1,10.1016/j.ejmech.2019.111702,2019,2019,18889632,False,0
CA9_HUMAN_KI,Human CA9,primary,CHEMBL3594,Carbonic anhydrase 9,Homo sapiens,Ki,CHEMBL4760153,O=c1cc(CN2CCN(Cc3ccccc3)CC2)c2ccc(OCc3cccc(Br)c3)cc2o1,NCBPILFLMOPZQB-UHFFFAOYSA-N,6.07,6.07,0.0,6.07,6.07,0.0,1,1,10.1016/j.bmcl.2021.127877,2021,2021,22933527,False,0
CA9_HUMAN_KI,Human CA9,primary,CHEMBL3594,Carbonic anhydrase 9,Homo sapiens,Ki,CHEMBL4762927,Cc1cc(=O)oc2cc(NC(=O)/C=C/c3ccc(C#N)cc3)ccc12,AZHMYJFNFKLTCN-RMKNXTFCSA-N,6.07,6.07,0.0,6.07,6.07,0.0,1,1,10.1016/j.bmc.2020.115586,2020,2020,22879416,False,0
CA9_HUMAN_KI,Human CA9,primary,CHEMBL3594,Carbonic anhydrase 9,Homo sapiens,Ki,CHEMBL1995684,CC(CCOc1ccc2ccc(=O)oc2c1)C1=CC(=O)C(C)(C)O1,GXTVQAPXQFZGLW-UHFFFAOYSA-N,6.05,6.05,0.0,6.05,6.05,0.0,1,1,10.1016/j.bmc.2012.07.021,2013,2013,12667874,False,0
CA9_HUMAN_KI,Human CA9,primary,CHEMBL3594,Carbonic anhydrase 9,Homo sapiens,Ki,CHEMBL4742237,COc1ccc(N2CCN(Cc3cc(=O)oc4cc(OCc5ccc(Br)cc5)ccc34)CC2)cc1,KSPFBVXXXSEPCT-UHFFFAOYSA-N,6.05,6.05,0.0,6.05,6.05,0.0,1,1,10.1016/j.bmcl.2021.127877,2021,2021,22933517,False,0
CA9_HUMAN_KI,Human CA9,primary,CHEMBL3594,Carbonic anhydrase 9,Homo sapiens,Ki,CHEMBL4746453,N#Cc1ccc(/C=C/C(=O)Nc2ccc3oc(=O)ccc3c2)cc1,NRKYBIDKDIAGFD-WEVVVXLNSA-N,6.05,6.05,0.0,6.05,6.05,0.0,1,1,10.1016/j.bmc.2020.115586,2020,2020,22879408,False,0
CA9_HUMAN_KI,Human CA9,primary,CHEMBL3594,Carbonic anhydrase 9,Homo sapiens,Ki,CHEMBL4794446,COc1ccc(/C=C/C(=O)Nc2ccc3oc(=O)ccc3c2)cc1,QCYPXBSJTHOSNZ-ONNFQVAWSA-N,6.05,6.05,0.0,6.05,6.05,0.0,1,1,10.1016/j.bmc.2020.115586,2020,2020,22879402,False,0
CA9_HUMAN_KI,Human CA9,primary,CHEMBL3594,Carbonic anhydrase 9,Homo sapiens,Ki,CHEMBL1957184,O=c1ccc2ccc(OCCO)cc2o1,VUUDXIAZPYKJIA-UHFFFAOYSA-N,6.04,6.04,0.0,6.04,6.04,0.0,1,1,10.1016/j.bmc.2012.02.014,2012,2012,8060024,False,0
CA9_HUMAN_KI,Human CA9,primary,CHEMBL3594,Carbonic anhydrase 9,Homo sapiens,Ki,CHEMBL4800433,O=c1cc(CN2CCN(Cc3ccccc3)CC2)c2ccc(OCc3ccccc3F)cc2o1,NDVPQFRLAVITSK-UHFFFAOYSA-N,6.04,6.04,0.0,6.04,6.04,0.0,1,1,10.1016/j.bmcl.2021.127877,2021,2021,22933529,False,0
CA9_HUMAN_KI,Human CA9,primary,CHEMBL3594,Carbonic anhydrase 9,Homo sapiens,Ki,CHEMBL1957172,C=CCOc1ccc2oc(=O)ccc2c1,SKCYGVFSCSKCJC-UHFFFAOYSA-N,6.03,6.03,0.0,6.03,6.03,0.0,2,2,10.1016/j.bmc.2012.02.014; 10.1021/acs.jmedchem.5b01720,2012,2016,16460596; 8060018,False,1
CA9_HUMAN_KI,Human CA9,primary,CHEMBL3594,Carbonic anhydrase 9,Homo sapiens,Ki,CHEMBL4783964,O=c1cc(CN2CCN(Cc3ccccc3)CC2)c2ccc(OCc3ccccc3[N+](=O)[O-])cc2o1,HIGSDGAFMUAOTF-UHFFFAOYSA-N,6.03,6.03,0.0,6.03,6.03,0.0,1,1,10.1016/j.bmcl.2021.127877,2021,2021,22933530,False,0
CA9_HUMAN_KI,Human CA9,primary,CHEMBL3594,Carbonic anhydrase 9,Homo sapiens,Ki,CHEMBL4583269,NS(=O)(=O)c1ccc(C/N=C/c2cccc(OCc3cn(CCCOc4ccc5ccc(=O)oc5c4)nn3)c2)cc1,DAXYHRMMXOEEIK-FDAWAROLSA-N,6.02,6.02,0.0,6.02,6.02,0.0,1,1,10.1016/j.ejmech.2019.111702,2019,2019,18889637,False,0
CA9_HUMAN_KI,Human CA9,primary,CHEMBL3594,Carbonic anhydrase 9,Homo sapiens,Ki,CHEMBL71851,COc1cc2ccc(=O)oc2cc1O,RODXRVNMMDRFIK-UHFFFAOYSA-N,6.02,6.02,0.0,6.02,6.02,0.0,1,1,10.1016/j.bmc.2012.07.021,2013,2013,12667873,False,0
CA9_HUMAN_KI,Human CA9,primary,CHEMBL3594,Carbonic anhydrase 9,Homo sapiens,Ki,CHEMBL1957188,Cc1cc(=O)oc2cc(NC(=O)OC(C)(C)C)ccc12,PMMDIGKKLWVZFC-UHFFFAOYSA-N,6.01,6.01,0.0,6.01,6.01,0.0,1,1,10.1016/j.bmc.2012.02.014,2012,2012,8060029,False,0
CA9_HUMAN_KI,Human CA9,primary,CHEMBL3594,Carbonic anhydrase 9,Homo sapiens,Ki,CHEMBL4443546,COc1cccc(C=O)c1OCc1cn(CCCOc2ccc3ccc(=O)oc3c2)nn1,QDPVNCKQVAYUAJ-UHFFFAOYSA-N,5.93,5.93,0.0,5.93,5.93,0.0,1,1,10.1016/j.ejmech.2019.111702,2019,2019,18889644,False,0
CA9_HUMAN_KI,Human CA9,primary,CHEMBL3594,Carbonic anhydrase 9,Homo sapiens,Ki,CHEMBL308819,C#CCOc1ccc2ccc(=O)oc2c1,IEHFVZKMAOKFTR-UHFFFAOYSA-N,5.87,5.87,0.0,5.87,5.87,0.0,1,1,10.1021/acs.jmedchem.5b01720,2016,2016,16460602,False,0
CA9_HUMAN_KI,Human CA9,primary,CHEMBL3594,Carbonic anhydrase 9,Homo sapiens,Ki,CHEMBL4590079,COc1cccc(/C=N/Cc2ccc(S(N)(=O)=O)cc2)c1OCc1cn(CCCOc2ccc3ccc(=O)oc3c2)nn1,OSYVHKWXSHKCNF-KCSSXMTESA-N,5.83,5.83,0.0,5.83,5.83,0.0,1,1,10.1016/j.ejmech.2019.111702,2019,2019,18889635,False,0
CA9_HUMAN_KI,Human CA9,primary,CHEMBL3594,Carbonic anhydrase 9,Homo sapiens,Ki,CHEMBL4746701,O=c1oc2ccccc2cc1/C(CS(=O)(=O)c1ccccc1)=N/Nc1ccccc1,FBVOELWYHQIQAI-NJNXFGOHSA-N,5.82,5.82,0.0,5.82,5.82,0.0,1,1,10.1016/j.ejmech.2020.112897,2021,2021,22802348,False,0
CA9_HUMAN_KI,Human CA9,primary,CHEMBL3594,Carbonic anhydrase 9,Homo sapiens,Ki,CHEMBL5561490,Cc1nc(-c2cc3ccccc3oc2=O)ccc1C(=O)/C=C/c1ccccc1,ZFBSIHRLEZLPOG-SDNWHVSQSA-N,5.82,5.82,0.0,5.82,5.82,0.0,1,1,10.1016/j.ejmech.2024.116170,2024,2024,25873148,False,0
CA9_HUMAN_KI,Human CA9,primary,CHEMBL3594,Carbonic anhydrase 9,Homo sapiens,Ki,CHEMBL4450067,Cc1cc(=O)oc2cc(NC(=O)Nc3ccc(Cl)c(C(F)(F)F)c3)ccc12,BDRVALSHHRCTMR-UHFFFAOYSA-N,5.8,5.8,0.0,5.8,5.8,0.0,1,1,10.1016/j.ejmech.2019.111600,2019,2019,19099945,False,0
CA9_HUMAN_KI,Human CA9,primary,CHEMBL3594,Carbonic anhydrase 9,Homo sapiens,Ki,CHEMBL4168090,Cc1nn(-c2ccc(C(=O)O)cc2)c2c1c(=O)oc1ccccc12,YYHWWPGUGBLOMA-UHFFFAOYSA-N,5.71,5.71,0.0,5.71,5.71,0.0,1,1,10.1016/j.ejmech.2018.01.033,2018,2018,18390741,False,0
CA9_HUMAN_KI,Human CA9,primary,CHEMBL3594,Carbonic anhydrase 9,Homo sapiens,Ki,CHEMBL4524609,CCN(CC)c1ccc(/C=N/Cc2ccc(S(N)(=O)=O)cc2)c(OCc2cn(CCCOc3ccc4ccc(=O)oc4c3)nn2)c1,JKHMCIQJYKBOAR-XICOUIIWSA-N,5.66,5.66,0.0,5.66,5.66,0.0,1,1,10.1016/j.ejmech.2019.111702,2019,2019,18889634,False,0
CA9_HUMAN_KI,Human CA9,primary,CHEMBL3594,Carbonic anhydrase 9,Homo sapiens,Ki,CHEMBL4472017,O=C(Nc1ccc(C(=O)NCCOc2ccc3oc(=O)ccc3c2)cc1)Nc1ccc(Cl)c(C(F)(F)F)c1,AJBTYCBMFBAWKT-UHFFFAOYSA-N,5.65,5.65,0.0,5.65,5.65,0.0,1,1,10.1016/j.ejmech.2019.111600,2019,2019,19099953,False,0
CA9_HUMAN_KI,Human CA9,primary,CHEMBL3594,Carbonic anhydrase 9,Homo sapiens,Ki,CHEMBL4796382,COc1ccc(CSc2nnc(COc3ccc4c(C)cc(=O)oc4c3)o2)cc1,FNFOVWUPMKDVAC-UHFFFAOYSA-N,5.63,5.63,0.0,5.63,5.63,0.0,3,3,10.1016/j.bmcl.2021.127877; 10.1016/j.ejmech.2024.116170; 10.1039/d3md00511a,2021,2024,22933536; 25605883; 25873142,False,1
CA9_HUMAN_KI,Human CA9,primary,CHEMBL3594,Carbonic anhydrase 9,Homo sapiens,Ki,CHEMBL4745846,COc1ccc(N2CCN(Cc3cc(=O)oc4cc(OCc5cccc(OC)c5)ccc34)CC2)cc1,FZBMBJPSKBSPND-UHFFFAOYSA-N,5.59,5.59,0.0,5.59,5.59,0.0,1,1,10.1016/j.bmcl.2021.127877,2021,2021,22933523,False,0
CA9_HUMAN_KI,Human CA9,primary,CHEMBL3594,Carbonic anhydrase 9,Homo sapiens,Ki,CHEMBL4750586,COc1ccc(N2CCN(Cc3cc(=O)oc4cc(OCc5ccc([N+](=O)[O-])cc5)ccc34)CC2)cc1,LMPGUAQELTXXCR-UHFFFAOYSA-N,5.58,5.58,0.0,5.58,5.58,0.0,1,1,10.1016/j.bmcl.2021.127877,2021,2021,22933522,False,0
CA9_HUMAN_KI,Human CA9,primary,CHEMBL3594,Carbonic anhydrase 9,Homo sapiens,Ki,CHEMBL4644555,Cc1cn([C@H]2C[C@H](n3cc(CCCOc4ccc5ccc(=O)oc5c4)nn3)[C@@H](CO)O2)c(=O)[nH]c1=O,JDECMPHXKKFPMS-CEWLAPEOSA-N,5.53,5.53,0.0,5.53,5.53,0.0,1,1,10.1021/acs.jmedchem.0c00636,2020,2020,20639290,False,0
CA9_HUMAN_KI,Human CA9,primary,CHEMBL3594,Carbonic anhydrase 9,Homo sapiens,Ki,CHEMBL4860675,COc1cccc2oc(=O)c(S(N)(=O)=O)cc12,CVMZHVIFOAOFSI-UHFFFAOYSA-N,5.53,5.53,0.0,5.53,5.53,0.0,1,1,10.1016/j.ejmech.2021.113589,2021,2021,23232443,False,0
CA9_HUMAN_KI,Human CA9,primary,CHEMBL3594,Carbonic anhydrase 9,Homo sapiens,Ki,CHEMBL4749871,COc1ccc(/C=C/C(=O)Nc2ccc3c(C)cc(=O)oc3c2)cc1OC,OLIHKWFLHDOQRH-WEVVVXLNSA-N,5.52,5.52,0.0,5.52,5.52,0.0,1,1,10.1016/j.bmc.2020.115586,2020,2020,22879411,False,0
CA9_HUMAN_KI,Human CA9,primary,CHEMBL3594,Carbonic anhydrase 9,Homo sapiens,Ki,CHEMBL578167,O=c1ccc2cc(C[N+]34CN5CN(CN(C5)C3)C4)ccc2o1.[Cl-],MFOBRAVAJQWRKN-UHFFFAOYSA-M,5.52,5.52,0.0,5.52,5.52,0.0,1,1,10.1021/jm901287j,2010,2010,2978906,False,0
CA9_HUMAN_KI,Human CA9,primary,CHEMBL3594,Carbonic anhydrase 9,Homo sapiens,Ki,CHEMBL5567975,CCOc1cccc2cc(/C(C)=N/Nc3nc(-c4ccc(F)cc4)cs3)c(=O)oc12,VMQNBXUTTXEJJP-DHRITJCHSA-N,5.51,5.51,0.0,5.51,5.51,0.0,1,1,10.1021/acs.jmedchem.4c00239,2024,2024,25859095,False,0
CA9_HUMAN_KI,Human CA9,primary,CHEMBL3594,Carbonic anhydrase 9,Homo sapiens,Ki,CHEMBL1938470,Cc1cc(=O)oc2cc(O[C@@H]3OC[C@@H](O)[C@@H](O)[C@H]3O)ccc12,JWIYLOHVJDJZOQ-QZKOUSHUSA-N,5.5,5.5,0.0,5.5,5.5,0.0,1,1,10.1021/jm200983e,2011,2011,8007620,False,0
CA9_HUMAN_KI,Human CA9,primary,CHEMBL3594,Carbonic anhydrase 9,Homo sapiens,Ki,CHEMBL4793433,O=c1cc(CN2CCN(Cc3ccccc3)CC2)c2ccc(OCc3ccc([N+](=O)[O-])cc3)cc2o1,OKAOBGVZMJIPHE-UHFFFAOYSA-N,5.5,5.5,0.0,5.5,5.5,0.0,1,1,10.1016/j.bmcl.2021.127877,2021,2021,22933531,False,0
CA9_HUMAN_KI,Human CA9,primary,CHEMBL3594,Carbonic anhydrase 9,Homo sapiens,Ki,CHEMBL2334355,COc1ccc(-c2c3n(c4c(=O)oc5cc(O)c(OC)cc5c24)CCc2c-3cc(OC)c(OC)c2O)cc1O,JAYUXAMNSNMXCO-UHFFFAOYSA-N,5.49,5.49,0.0,5.49,5.49,0.0,1,1,10.1016/j.bmc.2012.07.021,2013,2013,12667868,False,0
CA9_HUMAN_KI,Human CA9,primary,CHEMBL3594,Carbonic anhydrase 9,Homo sapiens,Ki,CHEMBL2334357,COc1ccc(-c2c3n(c4c(=O)oc5cc(OC)c(O)cc5c24)CCc2cc(OS(=O)(=O)[O-])c(OC)cc2-3)cc1O.[Na+],ZSHZPAYBGJKZAQ-UHFFFAOYSA-M,5.49,5.49,0.0,5.49,5.49,0.0,1,1,10.1016/j.bmc.2012.07.021,2013,2013,12667867,False,0
CA9_HUMAN_KI,Human CA9,primary,CHEMBL3594,Carbonic anhydrase 9,Homo sapiens,Ki,CHEMBL4455031,O=C(Nc1ccc(C(=O)NCCOc2ccc3ccc(=O)oc3c2)cc1)Nc1ccc(Cl)c(C(F)(F)F)c1,DPYYRBNMSJKMCW-UHFFFAOYSA-N,5.47,5.47,0.0,5.47,5.47,0.0,1,1,10.1016/j.ejmech.2019.111600,2019,2019,19099952,False,0
CA9_HUMAN_KI,Human CA9,primary,CHEMBL3594,Carbonic anhydrase 9,Homo sapiens,Ki,CHEMBL4746620,COc1ccc(N2CCN(Cc3cc(=O)oc4cc(OCc5cccc(Br)c5)ccc34)CC2)cc1,QIMBUXAGULYNFZ-UHFFFAOYSA-N,5.46,5.46,0.0,5.46,5.46,0.0,1,1,10.1016/j.bmcl.2021.127877,2021,2021,22933518,False,0
CA9_HUMAN_KI,Human CA9,primary,CHEMBL3594,Carbonic anhydrase 9,Homo sapiens,Ki,CHEMBL479462,COc1cc2oc(=O)ccc2c2c1C=CC(C)(C)O2,WTBVBNPZXAQTHI-UHFFFAOYSA-N,5.46,5.46,0.0,5.46,5.46,0.0,1,1,10.1016/j.bmc.2012.07.021,2013,2013,12667865,False,0
CA9_HUMAN_KI,Human CA9,primary,CHEMBL3594,Carbonic anhydrase 9,Homo sapiens,Ki,CHEMBL5542165,CCOc1cccc2cc(/C(C)=N/Nc3nc(-c4ccccc4)cs3)c(=O)oc12,XNNBLXAAOUZTQU-ZVHZXABRSA-N,5.46,5.46,0.0,5.46,5.46,0.0,1,1,10.1021/acs.jmedchem.4c00239,2024,2024,25859091,False,0
CA9_HUMAN_KI,Human CA9,primary,CHEMBL3594,Carbonic anhydrase 9,Homo sapiens,Ki,CHEMBL5523449,CCOc1cccc2cc(/C(C)=N/Nc3nc(-c4ccc(OC)cc4)cs3)c(=O)oc12,MSDOAYTYSQZZOO-AFUMVMLFSA-N,5.43,5.43,0.0,5.43,5.43,0.0,1,1,10.1021/acs.jmedchem.4c00239,2024,2024,25859094,False,0
CA9_HUMAN_KI,Human CA9,primary,CHEMBL3594,Carbonic anhydrase 9,Homo sapiens,Ki,CHEMBL4782287,COc1ccc(N2CCN(Cc3cc(=O)oc4cc(OCc5ccccc5F)ccc34)CC2)cc1,ORFHYPCDOXZXSO-UHFFFAOYSA-N,5.42,5.42,0.0,5.42,5.42,0.0,1,1,10.1016/j.bmcl.2021.127877,2021,2021,22933520,False,0
CA9_HUMAN_KI,Human CA9,primary,CHEMBL3594,Carbonic anhydrase 9,Homo sapiens,Ki,CHEMBL4751341,Cc1ccc(S(=O)(=O)C/C(=N\Nc2ccccc2)c2cc3ccccc3oc2=O)cc1,MMFBLISAUYZPOV-XTCLZLMSSA-N,5.41,5.41,0.0,5.41,5.41,0.0,1,1,10.1016/j.ejmech.2020.112897,2021,2021,22802349,False,0
CA9_HUMAN_KI,Human CA9,primary,CHEMBL3594,Carbonic anhydrase 9,Homo sapiens,Ki,CHEMBL12567,COc1ccc2c(C(=O)O)cc(=O)oc2c1,IHHLDCASADSHEG-UHFFFAOYSA-N,5.39,5.39,0.0,5.39,5.39,0.0,1,1,10.1021/jm901287j,2010,2010,2997056,False,0
CA9_HUMAN_KI,Human CA9,primary,CHEMBL3594,Carbonic anhydrase 9,Homo sapiens,Ki,CHEMBL2003049,C/C(=C\COc1ccc2ccc(=O)oc2c1)CCC(=O)C(C)(C)O,YSRYKTUWDVLRLA-JLHYYAGUSA-N,5.39,5.39,0.0,5.39,5.39,0.0,1,1,10.1016/j.bmc.2012.07.021,2013,2013,12667861,False,0
CA9_HUMAN_KI,Human CA9,primary,CHEMBL3594,Carbonic anhydrase 9,Homo sapiens,Ki,CHEMBL5568363,O=C(c1cc2ccccc2oc1=O)N1CCN(S(=O)(=O)c2cccs2)CC1,QICMLQOAMNMJIZ-UHFFFAOYSA-N,5.39,5.39,0.0,5.39,5.39,0.0,1,1,10.1016/j.ejmech.2024.116179,2024,2024,25873453,False,0
CA9_HUMAN_KI,Human CA9,primary,CHEMBL3594,Carbonic anhydrase 9,Homo sapiens,Ki,CHEMBL145781,O=c1ccc2ccc(OCc3ccccc3)cc2o1,QDLFCBKKECTJSK-UHFFFAOYSA-N,5.37,5.37,0.0,5.37,5.37,0.0,1,1,10.1021/jm901287j,2010,2010,2997058,False,0
CA9_HUMAN_KI,Human CA9,primary,CHEMBL3594,Carbonic anhydrase 9,Homo sapiens,Ki,CHEMBL4780710,O=c1cc(CN2CCN(Cc3ccccc3)CC2)c2ccc(OCc3cc(F)ccc3F)cc2o1,IXUKWFNCIDORAD-UHFFFAOYSA-N,5.35,5.35,0.0,5.35,5.35,0.0,1,1,10.1016/j.bmcl.2021.127877,2021,2021,22933534,False,0
CA9_HUMAN_KI,Human CA9,primary,CHEMBL3594,Carbonic anhydrase 9,Homo sapiens,Ki,CHEMBL5559628,CCOc1cccc2cc(/C(C)=N/Nc3nc(-c4ccc(C)cc4)cs3)c(=O)oc12,NWWZQJHHKFBMCI-MFKUBSTISA-N,5.35,5.35,0.0,5.35,5.35,0.0,1,1,10.1021/acs.jmedchem.4c00239,2024,2024,25859092,False,0
CA9_HUMAN_KI,Human CA9,primary,CHEMBL3594,Carbonic anhydrase 9,Homo sapiens,Ki,CHEMBL4744108,O=c1cc(CN2CCN(Cc3ccccc3)CC2)c2ccc(OCc3cccc(Cl)c3)cc2o1,BFWBQVYSRBUWIF-UHFFFAOYSA-N,5.34,5.34,0.0,5.34,5.34,0.0,1,1,10.1016/j.bmcl.2021.127877,2021,2021,22933528,False,0
CA9_HUMAN_KI,Human CA9,primary,CHEMBL3594,Carbonic anhydrase 9,Homo sapiens,Ki,CHEMBL4798303,COc1ccc(N2CCN(Cc3cc(=O)oc4cc(OCc5cc(C)cc(C)c5)ccc34)CC2)cc1,BHVGUGCVQBDQEZ-UHFFFAOYSA-N,5.34,5.34,0.0,5.34,5.34,0.0,1,1,10.1016/j.bmcl.2021.127877,2021,2021,22933524,False,0
CA9_HUMAN_KI,Human CA9,primary,CHEMBL3594,Carbonic anhydrase 9,Homo sapiens,Ki,CHEMBL4760827,O=c1oc2ccc(Br)cc2cc1/C(CS(=O)(=O)c1ccccc1)=N/Nc1ccccc1,LNJKREOJEOAVGI-YYADALCUSA-N,5.33,5.33,0.0,5.33,5.33,0.0,1,1,10.1016/j.ejmech.2020.112897,2021,2021,22802350,False,0
CA9_HUMAN_KI,Human CA9,primary,CHEMBL3594,Carbonic anhydrase 9,Homo sapiens,Ki,CHEMBL3322093,C#CCOc1ccc2oc(=O)ccc2c1,BJPVWUGQYQUNTC-UHFFFAOYSA-N,5.32,5.32,0.0,5.32,5.32,0.0,1,1,10.1021/acs.jmedchem.9b00845,2019,2019,19070692,False,0
CA9_HUMAN_KI,Human CA9,primary,CHEMBL3594,Carbonic anhydrase 9,Homo sapiens,Ki,CHEMBL4644661,Cc1cn([C@H]2C[C@H](n3cc(COc4ccc5ccc(=O)oc5c4)nn3)[C@@H](CO)O2)c(=O)[nH]c1=O,HHWXKVDESUCOTK-QXAKKESOSA-N,5.31,5.31,0.0,5.31,5.31,0.0,1,1,10.1021/acs.jmedchem.0c00636,2020,2020,20639289,False,0
CA9_HUMAN_KI,Human CA9,primary,CHEMBL3594,Carbonic anhydrase 9,Homo sapiens,Ki,CHEMBL4741561,COc1cccc(COc2ccc3c(CN4CCN(Cc5ccccc5)CC4)cc(=O)oc3c2)c1,YHBBWYZTWCSOGA-UHFFFAOYSA-N,5.31,5.31,0.0,5.31,5.31,0.0,1,1,10.1016/j.bmcl.2021.127877,2021,2021,22933532,False,0
CA9_HUMAN_KI,Human CA9,primary,CHEMBL3594,Carbonic anhydrase 9,Homo sapiens,Ki,CHEMBL4784235,O=c1cc(CN2CCN(Cc3ccccc3)CC2)c2ccc(OCc3ccccc3)cc2o1,UJWNWEBEASXEHP-UHFFFAOYSA-N,5.31,5.31,0.0,5.31,5.31,0.0,1,1,10.1016/j.bmcl.2021.127877,2021,2021,22933525,False,0
CA9_HUMAN_KI,Human CA9,primary,CHEMBL3594,Carbonic anhydrase 9,Homo sapiens,Ki,CHEMBL571514,CCCCOc1ccc2ccc(=O)oc2c1,BDOGTORASJEUBW-UHFFFAOYSA-N,5.31,5.31,0.0,5.31,5.31,0.0,1,1,10.1021/jm901287j,2010,2010,2997059,False,0
CA9_HUMAN_KI,Human CA9,primary,CHEMBL3594,Carbonic anhydrase 9,Homo sapiens,Ki,CHEMBL5542822,O=C(c1cc2ccccc2oc1=O)N1CCN(C(=S)Nc2ccccc2)CC1,ILONDPXOJGZBTH-UHFFFAOYSA-N,5.29,5.29,0.0,5.29,5.29,0.0,1,1,10.1016/j.ejmech.2024.116179,2024,2024,25873454,False,0
CA9_HUMAN_KI,Human CA9,primary,CHEMBL3594,Carbonic anhydrase 9,Homo sapiens,Ki,CHEMBL568417,O=C(O)c1cc2cc(CO)ccc2oc1=O,AESUZZDVQZTHIN-UHFFFAOYSA-N,5.29,5.29,0.0,5.29,5.29,0.0,1,1,10.1021/jm901287j,2010,2010,2978907,False,0
CA9_HUMAN_KI,Human CA9,primary,CHEMBL3594,Carbonic anhydrase 9,Homo sapiens,Ki,CHEMBL4740913,COc1ccc(N2CCN(Cc3cc(=O)oc4cc(OCc5ccccc5[N+](=O)[O-])ccc34)CC2)cc1,FHDADFAHPAARAD-UHFFFAOYSA-N,5.27,5.27,0.0,5.27,5.27,0.0,1,1,10.1016/j.bmcl.2021.127877,2021,2021,22933521,False,0
CA9_HUMAN_KI,Human CA9,primary,CHEMBL3594,Carbonic anhydrase 9,Homo sapiens,Ki,CHEMBL568348,COc1cccc2cc(C(=O)O)c(=O)oc12,SFAPWVZFUHJZIC-UHFFFAOYSA-N,5.27,5.27,0.0,5.27,5.27,0.0,1,1,10.1021/jm901287j,2010,2010,2997236,False,0
CA9_HUMAN_KI,Human CA9,primary,CHEMBL3594,Carbonic anhydrase 9,Homo sapiens,Ki,CHEMBL4781169,COc1ccc(N2CCN(Cc3cc(=O)oc4cc(OCc5ccccc5)ccc34)CC2)cc1,UAEWHFJNUIAMSI-UHFFFAOYSA-N,5.26,5.26,0.0,5.26,5.26,0.0,1,1,10.1016/j.bmcl.2021.127877,2021,2021,22933516,False,0
CA9_HUMAN_KI,Human CA9,primary,CHEMBL3594,Carbonic anhydrase 9,Homo sapiens,Ki,CHEMBL567544,O=c1ccc2ccc(CCc3ccccc3)cc2o1,FQWWPSNGCTYUHH-UHFFFAOYSA-N,5.24,5.24,0.0,5.24,5.24,0.0,1,1,10.1021/jm901287j,2010,2010,2997057,False,0
CA9_HUMAN_KI,Human CA9,primary,CHEMBL3594,Carbonic anhydrase 9,Homo sapiens,Ki,CHEMBL568416,COc1ccc2oc(=O)c(C(=O)O)cc2c1,XIQQAIQZABTSNZ-UHFFFAOYSA-N,5.24,5.24,0.0,5.24,5.24,0.0,1,1,10.1021/jm901287j,2010,2010,2978910,False,0
CA9_HUMAN_KI,Human CA9,primary,CHEMBL3594,Carbonic anhydrase 9,Homo sapiens,Ki,CHEMBL5542863,CCOc1cccc2cc(/C(C)=N/Nc3nc(-c4ccc(Cl)cc4)cs3)c(=O)oc12,VPUJASNZEIXDCM-DHRITJCHSA-N,5.21,5.21,0.0,5.21,5.21,0.0,1,1,10.1021/acs.jmedchem.4c00239,2024,2024,25859096,False,0
CA9_HUMAN_KI,Human CA9,primary,CHEMBL3594,Carbonic anhydrase 9,Homo sapiens,Ki,CHEMBL568173,CCOC(=O)c1cc2cc(CO)ccc2oc1=O,LJKJRALGZCZICN-UHFFFAOYSA-N,5.21,5.21,0.0,5.21,5.21,0.0,1,1,10.1021/jm901287j,2010,2010,2978909,False,0
CA9_HUMAN_KI,Human CA9,primary,CHEMBL3594,Carbonic anhydrase 9,Homo sapiens,Ki,CHEMBL2334356,COc1cc(-c2c3c4cc(OC)c(O)cc4oc(=O)c3n3ccc4c(OC)c(OC)c(OC)cc4c23)ccc1O,PWRVNSDJDNLXEO-UHFFFAOYSA-N,5.2,5.2,0.0,5.2,5.2,0.0,1,1,10.1016/j.bmc.2012.07.021,2013,2013,12667839,False,0
CA9_HUMAN_KI,Human CA9,primary,CHEMBL3594,Carbonic anhydrase 9,Homo sapiens,Ki,CHEMBL4857313,NS(=O)(=O)c1cc2c(ccc3ccccc32)oc1=O,OQXNZVITQQXASN-UHFFFAOYSA-N,5.2,5.2,0.0,5.2,5.2,0.0,1,1,10.1016/j.ejmech.2021.113589,2021,2021,23232458,False,0
CA9_HUMAN_KI,Human CA9,primary,CHEMBL3594,Carbonic anhydrase 9,Homo sapiens,Ki,CHEMBL251680,CCOP(=S)(OCC)Oc1ccc2c(C)c(Cl)c(=O)oc2c1,BXNANOICGRISHX-UHFFFAOYSA-N,5.19,5.19,0.0,5.19,5.19,0.0,1,1,10.1016/j.bmcl.2012.01.129,2012,2012,8053888,False,0
CA9_HUMAN_KI,Human CA9,primary,CHEMBL3594,Carbonic anhydrase 9,Homo sapiens,Ki,CHEMBL83294,O=C(O)c1cc2ccccc2oc1=O,ACMLKANOGIVEPB-UHFFFAOYSA-N,5.19,5.19,0.0,5.19,5.19,0.0,1,1,10.1021/jm901287j,2010,2010,2997055,False,0
CA9_HUMAN_KI,Human CA9,primary,CHEMBL3594,Carbonic anhydrase 9,Homo sapiens,Ki,CHEMBL253551,COc1cc2ccc(=O)oc2c(OC)c1OC,RAYQKHLZHPFYEJ-UHFFFAOYSA-N,5.18,5.18,0.0,5.18,5.18,0.0,1,1,10.1016/j.bmc.2012.07.021,2013,2013,12667835,False,0
CA9_HUMAN_KI,Human CA9,primary,CHEMBL3594,Carbonic anhydrase 9,Homo sapiens,Ki,CHEMBL4635964,Cc1cn([C@H]2C[C@H](n3cc(COc4ccc5oc(=O)ccc5c4)nn3)[C@@H](CO)O2)c(=O)[nH]c1=O,CZGFBOOZLDNOSG-QXAKKESOSA-N,5.18,5.18,0.0,5.18,5.18,0.0,1,1,10.1021/acs.jmedchem.0c00636,2020,2020,20639287,False,0
CA9_HUMAN_KI,Human CA9,primary,CHEMBL3594,Carbonic anhydrase 9,Homo sapiens,Ki,CHEMBL5562546,CCOc1cccc2cc(/C(C)=N/Nc3nc(-c4ccc([N+](=O)[O-])cc4)cs3)c(=O)oc12,QOKVMKKALUZDIV-ZMOGYAJESA-N,5.17,5.17,0.0,5.17,5.17,0.0,1,1,10.1021/acs.jmedchem.4c00239,2024,2024,25859093,False,0
CA9_HUMAN_KI,Human CA9,primary,CHEMBL3594,Carbonic anhydrase 9,Homo sapiens,Ki,CHEMBL5568260,CCOc1cccc2cc(/C(C)=N/Nc3nc(-c4ccc(-c5ccccc5)cc4)cs3)c(=O)oc12,ZOJSQRGNAWLXNW-UXHLAJHPSA-N,5.16,5.16,0.0,5.16,5.16,0.0,1,1,10.1021/acs.jmedchem.4c00239,2024,2024,25859098,False,0
CA9_HUMAN_KI,Human CA9,primary,CHEMBL3594,Carbonic anhydrase 9,Homo sapiens,Ki,CHEMBL4745131,O=C(/C=C/c1cccc([N+](=O)[O-])c1)Nc1ccc2oc(=O)ccc2c1,LONPHXLHCZVJRR-XBXARRHUSA-N,5.14,5.14,0.0,5.14,5.14,0.0,1,1,10.1016/j.bmc.2020.115586,2020,2020,22879409,False,0
CA9_HUMAN_KI,Human CA9,primary,CHEMBL3594,Carbonic anhydrase 9,Homo sapiens,Ki,CHEMBL4750666,COc1ccc(N2CCN(Cc3cc(=O)oc4cc(OCc5cccc(Cl)c5)ccc34)CC2)cc1,NGWJIKSRKHNZLF-UHFFFAOYSA-N,5.14,5.14,0.0,5.14,5.14,0.0,1,1,10.1016/j.bmcl.2021.127877,2021,2021,22933519,False,0
CA9_HUMAN_KI,Human CA9,primary,CHEMBL3594,Carbonic anhydrase 9,Homo sapiens,Ki,CHEMBL1288559,CCOc1cc2oc(=O)ccc2cc1C(C)=O,YPWNHEXIUIFWSP-UHFFFAOYSA-N,5.13,5.13,0.0,5.13,5.13,0.0,1,1,10.1016/j.bmcl.2010.10.094,2010,2010,3605375,False,0
CA9_HUMAN_KI,Human CA9,primary,CHEMBL3594,Carbonic anhydrase 9,Homo sapiens,Ki,CHEMBL390320,COc1cc2oc(=O)ccc2cc1O,SYTYLPHCLSSCOJ-UHFFFAOYSA-N,5.13,5.13,0.0,5.13,5.13,0.0,1,1,10.1016/j.bmc.2012.07.021,2013,2013,12667831,False,0
CA9_HUMAN_KI,Human CA9,primary,CHEMBL3594,Carbonic anhydrase 9,Homo sapiens,Ki,CHEMBL1288560,CCCOc1cc2oc(=O)ccc2cc1C(C)=O,VIKCPCBUFQJHPC-UHFFFAOYSA-N,5.12,5.12,0.0,5.12,5.12,0.0,1,1,10.1016/j.bmcl.2010.10.094,2010,2010,3605376,False,0
CA9_HUMAN_KI,Human CA9,primary,CHEMBL3594,Carbonic anhydrase 9,Homo sapiens,Ki,CHEMBL270672,Cc1cc(=O)oc2cc(N)ccc12,GLNDAGDHSLMOKX-UHFFFAOYSA-N,5.12,5.12,0.0,5.12,5.12,0.0,1,1,10.1016/j.bmc.2012.02.014,2012,2012,8060030,False,0
CA9_HUMAN_KI,Human CA9,primary,CHEMBL3594,Carbonic anhydrase 9,Homo sapiens,Ki,CHEMBL303846,CC1(C)C=Cc2cc3ccc(=O)oc3cc2O1,QOTBQNVNUBKJMS-UHFFFAOYSA-N,5.12,5.12,0.0,5.12,5.12,0.0,1,1,10.1016/j.bmc.2012.07.021,2013,2013,12667826,False,0
CA9_HUMAN_KI,Human CA9,primary,CHEMBL3594,Carbonic anhydrase 9,Homo sapiens,Ki,CHEMBL1288558,COc1cc2oc(=O)ccc2cc1C(C)=O,QDWMZGNQFSIPKO-UHFFFAOYSA-N,5.11,5.11,0.0,5.11,5.11,0.0,1,1,10.1016/j.bmcl.2010.10.094,2010,2010,3605377,False,0
CA9_HUMAN_KI,Human CA9,primary,CHEMBL3594,Carbonic anhydrase 9,Homo sapiens,Ki,CHEMBL1288535,CCC(=O)c1cc2ccc(=O)oc2cc1O,GJOCMGDMAGUOKE-UHFFFAOYSA-N,5.1,5.1,0.0,5.1,5.1,0.0,1,1,10.1016/j.bmcl.2010.10.094,2010,2010,3605378,False,0
CA9_HUMAN_KI,Human CA9,primary,CHEMBL3594,Carbonic anhydrase 9,Homo sapiens,Ki,CHEMBL1098016,COc1ccc2ccc(=O)oc2c1C(C=O)=C(C)C,PBAZKMWQUBDDLZ-UHFFFAOYSA-N,5.09,5.09,0.0,5.09,5.09,0.0,1,1,10.1016/j.bmc.2012.07.021,2013,2013,12667817,False,0
CA9_HUMAN_KI,Human CA9,primary,CHEMBL3594,Carbonic anhydrase 9,Homo sapiens,Ki,CHEMBL1288534,CC(=O)c1cc2ccc(=O)oc2cc1O,MYJIZBGGFRMXEM-UHFFFAOYSA-N,5.09,5.09,0.0,5.09,5.09,0.0,1,1,10.1016/j.bmcl.2010.10.094,2010,2010,3605379,False,0
CA9_HUMAN_KI,Human CA9,primary,CHEMBL3594,Carbonic anhydrase 9,Homo sapiens,Ki,CHEMBL4778607,Cc1ccc(S(=O)(=O)C/C(=N\Nc2ccccc2)c2cc3cc(Br)ccc3oc2=O)cc1,SQDBLVWHFSXYMX-HPNDGRJYSA-N,5.09,5.09,0.0,5.09,5.09,0.0,1,1,10.1016/j.ejmech.2020.112897,2021,2021,22802351,False,0
CA9_HUMAN_KI,Human CA9,primary,CHEMBL3594,Carbonic anhydrase 9,Homo sapiens,Ki,CHEMBL568516,CCCOc1ccc2ccc(=O)oc2c1,FCCCOTWGEKNZMI-UHFFFAOYSA-N,5.09,5.09,0.0,5.09,5.09,0.0,1,1,10.1021/jm901287j,2010,2010,2997060,False,0
CA9_HUMAN_KI,Human CA9,primary,CHEMBL3594,Carbonic anhydrase 9,Homo sapiens,Ki,CHEMBL567139,NCc1ccc2oc(=O)ccc2c1,MXXNUQUOHJMQEU-UHFFFAOYSA-N,5.08,5.08,0.0,5.08,5.08,0.0,1,1,10.1021/jm901287j,2010,2010,2997233,False,0
CA9_HUMAN_KI,Human CA9,primary,CHEMBL3594,Carbonic anhydrase 9,Homo sapiens,Ki,CHEMBL571738,O=c1ccc2cc(CO)ccc2o1,BPTGMUVORRVIEP-UHFFFAOYSA-N,5.08,5.08,0.0,5.08,5.08,0.0,1,1,10.1021/jm901287j,2010,2010,2997235,False,0
CA9_HUMAN_KI,Human CA9,primary,CHEMBL3594,Carbonic anhydrase 9,Homo sapiens,Ki,CHEMBL225024,COc1cc2ccc(=O)oc2cc1O[C@@H]1O[C@H](CO)[C@@H](O)[C@H](O)[C@H]1O,SGTCGCCQZOUMJJ-YMILTQATSA-N,5.06,5.06,0.0,5.06,5.06,0.0,1,1,10.1016/j.bmc.2012.07.021,2013,2013,12667808,False,0
CA9_HUMAN_KI,Human CA9,primary,CHEMBL3594,Carbonic anhydrase 9,Homo sapiens,Ki,CHEMBL5561433,CCOc1cccc2cc(/C(C)=N/Nc3nc(-c4cc5ccc(OC)cc5oc4=O)cs3)c(=O)oc12,CABSZTHBCGIJHC-CCVNUDIWSA-N,5.06,5.06,0.0,5.06,5.06,0.0,1,1,10.1021/acs.jmedchem.4c00239,2024,2024,25859103,False,0
CA9_HUMAN_KI,Human CA9,primary,CHEMBL3594,Carbonic anhydrase 9,Homo sapiens,Ki,CHEMBL5563945,CCOc1cccc2cc(/C(C)=N/Nc3nc(-c4ccc(Br)cc4)cs3)c(=O)oc12,AXKWUELZVLBZPU-DHRITJCHSA-N,5.06,5.06,0.0,5.06,5.06,0.0,1,1,10.1021/acs.jmedchem.4c00239,2024,2024,25859097,False,0
CA9_HUMAN_KI,Human CA9,primary,CHEMBL3594,Carbonic anhydrase 9,Homo sapiens,Ki,CHEMBL567896,COC(=O)c1cc2cc(CO)ccc2oc1=O,BVABSSGMJLREHA-UHFFFAOYSA-N,5.06,5.06,0.0,5.06,5.06,0.0,1,1,10.1021/jm901287j,2010,2010,2997237,False,0
CA9_HUMAN_KI,Human CA9,primary,CHEMBL3594,Carbonic anhydrase 9,Homo sapiens,Ki,CHEMBL4782231,O=C(N/N=C(\CS(=O)(=O)c1ccccc1)c1cc2cc(Br)ccc2oc1=O)c1ccccc1,CJCXHHZSVWOQOR-YYADALCUSA-N,5.05,5.05,0.0,5.05,5.05,0.0,1,1,10.1016/j.ejmech.2020.112897,2021,2021,22802353,False,0
CA9_HUMAN_KI,Human CA9,primary,CHEMBL3594,Carbonic anhydrase 9,Homo sapiens,Ki,CHEMBL5556495,CCOc1cccc2cc(/C(C)=N/Nc3nc(-c4cc5ccccc5oc4=O)cs3)c(=O)oc12,XKVFDDIXOYOVQG-MZJWZYIUSA-N,5.04,5.04,0.0,5.04,5.04,0.0,1,1,10.1021/acs.jmedchem.4c00239,2024,2024,25859100,False,0
CA9_HUMAN_KI,Human CA9,primary,CHEMBL3594,Carbonic anhydrase 9,Homo sapiens,Ki,CHEMBL5560339,CCOc1cccc2cc(/C(C)=N/Nc3nc(-c4cc5cccc(OC)c5oc4=O)cs3)c(=O)oc12,XNWVIUHTVGWXHD-CCVNUDIWSA-N,5.03,5.03,0.0,5.03,5.03,0.0,1,1,10.1021/acs.jmedchem.4c00239,2024,2024,25859101,False,0
CA9_HUMAN_KI,Human CA9,primary,CHEMBL3594,Carbonic anhydrase 9,Homo sapiens,Ki,CHEMBL568385,CCOC(=O)c1cc2ccc(OC)cc2oc1=O,FWFVXBZXJKTVGL-UHFFFAOYSA-N,5.03,5.03,0.0,5.03,5.03,0.0,1,1,10.1021/jm901287j,2010,2010,2997234,False,0
CA9_HUMAN_KI,Human CA9,primary,CHEMBL3594,Carbonic anhydrase 9,Homo sapiens,Ki,CHEMBL191528,CCOc1ccc2ccc(=O)oc2c1,LIFAQMGORKPVDH-UHFFFAOYSA-N,5.02,5.02,0.0,5.02,5.02,0.0,1,1,10.1021/jm901287j,2010,2010,2997061,False,0
CA9_HUMAN_KI,Human CA9,primary,CHEMBL3594,Carbonic anhydrase 9,Homo sapiens,Ki,CHEMBL2334353,C/C(=C\Cc1cc2ccc(=O)oc2cc1O)CO,JUOLTTLEQHQQED-XNWCZRBMSA-N,5.01,5.01,0.0,5.01,5.01,0.0,1,1,10.1016/j.bmc.2012.07.021,2013,2013,12667786,False,0
CA9_HUMAN_KI,Human CA9,primary,CHEMBL3594,Carbonic anhydrase 9,Homo sapiens,Ki,CHEMBL49732,COc1ccc2ccc(=O)oc2c1,LIIALPBMIOVAHH-UHFFFAOYSA-N,5.01,5.01,0.0,5.01,5.01,0.0,1,1,10.1021/jm901287j,2010,2010,2997062,False,0
CA9_HUMAN_KI,Human CA9,primary,CHEMBL3594,Carbonic anhydrase 9,Homo sapiens,Ki,CHEMBL5527931,CCOc1cccc2cc(/C(C)=N/Nc3nc(-c4cc5cccc(OCC)c5oc4=O)cs3)c(=O)oc12,QWJKLATVCVNJRT-WKULSOCRSA-N,4.89,4.89,0.0,4.89,4.89,0.0,1,1,10.1021/acs.jmedchem.4c00239,2024,2024,25859102,False,0
CA9_HUMAN_KI,Human CA9,primary,CHEMBL3594,Carbonic anhydrase 9,Homo sapiens,Ki,CHEMBL5557106,CCOc1cccc2cc(/C(C)=N/Nc3nc(-c4ccc5ccccc5c4)cs3)c(=O)oc12,YBEYJRXDMOLVDP-LQKURTRISA-N,4.84,4.84,0.0,4.84,4.84,0.0,1,1,10.1021/acs.jmedchem.4c00239,2024,2024,25859099,False,0
CA9_HUMAN_KI,Human CA9,primary,CHEMBL3594,Carbonic anhydrase 9,Homo sapiens,Ki,CHEMBL4746114,O=C(N/N=C(\CS(=O)(=O)c1ccccc1)c1cc2ccccc2oc1=O)c1ccccc1,AONDWTZRLCVVRF-NJNXFGOHSA-N,4.8,4.8,0.0,4.8,4.8,0.0,1,1,10.1016/j.ejmech.2020.112897,2021,2021,22802352,False,0
CA9_HUMAN_KI,Human CA9,primary,CHEMBL3594,Carbonic anhydrase 9,Homo sapiens,Ki,CHEMBL2334354,COc1cc2c(=O)oc3c(OC)c(OC)cc4c(=O)oc(c1O)c2c34,NDXSDWFOYZXARW-UHFFFAOYSA-N,4.76,4.76,0.0,4.76,4.76,0.0,1,1,10.1016/j.bmc.2012.07.021,2013,2013,12667780,False,0
CA9_HUMAN_KI,Human CA9,primary,CHEMBL3594,Carbonic anhydrase 9,Homo sapiens,Ki,CHEMBL5542880,CCOc1cccc2cc(/C(C)=N/Nc3nc(-c4cc5cc(Br)ccc5oc4=O)cs3)c(=O)oc12,XIWSKCNMFSKKLS-XODNFHPESA-N,4.72,4.72,0.0,4.72,4.72,0.0,1,1,10.1021/acs.jmedchem.4c00239,2024,2024,25859104,False,0
CA9_HUMAN_KI,Human CA9,primary,CHEMBL3594,Carbonic anhydrase 9,Homo sapiens,Ki,CHEMBL6246,O=c1oc2c(O)c(O)cc3c(=O)oc4c(O)c(O)cc1c4c23,AFSDNFLWKVMVRB-UHFFFAOYSA-N,4.5649999999999995,4.5649999999999995,0.6576093065034896,4.1,5.03,0.9300000000000006,2,2,10.1016/j.bmc.2010.01.076; 10.1016/j.bmc.2012.07.021,2010,2013,12667759; 3116832,False,1
CA9_HUMAN_KI,Human CA9,primary,CHEMBL3594,Carbonic anhydrase 9,Homo sapiens,Ki,CHEMBL1938473,COc1cc2oc(=O)ccc2cc1C(O)CC(C)C,ZRXJDVGAMZQYJX-UHFFFAOYSA-N,4.26,4.26,0.0,4.26,4.26,0.0,1,1,10.1021/jm200983e,2011,2011,8008414,False,0
CA9_HUMAN_KI,Human CA9,primary,CHEMBL3594,Carbonic anhydrase 9,Homo sapiens,Ki,CHEMBL572366,COc1cc2oc(=O)ccc2cc1[C@@H](O)CC(C)C,ZRXJDVGAMZQYJX-LBPRGKRZSA-N,4.26,4.513333333333333,0.4387862045841155,4.26,5.02,0.7599999999999998,3,3,10.1021/jm301625s; 10.1021/jm901287j; 10.1021/jm901524f,2010,2013,12654148; 2949508; 2997064,False,1
CA9_HUMAN_KI,Human CA9,primary,CHEMBL3594,Carbonic anhydrase 9,Homo sapiens,Ki,CHEMBL5089227,Cc1cn([C@H]2C[C@@H](n3cc(COc4ccc5oc(=O)ccc5c4)nn3)[C@@H](CO)O2)c(=O)[nH]c1=O,CZGFBOOZLDNOSG-BHIYHBOVSA-N,4.18,4.18,0.0,4.18,4.18,0.0,1,1,10.1021/acs.jmedchem.1c00756,2021,2021,24347639,False,0
MAOB_HUMAN_IC50,Human MAO-B,primary,CHEMBL2039,Amine oxidase [flavin-containing] B,Homo sapiens,IC50,CHEMBL4129303,Cc1ccc2oc(=O)c(-c3cccc(Br)c3)cc2c1,FWJYDYOSAGJKQO-UHFFFAOYSA-N,9.87,9.87,0.0,9.87,9.87,0.0,1,1,10.1016/j.bmc.2018.05.042,2018,2018,18305643,False,0
MAOB_HUMAN_IC50,Human MAO-B,primary,CHEMBL2039,Amine oxidase [flavin-containing] B,Homo sapiens,IC50,CHEMBL1835228,Cc1ccc(-c2cc3cc(C)ccc3oc2=O)cc1,CEAPJZVOEQSFCZ-UHFFFAOYSA-N,9.51,9.51,0.0,9.51,9.51,0.0,3,3,10.1016/j.ejmech.2021.113907; 10.1021/jm200716y; 10.1039/C1MD00221J,2011,2022,14552973; 24772495; 6383786,False,1
MAOB_HUMAN_IC50,Human MAO-B,primary,CHEMBL2039,Amine oxidase [flavin-containing] B,Homo sapiens,IC50,CHEMBL3359944,O=c1cc(CCCl)c2ccc(OCc3cccc(Cl)c3)cc2o1,GLIOHWRSLRFKJG-UHFFFAOYSA-N,9.43,9.43,0.0,9.43,9.43,0.0,1,1,10.1016/j.ejmech.2022.114655,2022,2022,25577918,False,0
MAOB_HUMAN_IC50,Human MAO-B,primary,CHEMBL2039,Amine oxidase [flavin-containing] B,Homo sapiens,IC50,CHEMBL4068321,O=c1ccc2ccc(OCc3ccc(Br)cc3)cc2o1,XBQHFKZKJXERFF-UHFFFAOYSA-N,9.3,9.3,0.0,9.3,9.3,0.0,1,1,10.1016/j.ejmech.2016.09.041,2017,2017,18194960,False,0
MAOB_HUMAN_IC50,Human MAO-B,primary,CHEMBL2039,Amine oxidase [flavin-containing] B,Homo sapiens,IC50,CHEMBL3121793,COC(=O)c1cc2ccc(OCc3cccc(F)c3)cc2oc1=O,NCEUAXZXYIXBKB-UHFFFAOYSA-N,9.23,9.23,0.0,9.23,9.23,0.0,1,1,10.1016/j.bmc.2014.01.046,2014,2014,13935923,False,0
MAOB_HUMAN_IC50,Human MAO-B,primary,CHEMBL2039,Amine oxidase [flavin-containing] B,Homo sapiens,IC50,CHEMBL1835231,COc1ccc(-c2cc3cc(C)ccc3oc2=O)cc1Br,VDJROBVELNDISM-UHFFFAOYSA-N,9.13,9.13,0.0,9.13,9.13,0.0,1,1,10.1021/jm200716y,2011,2011,6383793,False,0
MAOB_HUMAN_IC50,Human MAO-B,primary,CHEMBL2039,Amine oxidase [flavin-containing] B,Homo sapiens,IC50,CHEMBL3121791,C#CCCCCOc1ccc2c(C)cc(=O)oc2c1,AIECALGLXZTSBK-UHFFFAOYSA-N,9.11,9.11,0.0,9.11,9.11,0.0,1,1,10.1016/j.bmc.2014.01.046,2014,2014,13935925,False,0
MAOB_HUMAN_IC50,Human MAO-B,primary,CHEMBL2039,Amine oxidase [flavin-containing] B,Homo sapiens,IC50,CHEMBL4079843,Cc1c(Cl)c(=O)oc2cc(OCc3ccc(Br)cc3)ccc12,CFDZXXWQQBIBLA-UHFFFAOYSA-N,9.1,9.1,0.0,9.1,9.1,0.0,1,1,10.1016/j.ejmech.2016.09.041,2017,2017,18194995,False,0
MAOB_HUMAN_IC50,Human MAO-B,primary,CHEMBL2039,Amine oxidase [flavin-containing] B,Homo sapiens,IC50,CHEMBL570731,COc1cccc(-c2cc3cc(C)ccc3oc2=O)c1,FXKIDMXANLWDBM-UHFFFAOYSA-N,9.1,9.1,0.0,9.1,9.1,0.0,2,2,10.1016/j.bmcl.2009.07.039; 10.1021/jm200716y,2009,2011,3022329; 6383789,False,1
MAOB_HUMAN_IC50,Human MAO-B,primary,CHEMBL2039,Amine oxidase [flavin-containing] B,Homo sapiens,IC50,CHEMBL3121865,CCCCCCOc1ccc2cc(C(=O)OC)c(=O)oc2c1,QOKVLUFMBVGFPC-UHFFFAOYSA-N,9.06,9.06,0.0,9.06,9.06,0.0,1,1,10.1016/j.bmc.2014.01.046,2014,2014,13935916,False,0
MAOB_HUMAN_IC50,Human MAO-B,primary,CHEMBL2039,Amine oxidase [flavin-containing] B,Homo sapiens,IC50,CHEMBL19004,Cc1c(C)c2ccc(OCc3nnc(C(C)C)s3)cc2oc1=O,HQTNJPCZUQAYAB-UHFFFAOYSA-N,9.05,9.05,0.0,9.05,9.05,0.0,1,1,10.1016/j.ejmech.2015.03.040,2015,2015,15219025,False,0
MAOB_HUMAN_IC50,Human MAO-B,primary,CHEMBL2039,Amine oxidase [flavin-containing] B,Homo sapiens,IC50,CHEMBL4097867,Cc1cc(=O)oc2cc(OCc3ccc(Br)cc3)ccc12,FVWAAOMTWGZPCD-UHFFFAOYSA-N,9.05,9.05,0.0,9.05,9.05,0.0,1,1,10.1016/j.ejmech.2016.09.041,2017,2017,18194994,False,0
MAOB_HUMAN_IC50,Human MAO-B,primary,CHEMBL2039,Amine oxidase [flavin-containing] B,Homo sapiens,IC50,CHEMBL142799,O=c1oc2cc(OCc3ccccc3)ccc2c2c1CCC2,XQVDQBUDJDSCEP-UHFFFAOYSA-N,9.04,9.04,0.0,9.04,9.04,0.0,1,1,10.1021/jm060441e,2006,2006,1773853,False,0
MAOB_HUMAN_IC50,Human MAO-B,primary,CHEMBL2039,Amine oxidase [flavin-containing] B,Homo sapiens,IC50,CHEMBL5416702,COc1cccc(-c2cc3cc(Cl)ccc3oc2=O)c1,ZPJQCWZHXDODCH-UHFFFAOYSA-N,9.0,9.0,0.0,9.0,9.0,0.0,1,1,10.1016/j.ejmech.2022.114655,2022,2022,25577916,False,0
MAOB_HUMAN_IC50,Human MAO-B,primary,CHEMBL2039,Amine oxidase [flavin-containing] B,Homo sapiens,IC50,CHEMBL111309,Cc1c(C)c2ccc(OCc3ccccc3)cc2oc1=O,OLKYAFAQLVOQDG-UHFFFAOYSA-N,8.97,8.97,0.0,8.97,8.97,0.0,1,1,10.1021/jm060441e,2006,2006,1773855,False,0
MAOB_HUMAN_IC50,Human MAO-B,primary,CHEMBL2039,Amine oxidase [flavin-containing] B,Homo sapiens,IC50,CHEMBL356977,Cc1c(C)c2ccc(OCc3cccc([N+](=O)[O-])c3)cc2oc1=O,LJJMTUBXYXGLKI-UHFFFAOYSA-N,8.96,8.96,0.0,8.96,8.96,0.0,1,1,10.1021/jm060441e,2006,2006,1773836,False,0
MAOB_HUMAN_IC50,Human MAO-B,primary,CHEMBL2039,Amine oxidase [flavin-containing] B,Homo sapiens,IC50,CHEMBL142582,Cc1c(C)c2ccc(OCc3ccc([N+](=O)[O-])cc3)cc2oc1=O,BPAHELUFQXKRPY-UHFFFAOYSA-N,8.95,8.95,0.0,8.95,8.95,0.0,1,1,10.1021/jm060441e,2006,2006,1773831,False,0
MAOB_HUMAN_IC50,Human MAO-B,primary,CHEMBL2039,Amine oxidase [flavin-containing] B,Homo sapiens,IC50,CHEMBL145292,O=c1oc2cc(OCc3ccccc3)ccc2c2ccccc12,VABIAROAZJNLBQ-UHFFFAOYSA-N,8.95,8.95,0.0,8.95,8.95,0.0,1,1,10.1021/jm060441e,2006,2006,1773851,False,0
MAOB_HUMAN_IC50,Human MAO-B,primary,CHEMBL2039,Amine oxidase [flavin-containing] B,Homo sapiens,IC50,CHEMBL325761,Cc1c(C)c2ccc(OCc3ccc(F)c(F)c3)cc2oc1=O,OAIPPRYRUKGVPD-UHFFFAOYSA-N,8.94,8.756666666666666,0.33501243758006016,8.37,8.96,0.5900000000000016,3,3,10.1016/j.bmc.2013.02.017; 10.1016/j.bmc.2016.09.050; 10.1039/C5MD00357A,2013,2016,13281005; 16490829; 16766894,False,1
MAOB_HUMAN_IC50,Human MAO-B,primary,CHEMBL2039,Amine oxidase [flavin-containing] B,Homo sapiens,IC50,CHEMBL488074,C=C(Br)COc1ccc2c3c(c(=O)oc2c1C)CCC3,YYCVYQFOKOFZJE-UHFFFAOYSA-N,8.93,8.93,0.0,8.93,8.93,0.0,1,1,10.1021/jm800656v,2008,2008,2592796,False,0
MAOB_HUMAN_IC50,Human MAO-B,primary,CHEMBL2039,Amine oxidase [flavin-containing] B,Homo sapiens,IC50,CHEMBL109085,Cc1cccc(COc2ccc3c(C)c(C)c(=O)oc3c2)c1,XZZUNARGJTUDCF-UHFFFAOYSA-N,8.92,8.92,0.0,8.92,8.92,0.0,1,1,10.1021/jm060441e,2006,2006,1773844,False,0
MAOB_HUMAN_IC50,Human MAO-B,primary,CHEMBL2039,Amine oxidase [flavin-containing] B,Homo sapiens,IC50,CHEMBL4105601,Cc1c(C#N)c(=O)oc2cc(OCc3ccc(Br)cc3)ccc12,BIGMVPGNLCXHRW-UHFFFAOYSA-N,8.89,8.89,0.0,8.89,8.89,0.0,1,1,10.1016/j.ejmech.2016.09.041,2017,2017,18194996,False,0
MAOB_HUMAN_IC50,Human MAO-B,primary,CHEMBL2039,Amine oxidase [flavin-containing] B,Homo sapiens,IC50,CHEMBL1777845,COc1ccc(-c2cc3cc(Br)cc(OC)c3oc2=O)cc1,LGFYJOGTQYJEMT-UHFFFAOYSA-N,8.87,8.87,0.0,8.87,8.87,0.0,1,1,10.1016/j.bmcl.2011.05.074,2011,2011,6260759,False,0
MAOB_HUMAN_IC50,Human MAO-B,primary,CHEMBL2039,Amine oxidase [flavin-containing] B,Homo sapiens,IC50,CHEMBL18966,Cc1ccc(COc2ccc3c(C)c(C)c(=O)oc3c2)cc1,GXFXMBTYRNXLMV-UHFFFAOYSA-N,8.86,8.86,0.0,8.86,8.86,0.0,1,1,10.1021/jm060441e,2006,2006,1773835,False,0
MAOB_HUMAN_IC50,Human MAO-B,primary,CHEMBL2039,Amine oxidase [flavin-containing] B,Homo sapiens,IC50,CHEMBL348922,Cc1c(C)c2ccc(NCc3ccccc3)cc2oc1=O,ZGGFUBONROMQTB-UHFFFAOYSA-N,8.86,8.86,0.0,8.86,8.86,0.0,1,1,10.1021/jm060441e,2006,2006,1773854,False,0
MAOB_HUMAN_IC50,Human MAO-B,primary,CHEMBL2039,Amine oxidase [flavin-containing] B,Homo sapiens,IC50,CHEMBL3121784,C#CCCCCOc1ccc2cc(C(=O)OC)c(=O)oc2c1,BNYXCYFQCSBSKS-UHFFFAOYSA-N,8.85,8.85,0.0,8.85,8.85,0.0,1,1,10.1016/j.bmc.2014.01.046,2014,2014,13935932,False,0
MAOB_HUMAN_IC50,Human MAO-B,primary,CHEMBL2039,Amine oxidase [flavin-containing] B,Homo sapiens,IC50,CHEMBL3121795,COC(=O)c1cc2ccc(OCCc3ccc(Cl)cc3)cc2oc1=O,BCJKVIGAOPGVQV-UHFFFAOYSA-N,8.85,8.85,0.0,8.85,8.85,0.0,1,1,10.1016/j.bmc.2014.01.046,2014,2014,13935921,False,0
MAOB_HUMAN_IC50,Human MAO-B,primary,CHEMBL2039,Amine oxidase [flavin-containing] B,Homo sapiens,IC50,CHEMBL356714,Cc1c(C)c2ccc(OCc3cccc(C#N)c3)cc2oc1=O,KVCCRDOTNLCYNF-UHFFFAOYSA-N,8.85,8.85,0.0,8.85,8.85,0.0,1,1,10.1021/jm060441e,2006,2006,1773837,False,0
MAOB_HUMAN_IC50,Human MAO-B,primary,CHEMBL2039,Amine oxidase [flavin-containing] B,Homo sapiens,IC50,CHEMBL470226,CS(=O)(=O)c1ccc(NC(=O)c2cc3ccccc3oc2=O)cc1,QJBHODZBXYTRMA-UHFFFAOYSA-N,8.85,8.85,0.0,8.85,8.85,0.0,1,1,10.1021/jm801496u,2009,2009,2411347,False,0
MAOB_HUMAN_IC50,Human MAO-B,primary,CHEMBL2039,Amine oxidase [flavin-containing] B,Homo sapiens,IC50,CHEMBL487235,C=C(Br)COc1ccc2c(oc(=O)c3ccccc32)c1C,GGTNLZBSSNHXRY-UHFFFAOYSA-N,8.83,8.83,0.0,8.83,8.83,0.0,1,1,10.1021/jm800656v,2008,2008,2592792,False,0
MAOB_HUMAN_IC50,Human MAO-B,primary,CHEMBL2039,Amine oxidase [flavin-containing] B,Homo sapiens,IC50,CHEMBL1835224,COc1ccc2oc(=O)c(-c3ccc(C)cc3)cc2c1,DGCAQQRTNOKFHK-UHFFFAOYSA-N,8.82,8.82,0.0,8.82,8.82,0.0,1,1,10.1021/jm200716y,2011,2011,6383781,False,0
MAOB_HUMAN_IC50,Human MAO-B,primary,CHEMBL2039,Amine oxidase [flavin-containing] B,Homo sapiens,IC50,CHEMBL276076,Cc1c(C)c2ccc(OCc3ccc(F)cc3)cc2oc1=O,QHRPUOKUBRYYKI-UHFFFAOYSA-N,8.81,8.81,0.0,8.81,8.81,0.0,1,1,10.1021/jm060441e,2006,2006,1773834,False,0
MAOB_HUMAN_IC50,Human MAO-B,primary,CHEMBL2039,Amine oxidase [flavin-containing] B,Homo sapiens,IC50,CHEMBL357614,Cc1c(C)c2ccc(OCc3c(F)c(F)c(F)c(F)c3F)cc2oc1=O,BRERGZBXULHYOT-UHFFFAOYSA-N,8.79,8.79,0.0,8.79,8.79,0.0,1,1,10.1021/jm060441e,2006,2006,1773830,False,0
MAOB_HUMAN_IC50,Human MAO-B,primary,CHEMBL2039,Amine oxidase [flavin-containing] B,Homo sapiens,IC50,CHEMBL111310,COc1cccc(COc2ccc3c(C)c(C)c(=O)oc3c2)c1,LRYCEYYGXGCVJT-UHFFFAOYSA-N,8.78,8.78,0.0,8.78,8.78,0.0,1,1,10.1021/jm060441e,2006,2006,1773843,False,0
MAOB_HUMAN_IC50,Human MAO-B,primary,CHEMBL2039,Amine oxidase [flavin-containing] B,Homo sapiens,IC50,CHEMBL108660,Cc1cc(=O)oc2cc(OCc3ccccc3)ccc12,RTORNQDWFDEDPT-UHFFFAOYSA-N,8.75,8.75,0.07071067811865576,8.7,8.8,0.10000000000000142,2,2,10.1016/j.ejmech.2016.09.041; 10.1021/jm060441e,2006,2017,1773858; 18194963,False,1
MAOB_HUMAN_IC50,Human MAO-B,primary,CHEMBL2039,Amine oxidase [flavin-containing] B,Homo sapiens,IC50,CHEMBL146222,O=c1oc2cc(OCc3ccccc3)ccc2c2c1CCCC2,RMBDGDFCQUTEBF-UHFFFAOYSA-N,8.75,8.75,0.0,8.75,8.75,0.0,1,1,10.1021/jm060441e,2006,2006,1773852,False,0
MAOB_HUMAN_IC50,Human MAO-B,primary,CHEMBL2039,Amine oxidase [flavin-containing] B,Homo sapiens,IC50,CHEMBL4095676,Cc1c(C#N)c(=O)oc2cc(OCc3ccccc3)ccc12,ZHMXKSBYYQERTH-UHFFFAOYSA-N,8.72,8.72,0.0,8.72,8.72,0.0,1,1,10.1016/j.ejmech.2016.09.041,2017,2017,18194961,False,0
MAOB_HUMAN_IC50,Human MAO-B,primary,CHEMBL2039,Amine oxidase [flavin-containing] B,Homo sapiens,IC50,CHEMBL342327,Cc1c(C)c2ccc(OCc3ccccc3C#N)cc2oc1=O,QETCJXAGEMNSOG-UHFFFAOYSA-N,8.71,8.71,0.0,8.71,8.71,0.0,1,1,10.1021/jm060441e,2006,2006,1773845,False,0
MAOB_HUMAN_IC50,Human MAO-B,primary,CHEMBL2039,Amine oxidase [flavin-containing] B,Homo sapiens,IC50,CHEMBL4094745,Cc1c(Cl)c(=O)oc2cc(OCc3ccccc3)ccc12,FLISBXSFDOEMCC-UHFFFAOYSA-N,8.68,8.68,0.0,8.68,8.68,0.0,1,1,10.1016/j.ejmech.2016.09.041,2017,2017,18194962,False,0
MAOB_HUMAN_IC50,Human MAO-B,primary,CHEMBL2039,Amine oxidase [flavin-containing] B,Homo sapiens,IC50,CHEMBL108697,Cc1c(C)c2ccc(OCc3cccc(F)c3)cc2oc1=O,XGJZBERLEOSMIT-UHFFFAOYSA-N,8.67,8.67,0.5232590180780441,8.3,9.04,0.7399999999999984,2,2,10.1016/j.bmc.2016.09.050; 10.1021/jm060441e,2006,2016,16766892; 1773840,False,1
MAOB_HUMAN_IC50,Human MAO-B,primary,CHEMBL2039,Amine oxidase [flavin-containing] B,Homo sapiens,IC50,CHEMBL4082300,Cc1c(C#N)c(=O)oc2cc(OCc3ccc(F)cc3)ccc12,ZRFZWVIKCJMDRW-UHFFFAOYSA-N,8.66,8.66,0.0,8.66,8.66,0.0,1,1,10.1016/j.ejmech.2016.09.041,2017,2017,18194998,False,0
MAOB_HUMAN_IC50,Human MAO-B,primary,CHEMBL2039,Amine oxidase [flavin-containing] B,Homo sapiens,IC50,CHEMBL145792,Cc1c(C)c2ccc(OCc3ccc(C#N)cc3)cc2oc1=O,DKTHHEPEMVDINA-UHFFFAOYSA-N,8.63,8.63,0.0,8.63,8.63,0.0,1,1,10.1021/jm060441e,2006,2006,1773832,False,0
MAOB_HUMAN_IC50,Human MAO-B,primary,CHEMBL2039,Amine oxidase [flavin-containing] B,Homo sapiens,IC50,CHEMBL3121790,C#CCCCCOc1ccc2ccc(=O)oc2c1,DELPHQSATGCEPA-UHFFFAOYSA-N,8.58,8.58,0.0,8.58,8.58,0.0,1,1,10.1016/j.bmc.2014.01.046,2014,2014,13935926,False,0
MAOB_HUMAN_IC50,Human MAO-B,primary,CHEMBL2039,Amine oxidase [flavin-containing] B,Homo sapiens,IC50,CHEMBL109018,Cc1c(C)c2ccc(OCc3cccc(Cl)c3)cc2oc1=O,QYAGHNCHSVGMMO-UHFFFAOYSA-N,8.575,8.575,0.1343502884254437,8.48,8.67,0.1899999999999995,2,2,10.1021/jm060441e; 10.1021/jm7009364,2006,2008,1773839; 2077437,False,1
MAOB_HUMAN_IC50,Human MAO-B,primary,CHEMBL2039,Amine oxidase [flavin-containing] B,Homo sapiens,IC50,CHEMBL1835230,COc1ccc(-c2cc3cc(C)ccc3oc2=O)cc1OC,YTRDYTYOUZRVHZ-UHFFFAOYSA-N,8.56,8.56,0.0,8.56,8.56,0.0,1,1,10.1021/jm200716y,2011,2011,6383791,False,0
MAOB_HUMAN_IC50,Human MAO-B,primary,CHEMBL2039,Amine oxidase [flavin-containing] B,Homo sapiens,IC50,CHEMBL3121792,C#CCCCCOc1ccc2cc(-c3ccc(OC)cc3)c(=O)oc2c1,UNIGFONODZDSDA-UHFFFAOYSA-N,8.53,8.53,0.0,8.53,8.53,0.0,1,1,10.1016/j.bmc.2014.01.046,2014,2014,13935924,False,0
MAOB_HUMAN_IC50,Human MAO-B,primary,CHEMBL2039,Amine oxidase [flavin-containing] B,Homo sapiens,IC50,CHEMBL274030,Cc1c(C)c2ccc(OCc3ccc(Cl)cc3)cc2oc1=O,LVUUTOUXLZZNQA-UHFFFAOYSA-N,8.51,8.51,0.4525483399593908,8.19,8.83,0.6400000000000006,2,2,10.1016/j.bmc.2016.09.050; 10.1021/jm060441e,2006,2016,16766893; 1773833,False,1
MAOB_HUMAN_IC50,Human MAO-B,primary,CHEMBL2039,Amine oxidase [flavin-containing] B,Homo sapiens,IC50,CHEMBL145503,Cc1cc(=O)oc2cc(OCc3cccc([N+](=O)[O-])c3)ccc12,AFDMKZBWSPXVRV-UHFFFAOYSA-N,8.49,8.49,0.0,8.49,8.49,0.0,1,1,10.1021/jm060441e,2006,2006,1773857,False,0
MAOB_HUMAN_IC50,Human MAO-B,primary,CHEMBL2039,Amine oxidase [flavin-containing] B,Homo sapiens,IC50,CHEMBL1830829,NNC(=O)c1cc2ccccc2oc1=O,CYBJAPNIFNGQQR-UHFFFAOYSA-N,8.49,8.49,0.0,8.49,8.49,0.0,1,1,10.1016/j.ejmech.2011.07.017,2011,2011,6361466,False,0
MAOB_HUMAN_IC50,Human MAO-B,primary,CHEMBL2039,Amine oxidase [flavin-containing] B,Homo sapiens,IC50,CHEMBL1835232,COc1cc(-c2cc3cc(C)ccc3oc2=O)ccc1Br,DKIKMZJXGNQTBN-UHFFFAOYSA-N,8.49,8.49,0.0,8.49,8.49,0.0,1,1,10.1021/jm200716y,2011,2011,6383794,False,0
MAOB_HUMAN_IC50,Human MAO-B,primary,CHEMBL2039,Amine oxidase [flavin-containing] B,Homo sapiens,IC50,CHEMBL145003,Cc1c(C)c2ccc(OCc3cccc(OC(F)(F)F)c3)cc2oc1=O,NNYJYLXVTQSZGF-UHFFFAOYSA-N,8.44,8.44,0.0,8.44,8.44,0.0,1,1,10.1021/jm060441e,2006,2006,1773842,False,0
MAOB_HUMAN_IC50,Human MAO-B,primary,CHEMBL2039,Amine oxidase [flavin-containing] B,Homo sapiens,IC50,CHEMBL145781,O=c1ccc2ccc(OCc3ccccc3)cc2o1,QDLFCBKKECTJSK-UHFFFAOYSA-N,8.42,8.536666666666667,0.20207259421636883,8.42,8.77,0.34999999999999964,3,3,10.1016/j.ejmech.2016.09.041; 10.1021/acs.jmedchem.4c00045; 10.1021/jm060441e,2006,2024,1773799; 18194964; 25934224,False,1
MAOB_HUMAN_IC50,Human MAO-B,primary,CHEMBL2039,Amine oxidase [flavin-containing] B,Homo sapiens,IC50,CHEMBL142916,Cc1c(C)c2cc(O)c(OCc3ccccc3)cc2oc1=O,ANQNIWQPMNBAFV-UHFFFAOYSA-N,8.41,8.41,0.0,8.41,8.41,0.0,1,1,10.1021/jm060441e,2006,2006,1773848,False,0
MAOB_HUMAN_IC50,Human MAO-B,primary,CHEMBL2039,Amine oxidase [flavin-containing] B,Homo sapiens,IC50,CHEMBL2019154,COc1ccc(-c2cc3cc(Cl)ccc3oc2=O)cc1,ZDRGCZDAIUIDRB-UHFFFAOYSA-N,8.4,8.4,0.0,8.4,8.4,0.0,1,1,10.1016/j.ejmech.2022.114655,2022,2022,25577915,False,0
MAOB_HUMAN_IC50,Human MAO-B,primary,CHEMBL2039,Amine oxidase [flavin-containing] B,Homo sapiens,IC50,CHEMBL3360735,Cc1ccc2oc(=O)c(-c3ccc(N)cc3)cc2c1,ZZAMGYGTJZMFKR-UHFFFAOYSA-N,8.39,8.39,0.0,8.39,8.39,0.0,1,1,10.1016/j.bmcl.2014.12.001,2015,2015,14993863,False,0
MAOB_HUMAN_IC50,Human MAO-B,primary,CHEMBL2039,Amine oxidase [flavin-containing] B,Homo sapiens,IC50,CHEMBL143555,Cc1c(C)c2ccc(OCc3cccc(C(F)(F)F)c3)cc2oc1=O,LDMBQQOMIBXVPL-UHFFFAOYSA-N,8.37,8.37,0.0,8.37,8.37,0.0,1,1,10.1021/jm060441e,2006,2006,1773838,False,0
MAOB_HUMAN_IC50,Human MAO-B,primary,CHEMBL2039,Amine oxidase [flavin-containing] B,Homo sapiens,IC50,CHEMBL494798,Cc1ccc2oc(=O)c(C(=O)Nc3cccc(Cl)c3)cc2c1,OOLBPPCJUQNAAW-UHFFFAOYSA-N,8.29,8.29,0.0,8.29,8.29,0.0,1,1,10.1021/acs.jmedchem.7b00918,2017,2017,18187109,False,0
MAOB_HUMAN_IC50,Human MAO-B,primary,CHEMBL2039,Amine oxidase [flavin-containing] B,Homo sapiens,IC50,CHEMBL3586611,CN(Cc1ccc(C#N)cc1)Cc1ccc(COc2ccc3c(CO)cc(=O)oc3c2)cc1.Cl,KADAYTHXZKIGHM-UHFFFAOYSA-N,8.24,8.24,0.0,8.24,8.24,0.0,1,1,10.1021/acs.jmedchem.5b00599,2015,2015,15625526,False,0
MAOB_HUMAN_IC50,Human MAO-B,primary,CHEMBL2039,Amine oxidase [flavin-containing] B,Homo sapiens,IC50,CHEMBL3360731,Cc1ccc2oc(=O)c(-c3cccc([N+](=O)[O-])c3)cc2c1,QHMFVFSWIUVIKQ-UHFFFAOYSA-N,8.22,8.22,0.0,8.22,8.22,0.0,1,1,10.1016/j.bmcl.2014.12.001,2015,2015,14993859,False,0
MAOB_HUMAN_IC50,Human MAO-B,primary,CHEMBL2039,Amine oxidase [flavin-containing] B,Homo sapiens,IC50,CHEMBL4076698,COc1ccc2oc(=O)c(C(=O)Nc3ccccc3)cc2c1,LZSBQLYXKMMEIL-UHFFFAOYSA-N,8.22,8.22,0.0,8.22,8.22,0.0,1,1,10.1021/acs.jmedchem.7b00918,2017,2017,18187115,False,0
MAOB_HUMAN_IC50,Human MAO-B,primary,CHEMBL2039,Amine oxidase [flavin-containing] B,Homo sapiens,IC50,CHEMBL5583585,Cc1c(Cl)c(=O)oc2cc(OCc3ccc(S(N)(=O)=O)cc3)ccc12,SLRCWYQROAXBEJ-UHFFFAOYSA-N,8.17,8.17,0.0,8.17,8.17,0.0,1,1,10.1021/acs.jmedchem.4c00045,2024,2024,25934253,False,0
MAOB_HUMAN_IC50,Human MAO-B,primary,CHEMBL2039,Amine oxidase [flavin-containing] B,Homo sapiens,IC50,CHEMBL1830814,CCOC(=O)c1cc2ccc(OCc3ccccc3)cc2oc1=O,WQSSRBWZKQNHOE-UHFFFAOYSA-N,8.15,8.15,0.0,8.15,8.15,0.0,1,1,10.1016/j.ejmech.2011.07.017,2011,2011,6361465,False,0
MAOB_HUMAN_IC50,Human MAO-B,primary,CHEMBL2039,Amine oxidase [flavin-containing] B,Homo sapiens,IC50,CHEMBL5565316,Cc1cc2ccc(OCc3ccc(S(N)(=O)=O)cc3)cc2oc1=O,KDMKQNJDFWYSKD-UHFFFAOYSA-N,8.15,8.15,0.0,8.15,8.15,0.0,1,1,10.1021/acs.jmedchem.4c00045,2024,2024,25934268,False,0
MAOB_HUMAN_IC50,Human MAO-B,primary,CHEMBL2039,Amine oxidase [flavin-containing] B,Homo sapiens,IC50,CHEMBL494808,Cc1cccc(NC(=O)c2cc3cc(C)ccc3oc2=O)c1,BYMDGQZMHMAQIC-UHFFFAOYSA-N,8.12,8.12,0.0,8.12,8.12,0.0,1,1,10.1021/acs.jmedchem.7b00918,2017,2017,18187110,False,0
MAOB_HUMAN_IC50,Human MAO-B,primary,CHEMBL2039,Amine oxidase [flavin-containing] B,Homo sapiens,IC50,CHEMBL439811,CC(=O)Nc1cccc(COc2ccc3c(C)c(C)c(=O)oc3c2)c1,ASJMGIDIRXYFDQ-UHFFFAOYSA-N,8.1,8.1,0.0,8.1,8.1,0.0,1,1,10.1021/jm060441e,2006,2006,1773841,False,0
MAOB_HUMAN_IC50,Human MAO-B,primary,CHEMBL2039,Amine oxidase [flavin-containing] B,Homo sapiens,IC50,CHEMBL5571218,NS(=O)(=O)c1ccc(COc2ccc3c(CO)cc(=O)oc3c2)cc1,RPXIWRKRGGGCJD-UHFFFAOYSA-N,8.1,8.1,0.0,8.1,8.1,0.0,1,1,10.1021/acs.jmedchem.4c00045,2024,2024,25934274,False,0
MAOB_HUMAN_IC50,Human MAO-B,primary,CHEMBL2039,Amine oxidase [flavin-containing] B,Homo sapiens,IC50,CHEMBL5082824,CN(CCCC(F)F)Cc1ccc(COc2ccc3c(CO)cc(=O)oc3c2)cc1,HUXCCRUQLRWJNF-UHFFFAOYSA-N,8.09,8.09,0.0,8.09,8.09,0.0,1,1,10.1021/acs.jmedchem.1c01784,2022,2022,24422251,False,0
MAOB_HUMAN_IC50,Human MAO-B,primary,CHEMBL2039,Amine oxidase [flavin-containing] B,Homo sapiens,IC50,CHEMBL142738,Cc1c(C)c2ccc(NC(=O)c3ccccc3)cc2oc1=O,OEUPIRRYTCNQRS-UHFFFAOYSA-N,8.06,8.06,0.0,8.06,8.06,0.0,1,1,10.1021/jm060441e,2006,2006,1771944,False,0
MAOB_HUMAN_IC50,Human MAO-B,primary,CHEMBL2039,Amine oxidase [flavin-containing] B,Homo sapiens,IC50,CHEMBL1783715,COc1cc(OC)cc(-c2cc3cc(C)ccc3oc2=O)c1,ZFSYKJRFFGNQCV-UHFFFAOYSA-N,8.05,8.05,0.0,8.05,8.05,0.0,2,2,10.1016/j.bmcl.2009.04.085; 10.1021/jm200716y,2009,2011,6220082; 6383790,False,1
MAOB_HUMAN_IC50,Human MAO-B,primary,CHEMBL2039,Amine oxidase [flavin-containing] B,Homo sapiens,IC50,CHEMBL5279129,Cc1c(Cl)c(=O)oc2cc(OCCCCS(=S)N3CCCCC3C)ccc12,OPVUXFRALPSJKT-UHFFFAOYSA-N,8.05,8.05,0.0,8.05,8.05,0.0,1,1,10.1016/j.ejmech.2020.112787,2020,2020,24995647,False,0
MAOB_HUMAN_IC50,Human MAO-B,primary,CHEMBL2039,Amine oxidase [flavin-containing] B,Homo sapiens,IC50,CHEMBL4080704,COc1ccc2oc(=O)c(C(=O)Nc3cccc(Cl)c3)cc2c1,KALLMFKCLAJULE-UHFFFAOYSA-N,8.04,8.04,0.0,8.04,8.04,0.0,1,1,10.1021/acs.jmedchem.7b00918,2017,2017,18187117,False,0
MAOB_HUMAN_IC50,Human MAO-B,primary,CHEMBL2039,Amine oxidase [flavin-containing] B,Homo sapiens,IC50,CHEMBL5566534,NS(=O)(=O)c1ccc(COc2ccc3ccc(=O)oc3c2)cc1,PJSAGAAMVQKOJV-UHFFFAOYSA-N,8.04,8.04,0.0,8.04,8.04,0.0,1,1,10.1021/acs.jmedchem.4c00045,2024,2024,25934251,False,0
MAOB_HUMAN_IC50,Human MAO-B,primary,CHEMBL2039,Amine oxidase [flavin-containing] B,Homo sapiens,IC50,CHEMBL1830817,CCOC(=O)c1cc2ccc(OCc3ccc(Cl)c(Cl)c3)cc2oc1=O,PNMRHZKVPAGIBX-UHFFFAOYSA-N,8.02,8.02,0.0,8.02,8.02,0.0,1,1,10.1016/j.ejmech.2011.07.017,2011,2011,6361467,False,0
MAOB_HUMAN_IC50,Human MAO-B,primary,CHEMBL2039,Amine oxidase [flavin-containing] B,Homo sapiens,IC50,CHEMBL2376508,O=C(Cl)c1cc2cc(Cl)ccc2oc1=O,RLMRYRFPMMGSAT-UHFFFAOYSA-N,8.0,8.0,0.0,8.0,8.0,0.0,1,1,10.1016/j.bmc.2013.02.017,2013,2013,13281002,False,0
MAOB_HUMAN_IC50,Human MAO-B,primary,CHEMBL2039,Amine oxidase [flavin-containing] B,Homo sapiens,IC50,CHEMBL3586608,CN(Cc1ccccc1)Cc1ccc(COc2ccc3c(CO)cc(=O)oc3c2)cc1.Cl,BNTJFASFUKYXFU-UHFFFAOYSA-N,8.0,8.0,0.0,8.0,8.0,0.0,2,2,10.1021/acs.jmedchem.5b00599; 10.1021/acsmedchemlett.2c00001,2015,2022,15625524; 24804528,False,1
MAOB_HUMAN_IC50,Human MAO-B,primary,CHEMBL2039,Amine oxidase [flavin-containing] B,Homo sapiens,IC50,CHEMBL3586771,CN(Cc1ccccc1)Cc1ccc(COc2ccc3c(CO)cc(=O)oc3c2)cc1,RTJRBYKZQSYWCM-UHFFFAOYSA-N,8.0,8.0,0.0,8.0,8.0,0.0,2,2,10.1016/j.ejmech.2024.116511; 10.1021/acs.jmedchem.1c01784,2022,2024,24422253; 25998568,False,1
MAOB_HUMAN_IC50,Human MAO-B,primary,CHEMBL2039,Amine oxidase [flavin-containing] B,Homo sapiens,IC50,CHEMBL5090153,CN(Cc1ccc(COc2ccc3c(CO)cc(=O)oc3c2)cc1)Cc1cccc(F)c1,QLJQCJJMXAPXRX-UHFFFAOYSA-N,8.0,8.0,0.0,8.0,8.0,0.0,1,1,10.1021/acs.jmedchem.1c01784,2022,2022,24422252,False,0
MAOB_HUMAN_IC50,Human MAO-B,primary,CHEMBL2039,Amine oxidase [flavin-containing] B,Homo sapiens,IC50,CHEMBL5283267,O=c1oc2ccc(Cl)cc2cc1Cl,OLZBHTKLBLETSU-UHFFFAOYSA-N,8.0,8.0,0.0,8.0,8.0,0.0,1,1,10.1016/j.ejmech.2018.01.003,2018,2018,25040003,False,0
MAOB_HUMAN_IC50,Human MAO-B,primary,CHEMBL2039,Amine oxidase [flavin-containing] B,Homo sapiens,IC50,CHEMBL4870855,O=C(Nc1cccc(Cl)c1)c1cc2ccccc2oc1=O,HIAOLTCVCGLFPP-UHFFFAOYSA-N,7.99,7.99,0.0,7.99,7.99,0.0,1,1,10.1021/acs.jmedchem.1c00510,2021,2021,23149883,False,0
MAOB_HUMAN_IC50,Human MAO-B,primary,CHEMBL2039,Amine oxidase [flavin-containing] B,Homo sapiens,IC50,CHEMBL494800,Cc1ccc2oc(=O)c(C(=O)Nc3ccc(Cl)cc3)cc2c1,KLSTVAQJRQHMEW-UHFFFAOYSA-N,7.96,7.96,0.0,7.96,7.96,0.0,1,1,10.1021/acs.jmedchem.7b00918,2017,2017,18187106,False,0
MAOB_HUMAN_IC50,Human MAO-B,primary,CHEMBL2039,Amine oxidase [flavin-containing] B,Homo sapiens,IC50,CHEMBL5568690,Cc1cc(=O)oc2cc(OCc3ccc(S(N)(=O)=O)cc3)ccc12,CVCGIAOEUWSTTJ-UHFFFAOYSA-N,7.95,7.95,0.0,7.95,7.95,0.0,1,1,10.1021/acs.jmedchem.4c00045,2024,2024,25934273,False,0
MAOB_HUMAN_IC50,Human MAO-B,primary,CHEMBL2039,Amine oxidase [flavin-containing] B,Homo sapiens,IC50,CHEMBL5570880,NS(=O)(=O)c1ccc(COc2ccc3c(Cl)cc(=O)oc3c2)cc1,LKVQTROTCQCDLE-UHFFFAOYSA-N,7.95,7.95,0.0,7.95,7.95,0.0,1,1,10.1021/acs.jmedchem.4c00045,2024,2024,25934269,False,0
MAOB_HUMAN_IC50,Human MAO-B,primary,CHEMBL2039,Amine oxidase [flavin-containing] B,Homo sapiens,IC50,CHEMBL3360734,Cc1ccc2oc(=O)c(-c3cccc(N)c3)cc2c1,LGZDIVLUIURHFV-UHFFFAOYSA-N,7.9399999999999995,7.9399999999999995,1.0182337649086288,7.22,8.66,1.4400000000000004,2,2,10.1016/j.bmcl.2014.12.001; 10.1016/j.ejmech.2022.114655,2015,2022,14993862; 25577932,False,1
MAOB_HUMAN_IC50,Human MAO-B,primary,CHEMBL2039,Amine oxidase [flavin-containing] B,Homo sapiens,IC50,CHEMBL5083014,Cc1c(C)c2ccc(OCC3CCCN(Cc4cccc(F)c4)C3)cc2oc1=O,RWXZXJNJQZFMAE-UHFFFAOYSA-N,7.92,7.92,0.0,7.92,7.92,0.0,1,1,10.1021/acs.jmedchem.1c01784,2022,2022,24422242,False,0
MAOB_HUMAN_IC50,Human MAO-B,primary,CHEMBL2039,Amine oxidase [flavin-containing] B,Homo sapiens,IC50,CHEMBL4060398,Cc1c(C#N)c(=O)oc2cc(OCc3ccc(Cl)cc3)ccc12,NPFLYKNCEWYOLO-UHFFFAOYSA-N,7.89,7.89,0.0,7.89,7.89,0.0,1,1,10.1016/j.ejmech.2016.09.041,2017,2017,18194999,False,0
MAOB_HUMAN_IC50,Human MAO-B,primary,CHEMBL2039,Amine oxidase [flavin-containing] B,Homo sapiens,IC50,CHEMBL572233,COc1ccc(-c2cc3cc(C)ccc3oc2=O)cc1,IXPFLPLQVXPBGF-UHFFFAOYSA-N,7.88,7.88,0.0,7.88,7.88,0.0,3,3,10.1016/j.bmcl.2009.04.085; 10.1016/j.bmcl.2009.07.039; 10.1021/jm200716y,2009,2011,3022328; 6220081; 6383788,False,1
MAOB_HUMAN_IC50,Human MAO-B,primary,CHEMBL2039,Amine oxidase [flavin-containing] B,Homo sapiens,IC50,CHEMBL3121862,CC(=O)Nc1cc2ccc(OCc3cccc(Cl)c3)cc2oc1=O,KNTYGFGVLHHOQN-UHFFFAOYSA-N,7.87,7.87,0.0,7.87,7.87,0.0,1,1,10.1016/j.bmc.2014.01.046,2014,2014,13935919,False,0
MAOB_HUMAN_IC50,Human MAO-B,primary,CHEMBL2039,Amine oxidase [flavin-containing] B,Homo sapiens,IC50,CHEMBL522532,Cc1ccc(NC(=O)c2cc3cc(C)ccc3oc2=O)cc1,MFUWDBLYKLNULI-UHFFFAOYSA-N,7.86,7.86,0.0,7.86,7.86,0.0,1,1,10.1021/acs.jmedchem.7b00918,2017,2017,18187107,False,0
MAOB_HUMAN_IC50,Human MAO-B,primary,CHEMBL2039,Amine oxidase [flavin-containing] B,Homo sapiens,IC50,CHEMBL4561787,Cc1c(O)c(=O)ccn1Cc1cc2ccc(OCc3cccc(F)c3)cc2oc1=O,WYIXTTMUIHBYLF-UHFFFAOYSA-N,7.83,7.83,0.0,7.83,7.83,0.0,1,1,10.1016/j.ejmech.2019.07.031,2019,2019,19098404,False,0
MAOB_HUMAN_IC50,Human MAO-B,primary,CHEMBL2039,Amine oxidase [flavin-containing] B,Homo sapiens,IC50,CHEMBL5572513,COc1ccc2cc(C(=O)Nc3ccc(S(N)(=O)=O)cc3F)c(=O)oc2c1,MZFAQSYLCWEJNB-UHFFFAOYSA-N,7.83,7.83,0.0,7.83,7.83,0.0,1,1,10.1021/acs.jmedchem.4c00045,2024,2024,25934246,False,0
MAOB_HUMAN_IC50,Human MAO-B,primary,CHEMBL2039,Amine oxidase [flavin-containing] B,Homo sapiens,IC50,CHEMBL1835229,Cc1cccc(-c2cc3cc(C)ccc3oc2=O)c1,HWTBZWBAPBIUQT-UHFFFAOYSA-N,7.82,7.82,0.0,7.82,7.82,0.0,1,1,10.1021/jm200716y,2011,2011,6383787,False,0
MAOB_HUMAN_IC50,Human MAO-B,primary,CHEMBL2039,Amine oxidase [flavin-containing] B,Homo sapiens,IC50,CHEMBL495466,Cc1ccc2oc(=O)c(C(=O)Nc3ccccc3)cc2c1,JUQDUATUBQVGDN-UHFFFAOYSA-N,7.82,7.82,0.0,7.82,7.82,0.0,1,1,10.1021/acs.jmedchem.7b00918,2017,2017,18187111,False,0
MAOB_HUMAN_IC50,Human MAO-B,primary,CHEMBL2039,Amine oxidase [flavin-containing] B,Homo sapiens,IC50,CHEMBL5590122,CN(Cc1ccc(COc2ccc3c(CO)cc(=O)oc3c2)cc1)Cc1ccsc1,LYPPXRDGIFOZKW-UHFFFAOYSA-N,7.82,7.82,0.0,7.82,7.82,0.0,1,1,10.1016/j.ejmech.2024.116511,2024,2024,25998571,False,0
MAOB_HUMAN_IC50,Human MAO-B,primary,CHEMBL2039,Amine oxidase [flavin-containing] B,Homo sapiens,IC50,CHEMBL18978,Cc1c(C)c2ccc(OS(=O)(=O)c3ccccc3)cc2oc1=O,FMWFBKVHLXWFOF-UHFFFAOYSA-N,7.8,7.8,0.0,7.8,7.8,0.0,1,1,10.1021/jm060441e,2006,2006,1773850,False,0
MAOB_HUMAN_IC50,Human MAO-B,primary,CHEMBL2039,Amine oxidase [flavin-containing] B,Homo sapiens,IC50,CHEMBL1835223,COc1ccc2oc(=O)c(-c3cccc(C)c3)cc2c1,QPPLXIMUBLSEBJ-UHFFFAOYSA-N,7.77,7.77,0.0,7.77,7.77,0.0,1,1,10.1021/jm200716y,2011,2011,6383780,False,0
MAOB_HUMAN_IC50,Human MAO-B,primary,CHEMBL2039,Amine oxidase [flavin-containing] B,Homo sapiens,IC50,CHEMBL3586603,Cc1cc2ccc(OCc3ccc(CN(C)Cc4ccc(C#N)cc4)cc3)cc2oc1=O.Cl,OECSWYUPTUFYRK-UHFFFAOYSA-N,7.77,7.77,0.0,7.77,7.77,0.0,1,1,10.1021/acs.jmedchem.5b00599,2015,2015,15625521,False,0
MAOB_HUMAN_IC50,Human MAO-B,primary,CHEMBL2039,Amine oxidase [flavin-containing] B,Homo sapiens,IC50,CHEMBL5568861,CN(Cc1ccc(COc2ccc3c(CO)cc(=O)oc3c2)cc1)Cc1ccco1,CKSXBOBZGXBJBK-UHFFFAOYSA-N,7.77,7.77,0.0,7.77,7.77,0.0,1,1,10.1016/j.ejmech.2024.116511,2024,2024,25998570,False,0
MAOB_HUMAN_IC50,Human MAO-B,primary,CHEMBL2039,Amine oxidase [flavin-containing] B,Homo sapiens,IC50,CHEMBL83294,O=C(O)c1cc2ccccc2oc1=O,ACMLKANOGIVEPB-UHFFFAOYSA-N,7.76,7.76,0.0,7.76,7.76,0.0,1,1,10.1016/j.bmc.2013.02.017,2013,2013,13281004,False,0
MAOB_HUMAN_IC50,Human MAO-B,primary,CHEMBL2039,Amine oxidase [flavin-containing] B,Homo sapiens,IC50,CHEMBL3586583,CCN(CCCCCCOc1ccc2c(C)c(C)c(=O)oc2c1)Cc1ccccc1.Cl,OBKRRCVVXDEWRI-UHFFFAOYSA-N,7.75,7.75,0.0,7.75,7.75,0.0,1,1,10.1021/acs.jmedchem.5b00599,2015,2015,15625514,False,0
MAOB_HUMAN_IC50,Human MAO-B,primary,CHEMBL2039,Amine oxidase [flavin-containing] B,Homo sapiens,IC50,CHEMBL4069084,Cc1c(C#N)c(=O)oc2cc(OCc3ccc(Br)cc3Br)ccc12,PSULIFZEDNVGKW-UHFFFAOYSA-N,7.75,7.75,0.0,7.75,7.75,0.0,1,1,10.1016/j.ejmech.2016.09.041,2017,2017,18195001,False,0
MAOB_HUMAN_IC50,Human MAO-B,primary,CHEMBL2039,Amine oxidase [flavin-containing] B,Homo sapiens,IC50,CHEMBL3121783,C#CCCCOc1ccc2c(C)cc(=O)oc2c1,REPSGCFMBLDAAK-UHFFFAOYSA-N,7.74,7.74,0.0,7.74,7.74,0.0,1,1,10.1016/j.bmc.2014.01.046,2014,2014,13935933,False,0
MAOB_HUMAN_IC50,Human MAO-B,primary,CHEMBL2039,Amine oxidase [flavin-containing] B,Homo sapiens,IC50,CHEMBL4089520,COc1ccc2oc(=O)c(C(=O)Nc3ccc(Cl)cc3)cc2c1,DUVYZLKIWPLPKD-UHFFFAOYSA-N,7.72,7.72,0.0,7.72,7.72,0.0,1,1,10.1021/acs.jmedchem.7b00918,2017,2017,18187120,False,0
MAOB_HUMAN_IC50,Human MAO-B,primary,CHEMBL2039,Amine oxidase [flavin-containing] B,Homo sapiens,IC50,CHEMBL5563417,CN(CCc1cccs1)Cc1ccc(COc2ccc3c(CO)cc(=O)oc3c2)cc1,TVPDNFHCRMZOCS-UHFFFAOYSA-N,7.72,7.72,0.0,7.72,7.72,0.0,1,1,10.1016/j.ejmech.2024.116511,2024,2024,25998578,False,0
MAOB_HUMAN_IC50,Human MAO-B,primary,CHEMBL2039,Amine oxidase [flavin-containing] B,Homo sapiens,IC50,CHEMBL5591982,CN(Cc1ccc(COc2ccc3c(CO)cc(=O)oc3c2)cc1)Cc1cscn1,ADEQUHXOUYZXBF-UHFFFAOYSA-N,7.72,7.72,0.0,7.72,7.72,0.0,1,1,10.1016/j.ejmech.2024.116511,2024,2024,25998574,False,0
MAOB_HUMAN_IC50,Human MAO-B,primary,CHEMBL2039,Amine oxidase [flavin-containing] B,Homo sapiens,IC50,CHEMBL577123,Cc1ccc2oc(=O)c(C(=O)O)cc2c1,FJICLQQBBFWGMZ-UHFFFAOYSA-N,7.72,7.72,0.0,7.72,7.72,0.0,1,1,10.1016/j.bmc.2013.02.017,2013,2013,13281003,False,0
MAOB_HUMAN_IC50,Human MAO-B,primary,CHEMBL2039,Amine oxidase [flavin-containing] B,Homo sapiens,IC50,CHEMBL3113638,O=C(O)c1cc2cc([N+](=O)[O-])ccc2oc1=O,VZOCWMKJXRWWFI-UHFFFAOYSA-N,7.71,7.71,0.0,7.71,7.71,0.0,1,1,10.1016/j.ejmech.2013.11.035,2014,2014,13920877,False,0
MAOB_HUMAN_IC50,Human MAO-B,primary,CHEMBL2039,Amine oxidase [flavin-containing] B,Homo sapiens,IC50,CHEMBL4099648,COc1ccc2oc(=O)c(C(=O)Nc3ccc(C)cc3)cc2c1,PIWXZDIUQQTIOO-UHFFFAOYSA-N,7.71,7.71,0.0,7.71,7.71,0.0,1,1,10.1021/acs.jmedchem.7b00918,2017,2017,18187119,False,0
MAOB_HUMAN_IC50,Human MAO-B,primary,CHEMBL2039,Amine oxidase [flavin-containing] B,Homo sapiens,IC50,CHEMBL5569594,CN(CCc1ccsc1)Cc1ccc(COc2ccc3c(CO)cc(=O)oc3c2)cc1,LTYPAYZWLRWYFM-UHFFFAOYSA-N,7.7,7.7,0.0,7.7,7.7,0.0,1,1,10.1016/j.ejmech.2024.116511,2024,2024,25998579,False,0
MAOB_HUMAN_IC50,Human MAO-B,primary,CHEMBL2039,Amine oxidase [flavin-containing] B,Homo sapiens,IC50,CHEMBL5565956,CN(Cc1ccc(COc2ccc3c(CO)cc(=O)oc3c2)cc1)Cc1cccnc1,JQXGILULPQSOFX-UHFFFAOYSA-N,7.68,7.68,0.0,7.68,7.68,0.0,1,1,10.1016/j.ejmech.2024.116511,2024,2024,25998575,False,0
MAOB_HUMAN_IC50,Human MAO-B,primary,CHEMBL2039,Amine oxidase [flavin-containing] B,Homo sapiens,IC50,CHEMBL1830818,CCOC(=O)c1cc2ccc(OC3CCCCCC3)cc2oc1=O,NJYUFSPLSXCNJO-UHFFFAOYSA-N,7.67,7.67,0.0,7.67,7.67,0.0,1,1,10.1016/j.ejmech.2011.07.017,2011,2011,6361469,False,0
MAOB_HUMAN_IC50,Human MAO-B,primary,CHEMBL2039,Amine oxidase [flavin-containing] B,Homo sapiens,IC50,CHEMBL5595836,CN(Cc1ccc(COc2ccc3c(CO)cc(=O)oc3c2)cc1)Cc1ncc[nH]1,MPSZWZSOPBDXOR-UHFFFAOYSA-N,7.66,7.66,0.0,7.66,7.66,0.0,1,1,10.1016/j.ejmech.2024.116511,2024,2024,25998572,False,0
MAOB_HUMAN_IC50,Human MAO-B,primary,CHEMBL2039,Amine oxidase [flavin-containing] B,Homo sapiens,IC50,CHEMBL3586605,Cc1c(C)c2ccc(OCc3ccc(CN(C)Cc4ccc(C#N)cc4)cc3)cc2oc1=O.Cl,ZTBZKZXWTJGUGV-UHFFFAOYSA-N,7.62,7.62,0.0,7.62,7.62,0.0,1,1,10.1021/acs.jmedchem.5b00599,2015,2015,15625523,False,0
MAOB_HUMAN_IC50,Human MAO-B,primary,CHEMBL2039,Amine oxidase [flavin-containing] B,Homo sapiens,IC50,CHEMBL3586610,CN(Cc1ccc(COc2ccc3c(CO)cc(=O)oc3c2)cc1)Cc1cccc(Cl)c1.Cl,FZZXGKUKZACCKL-UHFFFAOYSA-N,7.62,7.62,0.0,7.62,7.62,0.0,1,1,10.1021/acs.jmedchem.5b00599,2015,2015,15625525,False,0
MAOB_HUMAN_IC50,Human MAO-B,primary,CHEMBL2039,Amine oxidase [flavin-containing] B,Homo sapiens,IC50,CHEMBL3121789,C#CCCCCOc1ccc2oc(=O)c(NC(C)=O)cc2c1,BWWPPUWUBYHVON-UHFFFAOYSA-N,7.61,7.61,0.0,7.61,7.61,0.0,1,1,10.1016/j.bmc.2014.01.046,2014,2014,13935927,False,0
MAOB_HUMAN_IC50,Human MAO-B,primary,CHEMBL2039,Amine oxidase [flavin-containing] B,Homo sapiens,IC50,CHEMBL4215298,C#CCN(C)CCCCOc1ccc2ccc(=O)oc2c1,QYIDTLNEEJCIJR-UHFFFAOYSA-N,7.57,7.57,0.0,7.57,7.57,0.0,1,1,10.1016/j.ejmech.2017.07.008,2017,2017,18514949,False,0
MAOB_HUMAN_IC50,Human MAO-B,primary,CHEMBL2039,Amine oxidase [flavin-containing] B,Homo sapiens,IC50,CHEMBL333655,CC1(C)OC(/C=C/COc2ccc3ccc(=O)oc3c2)=CC1=O,BAELQMYRLYWOLC-ONEGZZNKSA-N,7.55,7.55,0.0,7.55,7.55,0.0,2,2,10.1016/j.bmc.2013.02.017; 10.1016/s0960-894x(02)00798-9,2002,2013,13281006; 981336,False,1
MAOB_HUMAN_IC50,Human MAO-B,primary,CHEMBL2039,Amine oxidase [flavin-containing] B,Homo sapiens,IC50,CHEMBL3586577,Cc1c(C)c2ccc(OCCCCCNCc3ccccc3)cc2oc1=O.Cl,PYWSNNOUDNPDGL-UHFFFAOYSA-N,7.54,7.54,0.0,7.54,7.54,0.0,1,1,10.1021/acs.jmedchem.5b00599,2015,2015,15625512,False,0
MAOB_HUMAN_IC50,Human MAO-B,primary,CHEMBL2039,Amine oxidase [flavin-containing] B,Homo sapiens,IC50,CHEMBL4456665,Cc1c(C)c2ccc(OCC3CCCN(Cc4ccccc4)C3)cc2oc1=O.Cl,GHBXHJUNRCOQBQ-UHFFFAOYSA-N,7.52,7.52,0.0,7.52,7.52,0.0,2,2,10.1021/acs.jmedchem.6b00562; 10.1021/acsmedchemlett.2c00001,2016,2022,19406945; 24804529,False,1
MAOB_HUMAN_IC50,Human MAO-B,primary,CHEMBL2039,Amine oxidase [flavin-containing] B,Homo sapiens,IC50,CHEMBL4571763,Cc1c(C)c2ccc(OCC3CCCN(Cc4ccccc4)C3)cc2oc1=O,HKIDXMKKZYHFEM-UHFFFAOYSA-N,7.52,7.2459999999999996,0.4872165842825959,6.71,7.64,0.9299999999999997,5,3,10.1021/acs.jmedchem.1c01784; 10.1021/acs.jmedchem.6b00562; 10.1021/acsmedchemlett.2c00001,2016,2022,19406946; 19406947; 24422256; 24804530; 24804531,False,1
MAOB_HUMAN_IC50,Human MAO-B,primary,CHEMBL2039,Amine oxidase [flavin-containing] B,Homo sapiens,IC50,CHEMBL3121794,COC(=O)c1cc2cc(OCc3cccc(Cl)c3)ccc2oc1=O,BFOVVXJCRXPHLJ-UHFFFAOYSA-N,7.5,7.5,0.0,7.5,7.5,0.0,1,1,10.1016/j.bmc.2014.01.046,2014,2014,13935922,False,0
MAOB_HUMAN_IC50,Human MAO-B,primary,CHEMBL2039,Amine oxidase [flavin-containing] B,Homo sapiens,IC50,CHEMBL4580662,Cc1c(C)c2ccc(OCC3CCN(Cc4ccc(CO)cc4)CC3)cc2oc1=O,XRVUZLMXGJXDEZ-UHFFFAOYSA-N,7.475,7.475,0.0919238815542511,7.41,7.54,0.1299999999999999,2,1,10.1016/j.ejmech.2018.10.016,2019,2019,18936909; 18936927,False,1
MAOB_HUMAN_IC50,Human MAO-B,primary,CHEMBL2039,Amine oxidase [flavin-containing] B,Homo sapiens,IC50,CHEMBL4455029,Cc1c(C)c2ccc(OCC3CCCN(Cc4ccc(C#N)cc4)C3)cc2oc1=O,VRRAACLPQFMWKW-UHFFFAOYSA-N,7.47,7.47,0.0,7.47,7.47,0.0,1,1,10.1021/acs.jmedchem.6b00562,2016,2016,19406955,False,0
MAOB_HUMAN_IC50,Human MAO-B,primary,CHEMBL2039,Amine oxidase [flavin-containing] B,Homo sapiens,IC50,CHEMBL5563085,N#Cc1cc2ccc(OCc3ccc(S(N)(=O)=O)cc3)cc2oc1=O,PETOIJBKQCECMT-UHFFFAOYSA-N,7.45,7.45,0.0,7.45,7.45,0.0,1,1,10.1021/acs.jmedchem.4c00045,2024,2024,25934265,False,0
MAOB_HUMAN_IC50,Human MAO-B,primary,CHEMBL2039,Amine oxidase [flavin-containing] B,Homo sapiens,IC50,CHEMBL4447506,Cc1c(C)c2ccc(OCC3CCCN(Cc4cccc(Cl)c4)C3)cc2oc1=O.Cl,DVHSQXOMDRSHCZ-UHFFFAOYSA-N,7.44,7.44,0.0,7.44,7.44,0.0,1,1,10.1021/acs.jmedchem.6b00562,2016,2016,19406948,False,0
MAOB_HUMAN_IC50,Human MAO-B,primary,CHEMBL2039,Amine oxidase [flavin-containing] B,Homo sapiens,IC50,CHEMBL5595332,CN(Cc1ccc(COc2ccc3c(CO)cc(=O)oc3c2)cc1)Cc1cccs1,URCBDSWAOOULBM-UHFFFAOYSA-N,7.44,7.44,0.0,7.44,7.44,0.0,1,1,10.1016/j.ejmech.2024.116511,2024,2024,25998569,False,0
MAOB_HUMAN_IC50,Human MAO-B,primary,CHEMBL2039,Amine oxidase [flavin-containing] B,Homo sapiens,IC50,CHEMBL3586604,Cc1cc(=O)oc2cc(OCc3ccc(CN(C)Cc4ccc(C#N)cc4)cc3)ccc12.Cl,GJCQKTFYCIYRJB-UHFFFAOYSA-N,7.41,7.41,0.0,7.41,7.41,0.0,1,1,10.1021/acs.jmedchem.5b00599,2015,2015,15625522,False,0
MAOB_HUMAN_IC50,Human MAO-B,primary,CHEMBL2039,Amine oxidase [flavin-containing] B,Homo sapiens,IC50,CHEMBL5563449,CN(Cc1ccc(COc2ccc3c(CO)cc(=O)oc3c2)cc1)Cc1cncnc1,STSJHUCWXFKBFA-UHFFFAOYSA-N,7.41,7.41,0.0,7.41,7.41,0.0,1,1,10.1016/j.ejmech.2024.116511,2024,2024,25998577,False,0
MAOB_HUMAN_IC50,Human MAO-B,primary,CHEMBL2039,Amine oxidase [flavin-containing] B,Homo sapiens,IC50,CHEMBL3586592,CN(Cc1ccccc1)Cc1ccc(COc2ccc3ccc(=O)oc3c2)cc1,XOSFOGCCJRNZJO-UHFFFAOYSA-N,7.39,7.39,0.0,7.39,7.39,0.0,1,1,10.1021/acs.jmedchem.5b00599,2015,2015,15625515,False,0
MAOB_HUMAN_IC50,Human MAO-B,primary,CHEMBL2039,Amine oxidase [flavin-containing] B,Homo sapiens,IC50,CHEMBL3121788,C#CCCCCOc1ccc2cc(NC(C)=O)c(=O)oc2c1,XRCONYIDVYDCMZ-UHFFFAOYSA-N,7.38,7.38,0.0,7.38,7.38,0.0,1,1,10.1016/j.bmc.2014.01.046,2014,2014,13935928,False,0
MAOB_HUMAN_IC50,Human MAO-B,primary,CHEMBL2039,Amine oxidase [flavin-containing] B,Homo sapiens,IC50,CHEMBL3360732,Cc1ccc2oc(=O)c(-c3ccc([N+](=O)[O-])cc3)cc2c1,XGJDMHWEDXLYCE-UHFFFAOYSA-N,7.375,7.375,1.8455486988968888,6.07,8.68,2.6099999999999994,2,2,10.1016/j.bmcl.2014.12.001; 10.1016/j.ejmech.2022.114655,2015,2022,14993860; 25577922,False,1
MAOB_HUMAN_IC50,Human MAO-B,primary,CHEMBL2039,Amine oxidase [flavin-containing] B,Homo sapiens,IC50,CHEMBL3121781,C#CCCCOc1ccc2cc(NC(C)=O)c(=O)oc2c1,CRDZWWWAYLKDRN-UHFFFAOYSA-N,7.36,7.36,0.0,7.36,7.36,0.0,1,1,10.1016/j.bmc.2014.01.046,2014,2014,13935935,False,0
MAOB_HUMAN_IC50,Human MAO-B,primary,CHEMBL2039,Amine oxidase [flavin-containing] B,Homo sapiens,IC50,CHEMBL2376885,O=C(Nc1cc2ccccc2oc1=O)OCc1ccccc1,NKZOGSNXAOKDMO-UHFFFAOYSA-N,7.35,7.35,0.0,7.35,7.35,0.0,1,1,10.1016/j.ejmech.2013.02.009,2013,2013,13279594,False,0
MAOB_HUMAN_IC50,Human MAO-B,primary,CHEMBL2039,Amine oxidase [flavin-containing] B,Homo sapiens,IC50,CHEMBL3586602,CN(Cc1ccc(C#N)cc1)Cc1ccc(COc2ccc3ccc(=O)oc3c2)cc1.Cl,PLZFVBYBEXHETN-UHFFFAOYSA-N,7.35,7.35,0.0,7.35,7.35,0.0,1,1,10.1021/acs.jmedchem.5b00599,2015,2015,15625520,False,0
MAOB_HUMAN_IC50,Human MAO-B,primary,CHEMBL2039,Amine oxidase [flavin-containing] B,Homo sapiens,IC50,CHEMBL1761762,COc1ccc2cc(-c3c[nH]c4ccccc34)c(=O)oc2c1,SFSKAYKRXSWNTD-UHFFFAOYSA-N,7.34,7.34,0.0,7.34,7.34,0.0,1,1,10.1016/j.ejmech.2011.01.033,2011,2011,6153446,False,0
MAOB_HUMAN_IC50,Human MAO-B,primary,CHEMBL2039,Amine oxidase [flavin-containing] B,Homo sapiens,IC50,CHEMBL4074339,Cc1ccc2oc(=O)c(C(=O)Nc3cccc(O)c3)cc2c1,GEYFJJNBFTTWCR-UHFFFAOYSA-N,7.34,7.34,0.0,7.34,7.34,0.0,1,1,10.1021/acs.jmedchem.7b00918,2017,2017,18187108,False,0
MAOB_HUMAN_IC50,Human MAO-B,primary,CHEMBL2039,Amine oxidase [flavin-containing] B,Homo sapiens,IC50,CHEMBL1598233,COc1ccc2oc(=O)c(C(=O)Nc3cccc(C)c3)cc2c1,QXRIOBASZHWHAB-UHFFFAOYSA-N,7.33,7.33,0.0,7.33,7.33,0.0,1,1,10.1021/acs.jmedchem.7b00918,2017,2017,18187116,False,0
MAOB_HUMAN_IC50,Human MAO-B,primary,CHEMBL2039,Amine oxidase [flavin-containing] B,Homo sapiens,IC50,CHEMBL4446787,Cc1c(C)c2ccc(OCC3CCCN(Cc4ccc(Cl)cc4)C3)cc2oc1=O.Cl,YWUJHMBDKFPLCN-UHFFFAOYSA-N,7.3,7.3,0.0,7.3,7.3,0.0,1,1,10.1021/acs.jmedchem.6b00562,2016,2016,19406953,False,0
MAOB_HUMAN_IC50,Human MAO-B,primary,CHEMBL2039,Amine oxidase [flavin-containing] B,Homo sapiens,IC50,CHEMBL4459482,Cc1c(C)c2ccc(OCC3CCN(Cc4cccc(CO[N+](=O)[O-])c4)CC3)cc2oc1=O,NBANFZDFABUAHK-UHFFFAOYSA-N,7.29,7.29,0.0,7.29,7.29,0.0,1,1,10.1016/j.ejmech.2018.10.016,2019,2019,18936920,False,0
MAOB_HUMAN_IC50,Human MAO-B,primary,CHEMBL2039,Amine oxidase [flavin-containing] B,Homo sapiens,IC50,CHEMBL5562537,CC(=O)c1cc2ccc(OCc3ccc(S(N)(=O)=O)cc3)cc2oc1=O,AWKSRJLNZWGCOO-UHFFFAOYSA-N,7.29,7.29,0.0,7.29,7.29,0.0,1,1,10.1021/acs.jmedchem.4c00045,2024,2024,25934264,False,0
MAOB_HUMAN_IC50,Human MAO-B,primary,CHEMBL2039,Amine oxidase [flavin-containing] B,Homo sapiens,IC50,CHEMBL3586595,Cc1c(C)c2ccc(OCc3ccc(CN(C)Cc4ccccc4)cc3)cc2oc1=O.Cl,MBKAOIVYJASVAB-UHFFFAOYSA-N,7.28,7.28,0.0,7.28,7.28,0.0,1,1,10.1021/acs.jmedchem.5b00599,2015,2015,15625518,False,0
MAOB_HUMAN_IC50,Human MAO-B,primary,CHEMBL2039,Amine oxidase [flavin-containing] B,Homo sapiens,IC50,CHEMBL5569900,CN(Cc1ccncc1)Cc1ccc(COc2ccc3c(CO)cc(=O)oc3c2)cc1,FDGRCZWNUUYVET-UHFFFAOYSA-N,7.28,7.28,0.0,7.28,7.28,0.0,1,1,10.1016/j.ejmech.2024.116511,2024,2024,25998576,False,0
MAOB_HUMAN_IC50,Human MAO-B,primary,CHEMBL2039,Amine oxidase [flavin-containing] B,Homo sapiens,IC50,CHEMBL4539578,CN(C)Cc1cccc(COc2ccc3c(CO)cc(=O)oc3c2)c1,YVWBNPXKOWYLDZ-UHFFFAOYSA-N,7.27,7.27,0.0,7.27,7.27,0.0,1,1,10.1016/j.ejmech.2018.10.016,2019,2019,18936887,False,0
MAOB_HUMAN_IC50,Human MAO-B,primary,CHEMBL2039,Amine oxidase [flavin-containing] B,Homo sapiens,IC50,CHEMBL1761761,COc1ccc2cc(-c3ccsc3)c(=O)oc2c1,WAJKAWOYYMLWNI-UHFFFAOYSA-N,7.25,7.25,0.0,7.25,7.25,0.0,1,1,10.1016/j.ejmech.2011.01.033,2011,2011,6153445,False,0
MAOB_HUMAN_IC50,Human MAO-B,primary,CHEMBL2039,Amine oxidase [flavin-containing] B,Homo sapiens,IC50,CHEMBL5266061,COc1ccc2oc(=O)c(-c3ccc(C(F)(F)F)cc3)cc2c1,VEYBGLOVHZAAIU-UHFFFAOYSA-N,7.25,7.25,0.0,7.25,7.25,0.0,1,1,10.1016/j.ejmech.2020.112787,2020,2020,24995637,False,0
MAOB_HUMAN_IC50,Human MAO-B,primary,CHEMBL2039,Amine oxidase [flavin-containing] B,Homo sapiens,IC50,CHEMBL143316,O=c1ccc2ccc(CNc3ccccc3)cc2o1,RNBGTWVGLRVGEY-UHFFFAOYSA-N,7.24,7.24,0.0,7.24,7.24,0.0,1,1,10.1021/jm060441e,2006,2006,1773859,False,0
MAOB_HUMAN_IC50,Human MAO-B,primary,CHEMBL2039,Amine oxidase [flavin-containing] B,Homo sapiens,IC50,CHEMBL3735743,Cc1ccc2oc(=O)c(-c3cccc(OCc4cccc(F)c4)c3)cc2c1,IKKSICCKYJWMFI-UHFFFAOYSA-N,7.22,7.22,0.0,7.22,7.22,0.0,1,1,10.1039/C4MD00437J,2015,2015,16386441,False,0
MAOB_HUMAN_IC50,Human MAO-B,primary,CHEMBL2039,Amine oxidase [flavin-containing] B,Homo sapiens,IC50,CHEMBL5432539,O=c1oc2cc(Br)ccc2cc1-c1ccc(Br)nn1,NQAVDCSOGJRXOW-UHFFFAOYSA-N,7.22,7.22,0.0,7.22,7.22,0.0,1,1,10.1016/j.ejmech.2022.114655,2022,2022,25577931,False,0
MAOB_HUMAN_IC50,Human MAO-B,primary,CHEMBL2039,Amine oxidase [flavin-containing] B,Homo sapiens,IC50,CHEMBL1830815,CCOC(=O)c1cc2ccc(OCc3cccc(Cl)c3)cc2oc1=O,MMWXNBGCSAZEPR-UHFFFAOYSA-N,7.21,7.21,0.0,7.21,7.21,0.0,1,1,10.1016/j.ejmech.2011.07.017,2011,2011,6361470,False,0
MAOB_HUMAN_IC50,Human MAO-B,primary,CHEMBL2039,Amine oxidase [flavin-containing] B,Homo sapiens,IC50,CHEMBL434695,O=c1ccc2ccc(COc3ccccc3)cc2o1,XHVFPHBAWNGYKX-UHFFFAOYSA-N,7.19,7.19,0.0,7.19,7.19,0.0,1,1,10.1021/jm060441e,2006,2006,1773860,False,0
MAOB_HUMAN_IC50,Human MAO-B,primary,CHEMBL2039,Amine oxidase [flavin-containing] B,Homo sapiens,IC50,CHEMBL1835225,Cc1ccc(-c2cc3cc(O)ccc3oc2=O)cc1,VDRJEZWOTHENFG-UHFFFAOYSA-N,7.17,7.17,0.0,7.17,7.17,0.0,1,1,10.1021/jm200716y,2011,2011,6383782,False,0
MAOB_HUMAN_IC50,Human MAO-B,primary,CHEMBL2039,Amine oxidase [flavin-containing] B,Homo sapiens,IC50,CHEMBL3121786,C#CCCCCOc1ccc2cc(C(=O)c3ccc(OC)cc3)c(=O)oc2c1,CNLMPWJAUKSVMA-UHFFFAOYSA-N,7.17,7.17,0.0,7.17,7.17,0.0,1,1,10.1016/j.bmc.2014.01.046,2014,2014,13935930,False,0
MAOB_HUMAN_IC50,Human MAO-B,primary,CHEMBL2039,Amine oxidase [flavin-containing] B,Homo sapiens,IC50,CHEMBL470221,O=C(Nc1ccc(F)cc1)c1cc2ccccc2oc1=O,NBXFKAVYIKTFOG-UHFFFAOYSA-N,7.17,7.17,0.0,7.17,7.17,0.0,1,1,10.1021/jm801496u,2009,2009,2411345,False,0
MAOB_HUMAN_IC50,Human MAO-B,primary,CHEMBL2039,Amine oxidase [flavin-containing] B,Homo sapiens,IC50,CHEMBL4460538,Cc1c(C)c2ccc(OCC3CCCN(Cc4cccc(Br)c4)C3)cc2oc1=O,VMOZXXDRTUKKLO-UHFFFAOYSA-N,7.145,7.145,0.6151828996322964,6.71,7.58,0.8700000000000001,2,1,10.1021/acs.jmedchem.6b00562,2016,2016,19406950; 19406951,False,1
MAOB_HUMAN_IC50,Human MAO-B,primary,CHEMBL2039,Amine oxidase [flavin-containing] B,Homo sapiens,IC50,CHEMBL4090150,Cc1c(C#N)c(=O)oc2cc(OCc3ccccc3Br)ccc12,UPYDTRMWIMLIRN-UHFFFAOYSA-N,7.14,7.14,0.0,7.14,7.14,0.0,1,1,10.1016/j.ejmech.2016.09.041,2017,2017,18195000,False,0
MAOB_HUMAN_IC50,Human MAO-B,primary,CHEMBL2039,Amine oxidase [flavin-containing] B,Homo sapiens,IC50,CHEMBL5081663,CCN(CCCOc1ccc2c(C)c(C)c(=O)oc2c1)Cc1cccc(F)c1,LMSJPMKZTVCUMM-UHFFFAOYSA-N,7.14,7.14,0.0,7.14,7.14,0.0,1,1,10.1021/acs.jmedchem.1c01784,2022,2022,24422247,False,0
MAOB_HUMAN_IC50,Human MAO-B,primary,CHEMBL2039,Amine oxidase [flavin-containing] B,Homo sapiens,IC50,CHEMBL5575945,NS(=O)(=O)c1ccc(COc2ccc3c(c2)oc(=O)c2ccccc23)cc1,ZGFVQELBBCKLHC-UHFFFAOYSA-N,7.13,7.13,0.0,7.13,7.13,0.0,1,1,10.1021/acs.jmedchem.4c00045,2024,2024,25934281,False,0
MAOB_HUMAN_IC50,Human MAO-B,primary,CHEMBL2039,Amine oxidase [flavin-containing] B,Homo sapiens,IC50,CHEMBL4450045,Cc1c(C)c2ccc(OCC3CCN(Cc4cccc(CO)c4)CC3)cc2oc1=O,AKHUHXLIAAFKEN-UHFFFAOYSA-N,7.12,7.12,0.0,7.12,7.12,0.0,1,1,10.1016/j.ejmech.2018.10.016,2019,2019,18936910,False,0
MAOB_HUMAN_IC50,Human MAO-B,primary,CHEMBL2039,Amine oxidase [flavin-containing] B,Homo sapiens,IC50,CHEMBL4450310,Cc1c(C)c2ccc(OCC3CCCN(Cc4ccc(CO)cc4)C3)cc2oc1=O,BXCUGXRKJOGSPH-UHFFFAOYSA-N,7.12,7.12,0.0,7.12,7.12,0.0,1,1,10.1016/j.ejmech.2018.10.016,2019,2019,18936907,False,0
MAOB_HUMAN_IC50,Human MAO-B,primary,CHEMBL2039,Amine oxidase [flavin-containing] B,Homo sapiens,IC50,CHEMBL4457458,CN(C)Cc1ccc(COc2ccc3c(CO)cc(=O)oc3c2)cc1,PWCTXLAYYMUQLL-UHFFFAOYSA-N,7.12,7.12,0.014142135623730649,7.11,7.13,0.019999999999999574,2,1,10.1016/j.ejmech.2018.10.016,2019,2019,18936886; 18936925,False,1
MAOB_HUMAN_IC50,Human MAO-B,primary,CHEMBL2039,Amine oxidase [flavin-containing] B,Homo sapiens,IC50,CHEMBL3121863,COC(=O)c1cc2ccc(OC/C=C(\C)CCC=C(C)C)cc2oc1=O,HMADAONXXOTVPK-XNTDXEJSSA-N,7.1,7.1,0.0,7.1,7.1,0.0,1,1,10.1016/j.bmc.2014.01.046,2014,2014,13935918,False,0
MAOB_HUMAN_IC50,Human MAO-B,primary,CHEMBL2039,Amine oxidase [flavin-containing] B,Homo sapiens,IC50,CHEMBL3394533,O=c1oc2cc(/N=C/c3ccccc3O)ccc2c2c1CCC2,QTRIOHGFYUMXEM-RGVLZGJSSA-N,7.09,7.09,0.0,7.09,7.09,0.0,1,1,10.1016/j.bmcl.2014.12.034,2015,2015,15144175,False,0
MAOB_HUMAN_IC50,Human MAO-B,primary,CHEMBL2039,Amine oxidase [flavin-containing] B,Homo sapiens,IC50,CHEMBL5567576,C/C(=N/O)c1cc2ccc(OCc3ccc(S(N)(=O)=O)cc3)cc2oc1=O,DRTMYTUADOXNIZ-JAIQZWGSSA-N,7.09,7.09,0.0,7.09,7.09,0.0,1,1,10.1021/acs.jmedchem.4c00045,2024,2024,25934267,False,0
MAOB_HUMAN_IC50,Human MAO-B,primary,CHEMBL2039,Amine oxidase [flavin-containing] B,Homo sapiens,IC50,CHEMBL1777814,COc1cc(Br)cc2cc(-c3ccccc3)c(=O)oc12,BTGXOHHCAXUQJY-UHFFFAOYSA-N,7.08,7.08,0.0,7.08,7.08,0.0,1,1,10.1016/j.bmcl.2011.05.074,2011,2011,6260773,False,0
MAOB_HUMAN_IC50,Human MAO-B,primary,CHEMBL2039,Amine oxidase [flavin-containing] B,Homo sapiens,IC50,CHEMBL3121775,C#CCCCOc1ccc2cc(C(=O)OC)c(=O)oc2c1,KYRWDFRKPXTVBN-UHFFFAOYSA-N,7.08,7.08,0.0,7.08,7.08,0.0,1,1,10.1016/j.bmc.2014.01.046,2014,2014,13935942,False,0
MAOB_HUMAN_IC50,Human MAO-B,primary,CHEMBL2039,Amine oxidase [flavin-containing] B,Homo sapiens,IC50,CHEMBL471221,Cc1ccc(NC(=O)c2cc3ccccc3oc2=O)cc1C,VUJINTDHHNCFJN-UHFFFAOYSA-N,7.075,7.075,0.9263098833543776,6.42,7.73,1.3100000000000005,2,2,10.1021/acs.jmedchem.1c00510; 10.1021/jm801496u,2009,2021,23149882; 2411355,False,1
MAOB_HUMAN_IC50,Human MAO-B,primary,CHEMBL2039,Amine oxidase [flavin-containing] B,Homo sapiens,IC50,CHEMBL5219522,Cc1c(Cl)c(=O)oc2cc(OCCCCSC(=S)N3CCCCC3C)ccc12,QPKSHJTZCXULAH-UHFFFAOYSA-N,7.055,7.055,1.4071424945612303,6.06,8.05,1.990000000000001,2,2,10.1016/j.ejmech.2020.112787; 10.1016/j.ejmech.2022.114606,2020,2022,24963334; 24995648,False,1
MAOB_HUMAN_IC50,Human MAO-B,primary,CHEMBL2039,Amine oxidase [flavin-containing] B,Homo sapiens,IC50,CHEMBL4539659,Cc1c(C)c2ccc(OCC3CCN(Cc4cccc(Cl)c4)CC3)cc2oc1=O.Cl,GDJVHXJRIIZVEJ-UHFFFAOYSA-N,7.05,7.05,0.0,7.05,7.05,0.0,1,1,10.1021/acs.jmedchem.6b00562,2016,2016,19406941,False,0
MAOB_HUMAN_IC50,Human MAO-B,primary,CHEMBL2039,Amine oxidase [flavin-containing] B,Homo sapiens,IC50,CHEMBL4556552,COc1ccc(CN2CCCC(COc3ccc4c(C)c(C)c(=O)oc4c3)C2)cc1OC,KLZPNESZOSTZAJ-UHFFFAOYSA-N,7.05,7.05,0.0,7.05,7.05,0.0,1,1,10.1021/acs.jmedchem.6b00562,2016,2016,19406956,False,0
MAOB_HUMAN_IC50,Human MAO-B,primary,CHEMBL2039,Amine oxidase [flavin-containing] B,Homo sapiens,IC50,CHEMBL3121782,C#CCCCOc1ccc2ccc(=O)oc2c1,ZUCHADSRYKMTHE-UHFFFAOYSA-N,7.04,7.04,0.0,7.04,7.04,0.0,1,1,10.1016/j.bmc.2014.01.046,2014,2014,13935934,False,0
MAOB_HUMAN_IC50,Human MAO-B,primary,CHEMBL2039,Amine oxidase [flavin-containing] B,Homo sapiens,IC50,CHEMBL4470317,COc1ccc2cc(Cn3ccc(=O)c(O)c3C)c(=O)oc2c1,MMTHOBSLUHHGCX-UHFFFAOYSA-N,7.04,7.04,0.0,7.04,7.04,0.0,1,1,10.1016/j.ejmech.2019.07.031,2019,2019,19098397,False,0
MAOB_HUMAN_IC50,Human MAO-B,primary,CHEMBL2039,Amine oxidase [flavin-containing] B,Homo sapiens,IC50,CHEMBL3586576,Cc1c(C)c2ccc(OCCCCN(C)Cc3ccccc3)cc2oc1=O,RNIDTYKTGPWKIQ-UHFFFAOYSA-N,7.02,7.02,0.0,7.02,7.02,0.0,1,1,10.1021/acs.jmedchem.5b00599,2015,2015,15625511,False,0
MAOB_HUMAN_IC50,Human MAO-B,primary,CHEMBL2039,Amine oxidase [flavin-containing] B,Homo sapiens,IC50,CHEMBL4632495,Cc1c(O)c(=O)ccn1CCNC(=O)c1cc2ccc(OCc3ccccc3[N+](=O)[O-])cc2oc1=O,KGFSBCYTVWTKDF-UHFFFAOYSA-N,7.01,7.01,0.0,7.01,7.01,0.0,1,1,10.1016/j.bmc.2020.115550,2020,2020,20685927,False,0
MAOB_HUMAN_IC50,Human MAO-B,primary,CHEMBL2039,Amine oxidase [flavin-containing] B,Homo sapiens,IC50,CHEMBL4647351,Cc1c(O)c(=O)ccn1CCNC(=O)c1cc2cc(OCc3ccccc3)ccc2oc1=O,RFWDMTUNUIIEGP-UHFFFAOYSA-N,7.0,7.0,0.0,7.0,7.0,0.0,1,1,10.1016/j.bmc.2020.115550,2020,2020,20685915,False,0
MAOB_HUMAN_IC50,Human MAO-B,primary,CHEMBL2039,Amine oxidase [flavin-containing] B,Homo sapiens,IC50,CHEMBL5219483,Cc1c(Cl)c(=O)oc2cc(OCCCCSC(=S)N3C(C)CCCC3C)ccc12,IKYVMKQIWKXWDL-UHFFFAOYSA-N,7.0,7.0,0.0,7.0,7.0,0.0,2,2,10.1016/j.ejmech.2020.112787; 10.1016/j.ejmech.2022.114606,2020,2022,24963335; 24995649,False,1
MAOB_HUMAN_IC50,Human MAO-B,primary,CHEMBL2039,Amine oxidase [flavin-containing] B,Homo sapiens,IC50,CHEMBL5283994,Cc1c(Cl)c(=O)oc2cc(OCCCSC(=S)N3C(C)CCCC3C)ccc12,JLHNPMPZJUKIDO-UHFFFAOYSA-N,7.0,7.0,0.0,7.0,7.0,0.0,1,1,10.1016/j.ejmech.2020.112787,2020,2020,24995646,False,0
MAOB_HUMAN_IC50,Human MAO-B,primary,CHEMBL2039,Amine oxidase [flavin-containing] B,Homo sapiens,IC50,CHEMBL3735711,Cc1ccc2oc(=O)c(-c3ccc(OCc4ccccc4)cc3)cc2c1,YYMVDIQKIDNJHQ-UHFFFAOYSA-N,6.98,6.98,0.0,6.98,6.98,0.0,1,1,10.1039/C4MD00437J,2015,2015,16386439,False,0
MAOB_HUMAN_IC50,Human MAO-B,primary,CHEMBL2039,Amine oxidase [flavin-containing] B,Homo sapiens,IC50,CHEMBL4087723,O=c1cc(C(F)(F)F)c2ccc(OCc3ccc(Br)cc3)cc2o1,OYQVJRKBTAURET-UHFFFAOYSA-N,6.98,6.98,0.0,6.98,6.98,0.0,1,1,10.1016/j.ejmech.2016.09.041,2017,2017,18194997,False,0
MAOB_HUMAN_IC50,Human MAO-B,primary,CHEMBL2039,Amine oxidase [flavin-containing] B,Homo sapiens,IC50,CHEMBL4472789,Cc1c(C)c2ccc(OCC3CCN(Cc4ccccc4)CC3)cc2oc1=O.Cl,PQISJODIMAREMD-UHFFFAOYSA-N,6.98,6.98,0.0,6.98,6.98,0.0,1,1,10.1021/acs.jmedchem.6b00562,2016,2016,19406940,False,0
MAOB_HUMAN_IC50,Human MAO-B,primary,CHEMBL2039,Amine oxidase [flavin-containing] B,Homo sapiens,IC50,CHEMBL4636030,CCOc1ccc2cc(C(=O)NCCn3ccc(=O)c(O)c3C)c(=O)oc2c1,LGGXTNYEHIGEJZ-UHFFFAOYSA-N,6.97,6.97,0.0,6.97,6.97,0.0,1,1,10.1016/j.bmc.2020.115550,2020,2020,20685917,False,0
MAOB_HUMAN_IC50,Human MAO-B,primary,CHEMBL2039,Amine oxidase [flavin-containing] B,Homo sapiens,IC50,CHEMBL4637131,Cc1c(O)c(=O)ccn1CCNC(=O)c1cc2ccc(OCc3cccc(F)c3)cc2oc1=O,SUJRSHQYQXYHCL-UHFFFAOYSA-N,6.97,6.97,0.0,6.97,6.97,0.0,1,1,10.1016/j.bmc.2020.115550,2020,2020,20685921,False,0
MAOB_HUMAN_IC50,Human MAO-B,primary,CHEMBL2039,Amine oxidase [flavin-containing] B,Homo sapiens,IC50,CHEMBL4443825,Cc1c(C)c2ccc(OCC3CCCN(Cc4cccc(Br)c4)C3)cc2oc1=O.Cl,OFNUMUQSPCUUJL-UHFFFAOYSA-N,6.96,6.96,0.0,6.96,6.96,0.0,1,1,10.1021/acs.jmedchem.6b00562,2016,2016,19406949,False,0
MAOB_HUMAN_IC50,Human MAO-B,primary,CHEMBL2039,Amine oxidase [flavin-containing] B,Homo sapiens,IC50,CHEMBL4551962,Cc1c(C)c2ccc(OCC3CCCN(Cc4cccc(CO)c4)C3)cc2oc1=O,JFAXGIYNMLALLU-UHFFFAOYSA-N,6.96,6.96,0.0,6.96,6.96,0.0,1,1,10.1016/j.ejmech.2018.10.016,2019,2019,18936908,False,0
MAOB_HUMAN_IC50,Human MAO-B,primary,CHEMBL2039,Amine oxidase [flavin-containing] B,Homo sapiens,IC50,CHEMBL4598256,Cc1c(C)c2ccc(OCC3CCN(Cc4ccccc4)CC3)cc2oc1=O,MWFBGTXYOJLQIW-UHFFFAOYSA-N,6.96,6.96,0.0,6.96,6.96,0.0,1,1,10.1021/acs.jmedchem.1c01784,2022,2022,24422258,False,0
MAOB_HUMAN_IC50,Human MAO-B,primary,CHEMBL2039,Amine oxidase [flavin-containing] B,Homo sapiens,IC50,CHEMBL4635429,COc1cccc2cc(C(=O)NCCn3ccc(=O)c(O)c3C)c(=O)oc12,QWVPYCDANLDVNL-UHFFFAOYSA-N,6.96,6.96,0.0,6.96,6.96,0.0,1,1,10.1016/j.bmc.2020.115550,2020,2020,20685910,False,0
MAOB_HUMAN_IC50,Human MAO-B,primary,CHEMBL2039,Amine oxidase [flavin-containing] B,Homo sapiens,IC50,CHEMBL4527319,Cc1c(C)c2ccc(OCC3CCCN(Cc4ccc(S(C)(=O)=O)cc4)C3)cc2oc1=O,MBTBGPAEQXNMDT-UHFFFAOYSA-N,6.95,6.95,0.0,6.95,6.95,0.0,1,1,10.1021/acs.jmedchem.6b00562,2016,2016,19406954,False,0
MAOB_HUMAN_IC50,Human MAO-B,primary,CHEMBL2039,Amine oxidase [flavin-containing] B,Homo sapiens,IC50,CHEMBL5556627,NS(=O)(=O)c1ccc(NC(=O)c2cc3ccccc3oc2=O)c(F)c1,SGTYXHKJFHGFDU-UHFFFAOYSA-N,6.95,6.95,0.0,6.95,6.95,0.0,1,1,10.1021/acs.jmedchem.4c00045,2024,2024,25934240,False,0
MAOB_HUMAN_IC50,Human MAO-B,primary,CHEMBL2039,Amine oxidase [flavin-containing] B,Homo sapiens,IC50,CHEMBL4564297,Cc1c(C)c2ccc(OC3CCN(CC(=O)c4ccccc4)CC3)cc2oc1=O,XBOQNZPZRIVLIZ-UHFFFAOYSA-N,6.94,6.94,0.0,6.94,6.94,0.0,1,1,10.1021/acs.jmedchem.6b00562,2016,2016,19406938,False,0
MAOB_HUMAN_IC50,Human MAO-B,primary,CHEMBL2039,Amine oxidase [flavin-containing] B,Homo sapiens,IC50,CHEMBL4637509,Cc1c(O)c(=O)ccn1CCNC(=O)c1cc2ccc(OCc3cc(F)ccc3F)cc2oc1=O,YSQHGFDHOOBXMF-UHFFFAOYSA-N,6.94,6.94,0.0,6.94,6.94,0.0,1,1,10.1016/j.bmc.2020.115550,2020,2020,20685923,False,0
MAOB_HUMAN_IC50,Human MAO-B,primary,CHEMBL2039,Amine oxidase [flavin-containing] B,Homo sapiens,IC50,CHEMBL3394530,Cc1c(C)c2ccc(/N=C/c3ccccc3O)cc2oc1=O,OCEGQDAYHXMRMT-VXLYETTFSA-N,6.93,6.93,0.0,6.93,6.93,0.0,1,1,10.1016/j.bmcl.2014.12.034,2015,2015,15144178,False,0
MAOB_HUMAN_IC50,Human MAO-B,primary,CHEMBL2039,Amine oxidase [flavin-containing] B,Homo sapiens,IC50,CHEMBL4642176,Cc1c(O)c(=O)ccn1CCNC(=O)c1cc2ccc(OCc3ccc(C(F)(F)F)cc3)cc2oc1=O,AEILEBXCHOBHHD-UHFFFAOYSA-N,6.93,6.93,0.0,6.93,6.93,0.0,1,1,10.1016/j.bmc.2020.115550,2020,2020,20685925,False,0
MAOB_HUMAN_IC50,Human MAO-B,primary,CHEMBL2039,Amine oxidase [flavin-containing] B,Homo sapiens,IC50,CHEMBL4643633,Cc1c(O)c(=O)ccn1CCNC(=O)c1cc2ccc(OCc3ccc(C(C)C)cc3)cc2oc1=O,RHKXWWKIJOJNMM-UHFFFAOYSA-N,6.93,6.93,0.0,6.93,6.93,0.0,1,1,10.1016/j.bmc.2020.115550,2020,2020,20685929,False,0
MAOB_HUMAN_IC50,Human MAO-B,primary,CHEMBL2039,Amine oxidase [flavin-containing] B,Homo sapiens,IC50,CHEMBL1835327,Cc1ccc2oc(=O)c(-c3ccccc3O)cc2c1,VYUCQCYEELXDIN-UHFFFAOYSA-N,6.92,6.92,0.0,6.92,6.92,0.0,1,1,10.1021/jm200716y,2011,2011,6383798,False,0
MAOB_HUMAN_IC50,Human MAO-B,primary,CHEMBL2039,Amine oxidase [flavin-containing] B,Homo sapiens,IC50,CHEMBL3121796,COC(=O)c1cc2cc(OCCc3ccc(Cl)cc3)ccc2oc1=O,JTMIDHFDFOIFBW-UHFFFAOYSA-N,6.92,6.92,0.0,6.92,6.92,0.0,1,1,10.1016/j.bmc.2014.01.046,2014,2014,13935920,False,0
MAOB_HUMAN_IC50,Human MAO-B,primary,CHEMBL2039,Amine oxidase [flavin-containing] B,Homo sapiens,IC50,CHEMBL4442642,C#CCOc1ccc2cc(Cn3ccc(=O)c(O)c3CC)c(=O)oc2c1,YKGGDKVVKRRAMR-UHFFFAOYSA-N,6.92,6.92,0.0,6.92,6.92,0.0,1,1,10.1016/j.ejmech.2019.07.031,2019,2019,19098398,False,0
MAOB_HUMAN_IC50,Human MAO-B,primary,CHEMBL2039,Amine oxidase [flavin-containing] B,Homo sapiens,IC50,CHEMBL4550762,Cc1c(C)c2ccc(OCC3CCN(Cc4ccc(CCO)cc4)CC3)cc2oc1=O,VENFDSBABDYZEE-UHFFFAOYSA-N,6.92,6.92,0.0,6.92,6.92,0.0,1,1,10.1016/j.ejmech.2018.10.016,2019,2019,18936915,False,0
MAOB_HUMAN_IC50,Human MAO-B,primary,CHEMBL2039,Amine oxidase [flavin-containing] B,Homo sapiens,IC50,CHEMBL3121785,C#CCCCCOc1ccc2oc(=O)c(C(=O)OC)cc2c1,HJVYWROYBSFGBH-UHFFFAOYSA-N,6.91,6.91,0.0,6.91,6.91,0.0,1,1,10.1016/j.bmc.2014.01.046,2014,2014,13935931,False,0
MAOB_HUMAN_IC50,Human MAO-B,primary,CHEMBL2039,Amine oxidase [flavin-containing] B,Homo sapiens,IC50,CHEMBL4639488,Cc1c(O)c(=O)ccn1CCNC(=O)c1cc2ccc(OCc3ccc(C(C)(C)C)cc3)cc2oc1=O,BDXZEZPZMYUKGW-UHFFFAOYSA-N,6.91,6.91,0.0,6.91,6.91,0.0,1,1,10.1016/j.bmc.2020.115550,2020,2020,20685930,False,0
MAOB_HUMAN_IC50,Human MAO-B,primary,CHEMBL2039,Amine oxidase [flavin-containing] B,Homo sapiens,IC50,CHEMBL5574703,CN(Cc1ccc(COc2ccc3c(CO)cc(=O)oc3c2)cc1)Cc1nccs1,OEWYFSMFZVYMCC-UHFFFAOYSA-N,6.91,6.91,0.0,6.91,6.91,0.0,1,1,10.1016/j.ejmech.2024.116511,2024,2024,25998573,False,0
MAOB_HUMAN_IC50,Human MAO-B,primary,CHEMBL2039,Amine oxidase [flavin-containing] B,Homo sapiens,IC50,CHEMBL342724,Cc1c(C)c2cc(OCc3ccccc3)c(O)cc2oc1=O,NQGPNJBRKKWSBC-UHFFFAOYSA-N,6.9,6.9,0.0,6.9,6.9,0.0,1,1,10.1021/jm060441e,2006,2006,1773847,False,0
MAOB_HUMAN_IC50,Human MAO-B,primary,CHEMBL2039,Amine oxidase [flavin-containing] B,Homo sapiens,IC50,CHEMBL4531520,Cc1cc(=O)c(O)cn1Cc1cc2ccc(OCc3cccc(Cl)c3)cc2oc1=O,JAIRNBOQHCTTLS-UHFFFAOYSA-N,6.9,6.9,0.0,6.9,6.9,0.0,1,1,10.1016/j.ejmech.2019.07.031,2019,2019,19098403,False,0
MAOB_HUMAN_IC50,Human MAO-B,primary,CHEMBL2039,Amine oxidase [flavin-containing] B,Homo sapiens,IC50,CHEMBL4634082,Cc1c(O)c(=O)ccn1CCNC(=O)c1cc2ccc(OCc3cc(F)cc(F)c3)cc2oc1=O,UZKNLEFOUIHPGP-UHFFFAOYSA-N,6.9,6.9,0.0,6.9,6.9,0.0,1,1,10.1016/j.bmc.2020.115550,2020,2020,20685924,False,0
MAOB_HUMAN_IC50,Human MAO-B,primary,CHEMBL2039,Amine oxidase [flavin-containing] B,Homo sapiens,IC50,CHEMBL119017,C/C(=C\COc1ccc2c(C)c(C)c(=O)oc2c1)C1=CC(=O)C(C)(C)O1,KLXKFACEHUDUHL-XYOKQWHBSA-N,6.89,6.89,0.0,6.89,6.89,0.0,1,1,10.1016/s0960-894x(02)00798-9,2002,2002,959947,False,0
MAOB_HUMAN_IC50,Human MAO-B,primary,CHEMBL2039,Amine oxidase [flavin-containing] B,Homo sapiens,IC50,CHEMBL4445352,CCc1c(O)c(=O)ccn1Cc1cc2ccc(OCc3ccccc3)cc2oc1=O,ZJVOIPFVGVYXJF-UHFFFAOYSA-N,6.89,6.89,0.0,6.89,6.89,0.0,1,1,10.1016/j.ejmech.2019.07.031,2019,2019,19098400,False,0
MAOB_HUMAN_IC50,Human MAO-B,primary,CHEMBL2039,Amine oxidase [flavin-containing] B,Homo sapiens,IC50,CHEMBL4635480,Cc1cc(=O)c(O)cn1CCNC(=O)c1cc2ccccc2oc1=O,CFWWOVHEGYSGNF-UHFFFAOYSA-N,6.89,6.89,0.0,6.89,6.89,0.0,1,1,10.1016/j.bmc.2020.115550,2020,2020,20685907,False,0
MAOB_HUMAN_IC50,Human MAO-B,primary,CHEMBL2039,Amine oxidase [flavin-containing] B,Homo sapiens,IC50,CHEMBL4638785,Cc1c(O)c(=O)ccn1CCNC(=O)c1cc2ccc(OCc3ccc(F)cc3)cc2oc1=O,ZEDBYPMEKAQCCZ-UHFFFAOYSA-N,6.89,6.89,0.0,6.89,6.89,0.0,1,1,10.1016/j.bmc.2020.115550,2020,2020,20685922,False,0
MAOB_HUMAN_IC50,Human MAO-B,primary,CHEMBL2039,Amine oxidase [flavin-containing] B,Homo sapiens,IC50,CHEMBL5083613,CN(Cc1ccccc1)Cc1ccc(COc2ccc3c(C(F)F)cc(=O)oc3c2)cc1,KUBYHRTYKKZBKV-UHFFFAOYSA-N,6.89,6.89,0.0,6.89,6.89,0.0,1,1,10.1021/acs.jmedchem.1c01784,2022,2022,24422254,False,0
MAOB_HUMAN_IC50,Human MAO-B,primary,CHEMBL2039,Amine oxidase [flavin-containing] B,Homo sapiens,IC50,CHEMBL5085674,Cc1c(C)c2ccc(OCC3CCN(Cc4cccc(C(F)(F)F)c4)CC3)cc2oc1=O,KOLQZDAHCMXISM-UHFFFAOYSA-N,6.89,6.89,0.0,6.89,6.89,0.0,1,1,10.1021/acs.jmedchem.1c01784,2022,2022,24422245,False,0
MAOB_HUMAN_IC50,Human MAO-B,primary,CHEMBL2039,Amine oxidase [flavin-containing] B,Homo sapiens,IC50,CHEMBL4633106,Cc1c(O)c(=O)ccn1CCNC(=O)c1cc2cccc(OCc3ccccc3)c2oc1=O,PIMIKAPLTUCBGT-UHFFFAOYSA-N,6.88,6.88,0.0,6.88,6.88,0.0,1,1,10.1016/j.bmc.2020.115550,2020,2020,20685916,False,0
MAOB_HUMAN_IC50,Human MAO-B,primary,CHEMBL2039,Amine oxidase [flavin-containing] B,Homo sapiens,IC50,CHEMBL3586574,Cc1c(C)c2ccc(OCCCN(C)Cc3ccccc3)cc2oc1=O.Cl,ZDRIPIJZYWVOLL-UHFFFAOYSA-N,6.87,6.87,0.0,6.87,6.87,0.0,1,1,10.1021/acs.jmedchem.5b00599,2015,2015,15625510,False,0
MAOB_HUMAN_IC50,Human MAO-B,primary,CHEMBL2039,Amine oxidase [flavin-containing] B,Homo sapiens,IC50,CHEMBL4637881,CCCOc1ccc2cc(C(=O)NCCn3ccc(=O)c(O)c3C)c(=O)oc2c1,FWAAMTDVSJVPDK-UHFFFAOYSA-N,6.87,6.87,0.0,6.87,6.87,0.0,1,1,10.1016/j.bmc.2020.115550,2020,2020,20685918,False,0
MAOB_HUMAN_IC50,Human MAO-B,primary,CHEMBL2039,Amine oxidase [flavin-containing] B,Homo sapiens,IC50,CHEMBL4645435,Cc1c(O)c(=O)ccn1CCNC(=O)c1cc2ccc(OCc3cccc(Cl)c3)cc2oc1=O,VISLYZSBRPEGRU-UHFFFAOYSA-N,6.87,6.87,0.0,6.87,6.87,0.0,1,1,10.1016/j.bmc.2020.115550,2020,2020,20685920,False,0
MAOB_HUMAN_IC50,Human MAO-B,primary,CHEMBL2039,Amine oxidase [flavin-containing] B,Homo sapiens,IC50,CHEMBL4441966,Cc1c(C)c2ccc(OCC3CCCN(C)C3)cc2oc1=O.Cl,WKLGHHHWYUHRMJ-UHFFFAOYSA-N,6.86,6.86,0.0,6.86,6.86,0.0,1,1,10.1021/acs.jmedchem.6b00562,2016,2016,19406944,False,0
MAOB_HUMAN_IC50,Human MAO-B,primary,CHEMBL2039,Amine oxidase [flavin-containing] B,Homo sapiens,IC50,CHEMBL1830796,CC(=O)c1cc2cc(Cl)cc(Br)c2oc1=O,AXGMOTRSYFBQBG-UHFFFAOYSA-N,6.85,6.85,0.0,6.85,6.85,0.0,1,1,10.1016/j.ejmech.2011.07.017,2011,2011,6361417,False,0
MAOB_HUMAN_IC50,Human MAO-B,primary,CHEMBL2039,Amine oxidase [flavin-containing] B,Homo sapiens,IC50,CHEMBL4633021,C#CCOc1ccc2cc(C(=O)NCCn3ccc(=O)c(O)c3C)c(=O)oc2c1,JVXQAFDZXKUNIH-UHFFFAOYSA-N,6.85,6.85,0.0,6.85,6.85,0.0,1,1,10.1016/j.bmc.2020.115550,2020,2020,20685919,False,0
MAOB_HUMAN_IC50,Human MAO-B,primary,CHEMBL2039,Amine oxidase [flavin-containing] B,Homo sapiens,IC50,CHEMBL5090504,Cc1c(C)c2ccc(OCC3CCN(Cc4cccc(F)c4)CC3)cc2oc1=O,RYVDJROSDCHIPC-UHFFFAOYSA-N,6.85,6.85,0.0,6.85,6.85,0.0,1,1,10.1021/acs.jmedchem.1c01784,2022,2022,24422244,False,0
MAOB_HUMAN_IC50,Human MAO-B,primary,CHEMBL2039,Amine oxidase [flavin-containing] B,Homo sapiens,IC50,CHEMBL4062286,COc1c(OC/C=C(\C)C[C@@H]2C=C(CCC(N)=O)C(=O)O2)ccc2ccc(=O)oc12,JJTHROCBOPPGSD-LRFDDAOPSA-N,6.84,6.84,0.0,6.84,6.84,0.0,1,1,10.1021/acs.jnatprod.6b00391,2017,2017,18202206,False,0
MAOB_HUMAN_IC50,Human MAO-B,primary,CHEMBL2039,Amine oxidase [flavin-containing] B,Homo sapiens,IC50,CHEMBL4475204,Cc1cc(=O)c(O)cn1Cc1cc2ccc(OCc3ccc(F)cc3)cc2oc1=O,ZPOPMBOZYWLELY-UHFFFAOYSA-N,6.84,6.84,0.0,6.84,6.84,0.0,1,1,10.1016/j.ejmech.2019.07.031,2019,2019,19098409,False,0
MAOB_HUMAN_IC50,Human MAO-B,primary,CHEMBL2039,Amine oxidase [flavin-containing] B,Homo sapiens,IC50,CHEMBL4634075,COc1ccc(COc2ccc3cc(C(=O)NCCn4ccc(=O)c(O)c4C)c(=O)oc3c2)cc1,VVDWXLJHPCRLCY-UHFFFAOYSA-N,6.84,6.84,0.0,6.84,6.84,0.0,1,1,10.1016/j.bmc.2020.115550,2020,2020,20685926,False,0
MAOB_HUMAN_IC50,Human MAO-B,primary,CHEMBL2039,Amine oxidase [flavin-containing] B,Homo sapiens,IC50,CHEMBL4646565,Cc1cccc(COc2ccc3cc(C(=O)NCCn4ccc(=O)c(O)c4C)c(=O)oc3c2)c1,CWHQWRHOEGFMOM-UHFFFAOYSA-N,6.84,6.84,0.0,6.84,6.84,0.0,1,1,10.1016/j.bmc.2020.115550,2020,2020,20685928,False,0
MAOB_HUMAN_IC50,Human MAO-B,primary,CHEMBL2039,Amine oxidase [flavin-containing] B,Homo sapiens,IC50,CHEMBL5575065,NS(=O)(=O)c1ccc(NC(=O)c2cc3ccccc3oc2=O)c(Cl)c1,ARQACZBYYYOQIL-UHFFFAOYSA-N,6.81,6.81,0.0,6.81,6.81,0.0,1,1,10.1021/acs.jmedchem.4c00045,2024,2024,25934241,False,0
MAOB_HUMAN_IC50,Human MAO-B,primary,CHEMBL2039,Amine oxidase [flavin-containing] B,Homo sapiens,IC50,CHEMBL577099,Cc1ccc2oc(=O)c(-c3ccc(O)cc3)cc2c1,JSHUCMRTLUIFTM-UHFFFAOYSA-N,6.81,6.81,0.0,6.81,6.81,0.0,2,2,10.1016/j.bmcl.2009.07.039; 10.1021/jm200716y,2009,2011,3022330; 6383796,False,1
MAOB_HUMAN_IC50,Human MAO-B,primary,CHEMBL2039,Amine oxidase [flavin-containing] B,Homo sapiens,IC50,CHEMBL4632506,Cc1cccc2cc(C(=O)NCCn3ccc(=O)c(O)c3C)c(=O)oc12,VDGSLCINFKGFLJ-UHFFFAOYSA-N,6.8,6.8,0.0,6.8,6.8,0.0,1,1,10.1016/j.bmc.2020.115550,2020,2020,20685914,False,0
MAOB_HUMAN_IC50,Human MAO-B,primary,CHEMBL2039,Amine oxidase [flavin-containing] B,Homo sapiens,IC50,CHEMBL4634695,COc1ccc2cc(C(=O)NCCn3ccc(=O)c(O)c3C)c(=O)oc2c1,XMTMUVRRGUDZRR-UHFFFAOYSA-N,6.8,6.8,0.3676955262170044,6.54,7.06,0.5199999999999996,2,2,10.1016/j.bmc.2020.115550; 10.1016/j.ejmech.2022.114655,2020,2022,20685909; 25577933,False,1
MAOB_HUMAN_IC50,Human MAO-B,primary,CHEMBL2039,Amine oxidase [flavin-containing] B,Homo sapiens,IC50,CHEMBL4635925,Cc1c(O)c(=O)ccn1CCNC(=O)c1cc2cccc(O)c2oc1=O,NAHOQYATMSNGLW-UHFFFAOYSA-N,6.8,6.8,0.0,6.8,6.8,0.0,1,1,10.1016/j.bmc.2020.115550,2020,2020,20685912,False,0
MAOB_HUMAN_IC50,Human MAO-B,primary,CHEMBL2039,Amine oxidase [flavin-containing] B,Homo sapiens,IC50,CHEMBL4637805,Cc1c(O)c(=O)ccn1CCC(=O)Nc1cc2ccccc2oc1=O,BKFKNODRLZFETP-UHFFFAOYSA-N,6.8,6.8,0.0,6.8,6.8,0.0,1,1,10.1016/j.bmc.2020.115550,2020,2020,20685931,False,0
MAOB_HUMAN_IC50,Human MAO-B,primary,CHEMBL2039,Amine oxidase [flavin-containing] B,Homo sapiens,IC50,CHEMBL5078658,Cc1c(C)c2ccc(OCc3ccc(CN(C)CCCC(F)F)cc3)cc2oc1=O,UXFJYPQDRBVIIL-UHFFFAOYSA-N,6.8,6.8,0.0,6.8,6.8,0.0,1,1,10.1021/acs.jmedchem.1c01784,2022,2022,24422250,False,0
MAOB_HUMAN_IC50,Human MAO-B,primary,CHEMBL2039,Amine oxidase [flavin-containing] B,Homo sapiens,IC50,CHEMBL1783716,COc1cc(-c2cc3cc(C)ccc3oc2=O)cc(OC)c1OC,VSMSVQNSANDIFA-UHFFFAOYSA-N,6.79,6.79,0.0,6.79,6.79,0.0,2,2,10.1016/j.bmcl.2009.04.085; 10.1021/jm200716y,2009,2011,6220083; 6383792,False,1
MAOB_HUMAN_IC50,Human MAO-B,primary,CHEMBL2039,Amine oxidase [flavin-containing] B,Homo sapiens,IC50,CHEMBL4439320,Cc1c(C)c2ccc(OCC3CCCN(Cc4ccc(F)cc4)C3)cc2oc1=O.Cl,YOWUEPXICGUKNK-UHFFFAOYSA-N,6.79,6.79,0.0,6.79,6.79,0.0,1,1,10.1021/acs.jmedchem.6b00562,2016,2016,19406952,False,0
MAOB_HUMAN_IC50,Human MAO-B,primary,CHEMBL2039,Amine oxidase [flavin-containing] B,Homo sapiens,IC50,CHEMBL4451228,CCc1c(O)c(=O)ccn1Cc1cc2ccc(OCc3ccc(F)cc3)cc2oc1=O,FDEVXQQOCFIMQS-UHFFFAOYSA-N,6.79,6.79,0.0,6.79,6.79,0.0,1,1,10.1016/j.ejmech.2019.07.031,2019,2019,19098408,False,0
MAOB_HUMAN_IC50,Human MAO-B,primary,CHEMBL2039,Amine oxidase [flavin-containing] B,Homo sapiens,IC50,CHEMBL4636566,Cc1ccc2cc(C(=O)NCCn3ccc(=O)c(O)c3C)c(=O)oc2c1,ZCTOKGPGFFZTKX-UHFFFAOYSA-N,6.79,6.79,0.0,6.79,6.79,0.0,1,1,10.1016/j.bmc.2020.115550,2020,2020,20685913,False,0
MAOB_HUMAN_IC50,Human MAO-B,primary,CHEMBL2039,Amine oxidase [flavin-containing] B,Homo sapiens,IC50,CHEMBL488076,CC(=O)COc1ccc2c3c(c(=O)oc2c1C)CCC3,JLYIBZRYQJEBHZ-UHFFFAOYSA-N,6.78,6.78,0.0,6.78,6.78,0.0,1,1,10.1021/jm800656v,2008,2008,2592799,False,0
MAOB_HUMAN_IC50,Human MAO-B,primary,CHEMBL2039,Amine oxidase [flavin-containing] B,Homo sapiens,IC50,CHEMBL120770,Cc1cc(=O)oc2cc(OC/C=C/C3=CC(=O)C(C)(C)O3)ccc12,AXIRQRZVUWCTCT-SNAWJCMRSA-N,6.77,6.77,0.0,6.77,6.77,0.0,1,1,10.1016/s0960-894x(02)00798-9,2002,2002,962388,False,0
MAOB_HUMAN_IC50,Human MAO-B,primary,CHEMBL2039,Amine oxidase [flavin-containing] B,Homo sapiens,IC50,CHEMBL3220507,Cc1ccc(C(=O)Nc2cc3cc(C)ccc3oc2=O)cc1,DUFYHLPGRRTZAM-UHFFFAOYSA-N,6.77,6.77,0.0,6.77,6.77,0.0,1,1,10.1039/C1MD00221J,2012,2012,14552974,False,0
MAOB_HUMAN_IC50,Human MAO-B,primary,CHEMBL2039,Amine oxidase [flavin-containing] B,Homo sapiens,IC50,CHEMBL3736482,Cc1ccc2oc(=O)c(-c3ccc(OCc4cccc(F)c4)cc3)cc2c1,VDUYWEMWRBGSMX-UHFFFAOYSA-N,6.76,6.76,0.0,6.76,6.76,0.0,1,1,10.1039/C4MD00437J,2015,2015,16386442,False,0
MAOB_HUMAN_IC50,Human MAO-B,primary,CHEMBL2039,Amine oxidase [flavin-containing] B,Homo sapiens,IC50,CHEMBL4647450,Cc1c(O)c(=O)ccn1CCNC(=O)c1cc2ccccc2oc1=O,HEPGVGITKWTDBU-UHFFFAOYSA-N,6.76,6.76,0.0,6.76,6.76,0.0,1,1,10.1016/j.bmc.2020.115550,2020,2020,20685906,False,0
MAOB_HUMAN_IC50,Human MAO-B,primary,CHEMBL2039,Amine oxidase [flavin-containing] B,Homo sapiens,IC50,CHEMBL1835328,CC(=O)COc1cccc(-c2cc3cc(C)ccc3oc2=O)c1,QHOSISOIBUGKLG-UHFFFAOYSA-N,6.75,6.75,0.0,6.75,6.75,0.0,1,1,10.1021/jm200716y,2011,2011,6383799,False,0
MAOB_HUMAN_IC50,Human MAO-B,primary,CHEMBL2039,Amine oxidase [flavin-containing] B,Homo sapiens,IC50,CHEMBL5573115,CN(CCc1cccnc1)Cc1ccc(COc2ccc3c(CO)cc(=O)oc3c2)cc1,XPTUUTSFMHAOPS-UHFFFAOYSA-N,6.75,6.75,0.0,6.75,6.75,0.0,1,1,10.1016/j.ejmech.2024.116511,2024,2024,25998580,False,0
MAOB_HUMAN_IC50,Human MAO-B,primary,CHEMBL2039,Amine oxidase [flavin-containing] B,Homo sapiens,IC50,CHEMBL2376888,CC(C)COC(=O)Nc1cc2ccccc2oc1=O,WJDOZVLLYHCHJG-UHFFFAOYSA-N,6.73,6.73,0.0,6.73,6.73,0.0,1,1,10.1016/j.ejmech.2013.02.009,2013,2013,13279552,False,0
MAOB_HUMAN_IC50,Human MAO-B,primary,CHEMBL2039,Amine oxidase [flavin-containing] B,Homo sapiens,IC50,CHEMBL4642136,Cc1c(O)c(=O)ccn1CCNC(=O)c1cc2cc(O)ccc2oc1=O,CPYFQXLXVJEJPA-UHFFFAOYSA-N,6.73,6.73,0.0,6.73,6.73,0.0,1,1,10.1016/j.bmc.2020.115550,2020,2020,20685911,False,0
MAOB_HUMAN_IC50,Human MAO-B,primary,CHEMBL2039,Amine oxidase [flavin-containing] B,Homo sapiens,IC50,CHEMBL4580037,Cc1cc(=O)c(O)cn1Cc1cc2ccc(OCc3cccc(F)c3)cc2oc1=O,YBWJXLLXPMZOHT-UHFFFAOYSA-N,6.71,6.71,0.0,6.71,6.71,0.0,1,1,10.1016/j.ejmech.2019.07.031,2019,2019,19098406,False,0
MAOB_HUMAN_IC50,Human MAO-B,primary,CHEMBL2039,Amine oxidase [flavin-containing] B,Homo sapiens,IC50,CHEMBL4648527,O=C(NCCn1ccc(=O)c(O)c1)c1cc2ccccc2oc1=O,LFXZFRRJMOWNMJ-UHFFFAOYSA-N,6.71,6.71,0.0,6.71,6.71,0.0,1,1,10.1016/j.bmc.2020.115550,2020,2020,20685908,False,0
MAOB_HUMAN_IC50,Human MAO-B,primary,CHEMBL2039,Amine oxidase [flavin-containing] B,Homo sapiens,IC50,CHEMBL145452,COc1ccc(S(=O)(=O)Oc2ccc3c(C)c(C)c(=O)oc3c2)cc1,VBPNIRNKMDDCEE-UHFFFAOYSA-N,6.7,6.7,0.0,6.7,6.7,0.0,1,1,10.1021/jm060441e,2006,2006,1773849,False,0
MAOB_HUMAN_IC50,Human MAO-B,primary,CHEMBL2039,Amine oxidase [flavin-containing] B,Homo sapiens,IC50,CHEMBL1830797,CC(=O)c1cc2cc(Br)cc(Br)c2oc1=O,SDPFBESXQREFHP-UHFFFAOYSA-N,6.7,6.7,0.0,6.7,6.7,0.0,1,1,10.1016/j.ejmech.2011.07.017,2011,2011,6361418,False,0
MAOB_HUMAN_IC50,Human MAO-B,primary,CHEMBL2039,Amine oxidase [flavin-containing] B,Homo sapiens,IC50,CHEMBL3735983,Cc1ccc2oc(=O)c(-c3cccc(OCc4ccccc4)c3)cc2c1,WDNCTEMYHFTCPM-UHFFFAOYSA-N,6.7,6.7,0.0,6.7,6.7,0.0,1,1,10.1039/C4MD00437J,2015,2015,16386438,False,0
MAOB_HUMAN_IC50,Human MAO-B,primary,CHEMBL2039,Amine oxidase [flavin-containing] B,Homo sapiens,IC50,CHEMBL4527294,O=C(SCCc1ccco1)c1cc2ccccc2oc1=O,CTUKKXMFFDKESC-UHFFFAOYSA-N,6.7,6.7,0.0,6.7,6.7,0.0,1,1,10.1039/C8MD00446C,2019,2019,19480631,False,0
MAOB_HUMAN_IC50,Human MAO-B,primary,CHEMBL2039,Amine oxidase [flavin-containing] B,Homo sapiens,IC50,CHEMBL3297792,O=C(SCc1ccco1)c1cc2ccccc2oc1=O,HXQDHFZVEJQXCE-UHFFFAOYSA-N,6.68,6.68,0.0,6.68,6.68,0.0,1,1,10.1016/j.bmc.2014.05.002,2014,2014,15044545,False,0
MAOB_HUMAN_IC50,Human MAO-B,primary,CHEMBL2039,Amine oxidase [flavin-containing] B,Homo sapiens,IC50,CHEMBL5571185,CCOC(=O)c1cc2ccc(OCc3ccc(S(N)(=O)=O)cc3)cc2oc1=O,PTZAUMRAQORXBV-UHFFFAOYSA-N,6.68,6.68,0.0,6.68,6.68,0.0,1,1,10.1021/acs.jmedchem.4c00045,2024,2024,25934252,False,0
MAOB_HUMAN_IC50,Human MAO-B,primary,CHEMBL2039,Amine oxidase [flavin-containing] B,Homo sapiens,IC50,CHEMBL3394537,O=c1oc2cc(/N=C/c3ccc(O)cc3O)ccc2c2c1CCC2,CDVYYTNUPRMDNC-KEBDBYFISA-N,6.66,6.66,0.0,6.66,6.66,0.0,1,1,10.1016/j.bmcl.2014.12.034,2015,2015,15144171,False,0
MAOB_HUMAN_IC50,Human MAO-B,primary,CHEMBL2039,Amine oxidase [flavin-containing] B,Homo sapiens,IC50,CHEMBL3735242,Cc1ccc2oc(=O)c(-c3cccc(OCCN(C)C)c3)cc2c1,QFCBQKDUOJIAHP-UHFFFAOYSA-N,6.66,6.66,0.0,6.66,6.66,0.0,1,1,10.1039/C4MD00437J,2015,2015,16386431,False,0
MAOB_HUMAN_IC50,Human MAO-B,primary,CHEMBL2039,Amine oxidase [flavin-containing] B,Homo sapiens,IC50,CHEMBL4452340,CCc1c(O)c(=O)ccn1Cc1cc2ccc(OCc3cc(F)cc(F)c3)cc2oc1=O,AUFBLPZBQHDIQV-UHFFFAOYSA-N,6.65,6.65,0.0,6.65,6.65,0.0,1,1,10.1016/j.ejmech.2019.07.031,2019,2019,19098410,False,0
MAOB_HUMAN_IC50,Human MAO-B,primary,CHEMBL2039,Amine oxidase [flavin-containing] B,Homo sapiens,IC50,CHEMBL4081648,COc1ccc2oc(=O)c(C(=O)Nc3cccc(O)c3)cc2c1,OUJLIIYZTCMIGQ-UHFFFAOYSA-N,6.64,6.64,0.0,6.64,6.64,0.0,1,1,10.1021/acs.jmedchem.7b00918,2017,2017,18187118,False,0
MAOB_HUMAN_IC50,Human MAO-B,primary,CHEMBL2039,Amine oxidase [flavin-containing] B,Homo sapiens,IC50,CHEMBL1761764,COc1ccc2oc(=O)c(-c3ccsc3)cc2c1,OOEJVBXLJQBJNN-UHFFFAOYSA-N,6.63,6.63,0.0,6.63,6.63,0.0,1,1,10.1016/j.ejmech.2011.01.033,2011,2011,6153448,False,0
MAOB_HUMAN_IC50,Human MAO-B,primary,CHEMBL2039,Amine oxidase [flavin-containing] B,Homo sapiens,IC50,CHEMBL488075,C=C(Br)COc1ccc2c3c(c(=O)oc2c1C)CCCC3,DDSCUTPYQTUYIQ-UHFFFAOYSA-N,6.63,6.63,0.0,6.63,6.63,0.0,1,1,10.1021/jm800656v,2008,2008,2592795,False,0
MAOB_HUMAN_IC50,Human MAO-B,primary,CHEMBL2039,Amine oxidase [flavin-containing] B,Homo sapiens,IC50,CHEMBL3417300,Cc1c(C)c2ccc(OCCN3CCN(CCCNc4c5c(nc6ccccc46)CCCC5)CC3)cc2oc1=O,QXXGDBDNPIPTRF-UHFFFAOYSA-N,6.62,6.62,0.0,6.62,6.62,0.0,1,1,10.1016/j.ejmech.2015.03.040,2015,2015,15219051,False,0
MAOB_HUMAN_IC50,Human MAO-B,primary,CHEMBL2039,Amine oxidase [flavin-containing] B,Homo sapiens,IC50,CHEMBL3736303,Cc1ccc2oc(=O)c(-c3ccccc3OCc3cccc(F)c3)cc2c1,CAJALORJXATDKF-UHFFFAOYSA-N,6.6,6.6,0.0,6.6,6.6,0.0,1,1,10.1039/C4MD00437J,2015,2015,16386440,False,0
MAOB_HUMAN_IC50,Human MAO-B,primary,CHEMBL2039,Amine oxidase [flavin-containing] B,Homo sapiens,IC50,CHEMBL4530960,Cc1c(C)c2ccc(OCC3CCN(CCCO[N+](=O)[O-])CC3)cc2oc1=O,OYUDOWGNEYPOED-UHFFFAOYSA-N,6.6,6.6,0.0,6.6,6.6,0.0,1,1,10.1016/j.ejmech.2018.10.016,2019,2019,18936921,False,0
MAOB_HUMAN_IC50,Human MAO-B,primary,CHEMBL2039,Amine oxidase [flavin-containing] B,Homo sapiens,IC50,CHEMBL508698,O=C(Nc1cccc(F)c1)c1cc2ccccc2oc1=O,WBIXRKMWHQWRMJ-UHFFFAOYSA-N,6.6,6.6,0.0,6.6,6.6,0.0,1,1,10.1021/jm801496u,2009,2009,2411338,False,0
MAOB_HUMAN_IC50,Human MAO-B,primary,CHEMBL2039,Amine oxidase [flavin-containing] B,Homo sapiens,IC50,CHEMBL145374,O=c1cc(-c2ccccc2)c2ccc(OCc3ccccc3)cc2o1,DQQCMCHMGYUJJS-UHFFFAOYSA-N,6.59,6.59,0.0,6.59,6.59,0.0,1,1,10.1021/jm060441e,2006,2006,1773856,False,0
MAOB_HUMAN_IC50,Human MAO-B,primary,CHEMBL2039,Amine oxidase [flavin-containing] B,Homo sapiens,IC50,CHEMBL3121774,C#CCCOc1ccc2cc(C(=O)OC)c(=O)oc2c1,ZARJVZONCZUXPC-UHFFFAOYSA-N,6.59,6.59,0.0,6.59,6.59,0.0,1,1,10.1016/j.bmc.2014.01.046,2014,2014,13935943,False,0
MAOB_HUMAN_IC50,Human MAO-B,primary,CHEMBL2039,Amine oxidase [flavin-containing] B,Homo sapiens,IC50,CHEMBL3734905,Cc1ccc2oc(=O)c(-c3ccccc3OCc3ccccc3)cc2c1,YXYNWGWBPHCSTA-UHFFFAOYSA-N,6.59,6.59,0.0,6.59,6.59,0.0,1,1,10.1039/C4MD00437J,2015,2015,16386437,False,0
MAOB_HUMAN_IC50,Human MAO-B,primary,CHEMBL2039,Amine oxidase [flavin-containing] B,Homo sapiens,IC50,CHEMBL1761760,COc1ccc2cc(-c3cccs3)c(=O)oc2c1,KPDCQGDQRCDXTP-UHFFFAOYSA-N,6.58,6.58,0.0,6.58,6.58,0.0,1,1,10.1016/j.ejmech.2011.01.033,2011,2011,6153444,False,0
MAOB_HUMAN_IC50,Human MAO-B,primary,CHEMBL2039,Amine oxidase [flavin-containing] B,Homo sapiens,IC50,CHEMBL4570780,CCc1c(O)c(=O)ccn1Cc1cc2ccc(OCc3cccc(F)c3)cc2oc1=O,MVLRPJXSLRLXSZ-UHFFFAOYSA-N,6.58,6.58,0.0,6.58,6.58,0.0,1,1,10.1016/j.ejmech.2019.07.031,2019,2019,19098405,False,0
MAOB_HUMAN_IC50,Human MAO-B,primary,CHEMBL2039,Amine oxidase [flavin-containing] B,Homo sapiens,IC50,CHEMBL5072382,Cc1c(C)c2ccc(OCC3CCCN(CCCC(F)F)C3)cc2oc1=O,KUHCABBCAHJPQR-UHFFFAOYSA-N,6.58,6.58,0.0,6.58,6.58,0.0,1,1,10.1021/acs.jmedchem.1c01784,2022,2022,24422243,False,0
MAOB_HUMAN_IC50,Human MAO-B,primary,CHEMBL2039,Amine oxidase [flavin-containing] B,Homo sapiens,IC50,CHEMBL4441456,Cc1c(C)c2ccc(OC3CCN(C)CC3)cc2oc1=O,AXSXATQECYCTMF-UHFFFAOYSA-N,6.56,6.56,0.0,6.56,6.56,0.0,1,1,10.1021/acs.jmedchem.6b00562,2016,2016,19406931,False,0
MAOB_HUMAN_IC50,Human MAO-B,primary,CHEMBL2039,Amine oxidase [flavin-containing] B,Homo sapiens,IC50,CHEMBL1783714,Cc1ccc2oc(=O)c(-c3ccccc3)cc2c1,CWPFCMRZZPIZTM-UHFFFAOYSA-N,6.55,6.55,0.0,6.55,6.55,0.0,3,3,10.1016/j.bmcl.2009.04.085; 10.1021/jm200716y; 10.1039/C1MD00221J,2009,2012,14552972; 6220080; 6383785,False,1
MAOB_HUMAN_IC50,Human MAO-B,primary,CHEMBL2039,Amine oxidase [flavin-containing] B,Homo sapiens,IC50,CHEMBL4067432,Cc1c(Cl)c(=O)oc2cc(OCCN3CCC(Cc4ccccc4)CC3)ccc12,YIBRRLAMNLXGFL-UHFFFAOYSA-N,6.54,6.54,0.0,6.54,6.54,0.0,1,1,10.1016/j.ejmech.2016.09.041,2017,2017,18195006,False,0
MAOB_HUMAN_IC50,Human MAO-B,primary,CHEMBL2039,Amine oxidase [flavin-containing] B,Homo sapiens,IC50,CHEMBL4466718,Cc1c(C)c2ccc(OC3CCN(Cc4cccc(Cl)c4)CC3)cc2oc1=O,HWTRGPWDQGKEJX-UHFFFAOYSA-N,6.54,6.54,0.0,6.54,6.54,0.0,1,1,10.1021/acs.jmedchem.6b00562,2016,2016,19406934,False,0
MAOB_HUMAN_IC50,Human MAO-B,primary,CHEMBL2039,Amine oxidase [flavin-containing] B,Homo sapiens,IC50,CHEMBL4521148,Cc1cc(=O)c(O)cn1Cc1cc2ccc(OCc3ccccc3)cc2oc1=O,VJJMWQCUTPAPPB-UHFFFAOYSA-N,6.54,6.54,0.0,6.54,6.54,0.0,1,1,10.1016/j.ejmech.2019.07.031,2019,2019,19098401,False,0
MAOB_HUMAN_IC50,Human MAO-B,primary,CHEMBL2039,Amine oxidase [flavin-containing] B,Homo sapiens,IC50,CHEMBL4451548,Cc1c(C)c2ccc(OCC3CCN(C)CC3)cc2oc1=O.Cl,RQUAIDZZEUKRHE-UHFFFAOYSA-N,6.53,6.53,0.0,6.53,6.53,0.0,1,1,10.1021/acs.jmedchem.6b00562,2016,2016,19406939,False,0
MAOB_HUMAN_IC50,Human MAO-B,primary,CHEMBL2039,Amine oxidase [flavin-containing] B,Homo sapiens,IC50,CHEMBL4522235,Cc1c(C)c2ccc(OCCCN3CCc4ccccc4C3)cc2oc1=O.Cl,NTAVCLYHLPYVCZ-UHFFFAOYSA-N,6.53,6.53,0.0,6.53,6.53,0.0,1,1,10.1021/acs.jmedchem.6b00562,2016,2016,19406957,False,0
MAOB_HUMAN_IC50,Human MAO-B,primary,CHEMBL2039,Amine oxidase [flavin-containing] B,Homo sapiens,IC50,CHEMBL4088674,Cc1c(C#N)c(=O)oc2cc(OCCN3CCC(Cc4ccccc4)CC3)ccc12,DGCLWMRVKTWYAS-UHFFFAOYSA-N,6.52,6.52,0.0,6.52,6.52,0.0,1,1,10.1016/j.ejmech.2016.09.041,2017,2017,18195007,False,0
MAOB_HUMAN_IC50,Human MAO-B,primary,CHEMBL2039,Amine oxidase [flavin-containing] B,Homo sapiens,IC50,CHEMBL4522440,Cc1c(O)c(=O)ccn1Cc1cc2ccc(OCc3ccc(F)cc3)cc2oc1=O,MRKQTXBMWPHPAB-UHFFFAOYSA-N,6.52,6.52,0.0,6.52,6.52,0.0,1,1,10.1016/j.ejmech.2019.07.031,2019,2019,19098407,False,0
MAOB_HUMAN_IC50,Human MAO-B,primary,CHEMBL2039,Amine oxidase [flavin-containing] B,Homo sapiens,IC50,CHEMBL3735625,Cc1ccc(S(=O)(=O)Oc2cccc(-c3cc4cc(C)ccc4oc3=O)c2)cc1,RAYARSWFEGXLQO-UHFFFAOYSA-N,6.51,6.51,0.0,6.51,6.51,0.0,1,1,10.1039/C4MD00437J,2015,2015,16386435,False,0
MAOB_HUMAN_IC50,Human MAO-B,primary,CHEMBL2039,Amine oxidase [flavin-containing] B,Homo sapiens,IC50,CHEMBL4444006,Cc1c(C)c2ccc(OCc3cccc(CN4CCC(CO)CC4)c3)cc2oc1=O,AJYQNGRAUDTCMC-UHFFFAOYSA-N,6.5,6.5,0.0,6.5,6.5,0.0,1,1,10.1016/j.ejmech.2018.10.016,2019,2019,18936888,False,0
MAOB_HUMAN_IC50,Human MAO-B,primary,CHEMBL2039,Amine oxidase [flavin-containing] B,Homo sapiens,IC50,CHEMBL3121864,COC(=O)c1cc2cc(OC/C=C(\C)CCC=C(C)C)ccc2oc1=O,QLALDPLWXIRUTE-XNTDXEJSSA-N,6.49,6.49,0.0,6.49,6.49,0.0,1,1,10.1016/j.bmc.2014.01.046,2014,2014,13935917,False,0
MAOB_HUMAN_IC50,Human MAO-B,primary,CHEMBL2039,Amine oxidase [flavin-containing] B,Homo sapiens,IC50,CHEMBL3586582,Cc1c(C)c2ccc(OCCCCCCN(C)Cc3ccccc3)cc2oc1=O,QGRBYVLSFDOHSR-UHFFFAOYSA-N,6.49,6.49,0.0,6.49,6.49,0.0,1,1,10.1021/acs.jmedchem.5b00599,2015,2015,15625513,False,0
MAOB_HUMAN_IC50,Human MAO-B,primary,CHEMBL2039,Amine oxidase [flavin-containing] B,Homo sapiens,IC50,CHEMBL5563200,COc1ccc2cc(C(=O)Nc3ccc(S(N)(=O)=O)cc3)c(=O)oc2c1,ZCHPXRQGHCAVJD-UHFFFAOYSA-N,6.49,6.49,0.0,6.49,6.49,0.0,1,1,10.1021/acs.jmedchem.4c00045,2024,2024,25934245,False,0
MAOB_HUMAN_IC50,Human MAO-B,primary,CHEMBL2039,Amine oxidase [flavin-containing] B,Homo sapiens,IC50,CHEMBL4469018,Cc1c(O)c(=O)ccn1Cc1cc2ccc(OCc3ccccc3)cc2oc1=O,ZMNIWMXZTAUSKD-UHFFFAOYSA-N,6.47,6.47,0.0,6.47,6.47,0.0,1,1,10.1016/j.ejmech.2019.07.031,2019,2019,19098399,False,0
MAOB_HUMAN_IC50,Human MAO-B,primary,CHEMBL2039,Amine oxidase [flavin-containing] B,Homo sapiens,IC50,CHEMBL5094348,Cc1c(C)c2ccc(OCCCN(Cc3cccc(F)c3)C(C)C)cc2oc1=O,XEKGDDSQICBFDK-UHFFFAOYSA-N,6.46,6.46,0.0,6.46,6.46,0.0,1,1,10.1021/acs.jmedchem.1c01784,2022,2022,24422248,False,0
MAOB_HUMAN_IC50,Human MAO-B,primary,CHEMBL2039,Amine oxidase [flavin-containing] B,Homo sapiens,IC50,CHEMBL3394534,Cc1c(C)c2ccc(/N=C/c3ccc(O)cc3O)cc2oc1=O,NPWWMJDEQZUQBN-DJKKODMXSA-N,6.43,6.43,0.0,6.43,6.43,0.0,1,1,10.1016/j.bmcl.2014.12.034,2015,2015,15144174,False,0
MAOB_HUMAN_IC50,Human MAO-B,primary,CHEMBL2039,Amine oxidase [flavin-containing] B,Homo sapiens,IC50,CHEMBL5279769,O=c1cc(OCCN2CCOCC2)c2ccccc2o1,YDEKYDSVGJEDFH-UHFFFAOYSA-N,6.43,6.43,0.0,6.43,6.43,0.0,1,1,10.1016/j.ejmech.2020.112787,2020,2020,24995661,False,0
MAOB_HUMAN_IC50,Human MAO-B,primary,CHEMBL2039,Amine oxidase [flavin-containing] B,Homo sapiens,IC50,CHEMBL3121866,C#CCNCCOc1ccc2cc(C(=O)OC)c(=O)oc2c1,KIPYTLOOVYNKFV-UHFFFAOYSA-N,6.42,6.42,0.0,6.42,6.42,0.0,1,1,10.1016/j.bmc.2014.01.046,2014,2014,13935915,False,0
MAOB_HUMAN_IC50,Human MAO-B,primary,CHEMBL2039,Amine oxidase [flavin-containing] B,Homo sapiens,IC50,CHEMBL3394529,Cc1cc(=O)oc2cc(/N=C/c3ccc(Br)cc3O)ccc12,FPMYOMFCXPAASN-DJKKODMXSA-N,6.41,6.41,0.0,6.41,6.41,0.0,1,1,10.1016/j.bmcl.2014.12.034,2015,2015,15144179,False,0
MAOB_HUMAN_IC50,Human MAO-B,primary,CHEMBL2039,Amine oxidase [flavin-containing] B,Homo sapiens,IC50,CHEMBL3736142,CC(=O)Oc1ccc(-c2cc3cc(C)ccc3oc2=O)cc1,OTUTZYBSJMSVHF-UHFFFAOYSA-N,6.4,6.4,0.0,6.4,6.4,0.0,1,1,10.1039/C4MD00437J,2015,2015,16386427,False,0
MAOB_HUMAN_IC50,Human MAO-B,primary,CHEMBL2039,Amine oxidase [flavin-containing] B,Homo sapiens,IC50,CHEMBL1830827,O=C(O)c1cc2ccc(OCc3ccc(Cl)c(Cl)c3)cc2oc1=O,NTPJRNLYPBHFEA-UHFFFAOYSA-N,6.39,6.39,0.0,6.39,6.39,0.0,1,1,10.1016/j.ejmech.2011.07.017,2011,2011,6361419,False,0
MAOB_HUMAN_IC50,Human MAO-B,primary,CHEMBL2039,Amine oxidase [flavin-containing] B,Homo sapiens,IC50,CHEMBL3394541,Cc1c(C)c2ccc(NCc3ccccc3O)cc2oc1=O,VNSDMWAFZUOXBD-UHFFFAOYSA-N,6.38,6.38,0.0,6.38,6.38,0.0,1,1,10.1016/j.bmcl.2014.12.034,2015,2015,15144167,False,0
MAOB_HUMAN_IC50,Human MAO-B,primary,CHEMBL2039,Amine oxidase [flavin-containing] B,Homo sapiens,IC50,CHEMBL5079544,CN(CCCO)Cc1ccc(COc2ccc3c(CO)cc(=O)oc3c2)cc1,LSEUJBVYGRJBEU-UHFFFAOYSA-N,6.38,6.38,0.0,6.38,6.38,0.0,1,1,10.1021/acs.jmedchem.1c01784,2022,2022,24422259,False,0
MAOB_HUMAN_IC50,Human MAO-B,primary,CHEMBL2039,Amine oxidase [flavin-containing] B,Homo sapiens,IC50,CHEMBL5575196,CN(C)Cc1cc(=O)oc2cc(OCc3ccc(S(N)(=O)=O)cc3)ccc12,AJXZNTSFDXZFKC-UHFFFAOYSA-N,6.38,6.38,0.0,6.38,6.38,0.0,1,1,10.1021/acs.jmedchem.4c00045,2024,2024,25934275,False,0
MAOB_HUMAN_IC50,Human MAO-B,primary,CHEMBL2039,Amine oxidase [flavin-containing] B,Homo sapiens,IC50,CHEMBL4475910,CCc1c(O)c(=O)ccn1Cc1cc2ccc(OCc3cccc(Cl)c3)cc2oc1=O,BWEKGMKJNYVSMB-UHFFFAOYSA-N,6.37,6.37,0.0,6.37,6.37,0.0,1,1,10.1016/j.ejmech.2019.07.031,2019,2019,19098402,False,0
MAOB_HUMAN_IC50,Human MAO-B,primary,CHEMBL2039,Amine oxidase [flavin-containing] B,Homo sapiens,IC50,CHEMBL4569054,Cc1c(C)c2ccc(OC3CCN(Cc4ccccc4)CC3)cc2oc1=O,DCRCANSGLMNLEA-UHFFFAOYSA-N,6.35,6.35,0.0,6.35,6.35,0.0,1,1,10.1021/acs.jmedchem.6b00562,2016,2016,19406933,False,0
MAOB_HUMAN_IC50,Human MAO-B,primary,CHEMBL2039,Amine oxidase [flavin-containing] B,Homo sapiens,IC50,CHEMBL469768,O=C(Nc1c(F)c(F)c(F)c(F)c1F)c1cc2ccccc2oc1=O,TZIVSIXQHSQQNV-UHFFFAOYSA-N,6.34,6.34,0.0,6.34,6.34,0.0,1,1,10.1021/jm801496u,2009,2009,2411359,False,0
MAOB_HUMAN_IC50,Human MAO-B,primary,CHEMBL2039,Amine oxidase [flavin-containing] B,Homo sapiens,IC50,CHEMBL4078343,O=c1ccc2ccc(OCCN3CCC(Cc4ccccc4)CC3)cc2o1,XCOBFKVCBHODFF-UHFFFAOYSA-N,6.33,6.33,0.0,6.33,6.33,0.0,1,1,10.1016/j.ejmech.2016.09.041,2017,2017,18195004,False,0
MAOB_HUMAN_IC50,Human MAO-B,primary,CHEMBL2039,Amine oxidase [flavin-containing] B,Homo sapiens,IC50,CHEMBL3394531,Cc1c(Cl)c(=O)oc2cc(/N=C/c3ccccc3O)ccc12,ZVXVWJBUYPVEQG-DJKKODMXSA-N,6.32,6.32,0.0,6.32,6.32,0.0,1,1,10.1016/j.bmcl.2014.12.034,2015,2015,15144177,False,0
MAOB_HUMAN_IC50,Human MAO-B,primary,CHEMBL2039,Amine oxidase [flavin-containing] B,Homo sapiens,IC50,CHEMBL4464759,Cc1c(C)c2ccc(OCC3CCN(CCCO)CC3)cc2oc1=O,IEMVOQOAOQXSRB-UHFFFAOYSA-N,6.32,6.32,0.0,6.32,6.32,0.0,2,2,10.1016/j.ejmech.2018.10.016; 10.1021/acs.jmedchem.1c01784,2019,2022,18936917; 24422257,False,1
MAOB_HUMAN_IC50,Human MAO-B,primary,CHEMBL2039,Amine oxidase [flavin-containing] B,Homo sapiens,IC50,CHEMBL4468552,Cc1cc(=O)oc2cc(OCC3CCN(Cc4cccc(CO)c4)CC3)ccc12,XLMQLJNHGAXCAD-UHFFFAOYSA-N,6.32,6.32,0.0,6.32,6.32,0.0,1,1,10.1016/j.ejmech.2018.10.016,2019,2019,18936912,False,0
MAOB_HUMAN_IC50,Human MAO-B,primary,CHEMBL2039,Amine oxidase [flavin-containing] B,Homo sapiens,IC50,CHEMBL472080,O=C(NC1CCCCC1)c1cc2ccccc2oc1=O,KUWSPPXPGQEHSQ-UHFFFAOYSA-N,6.3,6.3,0.0,6.3,6.3,0.0,1,1,10.1021/jm801496u,2009,2009,2411330,False,0
MAOB_HUMAN_IC50,Human MAO-B,primary,CHEMBL2039,Amine oxidase [flavin-containing] B,Homo sapiens,IC50,CHEMBL3394528,Cc1ccc(/C=N/c2ccc3c(C)cc(=O)oc3c2)c(O)c1,IQSSOVNBZCJXBT-VXLYETTFSA-N,6.29,6.29,0.0,6.29,6.29,0.0,1,1,10.1016/j.bmcl.2014.12.034,2015,2015,15144180,False,0
MAOB_HUMAN_IC50,Human MAO-B,primary,CHEMBL2039,Amine oxidase [flavin-containing] B,Homo sapiens,IC50,CHEMBL5594046,O=C(/C=C/c1ccccc1Cl)c1cc2ccccc2oc1=O,TVTIXYCYMBPAFW-MDZDMXLPSA-N,6.29,6.29,0.0,6.29,6.29,0.0,1,1,10.1016/j.ejmech.2024.116569,2024,2024,26023169,False,0
MAOB_HUMAN_IC50,Human MAO-B,primary,CHEMBL2039,Amine oxidase [flavin-containing] B,Homo sapiens,IC50,CHEMBL4096387,Cc1cc(=O)oc2cc(OCCN3CCC(Cc4ccccc4)CC3)ccc12,NPWWCJQCZNQRMS-UHFFFAOYSA-N,6.28,6.28,0.0,6.28,6.28,0.0,1,1,10.1016/j.ejmech.2016.09.041,2017,2017,18195005,False,0
MAOB_HUMAN_IC50,Human MAO-B,primary,CHEMBL2039,Amine oxidase [flavin-containing] B,Homo sapiens,IC50,CHEMBL5081574,Cc1c(C)c2ccc(OCC3CCN(CCCC(F)F)CC3)cc2oc1=O,NQNJDDJLRMICLQ-UHFFFAOYSA-N,6.28,6.28,0.0,6.28,6.28,0.0,1,1,10.1021/acs.jmedchem.1c01784,2022,2022,24422246,False,0
MAOB_HUMAN_IC50,Human MAO-B,primary,CHEMBL2039,Amine oxidase [flavin-containing] B,Homo sapiens,IC50,CHEMBL3121777,C#CCCCOc1ccc2cc(C(=O)c3ccc(OC)cc3)c(=O)oc2c1,PRTRRTCXJMFTIT-UHFFFAOYSA-N,6.27,6.27,0.0,6.27,6.27,0.0,1,1,10.1016/j.bmc.2014.01.046,2014,2014,13935939,False,0
MAOB_HUMAN_IC50,Human MAO-B,primary,CHEMBL2039,Amine oxidase [flavin-containing] B,Homo sapiens,IC50,CHEMBL3394542,Cc1c(Cl)c(=O)oc2cc(NCc3ccccc3O)ccc12,HBYCVBOUPPRPRS-UHFFFAOYSA-N,6.27,6.27,0.0,6.27,6.27,0.0,1,1,10.1016/j.bmcl.2014.12.034,2015,2015,15144166,False,0
MAOB_HUMAN_IC50,Human MAO-B,primary,CHEMBL2039,Amine oxidase [flavin-containing] B,Homo sapiens,IC50,CHEMBL3417301,Cc1cc2ccc(OCCN3CCN(CCCNc4c5c(nc6ccccc46)CCCC5)CC3)cc2oc1=O,LSWKLICEAUQVMA-UHFFFAOYSA-N,6.27,6.27,0.0,6.27,6.27,0.0,1,1,10.1016/j.ejmech.2015.03.040,2015,2015,15219050,False,0
MAOB_HUMAN_IC50,Human MAO-B,primary,CHEMBL2039,Amine oxidase [flavin-containing] B,Homo sapiens,IC50,CHEMBL4578377,Cc1c(C)c2ccc(OCC3CCN(Cc4cccc(OCCCO[N+](=O)[O-])c4)CC3)cc2oc1=O,XOEFPFRIFYUXTJ-UHFFFAOYSA-N,6.26,6.26,0.0,6.26,6.26,0.0,1,1,10.1016/j.ejmech.2018.10.016,2019,2019,18936922,False,0
MAOB_HUMAN_IC50,Human MAO-B,primary,CHEMBL2039,Amine oxidase [flavin-containing] B,Homo sapiens,IC50,CHEMBL4582505,Cc1c(C)c2ccc(OCC3CCN(Cc4ccc(C#N)cc4)CC3)cc2oc1=O.Cl,MQPMZOFJFHCXIM-UHFFFAOYSA-N,6.26,6.26,0.0,6.26,6.26,0.0,1,1,10.1021/acs.jmedchem.6b00562,2016,2016,19406943,False,0
MAOB_HUMAN_IC50,Human MAO-B,primary,CHEMBL2039,Amine oxidase [flavin-containing] B,Homo sapiens,IC50,CHEMBL4215743,COc1ccc2oc(=O)c(-c3ccc(Br)nn3)cc2c1,QYOQIVUTBJSTIG-UHFFFAOYSA-N,6.25,6.25,0.0,6.25,6.25,0.0,1,1,10.1016/j.ejmech.2017.07.045,2017,2017,18517398,False,0
MAOB_HUMAN_IC50,Human MAO-B,primary,CHEMBL2039,Amine oxidase [flavin-containing] B,Homo sapiens,IC50,CHEMBL5083737,Cc1c(C)c2ccc(OCc3cccc(CN(C)CCCC(F)F)c3)cc2oc1=O,JFBYGVYECDFTLS-UHFFFAOYSA-N,6.25,6.25,0.0,6.25,6.25,0.0,1,1,10.1021/acs.jmedchem.1c01784,2022,2022,24422249,False,0
MAOB_HUMAN_IC50,Human MAO-B,primary,CHEMBL2039,Amine oxidase [flavin-containing] B,Homo sapiens,IC50,CHEMBL3394527,COc1ccc(/C=N/c2ccc3c(C)cc(=O)oc3c2)c(O)c1,VSGKYWBDWVLYGZ-VXLYETTFSA-N,6.24,6.24,0.0,6.24,6.24,0.0,1,1,10.1016/j.bmcl.2014.12.034,2015,2015,15144181,False,0
MAOB_HUMAN_IC50,Human MAO-B,primary,CHEMBL2039,Amine oxidase [flavin-containing] B,Homo sapiens,IC50,CHEMBL513549,O=C(Nc1c(F)c(F)nc(F)c1F)c1cc2ccccc2oc1=O,YTDKRMHVKQGTGZ-UHFFFAOYSA-N,6.24,6.24,0.0,6.24,6.24,0.0,1,1,10.1021/jm801496u,2009,2009,2411361,False,0
MAOB_HUMAN_IC50,Human MAO-B,primary,CHEMBL2039,Amine oxidase [flavin-containing] B,Homo sapiens,IC50,CHEMBL122239,Cc1cc2ccc(OC/C=C/C3=CC(=O)C(C)(C)O3)cc2oc1=O,CHXMFWDKTPCGAG-SNAWJCMRSA-N,6.23,6.23,0.0,6.23,6.23,0.0,1,1,10.1016/s0960-894x(02)00798-9,2002,2002,956265,False,0
MAOB_HUMAN_IC50,Human MAO-B,primary,CHEMBL2039,Amine oxidase [flavin-containing] B,Homo sapiens,IC50,CHEMBL4466686,Cc1cc(=O)oc2cc(OCC3CCN(Cc4ccc(CO)cc4)CC3)ccc12,NFCWFFSVKPHRMZ-UHFFFAOYSA-N,6.22,6.22,0.0,6.22,6.22,0.0,1,1,10.1016/j.ejmech.2018.10.016,2019,2019,18936911,False,0
MAOB_HUMAN_IC50,Human MAO-B,primary,CHEMBL2039,Amine oxidase [flavin-containing] B,Homo sapiens,IC50,CHEMBL4097014,Cc1ccc2oc(=O)c(C(=O)Nc3ccc(O)cc3)cc2c1,HMOWXDJAMBOFPG-UHFFFAOYSA-N,6.21,6.21,0.0,6.21,6.21,0.0,1,1,10.1021/acs.jmedchem.7b00918,2017,2017,18187105,False,0
MAOB_HUMAN_IC50,Human MAO-B,primary,CHEMBL2039,Amine oxidase [flavin-containing] B,Homo sapiens,IC50,CHEMBL4539801,Cc1c(C)c2ccc(OCC3CCN(Cc4ccc(Cl)cc4)CC3)cc2oc1=O.Cl,AYEMVPPLNGOADG-UHFFFAOYSA-N,6.21,6.21,0.0,6.21,6.21,0.0,1,1,10.1021/acs.jmedchem.6b00562,2016,2016,19406942,False,0
MAOB_HUMAN_IC50,Human MAO-B,primary,CHEMBL2039,Amine oxidase [flavin-containing] B,Homo sapiens,IC50,CHEMBL4562275,Cc1c(C)c2ccc(OCCCCN3CCc4ccccc4C3)cc2oc1=O.Cl,RJPQERYQTJPVBX-UHFFFAOYSA-N,6.21,6.21,0.0,6.21,6.21,0.0,1,1,10.1021/acs.jmedchem.6b00562,2016,2016,19406958,False,0
MAOB_HUMAN_IC50,Human MAO-B,primary,CHEMBL2039,Amine oxidase [flavin-containing] B,Homo sapiens,IC50,CHEMBL118875,Cc1c(C)c2ccc(OC/C=C/C3=CC(=O)C(C)(C)O3)cc2oc1=O,YBJSUOSSLURUTL-AATRIKPKSA-N,6.2,6.2,0.0,6.2,6.2,0.0,1,1,10.1016/s0960-894x(02)00798-9,2002,2002,977602,False,0
MAOB_HUMAN_IC50,Human MAO-B,primary,CHEMBL2039,Amine oxidase [flavin-containing] B,Homo sapiens,IC50,CHEMBL1761763,COc1ccc2oc(=O)c(-c3cccs3)cc2c1,XEXBSPAKFREWBE-UHFFFAOYSA-N,6.2,6.2,0.0,6.2,6.2,0.0,1,1,10.1016/j.ejmech.2011.01.033,2011,2011,6153447,False,0
MAOB_HUMAN_IC50,Human MAO-B,primary,CHEMBL2039,Amine oxidase [flavin-containing] B,Homo sapiens,IC50,CHEMBL1835326,Cc1ccc2oc(=O)c(-c3cccc(O)c3)cc2c1,MJIWUHDRGWURJW-UHFFFAOYSA-N,6.19,6.19,0.0,6.19,6.19,0.0,1,1,10.1021/jm200716y,2011,2011,6383797,False,0
MAOB_HUMAN_IC50,Human MAO-B,primary,CHEMBL2039,Amine oxidase [flavin-containing] B,Homo sapiens,IC50,CHEMBL3735752,Cc1ccc2oc(=O)c(-c3cccc(OC(=O)c4ccccc4)c3)cc2c1,FIDBVTFKNCCSFL-UHFFFAOYSA-N,6.19,6.19,0.0,6.19,6.19,0.0,1,1,10.1039/C4MD00437J,2015,2015,16386436,False,0
MAOB_HUMAN_IC50,Human MAO-B,primary,CHEMBL2039,Amine oxidase [flavin-containing] B,Homo sapiens,IC50,CHEMBL469362,COc1cccc(NC(=O)c2cc3ccccc3oc2=O)c1,OJCPTZMTRMJDRI-UHFFFAOYSA-N,6.19,6.19,0.0,6.19,6.19,0.0,1,1,10.1021/jm801496u,2009,2009,2411337,False,0
MAOB_HUMAN_IC50,Human MAO-B,primary,CHEMBL2039,Amine oxidase [flavin-containing] B,Homo sapiens,IC50,CHEMBL470213,CC(C)c1ccc(NC(=O)c2cc3ccccc3oc2=O)cc1,BIOLFVSCKKADAP-UHFFFAOYSA-N,6.19,6.19,0.0,6.19,6.19,0.0,1,1,10.1021/jm801496u,2009,2009,2411342,False,0
MAOB_HUMAN_IC50,Human MAO-B,primary,CHEMBL2039,Amine oxidase [flavin-containing] B,Homo sapiens,IC50,CHEMBL4474935,Cc1c(C)c2ccc(OC3CCN(Cc4ccc(C#N)cc4)CC3)cc2oc1=O,NPBMASGVNYNLLH-UHFFFAOYSA-N,6.18,6.18,0.0,6.18,6.18,0.0,1,1,10.1021/acs.jmedchem.6b00562,2016,2016,19406936,False,0
MAOB_HUMAN_IC50,Human MAO-B,primary,CHEMBL2039,Amine oxidase [flavin-containing] B,Homo sapiens,IC50,CHEMBL4751815,Cc1cc(=O)c(O)c(CO)n1CCCn1cc(COc2ccc3ccc(=O)oc3c2)nn1,ABWCZVWLCRRWNY-UHFFFAOYSA-N,6.17,6.136666666666667,0.05773502691896237,6.07,6.17,0.09999999999999964,3,3,10.1016/j.ejmech.2022.114655; 10.1021/acs.jmedchem.0c01480; 10.1021/acs.jmedchem.4c00045,2020,2024,22801685; 25577920; 25934353,False,1
MAOB_HUMAN_IC50,Human MAO-B,primary,CHEMBL2039,Amine oxidase [flavin-containing] B,Homo sapiens,IC50,CHEMBL5271382,CCc1c(O)c(=O)cc(C)n1CCCn1cc(COc2ccc3ccc(=O)oc3c2)nn1,QTLNKXRQGRDHAE-UHFFFAOYSA-N,6.17,6.17,0.0,6.17,6.17,0.0,1,1,10.1016/j.ejmech.2021.113546,2021,2021,25008879,False,0
MAOB_HUMAN_IC50,Human MAO-B,primary,CHEMBL2039,Amine oxidase [flavin-containing] B,Homo sapiens,IC50,CHEMBL5283992,Cc1cc(=O)c(O)c(CO)n1CCn1cc(COc2ccc3ccc(=O)oc3c2)nn1,JMRVCASGJDEETF-UHFFFAOYSA-N,6.17,6.17,0.0,6.17,6.17,0.0,1,1,10.1039/d2md00175f,2022,2022,25036608,False,0
MAOB_HUMAN_IC50,Human MAO-B,primary,CHEMBL2039,Amine oxidase [flavin-containing] B,Homo sapiens,IC50,CHEMBL3417299,Cc1c(Cl)c(=O)oc2cc(OCCN3CCN(CCCNc4c5c(nc6ccccc46)CCCC5)CC3)ccc12,GDFJHAWHVPWSSH-UHFFFAOYSA-N,6.16,6.16,0.0,6.16,6.16,0.0,1,1,10.1016/j.ejmech.2015.03.040,2015,2015,15219052,False,0
MAOB_HUMAN_IC50,Human MAO-B,primary,CHEMBL2039,Amine oxidase [flavin-containing] B,Homo sapiens,IC50,CHEMBL471232,Cc1cc(C)cc(NC(=O)c2cc3ccccc3oc2=O)c1,VEEVYXMEZKHMDL-UHFFFAOYSA-N,6.16,6.16,0.0,6.16,6.16,0.0,1,1,10.1021/jm801496u,2009,2009,2411357,False,0
MAOB_HUMAN_IC50,Human MAO-B,primary,CHEMBL2039,Amine oxidase [flavin-containing] B,Homo sapiens,IC50,CHEMBL4514364,CN(C)Cc1cc(=O)oc2cc(OCc3ccc(CO)cc3)ccc12,KHKOKABORMZOQA-UHFFFAOYSA-N,6.155,6.155,0.06363961030678918,6.11,6.2,0.08999999999999986,2,1,10.1016/j.ejmech.2018.10.016,2019,2019,18936884; 18936924,False,1
MAOB_HUMAN_IC50,Human MAO-B,primary,CHEMBL2039,Amine oxidase [flavin-containing] B,Homo sapiens,IC50,CHEMBL3735572,CC(=O)Oc1cccc(-c2cc3cc(C)ccc3oc2=O)c1,UKDCKUUDKNRTOE-UHFFFAOYSA-N,6.15,6.15,0.0,6.15,6.15,0.0,1,1,10.1039/C4MD00437J,2015,2015,16386426,False,0
MAOB_HUMAN_IC50,Human MAO-B,primary,CHEMBL2039,Amine oxidase [flavin-containing] B,Homo sapiens,IC50,CHEMBL512843,Cc1ccc(NC(=O)c2cc3ccccc3oc2=O)cc1,RYYPYTSGWXNKDU-UHFFFAOYSA-N,6.15,6.15,0.0,6.15,6.15,0.0,1,1,10.1021/jm801496u,2009,2009,2411340,False,0
MAOB_HUMAN_IC50,Human MAO-B,primary,CHEMBL2039,Amine oxidase [flavin-containing] B,Homo sapiens,IC50,CHEMBL5570926,CCN(CC)Cc1cc(=O)oc2cc(OCc3ccc(S(N)(=O)=O)cc3)ccc12,LOPXXAZRNQYWGO-UHFFFAOYSA-N,6.15,6.15,0.0,6.15,6.15,0.0,1,1,10.1021/acs.jmedchem.4c00045,2024,2024,25934276,False,0
MAOB_HUMAN_IC50,Human MAO-B,primary,CHEMBL2039,Amine oxidase [flavin-containing] B,Homo sapiens,IC50,CHEMBL574382,Cc1cc(=O)oc2cc(/N=C/c3ccccc3O)ccc12,HBTSRRQZYVYNDA-VCHYOVAHSA-N,6.14,6.14,0.0,6.14,6.14,0.0,1,1,10.1016/j.bmcl.2014.12.034,2015,2015,15144183,False,0
MAOB_HUMAN_IC50,Human MAO-B,primary,CHEMBL2039,Amine oxidase [flavin-containing] B,Homo sapiens,IC50,CHEMBL445184,Cc1cccc(NC(=O)c2cc3ccccc3oc2=O)c1,XUNAVIWFCXQWCJ-UHFFFAOYSA-N,6.125,6.125,0.1343502884254437,6.03,6.22,0.1899999999999995,2,2,10.1016/j.ejmech.2014.04.060; 10.1021/jm801496u,2009,2014,14662190; 2411336,False,1
MAOB_HUMAN_IC50,Human MAO-B,primary,CHEMBL2039,Amine oxidase [flavin-containing] B,Homo sapiens,IC50,CHEMBL252403,O=C(Nc1cc2ccccc2oc1=O)c1ccccc1,RXHSXTPNFVSJKM-UHFFFAOYSA-N,6.12,6.12,0.0,6.12,6.12,0.0,1,1,10.1039/C1MD00221J,2012,2012,14552976,False,0
MAOB_HUMAN_IC50,Human MAO-B,primary,CHEMBL2039,Amine oxidase [flavin-containing] B,Homo sapiens,IC50,CHEMBL4203878,Cc1ccc2cc(-c3ccc(Br)nn3)c(=O)oc2c1,VXNASMBKQYJUOW-UHFFFAOYSA-N,6.12,6.12,0.0,6.12,6.12,0.0,1,1,10.1016/j.ejmech.2017.07.045,2017,2017,18517396,False,0
MAOB_HUMAN_IC50,Human MAO-B,primary,CHEMBL2039,Amine oxidase [flavin-containing] B,Homo sapiens,IC50,CHEMBL494795,O=C(Nc1ccccc1)c1cc2ccccc2oc1=O,IMFBGZCBLOPVCJ-UHFFFAOYSA-N,6.12,6.12,0.0,6.12,6.12,0.0,1,1,10.1021/jm801496u,2009,2009,2411334,False,0
MAOB_HUMAN_IC50,Human MAO-B,primary,CHEMBL2039,Amine oxidase [flavin-containing] B,Homo sapiens,IC50,CHEMBL5284393,Cc1cc(=O)c(O)c(CO)n1CCCn1cc(COc2cc3ccccc3oc2=O)nn1,KGEFCJWVCMQACO-UHFFFAOYSA-N,6.12,6.12,0.0707106781186545,6.07,6.17,0.09999999999999964,2,2,10.1016/j.ejmech.2022.114655; 10.1039/d2md00175f,2022,2022,25036609; 25577921,False,1
MAOB_HUMAN_IC50,Human MAO-B,primary,CHEMBL2039,Amine oxidase [flavin-containing] B,Homo sapiens,IC50,CHEMBL3417310,O=c1ccc2ccc(OCCCCN3CCN(CCNc4c5c(nc6ccccc46)CCCC5)CC3)cc2o1,CSMTZEMMWNIZNM-UHFFFAOYSA-N,6.11,6.11,0.0,6.11,6.11,0.0,1,1,10.1016/j.ejmech.2015.03.040,2015,2015,15219041,False,0
MAOB_HUMAN_IC50,Human MAO-B,primary,CHEMBL2039,Amine oxidase [flavin-containing] B,Homo sapiens,IC50,CHEMBL4470448,Cc1c(C)c2ccc(OCC3CCN(Cc4cccc(OCCCO)c4)CC3)cc2oc1=O,QLFPNOYDCBXGNI-UHFFFAOYSA-N,6.11,6.11,0.0,6.11,6.11,0.0,1,1,10.1016/j.ejmech.2018.10.016,2019,2019,18936916,False,0
MAOB_HUMAN_IC50,Human MAO-B,primary,CHEMBL2039,Amine oxidase [flavin-containing] B,Homo sapiens,IC50,CHEMBL5573918,NC(=O)Cc1cc(=O)oc2cc(OCc3ccc(S(N)(=O)=O)cc3)ccc12,MFUCEAAUMRNNAT-UHFFFAOYSA-N,6.11,6.11,0.0,6.11,6.11,0.0,1,1,10.1021/acs.jmedchem.4c00045,2024,2024,25934279,False,0
MAOB_HUMAN_IC50,Human MAO-B,primary,CHEMBL2039,Amine oxidase [flavin-containing] B,Homo sapiens,IC50,CHEMBL453410,O=C(Nc1ccc(O)cc1)c1cc2ccccc2oc1=O,NUJGUJHBLMSFBE-UHFFFAOYSA-N,6.1,6.1,0.0,6.1,6.1,0.0,1,1,10.1021/jm801496u,2009,2009,2411348,False,0
MAOB_HUMAN_IC50,Human MAO-B,primary,CHEMBL2039,Amine oxidase [flavin-containing] B,Homo sapiens,IC50,CHEMBL470420,COc1ccc(NC(=O)c2cc3ccccc3oc2=O)cc1,UVIDYPCYACCLOZ-UHFFFAOYSA-N,6.09,6.09,0.0,6.09,6.09,0.0,1,1,10.1021/jm801496u,2009,2009,2411343,False,0
MAOB_HUMAN_IC50,Human MAO-B,primary,CHEMBL2039,Amine oxidase [flavin-containing] B,Homo sapiens,IC50,CHEMBL3394532,O=c1oc2cc(/N=C/c3ccccc3O)ccc2c2c1CCCC2,JHBAUQHROVNFOF-CIAFOILYSA-N,6.08,6.08,0.0,6.08,6.08,0.0,1,1,10.1016/j.bmcl.2014.12.034,2015,2015,15144176,False,0
MAOB_HUMAN_IC50,Human MAO-B,primary,CHEMBL2039,Amine oxidase [flavin-containing] B,Homo sapiens,IC50,CHEMBL3121867,C#CCNCCOc1ccc2ccc(=O)oc2c1,PFYDYKKZITXWEE-UHFFFAOYSA-N,6.07,6.07,0.0,6.07,6.07,0.0,1,1,10.1016/j.bmc.2014.01.046,2014,2014,13935914,False,0
MAOB_HUMAN_IC50,Human MAO-B,primary,CHEMBL2039,Amine oxidase [flavin-containing] B,Homo sapiens,IC50,CHEMBL450518,COc1ccc(NC(=O)c2cc3ccccc3oc2=O)cc1OC,GCJJJYRBURLDEW-UHFFFAOYSA-N,6.07,6.07,0.0,6.07,6.07,0.0,1,1,10.1021/jm801496u,2009,2009,2411356,False,0
MAOB_HUMAN_IC50,Human MAO-B,primary,CHEMBL2039,Amine oxidase [flavin-containing] B,Homo sapiens,IC50,CHEMBL4750523,CCc1c(O)c(=O)ccn1CCCn1cc(COc2cc3ccccc3oc2=O)nn1,YKSDQXQXSGUDRE-UHFFFAOYSA-N,6.07,6.07,0.0,6.07,6.07,0.0,2,2,10.1016/j.ejmech.2021.113546; 10.1021/acs.jmedchem.0c01480,2020,2021,22801686; 25008880,False,1
MAOB_HUMAN_IC50,Human MAO-B,primary,CHEMBL2039,Amine oxidase [flavin-containing] B,Homo sapiens,IC50,CHEMBL511789,N#Cc1c(F)c(F)c(NC(=O)c2cc3ccccc3oc2=O)c(F)c1F,MPYSCOIHEPWMHF-UHFFFAOYSA-N,6.07,6.07,0.0,6.07,6.07,0.0,1,1,10.1021/jm801496u,2009,2009,2411360,False,0
MAOB_HUMAN_IC50,Human MAO-B,primary,CHEMBL2039,Amine oxidase [flavin-containing] B,Homo sapiens,IC50,CHEMBL5583624,CN(C)c1cc(=O)oc2cc(OCc3ccc(S(N)(=O)=O)cc3)ccc12,QDLONGHMIAFYJC-UHFFFAOYSA-N,6.07,6.07,0.0,6.07,6.07,0.0,1,1,10.1021/acs.jmedchem.4c00045,2024,2024,25934270,False,0
MAOB_HUMAN_IC50,Human MAO-B,primary,CHEMBL2039,Amine oxidase [flavin-containing] B,Homo sapiens,IC50,CHEMBL4454278,Cc1c(C)c2ccc(OC3CCN(Cc4ccc(Cl)cc4)CC3)cc2oc1=O,JUBUAICOENCZSQ-UHFFFAOYSA-N,6.06,6.06,0.0,6.06,6.06,0.0,1,1,10.1021/acs.jmedchem.6b00562,2016,2016,19406935,False,0
MAOB_HUMAN_IC50,Human MAO-B,primary,CHEMBL2039,Amine oxidase [flavin-containing] B,Homo sapiens,IC50,CHEMBL469583,CCc1ccc(NC(=O)c2cc3ccccc3oc2=O)cc1,CCRNXJJERVYHEO-UHFFFAOYSA-N,6.05,6.05,0.0,6.05,6.05,0.0,1,1,10.1021/jm801496u,2009,2009,2411341,False,0
MAOB_HUMAN_IC50,Human MAO-B,primary,CHEMBL2039,Amine oxidase [flavin-containing] B,Homo sapiens,IC50,CHEMBL3736247,Cc1ccc2oc(=O)c(-c3cccc(OCCCN(C)C)c3)cc2c1,DDVGUYFFXMBKJJ-UHFFFAOYSA-N,6.04,6.04,0.0,6.04,6.04,0.0,1,1,10.1039/C4MD00437J,2015,2015,16386432,False,0
MAOB_HUMAN_IC50,Human MAO-B,primary,CHEMBL2039,Amine oxidase [flavin-containing] B,Homo sapiens,IC50,CHEMBL469350,O=C(Nc1ccccc1Cc1ccccc1)c1cc2ccccc2oc1=O,SUXPUGHNKXZRPX-UHFFFAOYSA-N,6.04,6.04,0.0,6.04,6.04,0.0,1,1,10.1021/jm801496u,2009,2009,2411335,False,0
MAOB_HUMAN_IC50,Human MAO-B,primary,CHEMBL2039,Amine oxidase [flavin-containing] B,Homo sapiens,IC50,CHEMBL509345,O=C(Nc1cccc(C(F)(F)F)c1)c1cc2ccccc2oc1=O,JXUJVKNPEQUAAV-UHFFFAOYSA-N,6.04,6.04,0.7919595949289326,5.48,6.6,1.1199999999999992,2,2,10.1016/j.ejmech.2014.04.060; 10.1021/jm801496u,2009,2014,14662191; 2411339,False,1
MAOB_HUMAN_IC50,Human MAO-B,primary,CHEMBL2039,Amine oxidase [flavin-containing] B,Homo sapiens,IC50,CHEMBL5575430,NC(=O)c1cc2ccc(OCc3ccc(S(N)(=O)=O)cc3)cc2oc1=O,COOYNHCRBYHLOD-UHFFFAOYSA-N,6.04,6.04,0.0,6.04,6.04,0.0,1,1,10.1021/acs.jmedchem.4c00045,2024,2024,25934266,False,0
MAOB_HUMAN_IC50,Human MAO-B,primary,CHEMBL2039,Amine oxidase [flavin-containing] B,Homo sapiens,IC50,CHEMBL3735254,CC(=O)Oc1ccccc1-c1cc2cc(C)ccc2oc1=O,SJTMWRBRKQTKOR-UHFFFAOYSA-N,6.03,6.03,0.0,6.03,6.03,0.0,1,1,10.1039/C4MD00437J,2015,2015,16386425,False,0
MAOB_HUMAN_IC50,Human MAO-B,primary,CHEMBL2039,Amine oxidase [flavin-containing] B,Homo sapiens,IC50,CHEMBL4211297,C#CCN(CCCCOc1ccc2ccc(=O)oc2c1)Cc1ccccc1,DACJEJDIMJTGSU-UHFFFAOYSA-N,6.01,6.01,0.0,6.01,6.01,0.0,1,1,10.1016/j.ejmech.2017.07.008,2017,2017,18514940,False,0
MAOB_HUMAN_IC50,Human MAO-B,primary,CHEMBL2039,Amine oxidase [flavin-containing] B,Homo sapiens,IC50,CHEMBL502021,O=C(NCc1ccccc1)c1cc2ccc(OCc3ccccc3)cc2oc1=O,VAKYOJMRXOMWEJ-UHFFFAOYSA-N,6.0,6.0,0.0,6.0,6.0,0.0,1,1,10.1021/jm801496u,2009,2009,2411372,False,0
MAOB_HUMAN_IC50,Human MAO-B,primary,CHEMBL2039,Amine oxidase [flavin-containing] B,Homo sapiens,IC50,CHEMBL4203107,C#CCN(C)CCOc1ccc2ccc(=O)oc2c1,VDHYBYFOKUDNIL-UHFFFAOYSA-N,5.96,5.96,0.0,5.96,5.96,0.0,1,1,10.1016/j.ejmech.2017.07.008,2017,2017,18514947,False,0
MAOB_HUMAN_IC50,Human MAO-B,primary,CHEMBL2039,Amine oxidase [flavin-containing] B,Homo sapiens,IC50,CHEMBL4210358,C#CCN(C)CCCOc1ccc2ccc(=O)oc2c1,CBSGQNZTFCTGCR-UHFFFAOYSA-N,5.96,5.96,0.0,5.96,5.96,0.0,1,1,10.1016/j.ejmech.2017.07.008,2017,2017,18514948,False,0
MAOB_HUMAN_IC50,Human MAO-B,primary,CHEMBL2039,Amine oxidase [flavin-containing] B,Homo sapiens,IC50,CHEMBL4451675,CN(C)Cc1cc(=O)oc2cc(OCc3cccc(CO)c3)ccc12,ORMCLNIKEVJJOR-UHFFFAOYSA-N,5.96,5.96,0.0,5.96,5.96,0.0,1,1,10.1016/j.ejmech.2018.10.016,2019,2019,18936885,False,0
MAOB_HUMAN_IC50,Human MAO-B,primary,CHEMBL2039,Amine oxidase [flavin-containing] B,Homo sapiens,IC50,CHEMBL4529750,Cc1cc2ccc(OCC3CCN(Cc4cccc(CO)c4)CC3)cc2oc1=O,IUWHHNQVLYBBQI-UHFFFAOYSA-N,5.96,5.96,0.0,5.96,5.96,0.0,1,1,10.1016/j.ejmech.2018.10.016,2019,2019,18936914,False,0
MAOB_HUMAN_IC50,Human MAO-B,primary,CHEMBL2039,Amine oxidase [flavin-containing] B,Homo sapiens,IC50,CHEMBL3736060,Cc1ccc2oc(=O)c(-c3cccc(OCCCCN(C)C)c3)cc2c1,HPNIMUYJXYOPAV-UHFFFAOYSA-N,5.95,5.95,0.0,5.95,5.95,0.0,1,1,10.1039/C4MD00437J,2015,2015,16386433,False,0
MAOB_HUMAN_IC50,Human MAO-B,primary,CHEMBL2039,Amine oxidase [flavin-containing] B,Homo sapiens,IC50,CHEMBL4211814,C#CCN(CCCCOc1ccc2ccc(=O)oc2c1)Cc1ccc(OC)cc1,KFJNBWOOUKQOTC-UHFFFAOYSA-N,5.95,5.95,0.0,5.95,5.95,0.0,1,1,10.1016/j.ejmech.2017.07.008,2017,2017,18514943,False,0
MAOB_HUMAN_IC50,Human MAO-B,primary,CHEMBL2039,Amine oxidase [flavin-containing] B,Homo sapiens,IC50,CHEMBL513209,O=C(O)c1ccc(NC(=O)c2cc3ccccc3oc2=O)cc1,IMGLCZZPWOJMLB-UHFFFAOYSA-N,5.94,5.94,0.0,5.94,5.94,0.0,1,1,10.1021/jm801496u,2009,2009,2411346,False,0
MAOB_HUMAN_IC50,Human MAO-B,primary,CHEMBL2039,Amine oxidase [flavin-containing] B,Homo sapiens,IC50,CHEMBL1830833,O=C(NNc1ccc(Cl)cc1)c1cc2ccccc2oc1=O,XCHALBKFILSDCE-UHFFFAOYSA-N,5.92,5.92,0.0,5.92,5.92,0.0,1,1,10.1016/j.ejmech.2011.07.017,2011,2011,6361420,False,0
MAOB_HUMAN_IC50,Human MAO-B,primary,CHEMBL2039,Amine oxidase [flavin-containing] B,Homo sapiens,IC50,CHEMBL3394543,O=c1oc2cc(NCc3ccccc3O)ccc2c2c1CCCC2,NQCAJYOGNIFWNF-UHFFFAOYSA-N,5.91,5.91,0.0,5.91,5.91,0.0,1,1,10.1016/j.bmcl.2014.12.034,2015,2015,15144165,False,0
MAOB_HUMAN_IC50,Human MAO-B,primary,CHEMBL2039,Amine oxidase [flavin-containing] B,Homo sapiens,IC50,CHEMBL3394535,Cc1c(Cl)c(=O)oc2cc(/N=C/c3ccc(O)cc3O)ccc12,BXDYWOFAIZTMKD-UFWORHAWSA-N,5.89,5.89,0.0,5.89,5.89,0.0,1,1,10.1016/j.bmcl.2014.12.034,2015,2015,15144173,False,0
MAOB_HUMAN_IC50,Human MAO-B,primary,CHEMBL2039,Amine oxidase [flavin-containing] B,Homo sapiens,IC50,CHEMBL512719,Cc1cccc(C)c1NC(=O)c1cc2ccccc2oc1=O,DFEGOCIFDTWAPK-UHFFFAOYSA-N,5.89,5.89,0.0,5.89,5.89,0.0,1,1,10.1021/jm801496u,2009,2009,2411353,False,0
MAOB_HUMAN_IC50,Human MAO-B,primary,CHEMBL2039,Amine oxidase [flavin-containing] B,Homo sapiens,IC50,CHEMBL2151690,C/C(=N/Nc1nc(-c2ccc(F)cc2F)cs1)c1cc2ccccc2oc1=O,LUSADHRVUFYJHL-MYKKPKGFSA-N,5.85,5.85,0.0,5.85,5.85,0.0,1,1,10.1016/j.ejmech.2012.10.032,2012,2012,12045474,False,0
MAOB_HUMAN_IC50,Human MAO-B,primary,CHEMBL2039,Amine oxidase [flavin-containing] B,Homo sapiens,IC50,CHEMBL4089608,Cc1c(C#N)c(=O)oc2cc(OCCN3CCN(Cc4ccc(Br)cc4)CC3)ccc12,UEOQGXDNVOABCE-UHFFFAOYSA-N,5.85,5.85,0.0,5.85,5.85,0.0,1,1,10.1016/j.ejmech.2016.09.041,2017,2017,18195012,False,0
MAOB_HUMAN_IC50,Human MAO-B,primary,CHEMBL2039,Amine oxidase [flavin-containing] B,Homo sapiens,IC50,CHEMBL4466478,CCCCN1CCC(Oc2ccc3c(C)c(C)c(=O)oc3c2)CC1,QHAPMVPRWPFYPM-UHFFFAOYSA-N,5.85,5.85,0.0,5.85,5.85,0.0,1,1,10.1021/acs.jmedchem.6b00562,2016,2016,19406932,False,0
MAOB_HUMAN_IC50,Human MAO-B,primary,CHEMBL2039,Amine oxidase [flavin-containing] B,Homo sapiens,IC50,CHEMBL3120181,C#CCCCOc1ccc2oc(=O)c(C(=O)OC)cc2c1,IERYQAZZYMPHSD-UHFFFAOYSA-N,5.84,5.84,0.0,5.84,5.84,0.0,1,1,10.1016/j.bmc.2014.01.046,2014,2014,13935941,False,0
MAOB_HUMAN_IC50,Human MAO-B,primary,CHEMBL2039,Amine oxidase [flavin-containing] B,Homo sapiens,IC50,CHEMBL326485,CC1(c2ccccc2)OC(/C=C/COc2ccc3ccc(=O)oc3c2)=CC1=O,GRWYKKOLDCHDPC-VMPITWQZSA-N,5.82,5.82,0.0,5.82,5.82,0.0,1,1,10.1016/s0960-894x(02)00798-9,2002,2002,958811,False,0
MAOB_HUMAN_IC50,Human MAO-B,primary,CHEMBL2039,Amine oxidase [flavin-containing] B,Homo sapiens,IC50,CHEMBL3417293,O=c1oc2cc(OCCN3CCN(CCCNc4c5c(nc6ccccc46)CCCC5)CC3)ccc2c2c1CCCC2,OSIQHLHPEJAMTO-UHFFFAOYSA-N,5.82,5.82,0.0,5.82,5.82,0.0,1,1,10.1016/j.ejmech.2015.03.040,2015,2015,15219057,False,0
MAOB_HUMAN_IC50,Human MAO-B,primary,CHEMBL2039,Amine oxidase [flavin-containing] B,Homo sapiens,IC50,CHEMBL4453856,Cc1c(C)c2ccc(OCC3CCCN(CCCO)C3)cc2oc1=O,JORAAUMJWAFSIM-UHFFFAOYSA-N,5.82,5.82,0.0,5.82,5.82,0.0,2,2,10.1016/j.ejmech.2018.10.016; 10.1021/acs.jmedchem.1c01784,2019,2022,18936919; 24422255,False,1
MAOB_HUMAN_IC50,Human MAO-B,primary,CHEMBL2039,Amine oxidase [flavin-containing] B,Homo sapiens,IC50,CHEMBL4104128,Cc1c(Cl)c(=O)oc2cc(OCCN3CCN(Cc4ccc(Br)cc4)CC3)ccc12,ZBVSYQIELBIGLQ-UHFFFAOYSA-N,5.81,5.81,0.0,5.81,5.81,0.0,1,1,10.1016/j.ejmech.2016.09.041,2017,2017,18195011,False,0
MAOB_HUMAN_IC50,Human MAO-B,primary,CHEMBL2039,Amine oxidase [flavin-containing] B,Homo sapiens,IC50,CHEMBL4207453,C#CCN(CCCCOc1ccc2ccc(=O)oc2c1)Cc1cccc(F)c1,BZVBYVBTOKBNTA-UHFFFAOYSA-N,5.81,5.81,0.0,5.81,5.81,0.0,1,1,10.1016/j.ejmech.2017.07.008,2017,2017,18514945,False,0
MAOB_HUMAN_IC50,Human MAO-B,primary,CHEMBL2039,Amine oxidase [flavin-containing] B,Homo sapiens,IC50,CHEMBL3417309,O=c1ccc2ccc(OCCCCCN3CCN(CCNc4c5c(nc6ccccc46)CCCC5)CC3)cc2o1,CDBHIFNESFKIAT-UHFFFAOYSA-N,5.8,5.8,0.0,5.8,5.8,0.0,1,1,10.1016/j.ejmech.2015.03.040,2015,2015,15219042,False,0
MAOB_HUMAN_IC50,Human MAO-B,primary,CHEMBL2039,Amine oxidase [flavin-containing] B,Homo sapiens,IC50,CHEMBL4205520,Cc1cccc(C[n+]2ccc(COc3ccc4c(C)cc(=O)oc4c3)cc2)c1.[Br-],SBLXOXLJUZQAJL-UHFFFAOYSA-M,5.8,5.8,0.0,5.8,5.8,0.0,1,1,10.1016/j.ejmech.2017.07.055,2017,2017,18517502,False,0
MAOB_HUMAN_IC50,Human MAO-B,primary,CHEMBL2039,Amine oxidase [flavin-containing] B,Homo sapiens,IC50,CHEMBL4216262,C#CCN(CCCCOc1ccc2ccc(=O)oc2c1)Cc1ccc(C)cc1,PTGNYSYUDVJEBF-UHFFFAOYSA-N,5.78,5.78,0.0,5.78,5.78,0.0,1,1,10.1016/j.ejmech.2017.07.008,2017,2017,18514941,False,0
MAOB_HUMAN_IC50,Human MAO-B,primary,CHEMBL2039,Amine oxidase [flavin-containing] B,Homo sapiens,IC50,CHEMBL118629,CC(=O)/C=C/C=C/COc1ccc2ccc(=O)oc2c1,WKVJBBDJIKLRHY-ZUVMSYQZSA-N,5.77,5.77,0.0,5.77,5.77,0.0,1,1,10.1016/s0960-894x(02)00798-9,2002,2002,977605,False,0
MAOB_HUMAN_IC50,Human MAO-B,primary,CHEMBL2039,Amine oxidase [flavin-containing] B,Homo sapiens,IC50,CHEMBL4066437,O=c1ccc2ccc(OCCN3CCN(Cc4ccc(Br)cc4)CC3)cc2o1,ZZINRNYYMBDOTN-UHFFFAOYSA-N,5.77,5.77,0.0,5.77,5.77,0.0,1,1,10.1016/j.ejmech.2016.09.041,2017,2017,18195009,False,0
MAOB_HUMAN_IC50,Human MAO-B,primary,CHEMBL2039,Amine oxidase [flavin-containing] B,Homo sapiens,IC50,CHEMBL5570372,NS(=O)(=O)c1ccc(NC(=O)COc2ccc3ccc(=O)oc3c2)c(Cl)c1,YGNRYCNTKYZEBJ-UHFFFAOYSA-N,5.76,5.76,0.0,5.76,5.76,0.0,1,1,10.1021/acs.jmedchem.4c00045,2024,2024,25934227,False,0
MAOB_HUMAN_IC50,Human MAO-B,primary,CHEMBL2039,Amine oxidase [flavin-containing] B,Homo sapiens,IC50,CHEMBL5575791,NS(=O)(=O)c1ccc(NC(=O)COc2ccc3ccc(=O)oc3c2)c(F)c1,MDOZDKAJWGPIEH-UHFFFAOYSA-N,5.76,5.76,0.0,5.76,5.76,0.0,1,1,10.1021/acs.jmedchem.4c00045,2024,2024,25934226,False,0
MAOB_HUMAN_IC50,Human MAO-B,primary,CHEMBL2039,Amine oxidase [flavin-containing] B,Homo sapiens,IC50,CHEMBL1830825,O=C(O)c1cc2ccc(OCc3cccc(Cl)c3)cc2oc1=O,ZXPKQFOHXJWSHB-UHFFFAOYSA-N,5.75,5.75,0.0,5.75,5.75,0.0,1,1,10.1016/j.ejmech.2011.07.017,2011,2011,6361421,False,0
MAOB_HUMAN_IC50,Human MAO-B,primary,CHEMBL2039,Amine oxidase [flavin-containing] B,Homo sapiens,IC50,CHEMBL3121868,C#CCOc1ccc2cc(C(=O)OC)c(=O)oc2c1,TZGWMEGWELTBLM-UHFFFAOYSA-N,5.75,5.75,0.0,5.75,5.75,0.0,1,1,10.1016/j.bmc.2014.01.046,2014,2014,13935944,False,0
MAOB_HUMAN_IC50,Human MAO-B,primary,CHEMBL2039,Amine oxidase [flavin-containing] B,Homo sapiens,IC50,CHEMBL3417302,Cc1cc(=O)oc2cc(OCCN3CCN(CCCNc4c5c(nc6ccccc46)CCCC5)CC3)ccc12,SMGUTCNZXGIUCJ-UHFFFAOYSA-N,5.75,5.75,0.0,5.75,5.75,0.0,1,1,10.1016/j.ejmech.2015.03.040,2015,2015,15219049,False,0
MAOB_HUMAN_IC50,Human MAO-B,primary,CHEMBL2039,Amine oxidase [flavin-containing] B,Homo sapiens,IC50,CHEMBL56918,C/C(=C\COc1ccc2ccc(=O)oc2c1)C1=CC(=O)C(C)(C)O1,OUTLLBZGJYDUQE-XYOKQWHBSA-N,5.73,5.73,1.5697770542341352,4.62,6.84,2.2199999999999998,2,2,10.1016/j.ejmech.2018.01.003; 10.1016/s0960-894x(02)00798-9,2002,2018,25040004; 953512,False,1
MAOB_HUMAN_IC50,Human MAO-B,primary,CHEMBL2039,Amine oxidase [flavin-containing] B,Homo sapiens,IC50,CHEMBL1761759,O=c1oc2ccccc2cc1-c1c[nH]c2ccccc12,SJINJRAEKWXGKE-UHFFFAOYSA-N,5.72,5.72,0.0,5.72,5.72,0.0,1,1,10.1016/j.ejmech.2011.01.033,2011,2011,6153443,False,0
MAOB_HUMAN_IC50,Human MAO-B,primary,CHEMBL2039,Amine oxidase [flavin-containing] B,Homo sapiens,IC50,CHEMBL3394526,Cc1cc(=O)oc2cc(/N=C/c3ccc(O)cc3O)ccc12,WEALPBWASYLNRI-GIJQJNRQSA-N,5.72,5.72,0.0,5.72,5.72,0.0,1,1,10.1016/j.bmcl.2014.12.034,2015,2015,15144182,False,0
MAOB_HUMAN_IC50,Human MAO-B,primary,CHEMBL2039,Amine oxidase [flavin-containing] B,Homo sapiens,IC50,CHEMBL3220509,O=C(Nc1cc2ccccc2oc1=O)c1ccc(Cl)cc1,UUYHMRQNUHUBAC-UHFFFAOYSA-N,5.71,5.71,0.0,5.71,5.71,0.0,1,1,10.1039/C1MD00221J,2012,2012,14552978,False,0
MAOB_HUMAN_IC50,Human MAO-B,primary,CHEMBL2039,Amine oxidase [flavin-containing] B,Homo sapiens,IC50,CHEMBL3765442,Cc1cc(=O)oc2cc(CNC3CCN(Cc4ccccc4)CC3)ccc12,PDEVIVJKZGXTTC-UHFFFAOYSA-N,5.71,5.71,0.0,5.71,5.71,0.0,1,1,10.1016/j.bmc.2016.02.023,2016,2016,16481097,False,0
MAOB_HUMAN_IC50,Human MAO-B,primary,CHEMBL2039,Amine oxidase [flavin-containing] B,Homo sapiens,IC50,CHEMBL469976,O=C(NCc1ccccc1)c1cc2ccccc2oc1=O,BEUWFLKNYNXOJA-UHFFFAOYSA-N,5.71,5.71,0.0,5.71,5.71,0.0,1,1,10.1021/jm801496u,2009,2009,2411362,False,0
MAOB_HUMAN_IC50,Human MAO-B,primary,CHEMBL2039,Amine oxidase [flavin-containing] B,Homo sapiens,IC50,CHEMBL1501880,CC(=O)c1cc2c(ccc3ccccc32)oc1=O,UAMPJVJAALGMNG-UHFFFAOYSA-N,5.7,5.7,0.0,5.7,5.7,0.0,1,1,10.1016/j.ejmech.2011.07.017,2011,2011,6361422,False,0
MAOB_HUMAN_IC50,Human MAO-B,primary,CHEMBL2039,Amine oxidase [flavin-containing] B,Homo sapiens,IC50,CHEMBL3417307,O=c1ccc2ccc(OCCN3CCN(CCCNc4c5c(nc6ccccc46)CCCC5)CC3)cc2o1,PIWUWOLYFQAYGB-UHFFFAOYSA-N,5.7,5.7,0.0,5.7,5.7,0.0,1,1,10.1016/j.ejmech.2015.03.040,2015,2015,15219044,False,0
MAOB_HUMAN_IC50,Human MAO-B,primary,CHEMBL2039,Amine oxidase [flavin-containing] B,Homo sapiens,IC50,CHEMBL4208757,Cc1ccc2oc(=O)c(-c3ccc(Br)nn3)cc2c1,STRPPRZYSXFQRI-UHFFFAOYSA-N,5.67,5.67,0.0,5.67,5.67,0.0,1,1,10.1016/j.ejmech.2017.07.045,2017,2017,18517395,False,0
MAOB_HUMAN_IC50,Human MAO-B,primary,CHEMBL2039,Amine oxidase [flavin-containing] B,Homo sapiens,IC50,CHEMBL3360733,Cc1ccc2oc(=O)c(-c3ccccc3N)cc2c1,ATUKUXZSRKBJME-UHFFFAOYSA-N,5.66,5.66,0.0,5.66,5.66,0.0,1,1,10.1016/j.bmcl.2014.12.001,2015,2015,14993861,False,0
MAOB_HUMAN_IC50,Human MAO-B,primary,CHEMBL2039,Amine oxidase [flavin-containing] B,Homo sapiens,IC50,CHEMBL4218281,Cc1cc(=O)oc2cc(OCc3cc[n+](Cc4cccc(Br)c4)cc3)ccc12.[Br-],PDVFIUQVUQYIGU-UHFFFAOYSA-M,5.66,5.66,0.0,5.66,5.66,0.0,1,1,10.1016/j.ejmech.2017.07.055,2017,2017,18517505,False,0
MAOB_HUMAN_IC50,Human MAO-B,primary,CHEMBL2039,Amine oxidase [flavin-containing] B,Homo sapiens,IC50,CHEMBL214255,O=c1ccc2ccc(OS(=O)(=O)c3ccccc3)cc2o1,AMVFOTPBMAVZIH-UHFFFAOYSA-N,5.65,5.65,0.0,5.65,5.65,0.0,1,1,10.1021/jm060441e,2006,2006,1773846,False,0
MAOB_HUMAN_IC50,Human MAO-B,primary,CHEMBL2039,Amine oxidase [flavin-containing] B,Homo sapiens,IC50,CHEMBL3417306,O=c1ccc2ccc(OCCCN3CCN(CCCNc4c5c(nc6ccccc46)CCCC5)CC3)cc2o1,OXKYZMPZZYQADV-UHFFFAOYSA-N,5.65,5.65,0.0,5.65,5.65,0.0,1,1,10.1016/j.ejmech.2015.03.040,2015,2015,15219045,False,0
MAOB_HUMAN_IC50,Human MAO-B,primary,CHEMBL2039,Amine oxidase [flavin-containing] B,Homo sapiens,IC50,CHEMBL3417304,O=c1ccc2ccc(OCCCCCN3CCN(CCCNc4c5c(nc6ccccc46)CCCC5)CC3)cc2o1,TWJIVHLWRFWASS-UHFFFAOYSA-N,5.64,5.64,0.0,5.64,5.64,0.0,1,1,10.1016/j.ejmech.2015.03.040,2015,2015,15219047,False,0
MAOB_HUMAN_IC50,Human MAO-B,primary,CHEMBL2039,Amine oxidase [flavin-containing] B,Homo sapiens,IC50,CHEMBL5419856,Cc1ccc(C(=O)Nc2c(O)ccc3c(C)cc(=O)oc23)cc1,MWQLFVHJFJFYFK-UHFFFAOYSA-N,5.64,5.64,0.0,5.64,5.64,0.0,1,1,10.1016/j.ejmech.2023.115091,2023,2023,25461201,False,0
MAOB_HUMAN_IC50,Human MAO-B,primary,CHEMBL2039,Amine oxidase [flavin-containing] B,Homo sapiens,IC50,CHEMBL5565616,COC(=O)c1c(OCc2ccc(S(N)(=O)=O)cc2)ccc2c(C)cc(=O)oc12,LYSZJQBPRRDXLZ-UHFFFAOYSA-N,5.64,5.64,0.0,5.64,5.64,0.0,1,1,10.1021/acs.jmedchem.4c00045,2024,2024,25934280,False,0
MAOB_HUMAN_IC50,Human MAO-B,primary,CHEMBL2039,Amine oxidase [flavin-containing] B,Homo sapiens,IC50,CHEMBL4202569,C#CCN(CCCCOc1ccc2ccc(=O)oc2c1)Cc1cccc(OC)c1,CMFLTTUUZJEPEM-UHFFFAOYSA-N,5.63,5.63,0.0,5.63,5.63,0.0,1,1,10.1016/j.ejmech.2017.07.008,2017,2017,18514944,False,0
MAOB_HUMAN_IC50,Human MAO-B,primary,CHEMBL2039,Amine oxidase [flavin-containing] B,Homo sapiens,IC50,CHEMBL3417311,O=c1ccc2ccc(OCCCN3CCN(CCNc4c5c(nc6ccccc46)CCCC5)CC3)cc2o1,RUDSZRKFTPRYSM-UHFFFAOYSA-N,5.62,5.62,0.0,5.62,5.62,0.0,1,1,10.1016/j.ejmech.2015.03.040,2015,2015,15219040,False,0
MAOB_HUMAN_IC50,Human MAO-B,primary,CHEMBL2039,Amine oxidase [flavin-containing] B,Homo sapiens,IC50,CHEMBL3764644,Cc1cc2ccc(OCCNC3CCN(Cc4ccccc4)CC3)cc2oc1=O,JURRMYXCDPPYMK-UHFFFAOYSA-N,5.62,5.62,0.0,5.62,5.62,0.0,1,1,10.1016/j.bmc.2016.02.023,2016,2016,16481093,False,0
MAOB_HUMAN_IC50,Human MAO-B,primary,CHEMBL2039,Amine oxidase [flavin-containing] B,Homo sapiens,IC50,CHEMBL4214760,C#CCN(CCCCOc1ccc2ccc(=O)oc2c1)Cc1ccc(F)c(F)c1,MSTPETYCFKDUBN-UHFFFAOYSA-N,5.62,5.62,0.0,5.62,5.62,0.0,1,1,10.1016/j.ejmech.2017.07.008,2017,2017,18514946,False,0
MAOB_HUMAN_IC50,Human MAO-B,primary,CHEMBL2039,Amine oxidase [flavin-containing] B,Homo sapiens,IC50,CHEMBL470008,CN(C(=O)c1cc2ccc(OCc3ccccc3)cc2oc1=O)c1ccccc1,FEGWZNRFIPWQSF-UHFFFAOYSA-N,5.62,5.62,0.0,5.62,5.62,0.0,1,1,10.1021/jm801496u,2009,2009,2411378,False,0
MAOB_HUMAN_IC50,Human MAO-B,primary,CHEMBL2039,Amine oxidase [flavin-containing] B,Homo sapiens,IC50,CHEMBL3735913,Cc1ccc2oc(=O)c(-c3cccc(OCCBr)c3)cc2c1,CJGUGSJGGULCKI-UHFFFAOYSA-N,5.61,5.61,0.0,5.61,5.61,0.0,1,1,10.1039/C4MD00437J,2015,2015,16386428,False,0
MAOB_HUMAN_IC50,Human MAO-B,primary,CHEMBL2039,Amine oxidase [flavin-containing] B,Homo sapiens,IC50,CHEMBL5404959,Cc1cc(=O)oc2c(NC(=O)c3ccc(Cl)c(Cl)c3)c(O)ccc12,WGLJEAMEHOXBTC-UHFFFAOYSA-N,5.61,5.61,0.0,5.61,5.61,0.0,1,1,10.1016/j.ejmech.2023.115091,2023,2023,25461205,False,0
MAOB_HUMAN_IC50,Human MAO-B,primary,CHEMBL2039,Amine oxidase [flavin-containing] B,Homo sapiens,IC50,CHEMBL4215220,Cc1ccc2cc(-c3ccc(Cl)nn3)c(=O)oc2c1,QGUMISPLYATJLM-UHFFFAOYSA-N,5.6,5.6,0.0,5.6,5.6,0.0,1,1,10.1016/j.ejmech.2017.07.045,2017,2017,18517402,False,0
MAOB_HUMAN_IC50,Human MAO-B,primary,CHEMBL2039,Amine oxidase [flavin-containing] B,Homo sapiens,IC50,CHEMBL4473562,Cc1c(C)c2ccc(OC3CCN(CCc4ccccc4)CC3)cc2oc1=O,HIBJQIBFQCSPQC-UHFFFAOYSA-N,5.6,5.6,0.0,5.6,5.6,0.0,1,1,10.1021/acs.jmedchem.6b00562,2016,2016,19406937,False,0
MAOB_HUMAN_IC50,Human MAO-B,primary,CHEMBL2039,Amine oxidase [flavin-containing] B,Homo sapiens,IC50,CHEMBL3734986,Cc1ccc2oc(=O)c(-c3cccnc3)cc2c1,ZGNNKZMTHVGSGY-UHFFFAOYSA-N,5.59,5.59,0.0,5.59,5.59,0.0,1,1,10.1039/C4MD00437J,2015,2015,16386444,False,0
MAOB_HUMAN_IC50,Human MAO-B,primary,CHEMBL2039,Amine oxidase [flavin-containing] B,Homo sapiens,IC50,CHEMBL3763535,O=c1oc2cc(OCCNC3CCN(Cc4ccccc4)CC3)ccc2c2c1CCCC2,QZRBOLHGJBENEV-UHFFFAOYSA-N,5.58,5.58,0.0,5.58,5.58,0.0,1,1,10.1016/j.bmc.2016.02.023,2016,2016,16481096,False,0
MAOB_HUMAN_IC50,Human MAO-B,primary,CHEMBL2039,Amine oxidase [flavin-containing] B,Homo sapiens,IC50,CHEMBL4202487,Cc1cccc2cc(-c3ccc(Br)nn3)c(=O)oc12,NPKWKYBXLNPPME-UHFFFAOYSA-N,5.58,5.58,0.0,5.58,5.58,0.0,1,1,10.1016/j.ejmech.2017.07.045,2017,2017,18517397,False,0
MAOB_HUMAN_IC50,Human MAO-B,primary,CHEMBL2039,Amine oxidase [flavin-containing] B,Homo sapiens,IC50,CHEMBL3629472,COc1ccc(/C=C/c2cc(OC)cc(OC)c2/C=C/C(=O)c2cc3ccc(C)cc3oc2=O)cc1,GCJZTWGSGWVZNN-NOQWHZBDSA-N,5.56,5.56,0.0,5.56,5.56,0.0,1,1,10.1016/j.ejmech.2015.08.055,2015,2015,15758452,False,0
MAOB_HUMAN_IC50,Human MAO-B,primary,CHEMBL2039,Amine oxidase [flavin-containing] B,Homo sapiens,IC50,CHEMBL3764436,Cc1cc(=O)oc2cc(OCCNC3CCN(Cc4ccccc4)CC3)ccc12,VCCISXVIIKLUNO-UHFFFAOYSA-N,5.56,5.56,0.0,5.56,5.56,0.0,1,1,10.1016/j.bmc.2016.02.023,2016,2016,16481087,False,0
MAOB_HUMAN_IC50,Human MAO-B,primary,CHEMBL2039,Amine oxidase [flavin-containing] B,Homo sapiens,IC50,CHEMBL53569,O=c1ccc2ccc3occc3c2o1,XDROKJSWHURZGO-UHFFFAOYSA-N,5.56,5.56,0.0,5.56,5.56,0.0,1,1,10.1016/j.bmcl.2019.01.016,2019,2019,19367826,False,0
MAOB_HUMAN_IC50,Human MAO-B,primary,CHEMBL2039,Amine oxidase [flavin-containing] B,Homo sapiens,IC50,CHEMBL1934677,COc1ccc(-c2c(O)c3cc(Cl)ccc3oc2=O)cc1Cl,FCJFTORJZFTPAV-UHFFFAOYSA-N,5.55,5.55,0.0,5.55,5.55,0.0,1,1,10.1016/j.bmcl.2011.11.020,2012,2012,7994130,False,0
MAOB_HUMAN_IC50,Human MAO-B,primary,CHEMBL2039,Amine oxidase [flavin-containing] B,Homo sapiens,IC50,CHEMBL470220,CSc1ccc(NC(=O)c2cc3ccccc3oc2=O)cc1,AHNZZEDQUVBETI-UHFFFAOYSA-N,5.55,5.55,0.0,5.55,5.55,0.0,1,1,10.1021/jm801496u,2009,2009,2411344,False,0
MAOB_HUMAN_IC50,Human MAO-B,primary,CHEMBL2039,Amine oxidase [flavin-containing] B,Homo sapiens,IC50,CHEMBL4205110,Cc1cc(=O)oc2cc(OCc3cc[n+](Cc4cccc([N+](=O)[O-])c4)cc3)ccc12.[Br-],UMMRLRFPUSAQBS-UHFFFAOYSA-M,5.54,5.54,0.0,5.54,5.54,0.0,1,1,10.1016/j.ejmech.2017.07.055,2017,2017,18517507,False,0
MAOB_HUMAN_IC50,Human MAO-B,primary,CHEMBL2039,Amine oxidase [flavin-containing] B,Homo sapiens,IC50,CHEMBL4206041,Cc1cc(=O)oc2cc(OCc3cc[n+](Cc4cccc(F)c4)cc3)ccc12.[Br-],UXMYNPRPWZGKKW-UHFFFAOYSA-M,5.54,5.54,0.0,5.54,5.54,0.0,1,1,10.1016/j.ejmech.2017.07.055,2017,2017,18517499,False,0
MAOB_HUMAN_IC50,Human MAO-B,primary,CHEMBL2039,Amine oxidase [flavin-containing] B,Homo sapiens,IC50,CHEMBL484410,COc1ccc(NC(=O)c2cc3ccc(OCc4ccc(F)cc4)cc3oc2=O)cc1OC,ZKGPIRPNFSOEPA-UHFFFAOYSA-N,5.54,5.54,0.0,5.54,5.54,0.0,1,1,10.1021/jm801496u,2009,2009,2411376,False,0
MAOB_HUMAN_IC50,Human MAO-B,primary,CHEMBL2039,Amine oxidase [flavin-containing] B,Homo sapiens,IC50,CHEMBL3261198,Cc1ccccc1NC(=O)c1cc2ccccc2oc1=O,DJKXRXIFWJQHTK-UHFFFAOYSA-N,5.53,5.53,0.0,5.53,5.53,0.0,1,1,10.1016/j.ejmech.2014.04.060,2014,2014,14662188,False,0
MAOB_HUMAN_IC50,Human MAO-B,primary,CHEMBL2039,Amine oxidase [flavin-containing] B,Homo sapiens,IC50,CHEMBL3219490,Cc1sc(N/N=C/c2cc3ccccc3oc2=O)nc1-c1ccccc1,HLHCIFIRFRCERX-CIAFOILYSA-N,5.52,5.52,0.0,5.52,5.52,0.0,1,1,10.1039/C0MD00014K,2010,2010,14527879,False,0
MAOB_HUMAN_IC50,Human MAO-B,primary,CHEMBL2039,Amine oxidase [flavin-containing] B,Homo sapiens,IC50,CHEMBL4214681,COc1ccc2cc(-c3ccc(Br)nn3)c(=O)oc2c1,SVWNWGPITDFYIV-UHFFFAOYSA-N,5.52,5.52,0.0,5.52,5.52,0.0,1,1,10.1016/j.ejmech.2017.07.045,2017,2017,18517399,False,0
MAOB_HUMAN_IC50,Human MAO-B,primary,CHEMBL2039,Amine oxidase [flavin-containing] B,Homo sapiens,IC50,CHEMBL4091054,Cc1cc(=O)oc2cc(OCCN3CCCCC3)ccc12,HXLHJAZHIGHCJV-UHFFFAOYSA-N,5.51,5.51,0.0,5.51,5.51,0.0,1,1,10.1016/j.ejmech.2016.09.041,2017,2017,18195003,False,0
MAOB_HUMAN_IC50,Human MAO-B,primary,CHEMBL2039,Amine oxidase [flavin-containing] B,Homo sapiens,IC50,CHEMBL4586509,Cc1cc2ccc(OCC3CCN(Cc4ccc(CO)cc4)CC3)cc2oc1=O,DLNHNGYHCSSOLK-UHFFFAOYSA-N,5.51,5.51,0.0,5.51,5.51,0.0,1,1,10.1016/j.ejmech.2018.10.016,2019,2019,18936913,False,0
MAOB_HUMAN_IC50,Human MAO-B,primary,CHEMBL2039,Amine oxidase [flavin-containing] B,Homo sapiens,IC50,CHEMBL4210401,Cc1ccccc1C[n+]1ccc(COc2ccc3c(C)cc(=O)oc3c2)cc1.[Br-],SXYXVHCWGYVMER-UHFFFAOYSA-M,5.5,5.5,0.0,5.5,5.5,0.0,1,1,10.1016/j.ejmech.2017.07.055,2017,2017,18517501,False,0
MAOB_HUMAN_IC50,Human MAO-B,primary,CHEMBL2039,Amine oxidase [flavin-containing] B,Homo sapiens,IC50,CHEMBL1221980,COc1ccc(-c2cc3cc(C)cc(Br)c3oc2=O)cc1,QMFYGKBIXCRXNB-UHFFFAOYSA-N,5.49,5.49,0.0,5.49,5.49,0.0,1,1,10.1016/j.bmcl.2010.07.013,2010,2010,3424171,False,0
MAOB_HUMAN_IC50,Human MAO-B,primary,CHEMBL2039,Amine oxidase [flavin-containing] B,Homo sapiens,IC50,CHEMBL512883,CC(C)CNC(=O)c1cc2ccccc2oc1=O,BKVFDOZWDVAMFZ-UHFFFAOYSA-N,5.49,5.49,0.0,5.49,5.49,0.0,1,1,10.1021/jm801496u,2009,2009,2411332,False,0
MAOB_HUMAN_IC50,Human MAO-B,primary,CHEMBL2039,Amine oxidase [flavin-containing] B,Homo sapiens,IC50,CHEMBL5589767,Cc1c(Cl)c(=O)oc2cc(OCC(=O)Nc3ccc(S(N)(=O)=O)cc3F)ccc12,PPCVYOIHJUDHNC-UHFFFAOYSA-N,5.49,5.49,0.0,5.49,5.49,0.0,1,1,10.1021/acs.jmedchem.4c00045,2024,2024,25934236,False,0
MAOB_HUMAN_IC50,Human MAO-B,primary,CHEMBL2039,Amine oxidase [flavin-containing] B,Homo sapiens,IC50,CHEMBL3394536,O=c1oc2cc(/N=C/c3ccc(O)cc3O)ccc2c2c1CCCC2,MTOUBLIRCKVZAT-SRZZPIQSSA-N,5.47,5.47,0.0,5.47,5.47,0.0,1,1,10.1016/j.bmcl.2014.12.034,2015,2015,15144172,False,0
MAOB_HUMAN_IC50,Human MAO-B,primary,CHEMBL2039,Amine oxidase [flavin-containing] B,Homo sapiens,IC50,CHEMBL469783,COc1cc(NC(=O)c2cc3ccc(OCc4ccccc4)cc3oc2=O)cc(OC)c1,IOMBASOJMPWCSJ-UHFFFAOYSA-N,5.47,5.47,0.0,5.47,5.47,0.0,1,1,10.1021/jm801496u,2009,2009,2411371,False,0
MAOB_HUMAN_IC50,Human MAO-B,primary,CHEMBL2039,Amine oxidase [flavin-containing] B,Homo sapiens,IC50,CHEMBL3417305,O=c1ccc2ccc(OCCCCN3CCN(CCCNc4c5c(nc6ccccc46)CCCC5)CC3)cc2o1,IWYTZZGVDJBXMG-UHFFFAOYSA-N,5.46,5.46,0.0,5.46,5.46,0.0,1,1,10.1016/j.ejmech.2015.03.040,2015,2015,15219046,False,0
MAOB_HUMAN_IC50,Human MAO-B,primary,CHEMBL2039,Amine oxidase [flavin-containing] B,Homo sapiens,IC50,CHEMBL4206927,C#CCN(CCCCOc1ccc2ccc(=O)oc2c1)Cc1ccc(C(C)C)cc1,ZHTUNTNEADBCIG-UHFFFAOYSA-N,5.46,5.46,0.0,5.46,5.46,0.0,1,1,10.1016/j.ejmech.2017.07.008,2017,2017,18514942,False,0
MAOB_HUMAN_IC50,Human MAO-B,primary,CHEMBL2039,Amine oxidase [flavin-containing] B,Homo sapiens,IC50,CHEMBL500683,N#Cc1c(F)c(F)c(NC(=O)c2cc3ccc(OCc4ccc(F)cc4)cc3oc2=O)c(F)c1F,TWDNLHLTPOULJC-UHFFFAOYSA-N,5.46,5.46,0.0,5.46,5.46,0.0,1,1,10.1021/jm801496u,2009,2009,2411374,False,0
MAOB_HUMAN_IC50,Human MAO-B,primary,CHEMBL2039,Amine oxidase [flavin-containing] B,Homo sapiens,IC50,CHEMBL4216146,C#CCN(CCOc1ccc2ccc(=O)oc2c1)Cc1ccc(OC)cc1,YUBVIFPCNJUNOC-UHFFFAOYSA-N,5.45,5.45,0.0,5.45,5.45,0.0,1,1,10.1016/j.ejmech.2017.07.008,2017,2017,18514929,False,0
MAOB_HUMAN_IC50,Human MAO-B,primary,CHEMBL2039,Amine oxidase [flavin-containing] B,Homo sapiens,IC50,CHEMBL4086218,Cc1cc(=O)oc2cc(OCCN3CCN(Cc4ccc(Br)cc4)CC3)ccc12,QUQIBOOPHFOKQS-UHFFFAOYSA-N,5.44,5.44,0.0,5.44,5.44,0.0,1,1,10.1016/j.ejmech.2016.09.041,2017,2017,18195010,False,0
MAOB_HUMAN_IC50,Human MAO-B,primary,CHEMBL2039,Amine oxidase [flavin-containing] B,Homo sapiens,IC50,CHEMBL4554567,Cc1cc(O)cc2oc(=O)c(C(=O)CCN(C)C)cc12.Cl,XODYJMHJENHBHN-UHFFFAOYSA-N,5.44,5.44,0.0,5.44,5.44,0.0,1,1,10.1016/j.ejmech.2019.04.016,2019,2019,19030121,False,0
MAOB_HUMAN_IC50,Human MAO-B,primary,CHEMBL2039,Amine oxidase [flavin-containing] B,Homo sapiens,IC50,CHEMBL4580963,Cc1c(C)c2ccc(OCC3CCN(CCCCO)CC3)cc2oc1=O,VTPAGWWPFBCDCN-UHFFFAOYSA-N,5.44,5.44,0.0,5.44,5.44,0.0,1,1,10.1016/j.ejmech.2018.10.016,2019,2019,18936918,False,0
MAOB_HUMAN_IC50,Human MAO-B,primary,CHEMBL2039,Amine oxidase [flavin-containing] B,Homo sapiens,IC50,CHEMBL1830816,CCOC(=O)c1cc2ccc(OCc3ccc(C(C)(C)C)cc3)cc2oc1=O,FWLMJHGQRXWNIS-UHFFFAOYSA-N,5.43,5.43,0.0,5.43,5.43,0.0,1,1,10.1016/j.ejmech.2011.07.017,2011,2011,6361423,False,0
MAOB_HUMAN_IC50,Human MAO-B,primary,CHEMBL2039,Amine oxidase [flavin-containing] B,Homo sapiens,IC50,CHEMBL3735973,Cc1ccc2oc(=O)c(-c3cccc(OCCCBr)c3)cc2c1,ISHKJWBAICESMB-UHFFFAOYSA-N,5.43,5.43,0.0,5.43,5.43,0.0,1,1,10.1039/C4MD00437J,2015,2015,16386429,False,0
MAOB_HUMAN_IC50,Human MAO-B,primary,CHEMBL2039,Amine oxidase [flavin-containing] B,Homo sapiens,IC50,CHEMBL4217159,C#CCN(CCCOc1ccc2ccc(=O)oc2c1)Cc1ccccc1,GHIIGHDVYFUDOT-UHFFFAOYSA-N,5.43,5.43,0.0,5.43,5.43,0.0,1,1,10.1016/j.ejmech.2017.07.008,2017,2017,18514933,False,0
MAOB_HUMAN_IC50,Human MAO-B,primary,CHEMBL2039,Amine oxidase [flavin-containing] B,Homo sapiens,IC50,CHEMBL512703,CC(C)c1ccc(NC(=O)c2cc3ccc(OCc4ccccc4)cc3oc2=O)cc1,NOWKVFZIFYZZQO-UHFFFAOYSA-N,5.43,5.43,0.0,5.43,5.43,0.0,1,1,10.1021/jm801496u,2009,2009,2411366,False,0
MAOB_HUMAN_IC50,Human MAO-B,primary,CHEMBL2039,Amine oxidase [flavin-containing] B,Homo sapiens,IC50,CHEMBL3735165,Cc1ccc2oc(=O)c(-c3cccs3)cc2c1,NCFDLDNOVBBFGK-UHFFFAOYSA-N,5.42,5.42,0.0,5.42,5.42,0.0,1,1,10.1039/C4MD00437J,2015,2015,16386443,False,0
MAOB_HUMAN_IC50,Human MAO-B,primary,CHEMBL2039,Amine oxidase [flavin-containing] B,Homo sapiens,IC50,CHEMBL4213345,Cc1cc(=O)oc2cc(OCc3cc[n+](Cc4ccc(Br)cc4)cc3)ccc12.[Br-],IZFCERVBDMXUMX-UHFFFAOYSA-M,5.41,5.41,0.0,5.41,5.41,0.0,1,1,10.1016/j.ejmech.2017.07.055,2017,2017,18517506,False,0
MAOB_HUMAN_IC50,Human MAO-B,primary,CHEMBL2039,Amine oxidase [flavin-containing] B,Homo sapiens,IC50,CHEMBL4213874,Cc1ccc(C[n+]2ccc(COc3ccc4c(C)cc(=O)oc4c3)cc2)cc1.[Br-],VVLYCEJFLDQNDK-UHFFFAOYSA-M,5.41,5.41,0.0,5.41,5.41,0.0,1,1,10.1016/j.ejmech.2017.07.055,2017,2017,18517503,False,0
MAOB_HUMAN_IC50,Human MAO-B,primary,CHEMBL2039,Amine oxidase [flavin-containing] B,Homo sapiens,IC50,CHEMBL488917,Cc1cc(=O)oc2c(C)c(OC3CCCCC3=O)ccc12,WRTZCCCOMNOONZ-UHFFFAOYSA-N,5.41,5.41,0.0,5.41,5.41,0.0,1,1,10.1021/jm800656v,2008,2008,2592802,False,0
MAOB_HUMAN_IC50,Human MAO-B,primary,CHEMBL2039,Amine oxidase [flavin-containing] B,Homo sapiens,IC50,CHEMBL5571767,NS(=O)(=O)c1ccc(COc2ccc3c(CN4CCNCC4)cc(=O)oc3c2)cc1,NAZOKEQAANOOBB-UHFFFAOYSA-N,5.41,5.41,0.0,5.41,5.41,0.0,1,1,10.1021/acs.jmedchem.4c00045,2024,2024,25934285,False,0
MAOB_HUMAN_IC50,Human MAO-B,primary,CHEMBL2039,Amine oxidase [flavin-containing] B,Homo sapiens,IC50,CHEMBL5574490,NS(=O)(=O)c1ccc(COc2ccc3c(N4CCOCC4)cc(=O)oc3c2)cc1,ORIYXJMMWOOZBD-UHFFFAOYSA-N,5.41,5.41,0.0,5.41,5.41,0.0,1,1,10.1021/acs.jmedchem.4c00045,2024,2024,25934271,False,0
MAOB_HUMAN_IC50,Human MAO-B,primary,CHEMBL2039,Amine oxidase [flavin-containing] B,Homo sapiens,IC50,CHEMBL4208961,Cc1cc(=O)oc2cc(OCc3cc[n+](Cc4ccccc4Br)cc3)ccc12.[Br-],HGSMDYBCEIXINY-UHFFFAOYSA-M,5.4,5.4,0.0,5.4,5.4,0.0,1,1,10.1016/j.ejmech.2017.07.055,2017,2017,18517504,False,0
MAOB_HUMAN_IC50,Human MAO-B,primary,CHEMBL2039,Amine oxidase [flavin-containing] B,Homo sapiens,IC50,CHEMBL3629468,COc1ccc(/C=C/c2cc(OC)cc(OC)c2/C=C/C(=O)c2cc3ccc(OC)cc3oc2=O)cc1,DMRJQDWCIVTCSF-SEYMNPNRSA-N,5.38,5.38,0.0,5.38,5.38,0.0,1,1,10.1016/j.ejmech.2015.08.055,2015,2015,15758476,False,0
MAOB_HUMAN_IC50,Human MAO-B,primary,CHEMBL2039,Amine oxidase [flavin-containing] B,Homo sapiens,IC50,CHEMBL4205764,Cc1cc(=O)oc2cc(OCc3cc[n+](Cc4ccccc4F)cc3)ccc12.[Br-],DMGKKGXQFVPDLI-UHFFFAOYSA-M,5.38,5.38,0.0,5.38,5.38,0.0,1,1,10.1016/j.ejmech.2017.07.055,2017,2017,18517498,False,0
MAOB_HUMAN_IC50,Human MAO-B,primary,CHEMBL2039,Amine oxidase [flavin-containing] B,Homo sapiens,IC50,CHEMBL508793,COc1cc(NC(=O)c2cc3ccccc3oc2=O)cc(OC)c1,TWWGQNUHZRYDKK-UHFFFAOYSA-N,5.38,5.38,0.0,5.38,5.38,0.0,1,1,10.1021/jm801496u,2009,2009,2411358,False,0
MAOB_HUMAN_IC50,Human MAO-B,primary,CHEMBL2039,Amine oxidase [flavin-containing] B,Homo sapiens,IC50,CHEMBL1221929,Cc1ccc2oc(=O)c(-c3ccccc3Br)cc2c1,AEOXYENOHINSQF-UHFFFAOYSA-N,5.37,5.37,0.0,5.37,5.37,0.0,1,1,10.1016/j.bmcl.2010.07.013,2010,2010,3424169,False,0
MAOB_HUMAN_IC50,Human MAO-B,primary,CHEMBL2039,Amine oxidase [flavin-containing] B,Homo sapiens,IC50,CHEMBL469782,COc1ccc(NC(=O)c2cc3ccc(OCc4ccccc4)cc3oc2=O)cc1OC,YCZCJFXNAXPIJI-UHFFFAOYSA-N,5.36,5.36,0.0,5.36,5.36,0.0,1,1,10.1021/jm801496u,2009,2009,2411370,False,0
MAOB_HUMAN_IC50,Human MAO-B,primary,CHEMBL2039,Amine oxidase [flavin-containing] B,Homo sapiens,IC50,CHEMBL3734992,Cc1ccc2oc(=O)c(-c3cccc(OC(=O)N(C)C)c3)cc2c1,QCBLVRPCVLXNPE-UHFFFAOYSA-N,5.35,5.35,0.0,5.35,5.35,0.0,1,1,10.1039/C4MD00437J,2015,2015,16386434,False,0
MAOB_HUMAN_IC50,Human MAO-B,primary,CHEMBL2039,Amine oxidase [flavin-containing] B,Homo sapiens,IC50,CHEMBL4216733,C#CCN(CCCOc1ccc2ccc(=O)oc2c1)Cc1cccc(F)c1,CXVKTQZYCHOJIJ-UHFFFAOYSA-N,5.35,5.35,0.0,5.35,5.35,0.0,1,1,10.1016/j.ejmech.2017.07.008,2017,2017,18514938,False,0
MAOB_HUMAN_IC50,Human MAO-B,primary,CHEMBL2039,Amine oxidase [flavin-containing] B,Homo sapiens,IC50,CHEMBL1830830,O=C(NNc1ccccc1)c1cc2ccccc2oc1=O,GQJLBGXDQVEXKH-UHFFFAOYSA-N,5.34,5.34,0.0,5.34,5.34,0.0,1,1,10.1016/j.ejmech.2011.07.017,2011,2011,6361426,False,0
MAOB_HUMAN_IC50,Human MAO-B,primary,CHEMBL2039,Amine oxidase [flavin-containing] B,Homo sapiens,IC50,CHEMBL3417312,O=c1ccc2ccc(OCCN3CCN(CCNc4c5c(nc6ccccc46)CCCC5)CC3)cc2o1,UAPFPZISLYDWMP-UHFFFAOYSA-N,5.34,5.34,0.0,5.34,5.34,0.0,1,1,10.1016/j.ejmech.2015.03.040,2015,2015,15219039,False,0
MAOB_HUMAN_IC50,Human MAO-B,primary,CHEMBL2039,Amine oxidase [flavin-containing] B,Homo sapiens,IC50,CHEMBL4208341,C#CCN(CCCOc1ccc2ccc(=O)oc2c1)Cc1cccc(OC)c1,QOPOUAXGDKWZKV-UHFFFAOYSA-N,5.34,5.34,0.0,5.34,5.34,0.0,1,1,10.1016/j.ejmech.2017.07.008,2017,2017,18514937,False,0
MAOB_HUMAN_IC50,Human MAO-B,primary,CHEMBL2039,Amine oxidase [flavin-containing] B,Homo sapiens,IC50,CHEMBL526897,O=C(NNc1ccccc1)c1cc2ccc(OCc3ccccc3)cc2oc1=O,OSWDDFNVOXEAGK-UHFFFAOYSA-N,5.34,5.34,0.0,5.34,5.34,0.0,1,1,10.1021/jm801496u,2009,2009,2411373,False,0
MAOB_HUMAN_IC50,Human MAO-B,primary,CHEMBL2039,Amine oxidase [flavin-containing] B,Homo sapiens,IC50,CHEMBL3261201,Cc1ccccc1NC(=O)c1cc2cc(Br)cc(Br)c2oc1=O,JKNDSUFKVDNADD-UHFFFAOYSA-N,5.33,5.33,0.0,5.33,5.33,0.0,1,1,10.1016/j.ejmech.2014.04.060,2014,2014,14662193,False,0
MAOB_HUMAN_IC50,Human MAO-B,primary,CHEMBL2039,Amine oxidase [flavin-containing] B,Homo sapiens,IC50,CHEMBL4537471,COc1ccc2cc(C(=O)CCN3CCOCC3)c(=O)oc2c1.Cl,ZLBPATWAZZNPMT-UHFFFAOYSA-N,5.33,5.33,0.0,5.33,5.33,0.0,1,1,10.1016/j.ejmech.2019.04.016,2019,2019,19030117,False,0
MAOB_HUMAN_IC50,Human MAO-B,primary,CHEMBL2039,Amine oxidase [flavin-containing] B,Homo sapiens,IC50,CHEMBL5572092,NS(=O)(=O)c1ccc(NC(=O)COc2ccc3ccc(=O)oc3c2)c(Br)c1,IBOUAOLFUAHOIO-UHFFFAOYSA-N,5.32,5.32,0.0,5.32,5.32,0.0,1,1,10.1021/acs.jmedchem.4c00045,2024,2024,25934228,False,0
MAOB_HUMAN_IC50,Human MAO-B,primary,CHEMBL2039,Amine oxidase [flavin-containing] B,Homo sapiens,IC50,CHEMBL1221982,COc1cc(-c2cc3cc(C)cc(Br)c3oc2=O)cc(OC)c1OC,VWKQTQVNQOYLAC-UHFFFAOYSA-N,5.31,5.31,0.0,5.31,5.31,0.0,1,1,10.1016/j.bmcl.2010.07.013,2010,2010,3424173,False,0
MAOB_HUMAN_IC50,Human MAO-B,primary,CHEMBL2039,Amine oxidase [flavin-containing] B,Homo sapiens,IC50,CHEMBL4211764,C#CCN(CCCOc1ccc2ccc(=O)oc2c1)Cc1ccc(F)c(F)c1,LSPYAKVIHLTSEM-UHFFFAOYSA-N,5.31,5.31,0.0,5.31,5.31,0.0,1,1,10.1016/j.ejmech.2017.07.008,2017,2017,18514939,False,0
MAOB_HUMAN_IC50,Human MAO-B,primary,CHEMBL2039,Amine oxidase [flavin-containing] B,Homo sapiens,IC50,CHEMBL471228,COc1ccc(NC(=O)c2cc3ccc(OCc4ccccc4)c(C)c3oc2=O)cc1OC,YOIOPTJWYLETKR-UHFFFAOYSA-N,5.3,5.3,0.0,5.3,5.3,0.0,1,1,10.1021/jm801496u,2009,2009,2411379,False,0
MAOB_HUMAN_IC50,Human MAO-B,primary,CHEMBL2039,Amine oxidase [flavin-containing] B,Homo sapiens,IC50,CHEMBL2376890,O=C(Nc1cc2ccccc2oc1=O)OCCBr,DXRNLZNXYJJNAR-UHFFFAOYSA-N,5.29,5.29,0.0,5.29,5.29,0.0,1,1,10.1016/j.ejmech.2013.02.009,2013,2013,13279596,False,0
MAOB_HUMAN_IC50,Human MAO-B,primary,CHEMBL2039,Amine oxidase [flavin-containing] B,Homo sapiens,IC50,CHEMBL3629473,COc1ccc(/C=C/c2cc(OC)cc(OC)c2/C=C/C(=O)c2cc3cc(C)ccc3oc2=O)cc1,FBQVQKYVCMQYHH-UXKPLKHMSA-N,5.29,5.29,0.0,5.29,5.29,0.0,1,1,10.1016/j.ejmech.2015.08.055,2015,2015,15758461,False,0
MAOB_HUMAN_IC50,Human MAO-B,primary,CHEMBL2039,Amine oxidase [flavin-containing] B,Homo sapiens,IC50,CHEMBL3417308,O=c1ccc2ccc(OCCCCCCN3CCN(CCNc4c5c(nc6ccccc46)CCCC5)CC3)cc2o1,HZLYSFRTSCJXAA-UHFFFAOYSA-N,5.28,5.28,0.0,5.28,5.28,0.0,1,1,10.1016/j.ejmech.2015.03.040,2015,2015,15219043,False,0
MAOB_HUMAN_IC50,Human MAO-B,primary,CHEMBL2039,Amine oxidase [flavin-containing] B,Homo sapiens,IC50,CHEMBL4093982,O=c1cc(C(F)(F)F)c2ccc(OCCN3CCC(Cc4ccccc4)CC3)cc2o1,UPGSIJLGNUKGMV-UHFFFAOYSA-N,5.27,5.27,0.0,5.27,5.27,0.0,1,1,10.1016/j.ejmech.2016.09.041,2017,2017,18195008,False,0
MAOB_HUMAN_IC50,Human MAO-B,primary,CHEMBL2039,Amine oxidase [flavin-containing] B,Homo sapiens,IC50,CHEMBL4206334,COc1ccc(-c2cc3cccc(C)c3oc2=O)nn1,BUALHDCNMDZXGT-UHFFFAOYSA-N,5.27,5.27,0.0,5.27,5.27,0.0,1,1,10.1016/j.ejmech.2017.07.045,2017,2017,18517409,False,0
MAOB_HUMAN_IC50,Human MAO-B,primary,CHEMBL2039,Amine oxidase [flavin-containing] B,Homo sapiens,IC50,CHEMBL1835226,CC(=O)COc1ccc2oc(=O)c(-c3ccc(C)cc3)cc2c1,DUIUWPGAKIPAND-UHFFFAOYSA-N,5.26,5.26,0.0,5.26,5.26,0.0,1,1,10.1021/jm200716y,2011,2011,6383783,False,0
MAOB_HUMAN_IC50,Human MAO-B,primary,CHEMBL2039,Amine oxidase [flavin-containing] B,Homo sapiens,IC50,CHEMBL3360730,Cc1ccc2oc(=O)c(-c3ccccc3[N+](=O)[O-])cc2c1,LNHYZJWJBZUDOM-UHFFFAOYSA-N,5.26,5.26,0.0,5.26,5.26,0.0,1,1,10.1016/j.bmcl.2014.12.001,2015,2015,14993858,False,0
MAOB_HUMAN_IC50,Human MAO-B,primary,CHEMBL2039,Amine oxidase [flavin-containing] B,Homo sapiens,IC50,CHEMBL4212732,C#CCN(CCOc1ccc2ccc(=O)oc2c1)Cc1cccc(F)c1,DPKOIOCZXMATFT-UHFFFAOYSA-N,5.26,5.26,0.0,5.26,5.26,0.0,1,1,10.1016/j.ejmech.2017.07.008,2017,2017,18514931,False,0
MAOB_HUMAN_IC50,Human MAO-B,primary,CHEMBL2039,Amine oxidase [flavin-containing] B,Homo sapiens,IC50,CHEMBL499847,O=c1ccc2c(ccc3ccoc32)o1,HMUJHZNYHJMOHR-UHFFFAOYSA-N,5.26,5.26,0.0,5.26,5.26,0.0,1,1,10.1016/j.bmcl.2019.01.016,2019,2019,19367828,False,0
MAOB_HUMAN_IC50,Human MAO-B,primary,CHEMBL2039,Amine oxidase [flavin-containing] B,Homo sapiens,IC50,CHEMBL3297796,O=C(SCc1ccco1)c1cc2cc(Br)c(Br)cc2oc1=O,MCNKDIWLLBXTCD-UHFFFAOYSA-N,5.25,5.25,0.0,5.25,5.25,0.0,1,1,10.1016/j.bmc.2014.05.002,2014,2014,15044549,False,0
MAOB_HUMAN_IC50,Human MAO-B,primary,CHEMBL2039,Amine oxidase [flavin-containing] B,Homo sapiens,IC50,CHEMBL372943,Cc1cc(=O)oc2cc(OC3CCCC3=O)ccc12,UDCMJKJFGCMHHR-UHFFFAOYSA-N,5.25,5.25,0.0,5.25,5.25,0.0,1,1,10.1021/jm800656v,2008,2008,2592801,False,0
MAOB_HUMAN_IC50,Human MAO-B,primary,CHEMBL2039,Amine oxidase [flavin-containing] B,Homo sapiens,IC50,CHEMBL3735436,Cc1ccc2oc(=O)c(-c3c[nH]c4ccccc34)cc2c1,TYLMPTOYFALMLU-UHFFFAOYSA-N,5.25,5.25,0.0,5.25,5.25,0.0,1,1,10.1039/C4MD00437J,2015,2015,16386446,False,0
MAOB_HUMAN_IC50,Human MAO-B,primary,CHEMBL2039,Amine oxidase [flavin-containing] B,Homo sapiens,IC50,CHEMBL4061479,O=c1cc(C(F)(F)F)c2ccc(OCCN3CCN(Cc4ccc(Br)cc4)CC3)cc2o1,PPBFHRUODSNVDJ-UHFFFAOYSA-N,5.25,5.25,0.0,5.25,5.25,0.0,1,1,10.1016/j.ejmech.2016.09.041,2017,2017,18195013,False,0
MAOB_HUMAN_IC50,Human MAO-B,primary,CHEMBL2039,Amine oxidase [flavin-containing] B,Homo sapiens,IC50,CHEMBL4210766,C#CCN(CCOc1ccc2ccc(=O)oc2c1)Cc1ccc(C)cc1,HDQNKCLFEJDAEM-UHFFFAOYSA-N,5.25,5.25,0.0,5.25,5.25,0.0,1,1,10.1016/j.ejmech.2017.07.008,2017,2017,18514927,False,0
MAOB_HUMAN_IC50,Human MAO-B,primary,CHEMBL2039,Amine oxidase [flavin-containing] B,Homo sapiens,IC50,CHEMBL3417298,COc1cc(=O)oc2cc(OCCN3CCN(CCCNc4c5c(nc6ccccc46)CCCC5)CC3)ccc12,BCVGDFVUHQSRKG-UHFFFAOYSA-N,5.24,5.24,0.0,5.24,5.24,0.0,1,1,10.1016/j.ejmech.2015.03.040,2015,2015,15219053,False,0
MAOB_HUMAN_IC50,Human MAO-B,primary,CHEMBL2039,Amine oxidase [flavin-containing] B,Homo sapiens,IC50,CHEMBL3220513,O=C(Nc1cc2ccccc2oc1=O)c1ccc(Cl)c(Cl)c1,VQSVBDYFVMWUHI-UHFFFAOYSA-N,5.22,5.22,0.0,5.22,5.22,0.0,1,1,10.1039/C1MD00221J,2012,2012,14552981,False,0
MAOB_HUMAN_IC50,Human MAO-B,primary,CHEMBL2039,Amine oxidase [flavin-containing] B,Homo sapiens,IC50,CHEMBL4213274,C#CCN(CCCOc1ccc2ccc(=O)oc2c1)Cc1ccc(OC)cc1,MJWXGVXSHCKNRX-UHFFFAOYSA-N,5.22,5.22,0.0,5.22,5.22,0.0,1,1,10.1016/j.ejmech.2017.07.008,2017,2017,18514936,False,0
MAOB_HUMAN_IC50,Human MAO-B,primary,CHEMBL2039,Amine oxidase [flavin-containing] B,Homo sapiens,IC50,CHEMBL5393927,COc1ccc(C(=O)Nc2c(O)ccc3c(C)cc(=O)oc23)cc1,CHRFFYTZXZSYFI-UHFFFAOYSA-N,5.21,5.21,0.0,5.21,5.21,0.0,1,1,10.1016/j.ejmech.2023.115091,2023,2023,25461204,False,0
MAOB_HUMAN_IC50,Human MAO-B,primary,CHEMBL2039,Amine oxidase [flavin-containing] B,Homo sapiens,IC50,CHEMBL1761757,O=c1oc2ccccc2cc1-c1cccs1,AUISNCGJDLDBGR-UHFFFAOYSA-N,5.2,5.2,0.0,5.2,5.2,0.0,1,1,10.1016/j.ejmech.2011.01.033,2011,2011,6153441,False,0
MAOB_HUMAN_IC50,Human MAO-B,primary,CHEMBL2039,Amine oxidase [flavin-containing] B,Homo sapiens,IC50,CHEMBL3297791,O=C(Sc1ccc(Br)cc1)c1cc2ccccc2oc1=O,JDFPLBHEZSYSDM-UHFFFAOYSA-N,5.19,5.19,0.0,5.19,5.19,0.0,1,1,10.1016/j.bmc.2014.05.002,2014,2014,15044544,False,0
MAOB_HUMAN_IC50,Human MAO-B,primary,CHEMBL2039,Amine oxidase [flavin-containing] B,Homo sapiens,IC50,CHEMBL3735661,Cc1ccc2oc(=O)c(-c3cccc4ccccc34)cc2c1,QIKZGWFGTJQVPV-UHFFFAOYSA-N,5.19,5.19,0.0,5.19,5.19,0.0,1,1,10.1039/C4MD00437J,2015,2015,16386445,False,0
MAOB_HUMAN_IC50,Human MAO-B,primary,CHEMBL2039,Amine oxidase [flavin-containing] B,Homo sapiens,IC50,CHEMBL2376887,CC(C)OC(=O)Nc1cc2ccccc2oc1=O,BDMJDPCZOKJISW-UHFFFAOYSA-N,5.18,5.18,0.0,5.18,5.18,0.0,1,1,10.1016/j.ejmech.2013.02.009,2013,2013,13279597,False,0
MAOB_HUMAN_IC50,Human MAO-B,primary,CHEMBL2039,Amine oxidase [flavin-containing] B,Homo sapiens,IC50,CHEMBL4445345,Cc1cc(=O)oc2ccc(OC/C=C/CCn3cnc4c(N5CCCCC5)ncnc43)cc12,LIFICNZLRORTHU-XVNBXDOJSA-N,5.17,5.17,0.0,5.17,5.17,0.0,1,1,10.1016/j.bmc.2019.01.025,2019,2019,18997125,False,0
MAOB_HUMAN_IC50,Human MAO-B,primary,CHEMBL2039,Amine oxidase [flavin-containing] B,Homo sapiens,IC50,CHEMBL1214023,COc1cccc(-c2csc(N/N=C(\C)c3cc4ccccc4oc3=O)n2)c1,XQGSFPQEQYBHHJ-YDZHTSKRSA-N,5.16,5.16,0.0,5.16,5.16,0.0,1,1,10.1016/j.bmc.2010.06.007,2010,2010,3407003,False,0
MAOB_HUMAN_IC50,Human MAO-B,primary,CHEMBL2039,Amine oxidase [flavin-containing] B,Homo sapiens,IC50,CHEMBL4211175,C#CCN(CCOc1ccc2ccc(=O)oc2c1)Cc1ccc(C(C)C)cc1,ZZRSMBNBPDQDKI-UHFFFAOYSA-N,5.16,5.16,0.0,5.16,5.16,0.0,1,1,10.1016/j.ejmech.2017.07.008,2017,2017,18514928,False,0
MAOB_HUMAN_IC50,Human MAO-B,primary,CHEMBL2039,Amine oxidase [flavin-containing] B,Homo sapiens,IC50,CHEMBL4216807,Cc1cc(=O)oc2cc(OCc3cc[n+](Cc4ccc([N+](=O)[O-])cc4)cc3)ccc12.[Br-],XVMDYZJNSFEERP-UHFFFAOYSA-M,5.16,5.16,0.0,5.16,5.16,0.0,1,1,10.1016/j.ejmech.2017.07.055,2017,2017,18517508,False,0
MAOB_HUMAN_IC50,Human MAO-B,primary,CHEMBL2039,Amine oxidase [flavin-containing] B,Homo sapiens,IC50,CHEMBL1221981,COc1cc(OC)cc(-c2cc3cc(C)cc(Br)c3oc2=O)c1,PURLVMATZXIIPN-UHFFFAOYSA-N,5.15,5.15,0.0,5.15,5.15,0.0,1,1,10.1016/j.bmcl.2010.07.013,2010,2010,3424172,False,0
MAOB_HUMAN_IC50,Human MAO-B,primary,CHEMBL2039,Amine oxidase [flavin-containing] B,Homo sapiens,IC50,CHEMBL3261204,O=C(Nc1cccc(C(F)(F)F)c1)c1cc2cc(Br)cc(Br)c2oc1=O,ADKSOBAJEMCMRG-UHFFFAOYSA-N,5.15,5.15,0.0,5.15,5.15,0.0,1,1,10.1016/j.ejmech.2014.04.060,2014,2014,14662196,False,0
MAOB_HUMAN_IC50,Human MAO-B,primary,CHEMBL2039,Amine oxidase [flavin-containing] B,Homo sapiens,IC50,CHEMBL4217683,C#CCN(CCOc1ccc2ccc(=O)oc2c1)Cc1cccc(OC)c1,FIAJLLVZMIFOBX-UHFFFAOYSA-N,5.15,5.15,0.0,5.15,5.15,0.0,1,1,10.1016/j.ejmech.2017.07.008,2017,2017,18514930,False,0
MAOB_HUMAN_IC50,Human MAO-B,primary,CHEMBL2039,Amine oxidase [flavin-containing] B,Homo sapiens,IC50,CHEMBL3112600,CCCCOc1ccc2oc(=O)c(CNCC)cc2c1,AGRYECBQFAKMGK-UHFFFAOYSA-N,5.13,5.13,0.0,5.13,5.13,0.0,1,1,10.1016/j.ejmech.2013.11.035,2014,2014,13920863,False,0
MAOB_HUMAN_IC50,Human MAO-B,primary,CHEMBL2039,Amine oxidase [flavin-containing] B,Homo sapiens,IC50,CHEMBL3297787,CCCCCCN(CCCCCC)C(=O)c1cc2cc(Br)cc(Br)c2oc1=O,YHENMGCMMAPMDP-UHFFFAOYSA-N,5.13,5.13,0.0,5.13,5.13,0.0,1,1,10.1016/j.bmc.2014.05.002,2014,2014,15044543,False,0
MAOB_HUMAN_IC50,Human MAO-B,primary,CHEMBL2039,Amine oxidase [flavin-containing] B,Homo sapiens,IC50,CHEMBL3629475,COc1ccc(/C=C/c2cc(OC)cc(OC)c2/C=C/C(=O)c2cc3ccc(Cl)cc3oc2=O)cc1,YPOIKOYWOZFNKV-RTYMFESYSA-N,5.13,5.13,0.0,5.13,5.13,0.0,1,1,10.1016/j.ejmech.2015.08.055,2015,2015,15758462,False,0
MAOB_HUMAN_IC50,Human MAO-B,primary,CHEMBL2039,Amine oxidase [flavin-containing] B,Homo sapiens,IC50,CHEMBL4208881,C#CCN(CCCOc1ccc2ccc(=O)oc2c1)Cc1ccc(C)cc1,JSLYSBVDVNJMLV-UHFFFAOYSA-N,5.13,5.13,0.0,5.13,5.13,0.0,1,1,10.1016/j.ejmech.2017.07.008,2017,2017,18514934,False,0
MAOB_HUMAN_IC50,Human MAO-B,primary,CHEMBL2039,Amine oxidase [flavin-containing] B,Homo sapiens,IC50,CHEMBL5403469,Cc1cc(=O)oc2c(NC(=O)CC(C)(C)C)c(O)ccc12,JXVIFRRDFWNRDS-UHFFFAOYSA-N,5.13,5.13,0.0,5.13,5.13,0.0,1,1,10.1016/j.ejmech.2023.115091,2023,2023,25461198,False,0
MAOB_HUMAN_IC50,Human MAO-B,primary,CHEMBL2039,Amine oxidase [flavin-containing] B,Homo sapiens,IC50,CHEMBL5593900,NS(=O)(=O)c1ccc(COc2ccc3c(CN4CCOCC4)cc(=O)oc3c2)cc1,DTIZVTGOGWVWFS-UHFFFAOYSA-N,5.13,5.13,0.0,5.13,5.13,0.0,1,1,10.1021/acs.jmedchem.4c00045,2024,2024,25934277,False,0
MAOB_HUMAN_IC50,Human MAO-B,primary,CHEMBL2039,Amine oxidase [flavin-containing] B,Homo sapiens,IC50,CHEMBL3297793,O=C(Sc1ncccn1)c1cc2ccccc2oc1=O,DRZUHKSYROYCLS-UHFFFAOYSA-N,5.12,5.12,0.0,5.12,5.12,0.0,1,1,10.1016/j.bmc.2014.05.002,2014,2014,15044546,False,0
MAOB_HUMAN_IC50,Human MAO-B,primary,CHEMBL2039,Amine oxidase [flavin-containing] B,Homo sapiens,IC50,CHEMBL4204002,C#CCN(CCCOc1ccc2ccc(=O)oc2c1)Cc1ccc(C(C)C)cc1,YGXHQBJGMHWIIZ-UHFFFAOYSA-N,5.12,5.12,0.0,5.12,5.12,0.0,1,1,10.1016/j.ejmech.2017.07.008,2017,2017,18514935,False,0
MAOB_HUMAN_IC50,Human MAO-B,primary,CHEMBL2039,Amine oxidase [flavin-containing] B,Homo sapiens,IC50,CHEMBL472638,NCCNC(=O)c1cc2ccccc2oc1=O,ZZZHRZHNTZJEMF-UHFFFAOYSA-N,5.12,5.12,0.0,5.12,5.12,0.0,1,1,10.1021/jm801496u,2009,2009,2411333,False,0
MAOB_HUMAN_IC50,Human MAO-B,primary,CHEMBL2039,Amine oxidase [flavin-containing] B,Homo sapiens,IC50,CHEMBL5394729,Cc1cc(=O)oc2c(NC(=O)c3cccnc3)c(O)ccc12,JBWXBKQTLRGCHF-UHFFFAOYSA-N,5.12,5.12,0.0,5.12,5.12,0.0,1,1,10.1016/j.ejmech.2023.115091,2023,2023,25461209,False,0
MAOB_HUMAN_IC50,Human MAO-B,primary,CHEMBL2039,Amine oxidase [flavin-containing] B,Homo sapiens,IC50,CHEMBL1325943,Cc1ccc(C(=O)Nc2cc3ccccc3oc2=O)cc1,SQYXRCZZAACTMO-UHFFFAOYSA-N,5.1,5.1,0.0,5.1,5.1,0.0,1,1,10.1039/C1MD00221J,2012,2012,14552975,False,0
MAOB_HUMAN_IC50,Human MAO-B,primary,CHEMBL2039,Amine oxidase [flavin-containing] B,Homo sapiens,IC50,CHEMBL3299111,CC(C)(C)NC(=O)c1cc2ccccc2oc1=O,WJVGPUXVQPSDBJ-UHFFFAOYSA-N,5.1,5.1,0.0,5.1,5.1,0.0,1,1,10.1016/j.bmc.2014.05.002,2014,2014,15044539,False,0
MAOB_HUMAN_IC50,Human MAO-B,primary,CHEMBL2039,Amine oxidase [flavin-containing] B,Homo sapiens,IC50,CHEMBL5571128,NS(=O)(=O)c1ccc(COc2ccc3c(N4CCNCC4)cc(=O)oc3c2)cc1,MLQCCTAVKREBAX-UHFFFAOYSA-N,5.1,5.1,0.0,5.1,5.1,0.0,1,1,10.1021/acs.jmedchem.4c00045,2024,2024,25934284,False,0
MAOB_HUMAN_IC50,Human MAO-B,primary,CHEMBL2039,Amine oxidase [flavin-containing] B,Homo sapiens,IC50,CHEMBL3261211,CCCCCCN(CCCCCC)C(=O)c1cc2ccccc2oc1=O,KRTYKJZNFGMMCT-UHFFFAOYSA-N,5.09,5.09,0.0,5.09,5.09,0.0,1,1,10.1016/j.ejmech.2014.04.060,2014,2014,14662202,False,0
MAOB_HUMAN_IC50,Human MAO-B,primary,CHEMBL2039,Amine oxidase [flavin-containing] B,Homo sapiens,IC50,CHEMBL3764276,O=c1ccc2ccc(OCCNC3CCN(Cc4ccccc4)CC3)cc2o1,BOXHJLTYYUXRSS-UHFFFAOYSA-N,5.08,5.08,0.0,5.08,5.08,0.0,1,1,10.1016/j.bmc.2016.02.023,2016,2016,16481084,False,0
MAOB_HUMAN_IC50,Human MAO-B,primary,CHEMBL2039,Amine oxidase [flavin-containing] B,Homo sapiens,IC50,CHEMBL4205890,C#CCN(CCOc1ccc2ccc(=O)oc2c1)Cc1ccccc1,LPZWHIHDTJSILA-UHFFFAOYSA-N,5.08,5.08,0.0,5.08,5.08,0.0,1,1,10.1016/j.ejmech.2017.07.008,2017,2017,18514926,False,0
MAOB_HUMAN_IC50,Human MAO-B,primary,CHEMBL2039,Amine oxidase [flavin-containing] B,Homo sapiens,IC50,CHEMBL1830828,O=C(O)c1cc2ccc(OC3CCCCCC3)cc2oc1=O,MQTAJDBIYOUKGJ-UHFFFAOYSA-N,5.06,5.06,0.0,5.06,5.06,0.0,1,1,10.1016/j.ejmech.2011.07.017,2011,2011,6361424,False,0
MAOB_HUMAN_IC50,Human MAO-B,primary,CHEMBL2039,Amine oxidase [flavin-containing] B,Homo sapiens,IC50,CHEMBL4210805,COc1ccc2oc(=O)c(-c3ccc(Cl)nn3)cc2c1,NBKYJMDVRSXEOW-UHFFFAOYSA-N,5.06,5.06,0.0,5.06,5.06,0.0,1,1,10.1016/j.ejmech.2017.07.045,2017,2017,18517404,False,0
MAOB_HUMAN_IC50,Human MAO-B,primary,CHEMBL2039,Amine oxidase [flavin-containing] B,Homo sapiens,IC50,CHEMBL448696,CN(C(=O)c1cc2ccccc2oc1=O)c1ccccc1,JRUWEFVSUSZZHI-UHFFFAOYSA-N,5.05,5.05,0.0,5.05,5.05,0.0,1,1,10.1021/jm801496u,2009,2009,2411363,False,0
MAOB_HUMAN_IC50,Human MAO-B,primary,CHEMBL2039,Amine oxidase [flavin-containing] B,Homo sapiens,IC50,CHEMBL3629466,COc1ccc(/C=C/c2cc(OC)cc(OC)c2/C=C/C(=O)c2cc3ccccc3oc2=O)cc1,PSHARJAIZXKIHX-IIXCLMFLSA-N,5.04,5.04,0.0,5.04,5.04,0.0,1,1,10.1016/j.ejmech.2015.08.055,2015,2015,15758474,False,0
MAOB_HUMAN_IC50,Human MAO-B,primary,CHEMBL2039,Amine oxidase [flavin-containing] B,Homo sapiens,IC50,CHEMBL4063174,O=c1ccc2ccc(OCCN3CCCCC3)cc2o1,AKTQQPBLJUUZAV-UHFFFAOYSA-N,5.04,5.04,0.0,5.04,5.04,0.0,1,1,10.1016/j.ejmech.2016.09.041,2017,2017,18195002,False,0
MAOB_HUMAN_IC50,Human MAO-B,primary,CHEMBL2039,Amine oxidase [flavin-containing] B,Homo sapiens,IC50,CHEMBL472069,O=C(Nc1c(F)cccc1F)c1cc2ccccc2oc1=O,XFMSCZWVQKQMHV-UHFFFAOYSA-N,5.04,5.04,0.0,5.04,5.04,0.0,1,1,10.1021/jm801496u,2009,2009,2411354,False,0
MAOB_HUMAN_IC50,Human MAO-B,primary,CHEMBL2039,Amine oxidase [flavin-containing] B,Homo sapiens,IC50,CHEMBL5436279,COc1ccc(C(=O)Nc2c(O)ccc3c(C)cc(=O)oc23)cc1OC,GNIWPSFDONHOFG-UHFFFAOYSA-N,5.04,5.04,0.0,5.04,5.04,0.0,1,1,10.1016/j.ejmech.2023.115091,2023,2023,25461206,False,0
MAOB_HUMAN_IC50,Human MAO-B,primary,CHEMBL2039,Amine oxidase [flavin-containing] B,Homo sapiens,IC50,CHEMBL1934675,COc1ccc(-c2c(O)c3ccccc3oc2=O)cc1Cl,LPWGIOPIJFFKOY-UHFFFAOYSA-N,5.03,5.03,0.0,5.03,5.03,0.0,1,1,10.1016/j.bmcl.2011.11.020,2012,2012,7994128,False,0
MAOB_HUMAN_IC50,Human MAO-B,primary,CHEMBL2039,Amine oxidase [flavin-containing] B,Homo sapiens,IC50,CHEMBL3394544,O=c1oc2cc(NCc3ccccc3O)ccc2c2c1CCC2,AHWJOKMXZXPFMM-UHFFFAOYSA-N,5.03,5.03,0.0,5.03,5.03,0.0,1,1,10.1016/j.bmcl.2014.12.034,2015,2015,15144164,False,0
MAOB_HUMAN_IC50,Human MAO-B,primary,CHEMBL2039,Amine oxidase [flavin-containing] B,Homo sapiens,IC50,CHEMBL520061,COc1c(OCC(C)=O)ccc2c1oc(=O)c1ccccc12,KXJLOTAAVRETIT-UHFFFAOYSA-N,5.03,5.03,0.0,5.03,5.03,0.0,1,1,10.1021/jm800656v,2008,2008,2592793,False,0
MAOB_HUMAN_IC50,Human MAO-B,primary,CHEMBL2039,Amine oxidase [flavin-containing] B,Homo sapiens,IC50,CHEMBL3417303,O=c1ccc2ccc(OCCCCCCN3CCN(CCCNc4c5c(nc6ccccc46)CCCC5)CC3)cc2o1,ORSILIXUUUCZAS-UHFFFAOYSA-N,5.02,5.02,0.0,5.02,5.02,0.0,1,1,10.1016/j.ejmech.2015.03.040,2015,2015,15219048,False,0
MAOB_HUMAN_IC50,Human MAO-B,primary,CHEMBL2039,Amine oxidase [flavin-containing] B,Homo sapiens,IC50,CHEMBL4205441,C#CCN(CCOc1ccc2ccc(=O)oc2c1)Cc1ccc(F)c(F)c1,QWUFEGXEFZDVSA-UHFFFAOYSA-N,5.02,5.02,0.0,5.02,5.02,0.0,1,1,10.1016/j.ejmech.2017.07.008,2017,2017,18514932,False,0
MAOB_HUMAN_IC50,Human MAO-B,primary,CHEMBL2039,Amine oxidase [flavin-containing] B,Homo sapiens,IC50,CHEMBL499266,CC(C)CNC(=O)c1cc2ccc(OCc3ccccc3)cc2oc1=O,BHLPOOVJFYXSFF-UHFFFAOYSA-N,5.02,5.02,0.0,5.02,5.02,0.0,1,1,10.1021/jm801496u,2009,2009,2411365,False,0
MAOB_HUMAN_IC50,Human MAO-B,primary,CHEMBL2039,Amine oxidase [flavin-containing] B,Homo sapiens,IC50,CHEMBL1830809,CCOC(=O)c1cc2cc(O)ccc2oc1=O,SSGYMCHQKAJEOB-UHFFFAOYSA-N,5.0,5.0,0.0,5.0,5.0,0.0,1,1,10.1016/j.ejmech.2011.07.017,2011,2011,6361429,False,0
MAOB_HUMAN_IC50,Human MAO-B,primary,CHEMBL2039,Amine oxidase [flavin-containing] B,Homo sapiens,IC50,CHEMBL3121780,C#CCCCOc1ccc2cc(C(=O)N3CCN(C(=O)OC(C)(C)C)CC3)c(=O)oc2c1,VEDXAFKXMJRIDF-UHFFFAOYSA-N,5.0,5.0,0.0,5.0,5.0,0.0,1,1,10.1016/j.bmc.2014.01.046,2014,2014,13935936,False,0
MAOB_HUMAN_IC50,Human MAO-B,primary,CHEMBL2039,Amine oxidase [flavin-containing] B,Homo sapiens,IC50,CHEMBL4217755,Cc1cc(=O)oc2cc(OCc3cc[n+](Cc4ccc(F)cc4)cc3)ccc12.[Br-],PDFLRMDYGUHWFB-UHFFFAOYSA-M,5.0,5.0,0.0,5.0,5.0,0.0,1,1,10.1016/j.ejmech.2017.07.055,2017,2017,18517500,False,0
MAOB_HUMAN_IC50,Human MAO-B,primary,CHEMBL2039,Amine oxidase [flavin-containing] B,Homo sapiens,IC50,CHEMBL3297785,CC(C)NC(=O)c1cc2cc(Br)cc(Br)c2oc1=O,HTWDVQUHESBCJB-UHFFFAOYSA-N,4.99,4.99,0.0,4.99,4.99,0.0,1,1,10.1016/j.bmc.2014.05.002,2014,2014,15044541,False,0
MAOB_HUMAN_IC50,Human MAO-B,primary,CHEMBL2039,Amine oxidase [flavin-containing] B,Homo sapiens,IC50,CHEMBL3629474,COc1ccc(/C=C/c2cc(OC)cc(OC)c2/C=C/C(=O)c2cc3cc(F)ccc3oc2=O)cc1,NJDBZDHIZHXLCY-MECPWLEMSA-N,4.99,4.99,0.0,4.99,4.99,0.0,1,1,10.1016/j.ejmech.2015.08.055,2015,2015,15758463,False,0
MAOB_HUMAN_IC50,Human MAO-B,primary,CHEMBL2039,Amine oxidase [flavin-containing] B,Homo sapiens,IC50,CHEMBL3261200,O=C(NCCCN1CCOCC1)c1cc2cc(Br)cc(Br)c2oc1=O,JTUWLJUHILAUBB-UHFFFAOYSA-N,4.98,4.98,0.0,4.98,4.98,0.0,1,1,10.1016/j.ejmech.2014.04.060,2014,2014,14662192,False,0
MAOB_HUMAN_IC50,Human MAO-B,primary,CHEMBL2039,Amine oxidase [flavin-containing] B,Homo sapiens,IC50,CHEMBL3734880,Cc1ccc2oc(=O)c(-c3cccc(OCCCCBr)c3)cc2c1,BKGUXURSCXCLRJ-UHFFFAOYSA-N,4.97,4.97,0.0,4.97,4.97,0.0,1,1,10.1039/C4MD00437J,2015,2015,16386430,False,0
MAOB_HUMAN_IC50,Human MAO-B,primary,CHEMBL2039,Amine oxidase [flavin-containing] B,Homo sapiens,IC50,CHEMBL488916,Cc1cc(=O)oc2c(C)c(OC3CCCC3=O)ccc12,UULMOUNYGUBRNG-UHFFFAOYSA-N,4.97,4.97,0.0,4.97,4.97,0.0,1,1,10.1021/jm800656v,2008,2008,2592803,False,0
MAOB_HUMAN_IC50,Human MAO-B,primary,CHEMBL2039,Amine oxidase [flavin-containing] B,Homo sapiens,IC50,CHEMBL1221930,Cc1cc(Br)c2oc(=O)c(-c3ccccc3)cc2c1,TYLXEMSZGAPZTD-UHFFFAOYSA-N,4.96,4.96,0.0,4.96,4.96,0.0,1,1,10.1016/j.bmcl.2010.07.013,2010,2010,3424170,False,0
MAOB_HUMAN_IC50,Human MAO-B,primary,CHEMBL2039,Amine oxidase [flavin-containing] B,Homo sapiens,IC50,CHEMBL3219197,C/C(=N\Nc1nc(-c2ccc3ccccc3c2)cs1)c1cc2ccccc2oc1=O,QUJUUCIWVDMHSP-CVKSISIWSA-N,4.96,4.96,0.0,4.96,4.96,0.0,1,1,10.1039/C0MD00014K,2010,2010,14527866,False,0
MAOB_HUMAN_IC50,Human MAO-B,primary,CHEMBL2039,Amine oxidase [flavin-containing] B,Homo sapiens,IC50,CHEMBL4218045,COc1ccc2oc(=O)c(-c3ccc(OC)nn3)cc2c1,UENDJNMIDQUDHG-UHFFFAOYSA-N,4.96,4.96,0.0,4.96,4.96,0.0,1,1,10.1016/j.ejmech.2017.07.045,2017,2017,18517410,False,0
MAOB_HUMAN_IC50,Human MAO-B,primary,CHEMBL2039,Amine oxidase [flavin-containing] B,Homo sapiens,IC50,CHEMBL5569915,Cc1c(Cl)c(=O)oc2cc(OCC(=O)Nc3ccc(S(N)(=O)=O)cc3Cl)ccc12,DKYWWOQISXGQEI-UHFFFAOYSA-N,4.96,4.96,0.0,4.96,4.96,0.0,1,1,10.1021/acs.jmedchem.4c00045,2024,2024,25934237,False,0
MAOB_HUMAN_IC50,Human MAO-B,primary,CHEMBL2039,Amine oxidase [flavin-containing] B,Homo sapiens,IC50,CHEMBL510349,O=c1oc2ccccc2cc1-c1ccccc1,HWDSXZLYIKESML-UHFFFAOYSA-N,4.93,4.93,0.0,4.93,4.93,0.0,1,1,10.1039/C1MD00221J,2012,2012,14552971,False,0
MAOB_HUMAN_IC50,Human MAO-B,primary,CHEMBL2039,Amine oxidase [flavin-containing] B,Homo sapiens,IC50,CHEMBL488063,COc1c(OCC(C)=O)ccc2c3c(c(=O)oc12)CCCC3,LJECJUBXWWXOGP-UHFFFAOYSA-N,4.92,4.92,0.0,4.92,4.92,0.0,1,1,10.1021/jm800656v,2008,2008,2592797,False,0
MAOB_HUMAN_IC50,Human MAO-B,primary,CHEMBL2039,Amine oxidase [flavin-containing] B,Homo sapiens,IC50,CHEMBL5189120,CNCc1cc(=O)oc2c(O)c(O)ccc12,ADYQEJMDLBPTFX-UHFFFAOYSA-N,4.91,4.91,0.0,4.91,4.91,0.0,1,1,10.1016/j.ejmech.2022.114378,2022,2022,24777270,False,0
MAOB_HUMAN_IC50,Human MAO-B,primary,CHEMBL2039,Amine oxidase [flavin-containing] B,Homo sapiens,IC50,CHEMBL3763819,O=c1ccc2ccc(OCCCNC3CCN(Cc4ccccc4)CC3)cc2o1,HXYMYZXCUHALCL-UHFFFAOYSA-N,4.9,4.9,0.0,4.9,4.9,0.0,1,1,10.1016/j.bmc.2016.02.023,2016,2016,16481085,False,0
MAOB_HUMAN_IC50,Human MAO-B,primary,CHEMBL2039,Amine oxidase [flavin-containing] B,Homo sapiens,IC50,CHEMBL5396287,Cc1cc(=O)oc2c(NC(=O)c3ccccc3)c(O)ccc12,SSOGVWPVRRTJBG-UHFFFAOYSA-N,4.9,4.9,0.0,4.9,4.9,0.0,1,1,10.1016/j.ejmech.2023.115091,2023,2023,25461200,False,0
MAOB_HUMAN_IC50,Human MAO-B,primary,CHEMBL2039,Amine oxidase [flavin-containing] B,Homo sapiens,IC50,CHEMBL4206008,COc1cccc2cc(-c3ccc(Br)nn3)c(=O)oc12,XXOJEQAXZNXTCY-UHFFFAOYSA-N,4.89,4.89,0.0,4.89,4.89,0.0,1,1,10.1016/j.ejmech.2017.07.045,2017,2017,18517400,False,0
MAOB_HUMAN_IC50,Human MAO-B,primary,CHEMBL2039,Amine oxidase [flavin-containing] B,Homo sapiens,IC50,CHEMBL487050,COc1c(OCC(C)=O)ccc2c3c(c(=O)oc12)CCC3,BVBFNZXOBVOQMT-UHFFFAOYSA-N,4.89,4.89,0.0,4.89,4.89,0.0,1,1,10.1021/jm800656v,2008,2008,2592800,False,0
MAOB_HUMAN_IC50,Human MAO-B,primary,CHEMBL2039,Amine oxidase [flavin-containing] B,Homo sapiens,IC50,CHEMBL1761758,O=c1oc2ccccc2cc1-c1ccsc1,AYXHEBIDAQCXLK-UHFFFAOYSA-N,4.88,4.88,0.0,4.88,4.88,0.0,1,1,10.1016/j.ejmech.2011.01.033,2011,2011,6153442,False,0
MAOB_HUMAN_IC50,Human MAO-B,primary,CHEMBL2039,Amine oxidase [flavin-containing] B,Homo sapiens,IC50,CHEMBL3297871,O=C(SCc1ccco1)c1cc2cc([N+](=O)[O-])ccc2oc1=O,KHERNNXSNWQEGF-UHFFFAOYSA-N,4.88,4.88,0.0,4.88,4.88,0.0,1,1,10.1016/j.bmc.2014.05.002,2014,2014,15044551,False,0
MAOB_HUMAN_IC50,Human MAO-B,primary,CHEMBL2039,Amine oxidase [flavin-containing] B,Homo sapiens,IC50,CHEMBL1388493,O=C(NCCCN1CCOCC1)c1cc2ccccc2oc1=O,ALAZKHHIMOUNCX-UHFFFAOYSA-N,4.87,4.87,0.0,4.87,4.87,0.0,1,1,10.1016/j.ejmech.2014.04.060,2014,2014,14662187,False,0
MAOB_HUMAN_IC50,Human MAO-B,primary,CHEMBL2039,Amine oxidase [flavin-containing] B,Homo sapiens,IC50,CHEMBL4205833,COc1ccc(-c2cc3ccc(C)cc3oc2=O)nn1,PVXBIZPBCKHTBZ-UHFFFAOYSA-N,4.87,4.87,0.0,4.87,4.87,0.0,1,1,10.1016/j.ejmech.2017.07.045,2017,2017,18517408,False,0
MAOB_HUMAN_IC50,Human MAO-B,primary,CHEMBL2039,Amine oxidase [flavin-containing] B,Homo sapiens,IC50,CHEMBL4210287,Cc1ccc2oc(=O)c(-c3ccc(Cl)nn3)cc2c1,XPJKUAXVQONYMH-UHFFFAOYSA-N,4.87,4.87,0.0,4.87,4.87,0.0,1,1,10.1016/j.ejmech.2017.07.045,2017,2017,18517401,False,0
MAOB_HUMAN_IC50,Human MAO-B,primary,CHEMBL2039,Amine oxidase [flavin-containing] B,Homo sapiens,IC50,CHEMBL470020,Cc1ccc(NC(=O)c2cc3ccccc3oc2=O)c(C)c1,YIJSSWZCBJHMEO-UHFFFAOYSA-N,4.86,4.86,0.0,4.86,4.86,0.0,1,1,10.1021/jm801496u,2009,2009,2411351,False,0
MAOB_HUMAN_IC50,Human MAO-B,primary,CHEMBL2039,Amine oxidase [flavin-containing] B,Homo sapiens,IC50,CHEMBL4439360,Cl.O=C(CCN1CCOCC1)c1cc2cc(Br)c(O)c(Br)c2oc1=O,LQWIPXBJGTXBON-UHFFFAOYSA-N,4.85,4.85,0.0,4.85,4.85,0.0,1,1,10.1016/j.ejmech.2019.04.016,2019,2019,19030119,False,0
MAOB_HUMAN_IC50,Human MAO-B,primary,CHEMBL2039,Amine oxidase [flavin-containing] B,Homo sapiens,IC50,CHEMBL149463,CC(=O)c1cc2ccccc2oc1=O,CSPIFKKOBWYOEX-UHFFFAOYSA-N,4.84,4.84,0.0,4.84,4.84,0.0,1,1,10.1016/j.ejmech.2011.07.017,2011,2011,6361428,False,0
MAOB_HUMAN_IC50,Human MAO-B,primary,CHEMBL2039,Amine oxidase [flavin-containing] B,Homo sapiens,IC50,CHEMBL1835227,Cc1ccc(-c2cc3cc(OC4CCCC4)ccc3oc2=O)cc1,KVRCSMCDZXYFSM-UHFFFAOYSA-N,4.84,4.84,0.0,4.84,4.84,0.0,1,1,10.1021/jm200716y,2011,2011,6383784,False,0
MAOB_HUMAN_IC50,Human MAO-B,primary,CHEMBL2039,Amine oxidase [flavin-containing] B,Homo sapiens,IC50,CHEMBL3629470,COc1ccc(/C=C/c2cc(OC)cc(OC)c2/C=C/C(=O)c2cc3c(OC)cccc3oc2=O)cc1,ZPIHMHCDUNMRLV-IIXCLMFLSA-N,4.84,4.84,0.0,4.84,4.84,0.0,1,1,10.1016/j.ejmech.2015.08.055,2015,2015,15758450,False,0
MAOB_HUMAN_IC50,Human MAO-B,primary,CHEMBL2039,Amine oxidase [flavin-containing] B,Homo sapiens,IC50,CHEMBL1830808,CCOC(=O)c1cc2cccc(O)c2oc1=O,NFGRZMPVMLQXNS-UHFFFAOYSA-N,4.83,4.83,0.0,4.83,4.83,0.0,1,1,10.1016/j.ejmech.2011.07.017,2011,2011,6361434,False,0
MAOB_HUMAN_IC50,Human MAO-B,primary,CHEMBL2039,Amine oxidase [flavin-containing] B,Homo sapiens,IC50,CHEMBL3261212,CC(C)(C)NC(=O)c1cc2cc(Br)cc(Br)c2oc1=O,YQHUCPNDZXMPSL-UHFFFAOYSA-N,4.83,4.83,0.0,4.83,4.83,0.0,1,1,10.1016/j.ejmech.2014.04.060,2014,2014,14662203,False,0
MAOB_HUMAN_IC50,Human MAO-B,primary,CHEMBL2039,Amine oxidase [flavin-containing] B,Homo sapiens,IC50,CHEMBL3764762,Cc1c(Cl)c(=O)oc2cc(OCCNC3CCN(Cc4ccccc4)CC3)ccc12,UUZIPHVUUZOBHC-UHFFFAOYSA-N,4.83,4.83,0.0,4.83,4.83,0.0,1,1,10.1016/j.bmc.2016.02.023,2016,2016,16481095,False,0
MAOB_HUMAN_IC50,Human MAO-B,primary,CHEMBL2039,Amine oxidase [flavin-containing] B,Homo sapiens,IC50,CHEMBL3298602,O=C(Sc1ccc(Br)cc1)c1cc2cc(C(F)(F)F)ccc2oc1=O,NJZMXPMHBBFTCZ-UHFFFAOYSA-N,4.82,4.82,0.0,4.82,4.82,0.0,1,1,10.1016/j.bmc.2014.05.002,2014,2014,15044552,False,0
MAOB_HUMAN_IC50,Human MAO-B,primary,CHEMBL2039,Amine oxidase [flavin-containing] B,Homo sapiens,IC50,CHEMBL1411619,COc1ccc2cc(C(C)=O)c(=O)oc2c1,HJRFKKRMCGZIOA-UHFFFAOYSA-N,4.81,4.81,0.0,4.81,4.81,0.0,1,1,10.1016/j.ejmech.2011.07.017,2011,2011,6361432,False,0
MAOB_HUMAN_IC50,Human MAO-B,primary,CHEMBL2039,Amine oxidase [flavin-containing] B,Homo sapiens,IC50,CHEMBL3297794,CCCCSC(=O)c1cc2ccccc2oc1=O,YZAQDIUEJFLWHX-UHFFFAOYSA-N,4.8,4.8,0.0,4.8,4.8,0.0,1,1,10.1016/j.bmc.2014.05.002,2014,2014,15044547,False,0
MAOB_HUMAN_IC50,Human MAO-B,primary,CHEMBL2039,Amine oxidase [flavin-containing] B,Homo sapiens,IC50,CHEMBL472081,CC(C)NC(=O)c1cc2ccccc2oc1=O,DYFRHCOMCPYXPQ-UHFFFAOYSA-N,4.79,4.79,0.2687005768508886,4.6,4.98,0.3800000000000008,2,2,10.1016/j.bmc.2014.05.002; 10.1021/jm801496u,2009,2014,15044538; 2411331,False,1
MAOB_HUMAN_IC50,Human MAO-B,primary,CHEMBL2039,Amine oxidase [flavin-containing] B,Homo sapiens,IC50,CHEMBL5438522,C=CC(=O)Nc1c(O)ccc2c(C)cc(=O)oc12,QNIRNJINLNNGTJ-UHFFFAOYSA-N,4.79,4.79,0.0,4.79,4.79,0.0,1,1,10.1016/j.ejmech.2023.115091,2023,2023,25461197,False,0
MAOB_HUMAN_IC50,Human MAO-B,primary,CHEMBL2039,Amine oxidase [flavin-containing] B,Homo sapiens,IC50,CHEMBL470612,N#Cc1c(F)c(F)c(NC(=O)c2cc3ccc(OCc4ccccc4)cc3oc2=O)c(F)c1F,GGUDBRNWUWDZQQ-UHFFFAOYSA-N,4.78,4.78,0.0,4.78,4.78,0.0,1,1,10.1021/jm801496u,2009,2009,2411367,False,0
MAOB_HUMAN_IC50,Human MAO-B,primary,CHEMBL2039,Amine oxidase [flavin-containing] B,Homo sapiens,IC50,CHEMBL504356,COc1c2occc2cc2cc(N)c(=O)oc12,YFAQAXXPQHHTHA-UHFFFAOYSA-N,4.78,4.78,0.0,4.78,4.78,0.0,1,1,10.1021/jm800656v,2008,2008,2592790,False,0
MAOB_HUMAN_IC50,Human MAO-B,primary,CHEMBL2039,Amine oxidase [flavin-containing] B,Homo sapiens,IC50,CHEMBL1777849,O=c1oc2c(O)cc(Br)cc2cc1-c1ccc(O)cc1,JRNZENXEHYOMCY-UHFFFAOYSA-N,4.77,4.77,0.0,4.77,4.77,0.0,1,1,10.1016/j.bmcl.2011.05.074,2011,2011,6260764,False,0
MAOB_HUMAN_IC50,Human MAO-B,primary,CHEMBL2039,Amine oxidase [flavin-containing] B,Homo sapiens,IC50,CHEMBL1830811,CCOC(=O)c1cc2cc(Cl)cc(Br)c2oc1=O,DGCHIPOUBUMPLH-UHFFFAOYSA-N,4.76,4.76,0.0,4.76,4.76,0.0,1,1,10.1016/j.ejmech.2011.07.017,2011,2011,6361437,False,0
MAOB_HUMAN_IC50,Human MAO-B,primary,CHEMBL2039,Amine oxidase [flavin-containing] B,Homo sapiens,IC50,CHEMBL488073,CC(=O)COc1ccc2c3c(c(=O)oc2c1C)CCCC3,FPBPSCOEWNGWAT-UHFFFAOYSA-N,4.76,4.76,0.0,4.76,4.76,0.0,1,1,10.1021/jm800656v,2008,2008,2592798,False,0
MAOB_HUMAN_IC50,Human MAO-B,primary,CHEMBL2039,Amine oxidase [flavin-containing] B,Homo sapiens,IC50,CHEMBL5436440,Cc1cc(=O)oc2c(NC(=O)c3ccco3)c(O)ccc12,JEWNKTSAZOHQQV-UHFFFAOYSA-N,4.76,4.76,0.0,4.76,4.76,0.0,1,1,10.1016/j.ejmech.2023.115091,2023,2023,25461208,False,0
MAOB_HUMAN_IC50,Human MAO-B,primary,CHEMBL2039,Amine oxidase [flavin-containing] B,Homo sapiens,IC50,CHEMBL1830795,CC(=O)c1cc2cc(Cl)ccc2oc1=O,VYMAEQZQRVDKQZ-UHFFFAOYSA-N,4.75,4.75,0.0,4.75,4.75,0.0,1,1,10.1016/j.ejmech.2011.07.017,2011,2011,6361431,False,0
MAOB_HUMAN_IC50,Human MAO-B,primary,CHEMBL2039,Amine oxidase [flavin-containing] B,Homo sapiens,IC50,CHEMBL1830800,O=C(c1ccccc1)c1cc2cc(O)ccc2oc1=O,LFABXJTUEHBFNF-UHFFFAOYSA-N,4.75,4.75,0.0,4.75,4.75,0.0,1,1,10.1016/j.ejmech.2011.07.017,2011,2011,6361438,False,0
MAOB_HUMAN_IC50,Human MAO-B,primary,CHEMBL2039,Amine oxidase [flavin-containing] B,Homo sapiens,IC50,CHEMBL1830824,O=C(O)c1cc2cc(I)cc(I)c2oc1=O,CMBVBZQPXISBGS-UHFFFAOYSA-N,4.75,4.75,0.0,4.75,4.75,0.0,1,1,10.1016/j.ejmech.2011.07.017,2011,2011,6361436,False,0
MAOB_HUMAN_IC50,Human MAO-B,primary,CHEMBL2039,Amine oxidase [flavin-containing] B,Homo sapiens,IC50,CHEMBL4202589,COc1ccc(-c2cc3cc(C)ccc3oc2=O)nn1,PHEWYOXVDAYNDV-UHFFFAOYSA-N,4.75,4.75,0.0,4.75,4.75,0.0,1,1,10.1016/j.ejmech.2017.07.045,2017,2017,18517407,False,0
MAOB_HUMAN_IC50,Human MAO-B,primary,CHEMBL2039,Amine oxidase [flavin-containing] B,Homo sapiens,IC50,CHEMBL3261213,CCC(C)NC(=O)c1cc2cc([N+](=O)[O-])ccc2oc1=O,RZJKXCKANIANFB-UHFFFAOYSA-N,4.74,4.74,0.028284271247461926,4.72,4.76,0.040000000000000036,2,2,10.1016/j.bmc.2014.05.002; 10.1016/j.ejmech.2014.04.060,2014,2014,14662204; 15044540,False,1
MAOB_HUMAN_IC50,Human MAO-B,primary,CHEMBL2039,Amine oxidase [flavin-containing] B,Homo sapiens,IC50,CHEMBL379350,CCN(CC)c1ccc2cc(C(C)=O)c(=O)oc2c1,JQYDECSZBZCKFQ-UHFFFAOYSA-N,4.74,4.74,0.0,4.74,4.74,0.0,1,1,10.1016/j.ejmech.2011.07.017,2011,2011,6361445,False,0
MAOB_HUMAN_IC50,Human MAO-B,primary,CHEMBL2039,Amine oxidase [flavin-containing] B,Homo sapiens,IC50,CHEMBL4463853,COc1ccc2cc(C(=O)CCN3CCCC3)c(=O)oc2c1.Cl,FJBHCOYPVWJQLO-UHFFFAOYSA-N,4.74,4.74,0.0,4.74,4.74,0.0,1,1,10.1016/j.ejmech.2019.04.016,2019,2019,19030116,False,0
MAOB_HUMAN_IC50,Human MAO-B,primary,CHEMBL2039,Amine oxidase [flavin-containing] B,Homo sapiens,IC50,CHEMBL511967,Cc1cccc(NC(=O)c2cc3ccccc3oc2=O)c1C,KOCLPGRVWVWXQW-UHFFFAOYSA-N,4.74,4.74,0.0,4.74,4.74,0.0,1,1,10.1021/jm801496u,2009,2009,2411352,False,0
MAOB_HUMAN_IC50,Human MAO-B,primary,CHEMBL2039,Amine oxidase [flavin-containing] B,Homo sapiens,IC50,CHEMBL4218157,COc1ccc2cc(-c3ccc(Cl)nn3)c(=O)oc2c1,WFDDLQJKGFOSDH-UHFFFAOYSA-N,4.72,4.72,0.0,4.72,4.72,0.0,1,1,10.1016/j.ejmech.2017.07.045,2017,2017,18517405,False,0
MAOB_HUMAN_IC50,Human MAO-B,primary,CHEMBL2039,Amine oxidase [flavin-containing] B,Homo sapiens,IC50,CHEMBL469818,Cc1cccc(Cl)c1NC(=O)c1cc2ccccc2oc1=O,KKQXITVOUUCVQH-UHFFFAOYSA-N,4.72,4.72,0.0,4.72,4.72,0.0,1,1,10.1021/jm801496u,2009,2009,2411349,False,0
MAOB_HUMAN_IC50,Human MAO-B,primary,CHEMBL2039,Amine oxidase [flavin-containing] B,Homo sapiens,IC50,CHEMBL3261202,COc1ccccc1NC(=O)c1cc2cc(Br)cc(Br)c2oc1=O,SAUCAQHEIVUATB-UHFFFAOYSA-N,4.7,4.7,0.0,4.7,4.7,0.0,1,1,10.1016/j.ejmech.2014.04.060,2014,2014,14662194,False,0
MAOB_HUMAN_IC50,Human MAO-B,primary,CHEMBL2039,Amine oxidase [flavin-containing] B,Homo sapiens,IC50,CHEMBL3394540,Cc1cc(=O)oc2cc(NCc3ccccc3O)ccc12,ZASPZVGMLOXOQT-UHFFFAOYSA-N,4.7,4.7,0.0,4.7,4.7,0.0,1,1,10.1016/j.bmcl.2014.12.034,2015,2015,15144168,False,0
MAOB_HUMAN_IC50,Human MAO-B,primary,CHEMBL2039,Amine oxidase [flavin-containing] B,Homo sapiens,IC50,CHEMBL3629471,COc1ccc(/C=C/c2cc(OC)cc(OC)c2/C=C/C(=O)c2cc3cccc(C)c3oc2=O)cc1,DNFLFTCBSYKFOU-IIXCLMFLSA-N,4.7,4.7,0.0,4.7,4.7,0.0,1,1,10.1016/j.ejmech.2015.08.055,2015,2015,15758451,False,0
MAOB_HUMAN_IC50,Human MAO-B,primary,CHEMBL2039,Amine oxidase [flavin-containing] B,Homo sapiens,IC50,CHEMBL4571403,COc1ccc2cc(C(=O)CCN3CCCCC3)c(=O)oc2c1.Cl,AZMVZRQBKAHIGE-UHFFFAOYSA-N,4.7,4.7,0.0,4.7,4.7,0.0,1,1,10.1016/j.ejmech.2019.04.016,2019,2019,19030115,False,0
MAOB_HUMAN_IC50,Human MAO-B,primary,CHEMBL2039,Amine oxidase [flavin-containing] B,Homo sapiens,IC50,CHEMBL3297870,O=C(Sc1ccc(Br)cc1)c1cc2cc([N+](=O)[O-])ccc2oc1=O,TTXGVRGMPBRJBS-UHFFFAOYSA-N,4.68,4.68,0.0,4.68,4.68,0.0,1,1,10.1016/j.bmc.2014.05.002,2014,2014,15044550,False,0
MAOB_HUMAN_IC50,Human MAO-B,primary,CHEMBL2039,Amine oxidase [flavin-containing] B,Homo sapiens,IC50,CHEMBL4466943,COc1ccc2cc(C(=O)CCN(C)C)c(=O)oc2c1.Cl,SIGCFWRFZVRIMS-UHFFFAOYSA-N,4.68,4.68,0.0,4.68,4.68,0.0,1,1,10.1016/j.ejmech.2019.04.016,2019,2019,19030114,False,0
MAOB_HUMAN_IC50,Human MAO-B,primary,CHEMBL2039,Amine oxidase [flavin-containing] B,Homo sapiens,IC50,CHEMBL1830810,CCOC(=O)c1cc2cc(OC)ccc2oc1=O,YGHIIBLLAKLTBT-UHFFFAOYSA-N,4.67,4.67,0.0,4.67,4.67,0.0,1,1,10.1016/j.ejmech.2011.07.017,2011,2011,6361440,False,0
MAOB_HUMAN_IC50,Human MAO-B,primary,CHEMBL2039,Amine oxidase [flavin-containing] B,Homo sapiens,IC50,CHEMBL3261203,Cc1cccc(NC(=O)c2cc3cc(Br)cc(Br)c3oc2=O)c1,NCXOMBJUACKHHU-UHFFFAOYSA-N,4.67,4.67,0.0,4.67,4.67,0.0,1,1,10.1016/j.ejmech.2014.04.060,2014,2014,14662195,False,0
MAOB_HUMAN_IC50,Human MAO-B,primary,CHEMBL2039,Amine oxidase [flavin-containing] B,Homo sapiens,IC50,CHEMBL519678,COc1cc(NC(=O)c2cc3ccc(OCc4ccc(F)cc4)cc3oc2=O)cc(OC)c1,DSFHWERIAUUWGU-UHFFFAOYSA-N,4.67,4.67,0.0,4.67,4.67,0.0,1,1,10.1021/jm801496u,2009,2009,2411377,False,0
MAOB_HUMAN_IC50,Human MAO-B,primary,CHEMBL2039,Amine oxidase [flavin-containing] B,Homo sapiens,IC50,CHEMBL3113647,CCCOc1ccc2oc(=O)c(CN3CCCC3)cc2c1,KEGKXLFTSCWKSQ-UHFFFAOYSA-N,4.65,4.65,0.0,4.65,4.65,0.0,1,1,10.1016/j.ejmech.2013.11.035,2014,2014,13920855,False,0
MAOB_HUMAN_IC50,Human MAO-B,primary,CHEMBL2039,Amine oxidase [flavin-containing] B,Homo sapiens,IC50,CHEMBL3629467,COc1ccc(/C=C/c2cc(OC)cc(OC)c2/C=C/C(=O)c2cc3cccc(OC)c3oc2=O)cc1,OOBTUMRUJIOXHO-IIXCLMFLSA-N,4.65,4.65,0.0,4.65,4.65,0.0,1,1,10.1016/j.ejmech.2015.08.055,2015,2015,15758475,False,0
MAOB_HUMAN_IC50,Human MAO-B,primary,CHEMBL2039,Amine oxidase [flavin-containing] B,Homo sapiens,IC50,CHEMBL511966,Cc1ccc(C)c(NC(=O)c2cc3ccccc3oc2=O)c1,YKWNUQSPFVLGFM-UHFFFAOYSA-N,4.65,4.65,0.0,4.65,4.65,0.0,1,1,10.1021/jm801496u,2009,2009,2411350,False,0
MAOB_HUMAN_IC50,Human MAO-B,primary,CHEMBL2039,Amine oxidase [flavin-containing] B,Homo sapiens,IC50,CHEMBL3261210,O=C(Nc1cccc(C(F)(F)F)c1)c1cc2cc([N+](=O)[O-])ccc2oc1=O,POVJWOJAUQFYHL-UHFFFAOYSA-N,4.64,4.64,0.0,4.64,4.64,0.0,1,1,10.1016/j.ejmech.2014.04.060,2014,2014,14662201,False,0
MAOB_HUMAN_IC50,Human MAO-B,primary,CHEMBL2039,Amine oxidase [flavin-containing] B,Homo sapiens,IC50,CHEMBL4205924,Cc1cccc2cc(-c3ccc(Cl)nn3)c(=O)oc12,ZJONMHHKRXPFOP-UHFFFAOYSA-N,4.64,4.64,0.0,4.64,4.64,0.0,1,1,10.1016/j.ejmech.2017.07.045,2017,2017,18517403,False,0
MAOB_HUMAN_IC50,Human MAO-B,primary,CHEMBL2039,Amine oxidase [flavin-containing] B,Homo sapiens,IC50,CHEMBL3764609,Cc1c(C)c2ccc(OCCNC3CCN(Cc4ccccc4)CC3)cc2oc1=O,IPJZSNUPIXZHAU-UHFFFAOYSA-N,4.63,4.63,0.0,4.63,4.63,0.0,1,1,10.1016/j.bmc.2016.02.023,2016,2016,16481094,False,0
MAOB_HUMAN_IC50,Human MAO-B,primary,CHEMBL2039,Amine oxidase [flavin-containing] B,Homo sapiens,IC50,CHEMBL568385,CCOC(=O)c1cc2ccc(OC)cc2oc1=O,FWFVXBZXJKTVGL-UHFFFAOYSA-N,4.63,4.63,0.0,4.63,4.63,0.0,1,1,10.1016/j.ejmech.2011.07.017,2011,2011,6361433,False,0
MAOB_HUMAN_IC50,Human MAO-B,primary,CHEMBL2039,Amine oxidase [flavin-containing] B,Homo sapiens,IC50,CHEMBL1830801,CCN(CC)c1ccc2cc(C(=O)c3ccccc3)c(=O)oc2c1,CPVJWBWVJUAOMV-UHFFFAOYSA-N,4.62,4.62,0.0,4.62,4.62,0.0,1,1,10.1016/j.ejmech.2011.07.017,2011,2011,6361435,False,0
MAOB_HUMAN_IC50,Human MAO-B,primary,CHEMBL2039,Amine oxidase [flavin-containing] B,Homo sapiens,IC50,CHEMBL2376891,O=C(Nc1cc2ccccc2oc1=O)Oc1ccccc1,KQQOQWXKRICGKB-UHFFFAOYSA-N,4.61,4.61,0.0,4.61,4.61,0.0,1,1,10.1016/j.ejmech.2013.02.009,2013,2013,13279595,False,0
MAOB_HUMAN_IC50,Human MAO-B,primary,CHEMBL2039,Amine oxidase [flavin-containing] B,Homo sapiens,IC50,CHEMBL3297795,O=C(Sc1ccc(Br)cc1)c1cc2cc(Br)c(Br)cc2oc1=O,GCDFJVVAALXFRS-UHFFFAOYSA-N,4.6,4.6,0.0,4.6,4.6,0.0,1,1,10.1016/j.bmc.2014.05.002,2014,2014,15044548,False,0
MAOB_HUMAN_IC50,Human MAO-B,primary,CHEMBL2039,Amine oxidase [flavin-containing] B,Homo sapiens,IC50,CHEMBL3417297,CCOc1cc(=O)oc2cc(OCCN3CCN(CCCNc4c5c(nc6ccccc46)CCCC5)CC3)ccc12,FZVNQFHQTVISSR-UHFFFAOYSA-N,4.59,4.59,0.0,4.59,4.59,0.0,1,1,10.1016/j.ejmech.2015.03.040,2015,2015,15219054,False,0
MAOB_HUMAN_IC50,Human MAO-B,primary,CHEMBL2039,Amine oxidase [flavin-containing] B,Homo sapiens,IC50,CHEMBL1830799,O=C(c1ccccc1)c1cc2cccc(O)c2oc1=O,GHSHPXGUHBVDRU-UHFFFAOYSA-N,4.57,4.57,0.0,4.57,4.57,0.0,1,1,10.1016/j.ejmech.2011.07.017,2011,2011,6361451,False,0
MAOB_HUMAN_IC50,Human MAO-B,primary,CHEMBL2039,Amine oxidase [flavin-containing] B,Homo sapiens,IC50,CHEMBL488072,CC(=O)COc1ccc2c(oc(=O)c3ccccc32)c1C,VNVLPLZRLNYOQH-UHFFFAOYSA-N,4.55,4.55,0.0,4.55,4.55,0.0,1,1,10.1021/jm800656v,2008,2008,2592794,False,0
MAOB_HUMAN_IC50,Human MAO-B,primary,CHEMBL2039,Amine oxidase [flavin-containing] B,Homo sapiens,IC50,CHEMBL3417296,O=c1cc(C(F)(F)F)c2ccc(OCCN3CCN(CCCNc4c5c(nc6ccccc46)CCCC5)CC3)cc2o1,KSBYNLFEJIVFPB-UHFFFAOYSA-N,4.54,4.54,0.0,4.54,4.54,0.0,1,1,10.1016/j.ejmech.2015.03.040,2015,2015,15219055,False,0
MAOB_HUMAN_IC50,Human MAO-B,primary,CHEMBL2039,Amine oxidase [flavin-containing] B,Homo sapiens,IC50,CHEMBL3764408,O=c1cc(C(F)(F)F)c2ccc(OCCNC3CCN(Cc4ccccc4)CC3)cc2o1,FDDWWWOIEISVTE-UHFFFAOYSA-N,4.54,4.54,0.0,4.54,4.54,0.0,1,1,10.1016/j.bmc.2016.02.023,2016,2016,16481091,False,0
MAOB_HUMAN_IC50,Human MAO-B,primary,CHEMBL2039,Amine oxidase [flavin-containing] B,Homo sapiens,IC50,CHEMBL3261207,Cc1ccccc1NC(=O)c1cc2cc([N+](=O)[O-])ccc2oc1=O,JRIYADOIEMOODQ-UHFFFAOYSA-N,4.53,4.53,0.0,4.53,4.53,0.0,1,1,10.1016/j.ejmech.2014.04.060,2014,2014,14662198,False,0
MAOB_HUMAN_IC50,Human MAO-B,primary,CHEMBL2039,Amine oxidase [flavin-containing] B,Homo sapiens,IC50,CHEMBL3220508,COc1ccc(C(=O)Nc2cc3ccccc3oc2=O)cc1,PLTMDSCMMLSMDS-UHFFFAOYSA-N,4.52,4.52,0.0,4.52,4.52,0.0,1,1,10.1039/C1MD00221J,2012,2012,14552977,False,0
MAOB_HUMAN_IC50,Human MAO-B,primary,CHEMBL2039,Amine oxidase [flavin-containing] B,Homo sapiens,IC50,CHEMBL3765760,O=c1ccc2ccc(OCCNCCC3CCN(Cc4ccccc4)CC3)cc2o1,OLXGWSKUULDSEJ-UHFFFAOYSA-N,4.52,4.52,0.0,4.52,4.52,0.0,1,1,10.1016/j.bmc.2016.02.023,2016,2016,16481086,False,0
MAOB_HUMAN_IC50,Human MAO-B,primary,CHEMBL2039,Amine oxidase [flavin-containing] B,Homo sapiens,IC50,CHEMBL4206431,COc1cccc2cc(-c3ccc(Cl)nn3)c(=O)oc12,JTNLHIVGQSXMHQ-UHFFFAOYSA-N,4.52,4.52,0.0,4.52,4.52,0.0,1,1,10.1016/j.ejmech.2017.07.045,2017,2017,18517406,False,0
MAOB_HUMAN_IC50,Human MAO-B,primary,CHEMBL2039,Amine oxidase [flavin-containing] B,Homo sapiens,IC50,CHEMBL1777847,O=c1oc2c(O)cc(Br)cc2cc1-c1ccccc1,VJODWGRJELWWFQ-UHFFFAOYSA-N,4.51,4.51,0.0,4.51,4.51,0.0,1,1,10.1016/j.bmcl.2011.05.074,2011,2011,6260768,False,0
MAOB_HUMAN_IC50,Human MAO-B,primary,CHEMBL2039,Amine oxidase [flavin-containing] B,Homo sapiens,IC50,CHEMBL5398015,CC(=O)Nc1c(O)ccc2c(C)cc(=O)oc12,NITFXIODRALALB-UHFFFAOYSA-N,4.51,4.51,0.0,4.51,4.51,0.0,1,1,10.1016/j.ejmech.2023.115091,2023,2023,25461193,False,0
MAOB_HUMAN_IC50,Human MAO-B,primary,CHEMBL2039,Amine oxidase [flavin-containing] B,Homo sapiens,IC50,CHEMBL5400090,Cc1cc(=O)oc2c(NC(=O)C(C)C)c(O)ccc12,MEKACIKATKDBTL-UHFFFAOYSA-N,4.51,4.51,0.0,4.51,4.51,0.0,1,1,10.1016/j.ejmech.2023.115091,2023,2023,25461195,False,0
MAOB_HUMAN_IC50,Human MAO-B,primary,CHEMBL2039,Amine oxidase [flavin-containing] B,Homo sapiens,IC50,CHEMBL3764112,CCOc1cc(=O)oc2cc(OCCNC3CCN(Cc4ccccc4)CC3)ccc12,GKYZWZKQBZYQOH-UHFFFAOYSA-N,4.5,4.5,0.0,4.5,4.5,0.0,1,1,10.1016/j.bmc.2016.02.023,2016,2016,16481090,False,0
MAOB_HUMAN_IC50,Human MAO-B,primary,CHEMBL2039,Amine oxidase [flavin-containing] B,Homo sapiens,IC50,CHEMBL1934673,COc1ccc(-c2c(O)c3cc(C)ccc3oc2=O)cc1,HLIFVPNNVKNZGV-UHFFFAOYSA-N,4.49,4.49,0.0,4.49,4.49,0.0,1,1,10.1016/j.bmcl.2011.11.020,2012,2012,7994127,False,0
MAOB_HUMAN_IC50,Human MAO-B,primary,CHEMBL2039,Amine oxidase [flavin-containing] B,Homo sapiens,IC50,CHEMBL2376886,CCOC(=O)Nc1cc2ccccc2oc1=O,RCMHTLFCBZRNAY-UHFFFAOYSA-N,4.48,4.48,0.0,4.48,4.48,0.0,1,1,10.1016/j.ejmech.2013.02.009,2013,2013,13279598,False,0
MAOB_HUMAN_IC50,Human MAO-B,primary,CHEMBL2039,Amine oxidase [flavin-containing] B,Homo sapiens,IC50,CHEMBL3764166,COc1cc(=O)oc2cc(OCCNC3CCN(Cc4ccccc4)CC3)ccc12,LQNPMZWHOLIOEU-UHFFFAOYSA-N,4.47,4.47,0.0,4.47,4.47,0.0,1,1,10.1016/j.bmc.2016.02.023,2016,2016,16481089,False,0
MAOB_HUMAN_IC50,Human MAO-B,primary,CHEMBL2039,Amine oxidase [flavin-containing] B,Homo sapiens,IC50,CHEMBL3765293,O=c1cc(Cl)c2ccc(OCCNC3CCN(Cc4ccccc4)CC3)cc2o1,XATVGNRTOUJFHU-UHFFFAOYSA-N,4.47,4.47,0.0,4.47,4.47,0.0,1,1,10.1016/j.bmc.2016.02.023,2016,2016,16481088,False,0
MAOB_HUMAN_IC50,Human MAO-B,primary,CHEMBL2039,Amine oxidase [flavin-containing] B,Homo sapiens,IC50,CHEMBL3261199,COc1ccccc1NC(=O)c1cc2ccccc2oc1=O,LLOQGIRQUOAOCK-UHFFFAOYSA-N,4.45,4.45,0.0,4.45,4.45,0.0,1,1,10.1016/j.ejmech.2014.04.060,2014,2014,14662189,False,0
MAOB_HUMAN_IC50,Human MAO-B,primary,CHEMBL2039,Amine oxidase [flavin-containing] B,Homo sapiens,IC50,CHEMBL3629811,COc1ccc(/C=C/c2cc(OC)cc(OC)c2/C=C/C(=O)c2cc3c(OC)cc(OC)cc3oc2=O)cc1,NWPRVYMWNXMATN-UXKPLKHMSA-N,4.45,4.45,0.0,4.45,4.45,0.0,1,1,10.1016/j.ejmech.2015.08.055,2015,2015,15758486,False,0
MAOB_HUMAN_IC50,Human MAO-B,primary,CHEMBL2039,Amine oxidase [flavin-containing] B,Homo sapiens,IC50,CHEMBL4474002,Cc1cc(O)cc2oc(=O)c(C(=O)CCN3CCOCC3)cc12.Cl,DRZABVTVNSKFGY-UHFFFAOYSA-N,4.44,4.44,0.0,4.44,4.44,0.0,1,1,10.1016/j.ejmech.2019.04.016,2019,2019,19030122,False,0
MAOB_HUMAN_IC50,Human MAO-B,primary,CHEMBL2039,Amine oxidase [flavin-containing] B,Homo sapiens,IC50,CHEMBL5395261,Cc1cc(=O)oc2c(NC(=O)c3ccc(Cl)cc3)c(O)ccc12,WMCHJNXKGAIFNI-UHFFFAOYSA-N,4.43,4.43,0.0,4.43,4.43,0.0,1,1,10.1016/j.ejmech.2023.115091,2023,2023,25461203,False,0
MAOB_HUMAN_IC50,Human MAO-B,primary,CHEMBL2039,Amine oxidase [flavin-containing] B,Homo sapiens,IC50,CHEMBL3417294,Nc1cc(=O)oc2cc(OCCN3CCN(CCCNc4c5c(nc6ccccc46)CCCC5)CC3)ccc12,SDXXOBJFUGAGFS-UHFFFAOYSA-N,4.42,4.42,0.0,4.42,4.42,0.0,1,1,10.1016/j.ejmech.2015.03.040,2015,2015,15219056,False,0
MAOB_HUMAN_IC50,Human MAO-B,primary,CHEMBL2039,Amine oxidase [flavin-containing] B,Homo sapiens,IC50,CHEMBL3261209,Cc1cccc(NC(=O)c2cc3cc([N+](=O)[O-])ccc3oc2=O)c1,ZMPAJQFBLHHVAL-UHFFFAOYSA-N,4.41,4.41,0.0,4.41,4.41,0.0,1,1,10.1016/j.ejmech.2014.04.060,2014,2014,14662200,False,0
MAOB_HUMAN_IC50,Human MAO-B,primary,CHEMBL2039,Amine oxidase [flavin-containing] B,Homo sapiens,IC50,CHEMBL3764211,Cc1cc(=O)oc2cc(CNCCC3CCN(Cc4ccccc4)CC3)ccc12,HZEOKPNLIUABIQ-UHFFFAOYSA-N,4.39,4.39,0.0,4.39,4.39,0.0,1,1,10.1016/j.bmc.2016.02.023,2016,2016,16481098,False,0
MAOB_HUMAN_IC50,Human MAO-B,primary,CHEMBL2039,Amine oxidase [flavin-containing] B,Homo sapiens,IC50,CHEMBL4525381,Cl.O=C(CCN1CCN(Cc2ccccc2)CC1)c1cc2ccc(O)cc2oc1=O,BJBIJPJSVVICGI-UHFFFAOYSA-N,4.39,4.39,0.0,4.39,4.39,0.0,1,1,10.1016/j.ejmech.2019.04.016,2019,2019,19030113,False,0
MAOB_HUMAN_IC50,Human MAO-B,primary,CHEMBL2039,Amine oxidase [flavin-containing] B,Homo sapiens,IC50,CHEMBL1830792,CC(=O)c1cc2cccc(O)c2oc1=O,NEEQSYQIMADPQE-UHFFFAOYSA-N,4.38,4.38,0.0,4.38,4.38,0.0,1,1,10.1016/j.ejmech.2011.07.017,2011,2011,6361453,False,0
MAOB_HUMAN_IC50,Human MAO-B,primary,CHEMBL2039,Amine oxidase [flavin-containing] B,Homo sapiens,IC50,CHEMBL484769,Cc1cccc(Cl)c1NC(=O)c1cc2ccc(OCc3ccc(F)cc3)cc2oc1=O,KVTOGESHVLOYQH-UHFFFAOYSA-N,4.38,4.38,0.0,4.38,4.38,0.0,1,1,10.1021/jm801496u,2009,2009,2411375,False,0
MAOB_HUMAN_IC50,Human MAO-B,primary,CHEMBL2039,Amine oxidase [flavin-containing] B,Homo sapiens,IC50,CHEMBL1934676,COc1ccc(-c2c(O)c3cc(C)ccc3oc2=O)cc1Cl,PAEULFKUAAUYCG-UHFFFAOYSA-N,4.37,4.37,0.0,4.37,4.37,0.0,1,1,10.1016/j.bmcl.2011.11.020,2012,2012,7994129,False,0
MAOB_HUMAN_IC50,Human MAO-B,primary,CHEMBL2039,Amine oxidase [flavin-containing] B,Homo sapiens,IC50,CHEMBL4550005,Cc1cc(O)cc2oc(=O)c(C(=O)CCN3CCCC3)cc12.Cl,TUKISILMBDAVPJ-UHFFFAOYSA-N,4.36,4.36,0.0,4.36,4.36,0.0,1,1,10.1016/j.ejmech.2019.04.016,2019,2019,19030124,False,0
MAOB_HUMAN_IC50,Human MAO-B,primary,CHEMBL2039,Amine oxidase [flavin-containing] B,Homo sapiens,IC50,CHEMBL488267,COc1cc(OCC(C)=O)cc2oc(=O)ccc12,BWTKPATVPFCUNN-UHFFFAOYSA-N,4.36,4.36,0.0,4.36,4.36,0.0,1,1,10.1021/jm800656v,2008,2008,2592805,False,0
MAOB_HUMAN_IC50,Human MAO-B,primary,CHEMBL2039,Amine oxidase [flavin-containing] B,Homo sapiens,IC50,CHEMBL256699,CCOC(=O)c1cc2ccc(N(CC)CC)cc2oc1=O,MSOLGAJLRIINNF-UHFFFAOYSA-N,4.34,4.34,0.0,4.34,4.34,0.0,1,1,10.1016/j.ejmech.2011.07.017,2011,2011,6361444,False,0
MAOB_HUMAN_IC50,Human MAO-B,primary,CHEMBL2039,Amine oxidase [flavin-containing] B,Homo sapiens,IC50,CHEMBL3261206,O=C(NCCCN1CCOCC1)c1cc2cc([N+](=O)[O-])ccc2oc1=O,JDELIZJINUNKNL-UHFFFAOYSA-N,4.34,4.34,0.0,4.34,4.34,0.0,1,1,10.1016/j.ejmech.2014.04.060,2014,2014,14662197,False,0
MAOB_HUMAN_IC50,Human MAO-B,primary,CHEMBL2039,Amine oxidase [flavin-containing] B,Homo sapiens,IC50,CHEMBL3297786,CCC(C)NC(=O)c1cc2cc(Br)cc(Br)c2oc1=O,ZJEVOUZXTOSBOY-UHFFFAOYSA-N,4.34,4.34,0.0,4.34,4.34,0.0,1,1,10.1016/j.bmc.2014.05.002,2014,2014,15044542,False,0
MAOB_HUMAN_IC50,Human MAO-B,primary,CHEMBL2039,Amine oxidase [flavin-containing] B,Homo sapiens,IC50,CHEMBL3764334,O=c1cc(-c2ccccc2)c2ccc(OCCNC3CCN(Cc4ccccc4)CC3)cc2o1,KOAOVWXOZSDQBP-UHFFFAOYSA-N,4.34,4.34,0.0,4.34,4.34,0.0,1,1,10.1016/j.bmc.2016.02.023,2016,2016,16481092,False,0
MAOB_HUMAN_IC50,Human MAO-B,primary,CHEMBL2039,Amine oxidase [flavin-containing] B,Homo sapiens,IC50,CHEMBL3629810,CCOc1ccc2cc(C(=O)/C=C/c3c(/C=C/c4ccc(OC)cc4)cc(OC)cc3OC)c(=O)oc2c1,OPBBATLHCQZDGD-NUFNZXCZSA-N,4.32,4.32,0.0,4.32,4.32,0.0,1,1,10.1016/j.ejmech.2015.08.055,2015,2015,15758480,False,0
MAOB_HUMAN_IC50,Human MAO-B,primary,CHEMBL2039,Amine oxidase [flavin-containing] B,Homo sapiens,IC50,CHEMBL1426944,O=C(Nc1cc2ccccc2oc1=O)C1CCCCC1,RJKSUFSHJKUPEX-UHFFFAOYSA-N,4.3,4.3,0.0,4.3,4.3,0.0,1,1,10.1039/C1MD00221J,2012,2012,14552982,False,0
MAOB_HUMAN_IC50,Human MAO-B,primary,CHEMBL2039,Amine oxidase [flavin-containing] B,Homo sapiens,IC50,CHEMBL3261208,COc1ccccc1NC(=O)c1cc2cc([N+](=O)[O-])ccc2oc1=O,AUAFLPLDIXTQII-UHFFFAOYSA-N,4.3,4.3,0.0,4.3,4.3,0.0,1,1,10.1016/j.ejmech.2014.04.060,2014,2014,14662199,False,0
MAOB_HUMAN_IC50,Human MAO-B,primary,CHEMBL2039,Amine oxidase [flavin-containing] B,Homo sapiens,IC50,CHEMBL3629813,C=CCc1cc(OC)c2oc(=O)c(C(=O)/C=C/c3c(/C=C/c4ccc(OC)cc4)cc(OC)cc3OC)cc2c1,GALOGIBAXJCZAA-IIXCLMFLSA-N,4.3,4.3,0.0,4.3,4.3,0.0,1,1,10.1016/j.ejmech.2015.08.055,2015,2015,15758488,False,0
MAOB_HUMAN_IC50,Human MAO-B,primary,CHEMBL2039,Amine oxidase [flavin-containing] B,Homo sapiens,IC50,CHEMBL488266,COc1c(O)ccc2c3c(c(=O)oc12)CCCC3,LYZONZZZHMCKPP-UHFFFAOYSA-N,4.3,4.3,0.0,4.3,4.3,0.0,1,1,10.1021/jm800656v,2008,2008,2592806,False,0
MAOB_HUMAN_IC50,Human MAO-B,primary,CHEMBL2039,Amine oxidase [flavin-containing] B,Homo sapiens,IC50,CHEMBL5403314,Cc1cc(=O)oc2c(NC(=O)C3CCCCC3)c(O)ccc12,MQMKLDNZGHRIKR-UHFFFAOYSA-N,4.3,4.3,0.0,4.3,4.3,0.0,1,1,10.1016/j.ejmech.2023.115091,2023,2023,25461199,False,0
MAOB_HUMAN_IC50,Human MAO-B,primary,CHEMBL2039,Amine oxidase [flavin-containing] B,Homo sapiens,IC50,CHEMBL5400613,CCC(=O)Nc1c(O)ccc2c(C)cc(=O)oc12,PAMPUFOZCVZKHK-UHFFFAOYSA-N,4.28,4.28,0.0,4.28,4.28,0.0,1,1,10.1016/j.ejmech.2023.115091,2023,2023,25461194,False,0
MAOB_HUMAN_IC50,Human MAO-B,primary,CHEMBL2039,Amine oxidase [flavin-containing] B,Homo sapiens,IC50,CHEMBL1835233,COc1cc(OC)c(Br)c(-c2cc3cc(C)ccc3oc2=O)c1,SDQNCIIRQFGVMP-UHFFFAOYSA-N,4.27,4.27,0.0,4.27,4.27,0.0,1,1,10.1021/jm200716y,2011,2011,6383795,False,0
MAOB_HUMAN_IC50,Human MAO-B,primary,CHEMBL2039,Amine oxidase [flavin-containing] B,Homo sapiens,IC50,CHEMBL3629807,COc1ccc(/C=C/c2cc(OC)cc(OC)c2/C=C/C(=O)c2cc3ccc(Br)cc3oc2=O)cc1,VUIHXXXAELJOFV-RTYMFESYSA-N,4.26,4.26,0.0,4.26,4.26,0.0,1,1,10.1016/j.ejmech.2015.08.055,2015,2015,15758483,False,0
MAOB_HUMAN_IC50,Human MAO-B,primary,CHEMBL2039,Amine oxidase [flavin-containing] B,Homo sapiens,IC50,CHEMBL1830834,O=C(NNc1ccc([N+](=O)[O-])cc1[N+](=O)[O-])c1cc2ccccc2oc1=O,VKIIHNVXLRYMDY-UHFFFAOYSA-N,4.25,4.25,0.0,4.25,4.25,0.0,1,1,10.1016/j.ejmech.2011.07.017,2011,2011,6361464,False,0
MAOB_HUMAN_IC50,Human MAO-B,primary,CHEMBL2039,Amine oxidase [flavin-containing] B,Homo sapiens,IC50,CHEMBL3220511,COc1ccc(C(=O)Nc2cc3ccccc3oc2=O)cc1OC,QLBYTIGTWSJNIL-UHFFFAOYSA-N,4.23,4.23,0.0,4.23,4.23,0.0,1,1,10.1039/C1MD00221J,2012,2012,14552979,False,0
MAOB_HUMAN_IC50,Human MAO-B,primary,CHEMBL2039,Amine oxidase [flavin-containing] B,Homo sapiens,IC50,CHEMBL3113639,CCCNCc1cc2ccccc2oc1=O,CJBPGDPRUYWCPW-UHFFFAOYSA-N,4.21,4.21,0.0,4.21,4.21,0.0,1,1,10.1016/j.ejmech.2013.11.035,2014,2014,13920864,False,0
MAOB_HUMAN_IC50,Human MAO-B,primary,CHEMBL2039,Amine oxidase [flavin-containing] B,Homo sapiens,IC50,CHEMBL469571,Cc1cccc(Cl)c1NC(=O)c1cc2ccc(OCc3ccccc3)cc2oc1=O,KZZQPCXGVIZFJB-UHFFFAOYSA-N,4.21,4.21,0.0,4.21,4.21,0.0,1,1,10.1021/jm801496u,2009,2009,2411369,False,0
MAOB_HUMAN_IC50,Human MAO-B,primary,CHEMBL2039,Amine oxidase [flavin-containing] B,Homo sapiens,IC50,CHEMBL472218,O=C(Nc1ccccc1Cc1ccccc1)c1cc2ccc(OCc3ccccc3)cc2oc1=O,HENQOVMQRFFCJG-UHFFFAOYSA-N,4.2,4.2,0.0,4.2,4.2,0.0,1,1,10.1021/jm801496u,2009,2009,2411368,False,0
MAOB_HUMAN_IC50,Human MAO-B,primary,CHEMBL2039,Amine oxidase [flavin-containing] B,Homo sapiens,IC50,CHEMBL1830793,CC(=O)c1cc2cc(O)ccc2oc1=O,HXMREWXYWPTCJD-UHFFFAOYSA-N,4.19,4.19,0.0,4.19,4.19,0.0,1,1,10.1016/j.ejmech.2011.07.017,2011,2011,6361456,False,0
MAOB_HUMAN_IC50,Human MAO-B,primary,CHEMBL2039,Amine oxidase [flavin-containing] B,Homo sapiens,IC50,CHEMBL471447,O=C(NC1CCCCC1)c1cc2ccc(OCc3ccccc3)cc2oc1=O,KSVJRMDHPQQMRA-UHFFFAOYSA-N,4.19,4.19,0.0,4.19,4.19,0.0,1,1,10.1021/jm801496u,2009,2009,2411364,False,0
MAOB_HUMAN_IC50,Human MAO-B,primary,CHEMBL2039,Amine oxidase [flavin-containing] B,Homo sapiens,IC50,CHEMBL5399314,COc1cc(C(=O)Nc2c(O)ccc3c(C)cc(=O)oc23)cc(OC)c1OC,WBCDGTAWSUGTBW-UHFFFAOYSA-N,4.17,4.17,0.0,4.17,4.17,0.0,1,1,10.1016/j.ejmech.2023.115091,2023,2023,25461207,False,0
MAOB_HUMAN_IC50,Human MAO-B,primary,CHEMBL2039,Amine oxidase [flavin-containing] B,Homo sapiens,IC50,CHEMBL1917495,COc1ccc(-c2c(O)c3ccccc3oc2=O)cc1,CERHCYIDWGTRQA-UHFFFAOYSA-N,4.16,4.16,0.0,4.16,4.16,0.0,1,1,10.1016/j.bmcl.2011.11.020,2012,2012,7994126,False,0
MAOB_HUMAN_IC50,Human MAO-B,primary,CHEMBL2039,Amine oxidase [flavin-containing] B,Homo sapiens,IC50,CHEMBL4466838,CN(C)CCC(=O)c1cc2ccc(O)cc2oc1=O.Cl,RANOIOFKJSSCGM-UHFFFAOYSA-N,4.15,4.15,0.0,4.15,4.15,0.0,1,1,10.1016/j.ejmech.2019.04.016,2019,2019,19030108,False,0
MAOB_HUMAN_IC50,Human MAO-B,primary,CHEMBL2039,Amine oxidase [flavin-containing] B,Homo sapiens,IC50,CHEMBL459523,Cc1cc(=O)oc2c(C)c(O)ccc12,MVMMGVPSTRNMSV-UHFFFAOYSA-N,4.15,4.15,0.0,4.15,4.15,0.0,1,1,10.1021/jm800656v,2008,2008,2592785,False,0
MAOB_HUMAN_IC50,Human MAO-B,primary,CHEMBL2039,Amine oxidase [flavin-containing] B,Homo sapiens,IC50,CHEMBL3220512,COc1cc(C(=O)Nc2cc3ccccc3oc2=O)cc(OC)c1OC,BKHAKDFBEXNJIG-UHFFFAOYSA-N,4.14,4.14,0.0,4.14,4.14,0.0,1,1,10.1039/C1MD00221J,2012,2012,14552980,False,0
MAOB_HUMAN_IC50,Human MAO-B,primary,CHEMBL2039,Amine oxidase [flavin-containing] B,Homo sapiens,IC50,CHEMBL1796807,O=C(c1ccccc1)c1cc2cc(Br)cc(O)c2oc1=O,NAUIAKAPZHKDRT-UHFFFAOYSA-N,4.13,4.13,0.0,4.13,4.13,0.0,1,1,10.1016/j.bmcl.2011.05.074,2011,2011,6260771,False,0
MAOB_HUMAN_IC50,Human MAO-B,primary,CHEMBL2039,Amine oxidase [flavin-containing] B,Homo sapiens,IC50,CHEMBL487071,Cc1cc(=O)oc2c(C)c3oc4c(c3cc12)CCC4,CPPUXTUYSXJHCX-UHFFFAOYSA-N,4.13,4.13,0.0,4.13,4.13,0.0,1,1,10.1021/jm800656v,2008,2008,2592789,False,0
MAOB_HUMAN_IC50,Human MAO-B,primary,CHEMBL2039,Amine oxidase [flavin-containing] B,Homo sapiens,IC50,CHEMBL12208,Cc1cc(=O)oc2cc(O)ccc12,HSHNITRMYYLLCV-UHFFFAOYSA-N,4.09,4.09,0.0,4.09,4.09,0.0,1,1,10.1021/jm800656v,2008,2008,2592807,False,0
MAOB_HUMAN_IC50,Human MAO-B,primary,CHEMBL2039,Amine oxidase [flavin-containing] B,Homo sapiens,IC50,CHEMBL5416897,Cc1cc(=O)oc2c(NC(=O)c3ccc([N+](=O)[O-])cc3)c(O)ccc12,UMRQEGOVRLXFDJ-UHFFFAOYSA-N,4.07,4.07,0.0,4.07,4.07,0.0,1,1,10.1016/j.ejmech.2023.115091,2023,2023,25461202,False,0
MAOB_HUMAN_IC50,Human MAO-B,primary,CHEMBL2039,Amine oxidase [flavin-containing] B,Homo sapiens,IC50,CHEMBL5434620,Cc1cc(=O)oc2c(NC(=O)CCl)c(O)ccc12,VEZMHMJDTUSVLM-UHFFFAOYSA-N,4.07,4.07,0.0,4.07,4.07,0.0,1,1,10.1016/j.ejmech.2023.115091,2023,2023,25461196,False,0
MAOB_HUMAN_IC50,Human MAO-B,primary,CHEMBL2039,Amine oxidase [flavin-containing] B,Homo sapiens,IC50,CHEMBL4543997,CCN(CC)CCC(=O)c1cc2ccc(O)cc2oc1=O.Cl,NTDJWSUXYXRHJW-UHFFFAOYSA-N,4.03,4.03,0.0,4.03,4.03,0.0,1,1,10.1016/j.ejmech.2019.04.016,2019,2019,19030109,False,0
