case_id,target_label,case_priority,target_chembl_id,target_name,target_organism,compound_id,canonical_smiles,inchi_key,endpoint,required_endpoint,pactivity,doi,year,record_id
MAOB_HUMAN_IC50,Human MAO-B,primary,CHEMBL2039,Amine oxidase [flavin-containing] B,Homo sapiens,CHEMBL3261206,O=C(NCCCN1CCOCC1)c1cc2cc([N+](=O)[O-])ccc2oc1=O,JDELIZJINUNKNL-UHFFFAOYSA-N,IC50,IC50,4.34,10.1016/j.ejmech.2014.04.060,2014,14662197
MAOB_HUMAN_IC50,Human MAO-B,primary,CHEMBL2039,Amine oxidase [flavin-containing] B,Homo sapiens,CHEMBL4527319,Cc1c(C)c2ccc(OCC3CCCN(Cc4ccc(S(C)(=O)=O)cc4)C3)cc2oc1=O,MBTBGPAEQXNMDT-UHFFFAOYSA-N,IC50,IC50,6.95,10.1021/acs.jmedchem.6b00562,2016,19406954
MAOB_HUMAN_IC50,Human MAO-B,primary,CHEMBL2039,Amine oxidase [flavin-containing] B,Homo sapiens,CHEMBL2376887,CC(C)OC(=O)Nc1cc2ccccc2oc1=O,BDMJDPCZOKJISW-UHFFFAOYSA-N,IC50,IC50,5.18,10.1016/j.ejmech.2013.02.009,2013,13279597
MAOB_HUMAN_IC50,Human MAO-B,primary,CHEMBL2039,Amine oxidase [flavin-containing] B,Homo sapiens,CHEMBL4202589,COc1ccc(-c2cc3cc(C)ccc3oc2=O)nn1,PHEWYOXVDAYNDV-UHFFFAOYSA-N,IC50,IC50,4.75,10.1016/j.ejmech.2017.07.045,2017,18517407
MAOB_HUMAN_IC50,Human MAO-B,primary,CHEMBL2039,Amine oxidase [flavin-containing] B,Homo sapiens,CHEMBL3586574,Cc1c(C)c2ccc(OCCCN(C)Cc3ccccc3)cc2oc1=O.Cl,ZDRIPIJZYWVOLL-UHFFFAOYSA-N,IC50,IC50,6.87,10.1021/acs.jmedchem.5b00599,2015,15625510
MAOB_HUMAN_IC50,Human MAO-B,primary,CHEMBL2039,Amine oxidase [flavin-containing] B,Homo sapiens,CHEMBL4203878,Cc1ccc2cc(-c3ccc(Br)nn3)c(=O)oc2c1,VXNASMBKQYJUOW-UHFFFAOYSA-N,IC50,IC50,6.12,10.1016/j.ejmech.2017.07.045,2017,18517396
MAOB_HUMAN_IC50,Human MAO-B,primary,CHEMBL2039,Amine oxidase [flavin-containing] B,Homo sapiens,CHEMBL5083613,CN(Cc1ccccc1)Cc1ccc(COc2ccc3c(C(F)F)cc(=O)oc3c2)cc1,KUBYHRTYKKZBKV-UHFFFAOYSA-N,IC50,IC50,6.89,10.1021/acs.jmedchem.1c01784,2022,24422254
MAOB_HUMAN_IC50,Human MAO-B,primary,CHEMBL2039,Amine oxidase [flavin-containing] B,Homo sapiens,CHEMBL4637131,Cc1c(O)c(=O)ccn1CCNC(=O)c1cc2ccc(OCc3cccc(F)c3)cc2oc1=O,SUJRSHQYQXYHCL-UHFFFAOYSA-N,IC50,IC50,6.97,10.1016/j.bmc.2020.115550,2020,20685921
MAOB_HUMAN_IC50,Human MAO-B,primary,CHEMBL2039,Amine oxidase [flavin-containing] B,Homo sapiens,CHEMBL3586602,CN(Cc1ccc(C#N)cc1)Cc1ccc(COc2ccc3ccc(=O)oc3c2)cc1.Cl,PLZFVBYBEXHETN-UHFFFAOYSA-N,IC50,IC50,7.35,10.1021/acs.jmedchem.5b00599,2015,15625520
MAOB_HUMAN_IC50,Human MAO-B,primary,CHEMBL2039,Amine oxidase [flavin-containing] B,Homo sapiens,CHEMBL4439320,Cc1c(C)c2ccc(OCC3CCCN(Cc4ccc(F)cc4)C3)cc2oc1=O.Cl,YOWUEPXICGUKNK-UHFFFAOYSA-N,IC50,IC50,6.79,10.1021/acs.jmedchem.6b00562,2016,19406952
MAOB_HUMAN_IC50,Human MAO-B,primary,CHEMBL2039,Amine oxidase [flavin-containing] B,Homo sapiens,CHEMBL142799,O=c1oc2cc(OCc3ccccc3)ccc2c2c1CCC2,XQVDQBUDJDSCEP-UHFFFAOYSA-N,IC50,IC50,9.04,10.1021/jm060441e,2006,1773853
MAOB_HUMAN_IC50,Human MAO-B,primary,CHEMBL2039,Amine oxidase [flavin-containing] B,Homo sapiens,CHEMBL488266,COc1c(O)ccc2c3c(c(=O)oc12)CCCC3,LYZONZZZHMCKPP-UHFFFAOYSA-N,IC50,IC50,4.3,10.1021/jm800656v,2008,2592806
MAOB_HUMAN_IC50,Human MAO-B,primary,CHEMBL2039,Amine oxidase [flavin-containing] B,Homo sapiens,CHEMBL4089608,Cc1c(C#N)c(=O)oc2cc(OCCN3CCN(Cc4ccc(Br)cc4)CC3)ccc12,UEOQGXDNVOABCE-UHFFFAOYSA-N,IC50,IC50,5.85,10.1016/j.ejmech.2016.09.041,2017,18195012
MAOB_HUMAN_IC50,Human MAO-B,primary,CHEMBL2039,Amine oxidase [flavin-containing] B,Homo sapiens,CHEMBL3735572,CC(=O)Oc1cccc(-c2cc3cc(C)ccc3oc2=O)c1,UKDCKUUDKNRTOE-UHFFFAOYSA-N,IC50,IC50,6.15,10.1039/C4MD00437J,2015,16386426
MAOB_HUMAN_IC50,Human MAO-B,primary,CHEMBL2039,Amine oxidase [flavin-containing] B,Homo sapiens,CHEMBL4095676,Cc1c(C#N)c(=O)oc2cc(OCc3ccccc3)ccc12,ZHMXKSBYYQERTH-UHFFFAOYSA-N,IC50,IC50,8.72,10.1016/j.ejmech.2016.09.041,2017,18194961
MAOB_HUMAN_IC50,Human MAO-B,primary,CHEMBL2039,Amine oxidase [flavin-containing] B,Homo sapiens,CHEMBL4066437,O=c1ccc2ccc(OCCN3CCN(Cc4ccc(Br)cc4)CC3)cc2o1,ZZINRNYYMBDOTN-UHFFFAOYSA-N,IC50,IC50,5.77,10.1016/j.ejmech.2016.09.041,2017,18195009
MAOB_HUMAN_IC50,Human MAO-B,primary,CHEMBL2039,Amine oxidase [flavin-containing] B,Homo sapiens,CHEMBL4206041,Cc1cc(=O)oc2cc(OCc3cc[n+](Cc4cccc(F)c4)cc3)ccc12.[Br-],UXMYNPRPWZGKKW-UHFFFAOYSA-M,IC50,IC50,5.54,10.1016/j.ejmech.2017.07.055,2017,18517499
MAOB_HUMAN_IC50,Human MAO-B,primary,CHEMBL2039,Amine oxidase [flavin-containing] B,Homo sapiens,CHEMBL4475910,CCc1c(O)c(=O)ccn1Cc1cc2ccc(OCc3cccc(Cl)c3)cc2oc1=O,BWEKGMKJNYVSMB-UHFFFAOYSA-N,IC50,IC50,6.37,10.1016/j.ejmech.2019.07.031,2019,19098402
MAOB_HUMAN_IC50,Human MAO-B,primary,CHEMBL2039,Amine oxidase [flavin-containing] B,Homo sapiens,CHEMBL118629,CC(=O)/C=C/C=C/COc1ccc2ccc(=O)oc2c1,WKVJBBDJIKLRHY-ZUVMSYQZSA-N,IC50,IC50,5.77,10.1016/s0960-894x(02)00798-9,2002,977605
MAOB_HUMAN_IC50,Human MAO-B,primary,CHEMBL2039,Amine oxidase [flavin-containing] B,Homo sapiens,CHEMBL4079843,Cc1c(Cl)c(=O)oc2cc(OCc3ccc(Br)cc3)ccc12,CFDZXXWQQBIBLA-UHFFFAOYSA-N,IC50,IC50,9.1,10.1016/j.ejmech.2016.09.041,2017,18194995
MAOB_HUMAN_IC50,Human MAO-B,primary,CHEMBL2039,Amine oxidase [flavin-containing] B,Homo sapiens,CHEMBL3735165,Cc1ccc2oc(=O)c(-c3cccs3)cc2c1,NCFDLDNOVBBFGK-UHFFFAOYSA-N,IC50,IC50,5.42,10.1039/C4MD00437J,2015,16386443
MAOB_HUMAN_IC50,Human MAO-B,primary,CHEMBL2039,Amine oxidase [flavin-containing] B,Homo sapiens,CHEMBL4094745,Cc1c(Cl)c(=O)oc2cc(OCc3ccccc3)ccc12,FLISBXSFDOEMCC-UHFFFAOYSA-N,IC50,IC50,8.68,10.1016/j.ejmech.2016.09.041,2017,18194962
MAOB_HUMAN_IC50,Human MAO-B,primary,CHEMBL2039,Amine oxidase [flavin-containing] B,Homo sapiens,CHEMBL4097014,Cc1ccc2oc(=O)c(C(=O)Nc3ccc(O)cc3)cc2c1,HMOWXDJAMBOFPG-UHFFFAOYSA-N,IC50,IC50,6.21,10.1021/acs.jmedchem.7b00918,2017,18187105
MAOB_HUMAN_IC50,Human MAO-B,primary,CHEMBL2039,Amine oxidase [flavin-containing] B,Homo sapiens,CHEMBL4525381,Cl.O=C(CCN1CCN(Cc2ccccc2)CC1)c1cc2ccc(O)cc2oc1=O,BJBIJPJSVVICGI-UHFFFAOYSA-N,IC50,IC50,4.39,10.1016/j.ejmech.2019.04.016,2019,19030113
MAOB_HUMAN_IC50,Human MAO-B,primary,CHEMBL2039,Amine oxidase [flavin-containing] B,Homo sapiens,CHEMBL214255,O=c1ccc2ccc(OS(=O)(=O)c3ccccc3)cc2o1,AMVFOTPBMAVZIH-UHFFFAOYSA-N,IC50,IC50,5.65,10.1021/jm060441e,2006,1773846
MAOB_HUMAN_IC50,Human MAO-B,primary,CHEMBL2039,Amine oxidase [flavin-containing] B,Homo sapiens,CHEMBL5399314,COc1cc(C(=O)Nc2c(O)ccc3c(C)cc(=O)oc23)cc(OC)c1OC,WBCDGTAWSUGTBW-UHFFFAOYSA-N,IC50,IC50,4.17,10.1016/j.ejmech.2023.115091,2023,25461207
MAOB_HUMAN_IC50,Human MAO-B,primary,CHEMBL2039,Amine oxidase [flavin-containing] B,Homo sapiens,CHEMBL1835232,COc1cc(-c2cc3cc(C)ccc3oc2=O)ccc1Br,DKIKMZJXGNQTBN-UHFFFAOYSA-N,IC50,IC50,8.49,10.1021/jm200716y,2011,6383794
MAOB_HUMAN_IC50,Human MAO-B,primary,CHEMBL2039,Amine oxidase [flavin-containing] B,Homo sapiens,CHEMBL577123,Cc1ccc2oc(=O)c(C(=O)O)cc2c1,FJICLQQBBFWGMZ-UHFFFAOYSA-N,IC50,IC50,7.72,10.1016/j.bmc.2013.02.017,2013,13281003
MAOB_HUMAN_IC50,Human MAO-B,primary,CHEMBL2039,Amine oxidase [flavin-containing] B,Homo sapiens,CHEMBL568385,CCOC(=O)c1cc2ccc(OC)cc2oc1=O,FWFVXBZXJKTVGL-UHFFFAOYSA-N,IC50,IC50,4.63,10.1016/j.ejmech.2011.07.017,2011,6361433
MAOB_HUMAN_IC50,Human MAO-B,primary,CHEMBL2039,Amine oxidase [flavin-containing] B,Homo sapiens,CHEMBL5563200,COc1ccc2cc(C(=O)Nc3ccc(S(N)(=O)=O)cc3)c(=O)oc2c1,ZCHPXRQGHCAVJD-UHFFFAOYSA-N,IC50,IC50,6.49,10.1021/acs.jmedchem.4c00045,2024,25934245
MAOB_HUMAN_IC50,Human MAO-B,primary,CHEMBL2039,Amine oxidase [flavin-containing] B,Homo sapiens,CHEMBL471221,Cc1ccc(NC(=O)c2cc3ccccc3oc2=O)cc1C,VUJINTDHHNCFJN-UHFFFAOYSA-N,IC50,IC50,7.73,10.1021/acs.jmedchem.1c00510,2021,23149882
MAOB_HUMAN_IC50,Human MAO-B,primary,CHEMBL2039,Amine oxidase [flavin-containing] B,Homo sapiens,CHEMBL471221,Cc1ccc(NC(=O)c2cc3ccccc3oc2=O)cc1C,VUJINTDHHNCFJN-UHFFFAOYSA-N,IC50,IC50,6.42,10.1021/jm801496u,2009,2411355
MAOB_HUMAN_IC50,Human MAO-B,primary,CHEMBL2039,Amine oxidase [flavin-containing] B,Homo sapiens,CHEMBL512883,CC(C)CNC(=O)c1cc2ccccc2oc1=O,BKVFDOZWDVAMFZ-UHFFFAOYSA-N,IC50,IC50,5.49,10.1021/jm801496u,2009,2411332
MAOB_HUMAN_IC50,Human MAO-B,primary,CHEMBL2039,Amine oxidase [flavin-containing] B,Homo sapiens,CHEMBL4539801,Cc1c(C)c2ccc(OCC3CCN(Cc4ccc(Cl)cc4)CC3)cc2oc1=O.Cl,AYEMVPPLNGOADG-UHFFFAOYSA-N,IC50,IC50,6.21,10.1021/acs.jmedchem.6b00562,2016,19406942
MAOB_HUMAN_IC50,Human MAO-B,primary,CHEMBL2039,Amine oxidase [flavin-containing] B,Homo sapiens,CHEMBL513549,O=C(Nc1c(F)c(F)nc(F)c1F)c1cc2ccccc2oc1=O,YTDKRMHVKQGTGZ-UHFFFAOYSA-N,IC50,IC50,6.24,10.1021/jm801496u,2009,2411361
MAOB_HUMAN_IC50,Human MAO-B,primary,CHEMBL2039,Amine oxidase [flavin-containing] B,Homo sapiens,CHEMBL495466,Cc1ccc2oc(=O)c(C(=O)Nc3ccccc3)cc2c1,JUQDUATUBQVGDN-UHFFFAOYSA-N,IC50,IC50,7.82,10.1021/acs.jmedchem.7b00918,2017,18187111
MAOB_HUMAN_IC50,Human MAO-B,primary,CHEMBL2039,Amine oxidase [flavin-containing] B,Homo sapiens,CHEMBL509345,O=C(Nc1cccc(C(F)(F)F)c1)c1cc2ccccc2oc1=O,JXUJVKNPEQUAAV-UHFFFAOYSA-N,IC50,IC50,6.6,10.1021/jm801496u,2009,2411339
MAOB_HUMAN_IC50,Human MAO-B,primary,CHEMBL2039,Amine oxidase [flavin-containing] B,Homo sapiens,CHEMBL509345,O=C(Nc1cccc(C(F)(F)F)c1)c1cc2ccccc2oc1=O,JXUJVKNPEQUAAV-UHFFFAOYSA-N,IC50,IC50,5.48,10.1016/j.ejmech.2014.04.060,2014,14662191
MAOB_HUMAN_IC50,Human MAO-B,primary,CHEMBL2039,Amine oxidase [flavin-containing] B,Homo sapiens,CHEMBL469818,Cc1cccc(Cl)c1NC(=O)c1cc2ccccc2oc1=O,KKQXITVOUUCVQH-UHFFFAOYSA-N,IC50,IC50,4.72,10.1021/jm801496u,2009,2411349
MAOB_HUMAN_IC50,Human MAO-B,primary,CHEMBL2039,Amine oxidase [flavin-containing] B,Homo sapiens,CHEMBL519678,COc1cc(NC(=O)c2cc3ccc(OCc4ccc(F)cc4)cc3oc2=O)cc(OC)c1,DSFHWERIAUUWGU-UHFFFAOYSA-N,IC50,IC50,4.67,10.1021/jm801496u,2009,2411377
MAOB_HUMAN_IC50,Human MAO-B,primary,CHEMBL2039,Amine oxidase [flavin-containing] B,Homo sapiens,CHEMBL3735913,Cc1ccc2oc(=O)c(-c3cccc(OCCBr)c3)cc2c1,CJGUGSJGGULCKI-UHFFFAOYSA-N,IC50,IC50,5.61,10.1039/C4MD00437J,2015,16386428
MAOB_HUMAN_IC50,Human MAO-B,primary,CHEMBL2039,Amine oxidase [flavin-containing] B,Homo sapiens,CHEMBL5575065,NS(=O)(=O)c1ccc(NC(=O)c2cc3ccccc3oc2=O)c(Cl)c1,ARQACZBYYYOQIL-UHFFFAOYSA-N,IC50,IC50,6.81,10.1021/acs.jmedchem.4c00045,2024,25934241
MAOB_HUMAN_IC50,Human MAO-B,primary,CHEMBL2039,Amine oxidase [flavin-containing] B,Homo sapiens,CHEMBL4466478,CCCCN1CCC(Oc2ccc3c(C)c(C)c(=O)oc3c2)CC1,QHAPMVPRWPFYPM-UHFFFAOYSA-N,IC50,IC50,5.85,10.1021/acs.jmedchem.6b00562,2016,19406932
MAOB_HUMAN_IC50,Human MAO-B,primary,CHEMBL2039,Amine oxidase [flavin-containing] B,Homo sapiens,CHEMBL4455029,Cc1c(C)c2ccc(OCC3CCCN(Cc4ccc(C#N)cc4)C3)cc2oc1=O,VRRAACLPQFMWKW-UHFFFAOYSA-N,IC50,IC50,7.47,10.1021/acs.jmedchem.6b00562,2016,19406955
MAOB_HUMAN_IC50,Human MAO-B,primary,CHEMBL2039,Amine oxidase [flavin-containing] B,Homo sapiens,CHEMBL4466718,Cc1c(C)c2ccc(OC3CCN(Cc4cccc(Cl)c4)CC3)cc2oc1=O,HWTRGPWDQGKEJX-UHFFFAOYSA-N,IC50,IC50,6.54,10.1021/acs.jmedchem.6b00562,2016,19406934
MAOB_HUMAN_IC50,Human MAO-B,primary,CHEMBL2039,Amine oxidase [flavin-containing] B,Homo sapiens,CHEMBL4556552,COc1ccc(CN2CCCC(COc3ccc4c(C)c(C)c(=O)oc4c3)C2)cc1OC,KLZPNESZOSTZAJ-UHFFFAOYSA-N,IC50,IC50,7.05,10.1021/acs.jmedchem.6b00562,2016,19406956
MAOB_HUMAN_IC50,Human MAO-B,primary,CHEMBL2039,Amine oxidase [flavin-containing] B,Homo sapiens,CHEMBL4571763,Cc1c(C)c2ccc(OCC3CCCN(Cc4ccccc4)C3)cc2oc1=O,HKIDXMKKZYHFEM-UHFFFAOYSA-N,IC50,IC50,7.64,10.1021/acs.jmedchem.6b00562,2016,19406946
MAOB_HUMAN_IC50,Human MAO-B,primary,CHEMBL2039,Amine oxidase [flavin-containing] B,Homo sapiens,CHEMBL4571763,Cc1c(C)c2ccc(OCC3CCCN(Cc4ccccc4)C3)cc2oc1=O,HKIDXMKKZYHFEM-UHFFFAOYSA-N,IC50,IC50,7.64,10.1021/acsmedchemlett.2c00001,2022,24804530
MAOB_HUMAN_IC50,Human MAO-B,primary,CHEMBL2039,Amine oxidase [flavin-containing] B,Homo sapiens,CHEMBL4571763,Cc1c(C)c2ccc(OCC3CCCN(Cc4ccccc4)C3)cc2oc1=O,HKIDXMKKZYHFEM-UHFFFAOYSA-N,IC50,IC50,7.52,10.1021/acs.jmedchem.1c01784,2022,24422256
MAOB_HUMAN_IC50,Human MAO-B,primary,CHEMBL2039,Amine oxidase [flavin-containing] B,Homo sapiens,CHEMBL4571763,Cc1c(C)c2ccc(OCC3CCCN(Cc4ccccc4)C3)cc2oc1=O,HKIDXMKKZYHFEM-UHFFFAOYSA-N,IC50,IC50,6.72,10.1021/acsmedchemlett.2c00001,2022,24804531
MAOB_HUMAN_IC50,Human MAO-B,primary,CHEMBL2039,Amine oxidase [flavin-containing] B,Homo sapiens,CHEMBL4571763,Cc1c(C)c2ccc(OCC3CCCN(Cc4ccccc4)C3)cc2oc1=O,HKIDXMKKZYHFEM-UHFFFAOYSA-N,IC50,IC50,6.71,10.1021/acs.jmedchem.6b00562,2016,19406947
MAOB_HUMAN_IC50,Human MAO-B,primary,CHEMBL2039,Amine oxidase [flavin-containing] B,Homo sapiens,CHEMBL4451228,CCc1c(O)c(=O)ccn1Cc1cc2ccc(OCc3ccc(F)cc3)cc2oc1=O,FDEVXQQOCFIMQS-UHFFFAOYSA-N,IC50,IC50,6.79,10.1016/j.ejmech.2019.07.031,2019,19098408
MAOB_HUMAN_IC50,Human MAO-B,primary,CHEMBL2039,Amine oxidase [flavin-containing] B,Homo sapiens,CHEMBL484410,COc1ccc(NC(=O)c2cc3ccc(OCc4ccc(F)cc4)cc3oc2=O)cc1OC,ZKGPIRPNFSOEPA-UHFFFAOYSA-N,IC50,IC50,5.54,10.1021/jm801496u,2009,2411376
MAOB_HUMAN_IC50,Human MAO-B,primary,CHEMBL2039,Amine oxidase [flavin-containing] B,Homo sapiens,CHEMBL471447,O=C(NC1CCCCC1)c1cc2ccc(OCc3ccccc3)cc2oc1=O,KSVJRMDHPQQMRA-UHFFFAOYSA-N,IC50,IC50,4.19,10.1021/jm801496u,2009,2411364
MAOB_HUMAN_IC50,Human MAO-B,primary,CHEMBL2039,Amine oxidase [flavin-containing] B,Homo sapiens,CHEMBL3121782,C#CCCCOc1ccc2ccc(=O)oc2c1,ZUCHADSRYKMTHE-UHFFFAOYSA-N,IC50,IC50,7.04,10.1016/j.bmc.2014.01.046,2014,13935934
MAOB_HUMAN_IC50,Human MAO-B,primary,CHEMBL2039,Amine oxidase [flavin-containing] B,Homo sapiens,CHEMBL4105601,Cc1c(C#N)c(=O)oc2cc(OCc3ccc(Br)cc3)ccc12,BIGMVPGNLCXHRW-UHFFFAOYSA-N,IC50,IC50,8.89,10.1016/j.ejmech.2016.09.041,2017,18194996
MAOB_HUMAN_IC50,Human MAO-B,primary,CHEMBL2039,Amine oxidase [flavin-containing] B,Homo sapiens,CHEMBL469571,Cc1cccc(Cl)c1NC(=O)c1cc2ccc(OCc3ccccc3)cc2oc1=O,KZZQPCXGVIZFJB-UHFFFAOYSA-N,IC50,IC50,4.21,10.1021/jm801496u,2009,2411369
MAOB_HUMAN_IC50,Human MAO-B,primary,CHEMBL2039,Amine oxidase [flavin-containing] B,Homo sapiens,CHEMBL3734986,Cc1ccc2oc(=O)c(-c3cccnc3)cc2c1,ZGNNKZMTHVGSGY-UHFFFAOYSA-N,IC50,IC50,5.59,10.1039/C4MD00437J,2015,16386444
MAOB_HUMAN_IC50,Human MAO-B,primary,CHEMBL2039,Amine oxidase [flavin-containing] B,Homo sapiens,CHEMBL4205924,Cc1cccc2cc(-c3ccc(Cl)nn3)c(=O)oc12,ZJONMHHKRXPFOP-UHFFFAOYSA-N,IC50,IC50,4.64,10.1016/j.ejmech.2017.07.045,2017,18517403
MAOB_HUMAN_IC50,Human MAO-B,primary,CHEMBL2039,Amine oxidase [flavin-containing] B,Homo sapiens,CHEMBL1777849,O=c1oc2c(O)cc(Br)cc2cc1-c1ccc(O)cc1,JRNZENXEHYOMCY-UHFFFAOYSA-N,IC50,IC50,4.77,10.1016/j.bmcl.2011.05.074,2011,6260764
MAOB_HUMAN_IC50,Human MAO-B,primary,CHEMBL2039,Amine oxidase [flavin-containing] B,Homo sapiens,CHEMBL4087723,O=c1cc(C(F)(F)F)c2ccc(OCc3ccc(Br)cc3)cc2o1,OYQVJRKBTAURET-UHFFFAOYSA-N,IC50,IC50,6.98,10.1016/j.ejmech.2016.09.041,2017,18194997
MAOB_HUMAN_IC50,Human MAO-B,primary,CHEMBL2039,Amine oxidase [flavin-containing] B,Homo sapiens,CHEMBL512843,Cc1ccc(NC(=O)c2cc3ccccc3oc2=O)cc1,RYYPYTSGWXNKDU-UHFFFAOYSA-N,IC50,IC50,6.15,10.1021/jm801496u,2009,2411340
MAOB_HUMAN_IC50,Human MAO-B,primary,CHEMBL2039,Amine oxidase [flavin-containing] B,Homo sapiens,CHEMBL143555,Cc1c(C)c2ccc(OCc3cccc(C(F)(F)F)c3)cc2oc1=O,LDMBQQOMIBXVPL-UHFFFAOYSA-N,IC50,IC50,8.37,10.1021/jm060441e,2006,1773838
MAOB_HUMAN_IC50,Human MAO-B,primary,CHEMBL2039,Amine oxidase [flavin-containing] B,Homo sapiens,CHEMBL3298602,O=C(Sc1ccc(Br)cc1)c1cc2cc(C(F)(F)F)ccc2oc1=O,NJZMXPMHBBFTCZ-UHFFFAOYSA-N,IC50,IC50,4.82,10.1016/j.bmc.2014.05.002,2014,15044552
MAOB_HUMAN_IC50,Human MAO-B,primary,CHEMBL2039,Amine oxidase [flavin-containing] B,Homo sapiens,CHEMBL4443825,Cc1c(C)c2ccc(OCC3CCCN(Cc4cccc(Br)c4)C3)cc2oc1=O.Cl,OFNUMUQSPCUUJL-UHFFFAOYSA-N,IC50,IC50,6.96,10.1021/acs.jmedchem.6b00562,2016,19406949
MAOB_HUMAN_IC50,Human MAO-B,primary,CHEMBL2039,Amine oxidase [flavin-containing] B,Homo sapiens,CHEMBL5081663,CCN(CCCOc1ccc2c(C)c(C)c(=O)oc2c1)Cc1cccc(F)c1,LMSJPMKZTVCUMM-UHFFFAOYSA-N,IC50,IC50,7.14,10.1021/acs.jmedchem.1c01784,2022,24422247
MAOB_HUMAN_IC50,Human MAO-B,primary,CHEMBL2039,Amine oxidase [flavin-containing] B,Homo sapiens,CHEMBL5090153,CN(Cc1ccc(COc2ccc3c(CO)cc(=O)oc3c2)cc1)Cc1cccc(F)c1,QLJQCJJMXAPXRX-UHFFFAOYSA-N,IC50,IC50,8.0,10.1021/acs.jmedchem.1c01784,2022,24422252
MAOB_HUMAN_IC50,Human MAO-B,primary,CHEMBL2039,Amine oxidase [flavin-containing] B,Homo sapiens,CHEMBL4081648,COc1ccc2oc(=O)c(C(=O)Nc3cccc(O)c3)cc2c1,OUJLIIYZTCMIGQ-UHFFFAOYSA-N,IC50,IC50,6.64,10.1021/acs.jmedchem.7b00918,2017,18187118
MAOB_HUMAN_IC50,Human MAO-B,primary,CHEMBL2039,Amine oxidase [flavin-containing] B,Homo sapiens,CHEMBL3586604,Cc1cc(=O)oc2cc(OCc3ccc(CN(C)Cc4ccc(C#N)cc4)cc3)ccc12.Cl,GJCQKTFYCIYRJB-UHFFFAOYSA-N,IC50,IC50,7.41,10.1021/acs.jmedchem.5b00599,2015,15625522
MAOB_HUMAN_IC50,Human MAO-B,primary,CHEMBL2039,Amine oxidase [flavin-containing] B,Homo sapiens,CHEMBL256699,CCOC(=O)c1cc2ccc(N(CC)CC)cc2oc1=O,MSOLGAJLRIINNF-UHFFFAOYSA-N,IC50,IC50,4.34,10.1016/j.ejmech.2011.07.017,2011,6361444
MAOB_HUMAN_IC50,Human MAO-B,primary,CHEMBL2039,Amine oxidase [flavin-containing] B,Homo sapiens,CHEMBL1830792,CC(=O)c1cc2cccc(O)c2oc1=O,NEEQSYQIMADPQE-UHFFFAOYSA-N,IC50,IC50,4.38,10.1016/j.ejmech.2011.07.017,2011,6361453
MAOB_HUMAN_IC50,Human MAO-B,primary,CHEMBL2039,Amine oxidase [flavin-containing] B,Homo sapiens,CHEMBL4636566,Cc1ccc2cc(C(=O)NCCn3ccc(=O)c(O)c3C)c(=O)oc2c1,ZCTOKGPGFFZTKX-UHFFFAOYSA-N,IC50,IC50,6.79,10.1016/j.bmc.2020.115550,2020,20685913
MAOB_HUMAN_IC50,Human MAO-B,primary,CHEMBL2039,Amine oxidase [flavin-containing] B,Homo sapiens,CHEMBL4068321,O=c1ccc2ccc(OCc3ccc(Br)cc3)cc2o1,XBQHFKZKJXERFF-UHFFFAOYSA-N,IC50,IC50,9.3,10.1016/j.ejmech.2016.09.041,2017,18194960
MAOB_HUMAN_IC50,Human MAO-B,primary,CHEMBL2039,Amine oxidase [flavin-containing] B,Homo sapiens,CHEMBL5085674,Cc1c(C)c2ccc(OCC3CCN(Cc4cccc(C(F)(F)F)c4)CC3)cc2oc1=O,KOLQZDAHCMXISM-UHFFFAOYSA-N,IC50,IC50,6.89,10.1021/acs.jmedchem.1c01784,2022,24422245
MAOB_HUMAN_IC50,Human MAO-B,primary,CHEMBL2039,Amine oxidase [flavin-containing] B,Homo sapiens,CHEMBL1917495,COc1ccc(-c2c(O)c3ccccc3oc2=O)cc1,CERHCYIDWGTRQA-UHFFFAOYSA-N,IC50,IC50,4.16,10.1016/j.bmcl.2011.11.020,2012,7994126
MAOB_HUMAN_IC50,Human MAO-B,primary,CHEMBL2039,Amine oxidase [flavin-containing] B,Homo sapiens,CHEMBL1835326,Cc1ccc2oc(=O)c(-c3cccc(O)c3)cc2c1,MJIWUHDRGWURJW-UHFFFAOYSA-N,IC50,IC50,6.19,10.1021/jm200716y,2011,6383797
MAOB_HUMAN_IC50,Human MAO-B,primary,CHEMBL2039,Amine oxidase [flavin-containing] B,Homo sapiens,CHEMBL4206431,COc1cccc2cc(-c3ccc(Cl)nn3)c(=O)oc12,JTNLHIVGQSXMHQ-UHFFFAOYSA-N,IC50,IC50,4.52,10.1016/j.ejmech.2017.07.045,2017,18517406
MAOB_HUMAN_IC50,Human MAO-B,primary,CHEMBL2039,Amine oxidase [flavin-containing] B,Homo sapiens,CHEMBL4208881,C#CCN(CCCOc1ccc2ccc(=O)oc2c1)Cc1ccc(C)cc1,JSLYSBVDVNJMLV-UHFFFAOYSA-N,IC50,IC50,5.13,10.1016/j.ejmech.2017.07.008,2017,18514934
MAOB_HUMAN_IC50,Human MAO-B,primary,CHEMBL2039,Amine oxidase [flavin-containing] B,Homo sapiens,CHEMBL4211814,C#CCN(CCCCOc1ccc2ccc(=O)oc2c1)Cc1ccc(OC)cc1,KFJNBWOOUKQOTC-UHFFFAOYSA-N,IC50,IC50,5.95,10.1016/j.ejmech.2017.07.008,2017,18514943
MAOB_HUMAN_IC50,Human MAO-B,primary,CHEMBL2039,Amine oxidase [flavin-containing] B,Homo sapiens,CHEMBL3220513,O=C(Nc1cc2ccccc2oc1=O)c1ccc(Cl)c(Cl)c1,VQSVBDYFVMWUHI-UHFFFAOYSA-N,IC50,IC50,5.22,10.1039/C1MD00221J,2012,14552981
MAOB_HUMAN_IC50,Human MAO-B,primary,CHEMBL2039,Amine oxidase [flavin-containing] B,Homo sapiens,CHEMBL3417311,O=c1ccc2ccc(OCCCN3CCN(CCNc4c5c(nc6ccccc46)CCCC5)CC3)cc2o1,RUDSZRKFTPRYSM-UHFFFAOYSA-N,IC50,IC50,5.62,10.1016/j.ejmech.2015.03.040,2015,15219040
MAOB_HUMAN_IC50,Human MAO-B,primary,CHEMBL2039,Amine oxidase [flavin-containing] B,Homo sapiens,CHEMBL4570780,CCc1c(O)c(=O)ccn1Cc1cc2ccc(OCc3cccc(F)c3)cc2oc1=O,MVLRPJXSLRLXSZ-UHFFFAOYSA-N,IC50,IC50,6.58,10.1016/j.ejmech.2019.07.031,2019,19098405
MAOB_HUMAN_IC50,Human MAO-B,primary,CHEMBL2039,Amine oxidase [flavin-containing] B,Homo sapiens,CHEMBL4474002,Cc1cc(O)cc2oc(=O)c(C(=O)CCN3CCOCC3)cc12.Cl,DRZABVTVNSKFGY-UHFFFAOYSA-N,IC50,IC50,4.44,10.1016/j.ejmech.2019.04.016,2019,19030122
MAOB_HUMAN_IC50,Human MAO-B,primary,CHEMBL2039,Amine oxidase [flavin-containing] B,Homo sapiens,CHEMBL4093982,O=c1cc(C(F)(F)F)c2ccc(OCCN3CCC(Cc4ccccc4)CC3)cc2o1,UPGSIJLGNUKGMV-UHFFFAOYSA-N,IC50,IC50,5.27,10.1016/j.ejmech.2016.09.041,2017,18195008
MAOB_HUMAN_IC50,Human MAO-B,primary,CHEMBL2039,Amine oxidase [flavin-containing] B,Homo sapiens,CHEMBL4060398,Cc1c(C#N)c(=O)oc2cc(OCc3ccc(Cl)cc3)ccc12,NPFLYKNCEWYOLO-UHFFFAOYSA-N,IC50,IC50,7.89,10.1016/j.ejmech.2016.09.041,2017,18194999
MAOB_HUMAN_IC50,Human MAO-B,primary,CHEMBL2039,Amine oxidase [flavin-containing] B,Homo sapiens,CHEMBL4067432,Cc1c(Cl)c(=O)oc2cc(OCCN3CCC(Cc4ccccc4)CC3)ccc12,YIBRRLAMNLXGFL-UHFFFAOYSA-N,IC50,IC50,6.54,10.1016/j.ejmech.2016.09.041,2017,18195006
MAOB_HUMAN_IC50,Human MAO-B,primary,CHEMBL2039,Amine oxidase [flavin-containing] B,Homo sapiens,CHEMBL4210766,C#CCN(CCOc1ccc2ccc(=O)oc2c1)Cc1ccc(C)cc1,HDQNKCLFEJDAEM-UHFFFAOYSA-N,IC50,IC50,5.25,10.1016/j.ejmech.2017.07.008,2017,18514927
MAOB_HUMAN_IC50,Human MAO-B,primary,CHEMBL2039,Amine oxidase [flavin-containing] B,Homo sapiens,CHEMBL3121791,C#CCCCCOc1ccc2c(C)cc(=O)oc2c1,AIECALGLXZTSBK-UHFFFAOYSA-N,IC50,IC50,9.11,10.1016/j.bmc.2014.01.046,2014,13935925
MAOB_HUMAN_IC50,Human MAO-B,primary,CHEMBL2039,Amine oxidase [flavin-containing] B,Homo sapiens,CHEMBL4213874,Cc1ccc(C[n+]2ccc(COc3ccc4c(C)cc(=O)oc4c3)cc2)cc1.[Br-],VVLYCEJFLDQNDK-UHFFFAOYSA-M,IC50,IC50,5.41,10.1016/j.ejmech.2017.07.055,2017,18517503
MAOB_HUMAN_IC50,Human MAO-B,primary,CHEMBL2039,Amine oxidase [flavin-containing] B,Homo sapiens,CHEMBL4205110,Cc1cc(=O)oc2cc(OCc3cc[n+](Cc4cccc([N+](=O)[O-])c4)cc3)ccc12.[Br-],UMMRLRFPUSAQBS-UHFFFAOYSA-M,IC50,IC50,5.54,10.1016/j.ejmech.2017.07.055,2017,18517507
MAOB_HUMAN_IC50,Human MAO-B,primary,CHEMBL2039,Amine oxidase [flavin-containing] B,Homo sapiens,CHEMBL5394729,Cc1cc(=O)oc2c(NC(=O)c3cccnc3)c(O)ccc12,JBWXBKQTLRGCHF-UHFFFAOYSA-N,IC50,IC50,5.12,10.1016/j.ejmech.2023.115091,2023,25461209
MAOB_HUMAN_IC50,Human MAO-B,primary,CHEMBL2039,Amine oxidase [flavin-containing] B,Homo sapiens,CHEMBL3629810,CCOc1ccc2cc(C(=O)/C=C/c3c(/C=C/c4ccc(OC)cc4)cc(OC)cc3OC)c(=O)oc2c1,OPBBATLHCQZDGD-NUFNZXCZSA-N,IC50,IC50,4.32,10.1016/j.ejmech.2015.08.055,2015,15758480
MAOB_HUMAN_IC50,Human MAO-B,primary,CHEMBL2039,Amine oxidase [flavin-containing] B,Homo sapiens,CHEMBL526897,O=C(NNc1ccccc1)c1cc2ccc(OCc3ccccc3)cc2oc1=O,OSWDDFNVOXEAGK-UHFFFAOYSA-N,IC50,IC50,5.34,10.1021/jm801496u,2009,2411373
MAOB_HUMAN_IC50,Human MAO-B,primary,CHEMBL2039,Amine oxidase [flavin-containing] B,Homo sapiens,CHEMBL4446787,Cc1c(C)c2ccc(OCC3CCCN(Cc4ccc(Cl)cc4)C3)cc2oc1=O.Cl,YWUJHMBDKFPLCN-UHFFFAOYSA-N,IC50,IC50,7.3,10.1021/acs.jmedchem.6b00562,2016,19406953
MAOB_HUMAN_IC50,Human MAO-B,primary,CHEMBL2039,Amine oxidase [flavin-containing] B,Homo sapiens,CHEMBL3297870,O=C(Sc1ccc(Br)cc1)c1cc2cc([N+](=O)[O-])ccc2oc1=O,TTXGVRGMPBRJBS-UHFFFAOYSA-N,IC50,IC50,4.68,10.1016/j.bmc.2014.05.002,2014,15044550
MAOB_HUMAN_IC50,Human MAO-B,primary,CHEMBL2039,Amine oxidase [flavin-containing] B,Homo sapiens,CHEMBL448696,CN(C(=O)c1cc2ccccc2oc1=O)c1ccccc1,JRUWEFVSUSZZHI-UHFFFAOYSA-N,IC50,IC50,5.05,10.1021/jm801496u,2009,2411363
MAOB_HUMAN_IC50,Human MAO-B,primary,CHEMBL2039,Amine oxidase [flavin-containing] B,Homo sapiens,CHEMBL3121788,C#CCCCCOc1ccc2cc(NC(C)=O)c(=O)oc2c1,XRCONYIDVYDCMZ-UHFFFAOYSA-N,IC50,IC50,7.38,10.1016/j.bmc.2014.01.046,2014,13935928
MAOB_HUMAN_IC50,Human MAO-B,primary,CHEMBL2039,Amine oxidase [flavin-containing] B,Homo sapiens,CHEMBL3220508,COc1ccc(C(=O)Nc2cc3ccccc3oc2=O)cc1,PLTMDSCMMLSMDS-UHFFFAOYSA-N,IC50,IC50,4.52,10.1039/C1MD00221J,2012,14552977
MAOB_HUMAN_IC50,Human MAO-B,primary,CHEMBL2039,Amine oxidase [flavin-containing] B,Homo sapiens,CHEMBL3220511,COc1ccc(C(=O)Nc2cc3ccccc3oc2=O)cc1OC,QLBYTIGTWSJNIL-UHFFFAOYSA-N,IC50,IC50,4.23,10.1039/C1MD00221J,2012,14552979
MAOB_HUMAN_IC50,Human MAO-B,primary,CHEMBL2039,Amine oxidase [flavin-containing] B,Homo sapiens,CHEMBL5569594,CN(CCc1ccsc1)Cc1ccc(COc2ccc3c(CO)cc(=O)oc3c2)cc1,LTYPAYZWLRWYFM-UHFFFAOYSA-N,IC50,IC50,7.7,10.1016/j.ejmech.2024.116511,2024,25998579
MAOB_HUMAN_IC50,Human MAO-B,primary,CHEMBL2039,Amine oxidase [flavin-containing] B,Homo sapiens,CHEMBL83294,O=C(O)c1cc2ccccc2oc1=O,ACMLKANOGIVEPB-UHFFFAOYSA-N,IC50,IC50,7.76,10.1016/j.bmc.2013.02.017,2013,13281004
MAOB_HUMAN_IC50,Human MAO-B,primary,CHEMBL2039,Amine oxidase [flavin-containing] B,Homo sapiens,CHEMBL3261208,COc1ccccc1NC(=O)c1cc2cc([N+](=O)[O-])ccc2oc1=O,AUAFLPLDIXTQII-UHFFFAOYSA-N,IC50,IC50,4.3,10.1016/j.ejmech.2014.04.060,2014,14662199
MAOB_HUMAN_IC50,Human MAO-B,primary,CHEMBL2039,Amine oxidase [flavin-containing] B,Homo sapiens,CHEMBL5219483,Cc1c(Cl)c(=O)oc2cc(OCCCCSC(=S)N3C(C)CCCC3C)ccc12,IKYVMKQIWKXWDL-UHFFFAOYSA-N,IC50,IC50,7.0,10.1016/j.ejmech.2022.114606,2022,24963335
MAOB_HUMAN_IC50,Human MAO-B,primary,CHEMBL2039,Amine oxidase [flavin-containing] B,Homo sapiens,CHEMBL5219483,Cc1c(Cl)c(=O)oc2cc(OCCCCSC(=S)N3C(C)CCCC3C)ccc12,IKYVMKQIWKXWDL-UHFFFAOYSA-N,IC50,IC50,7.0,10.1016/j.ejmech.2020.112787,2020,24995649
MAOB_HUMAN_IC50,Human MAO-B,primary,CHEMBL2039,Amine oxidase [flavin-containing] B,Homo sapiens,CHEMBL494795,O=C(Nc1ccccc1)c1cc2ccccc2oc1=O,IMFBGZCBLOPVCJ-UHFFFAOYSA-N,IC50,IC50,6.12,10.1021/jm801496u,2009,2411334
MAOB_HUMAN_IC50,Human MAO-B,primary,CHEMBL2039,Amine oxidase [flavin-containing] B,Homo sapiens,CHEMBL5569900,CN(Cc1ccncc1)Cc1ccc(COc2ccc3c(CO)cc(=O)oc3c2)cc1,FDGRCZWNUUYVET-UHFFFAOYSA-N,IC50,IC50,7.28,10.1016/j.ejmech.2024.116511,2024,25998576
MAOB_HUMAN_IC50,Human MAO-B,primary,CHEMBL2039,Amine oxidase [flavin-containing] B,Homo sapiens,CHEMBL1221982,COc1cc(-c2cc3cc(C)cc(Br)c3oc2=O)cc(OC)c1OC,VWKQTQVNQOYLAC-UHFFFAOYSA-N,IC50,IC50,5.31,10.1016/j.bmcl.2010.07.013,2010,3424173
MAOB_HUMAN_IC50,Human MAO-B,primary,CHEMBL2039,Amine oxidase [flavin-containing] B,Homo sapiens,CHEMBL4580963,Cc1c(C)c2ccc(OCC3CCN(CCCCO)CC3)cc2oc1=O,VTPAGWWPFBCDCN-UHFFFAOYSA-N,IC50,IC50,5.44,10.1016/j.ejmech.2018.10.016,2019,18936918
MAOB_HUMAN_IC50,Human MAO-B,primary,CHEMBL2039,Amine oxidase [flavin-containing] B,Homo sapiens,CHEMBL3394535,Cc1c(Cl)c(=O)oc2cc(/N=C/c3ccc(O)cc3O)ccc12,BXDYWOFAIZTMKD-UFWORHAWSA-N,IC50,IC50,5.89,10.1016/j.bmcl.2014.12.034,2015,15144173
MAOB_HUMAN_IC50,Human MAO-B,primary,CHEMBL2039,Amine oxidase [flavin-containing] B,Homo sapiens,CHEMBL3735625,Cc1ccc(S(=O)(=O)Oc2cccc(-c3cc4cc(C)ccc4oc3=O)c2)cc1,RAYARSWFEGXLQO-UHFFFAOYSA-N,IC50,IC50,6.51,10.1039/C4MD00437J,2015,16386435
MAOB_HUMAN_IC50,Human MAO-B,primary,CHEMBL2039,Amine oxidase [flavin-containing] B,Homo sapiens,CHEMBL3764408,O=c1cc(C(F)(F)F)c2ccc(OCCNC3CCN(Cc4ccccc4)CC3)cc2o1,FDDWWWOIEISVTE-UHFFFAOYSA-N,IC50,IC50,4.54,10.1016/j.bmc.2016.02.023,2016,16481091
MAOB_HUMAN_IC50,Human MAO-B,primary,CHEMBL2039,Amine oxidase [flavin-containing] B,Homo sapiens,CHEMBL3765760,O=c1ccc2ccc(OCCNCCC3CCN(Cc4ccccc4)CC3)cc2o1,OLXGWSKUULDSEJ-UHFFFAOYSA-N,IC50,IC50,4.52,10.1016/j.bmc.2016.02.023,2016,16481086
MAOB_HUMAN_IC50,Human MAO-B,primary,CHEMBL2039,Amine oxidase [flavin-containing] B,Homo sapiens,CHEMBL3764211,Cc1cc(=O)oc2cc(CNCCC3CCN(Cc4ccccc4)CC3)ccc12,HZEOKPNLIUABIQ-UHFFFAOYSA-N,IC50,IC50,4.39,10.1016/j.bmc.2016.02.023,2016,16481098
MAOB_HUMAN_IC50,Human MAO-B,primary,CHEMBL2039,Amine oxidase [flavin-containing] B,Homo sapiens,CHEMBL2376508,O=C(Cl)c1cc2cc(Cl)ccc2oc1=O,RLMRYRFPMMGSAT-UHFFFAOYSA-N,IC50,IC50,8.0,10.1016/j.bmc.2013.02.017,2013,13281002
MAOB_HUMAN_IC50,Human MAO-B,primary,CHEMBL2039,Amine oxidase [flavin-containing] B,Homo sapiens,CHEMBL3394536,O=c1oc2cc(/N=C/c3ccc(O)cc3O)ccc2c2c1CCCC2,MTOUBLIRCKVZAT-SRZZPIQSSA-N,IC50,IC50,5.47,10.1016/j.bmcl.2014.12.034,2015,15144172
MAOB_HUMAN_IC50,Human MAO-B,primary,CHEMBL2039,Amine oxidase [flavin-containing] B,Homo sapiens,CHEMBL3297792,O=C(SCc1ccco1)c1cc2ccccc2oc1=O,HXQDHFZVEJQXCE-UHFFFAOYSA-N,IC50,IC50,6.68,10.1016/j.bmc.2014.05.002,2014,15044545
MAOB_HUMAN_IC50,Human MAO-B,primary,CHEMBL2039,Amine oxidase [flavin-containing] B,Homo sapiens,CHEMBL5081574,Cc1c(C)c2ccc(OCC3CCN(CCCC(F)F)CC3)cc2oc1=O,NQNJDDJLRMICLQ-UHFFFAOYSA-N,IC50,IC50,6.28,10.1021/acs.jmedchem.1c01784,2022,24422246
MAOB_HUMAN_IC50,Human MAO-B,primary,CHEMBL2039,Amine oxidase [flavin-containing] B,Homo sapiens,CHEMBL5082824,CN(CCCC(F)F)Cc1ccc(COc2ccc3c(CO)cc(=O)oc3c2)cc1,HUXCCRUQLRWJNF-UHFFFAOYSA-N,IC50,IC50,8.09,10.1021/acs.jmedchem.1c01784,2022,24422251
MAOB_HUMAN_IC50,Human MAO-B,primary,CHEMBL2039,Amine oxidase [flavin-containing] B,Homo sapiens,CHEMBL1830796,CC(=O)c1cc2cc(Cl)cc(Br)c2oc1=O,AXGMOTRSYFBQBG-UHFFFAOYSA-N,IC50,IC50,6.85,10.1016/j.ejmech.2011.07.017,2011,6361417
MAOB_HUMAN_IC50,Human MAO-B,primary,CHEMBL2039,Amine oxidase [flavin-containing] B,Homo sapiens,CHEMBL5083014,Cc1c(C)c2ccc(OCC3CCCN(Cc4cccc(F)c4)C3)cc2oc1=O,RWXZXJNJQZFMAE-UHFFFAOYSA-N,IC50,IC50,7.92,10.1021/acs.jmedchem.1c01784,2022,24422242
MAOB_HUMAN_IC50,Human MAO-B,primary,CHEMBL2039,Amine oxidase [flavin-containing] B,Homo sapiens,CHEMBL3121795,COC(=O)c1cc2ccc(OCCc3ccc(Cl)cc3)cc2oc1=O,BCJKVIGAOPGVQV-UHFFFAOYSA-N,IC50,IC50,8.85,10.1016/j.bmc.2014.01.046,2014,13935921
MAOB_HUMAN_IC50,Human MAO-B,primary,CHEMBL2039,Amine oxidase [flavin-containing] B,Homo sapiens,CHEMBL3394534,Cc1c(C)c2ccc(/N=C/c3ccc(O)cc3O)cc2oc1=O,NPWWMJDEQZUQBN-DJKKODMXSA-N,IC50,IC50,6.43,10.1016/j.bmcl.2014.12.034,2015,15144174
MAOB_HUMAN_IC50,Human MAO-B,primary,CHEMBL2039,Amine oxidase [flavin-containing] B,Homo sapiens,CHEMBL3394529,Cc1cc(=O)oc2cc(/N=C/c3ccc(Br)cc3O)ccc12,FPMYOMFCXPAASN-DJKKODMXSA-N,IC50,IC50,6.41,10.1016/j.bmcl.2014.12.034,2015,15144179
MAOB_HUMAN_IC50,Human MAO-B,primary,CHEMBL2039,Amine oxidase [flavin-containing] B,Homo sapiens,CHEMBL3261210,O=C(Nc1cccc(C(F)(F)F)c1)c1cc2cc([N+](=O)[O-])ccc2oc1=O,POVJWOJAUQFYHL-UHFFFAOYSA-N,IC50,IC50,4.64,10.1016/j.ejmech.2014.04.060,2014,14662201
MAOB_HUMAN_IC50,Human MAO-B,primary,CHEMBL2039,Amine oxidase [flavin-containing] B,Homo sapiens,CHEMBL348922,Cc1c(C)c2ccc(NCc3ccccc3)cc2oc1=O,ZGGFUBONROMQTB-UHFFFAOYSA-N,IC50,IC50,8.86,10.1021/jm060441e,2006,1773854
MAOB_HUMAN_IC50,Human MAO-B,primary,CHEMBL2039,Amine oxidase [flavin-containing] B,Homo sapiens,CHEMBL3261198,Cc1ccccc1NC(=O)c1cc2ccccc2oc1=O,DJKXRXIFWJQHTK-UHFFFAOYSA-N,IC50,IC50,5.53,10.1016/j.ejmech.2014.04.060,2014,14662188
MAOB_HUMAN_IC50,Human MAO-B,primary,CHEMBL2039,Amine oxidase [flavin-containing] B,Homo sapiens,CHEMBL4216146,C#CCN(CCOc1ccc2ccc(=O)oc2c1)Cc1ccc(OC)cc1,YUBVIFPCNJUNOC-UHFFFAOYSA-N,IC50,IC50,5.45,10.1016/j.ejmech.2017.07.008,2017,18514929
MAOB_HUMAN_IC50,Human MAO-B,primary,CHEMBL2039,Amine oxidase [flavin-containing] B,Homo sapiens,CHEMBL488075,C=C(Br)COc1ccc2c3c(c(=O)oc2c1C)CCCC3,DDSCUTPYQTUYIQ-UHFFFAOYSA-N,IC50,IC50,6.63,10.1021/jm800656v,2008,2592795
MAOB_HUMAN_IC50,Human MAO-B,primary,CHEMBL2039,Amine oxidase [flavin-containing] B,Homo sapiens,CHEMBL1830795,CC(=O)c1cc2cc(Cl)ccc2oc1=O,VYMAEQZQRVDKQZ-UHFFFAOYSA-N,IC50,IC50,4.75,10.1016/j.ejmech.2011.07.017,2011,6361431
MAOB_HUMAN_IC50,Human MAO-B,primary,CHEMBL2039,Amine oxidase [flavin-containing] B,Homo sapiens,CHEMBL469782,COc1ccc(NC(=O)c2cc3ccc(OCc4ccccc4)cc3oc2=O)cc1OC,YCZCJFXNAXPIJI-UHFFFAOYSA-N,IC50,IC50,5.36,10.1021/jm801496u,2009,2411370
MAOB_HUMAN_IC50,Human MAO-B,primary,CHEMBL2039,Amine oxidase [flavin-containing] B,Homo sapiens,CHEMBL3417305,O=c1ccc2ccc(OCCCCN3CCN(CCCNc4c5c(nc6ccccc46)CCCC5)CC3)cc2o1,IWYTZZGVDJBXMG-UHFFFAOYSA-N,IC50,IC50,5.46,10.1016/j.ejmech.2015.03.040,2015,15219046
MAOB_HUMAN_IC50,Human MAO-B,primary,CHEMBL2039,Amine oxidase [flavin-containing] B,Homo sapiens,CHEMBL5571218,NS(=O)(=O)c1ccc(COc2ccc3c(CO)cc(=O)oc3c2)cc1,RPXIWRKRGGGCJD-UHFFFAOYSA-N,IC50,IC50,8.1,10.1021/acs.jmedchem.4c00045,2024,25934274
MAOB_HUMAN_IC50,Human MAO-B,primary,CHEMBL2039,Amine oxidase [flavin-containing] B,Homo sapiens,CHEMBL5572513,COc1ccc2cc(C(=O)Nc3ccc(S(N)(=O)=O)cc3F)c(=O)oc2c1,MZFAQSYLCWEJNB-UHFFFAOYSA-N,IC50,IC50,7.83,10.1021/acs.jmedchem.4c00045,2024,25934246
MAOB_HUMAN_IC50,Human MAO-B,primary,CHEMBL2039,Amine oxidase [flavin-containing] B,Homo sapiens,CHEMBL3736303,Cc1ccc2oc(=O)c(-c3ccccc3OCc3cccc(F)c3)cc2c1,CAJALORJXATDKF-UHFFFAOYSA-N,IC50,IC50,6.6,10.1039/C4MD00437J,2015,16386440
MAOB_HUMAN_IC50,Human MAO-B,primary,CHEMBL2039,Amine oxidase [flavin-containing] B,Homo sapiens,CHEMBL2376888,CC(C)COC(=O)Nc1cc2ccccc2oc1=O,WJDOZVLLYHCHJG-UHFFFAOYSA-N,IC50,IC50,6.73,10.1016/j.ejmech.2013.02.009,2013,13279552
MAOB_HUMAN_IC50,Human MAO-B,primary,CHEMBL2039,Amine oxidase [flavin-containing] B,Homo sapiens,CHEMBL122239,Cc1cc2ccc(OC/C=C/C3=CC(=O)C(C)(C)O3)cc2oc1=O,CHXMFWDKTPCGAG-SNAWJCMRSA-N,IC50,IC50,6.23,10.1016/s0960-894x(02)00798-9,2002,956265
MAOB_HUMAN_IC50,Human MAO-B,primary,CHEMBL2039,Amine oxidase [flavin-containing] B,Homo sapiens,CHEMBL488063,COc1c(OCC(C)=O)ccc2c3c(c(=O)oc12)CCCC3,LJECJUBXWWXOGP-UHFFFAOYSA-N,IC50,IC50,4.92,10.1021/jm800656v,2008,2592797
MAOB_HUMAN_IC50,Human MAO-B,primary,CHEMBL2039,Amine oxidase [flavin-containing] B,Homo sapiens,CHEMBL4642176,Cc1c(O)c(=O)ccn1CCNC(=O)c1cc2ccc(OCc3ccc(C(F)(F)F)cc3)cc2oc1=O,AEILEBXCHOBHHD-UHFFFAOYSA-N,IC50,IC50,6.93,10.1016/j.bmc.2020.115550,2020,20685925
MAOB_HUMAN_IC50,Human MAO-B,primary,CHEMBL2039,Amine oxidase [flavin-containing] B,Homo sapiens,CHEMBL1761759,O=c1oc2ccccc2cc1-c1c[nH]c2ccccc12,SJINJRAEKWXGKE-UHFFFAOYSA-N,IC50,IC50,5.72,10.1016/j.ejmech.2011.01.033,2011,6153443
MAOB_HUMAN_IC50,Human MAO-B,primary,CHEMBL2039,Amine oxidase [flavin-containing] B,Homo sapiens,CHEMBL488074,C=C(Br)COc1ccc2c3c(c(=O)oc2c1C)CCC3,YYCVYQFOKOFZJE-UHFFFAOYSA-N,IC50,IC50,8.93,10.1021/jm800656v,2008,2592796
MAOB_HUMAN_IC50,Human MAO-B,primary,CHEMBL2039,Amine oxidase [flavin-containing] B,Homo sapiens,CHEMBL325761,Cc1c(C)c2ccc(OCc3ccc(F)c(F)c3)cc2oc1=O,OAIPPRYRUKGVPD-UHFFFAOYSA-N,IC50,IC50,8.96,10.1039/C5MD00357A,2015,16490829
MAOB_HUMAN_IC50,Human MAO-B,primary,CHEMBL2039,Amine oxidase [flavin-containing] B,Homo sapiens,CHEMBL325761,Cc1c(C)c2ccc(OCc3ccc(F)c(F)c3)cc2oc1=O,OAIPPRYRUKGVPD-UHFFFAOYSA-N,IC50,IC50,8.94,10.1016/j.bmc.2013.02.017,2013,13281005
MAOB_HUMAN_IC50,Human MAO-B,primary,CHEMBL2039,Amine oxidase [flavin-containing] B,Homo sapiens,CHEMBL325761,Cc1c(C)c2ccc(OCc3ccc(F)c(F)c3)cc2oc1=O,OAIPPRYRUKGVPD-UHFFFAOYSA-N,IC50,IC50,8.37,10.1016/j.bmc.2016.09.050,2016,16766894
MAOB_HUMAN_IC50,Human MAO-B,primary,CHEMBL2039,Amine oxidase [flavin-containing] B,Homo sapiens,CHEMBL1835327,Cc1ccc2oc(=O)c(-c3ccccc3O)cc2c1,VYUCQCYEELXDIN-UHFFFAOYSA-N,IC50,IC50,6.92,10.1021/jm200716y,2011,6383798
MAOB_HUMAN_IC50,Human MAO-B,primary,CHEMBL2039,Amine oxidase [flavin-containing] B,Homo sapiens,CHEMBL3113638,O=C(O)c1cc2cc([N+](=O)[O-])ccc2oc1=O,VZOCWMKJXRWWFI-UHFFFAOYSA-N,IC50,IC50,7.71,10.1016/j.ejmech.2013.11.035,2014,13920877
MAOB_HUMAN_IC50,Human MAO-B,primary,CHEMBL2039,Amine oxidase [flavin-containing] B,Homo sapiens,CHEMBL5403314,Cc1cc(=O)oc2c(NC(=O)C3CCCCC3)c(O)ccc12,MQMKLDNZGHRIKR-UHFFFAOYSA-N,IC50,IC50,4.3,10.1016/j.ejmech.2023.115091,2023,25461199
MAOB_HUMAN_IC50,Human MAO-B,primary,CHEMBL2039,Amine oxidase [flavin-containing] B,Homo sapiens,CHEMBL3121775,C#CCCCOc1ccc2cc(C(=O)OC)c(=O)oc2c1,KYRWDFRKPXTVBN-UHFFFAOYSA-N,IC50,IC50,7.08,10.1016/j.bmc.2014.01.046,2014,13935942
MAOB_HUMAN_IC50,Human MAO-B,primary,CHEMBL2039,Amine oxidase [flavin-containing] B,Homo sapiens,CHEMBL5090504,Cc1c(C)c2ccc(OCC3CCN(Cc4cccc(F)c4)CC3)cc2oc1=O,RYVDJROSDCHIPC-UHFFFAOYSA-N,IC50,IC50,6.85,10.1021/acs.jmedchem.1c01784,2022,24422244
MAOB_HUMAN_IC50,Human MAO-B,primary,CHEMBL2039,Amine oxidase [flavin-containing] B,Homo sapiens,CHEMBL1835226,CC(=O)COc1ccc2oc(=O)c(-c3ccc(C)cc3)cc2c1,DUIUWPGAKIPAND-UHFFFAOYSA-N,IC50,IC50,5.26,10.1021/jm200716y,2011,6383783
MAOB_HUMAN_IC50,Human MAO-B,primary,CHEMBL2039,Amine oxidase [flavin-containing] B,Homo sapiens,CHEMBL512703,CC(C)c1ccc(NC(=O)c2cc3ccc(OCc4ccccc4)cc3oc2=O)cc1,NOWKVFZIFYZZQO-UHFFFAOYSA-N,IC50,IC50,5.43,10.1021/jm801496u,2009,2411366
MAOB_HUMAN_IC50,Human MAO-B,primary,CHEMBL2039,Amine oxidase [flavin-containing] B,Homo sapiens,CHEMBL1777847,O=c1oc2c(O)cc(Br)cc2cc1-c1ccccc1,VJODWGRJELWWFQ-UHFFFAOYSA-N,IC50,IC50,4.51,10.1016/j.bmcl.2011.05.074,2011,6260768
MAOB_HUMAN_IC50,Human MAO-B,primary,CHEMBL2039,Amine oxidase [flavin-containing] B,Homo sapiens,CHEMBL5284393,Cc1cc(=O)c(O)c(CO)n1CCCn1cc(COc2cc3ccccc3oc2=O)nn1,KGEFCJWVCMQACO-UHFFFAOYSA-N,IC50,IC50,6.17,10.1016/j.ejmech.2022.114655,2022,25577921
MAOB_HUMAN_IC50,Human MAO-B,primary,CHEMBL2039,Amine oxidase [flavin-containing] B,Homo sapiens,CHEMBL5284393,Cc1cc(=O)c(O)c(CO)n1CCCn1cc(COc2cc3ccccc3oc2=O)nn1,KGEFCJWVCMQACO-UHFFFAOYSA-N,IC50,IC50,6.07,10.1039/d2md00175f,2022,25036609
MAOB_HUMAN_IC50,Human MAO-B,primary,CHEMBL2039,Amine oxidase [flavin-containing] B,Homo sapiens,CHEMBL4468552,Cc1cc(=O)oc2cc(OCC3CCN(Cc4cccc(CO)c4)CC3)ccc12,XLMQLJNHGAXCAD-UHFFFAOYSA-N,IC50,IC50,6.32,10.1016/j.ejmech.2018.10.016,2019,18936912
MAOB_HUMAN_IC50,Human MAO-B,primary,CHEMBL2039,Amine oxidase [flavin-containing] B,Homo sapiens,CHEMBL4586509,Cc1cc2ccc(OCC3CCN(Cc4ccc(CO)cc4)CC3)cc2oc1=O,DLNHNGYHCSSOLK-UHFFFAOYSA-N,IC50,IC50,5.51,10.1016/j.ejmech.2018.10.016,2019,18936913
MAOB_HUMAN_IC50,Human MAO-B,primary,CHEMBL2039,Amine oxidase [flavin-containing] B,Homo sapiens,CHEMBL3764762,Cc1c(Cl)c(=O)oc2cc(OCCNC3CCN(Cc4ccccc4)CC3)ccc12,UUZIPHVUUZOBHC-UHFFFAOYSA-N,IC50,IC50,4.83,10.1016/j.bmc.2016.02.023,2016,16481095
MAOB_HUMAN_IC50,Human MAO-B,primary,CHEMBL2039,Amine oxidase [flavin-containing] B,Homo sapiens,CHEMBL4598256,Cc1c(C)c2ccc(OCC3CCN(Cc4ccccc4)CC3)cc2oc1=O,MWFBGTXYOJLQIW-UHFFFAOYSA-N,IC50,IC50,6.96,10.1021/acs.jmedchem.1c01784,2022,24422258
MAOB_HUMAN_IC50,Human MAO-B,primary,CHEMBL2039,Amine oxidase [flavin-containing] B,Homo sapiens,CHEMBL5083737,Cc1c(C)c2ccc(OCc3cccc(CN(C)CCCC(F)F)c3)cc2oc1=O,JFBYGVYECDFTLS-UHFFFAOYSA-N,IC50,IC50,6.25,10.1021/acs.jmedchem.1c01784,2022,24422249
MAOB_HUMAN_IC50,Human MAO-B,primary,CHEMBL2039,Amine oxidase [flavin-containing] B,Homo sapiens,CHEMBL333655,CC1(C)OC(/C=C/COc2ccc3ccc(=O)oc3c2)=CC1=O,BAELQMYRLYWOLC-ONEGZZNKSA-N,IC50,IC50,7.55,10.1016/s0960-894x(02)00798-9,2002,981336
MAOB_HUMAN_IC50,Human MAO-B,primary,CHEMBL2039,Amine oxidase [flavin-containing] B,Homo sapiens,CHEMBL333655,CC1(C)OC(/C=C/COc2ccc3ccc(=O)oc3c2)=CC1=O,BAELQMYRLYWOLC-ONEGZZNKSA-N,IC50,IC50,7.55,10.1016/j.bmc.2013.02.017,2013,13281006
MAOB_HUMAN_IC50,Human MAO-B,primary,CHEMBL2039,Amine oxidase [flavin-containing] B,Homo sapiens,CHEMBL4217755,Cc1cc(=O)oc2cc(OCc3cc[n+](Cc4ccc(F)cc4)cc3)ccc12.[Br-],PDFLRMDYGUHWFB-UHFFFAOYSA-M,IC50,IC50,5.0,10.1016/j.ejmech.2017.07.055,2017,18517500
MAOB_HUMAN_IC50,Human MAO-B,primary,CHEMBL2039,Amine oxidase [flavin-containing] B,Homo sapiens,CHEMBL3121794,COC(=O)c1cc2cc(OCc3cccc(Cl)c3)ccc2oc1=O,BFOVVXJCRXPHLJ-UHFFFAOYSA-N,IC50,IC50,7.5,10.1016/j.bmc.2014.01.046,2014,13935922
MAOB_HUMAN_IC50,Human MAO-B,primary,CHEMBL2039,Amine oxidase [flavin-containing] B,Homo sapiens,CHEMBL3121786,C#CCCCCOc1ccc2cc(C(=O)c3ccc(OC)cc3)c(=O)oc2c1,CNLMPWJAUKSVMA-UHFFFAOYSA-N,IC50,IC50,7.17,10.1016/j.bmc.2014.01.046,2014,13935930
MAOB_HUMAN_IC50,Human MAO-B,primary,CHEMBL2039,Amine oxidase [flavin-containing] B,Homo sapiens,CHEMBL1830815,CCOC(=O)c1cc2ccc(OCc3cccc(Cl)c3)cc2oc1=O,MMWXNBGCSAZEPR-UHFFFAOYSA-N,IC50,IC50,7.21,10.1016/j.ejmech.2011.07.017,2011,6361470
MAOB_HUMAN_IC50,Human MAO-B,primary,CHEMBL2039,Amine oxidase [flavin-containing] B,Homo sapiens,CHEMBL1830818,CCOC(=O)c1cc2ccc(OC3CCCCCC3)cc2oc1=O,NJYUFSPLSXCNJO-UHFFFAOYSA-N,IC50,IC50,7.67,10.1016/j.ejmech.2011.07.017,2011,6361469
MAOB_HUMAN_IC50,Human MAO-B,primary,CHEMBL2039,Amine oxidase [flavin-containing] B,Homo sapiens,CHEMBL5434620,Cc1cc(=O)oc2c(NC(=O)CCl)c(O)ccc12,VEZMHMJDTUSVLM-UHFFFAOYSA-N,IC50,IC50,4.07,10.1016/j.ejmech.2023.115091,2023,25461196
MAOB_HUMAN_IC50,Human MAO-B,primary,CHEMBL2039,Amine oxidase [flavin-containing] B,Homo sapiens,CHEMBL1835224,COc1ccc2oc(=O)c(-c3ccc(C)cc3)cc2c1,DGCAQQRTNOKFHK-UHFFFAOYSA-N,IC50,IC50,8.82,10.1021/jm200716y,2011,6383781
MAOB_HUMAN_IC50,Human MAO-B,primary,CHEMBL2039,Amine oxidase [flavin-containing] B,Homo sapiens,CHEMBL510349,O=c1oc2ccccc2cc1-c1ccccc1,HWDSXZLYIKESML-UHFFFAOYSA-N,IC50,IC50,4.93,10.1039/C1MD00221J,2012,14552971
MAOB_HUMAN_IC50,Human MAO-B,primary,CHEMBL2039,Amine oxidase [flavin-containing] B,Homo sapiens,CHEMBL472638,NCCNC(=O)c1cc2ccccc2oc1=O,ZZZHRZHNTZJEMF-UHFFFAOYSA-N,IC50,IC50,5.12,10.1021/jm801496u,2009,2411333
MAOB_HUMAN_IC50,Human MAO-B,primary,CHEMBL2039,Amine oxidase [flavin-containing] B,Homo sapiens,CHEMBL508698,O=C(Nc1cccc(F)c1)c1cc2ccccc2oc1=O,WBIXRKMWHQWRMJ-UHFFFAOYSA-N,IC50,IC50,6.6,10.1021/jm801496u,2009,2411338
MAOB_HUMAN_IC50,Human MAO-B,primary,CHEMBL2039,Amine oxidase [flavin-containing] B,Homo sapiens,CHEMBL1221981,COc1cc(OC)cc(-c2cc3cc(C)cc(Br)c3oc2=O)c1,PURLVMATZXIIPN-UHFFFAOYSA-N,IC50,IC50,5.15,10.1016/j.bmcl.2010.07.013,2010,3424172
MAOB_HUMAN_IC50,Human MAO-B,primary,CHEMBL2039,Amine oxidase [flavin-containing] B,Homo sapiens,CHEMBL472218,O=C(Nc1ccccc1Cc1ccccc1)c1cc2ccc(OCc3ccccc3)cc2oc1=O,HENQOVMQRFFCJG-UHFFFAOYSA-N,IC50,IC50,4.2,10.1021/jm801496u,2009,2411368
MAOB_HUMAN_IC50,Human MAO-B,primary,CHEMBL2039,Amine oxidase [flavin-containing] B,Homo sapiens,CHEMBL470008,CN(C(=O)c1cc2ccc(OCc3ccccc3)cc2oc1=O)c1ccccc1,FEGWZNRFIPWQSF-UHFFFAOYSA-N,IC50,IC50,5.62,10.1021/jm801496u,2009,2411378
MAOB_HUMAN_IC50,Human MAO-B,primary,CHEMBL2039,Amine oxidase [flavin-containing] B,Homo sapiens,CHEMBL1598233,COc1ccc2oc(=O)c(C(=O)Nc3cccc(C)c3)cc2c1,QXRIOBASZHWHAB-UHFFFAOYSA-N,IC50,IC50,7.33,10.1021/acs.jmedchem.7b00918,2017,18187116
MAOB_HUMAN_IC50,Human MAO-B,primary,CHEMBL2039,Amine oxidase [flavin-containing] B,Homo sapiens,CHEMBL3219490,Cc1sc(N/N=C/c2cc3ccccc3oc2=O)nc1-c1ccccc1,HLHCIFIRFRCERX-CIAFOILYSA-N,IC50,IC50,5.52,10.1039/C0MD00014K,2010,14527879
MAOB_HUMAN_IC50,Human MAO-B,primary,CHEMBL2039,Amine oxidase [flavin-containing] B,Homo sapiens,CHEMBL5072382,Cc1c(C)c2ccc(OCC3CCCN(CCCC(F)F)C3)cc2oc1=O,KUHCABBCAHJPQR-UHFFFAOYSA-N,IC50,IC50,6.58,10.1021/acs.jmedchem.1c01784,2022,24422243
MAOB_HUMAN_IC50,Human MAO-B,primary,CHEMBL2039,Amine oxidase [flavin-containing] B,Homo sapiens,CHEMBL4647351,Cc1c(O)c(=O)ccn1CCNC(=O)c1cc2cc(OCc3ccccc3)ccc2oc1=O,RFWDMTUNUIIEGP-UHFFFAOYSA-N,IC50,IC50,7.0,10.1016/j.bmc.2020.115550,2020,20685915
MAOB_HUMAN_IC50,Human MAO-B,primary,CHEMBL2039,Amine oxidase [flavin-containing] B,Homo sapiens,CHEMBL4096387,Cc1cc(=O)oc2cc(OCCN3CCC(Cc4ccccc4)CC3)ccc12,NPWWCJQCZNQRMS-UHFFFAOYSA-N,IC50,IC50,6.28,10.1016/j.ejmech.2016.09.041,2017,18195005
MAOB_HUMAN_IC50,Human MAO-B,primary,CHEMBL2039,Amine oxidase [flavin-containing] B,Homo sapiens,CHEMBL145792,Cc1c(C)c2ccc(OCc3ccc(C#N)cc3)cc2oc1=O,DKTHHEPEMVDINA-UHFFFAOYSA-N,IC50,IC50,8.63,10.1021/jm060441e,2006,1773832
MAOB_HUMAN_IC50,Human MAO-B,primary,CHEMBL2039,Amine oxidase [flavin-containing] B,Homo sapiens,CHEMBL5279129,Cc1c(Cl)c(=O)oc2cc(OCCCCS(=S)N3CCCCC3C)ccc12,OPVUXFRALPSJKT-UHFFFAOYSA-N,IC50,IC50,8.05,10.1016/j.ejmech.2020.112787,2020,24995647
MAOB_HUMAN_IC50,Human MAO-B,primary,CHEMBL2039,Amine oxidase [flavin-containing] B,Homo sapiens,CHEMBL5219522,Cc1c(Cl)c(=O)oc2cc(OCCCCSC(=S)N3CCCCC3C)ccc12,QPKSHJTZCXULAH-UHFFFAOYSA-N,IC50,IC50,8.05,10.1016/j.ejmech.2020.112787,2020,24995648
MAOB_HUMAN_IC50,Human MAO-B,primary,CHEMBL2039,Amine oxidase [flavin-containing] B,Homo sapiens,CHEMBL5219522,Cc1c(Cl)c(=O)oc2cc(OCCCCSC(=S)N3CCCCC3C)ccc12,QPKSHJTZCXULAH-UHFFFAOYSA-N,IC50,IC50,6.06,10.1016/j.ejmech.2022.114606,2022,24963334
MAOB_HUMAN_IC50,Human MAO-B,primary,CHEMBL2039,Amine oxidase [flavin-containing] B,Homo sapiens,CHEMBL472080,O=C(NC1CCCCC1)c1cc2ccccc2oc1=O,KUWSPPXPGQEHSQ-UHFFFAOYSA-N,IC50,IC50,6.3,10.1021/jm801496u,2009,2411330
MAOB_HUMAN_IC50,Human MAO-B,primary,CHEMBL2039,Amine oxidase [flavin-containing] B,Homo sapiens,CHEMBL4217683,C#CCN(CCOc1ccc2ccc(=O)oc2c1)Cc1cccc(OC)c1,FIAJLLVZMIFOBX-UHFFFAOYSA-N,IC50,IC50,5.15,10.1016/j.ejmech.2017.07.008,2017,18514930
MAOB_HUMAN_IC50,Human MAO-B,primary,CHEMBL2039,Amine oxidase [flavin-containing] B,Homo sapiens,CHEMBL4205441,C#CCN(CCOc1ccc2ccc(=O)oc2c1)Cc1ccc(F)c(F)c1,QWUFEGXEFZDVSA-UHFFFAOYSA-N,IC50,IC50,5.02,10.1016/j.ejmech.2017.07.008,2017,18514932
MAOB_HUMAN_IC50,Human MAO-B,primary,CHEMBL2039,Amine oxidase [flavin-containing] B,Homo sapiens,CHEMBL3734905,Cc1ccc2oc(=O)c(-c3ccccc3OCc3ccccc3)cc2c1,YXYNWGWBPHCSTA-UHFFFAOYSA-N,IC50,IC50,6.59,10.1039/C4MD00437J,2015,16386437
MAOB_HUMAN_IC50,Human MAO-B,primary,CHEMBL2039,Amine oxidase [flavin-containing] B,Homo sapiens,CHEMBL470213,CC(C)c1ccc(NC(=O)c2cc3ccccc3oc2=O)cc1,BIOLFVSCKKADAP-UHFFFAOYSA-N,IC50,IC50,6.19,10.1021/jm801496u,2009,2411342
MAOB_HUMAN_IC50,Human MAO-B,primary,CHEMBL2039,Amine oxidase [flavin-containing] B,Homo sapiens,CHEMBL4218157,COc1ccc2cc(-c3ccc(Cl)nn3)c(=O)oc2c1,WFDDLQJKGFOSDH-UHFFFAOYSA-N,IC50,IC50,4.72,10.1016/j.ejmech.2017.07.045,2017,18517405
MAOB_HUMAN_IC50,Human MAO-B,primary,CHEMBL2039,Amine oxidase [flavin-containing] B,Homo sapiens,CHEMBL5283994,Cc1c(Cl)c(=O)oc2cc(OCCCSC(=S)N3C(C)CCCC3C)ccc12,JLHNPMPZJUKIDO-UHFFFAOYSA-N,IC50,IC50,7.0,10.1016/j.ejmech.2020.112787,2020,24995646
MAOB_HUMAN_IC50,Human MAO-B,primary,CHEMBL2039,Amine oxidase [flavin-containing] B,Homo sapiens,CHEMBL470220,CSc1ccc(NC(=O)c2cc3ccccc3oc2=O)cc1,AHNZZEDQUVBETI-UHFFFAOYSA-N,IC50,IC50,5.55,10.1021/jm801496u,2009,2411344
MAOB_HUMAN_IC50,Human MAO-B,primary,CHEMBL2039,Amine oxidase [flavin-containing] B,Homo sapiens,CHEMBL146222,O=c1oc2cc(OCc3ccccc3)ccc2c2c1CCCC2,RMBDGDFCQUTEBF-UHFFFAOYSA-N,IC50,IC50,8.75,10.1021/jm060441e,2006,1773852
MAOB_HUMAN_IC50,Human MAO-B,primary,CHEMBL2039,Amine oxidase [flavin-containing] B,Homo sapiens,CHEMBL469783,COc1cc(NC(=O)c2cc3ccc(OCc4ccccc4)cc3oc2=O)cc(OC)c1,IOMBASOJMPWCSJ-UHFFFAOYSA-N,IC50,IC50,5.47,10.1021/jm801496u,2009,2411371
MAOB_HUMAN_IC50,Human MAO-B,primary,CHEMBL2039,Amine oxidase [flavin-containing] B,Homo sapiens,CHEMBL4751815,Cc1cc(=O)c(O)c(CO)n1CCCn1cc(COc2ccc3ccc(=O)oc3c2)nn1,ABWCZVWLCRRWNY-UHFFFAOYSA-N,IC50,IC50,6.17,10.1021/acs.jmedchem.0c01480,2020,22801685
MAOB_HUMAN_IC50,Human MAO-B,primary,CHEMBL2039,Amine oxidase [flavin-containing] B,Homo sapiens,CHEMBL4751815,Cc1cc(=O)c(O)c(CO)n1CCCn1cc(COc2ccc3ccc(=O)oc3c2)nn1,ABWCZVWLCRRWNY-UHFFFAOYSA-N,IC50,IC50,6.17,10.1016/j.ejmech.2022.114655,2022,25577920
MAOB_HUMAN_IC50,Human MAO-B,primary,CHEMBL2039,Amine oxidase [flavin-containing] B,Homo sapiens,CHEMBL4751815,Cc1cc(=O)c(O)c(CO)n1CCCn1cc(COc2ccc3ccc(=O)oc3c2)nn1,ABWCZVWLCRRWNY-UHFFFAOYSA-N,IC50,IC50,6.07,10.1021/acs.jmedchem.4c00045,2024,25934353
MAOB_HUMAN_IC50,Human MAO-B,primary,CHEMBL2039,Amine oxidase [flavin-containing] B,Homo sapiens,CHEMBL470226,CS(=O)(=O)c1ccc(NC(=O)c2cc3ccccc3oc2=O)cc1,QJBHODZBXYTRMA-UHFFFAOYSA-N,IC50,IC50,8.85,10.1021/jm801496u,2009,2411347
MAOB_HUMAN_IC50,Human MAO-B,primary,CHEMBL2039,Amine oxidase [flavin-containing] B,Homo sapiens,CHEMBL252403,O=C(Nc1cc2ccccc2oc1=O)c1ccccc1,RXHSXTPNFVSJKM-UHFFFAOYSA-N,IC50,IC50,6.12,10.1039/C1MD00221J,2012,14552976
MAOB_HUMAN_IC50,Human MAO-B,primary,CHEMBL2039,Amine oxidase [flavin-containing] B,Homo sapiens,CHEMBL3586605,Cc1c(C)c2ccc(OCc3ccc(CN(C)Cc4ccc(C#N)cc4)cc3)cc2oc1=O.Cl,ZTBZKZXWTJGUGV-UHFFFAOYSA-N,IC50,IC50,7.62,10.1021/acs.jmedchem.5b00599,2015,15625523
MAOB_HUMAN_IC50,Human MAO-B,primary,CHEMBL2039,Amine oxidase [flavin-containing] B,Homo sapiens,CHEMBL4647450,Cc1c(O)c(=O)ccn1CCNC(=O)c1cc2ccccc2oc1=O,HEPGVGITKWTDBU-UHFFFAOYSA-N,IC50,IC50,6.76,10.1016/j.bmc.2020.115550,2020,20685906
MAOB_HUMAN_IC50,Human MAO-B,primary,CHEMBL2039,Amine oxidase [flavin-containing] B,Homo sapiens,CHEMBL4216807,Cc1cc(=O)oc2cc(OCc3cc[n+](Cc4ccc([N+](=O)[O-])cc4)cc3)ccc12.[Br-],XVMDYZJNSFEERP-UHFFFAOYSA-M,IC50,IC50,5.16,10.1016/j.ejmech.2017.07.055,2017,18517508
MAOB_HUMAN_IC50,Human MAO-B,primary,CHEMBL2039,Amine oxidase [flavin-containing] B,Homo sapiens,CHEMBL4210401,Cc1ccccc1C[n+]1ccc(COc2ccc3c(C)cc(=O)oc3c2)cc1.[Br-],SXYXVHCWGYVMER-UHFFFAOYSA-M,IC50,IC50,5.5,10.1016/j.ejmech.2017.07.055,2017,18517501
MAOB_HUMAN_IC50,Human MAO-B,primary,CHEMBL2039,Amine oxidase [flavin-containing] B,Homo sapiens,CHEMBL4441966,Cc1c(C)c2ccc(OCC3CCCN(C)C3)cc2oc1=O.Cl,WKLGHHHWYUHRMJ-UHFFFAOYSA-N,IC50,IC50,6.86,10.1021/acs.jmedchem.6b00562,2016,19406944
MAOB_HUMAN_IC50,Human MAO-B,primary,CHEMBL2039,Amine oxidase [flavin-containing] B,Homo sapiens,CHEMBL4215220,Cc1ccc2cc(-c3ccc(Cl)nn3)c(=O)oc2c1,QGUMISPLYATJLM-UHFFFAOYSA-N,IC50,IC50,5.6,10.1016/j.ejmech.2017.07.045,2017,18517402
MAOB_HUMAN_IC50,Human MAO-B,primary,CHEMBL2039,Amine oxidase [flavin-containing] B,Homo sapiens,CHEMBL4582505,Cc1c(C)c2ccc(OCC3CCN(Cc4ccc(C#N)cc4)CC3)cc2oc1=O.Cl,MQPMZOFJFHCXIM-UHFFFAOYSA-N,IC50,IC50,6.26,10.1021/acs.jmedchem.6b00562,2016,19406943
MAOB_HUMAN_IC50,Human MAO-B,primary,CHEMBL2039,Amine oxidase [flavin-containing] B,Homo sapiens,CHEMBL502021,O=C(NCc1ccccc1)c1cc2ccc(OCc3ccccc3)cc2oc1=O,VAKYOJMRXOMWEJ-UHFFFAOYSA-N,IC50,IC50,6.0,10.1021/jm801496u,2009,2411372
MAOB_HUMAN_IC50,Human MAO-B,primary,CHEMBL2039,Amine oxidase [flavin-containing] B,Homo sapiens,CHEMBL469583,CCc1ccc(NC(=O)c2cc3ccccc3oc2=O)cc1,CCRNXJJERVYHEO-UHFFFAOYSA-N,IC50,IC50,6.05,10.1021/jm801496u,2009,2411341
MAOB_HUMAN_IC50,Human MAO-B,primary,CHEMBL2039,Amine oxidase [flavin-containing] B,Homo sapiens,CHEMBL108660,Cc1cc(=O)oc2cc(OCc3ccccc3)ccc12,RTORNQDWFDEDPT-UHFFFAOYSA-N,IC50,IC50,8.8,10.1021/jm060441e,2006,1773858
MAOB_HUMAN_IC50,Human MAO-B,primary,CHEMBL2039,Amine oxidase [flavin-containing] B,Homo sapiens,CHEMBL108660,Cc1cc(=O)oc2cc(OCc3ccccc3)ccc12,RTORNQDWFDEDPT-UHFFFAOYSA-N,IC50,IC50,8.7,10.1016/j.ejmech.2016.09.041,2017,18194963
MAOB_HUMAN_IC50,Human MAO-B,primary,CHEMBL2039,Amine oxidase [flavin-containing] B,Homo sapiens,CHEMBL3586577,Cc1c(C)c2ccc(OCCCCCNCc3ccccc3)cc2oc1=O.Cl,PYWSNNOUDNPDGL-UHFFFAOYSA-N,IC50,IC50,7.54,10.1021/acs.jmedchem.5b00599,2015,15625512
MAOB_HUMAN_IC50,Human MAO-B,primary,CHEMBL2039,Amine oxidase [flavin-containing] B,Homo sapiens,CHEMBL3764644,Cc1cc2ccc(OCCNC3CCN(Cc4ccccc4)CC3)cc2oc1=O,JURRMYXCDPPYMK-UHFFFAOYSA-N,IC50,IC50,5.62,10.1016/j.bmc.2016.02.023,2016,16481093
MAOB_HUMAN_IC50,Human MAO-B,primary,CHEMBL2039,Amine oxidase [flavin-containing] B,Homo sapiens,CHEMBL1426944,O=C(Nc1cc2ccccc2oc1=O)C1CCCCC1,RJKSUFSHJKUPEX-UHFFFAOYSA-N,IC50,IC50,4.3,10.1039/C1MD00221J,2012,14552982
MAOB_HUMAN_IC50,Human MAO-B,primary,CHEMBL2039,Amine oxidase [flavin-containing] B,Homo sapiens,CHEMBL4210805,COc1ccc2oc(=O)c(-c3ccc(Cl)nn3)cc2c1,NBKYJMDVRSXEOW-UHFFFAOYSA-N,IC50,IC50,5.06,10.1016/j.ejmech.2017.07.045,2017,18517404
MAOB_HUMAN_IC50,Human MAO-B,primary,CHEMBL2039,Amine oxidase [flavin-containing] B,Homo sapiens,CHEMBL4080704,COc1ccc2oc(=O)c(C(=O)Nc3cccc(Cl)c3)cc2c1,KALLMFKCLAJULE-UHFFFAOYSA-N,IC50,IC50,8.04,10.1021/acs.jmedchem.7b00918,2017,18187117
MAOB_HUMAN_IC50,Human MAO-B,primary,CHEMBL2039,Amine oxidase [flavin-containing] B,Homo sapiens,CHEMBL3299111,CC(C)(C)NC(=O)c1cc2ccccc2oc1=O,WJVGPUXVQPSDBJ-UHFFFAOYSA-N,IC50,IC50,5.1,10.1016/j.bmc.2014.05.002,2014,15044539
MAOB_HUMAN_IC50,Human MAO-B,primary,CHEMBL2039,Amine oxidase [flavin-containing] B,Homo sapiens,CHEMBL3297787,CCCCCCN(CCCCCC)C(=O)c1cc2cc(Br)cc(Br)c2oc1=O,YHENMGCMMAPMDP-UHFFFAOYSA-N,IC50,IC50,5.13,10.1016/j.bmc.2014.05.002,2014,15044543
MAOB_HUMAN_IC50,Human MAO-B,primary,CHEMBL2039,Amine oxidase [flavin-containing] B,Homo sapiens,CHEMBL3734992,Cc1ccc2oc(=O)c(-c3cccc(OC(=O)N(C)C)c3)cc2c1,QCBLVRPCVLXNPE-UHFFFAOYSA-N,IC50,IC50,5.35,10.1039/C4MD00437J,2015,16386434
MAOB_HUMAN_IC50,Human MAO-B,primary,CHEMBL2039,Amine oxidase [flavin-containing] B,Homo sapiens,CHEMBL470020,Cc1ccc(NC(=O)c2cc3ccccc3oc2=O)c(C)c1,YIJSSWZCBJHMEO-UHFFFAOYSA-N,IC50,IC50,4.86,10.1021/jm801496u,2009,2411351
MAOB_HUMAN_IC50,Human MAO-B,primary,CHEMBL2039,Amine oxidase [flavin-containing] B,Homo sapiens,CHEMBL3121862,CC(=O)Nc1cc2ccc(OCc3cccc(Cl)c3)cc2oc1=O,KNTYGFGVLHHOQN-UHFFFAOYSA-N,IC50,IC50,7.87,10.1016/j.bmc.2014.01.046,2014,13935919
MAOB_HUMAN_IC50,Human MAO-B,primary,CHEMBL2039,Amine oxidase [flavin-containing] B,Homo sapiens,CHEMBL4204002,C#CCN(CCCOc1ccc2ccc(=O)oc2c1)Cc1ccc(C(C)C)cc1,YGXHQBJGMHWIIZ-UHFFFAOYSA-N,IC50,IC50,5.12,10.1016/j.ejmech.2017.07.008,2017,18514935
MAOB_HUMAN_IC50,Human MAO-B,primary,CHEMBL2039,Amine oxidase [flavin-containing] B,Homo sapiens,CHEMBL4470317,COc1ccc2cc(Cn3ccc(=O)c(O)c3C)c(=O)oc2c1,MMTHOBSLUHHGCX-UHFFFAOYSA-N,IC50,IC50,7.04,10.1016/j.ejmech.2019.07.031,2019,19098397
MAOB_HUMAN_IC50,Human MAO-B,primary,CHEMBL2039,Amine oxidase [flavin-containing] B,Homo sapiens,CHEMBL3121792,C#CCCCCOc1ccc2cc(-c3ccc(OC)cc3)c(=O)oc2c1,UNIGFONODZDSDA-UHFFFAOYSA-N,IC50,IC50,8.53,10.1016/j.bmc.2014.01.046,2014,13935924
MAOB_HUMAN_IC50,Human MAO-B,primary,CHEMBL2039,Amine oxidase [flavin-containing] B,Homo sapiens,CHEMBL3121864,COC(=O)c1cc2cc(OC/C=C(\C)CCC=C(C)C)ccc2oc1=O,QLALDPLWXIRUTE-XNTDXEJSSA-N,IC50,IC50,6.49,10.1016/j.bmc.2014.01.046,2014,13935917
MAOB_HUMAN_IC50,Human MAO-B,primary,CHEMBL2039,Amine oxidase [flavin-containing] B,Homo sapiens,CHEMBL469350,O=C(Nc1ccccc1Cc1ccccc1)c1cc2ccccc2oc1=O,SUXPUGHNKXZRPX-UHFFFAOYSA-N,IC50,IC50,6.04,10.1021/jm801496u,2009,2411335
MAOB_HUMAN_IC50,Human MAO-B,primary,CHEMBL2039,Amine oxidase [flavin-containing] B,Homo sapiens,CHEMBL471228,COc1ccc(NC(=O)c2cc3ccc(OCc4ccccc4)c(C)c3oc2=O)cc1OC,YOIOPTJWYLETKR-UHFFFAOYSA-N,IC50,IC50,5.3,10.1021/jm801496u,2009,2411379
MAOB_HUMAN_IC50,Human MAO-B,primary,CHEMBL2039,Amine oxidase [flavin-containing] B,Homo sapiens,CHEMBL470612,N#Cc1c(F)c(F)c(NC(=O)c2cc3ccc(OCc4ccccc4)cc3oc2=O)c(F)c1F,GGUDBRNWUWDZQQ-UHFFFAOYSA-N,IC50,IC50,4.78,10.1021/jm801496u,2009,2411367
MAOB_HUMAN_IC50,Human MAO-B,primary,CHEMBL2039,Amine oxidase [flavin-containing] B,Homo sapiens,CHEMBL512719,Cc1cccc(C)c1NC(=O)c1cc2ccccc2oc1=O,DFEGOCIFDTWAPK-UHFFFAOYSA-N,IC50,IC50,5.89,10.1021/jm801496u,2009,2411353
MAOB_HUMAN_IC50,Human MAO-B,primary,CHEMBL2039,Amine oxidase [flavin-containing] B,Homo sapiens,CHEMBL3394533,O=c1oc2cc(/N=C/c3ccccc3O)ccc2c2c1CCC2,QTRIOHGFYUMXEM-RGVLZGJSSA-N,IC50,IC50,7.09,10.1016/j.bmcl.2014.12.034,2015,15144175
MAOB_HUMAN_IC50,Human MAO-B,primary,CHEMBL2039,Amine oxidase [flavin-containing] B,Homo sapiens,CHEMBL3220507,Cc1ccc(C(=O)Nc2cc3cc(C)ccc3oc2=O)cc1,DUFYHLPGRRTZAM-UHFFFAOYSA-N,IC50,IC50,6.77,10.1039/C1MD00221J,2012,14552974
MAOB_HUMAN_IC50,Human MAO-B,primary,CHEMBL2039,Amine oxidase [flavin-containing] B,Homo sapiens,CHEMBL3417297,CCOc1cc(=O)oc2cc(OCCN3CCN(CCCNc4c5c(nc6ccccc46)CCCC5)CC3)ccc12,FZVNQFHQTVISSR-UHFFFAOYSA-N,IC50,IC50,4.59,10.1016/j.ejmech.2015.03.040,2015,15219054
MAOB_HUMAN_IC50,Human MAO-B,primary,CHEMBL2039,Amine oxidase [flavin-containing] B,Homo sapiens,CHEMBL3121789,C#CCCCCOc1ccc2oc(=O)c(NC(C)=O)cc2c1,BWWPPUWUBYHVON-UHFFFAOYSA-N,IC50,IC50,7.61,10.1016/j.bmc.2014.01.046,2014,13935927
MAOB_HUMAN_IC50,Human MAO-B,primary,CHEMBL2039,Amine oxidase [flavin-containing] B,Homo sapiens,CHEMBL3120181,C#CCCCOc1ccc2oc(=O)c(C(=O)OC)cc2c1,IERYQAZZYMPHSD-UHFFFAOYSA-N,IC50,IC50,5.84,10.1016/j.bmc.2014.01.046,2014,13935941
MAOB_HUMAN_IC50,Human MAO-B,primary,CHEMBL2039,Amine oxidase [flavin-containing] B,Homo sapiens,CHEMBL3736482,Cc1ccc2oc(=O)c(-c3ccc(OCc4cccc(F)c4)cc3)cc2c1,VDUYWEMWRBGSMX-UHFFFAOYSA-N,IC50,IC50,6.76,10.1039/C4MD00437J,2015,16386442
MAOB_HUMAN_IC50,Human MAO-B,primary,CHEMBL2039,Amine oxidase [flavin-containing] B,Homo sapiens,CHEMBL4464759,Cc1c(C)c2ccc(OCC3CCN(CCCO)CC3)cc2oc1=O,IEMVOQOAOQXSRB-UHFFFAOYSA-N,IC50,IC50,6.32,10.1016/j.ejmech.2018.10.016,2019,18936917
MAOB_HUMAN_IC50,Human MAO-B,primary,CHEMBL2039,Amine oxidase [flavin-containing] B,Homo sapiens,CHEMBL4464759,Cc1c(C)c2ccc(OCC3CCN(CCCO)CC3)cc2oc1=O,IEMVOQOAOQXSRB-UHFFFAOYSA-N,IC50,IC50,6.32,10.1021/acs.jmedchem.1c01784,2022,24422257
MAOB_HUMAN_IC50,Human MAO-B,primary,CHEMBL2039,Amine oxidase [flavin-containing] B,Homo sapiens,CHEMBL3261207,Cc1ccccc1NC(=O)c1cc2cc([N+](=O)[O-])ccc2oc1=O,JRIYADOIEMOODQ-UHFFFAOYSA-N,IC50,IC50,4.53,10.1016/j.ejmech.2014.04.060,2014,14662198
MAOB_HUMAN_IC50,Human MAO-B,primary,CHEMBL2039,Amine oxidase [flavin-containing] B,Homo sapiens,CHEMBL472069,O=C(Nc1c(F)cccc1F)c1cc2ccccc2oc1=O,XFMSCZWVQKQMHV-UHFFFAOYSA-N,IC50,IC50,5.04,10.1021/jm801496u,2009,2411354
MAOB_HUMAN_IC50,Human MAO-B,primary,CHEMBL2039,Amine oxidase [flavin-containing] B,Homo sapiens,CHEMBL3261199,COc1ccccc1NC(=O)c1cc2ccccc2oc1=O,LLOQGIRQUOAOCK-UHFFFAOYSA-N,IC50,IC50,4.45,10.1016/j.ejmech.2014.04.060,2014,14662189
MAOB_HUMAN_IC50,Human MAO-B,primary,CHEMBL2039,Amine oxidase [flavin-containing] B,Homo sapiens,CHEMBL342327,Cc1c(C)c2ccc(OCc3ccccc3C#N)cc2oc1=O,QETCJXAGEMNSOG-UHFFFAOYSA-N,IC50,IC50,8.71,10.1021/jm060441e,2006,1773845
MAOB_HUMAN_IC50,Human MAO-B,primary,CHEMBL2039,Amine oxidase [flavin-containing] B,Homo sapiens,CHEMBL143316,O=c1ccc2ccc(CNc3ccccc3)cc2o1,RNBGTWVGLRVGEY-UHFFFAOYSA-N,IC50,IC50,7.24,10.1021/jm060441e,2006,1773859
MAOB_HUMAN_IC50,Human MAO-B,primary,CHEMBL2039,Amine oxidase [flavin-containing] B,Homo sapiens,CHEMBL1934676,COc1ccc(-c2c(O)c3cc(C)ccc3oc2=O)cc1Cl,PAEULFKUAAUYCG-UHFFFAOYSA-N,IC50,IC50,4.37,10.1016/j.bmcl.2011.11.020,2012,7994129
MAOB_HUMAN_IC50,Human MAO-B,primary,CHEMBL2039,Amine oxidase [flavin-containing] B,Homo sapiens,CHEMBL4521148,Cc1cc(=O)c(O)cn1Cc1cc2ccc(OCc3ccccc3)cc2oc1=O,VJJMWQCUTPAPPB-UHFFFAOYSA-N,IC50,IC50,6.54,10.1016/j.ejmech.2019.07.031,2019,19098401
MAOB_HUMAN_IC50,Human MAO-B,primary,CHEMBL2039,Amine oxidase [flavin-containing] B,Homo sapiens,CHEMBL145781,O=c1ccc2ccc(OCc3ccccc3)cc2o1,QDLFCBKKECTJSK-UHFFFAOYSA-N,IC50,IC50,8.77,10.1021/jm060441e,2006,1773799
MAOB_HUMAN_IC50,Human MAO-B,primary,CHEMBL2039,Amine oxidase [flavin-containing] B,Homo sapiens,CHEMBL145781,O=c1ccc2ccc(OCc3ccccc3)cc2o1,QDLFCBKKECTJSK-UHFFFAOYSA-N,IC50,IC50,8.42,10.1016/j.ejmech.2016.09.041,2017,18194964
MAOB_HUMAN_IC50,Human MAO-B,primary,CHEMBL2039,Amine oxidase [flavin-containing] B,Homo sapiens,CHEMBL145781,O=c1ccc2ccc(OCc3ccccc3)cc2o1,QDLFCBKKECTJSK-UHFFFAOYSA-N,IC50,IC50,8.42,10.1021/acs.jmedchem.4c00045,2024,25934224
MAOB_HUMAN_IC50,Human MAO-B,primary,CHEMBL2039,Amine oxidase [flavin-containing] B,Homo sapiens,CHEMBL3586771,CN(Cc1ccccc1)Cc1ccc(COc2ccc3c(CO)cc(=O)oc3c2)cc1,RTJRBYKZQSYWCM-UHFFFAOYSA-N,IC50,IC50,8.0,10.1016/j.ejmech.2024.116511,2024,25998568
MAOB_HUMAN_IC50,Human MAO-B,primary,CHEMBL2039,Amine oxidase [flavin-containing] B,Homo sapiens,CHEMBL3586771,CN(Cc1ccccc1)Cc1ccc(COc2ccc3c(CO)cc(=O)oc3c2)cc1,RTJRBYKZQSYWCM-UHFFFAOYSA-N,IC50,IC50,8.0,10.1021/acs.jmedchem.1c01784,2022,24422253
MAOB_HUMAN_IC50,Human MAO-B,primary,CHEMBL2039,Amine oxidase [flavin-containing] B,Homo sapiens,CHEMBL1221930,Cc1cc(Br)c2oc(=O)c(-c3ccccc3)cc2c1,TYLXEMSZGAPZTD-UHFFFAOYSA-N,IC50,IC50,4.96,10.1016/j.bmcl.2010.07.013,2010,3424170
MAOB_HUMAN_IC50,Human MAO-B,primary,CHEMBL2039,Amine oxidase [flavin-containing] B,Homo sapiens,CHEMBL1830827,O=C(O)c1cc2ccc(OCc3ccc(Cl)c(Cl)c3)cc2oc1=O,NTPJRNLYPBHFEA-UHFFFAOYSA-N,IC50,IC50,6.39,10.1016/j.ejmech.2011.07.017,2011,6361419
MAOB_HUMAN_IC50,Human MAO-B,primary,CHEMBL2039,Amine oxidase [flavin-containing] B,Homo sapiens,CHEMBL4099648,COc1ccc2oc(=O)c(C(=O)Nc3ccc(C)cc3)cc2c1,PIWXZDIUQQTIOO-UHFFFAOYSA-N,IC50,IC50,7.71,10.1021/acs.jmedchem.7b00918,2017,18187119
MAOB_HUMAN_IC50,Human MAO-B,primary,CHEMBL2039,Amine oxidase [flavin-containing] B,Homo sapiens,CHEMBL4469018,Cc1c(O)c(=O)ccn1Cc1cc2ccc(OCc3ccccc3)cc2oc1=O,ZMNIWMXZTAUSKD-UHFFFAOYSA-N,IC50,IC50,6.47,10.1016/j.ejmech.2019.07.031,2019,19098399
MAOB_HUMAN_IC50,Human MAO-B,primary,CHEMBL2039,Amine oxidase [flavin-containing] B,Homo sapiens,CHEMBL4551962,Cc1c(C)c2ccc(OCC3CCCN(Cc4cccc(CO)c4)C3)cc2oc1=O,JFAXGIYNMLALLU-UHFFFAOYSA-N,IC50,IC50,6.96,10.1016/j.ejmech.2018.10.016,2019,18936908
MAOB_HUMAN_IC50,Human MAO-B,primary,CHEMBL2039,Amine oxidase [flavin-containing] B,Homo sapiens,CHEMBL4554567,Cc1cc(O)cc2oc(=O)c(C(=O)CCN(C)C)cc12.Cl,XODYJMHJENHBHN-UHFFFAOYSA-N,IC50,IC50,5.44,10.1016/j.ejmech.2019.04.016,2019,19030121
MAOB_HUMAN_IC50,Human MAO-B,primary,CHEMBL2039,Amine oxidase [flavin-containing] B,Homo sapiens,CHEMBL4069084,Cc1c(C#N)c(=O)oc2cc(OCc3ccc(Br)cc3Br)ccc12,PSULIFZEDNVGKW-UHFFFAOYSA-N,IC50,IC50,7.75,10.1016/j.ejmech.2016.09.041,2017,18195001
MAOB_HUMAN_IC50,Human MAO-B,primary,CHEMBL2039,Amine oxidase [flavin-containing] B,Homo sapiens,CHEMBL3297785,CC(C)NC(=O)c1cc2cc(Br)cc(Br)c2oc1=O,HTWDVQUHESBCJB-UHFFFAOYSA-N,IC50,IC50,4.99,10.1016/j.bmc.2014.05.002,2014,15044541
MAOB_HUMAN_IC50,Human MAO-B,primary,CHEMBL2039,Amine oxidase [flavin-containing] B,Homo sapiens,CHEMBL3121784,C#CCCCCOc1ccc2cc(C(=O)OC)c(=O)oc2c1,BNYXCYFQCSBSKS-UHFFFAOYSA-N,IC50,IC50,8.85,10.1016/j.bmc.2014.01.046,2014,13935932
MAOB_HUMAN_IC50,Human MAO-B,primary,CHEMBL2039,Amine oxidase [flavin-containing] B,Homo sapiens,CHEMBL3121866,C#CCNCCOc1ccc2cc(C(=O)OC)c(=O)oc2c1,KIPYTLOOVYNKFV-UHFFFAOYSA-N,IC50,IC50,6.42,10.1016/j.bmc.2014.01.046,2014,13935915
MAOB_HUMAN_IC50,Human MAO-B,primary,CHEMBL2039,Amine oxidase [flavin-containing] B,Homo sapiens,CHEMBL472081,CC(C)NC(=O)c1cc2ccccc2oc1=O,DYFRHCOMCPYXPQ-UHFFFAOYSA-N,IC50,IC50,4.98,10.1016/j.bmc.2014.05.002,2014,15044538
MAOB_HUMAN_IC50,Human MAO-B,primary,CHEMBL2039,Amine oxidase [flavin-containing] B,Homo sapiens,CHEMBL472081,CC(C)NC(=O)c1cc2ccccc2oc1=O,DYFRHCOMCPYXPQ-UHFFFAOYSA-N,IC50,IC50,4.6,10.1021/jm801496u,2009,2411331
MAOB_HUMAN_IC50,Human MAO-B,primary,CHEMBL2039,Amine oxidase [flavin-containing] B,Homo sapiens,CHEMBL1221980,COc1ccc(-c2cc3cc(C)cc(Br)c3oc2=O)cc1,QMFYGKBIXCRXNB-UHFFFAOYSA-N,IC50,IC50,5.49,10.1016/j.bmcl.2010.07.013,2010,3424171
MAOB_HUMAN_IC50,Human MAO-B,primary,CHEMBL2039,Amine oxidase [flavin-containing] B,Homo sapiens,CHEMBL1830814,CCOC(=O)c1cc2ccc(OCc3ccccc3)cc2oc1=O,WQSSRBWZKQNHOE-UHFFFAOYSA-N,IC50,IC50,8.15,10.1016/j.ejmech.2011.07.017,2011,6361465
MAOB_HUMAN_IC50,Human MAO-B,primary,CHEMBL2039,Amine oxidase [flavin-containing] B,Homo sapiens,CHEMBL1830817,CCOC(=O)c1cc2ccc(OCc3ccc(Cl)c(Cl)c3)cc2oc1=O,PNMRHZKVPAGIBX-UHFFFAOYSA-N,IC50,IC50,8.02,10.1016/j.ejmech.2011.07.017,2011,6361467
MAOB_HUMAN_IC50,Human MAO-B,primary,CHEMBL2039,Amine oxidase [flavin-containing] B,Homo sapiens,CHEMBL3629470,COc1ccc(/C=C/c2cc(OC)cc(OC)c2/C=C/C(=O)c2cc3c(OC)cccc3oc2=O)cc1,ZPIHMHCDUNMRLV-IIXCLMFLSA-N,IC50,IC50,4.84,10.1016/j.ejmech.2015.08.055,2015,15758450
MAOB_HUMAN_IC50,Human MAO-B,primary,CHEMBL2039,Amine oxidase [flavin-containing] B,Homo sapiens,CHEMBL3417308,O=c1ccc2ccc(OCCCCCCN3CCN(CCNc4c5c(nc6ccccc46)CCCC5)CC3)cc2o1,HZLYSFRTSCJXAA-UHFFFAOYSA-N,IC50,IC50,5.28,10.1016/j.ejmech.2015.03.040,2015,15219043
MAOB_HUMAN_IC50,Human MAO-B,primary,CHEMBL2039,Amine oxidase [flavin-containing] B,Homo sapiens,CHEMBL4633106,Cc1c(O)c(=O)ccn1CCNC(=O)c1cc2cccc(OCc3ccccc3)c2oc1=O,PIMIKAPLTUCBGT-UHFFFAOYSA-N,IC50,IC50,6.88,10.1016/j.bmc.2020.115550,2020,20685916
MAOB_HUMAN_IC50,Human MAO-B,primary,CHEMBL2039,Amine oxidase [flavin-containing] B,Homo sapiens,CHEMBL570731,COc1cccc(-c2cc3cc(C)ccc3oc2=O)c1,FXKIDMXANLWDBM-UHFFFAOYSA-N,IC50,IC50,9.1,10.1016/j.bmcl.2009.07.039,2009,3022329
MAOB_HUMAN_IC50,Human MAO-B,primary,CHEMBL2039,Amine oxidase [flavin-containing] B,Homo sapiens,CHEMBL570731,COc1cccc(-c2cc3cc(C)ccc3oc2=O)c1,FXKIDMXANLWDBM-UHFFFAOYSA-N,IC50,IC50,9.1,10.1021/jm200716y,2011,6383789
MAOB_HUMAN_IC50,Human MAO-B,primary,CHEMBL2039,Amine oxidase [flavin-containing] B,Homo sapiens,CHEMBL1835227,Cc1ccc(-c2cc3cc(OC4CCCC4)ccc3oc2=O)cc1,KVRCSMCDZXYFSM-UHFFFAOYSA-N,IC50,IC50,4.84,10.1021/jm200716y,2011,6383784
MAOB_HUMAN_IC50,Human MAO-B,primary,CHEMBL2039,Amine oxidase [flavin-containing] B,Homo sapiens,CHEMBL2376886,CCOC(=O)Nc1cc2ccccc2oc1=O,RCMHTLFCBZRNAY-UHFFFAOYSA-N,IC50,IC50,4.48,10.1016/j.ejmech.2013.02.009,2013,13279598
MAOB_HUMAN_IC50,Human MAO-B,primary,CHEMBL2039,Amine oxidase [flavin-containing] B,Homo sapiens,CHEMBL1830800,O=C(c1ccccc1)c1cc2cc(O)ccc2oc1=O,LFABXJTUEHBFNF-UHFFFAOYSA-N,IC50,IC50,4.75,10.1016/j.ejmech.2011.07.017,2011,6361438
MAOB_HUMAN_IC50,Human MAO-B,primary,CHEMBL2039,Amine oxidase [flavin-containing] B,Homo sapiens,CHEMBL3113639,CCCNCc1cc2ccccc2oc1=O,CJBPGDPRUYWCPW-UHFFFAOYSA-N,IC50,IC50,4.21,10.1016/j.ejmech.2013.11.035,2014,13920864
MAOB_HUMAN_IC50,Human MAO-B,primary,CHEMBL2039,Amine oxidase [flavin-containing] B,Homo sapiens,CHEMBL471232,Cc1cc(C)cc(NC(=O)c2cc3ccccc3oc2=O)c1,VEEVYXMEZKHMDL-UHFFFAOYSA-N,IC50,IC50,6.16,10.1021/jm801496u,2009,2411357
MAOB_HUMAN_IC50,Human MAO-B,primary,CHEMBL2039,Amine oxidase [flavin-containing] B,Homo sapiens,CHEMBL4213345,Cc1cc(=O)oc2cc(OCc3cc[n+](Cc4ccc(Br)cc4)cc3)ccc12.[Br-],IZFCERVBDMXUMX-UHFFFAOYSA-M,IC50,IC50,5.41,10.1016/j.ejmech.2017.07.055,2017,18517506
MAOB_HUMAN_IC50,Human MAO-B,primary,CHEMBL2039,Amine oxidase [flavin-containing] B,Homo sapiens,CHEMBL1835228,Cc1ccc(-c2cc3cc(C)ccc3oc2=O)cc1,CEAPJZVOEQSFCZ-UHFFFAOYSA-N,IC50,IC50,9.51,10.1039/C1MD00221J,2012,14552973
MAOB_HUMAN_IC50,Human MAO-B,primary,CHEMBL2039,Amine oxidase [flavin-containing] B,Homo sapiens,CHEMBL1835228,Cc1ccc(-c2cc3cc(C)ccc3oc2=O)cc1,CEAPJZVOEQSFCZ-UHFFFAOYSA-N,IC50,IC50,9.51,10.1021/jm200716y,2011,6383786
MAOB_HUMAN_IC50,Human MAO-B,primary,CHEMBL2039,Amine oxidase [flavin-containing] B,Homo sapiens,CHEMBL1835228,Cc1ccc(-c2cc3cc(C)ccc3oc2=O)cc1,CEAPJZVOEQSFCZ-UHFFFAOYSA-N,IC50,IC50,9.51,10.1016/j.ejmech.2021.113907,2022,24772495
MAOB_HUMAN_IC50,Human MAO-B,primary,CHEMBL2039,Amine oxidase [flavin-containing] B,Homo sapiens,CHEMBL4104128,Cc1c(Cl)c(=O)oc2cc(OCCN3CCN(Cc4ccc(Br)cc4)CC3)ccc12,ZBVSYQIELBIGLQ-UHFFFAOYSA-N,IC50,IC50,5.81,10.1016/j.ejmech.2016.09.041,2017,18195011
MAOB_HUMAN_IC50,Human MAO-B,primary,CHEMBL2039,Amine oxidase [flavin-containing] B,Homo sapiens,CHEMBL4637881,CCCOc1ccc2cc(C(=O)NCCn3ccc(=O)c(O)c3C)c(=O)oc2c1,FWAAMTDVSJVPDK-UHFFFAOYSA-N,IC50,IC50,6.87,10.1016/j.bmc.2020.115550,2020,20685918
MAOB_HUMAN_IC50,Human MAO-B,primary,CHEMBL2039,Amine oxidase [flavin-containing] B,Homo sapiens,CHEMBL4450310,Cc1c(C)c2ccc(OCC3CCCN(Cc4ccc(CO)cc4)C3)cc2oc1=O,BXCUGXRKJOGSPH-UHFFFAOYSA-N,IC50,IC50,7.12,10.1016/j.ejmech.2018.10.016,2019,18936907
MAOB_HUMAN_IC50,Human MAO-B,primary,CHEMBL2039,Amine oxidase [flavin-containing] B,Homo sapiens,CHEMBL4451675,CN(C)Cc1cc(=O)oc2cc(OCc3cccc(CO)c3)ccc12,ORMCLNIKEVJJOR-UHFFFAOYSA-N,IC50,IC50,5.96,10.1016/j.ejmech.2018.10.016,2019,18936885
MAOB_HUMAN_IC50,Human MAO-B,primary,CHEMBL2039,Amine oxidase [flavin-containing] B,Homo sapiens,CHEMBL4578377,Cc1c(C)c2ccc(OCC3CCN(Cc4cccc(OCCCO[N+](=O)[O-])c4)CC3)cc2oc1=O,XOEFPFRIFYUXTJ-UHFFFAOYSA-N,IC50,IC50,6.26,10.1016/j.ejmech.2018.10.016,2019,18936922
MAOB_HUMAN_IC50,Human MAO-B,primary,CHEMBL2039,Amine oxidase [flavin-containing] B,Homo sapiens,CHEMBL3394526,Cc1cc(=O)oc2cc(/N=C/c3ccc(O)cc3O)ccc12,WEALPBWASYLNRI-GIJQJNRQSA-N,IC50,IC50,5.72,10.1016/j.bmcl.2014.12.034,2015,15144182
MAOB_HUMAN_IC50,Human MAO-B,primary,CHEMBL2039,Amine oxidase [flavin-containing] B,Homo sapiens,CHEMBL326485,CC1(c2ccccc2)OC(/C=C/COc2ccc3ccc(=O)oc3c2)=CC1=O,GRWYKKOLDCHDPC-VMPITWQZSA-N,IC50,IC50,5.82,10.1016/s0960-894x(02)00798-9,2002,958811
MAOB_HUMAN_IC50,Human MAO-B,primary,CHEMBL2039,Amine oxidase [flavin-containing] B,Homo sapiens,CHEMBL3417301,Cc1cc2ccc(OCCN3CCN(CCCNc4c5c(nc6ccccc46)CCCC5)CC3)cc2oc1=O,LSWKLICEAUQVMA-UHFFFAOYSA-N,IC50,IC50,6.27,10.1016/j.ejmech.2015.03.040,2015,15219050
MAOB_HUMAN_IC50,Human MAO-B,primary,CHEMBL2039,Amine oxidase [flavin-containing] B,Homo sapiens,CHEMBL4211175,C#CCN(CCOc1ccc2ccc(=O)oc2c1)Cc1ccc(C(C)C)cc1,ZZRSMBNBPDQDKI-UHFFFAOYSA-N,IC50,IC50,5.16,10.1016/j.ejmech.2017.07.008,2017,18514928
MAOB_HUMAN_IC50,Human MAO-B,primary,CHEMBL2039,Amine oxidase [flavin-containing] B,Homo sapiens,CHEMBL4218281,Cc1cc(=O)oc2cc(OCc3cc[n+](Cc4cccc(Br)c4)cc3)ccc12.[Br-],PDVFIUQVUQYIGU-UHFFFAOYSA-M,IC50,IC50,5.66,10.1016/j.ejmech.2017.07.055,2017,18517505
MAOB_HUMAN_IC50,Human MAO-B,primary,CHEMBL2039,Amine oxidase [flavin-containing] B,Homo sapiens,CHEMBL3417299,Cc1c(Cl)c(=O)oc2cc(OCCN3CCN(CCCNc4c5c(nc6ccccc46)CCCC5)CC3)ccc12,GDFJHAWHVPWSSH-UHFFFAOYSA-N,IC50,IC50,6.16,10.1016/j.ejmech.2015.03.040,2015,15219052
MAOB_HUMAN_IC50,Human MAO-B,primary,CHEMBL2039,Amine oxidase [flavin-containing] B,Homo sapiens,CHEMBL3394541,Cc1c(C)c2ccc(NCc3ccccc3O)cc2oc1=O,VNSDMWAFZUOXBD-UHFFFAOYSA-N,IC50,IC50,6.38,10.1016/j.bmcl.2014.12.034,2015,15144167
MAOB_HUMAN_IC50,Human MAO-B,primary,CHEMBL2039,Amine oxidase [flavin-containing] B,Homo sapiens,CHEMBL4088674,Cc1c(C#N)c(=O)oc2cc(OCCN3CCC(Cc4ccccc4)CC3)ccc12,DGCLWMRVKTWYAS-UHFFFAOYSA-N,IC50,IC50,6.52,10.1016/j.ejmech.2016.09.041,2017,18195007
MAOB_HUMAN_IC50,Human MAO-B,primary,CHEMBL2039,Amine oxidase [flavin-containing] B,Homo sapiens,CHEMBL494798,Cc1ccc2oc(=O)c(C(=O)Nc3cccc(Cl)c3)cc2c1,OOLBPPCJUQNAAW-UHFFFAOYSA-N,IC50,IC50,8.29,10.1021/acs.jmedchem.7b00918,2017,18187109
MAOB_HUMAN_IC50,Human MAO-B,primary,CHEMBL2039,Amine oxidase [flavin-containing] B,Homo sapiens,CHEMBL53569,O=c1ccc2ccc3occc3c2o1,XDROKJSWHURZGO-UHFFFAOYSA-N,IC50,IC50,5.56,10.1016/j.bmcl.2019.01.016,2019,19367826
MAOB_HUMAN_IC50,Human MAO-B,primary,CHEMBL2039,Amine oxidase [flavin-containing] B,Homo sapiens,CHEMBL3261211,CCCCCCN(CCCCCC)C(=O)c1cc2ccccc2oc1=O,KRTYKJZNFGMMCT-UHFFFAOYSA-N,IC50,IC50,5.09,10.1016/j.ejmech.2014.04.060,2014,14662202
MAOB_HUMAN_IC50,Human MAO-B,primary,CHEMBL2039,Amine oxidase [flavin-containing] B,Homo sapiens,CHEMBL4571403,COc1ccc2cc(C(=O)CCN3CCCCC3)c(=O)oc2c1.Cl,AZMVZRQBKAHIGE-UHFFFAOYSA-N,IC50,IC50,4.7,10.1016/j.ejmech.2019.04.016,2019,19030115
MAOB_HUMAN_IC50,Human MAO-B,primary,CHEMBL2039,Amine oxidase [flavin-containing] B,Homo sapiens,CHEMBL1761763,COc1ccc2oc(=O)c(-c3cccs3)cc2c1,XEXBSPAKFREWBE-UHFFFAOYSA-N,IC50,IC50,6.2,10.1016/j.ejmech.2011.01.033,2011,6153447
MAOB_HUMAN_IC50,Human MAO-B,primary,CHEMBL2039,Amine oxidase [flavin-containing] B,Homo sapiens,CHEMBL4451548,Cc1c(C)c2ccc(OCC3CCN(C)CC3)cc2oc1=O.Cl,RQUAIDZZEUKRHE-UHFFFAOYSA-N,IC50,IC50,6.53,10.1021/acs.jmedchem.6b00562,2016,19406939
MAOB_HUMAN_IC50,Human MAO-B,primary,CHEMBL2039,Amine oxidase [flavin-containing] B,Homo sapiens,CHEMBL4463853,COc1ccc2cc(C(=O)CCN3CCCC3)c(=O)oc2c1.Cl,FJBHCOYPVWJQLO-UHFFFAOYSA-N,IC50,IC50,4.74,10.1016/j.ejmech.2019.04.016,2019,19030116
MAOB_HUMAN_IC50,Human MAO-B,primary,CHEMBL2039,Amine oxidase [flavin-containing] B,Homo sapiens,CHEMBL4447506,Cc1c(C)c2ccc(OCC3CCCN(Cc4cccc(Cl)c4)C3)cc2oc1=O.Cl,DVHSQXOMDRSHCZ-UHFFFAOYSA-N,IC50,IC50,7.44,10.1021/acs.jmedchem.6b00562,2016,19406948
MAOB_HUMAN_IC50,Human MAO-B,primary,CHEMBL2039,Amine oxidase [flavin-containing] B,Homo sapiens,CHEMBL4205520,Cc1cccc(C[n+]2ccc(COc3ccc4c(C)cc(=O)oc4c3)cc2)c1.[Br-],SBLXOXLJUZQAJL-UHFFFAOYSA-M,IC50,IC50,5.8,10.1016/j.ejmech.2017.07.055,2017,18517502
MAOB_HUMAN_IC50,Human MAO-B,primary,CHEMBL2039,Amine oxidase [flavin-containing] B,Homo sapiens,CHEMBL3261213,CCC(C)NC(=O)c1cc2cc([N+](=O)[O-])ccc2oc1=O,RZJKXCKANIANFB-UHFFFAOYSA-N,IC50,IC50,4.76,10.1016/j.bmc.2014.05.002,2014,15044540
MAOB_HUMAN_IC50,Human MAO-B,primary,CHEMBL2039,Amine oxidase [flavin-containing] B,Homo sapiens,CHEMBL3261213,CCC(C)NC(=O)c1cc2cc([N+](=O)[O-])ccc2oc1=O,RZJKXCKANIANFB-UHFFFAOYSA-N,IC50,IC50,4.72,10.1016/j.ejmech.2014.04.060,2014,14662204
MAOB_HUMAN_IC50,Human MAO-B,primary,CHEMBL2039,Amine oxidase [flavin-containing] B,Homo sapiens,CHEMBL3417304,O=c1ccc2ccc(OCCCCCN3CCN(CCCNc4c5c(nc6ccccc46)CCCC5)CC3)cc2o1,TWJIVHLWRFWASS-UHFFFAOYSA-N,IC50,IC50,5.64,10.1016/j.ejmech.2015.03.040,2015,15219047
MAOB_HUMAN_IC50,Human MAO-B,primary,CHEMBL2039,Amine oxidase [flavin-containing] B,Homo sapiens,CHEMBL439811,CC(=O)Nc1cccc(COc2ccc3c(C)c(C)c(=O)oc3c2)c1,ASJMGIDIRXYFDQ-UHFFFAOYSA-N,IC50,IC50,8.1,10.1021/jm060441e,2006,1773841
MAOB_HUMAN_IC50,Human MAO-B,primary,CHEMBL2039,Amine oxidase [flavin-containing] B,Homo sapiens,CHEMBL1830811,CCOC(=O)c1cc2cc(Cl)cc(Br)c2oc1=O,DGCHIPOUBUMPLH-UHFFFAOYSA-N,IC50,IC50,4.76,10.1016/j.ejmech.2011.07.017,2011,6361437
MAOB_HUMAN_IC50,Human MAO-B,primary,CHEMBL2039,Amine oxidase [flavin-containing] B,Homo sapiens,CHEMBL1830834,O=C(NNc1ccc([N+](=O)[O-])cc1[N+](=O)[O-])c1cc2ccccc2oc1=O,VKIIHNVXLRYMDY-UHFFFAOYSA-N,IC50,IC50,4.25,10.1016/j.ejmech.2011.07.017,2011,6361464
MAOB_HUMAN_IC50,Human MAO-B,primary,CHEMBL2039,Amine oxidase [flavin-containing] B,Homo sapiens,CHEMBL3261200,O=C(NCCCN1CCOCC1)c1cc2cc(Br)cc(Br)c2oc1=O,JTUWLJUHILAUBB-UHFFFAOYSA-N,IC50,IC50,4.98,10.1016/j.ejmech.2014.04.060,2014,14662192
MAOB_HUMAN_IC50,Human MAO-B,primary,CHEMBL2039,Amine oxidase [flavin-containing] B,Homo sapiens,CHEMBL459523,Cc1cc(=O)oc2c(C)c(O)ccc12,MVMMGVPSTRNMSV-UHFFFAOYSA-N,IC50,IC50,4.15,10.1021/jm800656v,2008,2592785
MAOB_HUMAN_IC50,Human MAO-B,primary,CHEMBL2039,Amine oxidase [flavin-containing] B,Homo sapiens,CHEMBL3763819,O=c1ccc2ccc(OCCCNC3CCN(Cc4ccccc4)CC3)cc2o1,HXYMYZXCUHALCL-UHFFFAOYSA-N,IC50,IC50,4.9,10.1016/j.bmc.2016.02.023,2016,16481085
MAOB_HUMAN_IC50,Human MAO-B,primary,CHEMBL2039,Amine oxidase [flavin-containing] B,Homo sapiens,CHEMBL3765293,O=c1cc(Cl)c2ccc(OCCNC3CCN(Cc4ccccc4)CC3)cc2o1,XATVGNRTOUJFHU-UHFFFAOYSA-N,IC50,IC50,4.47,10.1016/j.bmc.2016.02.023,2016,16481088
MAOB_HUMAN_IC50,Human MAO-B,primary,CHEMBL2039,Amine oxidase [flavin-containing] B,Homo sapiens,CHEMBL3417293,O=c1oc2cc(OCCN3CCN(CCCNc4c5c(nc6ccccc46)CCCC5)CC3)ccc2c2c1CCCC2,OSIQHLHPEJAMTO-UHFFFAOYSA-N,IC50,IC50,5.82,10.1016/j.ejmech.2015.03.040,2015,15219057
MAOB_HUMAN_IC50,Human MAO-B,primary,CHEMBL2039,Amine oxidase [flavin-containing] B,Homo sapiens,CHEMBL4472789,Cc1c(C)c2ccc(OCC3CCN(Cc4ccccc4)CC3)cc2oc1=O.Cl,PQISJODIMAREMD-UHFFFAOYSA-N,IC50,IC50,6.98,10.1021/acs.jmedchem.6b00562,2016,19406940
MAOB_HUMAN_IC50,Human MAO-B,primary,CHEMBL2039,Amine oxidase [flavin-containing] B,Homo sapiens,CHEMBL1934673,COc1ccc(-c2c(O)c3cc(C)ccc3oc2=O)cc1,HLIFVPNNVKNZGV-UHFFFAOYSA-N,IC50,IC50,4.49,10.1016/j.bmcl.2011.11.020,2012,7994127
MAOB_HUMAN_IC50,Human MAO-B,primary,CHEMBL2039,Amine oxidase [flavin-containing] B,Homo sapiens,CHEMBL470221,O=C(Nc1ccc(F)cc1)c1cc2ccccc2oc1=O,NBXFKAVYIKTFOG-UHFFFAOYSA-N,IC50,IC50,7.17,10.1021/jm801496u,2009,2411345
MAOB_HUMAN_IC50,Human MAO-B,primary,CHEMBL2039,Amine oxidase [flavin-containing] B,Homo sapiens,CHEMBL274030,Cc1c(C)c2ccc(OCc3ccc(Cl)cc3)cc2oc1=O,LVUUTOUXLZZNQA-UHFFFAOYSA-N,IC50,IC50,8.83,10.1021/jm060441e,2006,1773833
MAOB_HUMAN_IC50,Human MAO-B,primary,CHEMBL2039,Amine oxidase [flavin-containing] B,Homo sapiens,CHEMBL274030,Cc1c(C)c2ccc(OCc3ccc(Cl)cc3)cc2oc1=O,LVUUTOUXLZZNQA-UHFFFAOYSA-N,IC50,IC50,8.19,10.1016/j.bmc.2016.09.050,2016,16766893
MAOB_HUMAN_IC50,Human MAO-B,primary,CHEMBL2039,Amine oxidase [flavin-containing] B,Homo sapiens,CHEMBL1835225,Cc1ccc(-c2cc3cc(O)ccc3oc2=O)cc1,VDRJEZWOTHENFG-UHFFFAOYSA-N,IC50,IC50,7.17,10.1021/jm200716y,2011,6383782
MAOB_HUMAN_IC50,Human MAO-B,primary,CHEMBL2039,Amine oxidase [flavin-containing] B,Homo sapiens,CHEMBL109085,Cc1cccc(COc2ccc3c(C)c(C)c(=O)oc3c2)c1,XZZUNARGJTUDCF-UHFFFAOYSA-N,IC50,IC50,8.92,10.1021/jm060441e,2006,1773844
MAOB_HUMAN_IC50,Human MAO-B,primary,CHEMBL2039,Amine oxidase [flavin-containing] B,Homo sapiens,CHEMBL3394543,O=c1oc2cc(NCc3ccccc3O)ccc2c2c1CCCC2,NQCAJYOGNIFWNF-UHFFFAOYSA-N,IC50,IC50,5.91,10.1016/j.bmcl.2014.12.034,2015,15144165
MAOB_HUMAN_IC50,Human MAO-B,primary,CHEMBL2039,Amine oxidase [flavin-containing] B,Homo sapiens,CHEMBL1830829,NNC(=O)c1cc2ccccc2oc1=O,CYBJAPNIFNGQQR-UHFFFAOYSA-N,IC50,IC50,8.49,10.1016/j.ejmech.2011.07.017,2011,6361466
MAOB_HUMAN_IC50,Human MAO-B,primary,CHEMBL2039,Amine oxidase [flavin-containing] B,Homo sapiens,CHEMBL1796807,O=C(c1ccccc1)c1cc2cc(Br)cc(O)c2oc1=O,NAUIAKAPZHKDRT-UHFFFAOYSA-N,IC50,IC50,4.13,10.1016/j.bmcl.2011.05.074,2011,6260771
MAOB_HUMAN_IC50,Human MAO-B,primary,CHEMBL2039,Amine oxidase [flavin-containing] B,Homo sapiens,CHEMBL5393927,COc1ccc(C(=O)Nc2c(O)ccc3c(C)cc(=O)oc23)cc1,CHRFFYTZXZSYFI-UHFFFAOYSA-N,IC50,IC50,5.21,10.1016/j.ejmech.2023.115091,2023,25461204
MAOB_HUMAN_IC50,Human MAO-B,primary,CHEMBL2039,Amine oxidase [flavin-containing] B,Homo sapiens,CHEMBL513209,O=C(O)c1ccc(NC(=O)c2cc3ccccc3oc2=O)cc1,IMGLCZZPWOJMLB-UHFFFAOYSA-N,IC50,IC50,5.94,10.1021/jm801496u,2009,2411346
MAOB_HUMAN_IC50,Human MAO-B,primary,CHEMBL2039,Amine oxidase [flavin-containing] B,Homo sapiens,CHEMBL4466943,COc1ccc2cc(C(=O)CCN(C)C)c(=O)oc2c1.Cl,SIGCFWRFZVRIMS-UHFFFAOYSA-N,IC50,IC50,4.68,10.1016/j.ejmech.2019.04.016,2019,19030114
MAOB_HUMAN_IC50,Human MAO-B,primary,CHEMBL2039,Amine oxidase [flavin-containing] B,Homo sapiens,CHEMBL3360735,Cc1ccc2oc(=O)c(-c3ccc(N)cc3)cc2c1,ZZAMGYGTJZMFKR-UHFFFAOYSA-N,IC50,IC50,8.39,10.1016/j.bmcl.2014.12.001,2015,14993863
MAOB_HUMAN_IC50,Human MAO-B,primary,CHEMBL2039,Amine oxidase [flavin-containing] B,Homo sapiens,CHEMBL1830824,O=C(O)c1cc2cc(I)cc(I)c2oc1=O,CMBVBZQPXISBGS-UHFFFAOYSA-N,IC50,IC50,4.75,10.1016/j.ejmech.2011.07.017,2011,6361436
MAOB_HUMAN_IC50,Human MAO-B,primary,CHEMBL2039,Amine oxidase [flavin-containing] B,Homo sapiens,CHEMBL4543997,CCN(CC)CCC(=O)c1cc2ccc(O)cc2oc1=O.Cl,NTDJWSUXYXRHJW-UHFFFAOYSA-N,IC50,IC50,4.03,10.1016/j.ejmech.2019.04.016,2019,19030109
MAOB_HUMAN_IC50,Human MAO-B,primary,CHEMBL2039,Amine oxidase [flavin-containing] B,Homo sapiens,CHEMBL4216733,C#CCN(CCCOc1ccc2ccc(=O)oc2c1)Cc1cccc(F)c1,CXVKTQZYCHOJIJ-UHFFFAOYSA-N,IC50,IC50,5.35,10.1016/j.ejmech.2017.07.008,2017,18514938
MAOB_HUMAN_IC50,Human MAO-B,primary,CHEMBL2039,Amine oxidase [flavin-containing] B,Homo sapiens,CHEMBL4215298,C#CCN(C)CCCCOc1ccc2ccc(=O)oc2c1,QYIDTLNEEJCIJR-UHFFFAOYSA-N,IC50,IC50,7.57,10.1016/j.ejmech.2017.07.008,2017,18514949
MAOB_HUMAN_IC50,Human MAO-B,primary,CHEMBL2039,Amine oxidase [flavin-containing] B,Homo sapiens,CHEMBL4210358,C#CCN(C)CCCOc1ccc2ccc(=O)oc2c1,CBSGQNZTFCTGCR-UHFFFAOYSA-N,IC50,IC50,5.96,10.1016/j.ejmech.2017.07.008,2017,18514948
MAOB_HUMAN_IC50,Human MAO-B,primary,CHEMBL2039,Amine oxidase [flavin-containing] B,Homo sapiens,CHEMBL4062286,COc1c(OC/C=C(\C)C[C@@H]2C=C(CCC(N)=O)C(=O)O2)ccc2ccc(=O)oc12,JJTHROCBOPPGSD-LRFDDAOPSA-N,IC50,IC50,6.84,10.1021/acs.jnatprod.6b00391,2017,18202206
MAOB_HUMAN_IC50,Human MAO-B,primary,CHEMBL2039,Amine oxidase [flavin-containing] B,Homo sapiens,CHEMBL3586611,CN(Cc1ccc(C#N)cc1)Cc1ccc(COc2ccc3c(CO)cc(=O)oc3c2)cc1.Cl,KADAYTHXZKIGHM-UHFFFAOYSA-N,IC50,IC50,8.24,10.1021/acs.jmedchem.5b00599,2015,15625526
MAOB_HUMAN_IC50,Human MAO-B,primary,CHEMBL2039,Amine oxidase [flavin-containing] B,Homo sapiens,CHEMBL3113647,CCCOc1ccc2oc(=O)c(CN3CCCC3)cc2c1,KEGKXLFTSCWKSQ-UHFFFAOYSA-N,IC50,IC50,4.65,10.1016/j.ejmech.2013.11.035,2014,13920855
MAOB_HUMAN_IC50,Human MAO-B,primary,CHEMBL2039,Amine oxidase [flavin-containing] B,Homo sapiens,CHEMBL3735711,Cc1ccc2oc(=O)c(-c3ccc(OCc4ccccc4)cc3)cc2c1,YYMVDIQKIDNJHQ-UHFFFAOYSA-N,IC50,IC50,6.98,10.1039/C4MD00437J,2015,16386439
MAOB_HUMAN_IC50,Human MAO-B,primary,CHEMBL2039,Amine oxidase [flavin-containing] B,Homo sapiens,CHEMBL4061479,O=c1cc(C(F)(F)F)c2ccc(OCCN3CCN(Cc4ccc(Br)cc4)CC3)cc2o1,PPBFHRUODSNVDJ-UHFFFAOYSA-N,IC50,IC50,5.25,10.1016/j.ejmech.2016.09.041,2017,18195013
MAOB_HUMAN_IC50,Human MAO-B,primary,CHEMBL2039,Amine oxidase [flavin-containing] B,Homo sapiens,CHEMBL488267,COc1cc(OCC(C)=O)cc2oc(=O)ccc12,BWTKPATVPFCUNN-UHFFFAOYSA-N,IC50,IC50,4.36,10.1021/jm800656v,2008,2592805
MAOB_HUMAN_IC50,Human MAO-B,primary,CHEMBL2039,Amine oxidase [flavin-containing] B,Homo sapiens,CHEMBL4063174,O=c1ccc2ccc(OCCN3CCCCC3)cc2o1,AKTQQPBLJUUZAV-UHFFFAOYSA-N,IC50,IC50,5.04,10.1016/j.ejmech.2016.09.041,2017,18195002
MAOB_HUMAN_IC50,Human MAO-B,primary,CHEMBL2039,Amine oxidase [flavin-containing] B,Homo sapiens,CHEMBL4550762,Cc1c(C)c2ccc(OCC3CCN(Cc4ccc(CCO)cc4)CC3)cc2oc1=O,VENFDSBABDYZEE-UHFFFAOYSA-N,IC50,IC50,6.92,10.1016/j.ejmech.2018.10.016,2019,18936915
MAOB_HUMAN_IC50,Human MAO-B,primary,CHEMBL2039,Amine oxidase [flavin-containing] B,Homo sapiens,CHEMBL3586610,CN(Cc1ccc(COc2ccc3c(CO)cc(=O)oc3c2)cc1)Cc1cccc(Cl)c1.Cl,FZZXGKUKZACCKL-UHFFFAOYSA-N,IC50,IC50,7.62,10.1021/acs.jmedchem.5b00599,2015,15625525
MAOB_HUMAN_IC50,Human MAO-B,primary,CHEMBL2039,Amine oxidase [flavin-containing] B,Homo sapiens,CHEMBL469976,O=C(NCc1ccccc1)c1cc2ccccc2oc1=O,BEUWFLKNYNXOJA-UHFFFAOYSA-N,IC50,IC50,5.71,10.1021/jm801496u,2009,2411362
MAOB_HUMAN_IC50,Human MAO-B,primary,CHEMBL2039,Amine oxidase [flavin-containing] B,Homo sapiens,CHEMBL145452,COc1ccc(S(=O)(=O)Oc2ccc3c(C)c(C)c(=O)oc3c2)cc1,VBPNIRNKMDDCEE-UHFFFAOYSA-N,IC50,IC50,6.7,10.1021/jm060441e,2006,1773849
MAOB_HUMAN_IC50,Human MAO-B,primary,CHEMBL2039,Amine oxidase [flavin-containing] B,Homo sapiens,CHEMBL109018,Cc1c(C)c2ccc(OCc3cccc(Cl)c3)cc2oc1=O,QYAGHNCHSVGMMO-UHFFFAOYSA-N,IC50,IC50,8.67,10.1021/jm060441e,2006,1773839
MAOB_HUMAN_IC50,Human MAO-B,primary,CHEMBL2039,Amine oxidase [flavin-containing] B,Homo sapiens,CHEMBL109018,Cc1c(C)c2ccc(OCc3cccc(Cl)c3)cc2oc1=O,QYAGHNCHSVGMMO-UHFFFAOYSA-N,IC50,IC50,8.48,10.1021/jm7009364,2008,2077437
MAOB_HUMAN_IC50,Human MAO-B,primary,CHEMBL2039,Amine oxidase [flavin-containing] B,Homo sapiens,CHEMBL3735436,Cc1ccc2oc(=O)c(-c3c[nH]c4ccccc34)cc2c1,TYLMPTOYFALMLU-UHFFFAOYSA-N,IC50,IC50,5.25,10.1039/C4MD00437J,2015,16386446
MAOB_HUMAN_IC50,Human MAO-B,primary,CHEMBL2039,Amine oxidase [flavin-containing] B,Homo sapiens,CHEMBL4215743,COc1ccc2oc(=O)c(-c3ccc(Br)nn3)cc2c1,QYOQIVUTBJSTIG-UHFFFAOYSA-N,IC50,IC50,6.25,10.1016/j.ejmech.2017.07.045,2017,18517398
MAOB_HUMAN_IC50,Human MAO-B,primary,CHEMBL2039,Amine oxidase [flavin-containing] B,Homo sapiens,CHEMBL3735661,Cc1ccc2oc(=O)c(-c3cccc4ccccc34)cc2c1,QIKZGWFGTJQVPV-UHFFFAOYSA-N,IC50,IC50,5.19,10.1039/C4MD00437J,2015,16386445
MAOB_HUMAN_IC50,Human MAO-B,primary,CHEMBL2039,Amine oxidase [flavin-containing] B,Homo sapiens,CHEMBL3394542,Cc1c(Cl)c(=O)oc2cc(NCc3ccccc3O)ccc12,HBYCVBOUPPRPRS-UHFFFAOYSA-N,IC50,IC50,6.27,10.1016/j.bmcl.2014.12.034,2015,15144166
MAOB_HUMAN_IC50,Human MAO-B,primary,CHEMBL2039,Amine oxidase [flavin-containing] B,Homo sapiens,CHEMBL484769,Cc1cccc(Cl)c1NC(=O)c1cc2ccc(OCc3ccc(F)cc3)cc2oc1=O,KVTOGESHVLOYQH-UHFFFAOYSA-N,IC50,IC50,4.38,10.1021/jm801496u,2009,2411375
MAOB_HUMAN_IC50,Human MAO-B,primary,CHEMBL2039,Amine oxidase [flavin-containing] B,Homo sapiens,CHEMBL4445352,CCc1c(O)c(=O)ccn1Cc1cc2ccc(OCc3ccccc3)cc2oc1=O,ZJVOIPFVGVYXJF-UHFFFAOYSA-N,IC50,IC50,6.89,10.1016/j.ejmech.2019.07.031,2019,19098400
MAOB_HUMAN_IC50,Human MAO-B,primary,CHEMBL2039,Amine oxidase [flavin-containing] B,Homo sapiens,CHEMBL4091054,Cc1cc(=O)oc2cc(OCCN3CCCCC3)ccc12,HXLHJAZHIGHCJV-UHFFFAOYSA-N,IC50,IC50,5.51,10.1016/j.ejmech.2016.09.041,2017,18195003
MAOB_HUMAN_IC50,Human MAO-B,primary,CHEMBL2039,Amine oxidase [flavin-containing] B,Homo sapiens,CHEMBL445184,Cc1cccc(NC(=O)c2cc3ccccc3oc2=O)c1,XUNAVIWFCXQWCJ-UHFFFAOYSA-N,IC50,IC50,6.22,10.1021/jm801496u,2009,2411336
MAOB_HUMAN_IC50,Human MAO-B,primary,CHEMBL2039,Amine oxidase [flavin-containing] B,Homo sapiens,CHEMBL445184,Cc1cccc(NC(=O)c2cc3ccccc3oc2=O)c1,XUNAVIWFCXQWCJ-UHFFFAOYSA-N,IC50,IC50,6.03,10.1016/j.ejmech.2014.04.060,2014,14662190
MAOB_HUMAN_IC50,Human MAO-B,primary,CHEMBL2039,Amine oxidase [flavin-containing] B,Homo sapiens,CHEMBL4460538,Cc1c(C)c2ccc(OCC3CCCN(Cc4cccc(Br)c4)C3)cc2oc1=O,VMOZXXDRTUKKLO-UHFFFAOYSA-N,IC50,IC50,7.58,10.1021/acs.jmedchem.6b00562,2016,19406950
MAOB_HUMAN_IC50,Human MAO-B,primary,CHEMBL2039,Amine oxidase [flavin-containing] B,Homo sapiens,CHEMBL4460538,Cc1c(C)c2ccc(OCC3CCCN(Cc4cccc(Br)c4)C3)cc2oc1=O,VMOZXXDRTUKKLO-UHFFFAOYSA-N,IC50,IC50,6.71,10.1021/acs.jmedchem.6b00562,2016,19406951
MAOB_HUMAN_IC50,Human MAO-B,primary,CHEMBL2039,Amine oxidase [flavin-containing] B,Homo sapiens,CHEMBL1835230,COc1ccc(-c2cc3cc(C)ccc3oc2=O)cc1OC,YTRDYTYOUZRVHZ-UHFFFAOYSA-N,IC50,IC50,8.56,10.1021/jm200716y,2011,6383791
MAOB_HUMAN_IC50,Human MAO-B,primary,CHEMBL2039,Amine oxidase [flavin-containing] B,Homo sapiens,CHEMBL5570372,NS(=O)(=O)c1ccc(NC(=O)COc2ccc3ccc(=O)oc3c2)c(Cl)c1,YGNRYCNTKYZEBJ-UHFFFAOYSA-N,IC50,IC50,5.76,10.1021/acs.jmedchem.4c00045,2024,25934227
MAOB_HUMAN_IC50,Human MAO-B,primary,CHEMBL2039,Amine oxidase [flavin-containing] B,Homo sapiens,CHEMBL3261203,Cc1cccc(NC(=O)c2cc3cc(Br)cc(Br)c3oc2=O)c1,NCXOMBJUACKHHU-UHFFFAOYSA-N,IC50,IC50,4.67,10.1016/j.ejmech.2014.04.060,2014,14662195
MAOB_HUMAN_IC50,Human MAO-B,primary,CHEMBL2039,Amine oxidase [flavin-containing] B,Homo sapiens,CHEMBL356714,Cc1c(C)c2ccc(OCc3cccc(C#N)c3)cc2oc1=O,KVCCRDOTNLCYNF-UHFFFAOYSA-N,IC50,IC50,8.85,10.1021/jm060441e,2006,1773837
MAOB_HUMAN_IC50,Human MAO-B,primary,CHEMBL2039,Amine oxidase [flavin-containing] B,Homo sapiens,CHEMBL4439360,Cl.O=C(CCN1CCOCC1)c1cc2cc(Br)c(O)c(Br)c2oc1=O,LQWIPXBJGTXBON-UHFFFAOYSA-N,IC50,IC50,4.85,10.1016/j.ejmech.2019.04.016,2019,19030119
MAOB_HUMAN_IC50,Human MAO-B,primary,CHEMBL2039,Amine oxidase [flavin-containing] B,Homo sapiens,CHEMBL4550005,Cc1cc(O)cc2oc(=O)c(C(=O)CCN3CCCC3)cc12.Cl,TUKISILMBDAVPJ-UHFFFAOYSA-N,IC50,IC50,4.36,10.1016/j.ejmech.2019.04.016,2019,19030124
MAOB_HUMAN_IC50,Human MAO-B,primary,CHEMBL2039,Amine oxidase [flavin-containing] B,Homo sapiens,CHEMBL1830810,CCOC(=O)c1cc2cc(OC)ccc2oc1=O,YGHIIBLLAKLTBT-UHFFFAOYSA-N,IC50,IC50,4.67,10.1016/j.ejmech.2011.07.017,2011,6361440
MAOB_HUMAN_IC50,Human MAO-B,primary,CHEMBL2039,Amine oxidase [flavin-containing] B,Homo sapiens,CHEMBL4208961,Cc1cc(=O)oc2cc(OCc3cc[n+](Cc4ccccc4Br)cc3)ccc12.[Br-],HGSMDYBCEIXINY-UHFFFAOYSA-M,IC50,IC50,5.4,10.1016/j.ejmech.2017.07.055,2017,18517504
MAOB_HUMAN_IC50,Human MAO-B,primary,CHEMBL2039,Amine oxidase [flavin-containing] B,Homo sapiens,CHEMBL5403469,Cc1cc(=O)oc2c(NC(=O)CC(C)(C)C)c(O)ccc12,JXVIFRRDFWNRDS-UHFFFAOYSA-N,IC50,IC50,5.13,10.1016/j.ejmech.2023.115091,2023,25461198
MAOB_HUMAN_IC50,Human MAO-B,primary,CHEMBL2039,Amine oxidase [flavin-containing] B,Homo sapiens,CHEMBL4537471,COc1ccc2cc(C(=O)CCN3CCOCC3)c(=O)oc2c1.Cl,ZLBPATWAZZNPMT-UHFFFAOYSA-N,IC50,IC50,5.33,10.1016/j.ejmech.2019.04.016,2019,19030117
MAOB_HUMAN_IC50,Human MAO-B,primary,CHEMBL2039,Amine oxidase [flavin-containing] B,Homo sapiens,CHEMBL488072,CC(=O)COc1ccc2c(oc(=O)c3ccccc32)c1C,VNVLPLZRLNYOQH-UHFFFAOYSA-N,IC50,IC50,4.55,10.1021/jm800656v,2008,2592794
MAOB_HUMAN_IC50,Human MAO-B,primary,CHEMBL2039,Amine oxidase [flavin-containing] B,Homo sapiens,CHEMBL4205764,Cc1cc(=O)oc2cc(OCc3cc[n+](Cc4ccccc4F)cc3)ccc12.[Br-],DMGKKGXQFVPDLI-UHFFFAOYSA-M,IC50,IC50,5.38,10.1016/j.ejmech.2017.07.055,2017,18517498
MAOB_HUMAN_IC50,Human MAO-B,primary,CHEMBL2039,Amine oxidase [flavin-containing] B,Homo sapiens,CHEMBL4205833,COc1ccc(-c2cc3ccc(C)cc3oc2=O)nn1,PVXBIZPBCKHTBZ-UHFFFAOYSA-N,IC50,IC50,4.87,10.1016/j.ejmech.2017.07.045,2017,18517408
MAOB_HUMAN_IC50,Human MAO-B,primary,CHEMBL2039,Amine oxidase [flavin-containing] B,Homo sapiens,CHEMBL4642136,Cc1c(O)c(=O)ccn1CCNC(=O)c1cc2cc(O)ccc2oc1=O,CPYFQXLXVJEJPA-UHFFFAOYSA-N,IC50,IC50,6.73,10.1016/j.bmc.2020.115550,2020,20685911
MAOB_HUMAN_IC50,Human MAO-B,primary,CHEMBL2039,Amine oxidase [flavin-containing] B,Homo sapiens,CHEMBL4636030,CCOc1ccc2cc(C(=O)NCCn3ccc(=O)c(O)c3C)c(=O)oc2c1,LGGXTNYEHIGEJZ-UHFFFAOYSA-N,IC50,IC50,6.97,10.1016/j.bmc.2020.115550,2020,20685917
MAOB_HUMAN_IC50,Human MAO-B,primary,CHEMBL2039,Amine oxidase [flavin-containing] B,Homo sapiens,CHEMBL4634695,COc1ccc2cc(C(=O)NCCn3ccc(=O)c(O)c3C)c(=O)oc2c1,XMTMUVRRGUDZRR-UHFFFAOYSA-N,IC50,IC50,7.06,10.1016/j.bmc.2020.115550,2020,20685909
MAOB_HUMAN_IC50,Human MAO-B,primary,CHEMBL2039,Amine oxidase [flavin-containing] B,Homo sapiens,CHEMBL4634695,COc1ccc2cc(C(=O)NCCn3ccc(=O)c(O)c3C)c(=O)oc2c1,XMTMUVRRGUDZRR-UHFFFAOYSA-N,IC50,IC50,6.54,10.1016/j.ejmech.2022.114655,2022,25577933
MAOB_HUMAN_IC50,Human MAO-B,primary,CHEMBL2039,Amine oxidase [flavin-containing] B,Homo sapiens,CHEMBL3417300,Cc1c(C)c2ccc(OCCN3CCN(CCCNc4c5c(nc6ccccc46)CCCC5)CC3)cc2oc1=O,QXXGDBDNPIPTRF-UHFFFAOYSA-N,IC50,IC50,6.62,10.1016/j.ejmech.2015.03.040,2015,15219051
MAOB_HUMAN_IC50,Human MAO-B,primary,CHEMBL2039,Amine oxidase [flavin-containing] B,Homo sapiens,CHEMBL3261209,Cc1cccc(NC(=O)c2cc3cc([N+](=O)[O-])ccc3oc2=O)c1,ZMPAJQFBLHHVAL-UHFFFAOYSA-N,IC50,IC50,4.41,10.1016/j.ejmech.2014.04.060,2014,14662200
MAOB_HUMAN_IC50,Human MAO-B,primary,CHEMBL2039,Amine oxidase [flavin-containing] B,Homo sapiens,CHEMBL3417307,O=c1ccc2ccc(OCCN3CCN(CCCNc4c5c(nc6ccccc46)CCCC5)CC3)cc2o1,PIWUWOLYFQAYGB-UHFFFAOYSA-N,IC50,IC50,5.7,10.1016/j.ejmech.2015.03.040,2015,15219044
MAOB_HUMAN_IC50,Human MAO-B,primary,CHEMBL2039,Amine oxidase [flavin-containing] B,Homo sapiens,CHEMBL3297871,O=C(SCc1ccco1)c1cc2cc([N+](=O)[O-])ccc2oc1=O,KHERNNXSNWQEGF-UHFFFAOYSA-N,IC50,IC50,4.88,10.1016/j.bmc.2014.05.002,2014,15044551
MAOB_HUMAN_IC50,Human MAO-B,primary,CHEMBL2039,Amine oxidase [flavin-containing] B,Homo sapiens,CHEMBL3417309,O=c1ccc2ccc(OCCCCCN3CCN(CCNc4c5c(nc6ccccc46)CCCC5)CC3)cc2o1,CDBHIFNESFKIAT-UHFFFAOYSA-N,IC50,IC50,5.8,10.1016/j.ejmech.2015.03.040,2015,15219042
MAOB_HUMAN_IC50,Human MAO-B,primary,CHEMBL2039,Amine oxidase [flavin-containing] B,Homo sapiens,CHEMBL3417312,O=c1ccc2ccc(OCCN3CCN(CCNc4c5c(nc6ccccc46)CCCC5)CC3)cc2o1,UAPFPZISLYDWMP-UHFFFAOYSA-N,IC50,IC50,5.34,10.1016/j.ejmech.2015.03.040,2015,15219039
MAOB_HUMAN_IC50,Human MAO-B,primary,CHEMBL2039,Amine oxidase [flavin-containing] B,Homo sapiens,CHEMBL3629475,COc1ccc(/C=C/c2cc(OC)cc(OC)c2/C=C/C(=O)c2cc3ccc(Cl)cc3oc2=O)cc1,YPOIKOYWOZFNKV-RTYMFESYSA-N,IC50,IC50,5.13,10.1016/j.ejmech.2015.08.055,2015,15758462
MAOB_HUMAN_IC50,Human MAO-B,primary,CHEMBL2039,Amine oxidase [flavin-containing] B,Homo sapiens,CHEMBL3417296,O=c1cc(C(F)(F)F)c2ccc(OCCN3CCN(CCCNc4c5c(nc6ccccc46)CCCC5)CC3)cc2o1,KSBYNLFEJIVFPB-UHFFFAOYSA-N,IC50,IC50,4.54,10.1016/j.ejmech.2015.03.040,2015,15219055
MAOB_HUMAN_IC50,Human MAO-B,primary,CHEMBL2039,Amine oxidase [flavin-containing] B,Homo sapiens,CHEMBL494800,Cc1ccc2oc(=O)c(C(=O)Nc3ccc(Cl)cc3)cc2c1,KLSTVAQJRQHMEW-UHFFFAOYSA-N,IC50,IC50,7.96,10.1021/acs.jmedchem.7b00918,2017,18187106
MAOB_HUMAN_IC50,Human MAO-B,primary,CHEMBL2039,Amine oxidase [flavin-containing] B,Homo sapiens,CHEMBL4637509,Cc1c(O)c(=O)ccn1CCNC(=O)c1cc2ccc(OCc3cc(F)ccc3F)cc2oc1=O,YSQHGFDHOOBXMF-UHFFFAOYSA-N,IC50,IC50,6.94,10.1016/j.bmc.2020.115550,2020,20685923
MAOB_HUMAN_IC50,Human MAO-B,primary,CHEMBL2039,Amine oxidase [flavin-containing] B,Homo sapiens,CHEMBL4450045,Cc1c(C)c2ccc(OCC3CCN(Cc4cccc(CO)c4)CC3)cc2oc1=O,AKHUHXLIAAFKEN-UHFFFAOYSA-N,IC50,IC50,7.12,10.1016/j.ejmech.2018.10.016,2019,18936910
MAOB_HUMAN_IC50,Human MAO-B,primary,CHEMBL2039,Amine oxidase [flavin-containing] B,Homo sapiens,CHEMBL3764166,COc1cc(=O)oc2cc(OCCNC3CCN(Cc4ccccc4)CC3)ccc12,LQNPMZWHOLIOEU-UHFFFAOYSA-N,IC50,IC50,4.47,10.1016/j.bmc.2016.02.023,2016,16481089
MAOB_HUMAN_IC50,Human MAO-B,primary,CHEMBL2039,Amine oxidase [flavin-containing] B,Homo sapiens,CHEMBL1830793,CC(=O)c1cc2cc(O)ccc2oc1=O,HXMREWXYWPTCJD-UHFFFAOYSA-N,IC50,IC50,4.19,10.1016/j.ejmech.2011.07.017,2011,6361456
MAOB_HUMAN_IC50,Human MAO-B,primary,CHEMBL2039,Amine oxidase [flavin-containing] B,Homo sapiens,CHEMBL3121863,COC(=O)c1cc2ccc(OC/C=C(\C)CCC=C(C)C)cc2oc1=O,HMADAONXXOTVPK-XNTDXEJSSA-N,IC50,IC50,7.1,10.1016/j.bmc.2014.01.046,2014,13935918
MAOB_HUMAN_IC50,Human MAO-B,primary,CHEMBL2039,Amine oxidase [flavin-containing] B,Homo sapiens,CHEMBL3121796,COC(=O)c1cc2cc(OCCc3ccc(Cl)cc3)ccc2oc1=O,JTMIDHFDFOIFBW-UHFFFAOYSA-N,IC50,IC50,6.92,10.1016/j.bmc.2014.01.046,2014,13935920
MAOB_HUMAN_IC50,Human MAO-B,primary,CHEMBL2039,Amine oxidase [flavin-containing] B,Homo sapiens,CHEMBL3417302,Cc1cc(=O)oc2cc(OCCN3CCN(CCCNc4c5c(nc6ccccc46)CCCC5)CC3)ccc12,SMGUTCNZXGIUCJ-UHFFFAOYSA-N,IC50,IC50,5.75,10.1016/j.ejmech.2015.03.040,2015,15219049
MAOB_HUMAN_IC50,Human MAO-B,primary,CHEMBL2039,Amine oxidase [flavin-containing] B,Homo sapiens,CHEMBL3417306,O=c1ccc2ccc(OCCCN3CCN(CCCNc4c5c(nc6ccccc46)CCCC5)CC3)cc2o1,OXKYZMPZZYQADV-UHFFFAOYSA-N,IC50,IC50,5.65,10.1016/j.ejmech.2015.03.040,2015,15219045
MAOB_HUMAN_IC50,Human MAO-B,primary,CHEMBL2039,Amine oxidase [flavin-containing] B,Homo sapiens,CHEMBL4445345,Cc1cc(=O)oc2ccc(OC/C=C/CCn3cnc4c(N5CCCCC5)ncnc43)cc12,LIFICNZLRORTHU-XVNBXDOJSA-N,IC50,IC50,5.17,10.1016/j.bmc.2019.01.025,2019,18997125
MAOB_HUMAN_IC50,Human MAO-B,primary,CHEMBL2039,Amine oxidase [flavin-containing] B,Homo sapiens,CHEMBL4635429,COc1cccc2cc(C(=O)NCCn3ccc(=O)c(O)c3C)c(=O)oc12,QWVPYCDANLDVNL-UHFFFAOYSA-N,IC50,IC50,6.96,10.1016/j.bmc.2020.115550,2020,20685910
MAOB_HUMAN_IC50,Human MAO-B,primary,CHEMBL2039,Amine oxidase [flavin-containing] B,Homo sapiens,CHEMBL4635480,Cc1cc(=O)c(O)cn1CCNC(=O)c1cc2ccccc2oc1=O,CFWWOVHEGYSGNF-UHFFFAOYSA-N,IC50,IC50,6.89,10.1016/j.bmc.2020.115550,2020,20685907
MAOB_HUMAN_IC50,Human MAO-B,primary,CHEMBL2039,Amine oxidase [flavin-containing] B,Homo sapiens,CHEMBL4452340,CCc1c(O)c(=O)ccn1Cc1cc2ccc(OCc3cc(F)cc(F)c3)cc2oc1=O,AUFBLPZBQHDIQV-UHFFFAOYSA-N,IC50,IC50,6.65,10.1016/j.ejmech.2019.07.031,2019,19098410
MAOB_HUMAN_IC50,Human MAO-B,primary,CHEMBL2039,Amine oxidase [flavin-containing] B,Homo sapiens,CHEMBL3586576,Cc1c(C)c2ccc(OCCCCN(C)Cc3ccccc3)cc2oc1=O,RNIDTYKTGPWKIQ-UHFFFAOYSA-N,IC50,IC50,7.02,10.1021/acs.jmedchem.5b00599,2015,15625511
MAOB_HUMAN_IC50,Human MAO-B,primary,CHEMBL2039,Amine oxidase [flavin-containing] B,Homo sapiens,CHEMBL3736060,Cc1ccc2oc(=O)c(-c3cccc(OCCCCN(C)C)c3)cc2c1,HPNIMUYJXYOPAV-UHFFFAOYSA-N,IC50,IC50,5.95,10.1039/C4MD00437J,2015,16386433
MAOB_HUMAN_IC50,Human MAO-B,primary,CHEMBL2039,Amine oxidase [flavin-containing] B,Homo sapiens,CHEMBL3629813,C=CCc1cc(OC)c2oc(=O)c(C(=O)/C=C/c3c(/C=C/c4ccc(OC)cc4)cc(OC)cc3OC)cc2c1,GALOGIBAXJCZAA-IIXCLMFLSA-N,IC50,IC50,4.3,10.1016/j.ejmech.2015.08.055,2015,15758488
MAOB_HUMAN_IC50,Human MAO-B,primary,CHEMBL2039,Amine oxidase [flavin-containing] B,Homo sapiens,CHEMBL4208757,Cc1ccc2oc(=O)c(-c3ccc(Br)nn3)cc2c1,STRPPRZYSXFQRI-UHFFFAOYSA-N,IC50,IC50,5.67,10.1016/j.ejmech.2017.07.045,2017,18517395
MAOB_HUMAN_IC50,Human MAO-B,primary,CHEMBL2039,Amine oxidase [flavin-containing] B,Homo sapiens,CHEMBL3735254,CC(=O)Oc1ccccc1-c1cc2cc(C)ccc2oc1=O,SJTMWRBRKQTKOR-UHFFFAOYSA-N,IC50,IC50,6.03,10.1039/C4MD00437J,2015,16386425
MAOB_HUMAN_IC50,Human MAO-B,primary,CHEMBL2039,Amine oxidase [flavin-containing] B,Homo sapiens,CHEMBL3629467,COc1ccc(/C=C/c2cc(OC)cc(OC)c2/C=C/C(=O)c2cc3cccc(OC)c3oc2=O)cc1,OOBTUMRUJIOXHO-IIXCLMFLSA-N,IC50,IC50,4.65,10.1016/j.ejmech.2015.08.055,2015,15758475
MAOB_HUMAN_IC50,Human MAO-B,primary,CHEMBL2039,Amine oxidase [flavin-containing] B,Homo sapiens,CHEMBL5079544,CN(CCCO)Cc1ccc(COc2ccc3c(CO)cc(=O)oc3c2)cc1,LSEUJBVYGRJBEU-UHFFFAOYSA-N,IC50,IC50,6.38,10.1021/acs.jmedchem.1c01784,2022,24422259
MAOB_HUMAN_IC50,Human MAO-B,primary,CHEMBL2039,Amine oxidase [flavin-containing] B,Homo sapiens,CHEMBL4634082,Cc1c(O)c(=O)ccn1CCNC(=O)c1cc2ccc(OCc3cc(F)cc(F)c3)cc2oc1=O,UZKNLEFOUIHPGP-UHFFFAOYSA-N,IC50,IC50,6.9,10.1016/j.bmc.2020.115550,2020,20685924
MAOB_HUMAN_IC50,Human MAO-B,primary,CHEMBL2039,Amine oxidase [flavin-containing] B,Homo sapiens,CHEMBL3360731,Cc1ccc2oc(=O)c(-c3cccc([N+](=O)[O-])c3)cc2c1,QHMFVFSWIUVIKQ-UHFFFAOYSA-N,IC50,IC50,8.22,10.1016/j.bmcl.2014.12.001,2015,14993859
MAOB_HUMAN_IC50,Human MAO-B,primary,CHEMBL2039,Amine oxidase [flavin-containing] B,Homo sapiens,CHEMBL4078343,O=c1ccc2ccc(OCCN3CCC(Cc4ccccc4)CC3)cc2o1,XCOBFKVCBHODFF-UHFFFAOYSA-N,IC50,IC50,6.33,10.1016/j.ejmech.2016.09.041,2017,18195004
MAOB_HUMAN_IC50,Human MAO-B,primary,CHEMBL2039,Amine oxidase [flavin-containing] B,Homo sapiens,CHEMBL4097867,Cc1cc(=O)oc2cc(OCc3ccc(Br)cc3)ccc12,FVWAAOMTWGZPCD-UHFFFAOYSA-N,IC50,IC50,9.05,10.1016/j.ejmech.2016.09.041,2017,18194994
MAOB_HUMAN_IC50,Human MAO-B,primary,CHEMBL2039,Amine oxidase [flavin-containing] B,Homo sapiens,CHEMBL56918,C/C(=C\COc1ccc2ccc(=O)oc2c1)C1=CC(=O)C(C)(C)O1,OUTLLBZGJYDUQE-XYOKQWHBSA-N,IC50,IC50,6.84,10.1016/s0960-894x(02)00798-9,2002,953512
MAOB_HUMAN_IC50,Human MAO-B,primary,CHEMBL2039,Amine oxidase [flavin-containing] B,Homo sapiens,CHEMBL56918,C/C(=C\COc1ccc2ccc(=O)oc2c1)C1=CC(=O)C(C)(C)O1,OUTLLBZGJYDUQE-XYOKQWHBSA-N,IC50,IC50,4.62,10.1016/j.ejmech.2018.01.003,2018,25040004
MAOB_HUMAN_IC50,Human MAO-B,primary,CHEMBL2039,Amine oxidase [flavin-containing] B,Homo sapiens,CHEMBL3261201,Cc1ccccc1NC(=O)c1cc2cc(Br)cc(Br)c2oc1=O,JKNDSUFKVDNADD-UHFFFAOYSA-N,IC50,IC50,5.33,10.1016/j.ejmech.2014.04.060,2014,14662193
MAOB_HUMAN_IC50,Human MAO-B,primary,CHEMBL2039,Amine oxidase [flavin-containing] B,Homo sapiens,CHEMBL108697,Cc1c(C)c2ccc(OCc3cccc(F)c3)cc2oc1=O,XGJZBERLEOSMIT-UHFFFAOYSA-N,IC50,IC50,9.04,10.1021/jm060441e,2006,1773840
MAOB_HUMAN_IC50,Human MAO-B,primary,CHEMBL2039,Amine oxidase [flavin-containing] B,Homo sapiens,CHEMBL108697,Cc1c(C)c2ccc(OCc3cccc(F)c3)cc2oc1=O,XGJZBERLEOSMIT-UHFFFAOYSA-N,IC50,IC50,8.3,10.1016/j.bmc.2016.09.050,2016,16766892
MAOB_HUMAN_IC50,Human MAO-B,primary,CHEMBL2039,Amine oxidase [flavin-containing] B,Homo sapiens,CHEMBL5094348,Cc1c(C)c2ccc(OCCCN(Cc3cccc(F)c3)C(C)C)cc2oc1=O,XEKGDDSQICBFDK-UHFFFAOYSA-N,IC50,IC50,6.46,10.1021/acs.jmedchem.1c01784,2022,24422248
MAOB_HUMAN_IC50,Human MAO-B,primary,CHEMBL2039,Amine oxidase [flavin-containing] B,Homo sapiens,CHEMBL4646565,Cc1cccc(COc2ccc3cc(C(=O)NCCn4ccc(=O)c(O)c4C)c(=O)oc3c2)c1,CWHQWRHOEGFMOM-UHFFFAOYSA-N,IC50,IC50,6.84,10.1016/j.bmc.2020.115550,2020,20685928
MAOB_HUMAN_IC50,Human MAO-B,primary,CHEMBL2039,Amine oxidase [flavin-containing] B,Homo sapiens,CHEMBL1830801,CCN(CC)c1ccc2cc(C(=O)c3ccccc3)c(=O)oc2c1,CPVJWBWVJUAOMV-UHFFFAOYSA-N,IC50,IC50,4.62,10.1016/j.ejmech.2011.07.017,2011,6361435
MAOB_HUMAN_IC50,Human MAO-B,primary,CHEMBL2039,Amine oxidase [flavin-containing] B,Homo sapiens,CHEMBL3586583,CCN(CCCCCCOc1ccc2c(C)c(C)c(=O)oc2c1)Cc1ccccc1.Cl,OBKRRCVVXDEWRI-UHFFFAOYSA-N,IC50,IC50,7.75,10.1021/acs.jmedchem.5b00599,2015,15625514
MAOB_HUMAN_IC50,Human MAO-B,primary,CHEMBL2039,Amine oxidase [flavin-containing] B,Homo sapiens,CHEMBL3586608,CN(Cc1ccccc1)Cc1ccc(COc2ccc3c(CO)cc(=O)oc3c2)cc1.Cl,BNTJFASFUKYXFU-UHFFFAOYSA-N,IC50,IC50,8.0,10.1021/acs.jmedchem.5b00599,2015,15625524
MAOB_HUMAN_IC50,Human MAO-B,primary,CHEMBL2039,Amine oxidase [flavin-containing] B,Homo sapiens,CHEMBL3586608,CN(Cc1ccccc1)Cc1ccc(COc2ccc3c(CO)cc(=O)oc3c2)cc1.Cl,BNTJFASFUKYXFU-UHFFFAOYSA-N,IC50,IC50,8.0,10.1021/acsmedchemlett.2c00001,2022,24804528
MAOB_HUMAN_IC50,Human MAO-B,primary,CHEMBL2039,Amine oxidase [flavin-containing] B,Homo sapiens,CHEMBL3121781,C#CCCCOc1ccc2cc(NC(C)=O)c(=O)oc2c1,CRDZWWWAYLKDRN-UHFFFAOYSA-N,IC50,IC50,7.36,10.1016/j.bmc.2014.01.046,2014,13935935
MAOB_HUMAN_IC50,Human MAO-B,primary,CHEMBL2039,Amine oxidase [flavin-containing] B,Homo sapiens,CHEMBL4639488,Cc1c(O)c(=O)ccn1CCNC(=O)c1cc2ccc(OCc3ccc(C(C)(C)C)cc3)cc2oc1=O,BDXZEZPZMYUKGW-UHFFFAOYSA-N,IC50,IC50,6.91,10.1016/j.bmc.2020.115550,2020,20685930
MAOB_HUMAN_IC50,Human MAO-B,primary,CHEMBL2039,Amine oxidase [flavin-containing] B,Homo sapiens,CHEMBL3629471,COc1ccc(/C=C/c2cc(OC)cc(OC)c2/C=C/C(=O)c2cc3cccc(C)c3oc2=O)cc1,DNFLFTCBSYKFOU-IIXCLMFLSA-N,IC50,IC50,4.7,10.1016/j.ejmech.2015.08.055,2015,15758451
MAOB_HUMAN_IC50,Human MAO-B,primary,CHEMBL2039,Amine oxidase [flavin-containing] B,Homo sapiens,CHEMBL3297796,O=C(SCc1ccco1)c1cc2cc(Br)c(Br)cc2oc1=O,MCNKDIWLLBXTCD-UHFFFAOYSA-N,IC50,IC50,5.25,10.1016/j.bmc.2014.05.002,2014,15044549
MAOB_HUMAN_IC50,Human MAO-B,primary,CHEMBL2039,Amine oxidase [flavin-containing] B,Homo sapiens,CHEMBL3297791,O=C(Sc1ccc(Br)cc1)c1cc2ccccc2oc1=O,JDFPLBHEZSYSDM-UHFFFAOYSA-N,IC50,IC50,5.19,10.1016/j.bmc.2014.05.002,2014,15044544
MAOB_HUMAN_IC50,Human MAO-B,primary,CHEMBL2039,Amine oxidase [flavin-containing] B,Homo sapiens,CHEMBL3359944,O=c1cc(CCCl)c2ccc(OCc3cccc(Cl)c3)cc2o1,GLIOHWRSLRFKJG-UHFFFAOYSA-N,IC50,IC50,9.43,10.1016/j.ejmech.2022.114655,2022,25577918
MAOB_HUMAN_IC50,Human MAO-B,primary,CHEMBL2039,Amine oxidase [flavin-containing] B,Homo sapiens,CHEMBL5575791,NS(=O)(=O)c1ccc(NC(=O)COc2ccc3ccc(=O)oc3c2)c(F)c1,MDOZDKAJWGPIEH-UHFFFAOYSA-N,IC50,IC50,5.76,10.1021/acs.jmedchem.4c00045,2024,25934226
MAOB_HUMAN_IC50,Human MAO-B,primary,CHEMBL2039,Amine oxidase [flavin-containing] B,Homo sapiens,CHEMBL5563085,N#Cc1cc2ccc(OCc3ccc(S(N)(=O)=O)cc3)cc2oc1=O,PETOIJBKQCECMT-UHFFFAOYSA-N,IC50,IC50,7.45,10.1021/acs.jmedchem.4c00045,2024,25934265
MAOB_HUMAN_IC50,Human MAO-B,primary,CHEMBL2039,Amine oxidase [flavin-containing] B,Homo sapiens,CHEMBL4514364,CN(C)Cc1cc(=O)oc2cc(OCc3ccc(CO)cc3)ccc12,KHKOKABORMZOQA-UHFFFAOYSA-N,IC50,IC50,6.2,10.1016/j.ejmech.2018.10.016,2019,18936884
MAOB_HUMAN_IC50,Human MAO-B,primary,CHEMBL2039,Amine oxidase [flavin-containing] B,Homo sapiens,CHEMBL4514364,CN(C)Cc1cc(=O)oc2cc(OCc3ccc(CO)cc3)ccc12,KHKOKABORMZOQA-UHFFFAOYSA-N,IC50,IC50,6.11,10.1016/j.ejmech.2018.10.016,2019,18936924
MAOB_HUMAN_IC50,Human MAO-B,primary,CHEMBL2039,Amine oxidase [flavin-containing] B,Homo sapiens,CHEMBL4206927,C#CCN(CCCCOc1ccc2ccc(=O)oc2c1)Cc1ccc(C(C)C)cc1,ZHTUNTNEADBCIG-UHFFFAOYSA-N,IC50,IC50,5.46,10.1016/j.ejmech.2017.07.008,2017,18514942
MAOB_HUMAN_IC50,Human MAO-B,primary,CHEMBL2039,Amine oxidase [flavin-containing] B,Homo sapiens,CHEMBL4562275,Cc1c(C)c2ccc(OCCCCN3CCc4ccccc4C3)cc2oc1=O.Cl,RJPQERYQTJPVBX-UHFFFAOYSA-N,IC50,IC50,6.21,10.1021/acs.jmedchem.6b00562,2016,19406958
MAOB_HUMAN_IC50,Human MAO-B,primary,CHEMBL2039,Amine oxidase [flavin-containing] B,Homo sapiens,CHEMBL3121783,C#CCCCOc1ccc2c(C)cc(=O)oc2c1,REPSGCFMBLDAAK-UHFFFAOYSA-N,IC50,IC50,7.74,10.1016/j.bmc.2014.01.046,2014,13935933
MAOB_HUMAN_IC50,Human MAO-B,primary,CHEMBL2039,Amine oxidase [flavin-containing] B,Homo sapiens,CHEMBL3121777,C#CCCCOc1ccc2cc(C(=O)c3ccc(OC)cc3)c(=O)oc2c1,PRTRRTCXJMFTIT-UHFFFAOYSA-N,IC50,IC50,6.27,10.1016/j.bmc.2014.01.046,2014,13935939
MAOB_HUMAN_IC50,Human MAO-B,primary,CHEMBL2039,Amine oxidase [flavin-containing] B,Homo sapiens,CHEMBL2376885,O=C(Nc1cc2ccccc2oc1=O)OCc1ccccc1,NKZOGSNXAOKDMO-UHFFFAOYSA-N,IC50,IC50,7.35,10.1016/j.ejmech.2013.02.009,2013,13279594
MAOB_HUMAN_IC50,Human MAO-B,primary,CHEMBL2039,Amine oxidase [flavin-containing] B,Homo sapiens,CHEMBL4086218,Cc1cc(=O)oc2cc(OCCN3CCN(Cc4ccc(Br)cc4)CC3)ccc12,QUQIBOOPHFOKQS-UHFFFAOYSA-N,IC50,IC50,5.44,10.1016/j.ejmech.2016.09.041,2017,18195010
MAOB_HUMAN_IC50,Human MAO-B,primary,CHEMBL2039,Amine oxidase [flavin-containing] B,Homo sapiens,CHEMBL4529750,Cc1cc2ccc(OCC3CCN(Cc4cccc(CO)c4)CC3)cc2oc1=O,IUWHHNQVLYBBQI-UHFFFAOYSA-N,IC50,IC50,5.96,10.1016/j.ejmech.2018.10.016,2019,18936914
MAOB_HUMAN_IC50,Human MAO-B,primary,CHEMBL2039,Amine oxidase [flavin-containing] B,Homo sapiens,CHEMBL145374,O=c1cc(-c2ccccc2)c2ccc(OCc3ccccc3)cc2o1,DQQCMCHMGYUJJS-UHFFFAOYSA-N,IC50,IC50,6.59,10.1021/jm060441e,2006,1773856
MAOB_HUMAN_IC50,Human MAO-B,primary,CHEMBL2039,Amine oxidase [flavin-containing] B,Homo sapiens,CHEMBL5583585,Cc1c(Cl)c(=O)oc2cc(OCc3ccc(S(N)(=O)=O)cc3)ccc12,SLRCWYQROAXBEJ-UHFFFAOYSA-N,IC50,IC50,8.17,10.1021/acs.jmedchem.4c00045,2024,25934253
MAOB_HUMAN_IC50,Human MAO-B,primary,CHEMBL2039,Amine oxidase [flavin-containing] B,Homo sapiens,CHEMBL1830799,O=C(c1ccccc1)c1cc2cccc(O)c2oc1=O,GHSHPXGUHBVDRU-UHFFFAOYSA-N,IC50,IC50,4.57,10.1016/j.ejmech.2011.07.017,2011,6361451
MAOB_HUMAN_IC50,Human MAO-B,primary,CHEMBL2039,Amine oxidase [flavin-containing] B,Homo sapiens,CHEMBL3297794,CCCCSC(=O)c1cc2ccccc2oc1=O,YZAQDIUEJFLWHX-UHFFFAOYSA-N,IC50,IC50,4.8,10.1016/j.bmc.2014.05.002,2014,15044547
MAOB_HUMAN_IC50,Human MAO-B,primary,CHEMBL2039,Amine oxidase [flavin-containing] B,Homo sapiens,CHEMBL1830830,O=C(NNc1ccccc1)c1cc2ccccc2oc1=O,GQJLBGXDQVEXKH-UHFFFAOYSA-N,IC50,IC50,5.34,10.1016/j.ejmech.2011.07.017,2011,6361426
MAOB_HUMAN_IC50,Human MAO-B,primary,CHEMBL2039,Amine oxidase [flavin-containing] B,Homo sapiens,CHEMBL4074339,Cc1ccc2oc(=O)c(C(=O)Nc3cccc(O)c3)cc2c1,GEYFJJNBFTTWCR-UHFFFAOYSA-N,IC50,IC50,7.34,10.1021/acs.jmedchem.7b00918,2017,18187108
MAOB_HUMAN_IC50,Human MAO-B,primary,CHEMBL2039,Amine oxidase [flavin-containing] B,Homo sapiens,CHEMBL4076698,COc1ccc2oc(=O)c(C(=O)Nc3ccccc3)cc2c1,LZSBQLYXKMMEIL-UHFFFAOYSA-N,IC50,IC50,8.22,10.1021/acs.jmedchem.7b00918,2017,18187115
MAOB_HUMAN_IC50,Human MAO-B,primary,CHEMBL2039,Amine oxidase [flavin-containing] B,Homo sapiens,CHEMBL3121793,COC(=O)c1cc2ccc(OCc3cccc(F)c3)cc2oc1=O,NCEUAXZXYIXBKB-UHFFFAOYSA-N,IC50,IC50,9.23,10.1016/j.bmc.2014.01.046,2014,13935923
MAOB_HUMAN_IC50,Human MAO-B,primary,CHEMBL2039,Amine oxidase [flavin-containing] B,Homo sapiens,CHEMBL4218045,COc1ccc2oc(=O)c(-c3ccc(OC)nn3)cc2c1,UENDJNMIDQUDHG-UHFFFAOYSA-N,IC50,IC50,4.96,10.1016/j.ejmech.2017.07.045,2017,18517410
MAOB_HUMAN_IC50,Human MAO-B,primary,CHEMBL2039,Amine oxidase [flavin-containing] B,Homo sapiens,CHEMBL3121785,C#CCCCCOc1ccc2oc(=O)c(C(=O)OC)cc2c1,HJVYWROYBSFGBH-UHFFFAOYSA-N,IC50,IC50,6.91,10.1016/j.bmc.2014.01.046,2014,13935931
MAOB_HUMAN_IC50,Human MAO-B,primary,CHEMBL2039,Amine oxidase [flavin-containing] B,Homo sapiens,CHEMBL3121865,CCCCCCOc1ccc2cc(C(=O)OC)c(=O)oc2c1,QOKVLUFMBVGFPC-UHFFFAOYSA-N,IC50,IC50,9.06,10.1016/j.bmc.2014.01.046,2014,13935916
MAOB_HUMAN_IC50,Human MAO-B,primary,CHEMBL2039,Amine oxidase [flavin-containing] B,Homo sapiens,CHEMBL149463,CC(=O)c1cc2ccccc2oc1=O,CSPIFKKOBWYOEX-UHFFFAOYSA-N,IC50,IC50,4.84,10.1016/j.ejmech.2011.07.017,2011,6361428
MAOB_HUMAN_IC50,Human MAO-B,primary,CHEMBL2039,Amine oxidase [flavin-containing] B,Homo sapiens,CHEMBL1830833,O=C(NNc1ccc(Cl)cc1)c1cc2ccccc2oc1=O,XCHALBKFILSDCE-UHFFFAOYSA-N,IC50,IC50,5.92,10.1016/j.ejmech.2011.07.017,2011,6361420
MAOB_HUMAN_IC50,Human MAO-B,primary,CHEMBL2039,Amine oxidase [flavin-containing] B,Homo sapiens,CHEMBL1830828,O=C(O)c1cc2ccc(OC3CCCCCC3)cc2oc1=O,MQTAJDBIYOUKGJ-UHFFFAOYSA-N,IC50,IC50,5.06,10.1016/j.ejmech.2011.07.017,2011,6361424
MAOB_HUMAN_IC50,Human MAO-B,primary,CHEMBL2039,Amine oxidase [flavin-containing] B,Homo sapiens,CHEMBL4580037,Cc1cc(=O)c(O)cn1Cc1cc2ccc(OCc3cccc(F)c3)cc2oc1=O,YBWJXLLXPMZOHT-UHFFFAOYSA-N,IC50,IC50,6.71,10.1016/j.ejmech.2019.07.031,2019,19098406
MAOB_HUMAN_IC50,Human MAO-B,primary,CHEMBL2039,Amine oxidase [flavin-containing] B,Homo sapiens,CHEMBL3629807,COc1ccc(/C=C/c2cc(OC)cc(OC)c2/C=C/C(=O)c2cc3ccc(Br)cc3oc2=O)cc1,VUIHXXXAELJOFV-RTYMFESYSA-N,IC50,IC50,4.26,10.1016/j.ejmech.2015.08.055,2015,15758483
MAOB_HUMAN_IC50,Human MAO-B,primary,CHEMBL2039,Amine oxidase [flavin-containing] B,Homo sapiens,CHEMBL4522440,Cc1c(O)c(=O)ccn1Cc1cc2ccc(OCc3ccc(F)cc3)cc2oc1=O,MRKQTXBMWPHPAB-UHFFFAOYSA-N,IC50,IC50,6.52,10.1016/j.ejmech.2019.07.031,2019,19098407
MAOB_HUMAN_IC50,Human MAO-B,primary,CHEMBL2039,Amine oxidase [flavin-containing] B,Homo sapiens,CHEMBL4634075,COc1ccc(COc2ccc3cc(C(=O)NCCn4ccc(=O)c(O)c4C)c(=O)oc3c2)cc1,VVDWXLJHPCRLCY-UHFFFAOYSA-N,IC50,IC50,6.84,10.1016/j.bmc.2020.115550,2020,20685926
MAOB_HUMAN_IC50,Human MAO-B,primary,CHEMBL2039,Amine oxidase [flavin-containing] B,Homo sapiens,CHEMBL145292,O=c1oc2cc(OCc3ccccc3)ccc2c2ccccc12,VABIAROAZJNLBQ-UHFFFAOYSA-N,IC50,IC50,8.95,10.1021/jm060441e,2006,1773851
MAOB_HUMAN_IC50,Human MAO-B,primary,CHEMBL2039,Amine oxidase [flavin-containing] B,Homo sapiens,CHEMBL4474935,Cc1c(C)c2ccc(OC3CCN(Cc4ccc(C#N)cc4)CC3)cc2oc1=O,NPBMASGVNYNLLH-UHFFFAOYSA-N,IC50,IC50,6.18,10.1021/acs.jmedchem.6b00562,2016,19406936
MAOB_HUMAN_IC50,Human MAO-B,primary,CHEMBL2039,Amine oxidase [flavin-containing] B,Homo sapiens,CHEMBL4206008,COc1cccc2cc(-c3ccc(Br)nn3)c(=O)oc12,XXOJEQAXZNXTCY-UHFFFAOYSA-N,IC50,IC50,4.89,10.1016/j.ejmech.2017.07.045,2017,18517400
MAOB_HUMAN_IC50,Human MAO-B,primary,CHEMBL2039,Amine oxidase [flavin-containing] B,Homo sapiens,CHEMBL276076,Cc1c(C)c2ccc(OCc3ccc(F)cc3)cc2oc1=O,QHRPUOKUBRYYKI-UHFFFAOYSA-N,IC50,IC50,8.81,10.1021/jm060441e,2006,1773834
MAOB_HUMAN_IC50,Human MAO-B,primary,CHEMBL2039,Amine oxidase [flavin-containing] B,Homo sapiens,CHEMBL5570926,CCN(CC)Cc1cc(=O)oc2cc(OCc3ccc(S(N)(=O)=O)cc3)ccc12,LOPXXAZRNQYWGO-UHFFFAOYSA-N,IC50,IC50,6.15,10.1021/acs.jmedchem.4c00045,2024,25934276
MAOB_HUMAN_IC50,Human MAO-B,primary,CHEMBL2039,Amine oxidase [flavin-containing] B,Homo sapiens,CHEMBL5568690,Cc1cc(=O)oc2cc(OCc3ccc(S(N)(=O)=O)cc3)ccc12,CVCGIAOEUWSTTJ-UHFFFAOYSA-N,IC50,IC50,7.95,10.1021/acs.jmedchem.4c00045,2024,25934273
MAOB_HUMAN_IC50,Human MAO-B,primary,CHEMBL2039,Amine oxidase [flavin-containing] B,Homo sapiens,CHEMBL4208341,C#CCN(CCCOc1ccc2ccc(=O)oc2c1)Cc1cccc(OC)c1,QOPOUAXGDKWZKV-UHFFFAOYSA-N,IC50,IC50,5.34,10.1016/j.ejmech.2017.07.008,2017,18514937
MAOB_HUMAN_IC50,Human MAO-B,primary,CHEMBL2039,Amine oxidase [flavin-containing] B,Homo sapiens,CHEMBL4082300,Cc1c(C#N)c(=O)oc2cc(OCc3ccc(F)cc3)ccc12,ZRFZWVIKCJMDRW-UHFFFAOYSA-N,IC50,IC50,8.66,10.1016/j.ejmech.2016.09.041,2017,18194998
MAOB_HUMAN_IC50,Human MAO-B,primary,CHEMBL2039,Amine oxidase [flavin-containing] B,Homo sapiens,CHEMBL1830797,CC(=O)c1cc2cc(Br)cc(Br)c2oc1=O,SDPFBESXQREFHP-UHFFFAOYSA-N,IC50,IC50,6.7,10.1016/j.ejmech.2011.07.017,2011,6361418
MAOB_HUMAN_IC50,Human MAO-B,primary,CHEMBL2039,Amine oxidase [flavin-containing] B,Homo sapiens,CHEMBL4648527,O=C(NCCn1ccc(=O)c(O)c1)c1cc2ccccc2oc1=O,LFXZFRRJMOWNMJ-UHFFFAOYSA-N,IC50,IC50,6.71,10.1016/j.bmc.2020.115550,2020,20685908
MAOB_HUMAN_IC50,Human MAO-B,primary,CHEMBL2039,Amine oxidase [flavin-containing] B,Homo sapiens,CHEMBL572233,COc1ccc(-c2cc3cc(C)ccc3oc2=O)cc1,IXPFLPLQVXPBGF-UHFFFAOYSA-N,IC50,IC50,7.88,10.1016/j.bmcl.2009.07.039,2009,3022328
MAOB_HUMAN_IC50,Human MAO-B,primary,CHEMBL2039,Amine oxidase [flavin-containing] B,Homo sapiens,CHEMBL572233,COc1ccc(-c2cc3cc(C)ccc3oc2=O)cc1,IXPFLPLQVXPBGF-UHFFFAOYSA-N,IC50,IC50,7.88,10.1016/j.bmcl.2009.04.085,2009,6220081
MAOB_HUMAN_IC50,Human MAO-B,primary,CHEMBL2039,Amine oxidase [flavin-containing] B,Homo sapiens,CHEMBL572233,COc1ccc(-c2cc3cc(C)ccc3oc2=O)cc1,IXPFLPLQVXPBGF-UHFFFAOYSA-N,IC50,IC50,7.88,10.1021/jm200716y,2011,6383788
MAOB_HUMAN_IC50,Human MAO-B,primary,CHEMBL2039,Amine oxidase [flavin-containing] B,Homo sapiens,CHEMBL1835328,CC(=O)COc1cccc(-c2cc3cc(C)ccc3oc2=O)c1,QHOSISOIBUGKLG-UHFFFAOYSA-N,IC50,IC50,6.75,10.1021/jm200716y,2011,6383799
MAOB_HUMAN_IC50,Human MAO-B,primary,CHEMBL2039,Amine oxidase [flavin-containing] B,Homo sapiens,CHEMBL5283267,O=c1oc2ccc(Cl)cc2cc1Cl,OLZBHTKLBLETSU-UHFFFAOYSA-N,IC50,IC50,8.0,10.1016/j.ejmech.2018.01.003,2018,25040003
MAOB_HUMAN_IC50,Human MAO-B,primary,CHEMBL2039,Amine oxidase [flavin-containing] B,Homo sapiens,CHEMBL469768,O=C(Nc1c(F)c(F)c(F)c(F)c1F)c1cc2ccccc2oc1=O,TZIVSIXQHSQQNV-UHFFFAOYSA-N,IC50,IC50,6.34,10.1021/jm801496u,2009,2411359
MAOB_HUMAN_IC50,Human MAO-B,primary,CHEMBL2039,Amine oxidase [flavin-containing] B,Homo sapiens,CHEMBL4466838,CN(C)CCC(=O)c1cc2ccc(O)cc2oc1=O.Cl,RANOIOFKJSSCGM-UHFFFAOYSA-N,IC50,IC50,4.15,10.1016/j.ejmech.2019.04.016,2019,19030108
MAOB_HUMAN_IC50,Human MAO-B,primary,CHEMBL2039,Amine oxidase [flavin-containing] B,Homo sapiens,CHEMBL3417294,Nc1cc(=O)oc2cc(OCCN3CCN(CCCNc4c5c(nc6ccccc46)CCCC5)CC3)ccc12,SDXXOBJFUGAGFS-UHFFFAOYSA-N,IC50,IC50,4.42,10.1016/j.ejmech.2015.03.040,2015,15219056
MAOB_HUMAN_IC50,Human MAO-B,primary,CHEMBL2039,Amine oxidase [flavin-containing] B,Homo sapiens,CHEMBL1835233,COc1cc(OC)c(Br)c(-c2cc3cc(C)ccc3oc2=O)c1,SDQNCIIRQFGVMP-UHFFFAOYSA-N,IC50,IC50,4.27,10.1021/jm200716y,2011,6383795
MAOB_HUMAN_IC50,Human MAO-B,primary,CHEMBL2039,Amine oxidase [flavin-containing] B,Homo sapiens,CHEMBL1777845,COc1ccc(-c2cc3cc(Br)cc(OC)c3oc2=O)cc1,LGFYJOGTQYJEMT-UHFFFAOYSA-N,IC50,IC50,8.87,10.1016/j.bmcl.2011.05.074,2011,6260759
MAOB_HUMAN_IC50,Human MAO-B,primary,CHEMBL2039,Amine oxidase [flavin-containing] B,Homo sapiens,CHEMBL5395261,Cc1cc(=O)oc2c(NC(=O)c3ccc(Cl)cc3)c(O)ccc12,WMCHJNXKGAIFNI-UHFFFAOYSA-N,IC50,IC50,4.43,10.1016/j.ejmech.2023.115091,2023,25461203
MAOB_HUMAN_IC50,Human MAO-B,primary,CHEMBL2039,Amine oxidase [flavin-containing] B,Homo sapiens,CHEMBL5436279,COc1ccc(C(=O)Nc2c(O)ccc3c(C)cc(=O)oc23)cc1OC,GNIWPSFDONHOFG-UHFFFAOYSA-N,IC50,IC50,5.04,10.1016/j.ejmech.2023.115091,2023,25461206
MAOB_HUMAN_IC50,Human MAO-B,primary,CHEMBL2039,Amine oxidase [flavin-containing] B,Homo sapiens,CHEMBL488917,Cc1cc(=O)oc2c(C)c(OC3CCCCC3=O)ccc12,WRTZCCCOMNOONZ-UHFFFAOYSA-N,IC50,IC50,5.41,10.1021/jm800656v,2008,2592802
MAOB_HUMAN_IC50,Human MAO-B,primary,CHEMBL2039,Amine oxidase [flavin-containing] B,Homo sapiens,CHEMBL4539659,Cc1c(C)c2ccc(OCC3CCN(Cc4cccc(Cl)c4)CC3)cc2oc1=O.Cl,GDJVHXJRIIZVEJ-UHFFFAOYSA-N,IC50,IC50,7.05,10.1021/acs.jmedchem.6b00562,2016,19406941
MAOB_HUMAN_IC50,Human MAO-B,primary,CHEMBL2039,Amine oxidase [flavin-containing] B,Homo sapiens,CHEMBL3735242,Cc1ccc2oc(=O)c(-c3cccc(OCCN(C)C)c3)cc2c1,QFCBQKDUOJIAHP-UHFFFAOYSA-N,IC50,IC50,6.66,10.1039/C4MD00437J,2015,16386431
MAOB_HUMAN_IC50,Human MAO-B,primary,CHEMBL2039,Amine oxidase [flavin-containing] B,Homo sapiens,CHEMBL3734880,Cc1ccc2oc(=O)c(-c3cccc(OCCCCBr)c3)cc2c1,BKGUXURSCXCLRJ-UHFFFAOYSA-N,IC50,IC50,4.97,10.1039/C4MD00437J,2015,16386430
MAOB_HUMAN_IC50,Human MAO-B,primary,CHEMBL2039,Amine oxidase [flavin-containing] B,Homo sapiens,CHEMBL3121790,C#CCCCCOc1ccc2ccc(=O)oc2c1,DELPHQSATGCEPA-UHFFFAOYSA-N,IC50,IC50,8.58,10.1016/j.bmc.2014.01.046,2014,13935926
MAOB_HUMAN_IC50,Human MAO-B,primary,CHEMBL2039,Amine oxidase [flavin-containing] B,Homo sapiens,CHEMBL4441456,Cc1c(C)c2ccc(OC3CCN(C)CC3)cc2oc1=O,AXSXATQECYCTMF-UHFFFAOYSA-N,IC50,IC50,6.56,10.1021/acs.jmedchem.6b00562,2016,19406931
MAOB_HUMAN_IC50,Human MAO-B,primary,CHEMBL2039,Amine oxidase [flavin-containing] B,Homo sapiens,CHEMBL4456665,Cc1c(C)c2ccc(OCC3CCCN(Cc4ccccc4)C3)cc2oc1=O.Cl,GHBXHJUNRCOQBQ-UHFFFAOYSA-N,IC50,IC50,7.52,10.1021/acs.jmedchem.6b00562,2016,19406945
MAOB_HUMAN_IC50,Human MAO-B,primary,CHEMBL2039,Amine oxidase [flavin-containing] B,Homo sapiens,CHEMBL4456665,Cc1c(C)c2ccc(OCC3CCCN(Cc4ccccc4)C3)cc2oc1=O.Cl,GHBXHJUNRCOQBQ-UHFFFAOYSA-N,IC50,IC50,7.52,10.1021/acsmedchemlett.2c00001,2022,24804529
MAOB_HUMAN_IC50,Human MAO-B,primary,CHEMBL2039,Amine oxidase [flavin-containing] B,Homo sapiens,CHEMBL1835229,Cc1cccc(-c2cc3cc(C)ccc3oc2=O)c1,HWTBZWBAPBIUQT-UHFFFAOYSA-N,IC50,IC50,7.82,10.1021/jm200716y,2011,6383787
MAOB_HUMAN_IC50,Human MAO-B,primary,CHEMBL2039,Amine oxidase [flavin-containing] B,Homo sapiens,CHEMBL1221929,Cc1ccc2oc(=O)c(-c3ccccc3Br)cc2c1,AEOXYENOHINSQF-UHFFFAOYSA-N,IC50,IC50,5.37,10.1016/j.bmcl.2010.07.013,2010,3424169
MAOB_HUMAN_IC50,Human MAO-B,primary,CHEMBL2039,Amine oxidase [flavin-containing] B,Homo sapiens,CHEMBL357614,Cc1c(C)c2ccc(OCc3c(F)c(F)c(F)c(F)c3F)cc2oc1=O,BRERGZBXULHYOT-UHFFFAOYSA-N,IC50,IC50,8.79,10.1021/jm060441e,2006,1773830
MAOB_HUMAN_IC50,Human MAO-B,primary,CHEMBL2039,Amine oxidase [flavin-containing] B,Homo sapiens,CHEMBL111309,Cc1c(C)c2ccc(OCc3ccccc3)cc2oc1=O,OLKYAFAQLVOQDG-UHFFFAOYSA-N,IC50,IC50,8.97,10.1021/jm060441e,2006,1773855
MAOB_HUMAN_IC50,Human MAO-B,primary,CHEMBL2039,Amine oxidase [flavin-containing] B,Homo sapiens,CHEMBL511789,N#Cc1c(F)c(F)c(NC(=O)c2cc3ccccc3oc2=O)c(F)c1F,MPYSCOIHEPWMHF-UHFFFAOYSA-N,IC50,IC50,6.07,10.1021/jm801496u,2009,2411360
MAOB_HUMAN_IC50,Human MAO-B,primary,CHEMBL2039,Amine oxidase [flavin-containing] B,Homo sapiens,CHEMBL453410,O=C(Nc1ccc(O)cc1)c1cc2ccccc2oc1=O,NUJGUJHBLMSFBE-UHFFFAOYSA-N,IC50,IC50,6.1,10.1021/jm801496u,2009,2411348
MAOB_HUMAN_IC50,Human MAO-B,primary,CHEMBL2039,Amine oxidase [flavin-containing] B,Homo sapiens,CHEMBL520061,COc1c(OCC(C)=O)ccc2c1oc(=O)c1ccccc12,KXJLOTAAVRETIT-UHFFFAOYSA-N,IC50,IC50,5.03,10.1021/jm800656v,2008,2592793
MAOB_HUMAN_IC50,Human MAO-B,primary,CHEMBL2039,Amine oxidase [flavin-containing] B,Homo sapiens,CHEMBL3360733,Cc1ccc2oc(=O)c(-c3ccccc3N)cc2c1,ATUKUXZSRKBJME-UHFFFAOYSA-N,IC50,IC50,5.66,10.1016/j.bmcl.2014.12.001,2015,14993861
MAOB_HUMAN_IC50,Human MAO-B,primary,CHEMBL2039,Amine oxidase [flavin-containing] B,Homo sapiens,CHEMBL3360732,Cc1ccc2oc(=O)c(-c3ccc([N+](=O)[O-])cc3)cc2c1,XGJDMHWEDXLYCE-UHFFFAOYSA-N,IC50,IC50,8.68,10.1016/j.bmcl.2014.12.001,2015,14993860
MAOB_HUMAN_IC50,Human MAO-B,primary,CHEMBL2039,Amine oxidase [flavin-containing] B,Homo sapiens,CHEMBL3360732,Cc1ccc2oc(=O)c(-c3ccc([N+](=O)[O-])cc3)cc2c1,XGJDMHWEDXLYCE-UHFFFAOYSA-N,IC50,IC50,6.07,10.1016/j.ejmech.2022.114655,2022,25577922
MAOB_HUMAN_IC50,Human MAO-B,primary,CHEMBL2039,Amine oxidase [flavin-containing] B,Homo sapiens,CHEMBL4580662,Cc1c(C)c2ccc(OCC3CCN(Cc4ccc(CO)cc4)CC3)cc2oc1=O,XRVUZLMXGJXDEZ-UHFFFAOYSA-N,IC50,IC50,7.54,10.1016/j.ejmech.2018.10.016,2019,18936909
MAOB_HUMAN_IC50,Human MAO-B,primary,CHEMBL2039,Amine oxidase [flavin-containing] B,Homo sapiens,CHEMBL4580662,Cc1c(C)c2ccc(OCC3CCN(Cc4ccc(CO)cc4)CC3)cc2oc1=O,XRVUZLMXGJXDEZ-UHFFFAOYSA-N,IC50,IC50,7.41,10.1016/j.ejmech.2018.10.016,2019,18936927
MAOB_HUMAN_IC50,Human MAO-B,primary,CHEMBL2039,Amine oxidase [flavin-containing] B,Homo sapiens,CHEMBL4637805,Cc1c(O)c(=O)ccn1CCC(=O)Nc1cc2ccccc2oc1=O,BKFKNODRLZFETP-UHFFFAOYSA-N,IC50,IC50,6.8,10.1016/j.bmc.2020.115550,2020,20685931
MAOB_HUMAN_IC50,Human MAO-B,primary,CHEMBL2039,Amine oxidase [flavin-containing] B,Homo sapiens,CHEMBL18966,Cc1ccc(COc2ccc3c(C)c(C)c(=O)oc3c2)cc1,GXFXMBTYRNXLMV-UHFFFAOYSA-N,IC50,IC50,8.86,10.1021/jm060441e,2006,1773835
MAOB_HUMAN_IC50,Human MAO-B,primary,CHEMBL2039,Amine oxidase [flavin-containing] B,Homo sapiens,CHEMBL1783715,COc1cc(OC)cc(-c2cc3cc(C)ccc3oc2=O)c1,ZFSYKJRFFGNQCV-UHFFFAOYSA-N,IC50,IC50,8.05,10.1016/j.bmcl.2009.04.085,2009,6220082
MAOB_HUMAN_IC50,Human MAO-B,primary,CHEMBL2039,Amine oxidase [flavin-containing] B,Homo sapiens,CHEMBL1783715,COc1cc(OC)cc(-c2cc3cc(C)ccc3oc2=O)c1,ZFSYKJRFFGNQCV-UHFFFAOYSA-N,IC50,IC50,8.05,10.1021/jm200716y,2011,6383790
MAOB_HUMAN_IC50,Human MAO-B,primary,CHEMBL2039,Amine oxidase [flavin-containing] B,Homo sapiens,CHEMBL118875,Cc1c(C)c2ccc(OC/C=C/C3=CC(=O)C(C)(C)O3)cc2oc1=O,YBJSUOSSLURUTL-AATRIKPKSA-N,IC50,IC50,6.2,10.1016/s0960-894x(02)00798-9,2002,977602
MAOB_HUMAN_IC50,Human MAO-B,primary,CHEMBL2039,Amine oxidase [flavin-containing] B,Homo sapiens,CHEMBL3586595,Cc1c(C)c2ccc(OCc3ccc(CN(C)Cc4ccccc4)cc3)cc2oc1=O.Cl,MBKAOIVYJASVAB-UHFFFAOYSA-N,IC50,IC50,7.28,10.1021/acs.jmedchem.5b00599,2015,15625518
MAOB_HUMAN_IC50,Human MAO-B,primary,CHEMBL2039,Amine oxidase [flavin-containing] B,Homo sapiens,CHEMBL142738,Cc1c(C)c2ccc(NC(=O)c3ccccc3)cc2oc1=O,OEUPIRRYTCNQRS-UHFFFAOYSA-N,IC50,IC50,8.06,10.1021/jm060441e,2006,1771944
MAOB_HUMAN_IC50,Human MAO-B,primary,CHEMBL2039,Amine oxidase [flavin-containing] B,Homo sapiens,CHEMBL3394527,COc1ccc(/C=N/c2ccc3c(C)cc(=O)oc3c2)c(O)c1,VSGKYWBDWVLYGZ-VXLYETTFSA-N,IC50,IC50,6.24,10.1016/j.bmcl.2014.12.034,2015,15144181
MAOB_HUMAN_IC50,Human MAO-B,primary,CHEMBL2039,Amine oxidase [flavin-containing] B,Homo sapiens,CHEMBL1835223,COc1ccc2oc(=O)c(-c3cccc(C)c3)cc2c1,QPPLXIMUBLSEBJ-UHFFFAOYSA-N,IC50,IC50,7.77,10.1021/jm200716y,2011,6383780
MAOB_HUMAN_IC50,Human MAO-B,primary,CHEMBL2039,Amine oxidase [flavin-containing] B,Homo sapiens,CHEMBL1761758,O=c1oc2ccccc2cc1-c1ccsc1,AYXHEBIDAQCXLK-UHFFFAOYSA-N,IC50,IC50,4.88,10.1016/j.ejmech.2011.01.033,2011,6153442
MAOB_HUMAN_IC50,Human MAO-B,primary,CHEMBL2039,Amine oxidase [flavin-containing] B,Homo sapiens,CHEMBL3121774,C#CCCOc1ccc2cc(C(=O)OC)c(=O)oc2c1,ZARJVZONCZUXPC-UHFFFAOYSA-N,IC50,IC50,6.59,10.1016/j.bmc.2014.01.046,2014,13935943
MAOB_HUMAN_IC50,Human MAO-B,primary,CHEMBL2039,Amine oxidase [flavin-containing] B,Homo sapiens,CHEMBL1934675,COc1ccc(-c2c(O)c3ccccc3oc2=O)cc1Cl,LPWGIOPIJFFKOY-UHFFFAOYSA-N,IC50,IC50,5.03,10.1016/j.bmcl.2011.11.020,2012,7994128
MAOB_HUMAN_IC50,Human MAO-B,primary,CHEMBL2039,Amine oxidase [flavin-containing] B,Homo sapiens,CHEMBL504356,COc1c2occc2cc2cc(N)c(=O)oc12,YFAQAXXPQHHTHA-UHFFFAOYSA-N,IC50,IC50,4.78,10.1021/jm800656v,2008,2592790
MAOB_HUMAN_IC50,Human MAO-B,primary,CHEMBL2039,Amine oxidase [flavin-containing] B,Homo sapiens,CHEMBL2376891,O=C(Nc1cc2ccccc2oc1=O)Oc1ccccc1,KQQOQWXKRICGKB-UHFFFAOYSA-N,IC50,IC50,4.61,10.1016/j.ejmech.2013.02.009,2013,13279595
MAOB_HUMAN_IC50,Human MAO-B,primary,CHEMBL2039,Amine oxidase [flavin-containing] B,Homo sapiens,CHEMBL2376890,O=C(Nc1cc2ccccc2oc1=O)OCCBr,DXRNLZNXYJJNAR-UHFFFAOYSA-N,IC50,IC50,5.29,10.1016/j.ejmech.2013.02.009,2013,13279596
MAOB_HUMAN_IC50,Human MAO-B,primary,CHEMBL2039,Amine oxidase [flavin-containing] B,Homo sapiens,CHEMBL3121868,C#CCOc1ccc2cc(C(=O)OC)c(=O)oc2c1,TZGWMEGWELTBLM-UHFFFAOYSA-N,IC50,IC50,5.75,10.1016/j.bmc.2014.01.046,2014,13935944
MAOB_HUMAN_IC50,Human MAO-B,primary,CHEMBL2039,Amine oxidase [flavin-containing] B,Homo sapiens,CHEMBL142916,Cc1c(C)c2cc(O)c(OCc3ccccc3)cc2oc1=O,ANQNIWQPMNBAFV-UHFFFAOYSA-N,IC50,IC50,8.41,10.1021/jm060441e,2006,1773848
MAOB_HUMAN_IC50,Human MAO-B,primary,CHEMBL2039,Amine oxidase [flavin-containing] B,Homo sapiens,CHEMBL5404959,Cc1cc(=O)oc2c(NC(=O)c3ccc(Cl)c(Cl)c3)c(O)ccc12,WGLJEAMEHOXBTC-UHFFFAOYSA-N,IC50,IC50,5.61,10.1016/j.ejmech.2023.115091,2023,25461205
MAOB_HUMAN_IC50,Human MAO-B,primary,CHEMBL2039,Amine oxidase [flavin-containing] B,Homo sapiens,CHEMBL1830808,CCOC(=O)c1cc2cccc(O)c2oc1=O,NFGRZMPVMLQXNS-UHFFFAOYSA-N,IC50,IC50,4.83,10.1016/j.ejmech.2011.07.017,2011,6361434
MAOB_HUMAN_IC50,Human MAO-B,primary,CHEMBL2039,Amine oxidase [flavin-containing] B,Homo sapiens,CHEMBL3736247,Cc1ccc2oc(=O)c(-c3cccc(OCCCN(C)C)c3)cc2c1,DDVGUYFFXMBKJJ-UHFFFAOYSA-N,IC50,IC50,6.04,10.1039/C4MD00437J,2015,16386432
MAOB_HUMAN_IC50,Human MAO-B,primary,CHEMBL2039,Amine oxidase [flavin-containing] B,Homo sapiens,CHEMBL5416897,Cc1cc(=O)oc2c(NC(=O)c3ccc([N+](=O)[O-])cc3)c(O)ccc12,UMRQEGOVRLXFDJ-UHFFFAOYSA-N,IC50,IC50,4.07,10.1016/j.ejmech.2023.115091,2023,25461202
MAOB_HUMAN_IC50,Human MAO-B,primary,CHEMBL2039,Amine oxidase [flavin-containing] B,Homo sapiens,CHEMBL356977,Cc1c(C)c2ccc(OCc3cccc([N+](=O)[O-])c3)cc2oc1=O,LJJMTUBXYXGLKI-UHFFFAOYSA-N,IC50,IC50,8.96,10.1021/jm060441e,2006,1773836
MAOB_HUMAN_IC50,Human MAO-B,primary,CHEMBL2039,Amine oxidase [flavin-containing] B,Homo sapiens,CHEMBL434695,O=c1ccc2ccc(COc3ccccc3)cc2o1,XHVFPHBAWNGYKX-UHFFFAOYSA-N,IC50,IC50,7.19,10.1021/jm060441e,2006,1773860
MAOB_HUMAN_IC50,Human MAO-B,primary,CHEMBL2039,Amine oxidase [flavin-containing] B,Homo sapiens,CHEMBL5573918,NC(=O)Cc1cc(=O)oc2cc(OCc3ccc(S(N)(=O)=O)cc3)ccc12,MFUCEAAUMRNNAT-UHFFFAOYSA-N,IC50,IC50,6.11,10.1021/acs.jmedchem.4c00045,2024,25934279
MAOB_HUMAN_IC50,Human MAO-B,primary,CHEMBL2039,Amine oxidase [flavin-containing] B,Homo sapiens,CHEMBL5591982,CN(Cc1ccc(COc2ccc3c(CO)cc(=O)oc3c2)cc1)Cc1cscn1,ADEQUHXOUYZXBF-UHFFFAOYSA-N,IC50,IC50,7.72,10.1016/j.ejmech.2024.116511,2024,25998574
MAOB_HUMAN_IC50,Human MAO-B,primary,CHEMBL2039,Amine oxidase [flavin-containing] B,Homo sapiens,CHEMBL5575196,CN(C)Cc1cc(=O)oc2cc(OCc3ccc(S(N)(=O)=O)cc3)ccc12,AJXZNTSFDXZFKC-UHFFFAOYSA-N,IC50,IC50,6.38,10.1021/acs.jmedchem.4c00045,2024,25934275
MAOB_HUMAN_IC50,Human MAO-B,primary,CHEMBL2039,Amine oxidase [flavin-containing] B,Homo sapiens,CHEMBL5556627,NS(=O)(=O)c1ccc(NC(=O)c2cc3ccccc3oc2=O)c(F)c1,SGTYXHKJFHGFDU-UHFFFAOYSA-N,IC50,IC50,6.95,10.1021/acs.jmedchem.4c00045,2024,25934240
MAOB_HUMAN_IC50,Human MAO-B,primary,CHEMBL2039,Amine oxidase [flavin-containing] B,Homo sapiens,CHEMBL5574490,NS(=O)(=O)c1ccc(COc2ccc3c(N4CCOCC4)cc(=O)oc3c2)cc1,ORIYXJMMWOOZBD-UHFFFAOYSA-N,IC50,IC50,5.41,10.1021/acs.jmedchem.4c00045,2024,25934271
MAOB_HUMAN_IC50,Human MAO-B,primary,CHEMBL2039,Amine oxidase [flavin-containing] B,Homo sapiens,CHEMBL5571767,NS(=O)(=O)c1ccc(COc2ccc3c(CN4CCNCC4)cc(=O)oc3c2)cc1,NAZOKEQAANOOBB-UHFFFAOYSA-N,IC50,IC50,5.41,10.1021/acs.jmedchem.4c00045,2024,25934285
MAOB_HUMAN_IC50,Human MAO-B,primary,CHEMBL2039,Amine oxidase [flavin-containing] B,Homo sapiens,CHEMBL5563417,CN(CCc1cccs1)Cc1ccc(COc2ccc3c(CO)cc(=O)oc3c2)cc1,TVPDNFHCRMZOCS-UHFFFAOYSA-N,IC50,IC50,7.72,10.1016/j.ejmech.2024.116511,2024,25998578
MAOB_HUMAN_IC50,Human MAO-B,primary,CHEMBL2039,Amine oxidase [flavin-containing] B,Homo sapiens,CHEMBL3112600,CCCCOc1ccc2oc(=O)c(CNCC)cc2c1,AGRYECBQFAKMGK-UHFFFAOYSA-N,IC50,IC50,5.13,10.1016/j.ejmech.2013.11.035,2014,13920863
MAOB_HUMAN_IC50,Human MAO-B,primary,CHEMBL2039,Amine oxidase [flavin-containing] B,Homo sapiens,CHEMBL1761760,COc1ccc2cc(-c3cccs3)c(=O)oc2c1,KPDCQGDQRCDXTP-UHFFFAOYSA-N,IC50,IC50,6.58,10.1016/j.ejmech.2011.01.033,2011,6153444
MAOB_HUMAN_IC50,Human MAO-B,primary,CHEMBL2039,Amine oxidase [flavin-containing] B,Homo sapiens,CHEMBL4207453,C#CCN(CCCCOc1ccc2ccc(=O)oc2c1)Cc1cccc(F)c1,BZVBYVBTOKBNTA-UHFFFAOYSA-N,IC50,IC50,5.81,10.1016/j.ejmech.2017.07.008,2017,18514945
MAOB_HUMAN_IC50,Human MAO-B,primary,CHEMBL2039,Amine oxidase [flavin-containing] B,Homo sapiens,CHEMBL5569915,Cc1c(Cl)c(=O)oc2cc(OCC(=O)Nc3ccc(S(N)(=O)=O)cc3Cl)ccc12,DKYWWOQISXGQEI-UHFFFAOYSA-N,IC50,IC50,4.96,10.1021/acs.jmedchem.4c00045,2024,25934237
MAOB_HUMAN_IC50,Human MAO-B,primary,CHEMBL2039,Amine oxidase [flavin-containing] B,Homo sapiens,CHEMBL3121867,C#CCNCCOc1ccc2ccc(=O)oc2c1,PFYDYKKZITXWEE-UHFFFAOYSA-N,IC50,IC50,6.07,10.1016/j.bmc.2014.01.046,2014,13935914
MAOB_HUMAN_IC50,Human MAO-B,primary,CHEMBL2039,Amine oxidase [flavin-containing] B,Homo sapiens,CHEMBL3297793,O=C(Sc1ncccn1)c1cc2ccccc2oc1=O,DRZUHKSYROYCLS-UHFFFAOYSA-N,IC50,IC50,5.12,10.1016/j.bmc.2014.05.002,2014,15044546
MAOB_HUMAN_IC50,Human MAO-B,primary,CHEMBL2039,Amine oxidase [flavin-containing] B,Homo sapiens,CHEMBL4217159,C#CCN(CCCOc1ccc2ccc(=O)oc2c1)Cc1ccccc1,GHIIGHDVYFUDOT-UHFFFAOYSA-N,IC50,IC50,5.43,10.1016/j.ejmech.2017.07.008,2017,18514933
MAOB_HUMAN_IC50,Human MAO-B,primary,CHEMBL2039,Amine oxidase [flavin-containing] B,Homo sapiens,CHEMBL5266061,COc1ccc2oc(=O)c(-c3ccc(C(F)(F)F)cc3)cc2c1,VEYBGLOVHZAAIU-UHFFFAOYSA-N,IC50,IC50,7.25,10.1016/j.ejmech.2020.112787,2020,24995637
MAOB_HUMAN_IC50,Human MAO-B,primary,CHEMBL2039,Amine oxidase [flavin-containing] B,Homo sapiens,CHEMBL4216262,C#CCN(CCCCOc1ccc2ccc(=O)oc2c1)Cc1ccc(C)cc1,PTGNYSYUDVJEBF-UHFFFAOYSA-N,IC50,IC50,5.78,10.1016/j.ejmech.2017.07.008,2017,18514941
MAOB_HUMAN_IC50,Human MAO-B,primary,CHEMBL2039,Amine oxidase [flavin-containing] B,Homo sapiens,CHEMBL5271382,CCc1c(O)c(=O)cc(C)n1CCCn1cc(COc2ccc3ccc(=O)oc3c2)nn1,QTLNKXRQGRDHAE-UHFFFAOYSA-N,IC50,IC50,6.17,10.1016/j.ejmech.2021.113546,2021,25008879
MAOB_HUMAN_IC50,Human MAO-B,primary,CHEMBL2039,Amine oxidase [flavin-containing] B,Homo sapiens,CHEMBL4205890,C#CCN(CCOc1ccc2ccc(=O)oc2c1)Cc1ccccc1,LPZWHIHDTJSILA-UHFFFAOYSA-N,IC50,IC50,5.08,10.1016/j.ejmech.2017.07.008,2017,18514926
MAOB_HUMAN_IC50,Human MAO-B,primary,CHEMBL2039,Amine oxidase [flavin-containing] B,Homo sapiens,CHEMBL4632495,Cc1c(O)c(=O)ccn1CCNC(=O)c1cc2ccc(OCc3ccccc3[N+](=O)[O-])cc2oc1=O,KGFSBCYTVWTKDF-UHFFFAOYSA-N,IC50,IC50,7.01,10.1016/j.bmc.2020.115550,2020,20685927
MAOB_HUMAN_IC50,Human MAO-B,primary,CHEMBL2039,Amine oxidase [flavin-containing] B,Homo sapiens,CHEMBL4635925,Cc1c(O)c(=O)ccn1CCNC(=O)c1cc2cccc(O)c2oc1=O,NAHOQYATMSNGLW-UHFFFAOYSA-N,IC50,IC50,6.8,10.1016/j.bmc.2020.115550,2020,20685912
MAOB_HUMAN_IC50,Human MAO-B,primary,CHEMBL2039,Amine oxidase [flavin-containing] B,Homo sapiens,CHEMBL3629466,COc1ccc(/C=C/c2cc(OC)cc(OC)c2/C=C/C(=O)c2cc3ccccc3oc2=O)cc1,PSHARJAIZXKIHX-IIXCLMFLSA-N,IC50,IC50,5.04,10.1016/j.ejmech.2015.08.055,2015,15758474
MAOB_HUMAN_IC50,Human MAO-B,primary,CHEMBL2039,Amine oxidase [flavin-containing] B,Homo sapiens,CHEMBL3629473,COc1ccc(/C=C/c2cc(OC)cc(OC)c2/C=C/C(=O)c2cc3cc(C)ccc3oc2=O)cc1,FBQVQKYVCMQYHH-UXKPLKHMSA-N,IC50,IC50,5.29,10.1016/j.ejmech.2015.08.055,2015,15758461
MAOB_HUMAN_IC50,Human MAO-B,primary,CHEMBL2039,Amine oxidase [flavin-containing] B,Homo sapiens,CHEMBL1830816,CCOC(=O)c1cc2ccc(OCc3ccc(C(C)(C)C)cc3)cc2oc1=O,FWLMJHGQRXWNIS-UHFFFAOYSA-N,IC50,IC50,5.43,10.1016/j.ejmech.2011.07.017,2011,6361423
MAOB_HUMAN_IC50,Human MAO-B,primary,CHEMBL2039,Amine oxidase [flavin-containing] B,Homo sapiens,CHEMBL3394544,O=c1oc2cc(NCc3ccccc3O)ccc2c2c1CCC2,AHWJOKMXZXPFMM-UHFFFAOYSA-N,IC50,IC50,5.03,10.1016/j.bmcl.2014.12.034,2015,15144164
MAOB_HUMAN_IC50,Human MAO-B,primary,CHEMBL2039,Amine oxidase [flavin-containing] B,Homo sapiens,CHEMBL5438522,C=CC(=O)Nc1c(O)ccc2c(C)cc(=O)oc12,QNIRNJINLNNGTJ-UHFFFAOYSA-N,IC50,IC50,4.79,10.1016/j.ejmech.2023.115091,2023,25461197
MAOB_HUMAN_IC50,Human MAO-B,primary,CHEMBL2039,Amine oxidase [flavin-containing] B,Homo sapiens,CHEMBL3417298,COc1cc(=O)oc2cc(OCCN3CCN(CCCNc4c5c(nc6ccccc46)CCCC5)CC3)ccc12,BCVGDFVUHQSRKG-UHFFFAOYSA-N,IC50,IC50,5.24,10.1016/j.ejmech.2015.03.040,2015,15219053
MAOB_HUMAN_IC50,Human MAO-B,primary,CHEMBL2039,Amine oxidase [flavin-containing] B,Homo sapiens,CHEMBL488076,CC(=O)COc1ccc2c3c(c(=O)oc2c1C)CCC3,JLYIBZRYQJEBHZ-UHFFFAOYSA-N,IC50,IC50,6.78,10.1021/jm800656v,2008,2592799
MAOB_HUMAN_IC50,Human MAO-B,primary,CHEMBL2039,Amine oxidase [flavin-containing] B,Homo sapiens,CHEMBL511967,Cc1cccc(NC(=O)c2cc3ccccc3oc2=O)c1C,KOCLPGRVWVWXQW-UHFFFAOYSA-N,IC50,IC50,4.74,10.1021/jm801496u,2009,2411352
MAOB_HUMAN_IC50,Human MAO-B,primary,CHEMBL2039,Amine oxidase [flavin-containing] B,Homo sapiens,CHEMBL450518,COc1ccc(NC(=O)c2cc3ccccc3oc2=O)cc1OC,GCJJJYRBURLDEW-UHFFFAOYSA-N,IC50,IC50,6.07,10.1021/jm801496u,2009,2411356
MAOB_HUMAN_IC50,Human MAO-B,primary,CHEMBL2039,Amine oxidase [flavin-containing] B,Homo sapiens,CHEMBL469362,COc1cccc(NC(=O)c2cc3ccccc3oc2=O)c1,OJCPTZMTRMJDRI-UHFFFAOYSA-N,IC50,IC50,6.19,10.1021/jm801496u,2009,2411337
MAOB_HUMAN_IC50,Human MAO-B,primary,CHEMBL2039,Amine oxidase [flavin-containing] B,Homo sapiens,CHEMBL1411619,COc1ccc2cc(C(C)=O)c(=O)oc2c1,HJRFKKRMCGZIOA-UHFFFAOYSA-N,IC50,IC50,4.81,10.1016/j.ejmech.2011.07.017,2011,6361432
MAOB_HUMAN_IC50,Human MAO-B,primary,CHEMBL2039,Amine oxidase [flavin-containing] B,Homo sapiens,CHEMBL487050,COc1c(OCC(C)=O)ccc2c3c(c(=O)oc12)CCC3,BVBFNZXOBVOQMT-UHFFFAOYSA-N,IC50,IC50,4.89,10.1021/jm800656v,2008,2592800
MAOB_HUMAN_IC50,Human MAO-B,primary,CHEMBL2039,Amine oxidase [flavin-containing] B,Homo sapiens,CHEMBL372943,Cc1cc(=O)oc2cc(OC3CCCC3=O)ccc12,UDCMJKJFGCMHHR-UHFFFAOYSA-N,IC50,IC50,5.25,10.1021/jm800656v,2008,2592801
MAOB_HUMAN_IC50,Human MAO-B,primary,CHEMBL2039,Amine oxidase [flavin-containing] B,Homo sapiens,CHEMBL19004,Cc1c(C)c2ccc(OCc3nnc(C(C)C)s3)cc2oc1=O,HQTNJPCZUQAYAB-UHFFFAOYSA-N,IC50,IC50,9.05,10.1016/j.ejmech.2015.03.040,2015,15219025
MAOB_HUMAN_IC50,Human MAO-B,primary,CHEMBL2039,Amine oxidase [flavin-containing] B,Homo sapiens,CHEMBL4453856,Cc1c(C)c2ccc(OCC3CCCN(CCCO)C3)cc2oc1=O,JORAAUMJWAFSIM-UHFFFAOYSA-N,IC50,IC50,5.82,10.1016/j.ejmech.2018.10.016,2019,18936919
MAOB_HUMAN_IC50,Human MAO-B,primary,CHEMBL2039,Amine oxidase [flavin-containing] B,Homo sapiens,CHEMBL4453856,Cc1c(C)c2ccc(OCC3CCCN(CCCO)C3)cc2oc1=O,JORAAUMJWAFSIM-UHFFFAOYSA-N,IC50,IC50,5.82,10.1021/acs.jmedchem.1c01784,2022,24422255
MAOB_HUMAN_IC50,Human MAO-B,primary,CHEMBL2039,Amine oxidase [flavin-containing] B,Homo sapiens,CHEMBL4202569,C#CCN(CCCCOc1ccc2ccc(=O)oc2c1)Cc1cccc(OC)c1,CMFLTTUUZJEPEM-UHFFFAOYSA-N,IC50,IC50,5.63,10.1016/j.ejmech.2017.07.008,2017,18514944
MAOB_HUMAN_IC50,Human MAO-B,primary,CHEMBL2039,Amine oxidase [flavin-containing] B,Homo sapiens,CHEMBL342724,Cc1c(C)c2cc(OCc3ccccc3)c(O)cc2oc1=O,NQGPNJBRKKWSBC-UHFFFAOYSA-N,IC50,IC50,6.9,10.1021/jm060441e,2006,1773847
MAOB_HUMAN_IC50,Human MAO-B,primary,CHEMBL2039,Amine oxidase [flavin-containing] B,Homo sapiens,CHEMBL3297795,O=C(Sc1ccc(Br)cc1)c1cc2cc(Br)c(Br)cc2oc1=O,GCDFJVVAALXFRS-UHFFFAOYSA-N,IC50,IC50,4.6,10.1016/j.bmc.2014.05.002,2014,15044548
MAOB_HUMAN_IC50,Human MAO-B,primary,CHEMBL2039,Amine oxidase [flavin-containing] B,Homo sapiens,CHEMBL3764276,O=c1ccc2ccc(OCCNC3CCN(Cc4ccccc4)CC3)cc2o1,BOXHJLTYYUXRSS-UHFFFAOYSA-N,IC50,IC50,5.08,10.1016/j.bmc.2016.02.023,2016,16481084
MAOB_HUMAN_IC50,Human MAO-B,primary,CHEMBL2039,Amine oxidase [flavin-containing] B,Homo sapiens,CHEMBL3764334,O=c1cc(-c2ccccc2)c2ccc(OCCNC3CCN(Cc4ccccc4)CC3)cc2o1,KOAOVWXOZSDQBP-UHFFFAOYSA-N,IC50,IC50,4.34,10.1016/j.bmc.2016.02.023,2016,16481092
MAOB_HUMAN_IC50,Human MAO-B,primary,CHEMBL2039,Amine oxidase [flavin-containing] B,Homo sapiens,CHEMBL111310,COc1cccc(COc2ccc3c(C)c(C)c(=O)oc3c2)c1,LRYCEYYGXGCVJT-UHFFFAOYSA-N,IC50,IC50,8.78,10.1021/jm060441e,2006,1773843
MAOB_HUMAN_IC50,Human MAO-B,primary,CHEMBL2039,Amine oxidase [flavin-containing] B,Homo sapiens,CHEMBL3763535,O=c1oc2cc(OCCNC3CCN(Cc4ccccc4)CC3)ccc2c2c1CCCC2,QZRBOLHGJBENEV-UHFFFAOYSA-N,IC50,IC50,5.58,10.1016/j.bmc.2016.02.023,2016,16481096
MAOB_HUMAN_IC50,Human MAO-B,primary,CHEMBL2039,Amine oxidase [flavin-containing] B,Homo sapiens,CHEMBL3261204,O=C(Nc1cccc(C(F)(F)F)c1)c1cc2cc(Br)cc(Br)c2oc1=O,ADKSOBAJEMCMRG-UHFFFAOYSA-N,IC50,IC50,5.15,10.1016/j.ejmech.2014.04.060,2014,14662196
MAOB_HUMAN_IC50,Human MAO-B,primary,CHEMBL2039,Amine oxidase [flavin-containing] B,Homo sapiens,CHEMBL4211297,C#CCN(CCCCOc1ccc2ccc(=O)oc2c1)Cc1ccccc1,DACJEJDIMJTGSU-UHFFFAOYSA-N,IC50,IC50,6.01,10.1016/j.ejmech.2017.07.008,2017,18514940
MAOB_HUMAN_IC50,Human MAO-B,primary,CHEMBL2039,Amine oxidase [flavin-containing] B,Homo sapiens,CHEMBL5400090,Cc1cc(=O)oc2c(NC(=O)C(C)C)c(O)ccc12,MEKACIKATKDBTL-UHFFFAOYSA-N,IC50,IC50,4.51,10.1016/j.ejmech.2023.115091,2023,25461195
MAOB_HUMAN_IC50,Human MAO-B,primary,CHEMBL2039,Amine oxidase [flavin-containing] B,Homo sapiens,CHEMBL4569054,Cc1c(C)c2ccc(OC3CCN(Cc4ccccc4)CC3)cc2oc1=O,DCRCANSGLMNLEA-UHFFFAOYSA-N,IC50,IC50,6.35,10.1021/acs.jmedchem.6b00562,2016,19406933
MAOB_HUMAN_IC50,Human MAO-B,primary,CHEMBL2039,Amine oxidase [flavin-containing] B,Homo sapiens,CHEMBL3736142,CC(=O)Oc1ccc(-c2cc3cc(C)ccc3oc2=O)cc1,OTUTZYBSJMSVHF-UHFFFAOYSA-N,IC50,IC50,6.4,10.1039/C4MD00437J,2015,16386427
MAOB_HUMAN_IC50,Human MAO-B,primary,CHEMBL2039,Amine oxidase [flavin-containing] B,Homo sapiens,CHEMBL488916,Cc1cc(=O)oc2c(C)c(OC3CCCC3=O)ccc12,UULMOUNYGUBRNG-UHFFFAOYSA-N,IC50,IC50,4.97,10.1021/jm800656v,2008,2592803
MAOB_HUMAN_IC50,Human MAO-B,primary,CHEMBL2039,Amine oxidase [flavin-containing] B,Homo sapiens,CHEMBL3261212,CC(C)(C)NC(=O)c1cc2cc(Br)cc(Br)c2oc1=O,YQHUCPNDZXMPSL-UHFFFAOYSA-N,IC50,IC50,4.83,10.1016/j.ejmech.2014.04.060,2014,14662203
MAOB_HUMAN_IC50,Human MAO-B,primary,CHEMBL2039,Amine oxidase [flavin-containing] B,Homo sapiens,CHEMBL3121780,C#CCCCOc1ccc2cc(C(=O)N3CCN(C(=O)OC(C)(C)C)CC3)c(=O)oc2c1,VEDXAFKXMJRIDF-UHFFFAOYSA-N,IC50,IC50,5.0,10.1016/j.bmc.2014.01.046,2014,13935936
MAOB_HUMAN_IC50,Human MAO-B,primary,CHEMBL2039,Amine oxidase [flavin-containing] B,Homo sapiens,CHEMBL5568861,CN(Cc1ccc(COc2ccc3c(CO)cc(=O)oc3c2)cc1)Cc1ccco1,CKSXBOBZGXBJBK-UHFFFAOYSA-N,IC50,IC50,7.77,10.1016/j.ejmech.2024.116511,2024,25998570
MAOB_HUMAN_IC50,Human MAO-B,primary,CHEMBL2039,Amine oxidase [flavin-containing] B,Homo sapiens,CHEMBL2151690,C/C(=N/Nc1nc(-c2ccc(F)cc2F)cs1)c1cc2ccccc2oc1=O,LUSADHRVUFYJHL-MYKKPKGFSA-N,IC50,IC50,5.85,10.1016/j.ejmech.2012.10.032,2012,12045474
MAOB_HUMAN_IC50,Human MAO-B,primary,CHEMBL2039,Amine oxidase [flavin-containing] B,Homo sapiens,CHEMBL3394528,Cc1ccc(/C=N/c2ccc3c(C)cc(=O)oc3c2)c(O)c1,IQSSOVNBZCJXBT-VXLYETTFSA-N,IC50,IC50,6.29,10.1016/j.bmcl.2014.12.034,2015,15144180
MAOB_HUMAN_IC50,Human MAO-B,primary,CHEMBL2039,Amine oxidase [flavin-containing] B,Homo sapiens,CHEMBL4457458,CN(C)Cc1ccc(COc2ccc3c(CO)cc(=O)oc3c2)cc1,PWCTXLAYYMUQLL-UHFFFAOYSA-N,IC50,IC50,7.13,10.1016/j.ejmech.2018.10.016,2019,18936925
MAOB_HUMAN_IC50,Human MAO-B,primary,CHEMBL2039,Amine oxidase [flavin-containing] B,Homo sapiens,CHEMBL4457458,CN(C)Cc1ccc(COc2ccc3c(CO)cc(=O)oc3c2)cc1,PWCTXLAYYMUQLL-UHFFFAOYSA-N,IC50,IC50,7.11,10.1016/j.ejmech.2018.10.016,2019,18936886
MAOB_HUMAN_IC50,Human MAO-B,primary,CHEMBL2039,Amine oxidase [flavin-containing] B,Homo sapiens,CHEMBL4530960,Cc1c(C)c2ccc(OCC3CCN(CCCO[N+](=O)[O-])CC3)cc2oc1=O,OYUDOWGNEYPOED-UHFFFAOYSA-N,IC50,IC50,6.6,10.1016/j.ejmech.2018.10.016,2019,18936921
MAOB_HUMAN_IC50,Human MAO-B,primary,CHEMBL2039,Amine oxidase [flavin-containing] B,Homo sapiens,CHEMBL4454278,Cc1c(C)c2ccc(OC3CCN(Cc4ccc(Cl)cc4)CC3)cc2oc1=O,JUBUAICOENCZSQ-UHFFFAOYSA-N,IC50,IC50,6.06,10.1021/acs.jmedchem.6b00562,2016,19406935
MAOB_HUMAN_IC50,Human MAO-B,primary,CHEMBL2039,Amine oxidase [flavin-containing] B,Homo sapiens,CHEMBL3219197,C/C(=N\Nc1nc(-c2ccc3ccccc3c2)cs1)c1cc2ccccc2oc1=O,QUJUUCIWVDMHSP-CVKSISIWSA-N,IC50,IC50,4.96,10.1039/C0MD00014K,2010,14527866
MAOB_HUMAN_IC50,Human MAO-B,primary,CHEMBL2039,Amine oxidase [flavin-containing] B,Homo sapiens,CHEMBL119017,C/C(=C\COc1ccc2c(C)c(C)c(=O)oc2c1)C1=CC(=O)C(C)(C)O1,KLXKFACEHUDUHL-XYOKQWHBSA-N,IC50,IC50,6.89,10.1016/s0960-894x(02)00798-9,2002,959947
MAOB_HUMAN_IC50,Human MAO-B,primary,CHEMBL2039,Amine oxidase [flavin-containing] B,Homo sapiens,CHEMBL5400613,CCC(=O)Nc1c(O)ccc2c(C)cc(=O)oc12,PAMPUFOZCVZKHK-UHFFFAOYSA-N,IC50,IC50,4.28,10.1016/j.ejmech.2023.115091,2023,25461194
MAOB_HUMAN_IC50,Human MAO-B,primary,CHEMBL2039,Amine oxidase [flavin-containing] B,Homo sapiens,CHEMBL5566534,NS(=O)(=O)c1ccc(COc2ccc3ccc(=O)oc3c2)cc1,PJSAGAAMVQKOJV-UHFFFAOYSA-N,IC50,IC50,8.04,10.1021/acs.jmedchem.4c00045,2024,25934251
MAOB_HUMAN_IC50,Human MAO-B,primary,CHEMBL2039,Amine oxidase [flavin-containing] B,Homo sapiens,CHEMBL5590122,CN(Cc1ccc(COc2ccc3c(CO)cc(=O)oc3c2)cc1)Cc1ccsc1,LYPPXRDGIFOZKW-UHFFFAOYSA-N,IC50,IC50,7.82,10.1016/j.ejmech.2024.116511,2024,25998571
MAOB_HUMAN_IC50,Human MAO-B,primary,CHEMBL2039,Amine oxidase [flavin-containing] B,Homo sapiens,CHEMBL1934677,COc1ccc(-c2c(O)c3cc(Cl)ccc3oc2=O)cc1Cl,FCJFTORJZFTPAV-UHFFFAOYSA-N,IC50,IC50,5.55,10.1016/j.bmcl.2011.11.020,2012,7994130
MAOB_HUMAN_IC50,Human MAO-B,primary,CHEMBL2039,Amine oxidase [flavin-containing] B,Homo sapiens,CHEMBL488073,CC(=O)COc1ccc2c3c(c(=O)oc2c1C)CCCC3,FPBPSCOEWNGWAT-UHFFFAOYSA-N,IC50,IC50,4.76,10.1021/jm800656v,2008,2592798
MAOB_HUMAN_IC50,Human MAO-B,primary,CHEMBL2039,Amine oxidase [flavin-containing] B,Homo sapiens,CHEMBL4870855,O=C(Nc1cccc(Cl)c1)c1cc2ccccc2oc1=O,HIAOLTCVCGLFPP-UHFFFAOYSA-N,IC50,IC50,7.99,10.1021/acs.jmedchem.1c00510,2021,23149883
MAOB_HUMAN_IC50,Human MAO-B,primary,CHEMBL2039,Amine oxidase [flavin-containing] B,Homo sapiens,CHEMBL5565956,CN(Cc1ccc(COc2ccc3c(CO)cc(=O)oc3c2)cc1)Cc1cccnc1,JQXGILULPQSOFX-UHFFFAOYSA-N,IC50,IC50,7.68,10.1016/j.ejmech.2024.116511,2024,25998575
MAOB_HUMAN_IC50,Human MAO-B,primary,CHEMBL2039,Amine oxidase [flavin-containing] B,Homo sapiens,CHEMBL3360730,Cc1ccc2oc(=O)c(-c3ccccc3[N+](=O)[O-])cc2c1,LNHYZJWJBZUDOM-UHFFFAOYSA-N,IC50,IC50,5.26,10.1016/j.bmcl.2014.12.001,2015,14993858
MAOB_HUMAN_IC50,Human MAO-B,primary,CHEMBL2039,Amine oxidase [flavin-containing] B,Homo sapiens,CHEMBL5189120,CNCc1cc(=O)oc2c(O)c(O)ccc12,ADYQEJMDLBPTFX-UHFFFAOYSA-N,IC50,IC50,4.91,10.1016/j.ejmech.2022.114378,2022,24777270
MAOB_HUMAN_IC50,Human MAO-B,primary,CHEMBL2039,Amine oxidase [flavin-containing] B,Homo sapiens,CHEMBL4466686,Cc1cc(=O)oc2cc(OCC3CCN(Cc4ccc(CO)cc4)CC3)ccc12,NFCWFFSVKPHRMZ-UHFFFAOYSA-N,IC50,IC50,6.22,10.1016/j.ejmech.2018.10.016,2019,18936911
MAOB_HUMAN_IC50,Human MAO-B,primary,CHEMBL2039,Amine oxidase [flavin-containing] B,Homo sapiens,CHEMBL1761762,COc1ccc2cc(-c3c[nH]c4ccccc34)c(=O)oc2c1,SFSKAYKRXSWNTD-UHFFFAOYSA-N,IC50,IC50,7.34,10.1016/j.ejmech.2011.01.033,2011,6153446
MAOB_HUMAN_IC50,Human MAO-B,primary,CHEMBL2039,Amine oxidase [flavin-containing] B,Homo sapiens,CHEMBL4202487,Cc1cccc2cc(-c3ccc(Br)nn3)c(=O)oc12,NPKWKYBXLNPPME-UHFFFAOYSA-N,IC50,IC50,5.58,10.1016/j.ejmech.2017.07.045,2017,18517397
MAOB_HUMAN_IC50,Human MAO-B,primary,CHEMBL2039,Amine oxidase [flavin-containing] B,Homo sapiens,CHEMBL3220509,O=C(Nc1cc2ccccc2oc1=O)c1ccc(Cl)cc1,UUYHMRQNUHUBAC-UHFFFAOYSA-N,IC50,IC50,5.71,10.1039/C1MD00221J,2012,14552978
MAOB_HUMAN_IC50,Human MAO-B,primary,CHEMBL2039,Amine oxidase [flavin-containing] B,Homo sapiens,CHEMBL1761764,COc1ccc2oc(=O)c(-c3ccsc3)cc2c1,OOEJVBXLJQBJNN-UHFFFAOYSA-N,IC50,IC50,6.63,10.1016/j.ejmech.2011.01.033,2011,6153448
MAOB_HUMAN_IC50,Human MAO-B,primary,CHEMBL2039,Amine oxidase [flavin-containing] B,Homo sapiens,CHEMBL1388493,O=C(NCCCN1CCOCC1)c1cc2ccccc2oc1=O,ALAZKHHIMOUNCX-UHFFFAOYSA-N,IC50,IC50,4.87,10.1016/j.ejmech.2014.04.060,2014,14662187
MAOB_HUMAN_IC50,Human MAO-B,primary,CHEMBL2039,Amine oxidase [flavin-containing] B,Homo sapiens,CHEMBL1501880,CC(=O)c1cc2c(ccc3ccccc32)oc1=O,UAMPJVJAALGMNG-UHFFFAOYSA-N,IC50,IC50,5.7,10.1016/j.ejmech.2011.07.017,2011,6361422
MAOB_HUMAN_IC50,Human MAO-B,primary,CHEMBL2039,Amine oxidase [flavin-containing] B,Homo sapiens,CHEMBL4638785,Cc1c(O)c(=O)ccn1CCNC(=O)c1cc2ccc(OCc3ccc(F)cc3)cc2oc1=O,ZEDBYPMEKAQCCZ-UHFFFAOYSA-N,IC50,IC50,6.89,10.1016/j.bmc.2020.115550,2020,20685922
MAOB_HUMAN_IC50,Human MAO-B,primary,CHEMBL2039,Amine oxidase [flavin-containing] B,Homo sapiens,CHEMBL4561787,Cc1c(O)c(=O)ccn1Cc1cc2ccc(OCc3cccc(F)c3)cc2oc1=O,WYIXTTMUIHBYLF-UHFFFAOYSA-N,IC50,IC50,7.83,10.1016/j.ejmech.2019.07.031,2019,19098404
MAOB_HUMAN_IC50,Human MAO-B,primary,CHEMBL2039,Amine oxidase [flavin-containing] B,Homo sapiens,CHEMBL4206334,COc1ccc(-c2cc3cccc(C)c3oc2=O)nn1,BUALHDCNMDZXGT-UHFFFAOYSA-N,IC50,IC50,5.27,10.1016/j.ejmech.2017.07.045,2017,18517409
MAOB_HUMAN_IC50,Human MAO-B,primary,CHEMBL2039,Amine oxidase [flavin-containing] B,Homo sapiens,CHEMBL5419856,Cc1ccc(C(=O)Nc2c(O)ccc3c(C)cc(=O)oc23)cc1,MWQLFVHJFJFYFK-UHFFFAOYSA-N,IC50,IC50,5.64,10.1016/j.ejmech.2023.115091,2023,25461201
MAOB_HUMAN_IC50,Human MAO-B,primary,CHEMBL2039,Amine oxidase [flavin-containing] B,Homo sapiens,CHEMBL4214681,COc1ccc2cc(-c3ccc(Br)nn3)c(=O)oc2c1,SVWNWGPITDFYIV-UHFFFAOYSA-N,IC50,IC50,5.52,10.1016/j.ejmech.2017.07.045,2017,18517399
MAOB_HUMAN_IC50,Human MAO-B,primary,CHEMBL2039,Amine oxidase [flavin-containing] B,Homo sapiens,CHEMBL5594046,O=C(/C=C/c1ccccc1Cl)c1cc2ccccc2oc1=O,TVTIXYCYMBPAFW-MDZDMXLPSA-N,IC50,IC50,6.29,10.1016/j.ejmech.2024.116569,2024,26023169
MAOB_HUMAN_IC50,Human MAO-B,primary,CHEMBL2039,Amine oxidase [flavin-containing] B,Homo sapiens,CHEMBL3394532,O=c1oc2cc(/N=C/c3ccccc3O)ccc2c2c1CCCC2,JHBAUQHROVNFOF-CIAFOILYSA-N,IC50,IC50,6.08,10.1016/j.bmcl.2014.12.034,2015,15144176
MAOB_HUMAN_IC50,Human MAO-B,primary,CHEMBL2039,Amine oxidase [flavin-containing] B,Homo sapiens,CHEMBL1761757,O=c1oc2ccccc2cc1-c1cccs1,AUISNCGJDLDBGR-UHFFFAOYSA-N,IC50,IC50,5.2,10.1016/j.ejmech.2011.01.033,2011,6153441
MAOB_HUMAN_IC50,Human MAO-B,primary,CHEMBL2039,Amine oxidase [flavin-containing] B,Homo sapiens,CHEMBL3735743,Cc1ccc2oc(=O)c(-c3cccc(OCc4cccc(F)c4)c3)cc2c1,IKKSICCKYJWMFI-UHFFFAOYSA-N,IC50,IC50,7.22,10.1039/C4MD00437J,2015,16386441
MAOB_HUMAN_IC50,Human MAO-B,primary,CHEMBL2039,Amine oxidase [flavin-containing] B,Homo sapiens,CHEMBL3297786,CCC(C)NC(=O)c1cc2cc(Br)cc(Br)c2oc1=O,ZJEVOUZXTOSBOY-UHFFFAOYSA-N,IC50,IC50,4.34,10.1016/j.bmc.2014.05.002,2014,15044542
MAOB_HUMAN_IC50,Human MAO-B,primary,CHEMBL2039,Amine oxidase [flavin-containing] B,Homo sapiens,CHEMBL3735983,Cc1ccc2oc(=O)c(-c3cccc(OCc4ccccc4)c3)cc2c1,WDNCTEMYHFTCPM-UHFFFAOYSA-N,IC50,IC50,6.7,10.1039/C4MD00437J,2015,16386438
MAOB_HUMAN_IC50,Human MAO-B,primary,CHEMBL2039,Amine oxidase [flavin-containing] B,Homo sapiens,CHEMBL4213274,C#CCN(CCCOc1ccc2ccc(=O)oc2c1)Cc1ccc(OC)cc1,MJWXGVXSHCKNRX-UHFFFAOYSA-N,IC50,IC50,5.22,10.1016/j.ejmech.2017.07.008,2017,18514936
MAOB_HUMAN_IC50,Human MAO-B,primary,CHEMBL2039,Amine oxidase [flavin-containing] B,Homo sapiens,CHEMBL4211764,C#CCN(CCCOc1ccc2ccc(=O)oc2c1)Cc1ccc(F)c(F)c1,LSPYAKVIHLTSEM-UHFFFAOYSA-N,IC50,IC50,5.31,10.1016/j.ejmech.2017.07.008,2017,18514939
MAOB_HUMAN_IC50,Human MAO-B,primary,CHEMBL2039,Amine oxidase [flavin-containing] B,Homo sapiens,CHEMBL5279769,O=c1cc(OCCN2CCOCC2)c2ccccc2o1,YDEKYDSVGJEDFH-UHFFFAOYSA-N,IC50,IC50,6.43,10.1016/j.ejmech.2020.112787,2020,24995661
MAOB_HUMAN_IC50,Human MAO-B,primary,CHEMBL2039,Amine oxidase [flavin-containing] B,Homo sapiens,CHEMBL4633021,C#CCOc1ccc2cc(C(=O)NCCn3ccc(=O)c(O)c3C)c(=O)oc2c1,JVXQAFDZXKUNIH-UHFFFAOYSA-N,IC50,IC50,6.85,10.1016/j.bmc.2020.115550,2020,20685919
MAOB_HUMAN_IC50,Human MAO-B,primary,CHEMBL2039,Amine oxidase [flavin-containing] B,Homo sapiens,CHEMBL3629474,COc1ccc(/C=C/c2cc(OC)cc(OC)c2/C=C/C(=O)c2cc3cc(F)ccc3oc2=O)cc1,NJDBZDHIZHXLCY-MECPWLEMSA-N,IC50,IC50,4.99,10.1016/j.ejmech.2015.08.055,2015,15758463
MAOB_HUMAN_IC50,Human MAO-B,primary,CHEMBL2039,Amine oxidase [flavin-containing] B,Homo sapiens,CHEMBL3629811,COc1ccc(/C=C/c2cc(OC)cc(OC)c2/C=C/C(=O)c2cc3c(OC)cc(OC)cc3oc2=O)cc1,NWPRVYMWNXMATN-UXKPLKHMSA-N,IC50,IC50,4.45,10.1016/j.ejmech.2015.08.055,2015,15758486
MAOB_HUMAN_IC50,Human MAO-B,primary,CHEMBL2039,Amine oxidase [flavin-containing] B,Homo sapiens,CHEMBL4531520,Cc1cc(=O)c(O)cn1Cc1cc2ccc(OCc3cccc(Cl)c3)cc2oc1=O,JAIRNBOQHCTTLS-UHFFFAOYSA-N,IC50,IC50,6.9,10.1016/j.ejmech.2019.07.031,2019,19098403
MAOB_HUMAN_IC50,Human MAO-B,primary,CHEMBL2039,Amine oxidase [flavin-containing] B,Homo sapiens,CHEMBL379350,CCN(CC)c1ccc2cc(C(C)=O)c(=O)oc2c1,JQYDECSZBZCKFQ-UHFFFAOYSA-N,IC50,IC50,4.74,10.1016/j.ejmech.2011.07.017,2011,6361445
MAOB_HUMAN_IC50,Human MAO-B,primary,CHEMBL2039,Amine oxidase [flavin-containing] B,Homo sapiens,CHEMBL2019154,COc1ccc(-c2cc3cc(Cl)ccc3oc2=O)cc1,ZDRGCZDAIUIDRB-UHFFFAOYSA-N,IC50,IC50,8.4,10.1016/j.ejmech.2022.114655,2022,25577915
MAOB_HUMAN_IC50,Human MAO-B,primary,CHEMBL2039,Amine oxidase [flavin-containing] B,Homo sapiens,CHEMBL1783716,COc1cc(-c2cc3cc(C)ccc3oc2=O)cc(OC)c1OC,VSMSVQNSANDIFA-UHFFFAOYSA-N,IC50,IC50,6.79,10.1016/j.bmcl.2009.04.085,2009,6220083
MAOB_HUMAN_IC50,Human MAO-B,primary,CHEMBL2039,Amine oxidase [flavin-containing] B,Homo sapiens,CHEMBL1783716,COc1cc(-c2cc3cc(C)ccc3oc2=O)cc(OC)c1OC,VSMSVQNSANDIFA-UHFFFAOYSA-N,IC50,IC50,6.79,10.1021/jm200716y,2011,6383792
MAOB_HUMAN_IC50,Human MAO-B,primary,CHEMBL2039,Amine oxidase [flavin-containing] B,Homo sapiens,CHEMBL499266,CC(C)CNC(=O)c1cc2ccc(OCc3ccccc3)cc2oc1=O,BHLPOOVJFYXSFF-UHFFFAOYSA-N,IC50,IC50,5.02,10.1021/jm801496u,2009,2411365
MAOB_HUMAN_IC50,Human MAO-B,primary,CHEMBL2039,Amine oxidase [flavin-containing] B,Homo sapiens,CHEMBL4089520,COc1ccc2oc(=O)c(C(=O)Nc3ccc(Cl)cc3)cc2c1,DUVYZLKIWPLPKD-UHFFFAOYSA-N,IC50,IC50,7.72,10.1021/acs.jmedchem.7b00918,2017,18187120
MAOB_HUMAN_IC50,Human MAO-B,primary,CHEMBL2039,Amine oxidase [flavin-containing] B,Homo sapiens,CHEMBL1325943,Cc1ccc(C(=O)Nc2cc3ccccc3oc2=O)cc1,SQYXRCZZAACTMO-UHFFFAOYSA-N,IC50,IC50,5.1,10.1039/C1MD00221J,2012,14552975
MAOB_HUMAN_IC50,Human MAO-B,primary,CHEMBL2039,Amine oxidase [flavin-containing] B,Homo sapiens,CHEMBL1830809,CCOC(=O)c1cc2cc(O)ccc2oc1=O,SSGYMCHQKAJEOB-UHFFFAOYSA-N,IC50,IC50,5.0,10.1016/j.ejmech.2011.07.017,2011,6361429
MAOB_HUMAN_IC50,Human MAO-B,primary,CHEMBL2039,Amine oxidase [flavin-containing] B,Homo sapiens,CHEMBL145003,Cc1c(C)c2ccc(OCc3cccc(OC(F)(F)F)c3)cc2oc1=O,NNYJYLXVTQSZGF-UHFFFAOYSA-N,IC50,IC50,8.44,10.1021/jm060441e,2006,1773842
MAOB_HUMAN_IC50,Human MAO-B,primary,CHEMBL2039,Amine oxidase [flavin-containing] B,Homo sapiens,CHEMBL1777814,COc1cc(Br)cc2cc(-c3ccccc3)c(=O)oc12,BTGXOHHCAXUQJY-UHFFFAOYSA-N,IC50,IC50,7.08,10.1016/j.bmcl.2011.05.074,2011,6260773
MAOB_HUMAN_IC50,Human MAO-B,primary,CHEMBL2039,Amine oxidase [flavin-containing] B,Homo sapiens,CHEMBL3765442,Cc1cc(=O)oc2cc(CNC3CCN(Cc4ccccc4)CC3)ccc12,PDEVIVJKZGXTTC-UHFFFAOYSA-N,IC50,IC50,5.71,10.1016/j.bmc.2016.02.023,2016,16481097
MAOB_HUMAN_IC50,Human MAO-B,primary,CHEMBL2039,Amine oxidase [flavin-containing] B,Homo sapiens,CHEMBL3764112,CCOc1cc(=O)oc2cc(OCCNC3CCN(Cc4ccccc4)CC3)ccc12,GKYZWZKQBZYQOH-UHFFFAOYSA-N,IC50,IC50,4.5,10.1016/j.bmc.2016.02.023,2016,16481090
MAOB_HUMAN_IC50,Human MAO-B,primary,CHEMBL2039,Amine oxidase [flavin-containing] B,Homo sapiens,CHEMBL4473562,Cc1c(C)c2ccc(OC3CCN(CCc4ccccc4)CC3)cc2oc1=O,HIBJQIBFQCSPQC-UHFFFAOYSA-N,IC50,IC50,5.6,10.1021/acs.jmedchem.6b00562,2016,19406937
MAOB_HUMAN_IC50,Human MAO-B,primary,CHEMBL2039,Amine oxidase [flavin-containing] B,Homo sapiens,CHEMBL5574703,CN(Cc1ccc(COc2ccc3c(CO)cc(=O)oc3c2)cc1)Cc1nccs1,OEWYFSMFZVYMCC-UHFFFAOYSA-N,IC50,IC50,6.91,10.1016/j.ejmech.2024.116511,2024,25998573
MAOB_HUMAN_IC50,Human MAO-B,primary,CHEMBL2039,Amine oxidase [flavin-containing] B,Homo sapiens,CHEMBL3417310,O=c1ccc2ccc(OCCCCN3CCN(CCNc4c5c(nc6ccccc46)CCCC5)CC3)cc2o1,CSMTZEMMWNIZNM-UHFFFAOYSA-N,IC50,IC50,6.11,10.1016/j.ejmech.2015.03.040,2015,15219041
MAOB_HUMAN_IC50,Human MAO-B,primary,CHEMBL2039,Amine oxidase [flavin-containing] B,Homo sapiens,CHEMBL3417303,O=c1ccc2ccc(OCCCCCCN3CCN(CCCNc4c5c(nc6ccccc46)CCCC5)CC3)cc2o1,ORSILIXUUUCZAS-UHFFFAOYSA-N,IC50,IC50,5.02,10.1016/j.ejmech.2015.03.040,2015,15219048
MAOB_HUMAN_IC50,Human MAO-B,primary,CHEMBL2039,Amine oxidase [flavin-containing] B,Homo sapiens,CHEMBL1214023,COc1cccc(-c2csc(N/N=C(\C)c3cc4ccccc4oc3=O)n2)c1,XQGSFPQEQYBHHJ-YDZHTSKRSA-N,IC50,IC50,5.16,10.1016/j.bmc.2010.06.007,2010,3407003
MAOB_HUMAN_IC50,Human MAO-B,primary,CHEMBL2039,Amine oxidase [flavin-containing] B,Homo sapiens,CHEMBL3735752,Cc1ccc2oc(=O)c(-c3cccc(OC(=O)c4ccccc4)c3)cc2c1,FIDBVTFKNCCSFL-UHFFFAOYSA-N,IC50,IC50,6.19,10.1039/C4MD00437J,2015,16386436
MAOB_HUMAN_IC50,Human MAO-B,primary,CHEMBL2039,Amine oxidase [flavin-containing] B,Homo sapiens,CHEMBL4090150,Cc1c(C#N)c(=O)oc2cc(OCc3ccccc3Br)ccc12,UPYDTRMWIMLIRN-UHFFFAOYSA-N,IC50,IC50,7.14,10.1016/j.ejmech.2016.09.041,2017,18195000
MAOB_HUMAN_IC50,Human MAO-B,primary,CHEMBL2039,Amine oxidase [flavin-containing] B,Homo sapiens,CHEMBL5595836,CN(Cc1ccc(COc2ccc3c(CO)cc(=O)oc3c2)cc1)Cc1ncc[nH]1,MPSZWZSOPBDXOR-UHFFFAOYSA-N,IC50,IC50,7.66,10.1016/j.ejmech.2024.116511,2024,25998572
MAOB_HUMAN_IC50,Human MAO-B,primary,CHEMBL2039,Amine oxidase [flavin-containing] B,Homo sapiens,CHEMBL5573115,CN(CCc1cccnc1)Cc1ccc(COc2ccc3c(CO)cc(=O)oc3c2)cc1,XPTUUTSFMHAOPS-UHFFFAOYSA-N,IC50,IC50,6.75,10.1016/j.ejmech.2024.116511,2024,25998580
MAOB_HUMAN_IC50,Human MAO-B,primary,CHEMBL2039,Amine oxidase [flavin-containing] B,Homo sapiens,CHEMBL5396287,Cc1cc(=O)oc2c(NC(=O)c3ccccc3)c(O)ccc12,SSOGVWPVRRTJBG-UHFFFAOYSA-N,IC50,IC50,4.9,10.1016/j.ejmech.2023.115091,2023,25461200
MAOB_HUMAN_IC50,Human MAO-B,primary,CHEMBL2039,Amine oxidase [flavin-containing] B,Homo sapiens,CHEMBL3764609,Cc1c(C)c2ccc(OCCNC3CCN(Cc4ccccc4)CC3)cc2oc1=O,IPJZSNUPIXZHAU-UHFFFAOYSA-N,IC50,IC50,4.63,10.1016/j.bmc.2016.02.023,2016,16481094
MAOB_HUMAN_IC50,Human MAO-B,primary,CHEMBL2039,Amine oxidase [flavin-containing] B,Homo sapiens,CHEMBL508793,COc1cc(NC(=O)c2cc3ccccc3oc2=O)cc(OC)c1,TWWGQNUHZRYDKK-UHFFFAOYSA-N,IC50,IC50,5.38,10.1021/jm801496u,2009,2411358
MAOB_HUMAN_IC50,Human MAO-B,primary,CHEMBL2039,Amine oxidase [flavin-containing] B,Homo sapiens,CHEMBL470420,COc1ccc(NC(=O)c2cc3ccccc3oc2=O)cc1,UVIDYPCYACCLOZ-UHFFFAOYSA-N,IC50,IC50,6.09,10.1021/jm801496u,2009,2411343
MAOB_HUMAN_IC50,Human MAO-B,primary,CHEMBL2039,Amine oxidase [flavin-containing] B,Homo sapiens,CHEMBL3394530,Cc1c(C)c2ccc(/N=C/c3ccccc3O)cc2oc1=O,OCEGQDAYHXMRMT-VXLYETTFSA-N,IC50,IC50,6.93,10.1016/j.bmcl.2014.12.034,2015,15144178
MAOB_HUMAN_IC50,Human MAO-B,primary,CHEMBL2039,Amine oxidase [flavin-containing] B,Homo sapiens,CHEMBL4539578,CN(C)Cc1cccc(COc2ccc3c(CO)cc(=O)oc3c2)c1,YVWBNPXKOWYLDZ-UHFFFAOYSA-N,IC50,IC50,7.27,10.1016/j.ejmech.2018.10.016,2019,18936887
MAOB_HUMAN_IC50,Human MAO-B,primary,CHEMBL2039,Amine oxidase [flavin-containing] B,Homo sapiens,CHEMBL3360734,Cc1ccc2oc(=O)c(-c3cccc(N)c3)cc2c1,LGZDIVLUIURHFV-UHFFFAOYSA-N,IC50,IC50,8.66,10.1016/j.bmcl.2014.12.001,2015,14993862
MAOB_HUMAN_IC50,Human MAO-B,primary,CHEMBL2039,Amine oxidase [flavin-containing] B,Homo sapiens,CHEMBL3360734,Cc1ccc2oc(=O)c(-c3cccc(N)c3)cc2c1,LGZDIVLUIURHFV-UHFFFAOYSA-N,IC50,IC50,7.22,10.1016/j.ejmech.2022.114655,2022,25577932
MAOB_HUMAN_IC50,Human MAO-B,primary,CHEMBL2039,Amine oxidase [flavin-containing] B,Homo sapiens,CHEMBL4645435,Cc1c(O)c(=O)ccn1CCNC(=O)c1cc2ccc(OCc3cccc(Cl)c3)cc2oc1=O,VISLYZSBRPEGRU-UHFFFAOYSA-N,IC50,IC50,6.87,10.1016/j.bmc.2020.115550,2020,20685920
MAOB_HUMAN_IC50,Human MAO-B,primary,CHEMBL2039,Amine oxidase [flavin-containing] B,Homo sapiens,CHEMBL4643633,Cc1c(O)c(=O)ccn1CCNC(=O)c1cc2ccc(OCc3ccc(C(C)C)cc3)cc2oc1=O,RHKXWWKIJOJNMM-UHFFFAOYSA-N,IC50,IC50,6.93,10.1016/j.bmc.2020.115550,2020,20685929
MAOB_HUMAN_IC50,Human MAO-B,primary,CHEMBL2039,Amine oxidase [flavin-containing] B,Homo sapiens,CHEMBL4632506,Cc1cccc2cc(C(=O)NCCn3ccc(=O)c(O)c3C)c(=O)oc12,VDGSLCINFKGFLJ-UHFFFAOYSA-N,IC50,IC50,6.8,10.1016/j.bmc.2020.115550,2020,20685914
MAOB_HUMAN_IC50,Human MAO-B,primary,CHEMBL2039,Amine oxidase [flavin-containing] B,Homo sapiens,CHEMBL145503,Cc1cc(=O)oc2cc(OCc3cccc([N+](=O)[O-])c3)ccc12,AFDMKZBWSPXVRV-UHFFFAOYSA-N,IC50,IC50,8.49,10.1021/jm060441e,2006,1773857
MAOB_HUMAN_IC50,Human MAO-B,primary,CHEMBL2039,Amine oxidase [flavin-containing] B,Homo sapiens,CHEMBL3394537,O=c1oc2cc(/N=C/c3ccc(O)cc3O)ccc2c2c1CCC2,CDVYYTNUPRMDNC-KEBDBYFISA-N,IC50,IC50,6.66,10.1016/j.bmcl.2014.12.034,2015,15144171
MAOB_HUMAN_IC50,Human MAO-B,primary,CHEMBL2039,Amine oxidase [flavin-containing] B,Homo sapiens,CHEMBL3394540,Cc1cc(=O)oc2cc(NCc3ccccc3O)ccc12,ZASPZVGMLOXOQT-UHFFFAOYSA-N,IC50,IC50,4.7,10.1016/j.bmcl.2014.12.034,2015,15144168
MAOB_HUMAN_IC50,Human MAO-B,primary,CHEMBL2039,Amine oxidase [flavin-containing] B,Homo sapiens,CHEMBL120770,Cc1cc(=O)oc2cc(OC/C=C/C3=CC(=O)C(C)(C)O3)ccc12,AXIRQRZVUWCTCT-SNAWJCMRSA-N,IC50,IC50,6.77,10.1016/s0960-894x(02)00798-9,2002,962388
MAOB_HUMAN_IC50,Human MAO-B,primary,CHEMBL2039,Amine oxidase [flavin-containing] B,Homo sapiens,CHEMBL1835231,COc1ccc(-c2cc3cc(C)ccc3oc2=O)cc1Br,VDJROBVELNDISM-UHFFFAOYSA-N,IC50,IC50,9.13,10.1021/jm200716y,2011,6383793
MAOB_HUMAN_IC50,Human MAO-B,primary,CHEMBL2039,Amine oxidase [flavin-containing] B,Homo sapiens,CHEMBL577099,Cc1ccc2oc(=O)c(-c3ccc(O)cc3)cc2c1,JSHUCMRTLUIFTM-UHFFFAOYSA-N,IC50,IC50,6.81,10.1016/j.bmcl.2009.07.039,2009,3022330
MAOB_HUMAN_IC50,Human MAO-B,primary,CHEMBL2039,Amine oxidase [flavin-containing] B,Homo sapiens,CHEMBL577099,Cc1ccc2oc(=O)c(-c3ccc(O)cc3)cc2c1,JSHUCMRTLUIFTM-UHFFFAOYSA-N,IC50,IC50,6.81,10.1021/jm200716y,2011,6383796
MAOB_HUMAN_IC50,Human MAO-B,primary,CHEMBL2039,Amine oxidase [flavin-containing] B,Homo sapiens,CHEMBL1830825,O=C(O)c1cc2ccc(OCc3cccc(Cl)c3)cc2oc1=O,ZXPKQFOHXJWSHB-UHFFFAOYSA-N,IC50,IC50,5.75,10.1016/j.ejmech.2011.07.017,2011,6361421
MAOB_HUMAN_IC50,Human MAO-B,primary,CHEMBL2039,Amine oxidase [flavin-containing] B,Homo sapiens,CHEMBL4129303,Cc1ccc2oc(=O)c(-c3cccc(Br)c3)cc2c1,FWJYDYOSAGJKQO-UHFFFAOYSA-N,IC50,IC50,9.87,10.1016/j.bmc.2018.05.042,2018,18305643
MAOB_HUMAN_IC50,Human MAO-B,primary,CHEMBL2039,Amine oxidase [flavin-containing] B,Homo sapiens,CHEMBL3764436,Cc1cc(=O)oc2cc(OCCNC3CCN(Cc4ccccc4)CC3)ccc12,VCCISXVIIKLUNO-UHFFFAOYSA-N,IC50,IC50,5.56,10.1016/j.bmc.2016.02.023,2016,16481087
MAOB_HUMAN_IC50,Human MAO-B,primary,CHEMBL2039,Amine oxidase [flavin-containing] B,Homo sapiens,CHEMBL487071,Cc1cc(=O)oc2c(C)c3oc4c(c3cc12)CCC4,CPPUXTUYSXJHCX-UHFFFAOYSA-N,IC50,IC50,4.13,10.1021/jm800656v,2008,2592789
MAOB_HUMAN_IC50,Human MAO-B,primary,CHEMBL2039,Amine oxidase [flavin-containing] B,Homo sapiens,CHEMBL5283992,Cc1cc(=O)c(O)c(CO)n1CCn1cc(COc2ccc3ccc(=O)oc3c2)nn1,JMRVCASGJDEETF-UHFFFAOYSA-N,IC50,IC50,6.17,10.1039/d2md00175f,2022,25036608
MAOB_HUMAN_IC50,Human MAO-B,primary,CHEMBL2039,Amine oxidase [flavin-containing] B,Homo sapiens,CHEMBL3586603,Cc1cc2ccc(OCc3ccc(CN(C)Cc4ccc(C#N)cc4)cc3)cc2oc1=O.Cl,OECSWYUPTUFYRK-UHFFFAOYSA-N,IC50,IC50,7.77,10.1021/acs.jmedchem.5b00599,2015,15625521
MAOB_HUMAN_IC50,Human MAO-B,primary,CHEMBL2039,Amine oxidase [flavin-containing] B,Homo sapiens,CHEMBL3220512,COc1cc(C(=O)Nc2cc3ccccc3oc2=O)cc(OC)c1OC,BKHAKDFBEXNJIG-UHFFFAOYSA-N,IC50,IC50,4.14,10.1039/C1MD00221J,2012,14552980
MAOB_HUMAN_IC50,Human MAO-B,primary,CHEMBL2039,Amine oxidase [flavin-containing] B,Homo sapiens,CHEMBL5567576,C/C(=N/O)c1cc2ccc(OCc3ccc(S(N)(=O)=O)cc3)cc2oc1=O,DRTMYTUADOXNIZ-JAIQZWGSSA-N,IC50,IC50,7.09,10.1021/acs.jmedchem.4c00045,2024,25934267
MAOB_HUMAN_IC50,Human MAO-B,primary,CHEMBL2039,Amine oxidase [flavin-containing] B,Homo sapiens,CHEMBL5563449,CN(Cc1ccc(COc2ccc3c(CO)cc(=O)oc3c2)cc1)Cc1cncnc1,STSJHUCWXFKBFA-UHFFFAOYSA-N,IC50,IC50,7.41,10.1016/j.ejmech.2024.116511,2024,25998577
MAOB_HUMAN_IC50,Human MAO-B,primary,CHEMBL2039,Amine oxidase [flavin-containing] B,Homo sapiens,CHEMBL3394531,Cc1c(Cl)c(=O)oc2cc(/N=C/c3ccccc3O)ccc12,ZVXVWJBUYPVEQG-DJKKODMXSA-N,IC50,IC50,6.32,10.1016/j.bmcl.2014.12.034,2015,15144177
MAOB_HUMAN_IC50,Human MAO-B,primary,CHEMBL2039,Amine oxidase [flavin-containing] B,Homo sapiens,CHEMBL4210287,Cc1ccc2oc(=O)c(-c3ccc(Cl)nn3)cc2c1,XPJKUAXVQONYMH-UHFFFAOYSA-N,IC50,IC50,4.87,10.1016/j.ejmech.2017.07.045,2017,18517401
MAOB_HUMAN_IC50,Human MAO-B,primary,CHEMBL2039,Amine oxidase [flavin-containing] B,Homo sapiens,CHEMBL3586592,CN(Cc1ccccc1)Cc1ccc(COc2ccc3ccc(=O)oc3c2)cc1,XOSFOGCCJRNZJO-UHFFFAOYSA-N,IC50,IC50,7.39,10.1021/acs.jmedchem.5b00599,2015,15625515
MAOB_HUMAN_IC50,Human MAO-B,primary,CHEMBL2039,Amine oxidase [flavin-containing] B,Homo sapiens,CHEMBL4212732,C#CCN(CCOc1ccc2ccc(=O)oc2c1)Cc1cccc(F)c1,DPKOIOCZXMATFT-UHFFFAOYSA-N,IC50,IC50,5.26,10.1016/j.ejmech.2017.07.008,2017,18514931
MAOB_HUMAN_IC50,Human MAO-B,primary,CHEMBL2039,Amine oxidase [flavin-containing] B,Homo sapiens,CHEMBL574382,Cc1cc(=O)oc2cc(/N=C/c3ccccc3O)ccc12,HBTSRRQZYVYNDA-VCHYOVAHSA-N,IC50,IC50,6.14,10.1016/j.bmcl.2014.12.034,2015,15144183
MAOB_HUMAN_IC50,Human MAO-B,primary,CHEMBL2039,Amine oxidase [flavin-containing] B,Homo sapiens,CHEMBL1761761,COc1ccc2cc(-c3ccsc3)c(=O)oc2c1,WAJKAWOYYMLWNI-UHFFFAOYSA-N,IC50,IC50,7.25,10.1016/j.ejmech.2011.01.033,2011,6153445
MAOB_HUMAN_IC50,Human MAO-B,primary,CHEMBL2039,Amine oxidase [flavin-containing] B,Homo sapiens,CHEMBL5583624,CN(C)c1cc(=O)oc2cc(OCc3ccc(S(N)(=O)=O)cc3)ccc12,QDLONGHMIAFYJC-UHFFFAOYSA-N,IC50,IC50,6.07,10.1021/acs.jmedchem.4c00045,2024,25934270
MAOB_HUMAN_IC50,Human MAO-B,primary,CHEMBL2039,Amine oxidase [flavin-containing] B,Homo sapiens,CHEMBL5565316,Cc1cc2ccc(OCc3ccc(S(N)(=O)=O)cc3)cc2oc1=O,KDMKQNJDFWYSKD-UHFFFAOYSA-N,IC50,IC50,8.15,10.1021/acs.jmedchem.4c00045,2024,25934268
MAOB_HUMAN_IC50,Human MAO-B,primary,CHEMBL2039,Amine oxidase [flavin-containing] B,Homo sapiens,CHEMBL5571185,CCOC(=O)c1cc2ccc(OCc3ccc(S(N)(=O)=O)cc3)cc2oc1=O,PTZAUMRAQORXBV-UHFFFAOYSA-N,IC50,IC50,6.68,10.1021/acs.jmedchem.4c00045,2024,25934252
MAOB_HUMAN_IC50,Human MAO-B,primary,CHEMBL2039,Amine oxidase [flavin-containing] B,Homo sapiens,CHEMBL142582,Cc1c(C)c2ccc(OCc3ccc([N+](=O)[O-])cc3)cc2oc1=O,BPAHELUFQXKRPY-UHFFFAOYSA-N,IC50,IC50,8.95,10.1021/jm060441e,2006,1773831
MAOB_HUMAN_IC50,Human MAO-B,primary,CHEMBL2039,Amine oxidase [flavin-containing] B,Homo sapiens,CHEMBL4475204,Cc1cc(=O)c(O)cn1Cc1cc2ccc(OCc3ccc(F)cc3)cc2oc1=O,ZPOPMBOZYWLELY-UHFFFAOYSA-N,IC50,IC50,6.84,10.1016/j.ejmech.2019.07.031,2019,19098409
MAOB_HUMAN_IC50,Human MAO-B,primary,CHEMBL2039,Amine oxidase [flavin-containing] B,Homo sapiens,CHEMBL499847,O=c1ccc2c(ccc3ccoc32)o1,HMUJHZNYHJMOHR-UHFFFAOYSA-N,IC50,IC50,5.26,10.1016/j.bmcl.2019.01.016,2019,19367828
MAOB_HUMAN_IC50,Human MAO-B,primary,CHEMBL2039,Amine oxidase [flavin-containing] B,Homo sapiens,CHEMBL522532,Cc1ccc(NC(=O)c2cc3cc(C)ccc3oc2=O)cc1,MFUWDBLYKLNULI-UHFFFAOYSA-N,IC50,IC50,7.86,10.1021/acs.jmedchem.7b00918,2017,18187107
MAOB_HUMAN_IC50,Human MAO-B,primary,CHEMBL2039,Amine oxidase [flavin-containing] B,Homo sapiens,CHEMBL4750523,CCc1c(O)c(=O)ccn1CCCn1cc(COc2cc3ccccc3oc2=O)nn1,YKSDQXQXSGUDRE-UHFFFAOYSA-N,IC50,IC50,6.07,10.1021/acs.jmedchem.0c01480,2020,22801686
MAOB_HUMAN_IC50,Human MAO-B,primary,CHEMBL2039,Amine oxidase [flavin-containing] B,Homo sapiens,CHEMBL4750523,CCc1c(O)c(=O)ccn1CCCn1cc(COc2cc3ccccc3oc2=O)nn1,YKSDQXQXSGUDRE-UHFFFAOYSA-N,IC50,IC50,6.07,10.1016/j.ejmech.2021.113546,2021,25008880
MAOB_HUMAN_IC50,Human MAO-B,primary,CHEMBL2039,Amine oxidase [flavin-containing] B,Homo sapiens,CHEMBL494808,Cc1cccc(NC(=O)c2cc3cc(C)ccc3oc2=O)c1,BYMDGQZMHMAQIC-UHFFFAOYSA-N,IC50,IC50,8.12,10.1021/acs.jmedchem.7b00918,2017,18187110
MAOB_HUMAN_IC50,Human MAO-B,primary,CHEMBL2039,Amine oxidase [flavin-containing] B,Homo sapiens,CHEMBL3735973,Cc1ccc2oc(=O)c(-c3cccc(OCCCBr)c3)cc2c1,ISHKJWBAICESMB-UHFFFAOYSA-N,IC50,IC50,5.43,10.1039/C4MD00437J,2015,16386429
MAOB_HUMAN_IC50,Human MAO-B,primary,CHEMBL2039,Amine oxidase [flavin-containing] B,Homo sapiens,CHEMBL5575945,NS(=O)(=O)c1ccc(COc2ccc3c(c2)oc(=O)c2ccccc23)cc1,ZGFVQELBBCKLHC-UHFFFAOYSA-N,IC50,IC50,7.13,10.1021/acs.jmedchem.4c00045,2024,25934281
MAOB_HUMAN_IC50,Human MAO-B,primary,CHEMBL2039,Amine oxidase [flavin-containing] B,Homo sapiens,CHEMBL5572092,NS(=O)(=O)c1ccc(NC(=O)COc2ccc3ccc(=O)oc3c2)c(Br)c1,IBOUAOLFUAHOIO-UHFFFAOYSA-N,IC50,IC50,5.32,10.1021/acs.jmedchem.4c00045,2024,25934228
MAOB_HUMAN_IC50,Human MAO-B,primary,CHEMBL2039,Amine oxidase [flavin-containing] B,Homo sapiens,CHEMBL4522235,Cc1c(C)c2ccc(OCCCN3CCc4ccccc4C3)cc2oc1=O.Cl,NTAVCLYHLPYVCZ-UHFFFAOYSA-N,IC50,IC50,6.53,10.1021/acs.jmedchem.6b00562,2016,19406957
MAOB_HUMAN_IC50,Human MAO-B,primary,CHEMBL2039,Amine oxidase [flavin-containing] B,Homo sapiens,CHEMBL5570880,NS(=O)(=O)c1ccc(COc2ccc3c(Cl)cc(=O)oc3c2)cc1,LKVQTROTCQCDLE-UHFFFAOYSA-N,IC50,IC50,7.95,10.1021/acs.jmedchem.4c00045,2024,25934269
MAOB_HUMAN_IC50,Human MAO-B,primary,CHEMBL2039,Amine oxidase [flavin-containing] B,Homo sapiens,CHEMBL18978,Cc1c(C)c2ccc(OS(=O)(=O)c3ccccc3)cc2oc1=O,FMWFBKVHLXWFOF-UHFFFAOYSA-N,IC50,IC50,7.8,10.1021/jm060441e,2006,1773850
MAOB_HUMAN_IC50,Human MAO-B,primary,CHEMBL2039,Amine oxidase [flavin-containing] B,Homo sapiens,CHEMBL5595332,CN(Cc1ccc(COc2ccc3c(CO)cc(=O)oc3c2)cc1)Cc1cccs1,URCBDSWAOOULBM-UHFFFAOYSA-N,IC50,IC50,7.44,10.1016/j.ejmech.2024.116511,2024,25998569
MAOB_HUMAN_IC50,Human MAO-B,primary,CHEMBL2039,Amine oxidase [flavin-containing] B,Homo sapiens,CHEMBL487235,C=C(Br)COc1ccc2c(oc(=O)c3ccccc32)c1C,GGTNLZBSSNHXRY-UHFFFAOYSA-N,IC50,IC50,8.83,10.1021/jm800656v,2008,2592792
MAOB_HUMAN_IC50,Human MAO-B,primary,CHEMBL2039,Amine oxidase [flavin-containing] B,Homo sapiens,CHEMBL500683,N#Cc1c(F)c(F)c(NC(=O)c2cc3ccc(OCc4ccc(F)cc4)cc3oc2=O)c(F)c1F,TWDNLHLTPOULJC-UHFFFAOYSA-N,IC50,IC50,5.46,10.1021/jm801496u,2009,2411374
MAOB_HUMAN_IC50,Human MAO-B,primary,CHEMBL2039,Amine oxidase [flavin-containing] B,Homo sapiens,CHEMBL1783714,Cc1ccc2oc(=O)c(-c3ccccc3)cc2c1,CWPFCMRZZPIZTM-UHFFFAOYSA-N,IC50,IC50,6.55,10.1016/j.bmcl.2009.04.085,2009,6220080
MAOB_HUMAN_IC50,Human MAO-B,primary,CHEMBL2039,Amine oxidase [flavin-containing] B,Homo sapiens,CHEMBL1783714,Cc1ccc2oc(=O)c(-c3ccccc3)cc2c1,CWPFCMRZZPIZTM-UHFFFAOYSA-N,IC50,IC50,6.55,10.1021/jm200716y,2011,6383785
MAOB_HUMAN_IC50,Human MAO-B,primary,CHEMBL2039,Amine oxidase [flavin-containing] B,Homo sapiens,CHEMBL1783714,Cc1ccc2oc(=O)c(-c3ccccc3)cc2c1,CWPFCMRZZPIZTM-UHFFFAOYSA-N,IC50,IC50,6.55,10.1039/C1MD00221J,2012,14552972
MAOB_HUMAN_IC50,Human MAO-B,primary,CHEMBL2039,Amine oxidase [flavin-containing] B,Homo sapiens,CHEMBL5565616,COC(=O)c1c(OCc2ccc(S(N)(=O)=O)cc2)ccc2c(C)cc(=O)oc12,LYSZJQBPRRDXLZ-UHFFFAOYSA-N,IC50,IC50,5.64,10.1021/acs.jmedchem.4c00045,2024,25934280
MAOB_HUMAN_IC50,Human MAO-B,primary,CHEMBL2039,Amine oxidase [flavin-containing] B,Homo sapiens,CHEMBL5562537,CC(=O)c1cc2ccc(OCc3ccc(S(N)(=O)=O)cc3)cc2oc1=O,AWKSRJLNZWGCOO-UHFFFAOYSA-N,IC50,IC50,7.29,10.1021/acs.jmedchem.4c00045,2024,25934264
MAOB_HUMAN_IC50,Human MAO-B,primary,CHEMBL2039,Amine oxidase [flavin-containing] B,Homo sapiens,CHEMBL5571128,NS(=O)(=O)c1ccc(COc2ccc3c(N4CCNCC4)cc(=O)oc3c2)cc1,MLQCCTAVKREBAX-UHFFFAOYSA-N,IC50,IC50,5.1,10.1021/acs.jmedchem.4c00045,2024,25934284
MAOB_HUMAN_IC50,Human MAO-B,primary,CHEMBL2039,Amine oxidase [flavin-containing] B,Homo sapiens,CHEMBL511966,Cc1ccc(C)c(NC(=O)c2cc3ccccc3oc2=O)c1,YKWNUQSPFVLGFM-UHFFFAOYSA-N,IC50,IC50,4.65,10.1021/jm801496u,2009,2411350
MAOB_HUMAN_IC50,Human MAO-B,primary,CHEMBL2039,Amine oxidase [flavin-containing] B,Homo sapiens,CHEMBL4203107,C#CCN(C)CCOc1ccc2ccc(=O)oc2c1,VDHYBYFOKUDNIL-UHFFFAOYSA-N,IC50,IC50,5.96,10.1016/j.ejmech.2017.07.008,2017,18514947
MAOB_HUMAN_IC50,Human MAO-B,primary,CHEMBL2039,Amine oxidase [flavin-containing] B,Homo sapiens,CHEMBL3586582,Cc1c(C)c2ccc(OCCCCCCN(C)Cc3ccccc3)cc2oc1=O,QGRBYVLSFDOHSR-UHFFFAOYSA-N,IC50,IC50,6.49,10.1021/acs.jmedchem.5b00599,2015,15625513
MAOB_HUMAN_IC50,Human MAO-B,primary,CHEMBL2039,Amine oxidase [flavin-containing] B,Homo sapiens,CHEMBL4214760,C#CCN(CCCCOc1ccc2ccc(=O)oc2c1)Cc1ccc(F)c(F)c1,MSTPETYCFKDUBN-UHFFFAOYSA-N,IC50,IC50,5.62,10.1016/j.ejmech.2017.07.008,2017,18514946
MAOB_HUMAN_IC50,Human MAO-B,primary,CHEMBL2039,Amine oxidase [flavin-containing] B,Homo sapiens,CHEMBL3629472,COc1ccc(/C=C/c2cc(OC)cc(OC)c2/C=C/C(=O)c2cc3ccc(C)cc3oc2=O)cc1,GCJZTWGSGWVZNN-NOQWHZBDSA-N,IC50,IC50,5.56,10.1016/j.ejmech.2015.08.055,2015,15758452
MAOB_HUMAN_IC50,Human MAO-B,primary,CHEMBL2039,Amine oxidase [flavin-containing] B,Homo sapiens,CHEMBL5078658,Cc1c(C)c2ccc(OCc3ccc(CN(C)CCCC(F)F)cc3)cc2oc1=O,UXFJYPQDRBVIIL-UHFFFAOYSA-N,IC50,IC50,6.8,10.1021/acs.jmedchem.1c01784,2022,24422250
MAOB_HUMAN_IC50,Human MAO-B,primary,CHEMBL2039,Amine oxidase [flavin-containing] B,Homo sapiens,CHEMBL3629468,COc1ccc(/C=C/c2cc(OC)cc(OC)c2/C=C/C(=O)c2cc3ccc(OC)cc3oc2=O)cc1,DMRJQDWCIVTCSF-SEYMNPNRSA-N,IC50,IC50,5.38,10.1016/j.ejmech.2015.08.055,2015,15758476
MAOB_HUMAN_IC50,Human MAO-B,primary,CHEMBL2039,Amine oxidase [flavin-containing] B,Homo sapiens,CHEMBL5398015,CC(=O)Nc1c(O)ccc2c(C)cc(=O)oc12,NITFXIODRALALB-UHFFFAOYSA-N,IC50,IC50,4.51,10.1016/j.ejmech.2023.115091,2023,25461193
MAOB_HUMAN_IC50,Human MAO-B,primary,CHEMBL2039,Amine oxidase [flavin-containing] B,Homo sapiens,CHEMBL3261202,COc1ccccc1NC(=O)c1cc2cc(Br)cc(Br)c2oc1=O,SAUCAQHEIVUATB-UHFFFAOYSA-N,IC50,IC50,4.7,10.1016/j.ejmech.2014.04.060,2014,14662194
MAOB_HUMAN_IC50,Human MAO-B,primary,CHEMBL2039,Amine oxidase [flavin-containing] B,Homo sapiens,CHEMBL4470448,Cc1c(C)c2ccc(OCC3CCN(Cc4cccc(OCCCO)c4)CC3)cc2oc1=O,QLFPNOYDCBXGNI-UHFFFAOYSA-N,IC50,IC50,6.11,10.1016/j.ejmech.2018.10.016,2019,18936916
MAOB_HUMAN_IC50,Human MAO-B,primary,CHEMBL2039,Amine oxidase [flavin-containing] B,Homo sapiens,CHEMBL4442642,C#CCOc1ccc2cc(Cn3ccc(=O)c(O)c3CC)c(=O)oc2c1,YKGGDKVVKRRAMR-UHFFFAOYSA-N,IC50,IC50,6.92,10.1016/j.ejmech.2019.07.031,2019,19098398
MAOB_HUMAN_IC50,Human MAO-B,primary,CHEMBL2039,Amine oxidase [flavin-containing] B,Homo sapiens,CHEMBL4459482,Cc1c(C)c2ccc(OCC3CCN(Cc4cccc(CO[N+](=O)[O-])c4)CC3)cc2oc1=O,NBANFZDFABUAHK-UHFFFAOYSA-N,IC50,IC50,7.29,10.1016/j.ejmech.2018.10.016,2019,18936920
MAOB_HUMAN_IC50,Human MAO-B,primary,CHEMBL2039,Amine oxidase [flavin-containing] B,Homo sapiens,CHEMBL5589767,Cc1c(Cl)c(=O)oc2cc(OCC(=O)Nc3ccc(S(N)(=O)=O)cc3F)ccc12,PPCVYOIHJUDHNC-UHFFFAOYSA-N,IC50,IC50,5.49,10.1021/acs.jmedchem.4c00045,2024,25934236
MAOB_HUMAN_IC50,Human MAO-B,primary,CHEMBL2039,Amine oxidase [flavin-containing] B,Homo sapiens,CHEMBL5432539,O=c1oc2cc(Br)ccc2cc1-c1ccc(Br)nn1,NQAVDCSOGJRXOW-UHFFFAOYSA-N,IC50,IC50,7.22,10.1016/j.ejmech.2022.114655,2022,25577931
MAOB_HUMAN_IC50,Human MAO-B,primary,CHEMBL2039,Amine oxidase [flavin-containing] B,Homo sapiens,CHEMBL5436440,Cc1cc(=O)oc2c(NC(=O)c3ccco3)c(O)ccc12,JEWNKTSAZOHQQV-UHFFFAOYSA-N,IC50,IC50,4.76,10.1016/j.ejmech.2023.115091,2023,25461208
MAOB_HUMAN_IC50,Human MAO-B,primary,CHEMBL2039,Amine oxidase [flavin-containing] B,Homo sapiens,CHEMBL5575430,NC(=O)c1cc2ccc(OCc3ccc(S(N)(=O)=O)cc3)cc2oc1=O,COOYNHCRBYHLOD-UHFFFAOYSA-N,IC50,IC50,6.04,10.1021/acs.jmedchem.4c00045,2024,25934266
MAOB_HUMAN_IC50,Human MAO-B,primary,CHEMBL2039,Amine oxidase [flavin-containing] B,Homo sapiens,CHEMBL5593900,NS(=O)(=O)c1ccc(COc2ccc3c(CN4CCOCC4)cc(=O)oc3c2)cc1,DTIZVTGOGWVWFS-UHFFFAOYSA-N,IC50,IC50,5.13,10.1021/acs.jmedchem.4c00045,2024,25934277
MAOB_HUMAN_IC50,Human MAO-B,primary,CHEMBL2039,Amine oxidase [flavin-containing] B,Homo sapiens,CHEMBL5416702,COc1cccc(-c2cc3cc(Cl)ccc3oc2=O)c1,ZPJQCWZHXDODCH-UHFFFAOYSA-N,IC50,IC50,9.0,10.1016/j.ejmech.2022.114655,2022,25577916
MAOB_HUMAN_IC50,Human MAO-B,primary,CHEMBL2039,Amine oxidase [flavin-containing] B,Homo sapiens,CHEMBL4527294,O=C(SCCc1ccco1)c1cc2ccccc2oc1=O,CTUKKXMFFDKESC-UHFFFAOYSA-N,IC50,IC50,6.7,10.1039/C8MD00446C,2019,19480631
MAOB_HUMAN_IC50,Human MAO-B,primary,CHEMBL2039,Amine oxidase [flavin-containing] B,Homo sapiens,CHEMBL4564297,Cc1c(C)c2ccc(OC3CCN(CC(=O)c4ccccc4)CC3)cc2oc1=O,XBOQNZPZRIVLIZ-UHFFFAOYSA-N,IC50,IC50,6.94,10.1021/acs.jmedchem.6b00562,2016,19406938
MAOB_HUMAN_IC50,Human MAO-B,primary,CHEMBL2039,Amine oxidase [flavin-containing] B,Homo sapiens,CHEMBL4444006,Cc1c(C)c2ccc(OCc3cccc(CN4CCC(CO)CC4)c3)cc2oc1=O,AJYQNGRAUDTCMC-UHFFFAOYSA-N,IC50,IC50,6.5,10.1016/j.ejmech.2018.10.016,2019,18936888
MAOB_HUMAN_IC50,Human MAO-B,primary,CHEMBL2039,Amine oxidase [flavin-containing] B,Homo sapiens,CHEMBL12208,Cc1cc(=O)oc2cc(O)ccc12,HSHNITRMYYLLCV-UHFFFAOYSA-N,IC50,IC50,4.09,10.1021/jm800656v,2008,2592807
CA9_HUMAN_KI,Human CA9,primary,CHEMBL3594,Carbonic anhydrase 9,Homo sapiens,CHEMBL4160538,O=c1oc2ccccc2c2c1c(Cc1ccccc1)nn2Cc1ccccc1,UBIDKICMKAZKQA-UHFFFAOYSA-N,Ki,Ki,7.5,10.1016/j.ejmech.2018.01.033,2018,18390728
CA9_HUMAN_KI,Human CA9,primary,CHEMBL3594,Carbonic anhydrase 9,Homo sapiens,CHEMBL5220116,O=C(OCCCCCCN(CCCOC(=O)c1c2ccccc2cc2ccccc12)CCCOc1ccc2ccc(=O)oc2c1)c1c2ccccc2cc2ccccc12,HZJFMSHSLWODND-UHFFFAOYSA-N,Ki,Ki,6.78,10.1021/acs.jmedchem.2c01175,2022,24968775
CA9_HUMAN_KI,Human CA9,primary,CHEMBL3594,Carbonic anhydrase 9,Homo sapiens,CHEMBL4762118,O=C(/C=C/c1cccc(C(F)(F)F)c1)Nc1ccc2oc(=O)ccc2c1,XSYJOQHFALEUSV-XBXARRHUSA-N,Ki,Ki,7.06,10.1016/j.bmc.2020.115586,2020,22879399
CA9_HUMAN_KI,Human CA9,primary,CHEMBL3594,Carbonic anhydrase 9,Homo sapiens,CHEMBL4475016,O=Cc1cccc(OCc2cn(CCCOc3ccc4ccc(=O)oc4c3)nn2)c1,NVNIDGYSZZAEON-UHFFFAOYSA-N,Ki,Ki,6.72,10.1016/j.ejmech.2019.111702,2019,18889646
CA9_HUMAN_KI,Human CA9,primary,CHEMBL3594,Carbonic anhydrase 9,Homo sapiens,CHEMBL4160716,O=c1cc(-c2cccc(Cl)c2)c2ccc(O)cc2o1,AYZXTEMZEGPHPD-UHFFFAOYSA-N,Ki,Ki,7.51,10.1016/j.ejmech.2017.11.061,2018,18367329
CA9_HUMAN_KI,Human CA9,primary,CHEMBL3594,Carbonic anhydrase 9,Homo sapiens,CHEMBL4750586,COc1ccc(N2CCN(Cc3cc(=O)oc4cc(OCc5ccc([N+](=O)[O-])cc5)ccc34)CC2)cc1,LMPGUAQELTXXCR-UHFFFAOYSA-N,Ki,Ki,5.58,10.1016/j.bmcl.2021.127877,2021,22933522
CA9_HUMAN_KI,Human CA9,primary,CHEMBL3594,Carbonic anhydrase 9,Homo sapiens,CHEMBL4740913,COc1ccc(N2CCN(Cc3cc(=O)oc4cc(OCc5ccccc5[N+](=O)[O-])ccc34)CC2)cc1,FHDADFAHPAARAD-UHFFFAOYSA-N,Ki,Ki,5.27,10.1016/j.bmcl.2021.127877,2021,22933521
CA9_HUMAN_KI,Human CA9,primary,CHEMBL3594,Carbonic anhydrase 9,Homo sapiens,CHEMBL4635964,Cc1cn([C@H]2C[C@H](n3cc(COc4ccc5oc(=O)ccc5c4)nn3)[C@@H](CO)O2)c(=O)[nH]c1=O,CZGFBOOZLDNOSG-QXAKKESOSA-N,Ki,Ki,5.18,10.1021/acs.jmedchem.0c00636,2020,20639287
CA9_HUMAN_KI,Human CA9,primary,CHEMBL3594,Carbonic anhydrase 9,Homo sapiens,CHEMBL4786964,O=c1cc(CN2CCN(Cc3ccccc3)CC2)c2ccc(OCc3ccc(Br)cc3)cc2o1,LZOYVWOQIUQDEP-UHFFFAOYSA-N,Ki,Ki,6.24,10.1016/j.bmcl.2021.127877,2021,22933526
CA9_HUMAN_KI,Human CA9,primary,CHEMBL3594,Carbonic anhydrase 9,Homo sapiens,CHEMBL4745131,O=C(/C=C/c1cccc([N+](=O)[O-])c1)Nc1ccc2oc(=O)ccc2c1,LONPHXLHCZVJRR-XBXARRHUSA-N,Ki,Ki,5.14,10.1016/j.bmc.2020.115586,2020,22879409
CA9_HUMAN_KI,Human CA9,primary,CHEMBL3594,Carbonic anhydrase 9,Homo sapiens,CHEMBL4171612,COc1c(C(C)=O)c(=O)oc2ccc(Br)cc12,BAIFLKUQHVHXQQ-UHFFFAOYSA-N,Ki,Ki,7.04,10.1016/j.ejmech.2018.01.033,2018,18390748
CA9_HUMAN_KI,Human CA9,primary,CHEMBL3594,Carbonic anhydrase 9,Homo sapiens,CHEMBL4103176,O=C(Cc1ccccc1Nc1c(Cl)cccc1Cl)NCCOc1ccc2ccc(=O)oc2c1,MAYQUXWUTAAHEK-UHFFFAOYSA-N,Ki,Ki,7.05,10.1021/acs.jmedchem.6b01607,2017,17956069
CA9_HUMAN_KI,Human CA9,primary,CHEMBL3594,Carbonic anhydrase 9,Homo sapiens,CHEMBL4076291,CC1=C(CC(=O)NCCOc2ccc3ccc(=O)oc3c2)c2cc(F)ccc2/C1=C\c1ccc([S+](C)[O-])cc1,NMYIRICXYKYTCN-YSMPRRRNSA-N,Ki,Ki,7.55,10.1021/acs.jmedchem.6b01607,2017,17956066
CA9_HUMAN_KI,Human CA9,primary,CHEMBL3594,Carbonic anhydrase 9,Homo sapiens,CHEMBL4060402,O=C(c1ccccc1)c1ccc2n1CCC2C(=O)NCCOc1ccc2oc(=O)ccc2c1,HREFIMOFGJMXJB-UHFFFAOYSA-N,Ki,Ki,7.5,10.1021/acs.jmedchem.6b01607,2017,17956063
CA9_HUMAN_KI,Human CA9,primary,CHEMBL3594,Carbonic anhydrase 9,Homo sapiens,CHEMBL4161531,COC(=O)Cc1c(C)c2ccc(OCC(=O)c3ccc(C)cc3)cc2oc1=O,PURCYHSSJDZIND-UHFFFAOYSA-N,Ki,Ki,6.91,10.1021/acsmedchemlett.8b00170,2018,18407531
CA9_HUMAN_KI,Human CA9,primary,CHEMBL3594,Carbonic anhydrase 9,Homo sapiens,CHEMBL3805263,NS(=O)(=O)c1ccc(-n2cc(/C=N\Nc3nc(-c4cc5ccccc5oc4=O)cs3)c(-c3ccccc3)n2)cc1,AGQYESULXBATKV-MNDYBZJGSA-N,Ki,Ki,7.71,10.1016/j.bmc.2016.04.052,2016,16587753
CA9_HUMAN_KI,Human CA9,primary,CHEMBL3594,Carbonic anhydrase 9,Homo sapiens,CHEMBL4455031,O=C(Nc1ccc(C(=O)NCCOc2ccc3ccc(=O)oc3c2)cc1)Nc1ccc(Cl)c(C(F)(F)F)c1,DPYYRBNMSJKMCW-UHFFFAOYSA-N,Ki,Ki,5.47,10.1016/j.ejmech.2019.111600,2019,19099952
CA9_HUMAN_KI,Human CA9,primary,CHEMBL3594,Carbonic anhydrase 9,Homo sapiens,CHEMBL4800433,O=c1cc(CN2CCN(Cc3ccccc3)CC2)c2ccc(OCc3ccccc3F)cc2o1,NDVPQFRLAVITSK-UHFFFAOYSA-N,Ki,Ki,6.04,10.1016/j.bmcl.2021.127877,2021,22933529
CA9_HUMAN_KI,Human CA9,primary,CHEMBL3594,Carbonic anhydrase 9,Homo sapiens,CHEMBL5556483,O=C(NNc1nc(-c2cc3ccccc3oc2=O)cs1)c1cc(Cl)cc(Cl)c1,WFHIFUSWBIGIAU-UHFFFAOYSA-N,Ki,Ki,6.38,10.1016/j.ejmech.2024.116179,2024,25873449
CA9_HUMAN_KI,Human CA9,primary,CHEMBL3594,Carbonic anhydrase 9,Homo sapiens,CHEMBL5542159,Cc1cc(C)cc(C(=O)NNc2nc(-c3cc4ccccc4oc3=O)cs2)c1,FUKAPOFBRYTBEA-UHFFFAOYSA-N,Ki,Ki,6.38,10.1016/j.ejmech.2024.116179,2024,25873450
CA9_HUMAN_KI,Human CA9,primary,CHEMBL3594,Carbonic anhydrase 9,Homo sapiens,CHEMBL4162187,Nc1ccc(-c2cc(=O)oc3cc(O)ccc23)cc1,HATYMLATGSIWGR-UHFFFAOYSA-N,Ki,Ki,7.67,10.1016/j.ejmech.2017.11.061,2018,18367335
CA9_HUMAN_KI,Human CA9,primary,CHEMBL3594,Carbonic anhydrase 9,Homo sapiens,CHEMBL4781945,N#Cc1ccc(Cn2cc(COc3ccc4c(CCl)cc(=O)oc4c3)nn2)cc1,ZIIJQDPLFHHGPA-UHFFFAOYSA-N,Ki,Ki,7.49,10.1016/j.bmcl.2021.127877,2021,22933558
CA9_HUMAN_KI,Human CA9,primary,CHEMBL3594,Carbonic anhydrase 9,Homo sapiens,CHEMBL571738,O=c1ccc2cc(CO)ccc2o1,BPTGMUVORRVIEP-UHFFFAOYSA-N,Ki,Ki,5.08,10.1021/jm901287j,2010,2997235
CA9_HUMAN_KI,Human CA9,primary,CHEMBL3594,Carbonic anhydrase 9,Homo sapiens,CHEMBL577123,Cc1ccc2oc(=O)c(C(=O)O)cc2c1,FJICLQQBBFWGMZ-UHFFFAOYSA-N,Ki,Ki,7.32,10.1021/jm901287j,2010,2997054
CA9_HUMAN_KI,Human CA9,primary,CHEMBL3594,Carbonic anhydrase 9,Homo sapiens,CHEMBL7121,CCCc1cc(=O)oc2c3c(c4c(c12)OC(C)(C)C=C4)O[C@H](C)[C@@H](C)[C@H]3O,NIDRYBLTWYFCFV-SEDUGSJDSA-N,Ki,Ki,6.08,10.1016/j.bmc.2012.07.021,2013,12667880
CA9_HUMAN_KI,Human CA9,primary,CHEMBL3594,Carbonic anhydrase 9,Homo sapiens,CHEMBL568385,CCOC(=O)c1cc2ccc(OC)cc2oc1=O,FWFVXBZXJKTVGL-UHFFFAOYSA-N,Ki,Ki,5.03,10.1021/jm901287j,2010,2997234
CA9_HUMAN_KI,Human CA9,primary,CHEMBL3594,Carbonic anhydrase 9,Homo sapiens,CHEMBL567139,NCc1ccc2oc(=O)ccc2c1,MXXNUQUOHJMQEU-UHFFFAOYSA-N,Ki,Ki,5.08,10.1021/jm901287j,2010,2997233
CA9_HUMAN_KI,Human CA9,primary,CHEMBL3594,Carbonic anhydrase 9,Homo sapiens,CHEMBL191528,CCOc1ccc2ccc(=O)oc2c1,LIFAQMGORKPVDH-UHFFFAOYSA-N,Ki,Ki,5.02,10.1021/jm901287j,2010,2997061
CA9_HUMAN_KI,Human CA9,primary,CHEMBL3594,Carbonic anhydrase 9,Homo sapiens,CHEMBL446518,CC(=O)c1c(O)ccc2ccc(=O)oc12,XWYMACPLPPQCHC-UHFFFAOYSA-N,Ki,Ki,7.14,10.1016/j.bmcl.2010.10.094,2010,3605370
CA9_HUMAN_KI,Human CA9,primary,CHEMBL3594,Carbonic anhydrase 9,Homo sapiens,CHEMBL1288623,CCCOc1ccc2ccc(=O)oc2c1C(=O)CC,CVYSNMWNCSOWAN-UHFFFAOYSA-N,Ki,Ki,7.3,10.1016/j.bmcl.2010.10.094,2010,3605358
CA9_HUMAN_KI,Human CA9,primary,CHEMBL3594,Carbonic anhydrase 9,Homo sapiens,CHEMBL432745,C=CCOc1ccc2ccc(=O)oc2c1,KWNHWLBNDYLDEC-UHFFFAOYSA-N,Ki,Ki,6.14,10.1016/j.bmc.2012.02.014,2012,8060019
CA9_HUMAN_KI,Human CA9,primary,CHEMBL3594,Carbonic anhydrase 9,Homo sapiens,CHEMBL432745,C=CCOc1ccc2ccc(=O)oc2c1,KWNHWLBNDYLDEC-UHFFFAOYSA-N,Ki,Ki,6.14,10.1021/acs.jmedchem.5b01720,2016,16460597
CA9_HUMAN_KI,Human CA9,primary,CHEMBL3594,Carbonic anhydrase 9,Homo sapiens,CHEMBL1479277,O=c1cc(-c2ccc([N+](=O)[O-])cc2)c2ccc(O)cc2o1,RDKUUACFEGXQFP-UHFFFAOYSA-N,Ki,Ki,7.69,10.1016/j.ejmech.2017.11.061,2018,18367334
CA9_HUMAN_KI,Human CA9,primary,CHEMBL3594,Carbonic anhydrase 9,Homo sapiens,CHEMBL4175236,CC(=O)Nc1ccc2oc(=O)c3c(C)nn(-c4ccccc4)c3c2c1,QZISWQQPNXOAGB-UHFFFAOYSA-N,Ki,Ki,7.57,10.1016/j.ejmech.2018.01.033,2018,18390733
CA9_HUMAN_KI,Human CA9,primary,CHEMBL3594,Carbonic anhydrase 9,Homo sapiens,CHEMBL4176549,Cc1c(O)ccc2c(-c3ccc(Cl)cc3)cc(=O)oc12,XOIJMYSTCXJAAV-UHFFFAOYSA-N,Ki,Ki,7.45,10.1016/j.ejmech.2017.11.061,2018,18367339
CA9_HUMAN_KI,Human CA9,primary,CHEMBL3594,Carbonic anhydrase 9,Homo sapiens,CHEMBL4445725,O=Cc1cc(Br)ccc1OCc1cn(CCCOc2ccc3ccc(=O)oc3c2)nn1,ADVDKVGMHHQFGQ-UHFFFAOYSA-N,Ki,Ki,6.71,10.1016/j.ejmech.2019.111702,2019,18889642
CA9_HUMAN_KI,Human CA9,primary,CHEMBL3594,Carbonic anhydrase 9,Homo sapiens,CHEMBL4161127,Cc1cccc(-c2cc(=O)oc3cc(O)ccc23)c1,QBCQCTLZSAHONS-UHFFFAOYSA-N,Ki,Ki,7.77,10.1016/j.ejmech.2017.11.061,2018,18367332
CA9_HUMAN_KI,Human CA9,primary,CHEMBL3594,Carbonic anhydrase 9,Homo sapiens,CHEMBL4750356,NS(=O)(=O)c1ccc(N/N=C(\CS(=O)(=O)c2ccccc2)c2cc3cc(Br)ccc3oc2=O)cc1,FGYZFLSKWNJOCH-SZXQPVLSSA-N,Ki,Ki,7.2,10.1016/j.ejmech.2020.112897,2021,22802318
CA9_HUMAN_KI,Human CA9,primary,CHEMBL3594,Carbonic anhydrase 9,Homo sapiens,CHEMBL4162493,Cc1c(O)ccc2c(-c3cccc(Cl)c3)cc(=O)oc12,JJKASUXGMOINMX-UHFFFAOYSA-N,Ki,Ki,7.44,10.1016/j.ejmech.2017.11.061,2018,18367338
CA9_HUMAN_KI,Human CA9,primary,CHEMBL3594,Carbonic anhydrase 9,Homo sapiens,CHEMBL4173179,Cc1c(O)ccc2c(-c3ccccc3Cl)cc(=O)oc12,XQDIURKXLMVHAX-UHFFFAOYSA-N,Ki,Ki,7.56,10.1016/j.ejmech.2017.11.061,2018,18367337
CA9_HUMAN_KI,Human CA9,primary,CHEMBL3594,Carbonic anhydrase 9,Homo sapiens,CHEMBL3806081,COc1ccc(-c2nn(-c3ccc(S(N)(=O)=O)cc3)cc2/C=N\Nc2nc(-c3cc4cc(Br)ccc4oc3=O)cs2)cc1,UUCGFRNSTWGDKJ-LPEPFOFCSA-N,Ki,Ki,7.7,10.1016/j.bmc.2016.04.052,2016,16587761
CA9_HUMAN_KI,Human CA9,primary,CHEMBL3594,Carbonic anhydrase 9,Homo sapiens,CHEMBL4079507,COc1ccc2c(c1)c(CC(=O)NCCOc1ccc3oc(=O)ccc3c1)c(C)n2C(=O)c1ccc(Cl)cc1,PBGGJNVDKZVPIY-UHFFFAOYSA-N,Ki,Ki,7.5,10.1021/acs.jmedchem.6b01607,2017,17956057
CA9_HUMAN_KI,Human CA9,primary,CHEMBL3594,Carbonic anhydrase 9,Homo sapiens,CHEMBL4087725,COc1ccc2c(c1)c(CC(=O)NCCOc1ccc3ccc(=O)oc3c1)c(C)n2C(=O)c1ccc(Cl)cc1,FLECULXDKQQRRJ-UHFFFAOYSA-N,Ki,Ki,7.7,10.1021/acs.jmedchem.6b01607,2017,17956065
CA9_HUMAN_KI,Human CA9,primary,CHEMBL3594,Carbonic anhydrase 9,Homo sapiens,CHEMBL3804879,NS(=O)(=O)c1ccc(-n2cc(/C=N\Nc3nc(-c4cc5cc(Br)ccc5oc4=O)cs3)c(-c3ccccc3)n2)cc1,RALXQSUJFFLQBR-AQLQTECXSA-N,Ki,Ki,7.67,10.1016/j.bmc.2016.04.052,2016,16587755
CA9_HUMAN_KI,Human CA9,primary,CHEMBL3594,Carbonic anhydrase 9,Homo sapiens,CHEMBL3805133,Cc1ccc(-c2nn(-c3ccc(S(N)(=O)=O)cc3)cc2/C=N\Nc2nc(-c3cc4cc(Cl)ccc4oc3=O)cs2)cc1,AKHXOIJBMVXWSJ-LPEPFOFCSA-N,Ki,Ki,7.61,10.1016/j.bmc.2016.04.052,2016,16587757
CA9_HUMAN_KI,Human CA9,primary,CHEMBL3594,Carbonic anhydrase 9,Homo sapiens,CHEMBL1466024,Cc1c(CC(=O)O)c(=O)oc2cc3occ(-c4ccccc4)c3cc12,IQWQGQREZKOSCN-UHFFFAOYSA-N,Ki,Ki,7.76,10.1021/acsmedchemlett.8b00170,2018,18407526
CA9_HUMAN_KI,Human CA9,primary,CHEMBL3594,Carbonic anhydrase 9,Homo sapiens,CHEMBL4446195,CCN(CC)c1ccc(C=O)c(OCc2cn(CCCOc3ccc4ccc(=O)oc4c3)nn2)c1,JPKHFBMAVTZROH-UHFFFAOYSA-N,Ki,Ki,6.8,10.1016/j.ejmech.2019.111702,2019,18889643
CA9_HUMAN_KI,Human CA9,primary,CHEMBL3594,Carbonic anhydrase 9,Homo sapiens,CHEMBL4639447,Cc1cn([C@H]2C[C@H](n3cc(CCCOc4ccc5oc(=O)ccc5c4)nn3)[C@@H](CO)O2)c(=O)[nH]c1=O,KOFMFRQCGVRMQO-CEWLAPEOSA-N,Ki,Ki,7.67,10.1021/acs.jmedchem.0c00636,2020,20639288
CA9_HUMAN_KI,Human CA9,primary,CHEMBL3594,Carbonic anhydrase 9,Homo sapiens,CHEMBL4644555,Cc1cn([C@H]2C[C@H](n3cc(CCCOc4ccc5ccc(=O)oc5c4)nn3)[C@@H](CO)O2)c(=O)[nH]c1=O,JDECMPHXKKFPMS-CEWLAPEOSA-N,Ki,Ki,5.53,10.1021/acs.jmedchem.0c00636,2020,20639290
CA9_HUMAN_KI,Human CA9,primary,CHEMBL3594,Carbonic anhydrase 9,Homo sapiens,CHEMBL5218766,COc1cc(/C=C/C(=O)OCCCCCN(CCCOC(=O)c2c3ccccc3cc3ccccc23)CCCOc2ccc3ccc(=O)oc3c2)cc(OC)c1OC,FJHCEAFBOXETLM-HEHNFIMWSA-N,Ki,Ki,8.1,10.1021/acs.jmedchem.2c01175,2022,24968760
CA9_HUMAN_KI,Human CA9,primary,CHEMBL3594,Carbonic anhydrase 9,Homo sapiens,CHEMBL4761022,O=C(/C=C/c1cc(Cl)cc(Cl)c1)Nc1ccc2oc(=O)ccc2c1,MMRQAJBLVZTUQQ-ORCRQEGFSA-N,Ki,Ki,6.51,10.1016/j.bmc.2020.115586,2020,22879407
CA9_HUMAN_KI,Human CA9,primary,CHEMBL3594,Carbonic anhydrase 9,Homo sapiens,CHEMBL3121782,C#CCCCOc1ccc2ccc(=O)oc2c1,ZUCHADSRYKMTHE-UHFFFAOYSA-N,Ki,Ki,6.08,10.1021/acs.jmedchem.5b01720,2016,16460606
CA9_HUMAN_KI,Human CA9,primary,CHEMBL3594,Carbonic anhydrase 9,Homo sapiens,CHEMBL4753939,O=C(/C=C/c1ccc(F)cc1)Nc1ccc2oc(=O)ccc2c1,MJJVZWVJDKKFDF-YCRREMRBSA-N,Ki,Ki,7.39,10.1016/j.bmc.2020.115586,2020,22879395
CA9_HUMAN_KI,Human CA9,primary,CHEMBL3594,Carbonic anhydrase 9,Homo sapiens,CHEMBL4749871,COc1ccc(/C=C/C(=O)Nc2ccc3c(C)cc(=O)oc3c2)cc1OC,OLIHKWFLHDOQRH-WEVVVXLNSA-N,Ki,Ki,5.52,10.1016/j.bmc.2020.115586,2020,22879411
CA9_HUMAN_KI,Human CA9,primary,CHEMBL3594,Carbonic anhydrase 9,Homo sapiens,CHEMBL4741319,O=C(/C=C/c1ccc(C(F)(F)F)cc1)Nc1ccc2oc(=O)ccc2c1,NNAQWWLMBDNEAL-YCRREMRBSA-N,Ki,Ki,7.04,10.1016/j.bmc.2020.115586,2020,22879398
CA9_HUMAN_KI,Human CA9,primary,CHEMBL3594,Carbonic anhydrase 9,Homo sapiens,CHEMBL4794446,COc1ccc(/C=C/C(=O)Nc2ccc3oc(=O)ccc3c2)cc1,QCYPXBSJTHOSNZ-ONNFQVAWSA-N,Ki,Ki,6.05,10.1016/j.bmc.2020.115586,2020,22879402
CA9_HUMAN_KI,Human CA9,primary,CHEMBL3594,Carbonic anhydrase 9,Homo sapiens,CHEMBL578167,O=c1ccc2cc(C[N+]34CN5CN(CN(C5)C3)C4)ccc2o1.[Cl-],MFOBRAVAJQWRKN-UHFFFAOYSA-M,Ki,Ki,5.52,10.1021/jm901287j,2010,2978906
CA9_HUMAN_KI,Human CA9,primary,CHEMBL3594,Carbonic anhydrase 9,Homo sapiens,CHEMBL4161232,Cc1nn(-c2ccccc2)c2c1c(=O)oc1cc(Cl)c([N+](=O)[O-])cc12,WKRDIQCPGBGJRD-UHFFFAOYSA-N,Ki,Ki,6.1,10.1016/j.ejmech.2018.01.033,2018,18390737
CA9_HUMAN_KI,Human CA9,primary,CHEMBL3594,Carbonic anhydrase 9,Homo sapiens,CHEMBL1288620,CCCCOc1ccc2ccc(=O)oc2c1C(C)=O,ULYJCIVHEFSJIF-UHFFFAOYSA-N,Ki,Ki,7.21,10.1016/j.bmcl.2010.10.094,2010,3605364
CA9_HUMAN_KI,Human CA9,primary,CHEMBL3594,Carbonic anhydrase 9,Homo sapiens,CHEMBL4170761,Cc1nn(-c2ccccc2)c2c1c(=O)oc1ccc(N(C)C)cc12,WHFUUVKCJDAAIM-UHFFFAOYSA-N,Ki,Ki,7.23,10.1016/j.ejmech.2018.01.033,2018,18390734
CA9_HUMAN_KI,Human CA9,primary,CHEMBL3594,Carbonic anhydrase 9,Homo sapiens,CHEMBL4169152,Cc1nn(-c2ccccc2)c2c1c(=O)oc1ccc(N)cc12,MCSUFGUIDOKZFM-UHFFFAOYSA-N,Ki,Ki,7.46,10.1016/j.ejmech.2018.01.033,2018,18390736
CA9_HUMAN_KI,Human CA9,primary,CHEMBL3594,Carbonic anhydrase 9,Homo sapiens,CHEMBL1288594,COc1ccc2ccc(=O)oc2c1C(C)=O,OTYBDEHZHXKGBO-UHFFFAOYSA-N,Ki,Ki,7.11,10.1016/j.bmcl.2010.10.094,2010,3605371
CA9_HUMAN_KI,Human CA9,primary,CHEMBL3594,Carbonic anhydrase 9,Homo sapiens,CHEMBL4436185,COc1cc(C=O)ccc1OCc1cn(CCCOc2ccc3ccc(=O)oc3c2)nn1,SPXYSXPNEVBBRW-UHFFFAOYSA-N,Ki,Ki,6.88,10.1016/j.ejmech.2019.111702,2019,18889640
CA9_HUMAN_KI,Human CA9,primary,CHEMBL3594,Carbonic anhydrase 9,Homo sapiens,CHEMBL4171890,O=C(Oc1ccc2oc(=O)ccc2c1)c1ccccc1,NJHPDRKAVBDARF-UHFFFAOYSA-N,Ki,Ki,7.52,10.1016/j.ejmech.2017.11.061,2018,18367325
CA9_HUMAN_KI,Human CA9,primary,CHEMBL3594,Carbonic anhydrase 9,Homo sapiens,CHEMBL4450067,Cc1cc(=O)oc2cc(NC(=O)Nc3ccc(Cl)c(C(F)(F)F)c3)ccc12,BDRVALSHHRCTMR-UHFFFAOYSA-N,Ki,Ki,5.8,10.1016/j.ejmech.2019.111600,2019,19099945
CA9_HUMAN_KI,Human CA9,primary,CHEMBL3594,Carbonic anhydrase 9,Homo sapiens,CHEMBL4751341,Cc1ccc(S(=O)(=O)C/C(=N\Nc2ccccc2)c2cc3ccccc3oc2=O)cc1,MMFBLISAUYZPOV-XTCLZLMSSA-N,Ki,Ki,5.41,10.1016/j.ejmech.2020.112897,2021,22802349
CA9_HUMAN_KI,Human CA9,primary,CHEMBL3594,Carbonic anhydrase 9,Homo sapiens,CHEMBL4874085,COc1cccc2cc(S(N)(=O)=O)c(=O)oc12,FAYOQNPFCPWXBX-UHFFFAOYSA-N,Ki,Ki,7.06,10.1016/j.ejmech.2021.113589,2021,23232456
CA9_HUMAN_KI,Human CA9,primary,CHEMBL3594,Carbonic anhydrase 9,Homo sapiens,CHEMBL4746701,O=c1oc2ccccc2cc1/C(CS(=O)(=O)c1ccccc1)=N/Nc1ccccc1,FBVOELWYHQIQAI-NJNXFGOHSA-N,Ki,Ki,5.82,10.1016/j.ejmech.2020.112897,2021,22802348
CA9_HUMAN_KI,Human CA9,primary,CHEMBL3594,Carbonic anhydrase 9,Homo sapiens,CHEMBL4760827,O=c1oc2ccc(Br)cc2cc1/C(CS(=O)(=O)c1ccccc1)=N/Nc1ccccc1,LNJKREOJEOAVGI-YYADALCUSA-N,Ki,Ki,5.33,10.1016/j.ejmech.2020.112897,2021,22802350
CA9_HUMAN_KI,Human CA9,primary,CHEMBL3594,Carbonic anhydrase 9,Homo sapiens,CHEMBL568417,O=C(O)c1cc2cc(CO)ccc2oc1=O,AESUZZDVQZTHIN-UHFFFAOYSA-N,Ki,Ki,5.29,10.1021/jm901287j,2010,2978907
CA9_HUMAN_KI,Human CA9,primary,CHEMBL3594,Carbonic anhydrase 9,Homo sapiens,CHEMBL102071,Cc1c2c(=O)oc3ccccc3c2nn1-c1ccccc1,VJSRCIFAUSKZHJ-UHFFFAOYSA-N,Ki,Ki,7.42,10.1016/j.ejmech.2018.01.033,2018,18390725
CA9_HUMAN_KI,Human CA9,primary,CHEMBL3594,Carbonic anhydrase 9,Homo sapiens,CHEMBL568348,COc1cccc2cc(C(=O)O)c(=O)oc12,SFAPWVZFUHJZIC-UHFFFAOYSA-N,Ki,Ki,5.27,10.1021/jm901287j,2010,2997236
CA9_HUMAN_KI,Human CA9,primary,CHEMBL3594,Carbonic anhydrase 9,Homo sapiens,CHEMBL2316107,NS(=O)(=O)c1ccc2c(c1)sc1nc(-c3cc4cc(Cl)ccc4oc3=O)cn12,XMZKFAPDXBPXLI-UHFFFAOYSA-N,Ki,Ki,7.94,10.1016/j.bmc.2016.04.052,2016,16587772
CA9_HUMAN_KI,Human CA9,primary,CHEMBL3594,Carbonic anhydrase 9,Homo sapiens,CHEMBL83294,O=C(O)c1cc2ccccc2oc1=O,ACMLKANOGIVEPB-UHFFFAOYSA-N,Ki,Ki,5.19,10.1021/jm901287j,2010,2997055
CA9_HUMAN_KI,Human CA9,primary,CHEMBL3594,Carbonic anhydrase 9,Homo sapiens,CHEMBL3354137,Cc1cc(=O)oc2cc(NC(=O)NS(=O)(=O)c3ccccc3)ccc12,RGMGLZVBKZSCTM-UHFFFAOYSA-N,Ki,Ki,7.04,10.1021/jm501314c,2014,15083223
CA9_HUMAN_KI,Human CA9,primary,CHEMBL3594,Carbonic anhydrase 9,Homo sapiens,CHEMBL4753209,Cc1ccc(S(=O)(=O)CC(=O)c2cc3cc(Br)ccc3oc2=O)cc1,IGBCIXWILZRNTH-UHFFFAOYSA-N,Ki,Ki,7.06,10.1016/j.ejmech.2020.112897,2021,22802347
CA9_HUMAN_KI,Human CA9,primary,CHEMBL3594,Carbonic anhydrase 9,Homo sapiens,CHEMBL49732,COc1ccc2ccc(=O)oc2c1,LIIALPBMIOVAHH-UHFFFAOYSA-N,Ki,Ki,5.01,10.1021/jm901287j,2010,2997062
CA9_HUMAN_KI,Human CA9,primary,CHEMBL3594,Carbonic anhydrase 9,Homo sapiens,CHEMBL251680,CCOP(=S)(OCC)Oc1ccc2c(C)c(Cl)c(=O)oc2c1,BXNANOICGRISHX-UHFFFAOYSA-N,Ki,Ki,5.19,10.1016/j.bmcl.2012.01.129,2012,8053888
CA9_HUMAN_KI,Human CA9,primary,CHEMBL3594,Carbonic anhydrase 9,Homo sapiens,CHEMBL3806010,Cc1ccc(-c2nn(-c3ccc(S(N)(=O)=O)cc3)cc2/C=N\Nc2nc(-c3cc4cc(Br)ccc4oc3=O)cs2)cc1,PPHITHNLCOUDOY-LPEPFOFCSA-N,Ki,Ki,7.59,10.1016/j.bmc.2016.04.052,2016,16587758
CA9_HUMAN_KI,Human CA9,primary,CHEMBL3594,Carbonic anhydrase 9,Homo sapiens,CHEMBL3262899,CC(=O)Oc1cc2ccc(=O)oc2cc1OC(C)=O,JPHZGTWMPATBDI-UHFFFAOYSA-N,Ki,Ki,6.93,10.1016/j.ejmech.2017.11.061,2018,18367321
CA9_HUMAN_KI,Human CA9,primary,CHEMBL3594,Carbonic anhydrase 9,Homo sapiens,CHEMBL1441570,Cc1cc(=O)oc2cc(O[C@@H]3O[C@H](CO)[C@@H](O)[C@H](O)[C@H]3O)ccc12,YUDPTGPSBJVHCN-YMILTQATSA-N,Ki,Ki,6.43,10.1021/jm200983e,2011,8007621
CA9_HUMAN_KI,Human CA9,primary,CHEMBL3594,Carbonic anhydrase 9,Homo sapiens,CHEMBL479462,COc1cc2oc(=O)ccc2c2c1C=CC(C)(C)O2,WTBVBNPZXAQTHI-UHFFFAOYSA-N,Ki,Ki,5.46,10.1016/j.bmc.2012.07.021,2013,12667865
CA9_HUMAN_KI,Human CA9,primary,CHEMBL3594,Carbonic anhydrase 9,Homo sapiens,CHEMBL3354140,Cc1cc(=O)oc2cc(NC(=O)NS(=O)(=O)c3ccc(Cl)cc3)ccc12,SWXYKOCCFQXDLP-UHFFFAOYSA-N,Ki,Ki,7.7,10.1021/jm501314c,2014,15083220
CA9_HUMAN_KI,Human CA9,primary,CHEMBL3594,Carbonic anhydrase 9,Homo sapiens,CHEMBL567896,COC(=O)c1cc2cc(CO)ccc2oc1=O,BVABSSGMJLREHA-UHFFFAOYSA-N,Ki,Ki,5.06,10.1021/jm901287j,2010,2997237
CA9_HUMAN_KI,Human CA9,primary,CHEMBL3594,Carbonic anhydrase 9,Homo sapiens,CHEMBL317599,Cc1ccc(-n2nc(C)c3c(=O)oc4ccccc4c32)cc1,JLDMZWPPTDNQSP-UHFFFAOYSA-N,Ki,Ki,7.65,10.1016/j.ejmech.2018.01.033,2018,18390744
CA9_HUMAN_KI,Human CA9,primary,CHEMBL3594,Carbonic anhydrase 9,Homo sapiens,CHEMBL4526348,O=Cc1c(OCc2cn(CCCOc3ccc4ccc(=O)oc4c3)nn2)ccc2ccccc12,NARJOJGQAMSQMD-UHFFFAOYSA-N,Ki,Ki,6.72,10.1016/j.ejmech.2019.111702,2019,18889639
CA9_HUMAN_KI,Human CA9,primary,CHEMBL3594,Carbonic anhydrase 9,Homo sapiens,CHEMBL1957175,CC(C)(C)[Si](C)(C)Oc1ccc2oc(=O)ccc2c1,QWMIJMAYGIBZKZ-UHFFFAOYSA-N,Ki,Ki,6.1,10.1021/acs.jmedchem.5b01720,2016,16460590
CA9_HUMAN_KI,Human CA9,primary,CHEMBL3594,Carbonic anhydrase 9,Homo sapiens,CHEMBL1957175,CC(C)(C)[Si](C)(C)Oc1ccc2oc(=O)ccc2c1,QWMIJMAYGIBZKZ-UHFFFAOYSA-N,Ki,Ki,6.1,10.1016/j.bmc.2012.02.014,2012,8060012
CA9_HUMAN_KI,Human CA9,primary,CHEMBL3594,Carbonic anhydrase 9,Homo sapiens,CHEMBL258230,COc1c2c(c3ccc(=O)oc3c1/C=C/C(C)(C)O)OC(C)(C)C=C2,AXYRILDCSATJFU-CSKARUKUSA-N,Ki,Ki,6.11,10.1016/j.bmc.2012.07.021,2013,12667884
CA9_HUMAN_KI,Human CA9,primary,CHEMBL3594,Carbonic anhydrase 9,Homo sapiens,CHEMBL4529795,O=Cc1cc([N+](=O)[O-])ccc1OCc1cn(CCCOc2ccc3ccc(=O)oc3c2)nn1,QXRNLSLFSCOKHJ-UHFFFAOYSA-N,Ki,Ki,6.87,10.1016/j.ejmech.2019.111702,2019,18889641
CA9_HUMAN_KI,Human CA9,primary,CHEMBL3594,Carbonic anhydrase 9,Homo sapiens,CHEMBL5218572,COc1cc(C(=O)OCCCCCCCN(CCCOC(=O)c2c3ccccc3cc3ccccc23)CCCOc2ccc3ccc(=O)oc3c2)cc(OC)c1OC,YAMKGNYQDCQDKU-UHFFFAOYSA-N,Ki,Ki,7.42,10.1021/acs.jmedchem.2c01175,2022,24968781
CA9_HUMAN_KI,Human CA9,primary,CHEMBL3594,Carbonic anhydrase 9,Homo sapiens,CHEMBL4744872,Cc1cc(=O)oc2cc(NC(=O)/C=C/c3ccc(F)cc3)ccc12,CYLWNIWVMGBABP-RUDMXATFSA-N,Ki,Ki,6.17,10.1016/j.bmc.2020.115586,2020,22879414
CA9_HUMAN_KI,Human CA9,primary,CHEMBL3594,Carbonic anhydrase 9,Homo sapiens,CHEMBL514556,COc1ccc2c(CC(=O)Nc3ccccc3S(N)(=O)=O)cc(=O)oc2c1,UMSHADJXWKDJSB-UHFFFAOYSA-N,Ki,Ki,6.95,10.1016/j.bmc.2010.06.028,2010,3365788
CA9_HUMAN_KI,Human CA9,primary,CHEMBL3594,Carbonic anhydrase 9,Homo sapiens,CHEMBL325841,O=c1cc(-c2ccccc2)c2ccc(O)cc2o1,IVJMJRRORVMRJJ-UHFFFAOYSA-N,Ki,Ki,7.33,10.1016/j.ejmech.2017.11.061,2018,18367327
CA9_HUMAN_KI,Human CA9,primary,CHEMBL3594,Carbonic anhydrase 9,Homo sapiens,CHEMBL492022,COc1ccc2c(CC(=O)Nc3cccc(S(N)(=O)=O)c3)cc(=O)oc2c1,OWQJSCXFFPCNIJ-UHFFFAOYSA-N,Ki,Ki,7.23,10.1016/j.bmc.2010.06.028,2010,3365784
CA9_HUMAN_KI,Human CA9,primary,CHEMBL3594,Carbonic anhydrase 9,Homo sapiens,CHEMBL1938469,Cc1cc(=O)oc2cc(O[C@@H]3O[C@@H](C)[C@H](O)[C@@H](O)[C@H]3O)ccc12,CQKHENXHLAUMBH-JKNOJPNLSA-N,Ki,Ki,6.7,10.1021/jm200983e,2011,8007619
CA9_HUMAN_KI,Human CA9,primary,CHEMBL3594,Carbonic anhydrase 9,Homo sapiens,CHEMBL4173787,Cn1nc(Cc2ccccc2)c2c(=O)oc3ccccc3c21,KAGRONOWGSTYGZ-UHFFFAOYSA-N,Ki,Ki,7.71,10.1016/j.ejmech.2018.01.033,2018,18390727
CA9_HUMAN_KI,Human CA9,primary,CHEMBL3594,Carbonic anhydrase 9,Homo sapiens,CHEMBL5218564,COc1cc(/C=C/C(=O)OCCCCCCCN(CCCOC(=O)/C=C/c2cc(OC)c(OC)c(OC)c2)CCCOc2ccc3ccc(=O)oc3c2)cc(OC)c1OC,ABVUWMLYQDAOLU-PXXPDPNMSA-N,Ki,Ki,7.56,10.1021/acs.jmedchem.2c01175,2022,24968776
CA9_HUMAN_KI,Human CA9,primary,CHEMBL3594,Carbonic anhydrase 9,Homo sapiens,CHEMBL5218606,COc1cc(/C=C/C(=O)OCCCN(CCCCCCOC(=O)c2cc(OC)c(OC)c(OC)c2)CCCOc2ccc3ccc(=O)oc3c2)cc(OC)c1OC,UHLLQFOPVCMGHN-GHRIWEEISA-N,Ki,Ki,7.14,10.1021/acs.jmedchem.2c01175,2022,24968770
CA9_HUMAN_KI,Human CA9,primary,CHEMBL3594,Carbonic anhydrase 9,Homo sapiens,CHEMBL3805418,NS(=O)(=O)c1ccc(Nc2nc(-c3cc4cc(Cl)ccc4oc3=O)cs2)cc1,DPSXTIYXJVKNSJ-UHFFFAOYSA-N,Ki,Ki,7.6,10.1016/j.bmc.2016.04.052,2016,16587769
CA9_HUMAN_KI,Human CA9,primary,CHEMBL3594,Carbonic anhydrase 9,Homo sapiens,CHEMBL5402892,O=c1ccc2ccc(OCc3cn(-c4ccc5c(c4)B(O)OC5)nn3)cc2o1,WHCLZRQHEBAUHJ-UHFFFAOYSA-N,Ki,Ki,6.96,10.1021/acs.jmedchem.3c00433,2023,25541885
CA9_HUMAN_KI,Human CA9,primary,CHEMBL3594,Carbonic anhydrase 9,Homo sapiens,CHEMBL3354141,Cc1cc(=O)oc2cc(NC(=O)NS(=O)(=O)c3ccc(F)cc3)ccc12,JDBAVTHSLBRRSD-UHFFFAOYSA-N,Ki,Ki,7.7,10.1016/j.bmc.2020.115586,2020,22879392
CA9_HUMAN_KI,Human CA9,primary,CHEMBL3594,Carbonic anhydrase 9,Homo sapiens,CHEMBL3354141,Cc1cc(=O)oc2cc(NC(=O)NS(=O)(=O)c3ccc(F)cc3)ccc12,JDBAVTHSLBRRSD-UHFFFAOYSA-N,Ki,Ki,7.64,10.1021/jm501314c,2014,15083219
CA9_HUMAN_KI,Human CA9,primary,CHEMBL3594,Carbonic anhydrase 9,Homo sapiens,CHEMBL1288595,CCOc1ccc2ccc(=O)oc2c1C(C)=O,KWMPAFCHEJYQEQ-UHFFFAOYSA-N,Ki,Ki,7.15,10.1016/j.bmcl.2010.10.094,2010,3605368
CA9_HUMAN_KI,Human CA9,primary,CHEMBL3594,Carbonic anhydrase 9,Homo sapiens,CHEMBL2334353,C/C(=C\Cc1cc2ccc(=O)oc2cc1O)CO,JUOLTTLEQHQQED-XNWCZRBMSA-N,Ki,Ki,5.01,10.1016/j.bmc.2012.07.021,2013,12667786
CA9_HUMAN_KI,Human CA9,primary,CHEMBL3594,Carbonic anhydrase 9,Homo sapiens,CHEMBL4168276,CC(=O)c1c(O)c2cc([N+](=O)[O-])ccc2oc1=O,MPUAVUMOBFBLDR-UHFFFAOYSA-N,Ki,Ki,7.36,10.1016/j.ejmech.2018.01.033,2018,18390750
CA9_HUMAN_KI,Human CA9,primary,CHEMBL3594,Carbonic anhydrase 9,Homo sapiens,CHEMBL5220025,COc1cc(/C=C/C(=O)OCCCCCCCN(CCCOC(=O)c2cc(OC)c(OC)c(OC)c2)CCCOc2ccc3ccc(=O)oc3c2)cc(OC)c1OC,HEIISCYNPOUBFU-NBVRZTHBSA-N,Ki,Ki,8.28,10.1021/acs.jmedchem.2c01175,2022,24968777
CA9_HUMAN_KI,Human CA9,primary,CHEMBL3594,Carbonic anhydrase 9,Homo sapiens,CHEMBL5218799,COc1cc(/C=C/C(=O)OCCCN(CCCCCCOC(=O)c2c3ccccc3cc3ccccc23)CCCOc2ccc3ccc(=O)oc3c2)cc(OC)c1OC,IMIFEJRHLBXZEU-RELWKKBWSA-N,Ki,Ki,6.83,10.1021/acs.jmedchem.2c01175,2022,24968773
CA9_HUMAN_KI,Human CA9,primary,CHEMBL3594,Carbonic anhydrase 9,Homo sapiens,CHEMBL2334356,COc1cc(-c2c3c4cc(OC)c(O)cc4oc(=O)c3n3ccc4c(OC)c(OC)c(OC)cc4c23)ccc1O,PWRVNSDJDNLXEO-UHFFFAOYSA-N,Ki,Ki,5.2,10.1016/j.bmc.2012.07.021,2013,12667839
CA9_HUMAN_KI,Human CA9,primary,CHEMBL3594,Carbonic anhydrase 9,Homo sapiens,CHEMBL2334354,COc1cc2c(=O)oc3c(OC)c(OC)cc4c(=O)oc(c1O)c2c34,NDXSDWFOYZXARW-UHFFFAOYSA-N,Ki,Ki,4.76,10.1016/j.bmc.2012.07.021,2013,12667780
CA9_HUMAN_KI,Human CA9,primary,CHEMBL3594,Carbonic anhydrase 9,Homo sapiens,CHEMBL3354142,Cc1cc(=O)oc2cc(NC(=O)NS(=O)(=O)c3ccccc3Cl)ccc12,TWOJSRNSOHPSFO-UHFFFAOYSA-N,Ki,Ki,7.06,10.1021/jm501314c,2014,15083218
CA9_HUMAN_KI,Human CA9,primary,CHEMBL3594,Carbonic anhydrase 9,Homo sapiens,CHEMBL4760153,O=c1cc(CN2CCN(Cc3ccccc3)CC2)c2ccc(OCc3cccc(Br)c3)cc2o1,NCBPILFLMOPZQB-UHFFFAOYSA-N,Ki,Ki,6.07,10.1016/j.bmcl.2021.127877,2021,22933527
CA9_HUMAN_KI,Human CA9,primary,CHEMBL3594,Carbonic anhydrase 9,Homo sapiens,CHEMBL4851758,NS(=O)(=O)c1cc2cc(Cl)ccc2oc1=O,KNUCKIWZTSJTEU-UHFFFAOYSA-N,Ki,Ki,6.75,10.1016/j.ejmech.2021.113589,2021,23232449
CA9_HUMAN_KI,Human CA9,primary,CHEMBL3594,Carbonic anhydrase 9,Homo sapiens,CHEMBL478669,COc1ccc2c(CC(=O)NNc3ccc(S(N)(=O)=O)cc3)cc(=O)oc2c1,NQHHVWHZFBPDRH-UHFFFAOYSA-N,Ki,Ki,7.04,10.1016/j.bmc.2010.06.028,2010,3365792
CA9_HUMAN_KI,Human CA9,primary,CHEMBL3594,Carbonic anhydrase 9,Homo sapiens,CHEMBL4176119,CC(=O)c1c(O)c2cc(Br)ccc2oc1=O,CZVCQXLWYJTEDA-UHFFFAOYSA-N,Ki,Ki,8.09,10.1016/j.ejmech.2018.01.033,2018,18390751
CA9_HUMAN_KI,Human CA9,primary,CHEMBL3594,Carbonic anhydrase 9,Homo sapiens,CHEMBL4855281,NS(=O)(=O)c1cc2cccc(O)c2oc1=O,UCXIMYMSJFOLGM-UHFFFAOYSA-N,Ki,Ki,7.01,10.1016/j.ejmech.2021.113589,2021,23232455
CA9_HUMAN_KI,Human CA9,primary,CHEMBL3594,Carbonic anhydrase 9,Homo sapiens,CHEMBL3805906,C/C(=N\Nc1ccc(S(N)(=O)=O)cc1)c1cc2cc(Cl)ccc2oc1=O,VPUBWSXBPWKGOS-KEBDBYFISA-N,Ki,Ki,8.63,10.1016/j.bmc.2016.04.052,2016,16587775
CA9_HUMAN_KI,Human CA9,primary,CHEMBL3594,Carbonic anhydrase 9,Homo sapiens,CHEMBL1957186,O=c1ccc2ccc(OCCF)cc2o1,FBHXAUGTHCZQOR-UHFFFAOYSA-N,Ki,Ki,6.17,10.1016/j.bmc.2012.02.014,2012,8060026
CA9_HUMAN_KI,Human CA9,primary,CHEMBL3594,Carbonic anhydrase 9,Homo sapiens,CHEMBL3331341,Cc1nn(-c2ccccc2)c2c1c(=O)oc1ccc(Br)cc12,NBQXIBXQMPJZBW-UHFFFAOYSA-N,Ki,Ki,8.07,10.1016/j.ejmech.2018.01.033,2018,18390740
CA9_HUMAN_KI,Human CA9,primary,CHEMBL3594,Carbonic anhydrase 9,Homo sapiens,CHEMBL4171486,Cc1c(CC(=O)Nc2ccc(S(N)(=O)=O)cc2)c(=O)oc2cc3occ(-c4ccc(F)cc4)c3cc12,BDIGJIZOARHADV-UHFFFAOYSA-N,Ki,Ki,6.96,10.1021/acsmedchemlett.8b00170,2018,18407560
CA9_HUMAN_KI,Human CA9,primary,CHEMBL3594,Carbonic anhydrase 9,Homo sapiens,CHEMBL3805545,COc1ccc(-c2nn(-c3ccc(S(N)(=O)=O)cc3)cc2/C=N\Nc2nc(-c3cc4cc(Cl)ccc4oc3=O)cs2)cc1,KHDZTPNMZCTKCJ-LPEPFOFCSA-N,Ki,Ki,7.69,10.1016/j.bmc.2016.04.052,2016,16587760
CA9_HUMAN_KI,Human CA9,primary,CHEMBL3594,Carbonic anhydrase 9,Homo sapiens,CHEMBL4860675,COc1cccc2oc(=O)c(S(N)(=O)=O)cc12,CVMZHVIFOAOFSI-UHFFFAOYSA-N,Ki,Ki,5.53,10.1016/j.ejmech.2021.113589,2021,23232443
CA9_HUMAN_KI,Human CA9,primary,CHEMBL3594,Carbonic anhydrase 9,Homo sapiens,CHEMBL4846304,NS(=O)(=O)c1cc2cc(Br)ccc2oc1=O,JUGMWOUWMGUQQN-UHFFFAOYSA-N,Ki,Ki,6.5,10.1016/j.ejmech.2021.113589,2021,23232450
CA9_HUMAN_KI,Human CA9,primary,CHEMBL3594,Carbonic anhydrase 9,Homo sapiens,CHEMBL2003049,C/C(=C\COc1ccc2ccc(=O)oc2c1)CCC(=O)C(C)(C)O,YSRYKTUWDVLRLA-JLHYYAGUSA-N,Ki,Ki,5.39,10.1016/j.bmc.2012.07.021,2013,12667861
CA9_HUMAN_KI,Human CA9,primary,CHEMBL3594,Carbonic anhydrase 9,Homo sapiens,CHEMBL4164409,CC(=O)c1cc2cc([N+](=O)[O-])ccc2oc1=O,GRICKQQNBMVHCM-UHFFFAOYSA-N,Ki,Ki,7.35,10.1016/j.ejmech.2018.01.033,2018,18390755
CA9_HUMAN_KI,Human CA9,primary,CHEMBL3594,Carbonic anhydrase 9,Homo sapiens,CHEMBL4163924,Cc1nn(-c2ccccc2)c2c1c(=O)oc1ccc(NCc3ccccc3)cc12,GWXADKMHWFINJE-UHFFFAOYSA-N,Ki,Ki,7.42,10.1016/j.ejmech.2018.01.033,2018,18390730
CA9_HUMAN_KI,Human CA9,primary,CHEMBL3594,Carbonic anhydrase 9,Homo sapiens,CHEMBL4589224,NS(=O)(=O)c1ccc(C/N=C/c2cc(Br)ccc2OCc2cn(CCCOc3ccc4ccc(=O)oc4c3)nn2)cc1,CWNSIECFTJQYPQ-VTNSRFBWSA-N,Ki,Ki,6.8,10.1016/j.ejmech.2019.111702,2019,18889633
CA9_HUMAN_KI,Human CA9,primary,CHEMBL3594,Carbonic anhydrase 9,Homo sapiens,CHEMBL3805919,C/C(=N\Nc1ccc(S(N)(=O)=O)cc1)c1cc2cc(Br)ccc2oc1=O,VBUCMEPVXZQACZ-KEBDBYFISA-N,Ki,Ki,7.63,10.1016/j.bmc.2016.04.052,2016,16587776
CA9_HUMAN_KI,Human CA9,primary,CHEMBL3594,Carbonic anhydrase 9,Homo sapiens,CHEMBL3805919,C/C(=N\Nc1ccc(S(N)(=O)=O)cc1)c1cc2cc(Br)ccc2oc1=O,VBUCMEPVXZQACZ-KEBDBYFISA-N,Ki,Ki,7.62,10.1016/j.ejmech.2020.112897,2021,22802313
CA9_HUMAN_KI,Human CA9,primary,CHEMBL3594,Carbonic anhydrase 9,Homo sapiens,CHEMBL3804909,NS(=O)(=O)c1ccc(-n2cc(/C=N\Nc3nc(-c4cc5cc(Br)ccc5oc4=O)cs3)c(-c3ccc(F)cc3)n2)cc1,FVOXTVYJOXVETI-VKVKMMGJSA-N,Ki,Ki,7.58,10.1016/j.bmc.2016.04.052,2016,16587764
CA9_HUMAN_KI,Human CA9,primary,CHEMBL3594,Carbonic anhydrase 9,Homo sapiens,CHEMBL293864,COc1cc2ccc(=O)oc2c(O[C@@H]2O[C@H](CO)[C@@H](O)[C@H](O)[C@H]2O)c1O,CRSFLLTWRCYNNX-QBNNUVSCSA-N,Ki,Ki,6.43,10.1016/j.bmc.2012.07.021,2013,12667896
CA9_HUMAN_KI,Human CA9,primary,CHEMBL3594,Carbonic anhydrase 9,Homo sapiens,CHEMBL4172130,COC(=O)Cc1c(C)c2ccc(OCC(=O)c3ccc(Cl)cc3)cc2oc1=O,BTUUFFFCLPDDTA-UHFFFAOYSA-N,Ki,Ki,7.63,10.1021/acsmedchemlett.8b00170,2018,18407532
CA9_HUMAN_KI,Human CA9,primary,CHEMBL3594,Carbonic anhydrase 9,Homo sapiens,CHEMBL1288596,CCCOc1ccc2ccc(=O)oc2c1C(C)=O,XDGJEUMPGBUXDY-UHFFFAOYSA-N,Ki,Ki,7.25,10.1016/j.bmcl.2010.10.094,2010,3605360
CA9_HUMAN_KI,Human CA9,primary,CHEMBL3594,Carbonic anhydrase 9,Homo sapiens,CHEMBL145781,O=c1ccc2ccc(OCc3ccccc3)cc2o1,QDLFCBKKECTJSK-UHFFFAOYSA-N,Ki,Ki,5.37,10.1021/jm901287j,2010,2997058
CA9_HUMAN_KI,Human CA9,primary,CHEMBL3594,Carbonic anhydrase 9,Homo sapiens,CHEMBL71851,COc1cc2ccc(=O)oc2cc1O,RODXRVNMMDRFIK-UHFFFAOYSA-N,Ki,Ki,6.02,10.1016/j.bmc.2012.07.021,2013,12667873
CA9_HUMAN_KI,Human CA9,primary,CHEMBL3594,Carbonic anhydrase 9,Homo sapiens,CHEMBL4742237,COc1ccc(N2CCN(Cc3cc(=O)oc4cc(OCc5ccc(Br)cc5)ccc34)CC2)cc1,KSPFBVXXXSEPCT-UHFFFAOYSA-N,Ki,Ki,6.05,10.1016/j.bmcl.2021.127877,2021,22933517
CA9_HUMAN_KI,Human CA9,primary,CHEMBL3594,Carbonic anhydrase 9,Homo sapiens,CHEMBL4782287,COc1ccc(N2CCN(Cc3cc(=O)oc4cc(OCc5ccccc5F)ccc34)CC2)cc1,ORFHYPCDOXZXSO-UHFFFAOYSA-N,Ki,Ki,5.42,10.1016/j.bmcl.2021.127877,2021,22933520
CA9_HUMAN_KI,Human CA9,primary,CHEMBL3594,Carbonic anhydrase 9,Homo sapiens,CHEMBL198913,Cc1cc(=O)oc2cc(CS(N)(=O)=O)ccc12,PZDPLSMUAUPDIS-UHFFFAOYSA-N,Ki,Ki,6.62,10.1016/j.bmcl.2005.08.102,2005,1656391
CA9_HUMAN_KI,Human CA9,primary,CHEMBL3594,Carbonic anhydrase 9,Homo sapiens,CHEMBL4780710,O=c1cc(CN2CCN(Cc3ccccc3)CC2)c2ccc(OCc3cc(F)ccc3F)cc2o1,IXUKWFNCIDORAD-UHFFFAOYSA-N,Ki,Ki,5.35,10.1016/j.bmcl.2021.127877,2021,22933534
CA9_HUMAN_KI,Human CA9,primary,CHEMBL3594,Carbonic anhydrase 9,Homo sapiens,CHEMBL1372308,Cc1c(O)ccc2c(-c3ccccc3)cc(=O)oc12,ZRMUHRWNDDQVEX-UHFFFAOYSA-N,Ki,Ki,7.4,10.1016/j.ejmech.2017.11.061,2018,18367336
CA9_HUMAN_KI,Human CA9,primary,CHEMBL3594,Carbonic anhydrase 9,Homo sapiens,CHEMBL303846,CC1(C)C=Cc2cc3ccc(=O)oc3cc2O1,QOTBQNVNUBKJMS-UHFFFAOYSA-N,Ki,Ki,5.12,10.1016/j.bmc.2012.07.021,2013,12667826
CA9_HUMAN_KI,Human CA9,primary,CHEMBL3594,Carbonic anhydrase 9,Homo sapiens,CHEMBL1288557,CCC(=O)c1c(O)ccc2ccc(=O)oc12,DVLIOVBNBOBBGS-UHFFFAOYSA-N,Ki,Ki,7.24,10.1016/j.bmcl.2010.10.094,2010,3605361
CA9_HUMAN_KI,Human CA9,primary,CHEMBL3594,Carbonic anhydrase 9,Homo sapiens,CHEMBL1290219,CC(=O)c1c(OCCC23CC4CC(CC(C4)C2)C3)ccc2ccc(=O)oc12,GVEYQOCXIYBZSF-UHFFFAOYSA-N,Ki,Ki,7.19,10.1016/j.bmcl.2010.10.094,2010,3605367
CA9_HUMAN_KI,Human CA9,primary,CHEMBL3594,Carbonic anhydrase 9,Homo sapiens,CHEMBL4163753,O=c1oc2ccccc2c2nn(Cc3ccccc3)c(Cc3ccccc3)c12,KLDCAVYSPIXJLQ-UHFFFAOYSA-N,Ki,Ki,6.54,10.1016/j.ejmech.2018.01.033,2018,18390722
CA9_HUMAN_KI,Human CA9,primary,CHEMBL3594,Carbonic anhydrase 9,Homo sapiens,CHEMBL4159294,Cn1nc2c(c1Cc1ccccc1)c(=O)oc1ccccc12,LHDZZHTYWHMBCB-UHFFFAOYSA-N,Ki,Ki,6.26,10.1016/j.ejmech.2018.01.033,2018,18390721
CA9_HUMAN_KI,Human CA9,primary,CHEMBL3594,Carbonic anhydrase 9,Homo sapiens,CHEMBL1441824,Cc1c(CC(=O)O)c(=O)oc2cc3occ(-c4ccc(F)cc4)c3cc12,NNOYFTHOJCHELA-UHFFFAOYSA-N,Ki,Ki,7.75,10.1021/acsmedchemlett.8b00170,2018,18407525
CA9_HUMAN_KI,Human CA9,primary,CHEMBL3594,Carbonic anhydrase 9,Homo sapiens,CHEMBL4751864,Cc1cc(C)cc(COc2ccc3c(CN4CCN(Cc5ccccc5)CC4)cc(=O)oc3c2)c1,FTACHLQLFVVPCO-UHFFFAOYSA-N,Ki,Ki,6.11,10.1016/j.bmcl.2021.127877,2021,22933533
CA9_HUMAN_KI,Human CA9,primary,CHEMBL3594,Carbonic anhydrase 9,Homo sapiens,CHEMBL4873316,Cc1ccc2oc(=O)c(S(N)(=O)=O)cc2c1,SWOIVLZSYSDKKC-UHFFFAOYSA-N,Ki,Ki,7.32,10.1016/j.ejmech.2021.113589,2021,23232446
CA9_HUMAN_KI,Human CA9,primary,CHEMBL3594,Carbonic anhydrase 9,Homo sapiens,CHEMBL3623670,O=c1ccc2ccc(OCc3cn(-c4ccc(O)cc4)nn3)cc2o1,ZSCKAXRHIRDYSA-UHFFFAOYSA-N,Ki,Ki,7.57,10.1016/j.bmc.2015.09.041,2015,15744015
CA9_HUMAN_KI,Human CA9,primary,CHEMBL3594,Carbonic anhydrase 9,Homo sapiens,CHEMBL1538522,O=C(Oc1ccc2ccc(=O)oc2c1)c1ccccc1,DKDPSSSGXHEHAK-UHFFFAOYSA-N,Ki,Ki,7.29,10.1016/j.ejmech.2017.11.061,2018,18367323
CA9_HUMAN_KI,Human CA9,primary,CHEMBL3594,Carbonic anhydrase 9,Homo sapiens,CHEMBL301141,O=c1cc(O)c2ccccc2o1,VXIXUWQIVKSKSA-UHFFFAOYSA-N,Ki,Ki,6.39,10.1021/acs.jmedchem.5b01720,2016,16460589
CA9_HUMAN_KI,Human CA9,primary,CHEMBL3594,Carbonic anhydrase 9,Homo sapiens,CHEMBL3977549,Cc1cc(=O)oc2cc(NC(=O)c3ccccc3NC(=O)c3ccc(Cl)cc3)ccc12,JNLMSYIRVWOXIX-UHFFFAOYSA-N,Ki,Ki,7.74,10.1016/j.bmc.2016.11.039,2017,16828496
CA9_HUMAN_KI,Human CA9,primary,CHEMBL3594,Carbonic anhydrase 9,Homo sapiens,CHEMBL1288622,CCOc1ccc2ccc(=O)oc2c1C(=O)CC,LJTVZULEIDSNAK-UHFFFAOYSA-N,Ki,Ki,7.33,10.1016/j.bmcl.2010.10.094,2010,3605356
CA9_HUMAN_KI,Human CA9,primary,CHEMBL3594,Carbonic anhydrase 9,Homo sapiens,CHEMBL412610,Cc1nn(-c2ccccc2)c2c1c(=O)oc1ccccc12,XQVHTRBZHCYIDD-UHFFFAOYSA-N,Ki,Ki,8.02,10.1016/j.ejmech.2018.01.033,2018,18390746
CA9_HUMAN_KI,Human CA9,primary,CHEMBL3594,Carbonic anhydrase 9,Homo sapiens,CHEMBL4792125,O=C(CS(=O)(=O)c1ccccc1)c1cc2cc(Br)ccc2oc1=O,IVJVIPNZHIFFSU-UHFFFAOYSA-N,Ki,Ki,7.12,10.1016/j.ejmech.2020.112897,2021,22802346
CA9_HUMAN_KI,Human CA9,primary,CHEMBL3594,Carbonic anhydrase 9,Homo sapiens,CHEMBL51628,O=c1ccc2ccc(O)cc2o1,ORHBXUUXSCNDEV-UHFFFAOYSA-N,Ki,Ki,7.6,10.1016/j.ejmech.2017.11.061,2018,18367317
CA9_HUMAN_KI,Human CA9,primary,CHEMBL3594,Carbonic anhydrase 9,Homo sapiens,CHEMBL51628,O=c1ccc2ccc(O)cc2o1,ORHBXUUXSCNDEV-UHFFFAOYSA-N,Ki,Ki,6.32,10.1021/jm200983e,2011,8008416
CA9_HUMAN_KI,Human CA9,primary,CHEMBL3594,Carbonic anhydrase 9,Homo sapiens,CHEMBL51628,O=c1ccc2ccc(O)cc2o1,ORHBXUUXSCNDEV-UHFFFAOYSA-N,Ki,Ki,6.32,10.1021/acs.jmedchem.5b01720,2016,16460588
CA9_HUMAN_KI,Human CA9,primary,CHEMBL3594,Carbonic anhydrase 9,Homo sapiens,CHEMBL51628,O=c1ccc2ccc(O)cc2o1,ORHBXUUXSCNDEV-UHFFFAOYSA-N,Ki,Ki,6.32,10.1016/j.bmcl.2010.10.094,2010,3605372
CA9_HUMAN_KI,Human CA9,primary,CHEMBL3594,Carbonic anhydrase 9,Homo sapiens,CHEMBL101286,COc1ccc(-n2nc(C)c3c(=O)oc4ccccc4c32)cc1,PKYREBDGJZHJCV-UHFFFAOYSA-N,Ki,Ki,7.4,10.1016/j.ejmech.2018.01.033,2018,18390743
CA9_HUMAN_KI,Human CA9,primary,CHEMBL3594,Carbonic anhydrase 9,Homo sapiens,CHEMBL2334357,COc1ccc(-c2c3n(c4c(=O)oc5cc(OC)c(O)cc5c24)CCc2cc(OS(=O)(=O)[O-])c(OC)cc2-3)cc1O.[Na+],ZSHZPAYBGJKZAQ-UHFFFAOYSA-M,Ki,Ki,5.49,10.1016/j.bmc.2012.07.021,2013,12667867
CA9_HUMAN_KI,Human CA9,primary,CHEMBL3594,Carbonic anhydrase 9,Homo sapiens,CHEMBL4798301,Cc1ccc(S(=O)(=O)CC(=O)c2cc3ccccc3oc2=O)cc1,HAEMGKCRROSTPM-UHFFFAOYSA-N,Ki,Ki,7.18,10.1016/j.ejmech.2020.112897,2021,22802345
CA9_HUMAN_KI,Human CA9,primary,CHEMBL3594,Carbonic anhydrase 9,Homo sapiens,CHEMBL1957187,Cc1cc(C)cc(NC(=O)Nc2ccc3c(C)cc(=O)oc3c2)c1,IPGFTURWEBMLSG-UHFFFAOYSA-N,Ki,Ki,6.21,10.1016/j.bmc.2012.02.014,2012,8060028
CA9_HUMAN_KI,Human CA9,primary,CHEMBL3594,Carbonic anhydrase 9,Homo sapiens,CHEMBL3322093,C#CCOc1ccc2oc(=O)ccc2c1,BJPVWUGQYQUNTC-UHFFFAOYSA-N,Ki,Ki,5.32,10.1021/acs.jmedchem.9b00845,2019,19070692
CA9_HUMAN_KI,Human CA9,primary,CHEMBL3594,Carbonic anhydrase 9,Homo sapiens,CHEMBL3623666,O=c1ccc2ccc(OCc3cn(-c4cccc(Br)c4)nn3)cc2o1,SUNCOTOCUZJYSB-UHFFFAOYSA-N,Ki,Ki,7.56,10.1016/j.bmc.2015.09.041,2015,15744011
CA9_HUMAN_KI,Human CA9,primary,CHEMBL3594,Carbonic anhydrase 9,Homo sapiens,CHEMBL1957188,Cc1cc(=O)oc2cc(NC(=O)OC(C)(C)C)ccc12,PMMDIGKKLWVZFC-UHFFFAOYSA-N,Ki,Ki,6.01,10.1016/j.bmc.2012.02.014,2012,8060029
CA9_HUMAN_KI,Human CA9,primary,CHEMBL3594,Carbonic anhydrase 9,Homo sapiens,CHEMBL4863904,NS(=O)(=O)c1cc2cc(F)ccc2oc1=O,LZZPJJGCMNPSHV-UHFFFAOYSA-N,Ki,Ki,7.49,10.1016/j.ejmech.2021.113589,2021,23232448
CA9_HUMAN_KI,Human CA9,primary,CHEMBL3594,Carbonic anhydrase 9,Homo sapiens,CHEMBL4548338,O=Cc1ccc(OCc2cn(CCCOc3ccc4ccc(=O)oc4c3)nn2)cc1,RKBGDZQHAUURHJ-UHFFFAOYSA-N,Ki,Ki,6.77,10.1016/j.ejmech.2019.111702,2019,18889645
CA9_HUMAN_KI,Human CA9,primary,CHEMBL3594,Carbonic anhydrase 9,Homo sapiens,CHEMBL1957172,C=CCOc1ccc2oc(=O)ccc2c1,SKCYGVFSCSKCJC-UHFFFAOYSA-N,Ki,Ki,6.03,10.1016/j.bmc.2012.02.014,2012,8060018
CA9_HUMAN_KI,Human CA9,primary,CHEMBL3594,Carbonic anhydrase 9,Homo sapiens,CHEMBL1957172,C=CCOc1ccc2oc(=O)ccc2c1,SKCYGVFSCSKCJC-UHFFFAOYSA-N,Ki,Ki,6.03,10.1021/acs.jmedchem.5b01720,2016,16460596
CA9_HUMAN_KI,Human CA9,primary,CHEMBL3594,Carbonic anhydrase 9,Homo sapiens,CHEMBL5561753,COc1ccc(C(=O)NNc2nc(-c3cc4ccccc4oc3=O)cs2)c(C)c1,MKJGMVPYQNQHMQ-UHFFFAOYSA-N,Ki,Ki,6.38,10.1016/j.ejmech.2024.116179,2024,25873446
CA9_HUMAN_KI,Human CA9,primary,CHEMBL3594,Carbonic anhydrase 9,Homo sapiens,CHEMBL4754135,COc1cc(/C=C/C(=O)Nc2ccc3c(C)cc(=O)oc3c2)cc(OC)c1OC,YOMXYNPRGZMSET-VMPITWQZSA-N,Ki,Ki,6.19,10.1016/j.bmc.2020.115586,2020,22879412
CA9_HUMAN_KI,Human CA9,primary,CHEMBL3594,Carbonic anhydrase 9,Homo sapiens,CHEMBL4586124,C#CCNc1ccc2c(C)cc(=O)oc2c1,UWUMXXUKMBZAIY-UHFFFAOYSA-N,Ki,Ki,6.77,10.1021/acs.jmedchem.9b00845,2019,19070695
CA9_HUMAN_KI,Human CA9,primary,CHEMBL3594,Carbonic anhydrase 9,Homo sapiens,CHEMBL3805222,C/C(=N\Nc1ccc(S(N)(=O)=O)cc1)c1cc2ccccc2oc1=O,OWEHSUAYDKGZPO-YBFXNURJSA-N,Ki,Ki,7.36,10.1016/j.ejmech.2020.112897,2021,22802312
CA9_HUMAN_KI,Human CA9,primary,CHEMBL3594,Carbonic anhydrase 9,Homo sapiens,CHEMBL3805222,C/C(=N\Nc1ccc(S(N)(=O)=O)cc1)c1cc2ccccc2oc1=O,OWEHSUAYDKGZPO-YBFXNURJSA-N,Ki,Ki,7.23,10.1016/j.bmc.2016.04.052,2016,16587774
CA9_HUMAN_KI,Human CA9,primary,CHEMBL3594,Carbonic anhydrase 9,Homo sapiens,CHEMBL2316108,NS(=O)(=O)c1ccc2c(c1)sc1nc(-c3cc4cc(Br)ccc4oc3=O)cn12,AWNHWELMVPGCNN-UHFFFAOYSA-N,Ki,Ki,7.6,10.1016/j.bmc.2016.04.052,2016,16587773
CA9_HUMAN_KI,Human CA9,primary,CHEMBL3594,Carbonic anhydrase 9,Homo sapiens,CHEMBL54909,COc1cc2ccc(=O)oc2c(O)c1O,HAVWRBANWNTOJX-UHFFFAOYSA-N,Ki,Ki,6.21,10.1016/j.bmc.2012.07.021,2013,12667893
CA9_HUMAN_KI,Human CA9,primary,CHEMBL3594,Carbonic anhydrase 9,Homo sapiens,CHEMBL253551,COc1cc2ccc(=O)oc2c(OC)c1OC,RAYQKHLZHPFYEJ-UHFFFAOYSA-N,Ki,Ki,5.18,10.1016/j.bmc.2012.07.021,2013,12667835
CA9_HUMAN_KI,Human CA9,primary,CHEMBL3594,Carbonic anhydrase 9,Homo sapiens,CHEMBL270672,Cc1cc(=O)oc2cc(N)ccc12,GLNDAGDHSLMOKX-UHFFFAOYSA-N,Ki,Ki,5.12,10.1016/j.bmc.2012.02.014,2012,8060030
CA9_HUMAN_KI,Human CA9,primary,CHEMBL3594,Carbonic anhydrase 9,Homo sapiens,CHEMBL4447913,NS(=O)(=O)c1ccc(C/N=C/c2c(OCc3cn(CCCOc4ccc5ccc(=O)oc5c4)nn3)ccc3ccccc23)cc1,YQXQVCTZLMEEGM-JEPNHJGPSA-N,Ki,Ki,7.34,10.1016/j.bmc.2021.116140,2021,23209356
CA9_HUMAN_KI,Human CA9,primary,CHEMBL3594,Carbonic anhydrase 9,Homo sapiens,CHEMBL4447913,NS(=O)(=O)c1ccc(C/N=C/c2c(OCc3cn(CCCOc4ccc5ccc(=O)oc5c4)nn3)ccc3ccccc23)cc1,YQXQVCTZLMEEGM-JEPNHJGPSA-N,Ki,Ki,7.34,10.1016/j.ejmech.2019.111702,2019,18889630
CA9_HUMAN_KI,Human CA9,primary,CHEMBL3594,Carbonic anhydrase 9,Homo sapiens,CHEMBL1938472,Cc1cc(=O)oc2cc(O[C@@H]3O[C@H](CO[C@H]4O[C@H](CO)[C@H](O)[C@H](O)[C@H]4O)[C@@H](O)[C@H](O)[C@H]3O)ccc12,UQYNRUGJGAGAFC-QVMZXLCESA-N,Ki,Ki,6.09,10.1021/jm200983e,2011,8008413
CA9_HUMAN_KI,Human CA9,primary,CHEMBL3594,Carbonic anhydrase 9,Homo sapiens,CHEMBL4784235,O=c1cc(CN2CCN(Cc3ccccc3)CC2)c2ccc(OCc3ccccc3)cc2o1,UJWNWEBEASXEHP-UHFFFAOYSA-N,Ki,Ki,5.31,10.1016/j.bmcl.2021.127877,2021,22933525
CA9_HUMAN_KI,Human CA9,primary,CHEMBL3594,Carbonic anhydrase 9,Homo sapiens,CHEMBL4799424,Cc1cc(=O)oc2cc(NC(=O)/C=C/c3cccc(F)c3)ccc12,ZMRVAQZEEHVLMS-VMPITWQZSA-N,Ki,Ki,6.2,10.1016/j.bmc.2020.115586,2020,22879413
CA9_HUMAN_KI,Human CA9,primary,CHEMBL3594,Carbonic anhydrase 9,Homo sapiens,CHEMBL4761025,Cc1ccc(S(=O)(=O)C/C(=N\Nc2ccc(S(N)(=O)=O)cc2)c2cc3ccccc3oc2=O)cc1,GCNLCIBHNCJZPP-HPNDGRJYSA-N,Ki,Ki,7.12,10.1016/j.ejmech.2020.112897,2021,22802317
CA9_HUMAN_KI,Human CA9,primary,CHEMBL3594,Carbonic anhydrase 9,Homo sapiens,CHEMBL4761017,Cc1ccc(S(=O)(=O)C/C(=N\Nc2ccc(S(N)(=O)=O)cc2)c2cc3cc(Br)ccc3oc2=O)cc1,REUWMHUXYSFQMA-XAYXJRQQSA-N,Ki,Ki,7.54,10.1016/j.ejmech.2020.112897,2021,22802319
CA9_HUMAN_KI,Human CA9,primary,CHEMBL3594,Carbonic anhydrase 9,Homo sapiens,CHEMBL4796142,Cc1cc(=O)oc2cc(-n3cc(Cn4cc(F)c(=O)[nH]c4=O)nn3)ccc12,OTYBQZROSNNJEH-UHFFFAOYSA-N,Ki,Ki,6.76,10.1016/j.ejmech.2020.112112,2020,22957282
CA9_HUMAN_KI,Human CA9,primary,CHEMBL3594,Carbonic anhydrase 9,Homo sapiens,CHEMBL4783964,O=c1cc(CN2CCN(Cc3ccccc3)CC2)c2ccc(OCc3ccccc3[N+](=O)[O-])cc2o1,HIGSDGAFMUAOTF-UHFFFAOYSA-N,Ki,Ki,6.03,10.1016/j.bmcl.2021.127877,2021,22933530
CA9_HUMAN_KI,Human CA9,primary,CHEMBL3594,Carbonic anhydrase 9,Homo sapiens,CHEMBL3623667,COc1cccc(-n2cc(COc3ccc4ccc(=O)oc4c3)nn2)c1,GMEVNZGJRMYVKL-UHFFFAOYSA-N,Ki,Ki,7.63,10.1016/j.bmc.2015.09.041,2015,15744012
CA9_HUMAN_KI,Human CA9,primary,CHEMBL3594,Carbonic anhydrase 9,Homo sapiens,CHEMBL308819,C#CCOc1ccc2ccc(=O)oc2c1,IEHFVZKMAOKFTR-UHFFFAOYSA-N,Ki,Ki,5.87,10.1021/acs.jmedchem.5b01720,2016,16460602
CA9_HUMAN_KI,Human CA9,primary,CHEMBL3594,Carbonic anhydrase 9,Homo sapiens,CHEMBL4863083,NS(=O)(=O)c1cc2cc([N+](=O)[O-])ccc2oc1=O,HQCGJYAGDJIWIB-UHFFFAOYSA-N,Ki,Ki,6.83,10.1016/j.ejmech.2021.113589,2021,23232451
CA9_HUMAN_KI,Human CA9,primary,CHEMBL3594,Carbonic anhydrase 9,Homo sapiens,CHEMBL4845700,COc1ccc2oc(=O)c(S(N)(=O)=O)cc2c1,BKWNFAYLEISDTB-UHFFFAOYSA-N,Ki,Ki,7.24,10.1016/j.ejmech.2021.113589,2021,23232445
CA9_HUMAN_KI,Human CA9,primary,CHEMBL3594,Carbonic anhydrase 9,Homo sapiens,CHEMBL3928695,Cc1cc(=O)oc2cc(NC(=O)c3ccccc3NC(=O)c3ccccc3)ccc12,BYTACWODPDSCEX-UHFFFAOYSA-N,Ki,Ki,7.67,10.1016/j.bmc.2016.11.039,2017,16828497
CA9_HUMAN_KI,Human CA9,primary,CHEMBL3594,Carbonic anhydrase 9,Homo sapiens,CHEMBL4746114,O=C(N/N=C(\CS(=O)(=O)c1ccccc1)c1cc2ccccc2oc1=O)c1ccccc1,AONDWTZRLCVVRF-NJNXFGOHSA-N,Ki,Ki,4.8,10.1016/j.ejmech.2020.112897,2021,22802352
CA9_HUMAN_KI,Human CA9,primary,CHEMBL3594,Carbonic anhydrase 9,Homo sapiens,CHEMBL4557277,COc1cc(/C=N/Cc2ccc(S(N)(=O)=O)cc2)ccc1OCc1cn(CCCOc2ccc3ccc(=O)oc3c2)nn1,YBYUYRGOJUYIJL-KCSSXMTESA-N,Ki,Ki,6.12,10.1016/j.ejmech.2019.111702,2019,18889631
CA9_HUMAN_KI,Human CA9,primary,CHEMBL3594,Carbonic anhydrase 9,Homo sapiens,CHEMBL4778607,Cc1ccc(S(=O)(=O)C/C(=N\Nc2ccccc2)c2cc3cc(Br)ccc3oc2=O)cc1,SQDBLVWHFSXYMX-HPNDGRJYSA-N,Ki,Ki,5.09,10.1016/j.ejmech.2020.112897,2021,22802351
CA9_HUMAN_KI,Human CA9,primary,CHEMBL3594,Carbonic anhydrase 9,Homo sapiens,CHEMBL3623669,O=c1ccc2ccc(OCc3cn(-c4ccc(C(F)(F)F)cc4)nn3)cc2o1,GTDVHWNQTPBKAC-UHFFFAOYSA-N,Ki,Ki,7.64,10.1016/j.bmc.2015.09.041,2015,15744014
CA9_HUMAN_KI,Human CA9,primary,CHEMBL3594,Carbonic anhydrase 9,Homo sapiens,CHEMBL4876151,CCOc1cccc2cc(S(N)(=O)=O)c(=O)oc12,LXRSALAUTHMGJG-UHFFFAOYSA-N,Ki,Ki,7.29,10.1016/j.ejmech.2021.113589,2021,23232457
CA9_HUMAN_KI,Human CA9,primary,CHEMBL3594,Carbonic anhydrase 9,Homo sapiens,CHEMBL4860280,NS(=O)(=O)c1cc2cccc(F)c2oc1=O,JZQNKNFGWYUVLM-UHFFFAOYSA-N,Ki,Ki,7.39,10.1016/j.ejmech.2021.113589,2021,23232454
CA9_HUMAN_KI,Human CA9,primary,CHEMBL3594,Carbonic anhydrase 9,Homo sapiens,CHEMBL1172750,Cc1cc(=O)oc2cc(O[C@H]3O[C@H](CO)[C@@H](O)[C@H](O)[C@@H]3O)ccc12,YUDPTGPSBJVHCN-VMMWWAARSA-N,Ki,Ki,8.04,10.1021/jm200983e,2011,8007618
CA9_HUMAN_KI,Human CA9,primary,CHEMBL3594,Carbonic anhydrase 9,Homo sapiens,CHEMBL243263,O=c1ccc2cc(O)ccc2o1,CJIJXIFQYOPWTF-UHFFFAOYSA-N,Ki,Ki,7.52,10.1016/j.ejmech.2017.11.061,2018,18367319
CA9_HUMAN_KI,Human CA9,primary,CHEMBL3594,Carbonic anhydrase 9,Homo sapiens,CHEMBL243263,O=c1ccc2cc(O)ccc2o1,CJIJXIFQYOPWTF-UHFFFAOYSA-N,Ki,Ki,6.72,10.1021/acs.jmedchem.5b01720,2016,16460587
CA9_HUMAN_KI,Human CA9,primary,CHEMBL3594,Carbonic anhydrase 9,Homo sapiens,CHEMBL1938470,Cc1cc(=O)oc2cc(O[C@@H]3OC[C@@H](O)[C@@H](O)[C@H]3O)ccc12,JWIYLOHVJDJZOQ-QZKOUSHUSA-N,Ki,Ki,5.5,10.1021/jm200983e,2011,8007620
CA9_HUMAN_KI,Human CA9,primary,CHEMBL3594,Carbonic anhydrase 9,Homo sapiens,CHEMBL1957180,C=CCOc1cc(=O)oc2ccccc12,LWRKLYVFSHDLMU-UHFFFAOYSA-N,Ki,Ki,6.68,10.1016/j.bmc.2012.02.014,2012,8060020
CA9_HUMAN_KI,Human CA9,primary,CHEMBL3594,Carbonic anhydrase 9,Homo sapiens,CHEMBL1957180,C=CCOc1cc(=O)oc2ccccc12,LWRKLYVFSHDLMU-UHFFFAOYSA-N,Ki,Ki,6.68,10.1021/acs.jmedchem.5b01720,2016,16460598
CA9_HUMAN_KI,Human CA9,primary,CHEMBL3594,Carbonic anhydrase 9,Homo sapiens,CHEMBL4790017,Cc1cc(=O)oc2cc(NC(=O)/C=C/c3ccc(F)c(F)c3)ccc12,XPDMGBZIZUTHFQ-XVNBXDOJSA-N,Ki,Ki,6.11,10.1016/j.bmc.2020.115586,2020,22879415
CA9_HUMAN_KI,Human CA9,primary,CHEMBL3594,Carbonic anhydrase 9,Homo sapiens,CHEMBL56918,C/C(=C\COc1ccc2ccc(=O)oc2c1)C1=CC(=O)C(C)(C)O1,OUTLLBZGJYDUQE-XYOKQWHBSA-N,Ki,Ki,6.22,10.1016/j.bmc.2012.07.021,2013,12667895
CA9_HUMAN_KI,Human CA9,primary,CHEMBL3594,Carbonic anhydrase 9,Homo sapiens,CHEMBL1288534,CC(=O)c1cc2ccc(=O)oc2cc1O,MYJIZBGGFRMXEM-UHFFFAOYSA-N,Ki,Ki,5.09,10.1016/j.bmcl.2010.10.094,2010,3605379
CA9_HUMAN_KI,Human CA9,primary,CHEMBL3594,Carbonic anhydrase 9,Homo sapiens,CHEMBL4175605,O=c1cc(-c2ccccc2Cl)c2ccc(O)cc2o1,HHGMVLJCGVUHKR-UHFFFAOYSA-N,Ki,Ki,7.51,10.1016/j.ejmech.2017.11.061,2018,18367328
CA9_HUMAN_KI,Human CA9,primary,CHEMBL3594,Carbonic anhydrase 9,Homo sapiens,CHEMBL4169349,CCOc1c(C(C)=O)c(=O)oc2ccc(Br)cc12,JYTPYPVDGOQWIR-UHFFFAOYSA-N,Ki,Ki,7.33,10.1016/j.ejmech.2018.01.033,2018,18390747
CA9_HUMAN_KI,Human CA9,primary,CHEMBL3594,Carbonic anhydrase 9,Homo sapiens,CHEMBL4167366,Cc1nn(-c2ccccc2)c2c1c(=O)oc1ccc(NC(=O)c3ccccc3)cc12,FEEMMLSEDLVECE-UHFFFAOYSA-N,Ki,Ki,7.82,10.1016/j.ejmech.2018.01.033,2018,18390732
CA9_HUMAN_KI,Human CA9,primary,CHEMBL3594,Carbonic anhydrase 9,Homo sapiens,CHEMBL1957185,Cc1ccc(S(=O)(=O)OCCOc2ccc3ccc(=O)oc3c2)cc1,RCBJZLPHIUHSSP-UHFFFAOYSA-N,Ki,Ki,6.28,10.1016/j.bmc.2012.02.014,2012,8060025
CA9_HUMAN_KI,Human CA9,primary,CHEMBL3594,Carbonic anhydrase 9,Homo sapiens,CHEMBL5218778,COc1cc(/C=C/C(=O)OCCCCCCN(CCCOC(=O)/C=C/c2cc(OC)c(OC)c(OC)c2)CCCOc2ccc3ccc(=O)oc3c2)cc(OC)c1OC,ARMRJWAFXCJQKN-JIBZRZDWSA-N,Ki,Ki,8.09,10.1021/acs.jmedchem.2c01175,2022,24968767
CA9_HUMAN_KI,Human CA9,primary,CHEMBL3594,Carbonic anhydrase 9,Homo sapiens,CHEMBL5532453,O=C(CNC(=O)Oc1ccccc1)Nc1ccc2oc(=O)ccc2c1,KIFVIFOEKKLVCK-UHFFFAOYSA-N,Ki,Ki,7.04,10.1016/j.ejmech.2024.116170,2024,25873117
CA9_HUMAN_KI,Human CA9,primary,CHEMBL3594,Carbonic anhydrase 9,Homo sapiens,CHEMBL4764288,C/C(=N\NC(=O)c1ccc(S(N)(=O)=O)cc1)c1cc2cc(Br)ccc2oc1=O,UHHGTRVUYBKOGZ-UFFVCSGVSA-N,Ki,Ki,7.7,10.1016/j.ejmech.2020.112897,2021,22802315
CA9_HUMAN_KI,Human CA9,primary,CHEMBL3594,Carbonic anhydrase 9,Homo sapiens,CHEMBL4756231,Cc1ccc(S(=O)(=O)C/C(=N\NC(=O)c2ccc(S(N)(=O)=O)cc2)c2cc3ccccc3oc2=O)cc1,AUYOZHUNENEDCT-HPNDGRJYSA-N,Ki,Ki,7.38,10.1016/j.ejmech.2020.112897,2021,22802321
CA9_HUMAN_KI,Human CA9,primary,CHEMBL3594,Carbonic anhydrase 9,Homo sapiens,CHEMBL5590449,O=C(OCCCOc1ccc2oc(=O)ccc2c1)c1ccc2c(c1)no[n+]2[O-],HJOPDTWXIWUHRZ-UHFFFAOYSA-N,Ki,Ki,7.31,10.1021/acs.jmedchem.4c01563,2024,26051232
CA9_HUMAN_KI,Human CA9,primary,CHEMBL3594,Carbonic anhydrase 9,Homo sapiens,CHEMBL5598352,O=C(Oc1ccc2oc(=O)ccc2c1)c1ccc2c(c1)no[n+]2[O-],JCVAXBHRQGIMSI-UHFFFAOYSA-N,Ki,Ki,7.8,10.1021/acs.jmedchem.4c01563,2024,26051229
CA9_HUMAN_KI,Human CA9,primary,CHEMBL3594,Carbonic anhydrase 9,Homo sapiens,CHEMBL5563945,CCOc1cccc2cc(/C(C)=N/Nc3nc(-c4ccc(Br)cc4)cs3)c(=O)oc12,AXKWUELZVLBZPU-DHRITJCHSA-N,Ki,Ki,5.06,10.1021/acs.jmedchem.4c00239,2024,25859097
CA9_HUMAN_KI,Human CA9,primary,CHEMBL3594,Carbonic anhydrase 9,Homo sapiens,CHEMBL4746620,COc1ccc(N2CCN(Cc3cc(=O)oc4cc(OCc5cccc(Br)c5)ccc34)CC2)cc1,QIMBUXAGULYNFZ-UHFFFAOYSA-N,Ki,Ki,5.46,10.1016/j.bmcl.2021.127877,2021,22933518
CA9_HUMAN_KI,Human CA9,primary,CHEMBL3594,Carbonic anhydrase 9,Homo sapiens,CHEMBL4747317,COc1cc(/C=C/C(=O)Nc2ccc3oc(=O)ccc3c2)cc(OC)c1OC,JLBSOIAPINYYML-XBXARRHUSA-N,Ki,Ki,6.8,10.1016/j.bmc.2020.115586,2020,22879405
CA9_HUMAN_KI,Human CA9,primary,CHEMBL3594,Carbonic anhydrase 9,Homo sapiens,CHEMBL4762423,O=C(/C=C/c1ccccc1OC(F)F)Nc1ccc2oc(=O)ccc2c1,DHFADEWCYJMXPO-WEVVVXLNSA-N,Ki,Ki,6.42,10.1016/j.bmc.2020.115586,2020,22879400
CA9_HUMAN_KI,Human CA9,primary,CHEMBL3594,Carbonic anhydrase 9,Homo sapiens,CHEMBL4743602,Cc1cc(=O)oc2cc(NC(=O)/C=C/c3ccccc3)ccc12,QXUCCPZPSBZBCN-JXMROGBWSA-N,Ki,Ki,6.29,10.1016/j.bmc.2020.115586,2020,22879410
CA9_HUMAN_KI,Human CA9,primary,CHEMBL3594,Carbonic anhydrase 9,Homo sapiens,CHEMBL4097542,CC1=C(CC(=O)NCCOc2ccc3oc(=O)ccc3c2)c2cc(F)ccc2/C1=C\c1ccc([S+](C)[O-])cc1,XOKLEXHVYHSJAW-YSMPRRRNSA-N,Ki,Ki,7.51,10.1021/acs.jmedchem.6b01607,2017,17956058
CA9_HUMAN_KI,Human CA9,primary,CHEMBL3594,Carbonic anhydrase 9,Homo sapiens,CHEMBL5560339,CCOc1cccc2cc(/C(C)=N/Nc3nc(-c4cc5cccc(OC)c5oc4=O)cs3)c(=O)oc12,XNWVIUHTVGWXHD-CCVNUDIWSA-N,Ki,Ki,5.03,10.1021/acs.jmedchem.4c00239,2024,25859101
CA9_HUMAN_KI,Human CA9,primary,CHEMBL3594,Carbonic anhydrase 9,Homo sapiens,CHEMBL4168368,Cc1ccc(-c2coc3cc4oc(=O)c(CC(=O)O)c(C)c4cc23)cc1,DKDQZTRRMYSVQA-UHFFFAOYSA-N,Ki,Ki,7.64,10.1021/acsmedchemlett.8b00170,2018,18407527
CA9_HUMAN_KI,Human CA9,primary,CHEMBL3594,Carbonic anhydrase 9,Homo sapiens,CHEMBL4069089,O=C(Cc1ccccc1Nc1c(Cl)cccc1Cl)NCCOc1ccc2oc(=O)ccc2c1,TXVQNFKIVJJNQQ-UHFFFAOYSA-N,Ki,Ki,7.54,10.1021/acs.jmedchem.6b01607,2017,17956061
CA9_HUMAN_KI,Human CA9,primary,CHEMBL3594,Carbonic anhydrase 9,Homo sapiens,CHEMBL3623675,Cc1cc(=O)oc2cc(-n3cc(CSc4ccccc4)nn3)ccc12,YVLSMICQQJATAG-UHFFFAOYSA-N,Ki,Ki,7.53,10.1016/j.bmc.2015.09.041,2015,15744020
CA9_HUMAN_KI,Human CA9,primary,CHEMBL3594,Carbonic anhydrase 9,Homo sapiens,CHEMBL4762927,Cc1cc(=O)oc2cc(NC(=O)/C=C/c3ccc(C#N)cc3)ccc12,AZHMYJFNFKLTCN-RMKNXTFCSA-N,Ki,Ki,6.07,10.1016/j.bmc.2020.115586,2020,22879416
CA9_HUMAN_KI,Human CA9,primary,CHEMBL3594,Carbonic anhydrase 9,Homo sapiens,CHEMBL5218919,COc1cc(C(=O)OCCCCCCCN(CCCOC(=O)c2cc(OC)c(OC)c(OC)c2)CCCOc2ccc3ccc(=O)oc3c2)cc(OC)c1OC,LQBYNJRJBRTEHC-UHFFFAOYSA-N,Ki,Ki,7.74,10.1021/acs.jmedchem.2c01175,2022,24968780
CA9_HUMAN_KI,Human CA9,primary,CHEMBL3594,Carbonic anhydrase 9,Homo sapiens,CHEMBL4472017,O=C(Nc1ccc(C(=O)NCCOc2ccc3oc(=O)ccc3c2)cc1)Nc1ccc(Cl)c(C(F)(F)F)c1,AJBTYCBMFBAWKT-UHFFFAOYSA-N,Ki,Ki,5.65,10.1016/j.ejmech.2019.111600,2019,19099953
CA9_HUMAN_KI,Human CA9,primary,CHEMBL3594,Carbonic anhydrase 9,Homo sapiens,CHEMBL4165930,Cc1c(O)ccc2c(-c3ccccc3F)cc(=O)oc12,LCZACLZVLKNNIZ-UHFFFAOYSA-N,Ki,Ki,7.02,10.1016/j.ejmech.2017.11.061,2018,18367340
CA9_HUMAN_KI,Human CA9,primary,CHEMBL3594,Carbonic anhydrase 9,Homo sapiens,CHEMBL3623674,Cc1cc(=O)oc2cc(-n3cc(COc4ccccc4)nn3)ccc12,GSYHUWGTCOWOMU-UHFFFAOYSA-N,Ki,Ki,7.48,10.1016/j.bmc.2015.09.041,2015,15744019
CA9_HUMAN_KI,Human CA9,primary,CHEMBL3594,Carbonic anhydrase 9,Homo sapiens,CHEMBL4746453,N#Cc1ccc(/C=C/C(=O)Nc2ccc3oc(=O)ccc3c2)cc1,NRKYBIDKDIAGFD-WEVVVXLNSA-N,Ki,Ki,6.05,10.1016/j.bmc.2020.115586,2020,22879408
CA9_HUMAN_KI,Human CA9,primary,CHEMBL3594,Carbonic anhydrase 9,Homo sapiens,CHEMBL3805601,NS(=O)(=O)c1ccc(-n2cc(/C=N\Nc3nc(-c4cc5cc(Cl)ccc5oc4=O)cs3)c(-c3ccccc3)n2)cc1,XWVIXWVXOLKNKR-AQLQTECXSA-N,Ki,Ki,7.55,10.1016/j.bmc.2016.04.052,2016,16587754
CA9_HUMAN_KI,Human CA9,primary,CHEMBL3594,Carbonic anhydrase 9,Homo sapiens,CHEMBL585024,O=C(NNc1nc(-c2cc3ccccc3oc2=O)cs1)c1ccccc1,CXQRXNWHFCHDQT-UHFFFAOYSA-N,Ki,Ki,6.38,10.1016/j.ejmech.2024.116179,2024,25873437
CA9_HUMAN_KI,Human CA9,primary,CHEMBL3594,Carbonic anhydrase 9,Homo sapiens,CHEMBL4798303,COc1ccc(N2CCN(Cc3cc(=O)oc4cc(OCc5cc(C)cc(C)c5)ccc34)CC2)cc1,BHVGUGCVQBDQEZ-UHFFFAOYSA-N,Ki,Ki,5.34,10.1016/j.bmcl.2021.127877,2021,22933524
CA9_HUMAN_KI,Human CA9,primary,CHEMBL3594,Carbonic anhydrase 9,Homo sapiens,CHEMBL4171790,Cc1nn(-c2ccccc2)c2c1c(=O)oc1ccc(NC(=O)Nc3ccccc3)cc12,GCZYPAPAACLUSZ-UHFFFAOYSA-N,Ki,Ki,7.11,10.1016/j.ejmech.2018.01.033,2018,18390731
CA9_HUMAN_KI,Human CA9,primary,CHEMBL3594,Carbonic anhydrase 9,Homo sapiens,CHEMBL4167848,CC(=O)c1cc2cc([N+](=O)[O-])c(Cl)cc2oc1=O,USZYPTIAKJKXMY-UHFFFAOYSA-N,Ki,Ki,6.25,10.1016/j.ejmech.2018.01.033,2018,18390753
CA9_HUMAN_KI,Human CA9,primary,CHEMBL3594,Carbonic anhydrase 9,Homo sapiens,CHEMBL5596294,O=C(OCCOc1ccc2ccc(=O)oc2c1)c1ccc2c(c1)no[n+]2[O-],GSNSIUYPAZPHMM-UHFFFAOYSA-N,Ki,Ki,6.95,10.1021/acs.jmedchem.4c01563,2024,26051231
CA9_HUMAN_KI,Human CA9,primary,CHEMBL3594,Carbonic anhydrase 9,Homo sapiens,CHEMBL4082922,CC(C(=O)NCCOc1ccc2oc(=O)ccc2c1)c1cccc(C(=O)c2ccccc2)c1,DVWBHLMOMYEMGE-UHFFFAOYSA-N,Ki,Ki,7.26,10.1021/acs.jmedchem.6b01607,2017,17956059
CA9_HUMAN_KI,Human CA9,primary,CHEMBL3594,Carbonic anhydrase 9,Homo sapiens,CHEMBL4858765,NS(=O)(=O)c1cc2ccccc2oc1=O,IVMWMNABDZPQSN-UHFFFAOYSA-N,Ki,Ki,7.19,10.1016/j.ejmech.2021.113589,2021,23232442
CA9_HUMAN_KI,Human CA9,primary,CHEMBL3594,Carbonic anhydrase 9,Homo sapiens,CHEMBL149463,CC(=O)c1cc2ccccc2oc1=O,CSPIFKKOBWYOEX-UHFFFAOYSA-N,Ki,Ki,6.82,10.1016/j.ejmech.2018.01.033,2018,18390756
CA9_HUMAN_KI,Human CA9,primary,CHEMBL3594,Carbonic anhydrase 9,Homo sapiens,CHEMBL4869248,COc1ccc2cc(S(N)(=O)=O)c(=O)oc2c1,XVISITFDMZIESK-UHFFFAOYSA-N,Ki,Ki,7.39,10.1016/j.ejmech.2021.113589,2021,23232453
CA9_HUMAN_KI,Human CA9,primary,CHEMBL3594,Carbonic anhydrase 9,Homo sapiens,CHEMBL5523449,CCOc1cccc2cc(/C(C)=N/Nc3nc(-c4ccc(OC)cc4)cs3)c(=O)oc12,MSDOAYTYSQZZOO-AFUMVMLFSA-N,Ki,Ki,5.43,10.1021/acs.jmedchem.4c00239,2024,25859094
CA9_HUMAN_KI,Human CA9,primary,CHEMBL3594,Carbonic anhydrase 9,Homo sapiens,CHEMBL4760259,O=C(/C=C/c1ccc(Cl)cc1)Nc1ccc2oc(=O)ccc2c1,SQCPGWSIAPLGCL-YCRREMRBSA-N,Ki,Ki,7.05,10.1016/j.bmc.2020.115586,2020,22879406
CA9_HUMAN_KI,Human CA9,primary,CHEMBL3594,Carbonic anhydrase 9,Homo sapiens,CHEMBL4796382,COc1ccc(CSc2nnc(COc3ccc4c(C)cc(=O)oc4c3)o2)cc1,FNFOVWUPMKDVAC-UHFFFAOYSA-N,Ki,Ki,5.63,10.1016/j.bmcl.2021.127877,2021,22933536
CA9_HUMAN_KI,Human CA9,primary,CHEMBL3594,Carbonic anhydrase 9,Homo sapiens,CHEMBL4796382,COc1ccc(CSc2nnc(COc3ccc4c(C)cc(=O)oc4c3)o2)cc1,FNFOVWUPMKDVAC-UHFFFAOYSA-N,Ki,Ki,5.63,10.1039/d3md00511a,2024,25605883
CA9_HUMAN_KI,Human CA9,primary,CHEMBL3594,Carbonic anhydrase 9,Homo sapiens,CHEMBL4796382,COc1ccc(CSc2nnc(COc3ccc4c(C)cc(=O)oc4c3)o2)cc1,FNFOVWUPMKDVAC-UHFFFAOYSA-N,Ki,Ki,5.63,10.1016/j.ejmech.2024.116170,2024,25873142
CA9_HUMAN_KI,Human CA9,primary,CHEMBL3594,Carbonic anhydrase 9,Homo sapiens,CHEMBL4167207,O=c1oc2ccccc2c2nn(-c3ccccc3)cc12,KYVVRESLPBHEMZ-UHFFFAOYSA-N,Ki,Ki,7.42,10.1016/j.ejmech.2018.01.033,2018,18390720
CA9_HUMAN_KI,Human CA9,primary,CHEMBL3594,Carbonic anhydrase 9,Homo sapiens,CHEMBL3986431,O=C(Nc1ccccc1C(=O)Nc1ccc2c(C(F)(F)F)cc(=O)oc2c1)c1ccccc1,IBJCPUNZZKQQPS-UHFFFAOYSA-N,Ki,Ki,7.96,10.1016/j.bmc.2016.11.039,2017,16828494
CA9_HUMAN_KI,Human CA9,primary,CHEMBL3594,Carbonic anhydrase 9,Homo sapiens,CHEMBL4583269,NS(=O)(=O)c1ccc(C/N=C/c2cccc(OCc3cn(CCCOc4ccc5ccc(=O)oc5c4)nn3)c2)cc1,DAXYHRMMXOEEIK-FDAWAROLSA-N,Ki,Ki,6.02,10.1016/j.ejmech.2019.111702,2019,18889637
CA9_HUMAN_KI,Human CA9,primary,CHEMBL3594,Carbonic anhydrase 9,Homo sapiens,CHEMBL5561433,CCOc1cccc2cc(/C(C)=N/Nc3nc(-c4cc5ccc(OC)cc5oc4=O)cs3)c(=O)oc12,CABSZTHBCGIJHC-CCVNUDIWSA-N,Ki,Ki,5.06,10.1021/acs.jmedchem.4c00239,2024,25859103
CA9_HUMAN_KI,Human CA9,primary,CHEMBL3594,Carbonic anhydrase 9,Homo sapiens,CHEMBL4442992,Cc1cc(=O)oc2cc(OCc3cn(CCCCCCCCCCOc4ccc5ccc(=O)oc5c4)nn3)ccc12,NWGYXMLOFWWVMV-UHFFFAOYSA-N,Ki,Ki,6.79,10.1016/j.ejmech.2024.116179,2024,25873428
CA9_HUMAN_KI,Human CA9,primary,CHEMBL3594,Carbonic anhydrase 9,Homo sapiens,CHEMBL4744108,O=c1cc(CN2CCN(Cc3ccccc3)CC2)c2ccc(OCc3cccc(Cl)c3)cc2o1,BFWBQVYSRBUWIF-UHFFFAOYSA-N,Ki,Ki,5.34,10.1016/j.bmcl.2021.127877,2021,22933528
CA9_HUMAN_KI,Human CA9,primary,CHEMBL3594,Carbonic anhydrase 9,Homo sapiens,CHEMBL4524609,CCN(CC)c1ccc(/C=N/Cc2ccc(S(N)(=O)=O)cc2)c(OCc2cn(CCCOc3ccc4ccc(=O)oc4c3)nn2)c1,JKHMCIQJYKBOAR-XICOUIIWSA-N,Ki,Ki,5.66,10.1016/j.ejmech.2019.111702,2019,18889634
CA9_HUMAN_KI,Human CA9,primary,CHEMBL3594,Carbonic anhydrase 9,Homo sapiens,CHEMBL4456509,NS(=O)(=O)c1ccc(C/N=C/c2ccccc2OCc2cn(CCCOc3ccc4ccc(=O)oc4c3)nn2)cc1,JWBAMUHYRVTJPB-FDAWAROLSA-N,Ki,Ki,6.73,10.1016/j.ejmech.2019.111702,2019,18889638
CA9_HUMAN_KI,Human CA9,primary,CHEMBL3594,Carbonic anhydrase 9,Homo sapiens,CHEMBL4443546,COc1cccc(C=O)c1OCc1cn(CCCOc2ccc3ccc(=O)oc3c2)nn1,QDPVNCKQVAYUAJ-UHFFFAOYSA-N,Ki,Ki,5.93,10.1016/j.ejmech.2019.111702,2019,18889644
CA9_HUMAN_KI,Human CA9,primary,CHEMBL3594,Carbonic anhydrase 9,Homo sapiens,CHEMBL1543423,O=C(CS(=O)(=O)c1ccccc1)c1cc2ccccc2oc1=O,SOAMCCSEKSKSMW-UHFFFAOYSA-N,Ki,Ki,7.38,10.1016/j.ejmech.2020.112897,2021,22802344
CA9_HUMAN_KI,Human CA9,primary,CHEMBL3594,Carbonic anhydrase 9,Homo sapiens,CHEMBL4174424,Cc1c2c(=O)oc3ccc([N+](=O)[O-])cc3c2nn1-c1ccccc1,OWBAXBOGFXPYNV-UHFFFAOYSA-N,Ki,Ki,7.45,10.1016/j.ejmech.2018.01.033,2018,18390723
CA9_HUMAN_KI,Human CA9,primary,CHEMBL3594,Carbonic anhydrase 9,Homo sapiens,CHEMBL3262900,O=C(Oc1cc2ccc(=O)oc2cc1OC(=O)c1ccccc1)c1ccccc1,QBDISGMDJVZAKB-UHFFFAOYSA-N,Ki,Ki,7.42,10.1016/j.ejmech.2017.11.061,2018,18367324
CA9_HUMAN_KI,Human CA9,primary,CHEMBL3594,Carbonic anhydrase 9,Homo sapiens,CHEMBL2334350,COc1c2c(c(OC)c3oc(=O)ccc13)OC(C)(C)C=C2,QZUNAFWZEXJWGD-UHFFFAOYSA-N,Ki,Ki,6.07,10.1016/j.bmc.2012.07.021,2013,12667875
CA9_HUMAN_KI,Human CA9,primary,CHEMBL3594,Carbonic anhydrase 9,Homo sapiens,CHEMBL2334004,C=C(C)/C=C/c1c(OC)c2c(c3ccc(=O)oc13)OC(C)(C)C=C2,AKGXRWOSGJLLNQ-VOTSOKGWSA-N,Ki,Ki,6.21,10.1016/j.bmc.2012.07.021,2013,12667892
CA9_HUMAN_KI,Human CA9,primary,CHEMBL3594,Carbonic anhydrase 9,Homo sapiens,CHEMBL2334355,COc1ccc(-c2c3n(c4c(=O)oc5cc(O)c(OC)cc5c24)CCc2c-3cc(OC)c(OC)c2O)cc1O,JAYUXAMNSNMXCO-UHFFFAOYSA-N,Ki,Ki,5.49,10.1016/j.bmc.2012.07.021,2013,12667868
CA9_HUMAN_KI,Human CA9,primary,CHEMBL3594,Carbonic anhydrase 9,Homo sapiens,CHEMBL2273029,CC(=O)Oc1ccc2oc(=O)ccc2c1,YJFWQQFBOFHFLX-UHFFFAOYSA-N,Ki,Ki,7.64,10.1016/j.ejmech.2017.11.061,2018,18367322
CA9_HUMAN_KI,Human CA9,primary,CHEMBL3594,Carbonic anhydrase 9,Homo sapiens,CHEMBL1098016,COc1ccc2ccc(=O)oc2c1C(C=O)=C(C)C,PBAZKMWQUBDDLZ-UHFFFAOYSA-N,Ki,Ki,5.09,10.1016/j.bmc.2012.07.021,2013,12667817
CA9_HUMAN_KI,Human CA9,primary,CHEMBL3594,Carbonic anhydrase 9,Homo sapiens,CHEMBL3806054,NS(=O)(=O)c1ccc(-n2cc(/C=N\Nc3nc(-c4cc5cc(Cl)ccc5oc4=O)cs3)c(-c3ccc(F)cc3)n2)cc1,DZBVDRPPHDRLKJ-VKVKMMGJSA-N,Ki,Ki,8.6,10.1016/j.bmc.2016.04.052,2016,16587763
CA9_HUMAN_KI,Human CA9,primary,CHEMBL3594,Carbonic anhydrase 9,Homo sapiens,CHEMBL4096350,CC(C(=O)NCCOc1ccc2oc(=O)ccc2c1)c1ccc(-c2ccccc2)c(F)c1,RDCNYQNKGWIHTR-UHFFFAOYSA-N,Ki,Ki,7.63,10.1016/j.ejmech.2024.116170,2024,25873071
CA9_HUMAN_KI,Human CA9,primary,CHEMBL3594,Carbonic anhydrase 9,Homo sapiens,CHEMBL4096350,CC(C(=O)NCCOc1ccc2oc(=O)ccc2c1)c1ccc(-c2ccccc2)c(F)c1,RDCNYQNKGWIHTR-UHFFFAOYSA-N,Ki,Ki,7.63,10.1021/acs.jmedchem.6b01607,2017,17956062
CA9_HUMAN_KI,Human CA9,primary,CHEMBL3594,Carbonic anhydrase 9,Homo sapiens,CHEMBL5555276,COc1ccc(NC(=S)Nc2ccc3oc(=O)ccc3c2)cc1,VCFBPXNYIFIBAQ-UHFFFAOYSA-N,Ki,Ki,7.11,10.1016/j.ejmech.2024.116170,2024,25873143
CA9_HUMAN_KI,Human CA9,primary,CHEMBL3594,Carbonic anhydrase 9,Homo sapiens,CHEMBL2048083,CC(=O)c1c(O)c2ccccc2oc1=O,UTZHUXAPJIBIBQ-UHFFFAOYSA-N,Ki,Ki,7.45,10.1016/j.ejmech.2018.01.033,2018,18390752
CA9_HUMAN_KI,Human CA9,primary,CHEMBL3594,Carbonic anhydrase 9,Homo sapiens,CHEMBL5565590,NS(=O)(=O)c1ccc(CN/C=C/C(=O)/C=C/c2cc3ccccc3oc2=O)cc1,KTBNDQCZXDKUFN-NJHWEWLZSA-N,Ki,Ki,8.05,10.1016/j.ejmech.2024.116170,2024,25873070
CA9_HUMAN_KI,Human CA9,primary,CHEMBL3594,Carbonic anhydrase 9,Homo sapiens,CHEMBL1288535,CCC(=O)c1cc2ccc(=O)oc2cc1O,GJOCMGDMAGUOKE-UHFFFAOYSA-N,Ki,Ki,5.1,10.1016/j.bmcl.2010.10.094,2010,3605378
CA9_HUMAN_KI,Human CA9,primary,CHEMBL3594,Carbonic anhydrase 9,Homo sapiens,CHEMBL4160467,Cc1c(CC(=O)O)c(=O)oc2cc3occ(-c4ccc(Cl)cc4)c3cc12,INLNWRRUOASIJX-UHFFFAOYSA-N,Ki,Ki,7.02,10.1021/acsmedchemlett.8b00170,2018,18407528
CA9_HUMAN_KI,Human CA9,primary,CHEMBL3594,Carbonic anhydrase 9,Homo sapiens,CHEMBL4171312,O=c1cc(-c2ccc(Cl)cc2)c2ccc(O)cc2o1,KGFVYJVAJZNLDQ-UHFFFAOYSA-N,Ki,Ki,7.5,10.1016/j.ejmech.2017.11.061,2018,18367330
CA9_HUMAN_KI,Human CA9,primary,CHEMBL3594,Carbonic anhydrase 9,Homo sapiens,CHEMBL3956977,Cc1cc(=O)oc2cc(NC(=O)c3ccccc3NC(=O)c3ccc(F)cc3)ccc12,PLYPCRQXNLIJDU-UHFFFAOYSA-N,Ki,Ki,7.82,10.1016/j.bmc.2016.11.039,2017,16828495
CA9_HUMAN_KI,Human CA9,primary,CHEMBL3594,Carbonic anhydrase 9,Homo sapiens,CHEMBL4590079,COc1cccc(/C=N/Cc2ccc(S(N)(=O)=O)cc2)c1OCc1cn(CCCOc2ccc3ccc(=O)oc3c2)nn1,OSYVHKWXSHKCNF-KCSSXMTESA-N,Ki,Ki,5.83,10.1016/j.ejmech.2019.111702,2019,18889635
CA9_HUMAN_KI,Human CA9,primary,CHEMBL3594,Carbonic anhydrase 9,Homo sapiens,CHEMBL5568260,CCOc1cccc2cc(/C(C)=N/Nc3nc(-c4ccc(-c5ccccc5)cc4)cs3)c(=O)oc12,ZOJSQRGNAWLXNW-UXHLAJHPSA-N,Ki,Ki,5.16,10.1021/acs.jmedchem.4c00239,2024,25859098
CA9_HUMAN_KI,Human CA9,primary,CHEMBL3594,Carbonic anhydrase 9,Homo sapiens,CHEMBL5542863,CCOc1cccc2cc(/C(C)=N/Nc3nc(-c4ccc(Cl)cc4)cs3)c(=O)oc12,VPUJASNZEIXDCM-DHRITJCHSA-N,Ki,Ki,5.21,10.1021/acs.jmedchem.4c00239,2024,25859096
CA9_HUMAN_KI,Human CA9,primary,CHEMBL3594,Carbonic anhydrase 9,Homo sapiens,CHEMBL5558132,COc1cc(C(=O)NNc2nc(-c3cc4ccccc4oc3=O)cs2)cc(OC)c1OC,QEEDUMPROBPDTE-UHFFFAOYSA-N,Ki,Ki,6.38,10.1016/j.ejmech.2024.116179,2024,25873452
CA9_HUMAN_KI,Human CA9,primary,CHEMBL3594,Carbonic anhydrase 9,Homo sapiens,CHEMBL5532036,Cc1cccc(N2C(=O)CSC2c2cn(-c3ccccc3)nc2-c2cc3ccccc3oc2=O)c1,LEWXJARBUCSXAX-UHFFFAOYSA-N,Ki,Ki,7.21,10.1016/j.ejmech.2024.116170,2024,25873072
CA9_HUMAN_KI,Human CA9,primary,CHEMBL3594,Carbonic anhydrase 9,Homo sapiens,CHEMBL3623671,O=C(O)c1ccc(-n2cc(COc3ccc4ccc(=O)oc4c3)nn2)cc1,BTZBYLGUPBBXFY-UHFFFAOYSA-N,Ki,Ki,7.54,10.1016/j.bmc.2015.09.041,2015,15744016
CA9_HUMAN_KI,Human CA9,primary,CHEMBL3594,Carbonic anhydrase 9,Homo sapiens,CHEMBL567544,O=c1ccc2ccc(CCc3ccccc3)cc2o1,FQWWPSNGCTYUHH-UHFFFAOYSA-N,Ki,Ki,5.24,10.1021/jm901287j,2010,2997057
CA9_HUMAN_KI,Human CA9,primary,CHEMBL3594,Carbonic anhydrase 9,Homo sapiens,CHEMBL390320,COc1cc2oc(=O)ccc2cc1O,SYTYLPHCLSSCOJ-UHFFFAOYSA-N,Ki,Ki,5.13,10.1016/j.bmc.2012.07.021,2013,12667831
CA9_HUMAN_KI,Human CA9,primary,CHEMBL3594,Carbonic anhydrase 9,Homo sapiens,CHEMBL4782231,O=C(N/N=C(\CS(=O)(=O)c1ccccc1)c1cc2cc(Br)ccc2oc1=O)c1ccccc1,CJCXHHZSVWOQOR-YYADALCUSA-N,Ki,Ki,5.05,10.1016/j.ejmech.2020.112897,2021,22802353
CA9_HUMAN_KI,Human CA9,primary,CHEMBL3594,Carbonic anhydrase 9,Homo sapiens,CHEMBL5523396,COc1cc(OC)cc(C(=O)NNc2nc(-c3cc4ccccc4oc3=O)cs2)c1,LKGSFQYYLQQZOC-UHFFFAOYSA-N,Ki,Ki,6.38,10.1016/j.ejmech.2024.116179,2024,25873451
CA9_HUMAN_KI,Human CA9,primary,CHEMBL3594,Carbonic anhydrase 9,Homo sapiens,CHEMBL4757941,COc1ccc(/C=C/C(=O)Nc2ccc3oc(=O)ccc3c2)c(OC)c1,XCRXUPCYACFMAW-RUDMXATFSA-N,Ki,Ki,7.06,10.1016/j.bmc.2020.115586,2020,22879403
CA9_HUMAN_KI,Human CA9,primary,CHEMBL3594,Carbonic anhydrase 9,Homo sapiens,CHEMBL4542923,Cc1cc(=O)oc2cc(OCc3cn(CCCCCCCCCCCCOc4ccc5ccc(=O)oc5c4)nn3)ccc12,WSQKHXZSFHRPGL-UHFFFAOYSA-N,Ki,Ki,6.84,10.1016/j.ejmech.2024.116179,2024,25873429
CA9_HUMAN_KI,Human CA9,primary,CHEMBL3594,Carbonic anhydrase 9,Homo sapiens,CHEMBL4542923,Cc1cc(=O)oc2cc(OCc3cn(CCCCCCCCCCCCOc4ccc5ccc(=O)oc5c4)nn3)ccc12,WSQKHXZSFHRPGL-UHFFFAOYSA-N,Ki,Ki,6.84,10.1016/j.ejmech.2024.116170,2024,25873141
CA9_HUMAN_KI,Human CA9,primary,CHEMBL3594,Carbonic anhydrase 9,Homo sapiens,CHEMBL4778031,COc1ccc(/C=C/C(=O)Nc2ccc3oc(=O)ccc3c2)cc1OC,VTURXSGSWBEJIN-RUDMXATFSA-N,Ki,Ki,6.49,10.1016/j.bmc.2020.115586,2020,22879404
CA9_HUMAN_KI,Human CA9,primary,CHEMBL3594,Carbonic anhydrase 9,Homo sapiens,CHEMBL1938471,Cc1cc(=O)oc2cc(O[C@@H]3OC[C@@H](O)[C@H](O)[C@H]3O)ccc12,JWIYLOHVJDJZOQ-KAOXEZKKSA-N,Ki,Ki,6.46,10.1021/jm200983e,2011,8008412
CA9_HUMAN_KI,Human CA9,primary,CHEMBL3594,Carbonic anhydrase 9,Homo sapiens,CHEMBL5219785,COc1cc(/C=C/C(=O)OCCCN(CCCCCOC(=O)c2cc(OC)c(OC)c(OC)c2)CCCOc2ccc3ccc(=O)oc3c2)cc(OC)c1OC,URGNXXNXXKALNJ-FOWTUZBSSA-N,Ki,Ki,7.23,10.1021/acs.jmedchem.2c01175,2022,24968761
CA9_HUMAN_KI,Human CA9,primary,CHEMBL3594,Carbonic anhydrase 9,Homo sapiens,CHEMBL3623673,Cc1cc(=O)oc2cc(-n3cc(COc4ccc5ccc(=O)oc5c4)nn3)ccc12,YHJCJMURBWECJQ-UHFFFAOYSA-N,Ki,Ki,7.64,10.1016/j.bmc.2015.09.041,2015,15744018
CA9_HUMAN_KI,Human CA9,primary,CHEMBL3594,Carbonic anhydrase 9,Homo sapiens,CHEMBL4644661,Cc1cn([C@H]2C[C@H](n3cc(COc4ccc5ccc(=O)oc5c4)nn3)[C@@H](CO)O2)c(=O)[nH]c1=O,HHWXKVDESUCOTK-QXAKKESOSA-N,Ki,Ki,5.31,10.1021/acs.jmedchem.0c00636,2020,20639289
CA9_HUMAN_KI,Human CA9,primary,CHEMBL3594,Carbonic anhydrase 9,Homo sapiens,CHEMBL5219081,COc1cc(/C=C/C(=O)OCCCCCN(CCCOC(=O)/C=C/c2cc(OC)c(OC)c(OC)c2)CCCOc2ccc3ccc(=O)oc3c2)cc(OC)c1OC,LBKQDINTLRPUPJ-PWDIZTEBSA-N,Ki,Ki,7.4,10.1021/acs.jmedchem.2c01175,2022,24968758
CA9_HUMAN_KI,Human CA9,primary,CHEMBL3594,Carbonic anhydrase 9,Homo sapiens,CHEMBL5564961,C=CCN1CCN(Cc2c(O)ccc3c(C)cc(=O)oc23)CC1,HGTOYVIQASPNAA-UHFFFAOYSA-N,Ki,Ki,7.57,10.1016/j.ejmech.2024.116170,2024,25873069
CA9_HUMAN_KI,Human CA9,primary,CHEMBL3594,Carbonic anhydrase 9,Homo sapiens,CHEMBL3623676,Cc1cc(=O)oc2cc(-n3cc(CNc4ccccc4)nn3)ccc12,SFUZCYOWOKPQLY-UHFFFAOYSA-N,Ki,Ki,7.46,10.1016/j.bmc.2015.09.041,2015,15744021
CA9_HUMAN_KI,Human CA9,primary,CHEMBL3594,Carbonic anhydrase 9,Homo sapiens,CHEMBL3896854,O=C(Nc1ccccc1C(=O)Nc1ccc2c(C(F)(F)F)cc(=O)oc2c1)c1ccc(F)cc1,QSDYUKWZTCFDHL-UHFFFAOYSA-N,Ki,Ki,7.7,10.1016/j.bmc.2016.11.039,2017,16828492
CA9_HUMAN_KI,Human CA9,primary,CHEMBL3594,Carbonic anhydrase 9,Homo sapiens,CHEMBL5567411,O=C(NNc1nc(-c2cc3ccccc3oc2=O)cs1)c1ccc(O)cc1,CJXKWTHRDQZHFM-UHFFFAOYSA-N,Ki,Ki,6.38,10.1016/j.ejmech.2024.116179,2024,25873445
CA9_HUMAN_KI,Human CA9,primary,CHEMBL3594,Carbonic anhydrase 9,Homo sapiens,CHEMBL5220522,COc1cc(C(=O)OCCCN(CCCCCCCOC(=O)c2c3ccccc3cc3ccccc23)CCCOc2ccc3ccc(=O)oc3c2)cc(OC)c1OC,IYWBMSPXEMELIF-UHFFFAOYSA-N,Ki,Ki,7.38,10.1021/acs.jmedchem.2c01175,2022,24968783
CA9_HUMAN_KI,Human CA9,primary,CHEMBL3594,Carbonic anhydrase 9,Homo sapiens,CHEMBL5597877,O=C(NCCOc1ccc2oc(=O)ccc2c1)c1ccc2c(c1)no[n+]2[O-],FWYNAXQQSCXUKQ-UHFFFAOYSA-N,Ki,Ki,7.63,10.1021/acs.jmedchem.4c01563,2024,26051227
CA9_HUMAN_KI,Human CA9,primary,CHEMBL3594,Carbonic anhydrase 9,Homo sapiens,CHEMBL4856438,Cc1cc(C)c2cc(S(N)(=O)=O)c(=O)oc2c1,MOMXKWCHBTUKSK-UHFFFAOYSA-N,Ki,Ki,6.08,10.1016/j.ejmech.2021.113589,2021,23232444
CA9_HUMAN_KI,Human CA9,primary,CHEMBL3594,Carbonic anhydrase 9,Homo sapiens,CHEMBL5566547,O=C(NNc1nc(-c2cc3ccccc3oc2=O)cs1)c1ccc(I)cc1,LSSYSOLUHBGKCD-UHFFFAOYSA-N,Ki,Ki,6.38,10.1016/j.ejmech.2024.116179,2024,25873444
CA9_HUMAN_KI,Human CA9,primary,CHEMBL3594,Carbonic anhydrase 9,Homo sapiens,CHEMBL1393422,Cc1cc(=O)oc2cc(O[C@@H]3O[C@H](CO)[C@H](O)[C@H](O)[C@H]3O)ccc12,YUDPTGPSBJVHCN-DZQJYWQESA-N,Ki,Ki,7.03,10.1021/jm200983e,2011,8007622
CA9_HUMAN_KI,Human CA9,primary,CHEMBL3594,Carbonic anhydrase 9,Homo sapiens,CHEMBL5567169,CC(=O)c1ccc(-c2cc3ccccc3oc2=O)nc1C,LUHQMEIHDMZVBJ-UHFFFAOYSA-N,Ki,Ki,6.2,10.1016/j.ejmech.2024.116170,2024,25873147
CA9_HUMAN_KI,Human CA9,primary,CHEMBL3594,Carbonic anhydrase 9,Homo sapiens,CHEMBL12567,COc1ccc2c(C(=O)O)cc(=O)oc2c1,IHHLDCASADSHEG-UHFFFAOYSA-N,Ki,Ki,5.39,10.1021/jm901287j,2010,2997056
CA9_HUMAN_KI,Human CA9,primary,CHEMBL3594,Carbonic anhydrase 9,Homo sapiens,CHEMBL4175059,CC(=O)c1cc2ccc(Cl)cc2oc1=O,NLCSZBMHKPLFFJ-UHFFFAOYSA-N,Ki,Ki,6.09,10.1016/j.ejmech.2018.01.033,2018,18390754
CA9_HUMAN_KI,Human CA9,primary,CHEMBL3594,Carbonic anhydrase 9,Homo sapiens,CHEMBL2402698,O=c1oc2ccccc2c2c1cnn2-c1ccccc1,FCEYJZUAYRXKOS-UHFFFAOYSA-N,Ki,Ki,7.52,10.1016/j.ejmech.2018.01.033,2018,18390726
CA9_HUMAN_KI,Human CA9,primary,CHEMBL3594,Carbonic anhydrase 9,Homo sapiens,CHEMBL4172425,Cc1ccc(-c2cc(=O)oc3cc(O)ccc23)cc1,JAGFPSIPGFTGJB-UHFFFAOYSA-N,Ki,Ki,7.45,10.1016/j.ejmech.2017.11.061,2018,18367333
CA9_HUMAN_KI,Human CA9,primary,CHEMBL3594,Carbonic anhydrase 9,Homo sapiens,CHEMBL4172760,Cc1c(O)ccc2c(-c3ccc(N)cc3)cc(=O)oc12,IAYMSIFYZCOODA-UHFFFAOYSA-N,Ki,Ki,7.62,10.1016/j.ejmech.2017.11.061,2018,18367344
CA9_HUMAN_KI,Human CA9,primary,CHEMBL3594,Carbonic anhydrase 9,Homo sapiens,CHEMBL4168434,Cc1nn(Cc2ccccc2)c2c1c(=O)oc1ccccc12,UWMNUEZEGPCCCJ-UHFFFAOYSA-N,Ki,Ki,6.43,10.1016/j.ejmech.2018.01.033,2018,18390729
CA9_HUMAN_KI,Human CA9,primary,CHEMBL3594,Carbonic anhydrase 9,Homo sapiens,CHEMBL568516,CCCOc1ccc2ccc(=O)oc2c1,FCCCOTWGEKNZMI-UHFFFAOYSA-N,Ki,Ki,5.09,10.1021/jm901287j,2010,2997060
CA9_HUMAN_KI,Human CA9,primary,CHEMBL3594,Carbonic anhydrase 9,Homo sapiens,CHEMBL2334352,C=C(C)C(COC(=O)c1cccnc1)c1c(OC)ccc2ccc(=O)oc12,FACFRLQKTLEDNI-UHFFFAOYSA-N,Ki,Ki,6.17,10.1016/j.bmc.2012.07.021,2013,12667890
CA9_HUMAN_KI,Human CA9,primary,CHEMBL3594,Carbonic anhydrase 9,Homo sapiens,CHEMBL5597494,O=C(OCCCOc1ccc2ccc(=O)oc2c1)c1ccc2c(c1)no[n+]2[O-],KYHNYMBBVCCSKV-UHFFFAOYSA-N,Ki,Ki,7.44,10.1021/acs.jmedchem.4c01563,2024,26051233
CA9_HUMAN_KI,Human CA9,primary,CHEMBL3594,Carbonic anhydrase 9,Homo sapiens,CHEMBL5555730,CC(C)(O)[C@@H](O)COc1c2occc2cc2ccc(=O)oc12,FOINLJRVEBYARJ-NSHDSACASA-N,Ki,Ki,7.56,10.1016/j.ejmech.2024.116170,2024,25873122
CA9_HUMAN_KI,Human CA9,primary,CHEMBL3594,Carbonic anhydrase 9,Homo sapiens,CHEMBL5555730,CC(C)(O)[C@@H](O)COc1c2occc2cc2ccc(=O)oc12,FOINLJRVEBYARJ-NSHDSACASA-N,Ki,Ki,7.56,10.1016/j.ejmech.2024.116170,2024,25873137
CA9_HUMAN_KI,Human CA9,primary,CHEMBL3594,Carbonic anhydrase 9,Homo sapiens,CHEMBL4164656,Cc1nn(-c2ccccc2)c2c1c(=O)oc1cc(Cl)ccc12,UTSIKBYTCMVQGW-UHFFFAOYSA-N,Ki,Ki,7.24,10.1016/j.ejmech.2018.01.033,2018,18390739
CA9_HUMAN_KI,Human CA9,primary,CHEMBL3594,Carbonic anhydrase 9,Homo sapiens,CHEMBL4168090,Cc1nn(-c2ccc(C(=O)O)cc2)c2c1c(=O)oc1ccccc12,YYHWWPGUGBLOMA-UHFFFAOYSA-N,Ki,Ki,5.71,10.1016/j.ejmech.2018.01.033,2018,18390741
CA9_HUMAN_KI,Human CA9,primary,CHEMBL3594,Carbonic anhydrase 9,Homo sapiens,CHEMBL4160386,Cc1c2c(=O)oc3ccc(Br)cc3c2nn1-c1ccccc1,GQPFYLKQKXBNKL-UHFFFAOYSA-N,Ki,Ki,7.6,10.1016/j.ejmech.2018.01.033,2018,18390724
CA9_HUMAN_KI,Human CA9,primary,CHEMBL3594,Carbonic anhydrase 9,Homo sapiens,CHEMBL4161002,COc1c(C(C)=O)c(=O)oc2ccccc12,SZQRXXBHMPVWBZ-UHFFFAOYSA-N,Ki,Ki,7.55,10.1016/j.ejmech.2018.01.033,2018,18390749
CA9_HUMAN_KI,Human CA9,primary,CHEMBL3594,Carbonic anhydrase 9,Homo sapiens,CHEMBL5560480,CCc1c(OCC(=O)c2ccccc2)ccc2c(C)c(CC(=O)OC)c(=O)oc12,AEXILTDQCHBMKL-UHFFFAOYSA-N,Ki,Ki,6.87,10.1016/j.ejmech.2024.116170,2024,25873139
CA9_HUMAN_KI,Human CA9,primary,CHEMBL3594,Carbonic anhydrase 9,Homo sapiens,CHEMBL4172537,Cc1nn(-c2ccccc2)c2c1c(=O)oc1ccc([N+](=O)[O-])cc12,ZPWWLPUPOAKDSB-UHFFFAOYSA-N,Ki,Ki,7.57,10.1016/j.ejmech.2018.01.033,2018,18390738
CA9_HUMAN_KI,Human CA9,primary,CHEMBL3594,Carbonic anhydrase 9,Homo sapiens,CHEMBL4176638,COC(=O)Cc1c(C)c2ccc(OCC(=O)c3ccc(F)cc3)cc2oc1=O,GLKXOBLAWHPBQC-UHFFFAOYSA-N,Ki,Ki,7.07,10.1021/acsmedchemlett.8b00170,2018,18407529
CA9_HUMAN_KI,Human CA9,primary,CHEMBL3594,Carbonic anhydrase 9,Homo sapiens,CHEMBL4750666,COc1ccc(N2CCN(Cc3cc(=O)oc4cc(OCc5cccc(Cl)c5)ccc34)CC2)cc1,NGWJIKSRKHNZLF-UHFFFAOYSA-N,Ki,Ki,5.14,10.1016/j.bmcl.2021.127877,2021,22933519
CA9_HUMAN_KI,Human CA9,primary,CHEMBL3594,Carbonic anhydrase 9,Homo sapiens,CHEMBL4781169,COc1ccc(N2CCN(Cc3cc(=O)oc4cc(OCc5ccccc5)ccc34)CC2)cc1,UAEWHFJNUIAMSI-UHFFFAOYSA-N,Ki,Ki,5.26,10.1016/j.bmcl.2021.127877,2021,22933516
CA9_HUMAN_KI,Human CA9,primary,CHEMBL3594,Carbonic anhydrase 9,Homo sapiens,CHEMBL3623664,O=c1ccc2ccc(OCc3cn(-c4cccc(F)c4)nn3)cc2o1,FPAYGZSFDMDGQX-UHFFFAOYSA-N,Ki,Ki,7.6,10.1016/j.bmc.2015.09.041,2015,15744009
CA9_HUMAN_KI,Human CA9,primary,CHEMBL3594,Carbonic anhydrase 9,Homo sapiens,CHEMBL1288621,CCC(=O)c1c(OC)ccc2ccc(=O)oc12,XQJPTVQKFUWDCL-UHFFFAOYSA-N,Ki,Ki,7.42,10.1016/j.bmcl.2010.10.094,2010,3605354
CA9_HUMAN_KI,Human CA9,primary,CHEMBL3594,Carbonic anhydrase 9,Homo sapiens,CHEMBL1288560,CCCOc1cc2oc(=O)ccc2cc1C(C)=O,VIKCPCBUFQJHPC-UHFFFAOYSA-N,Ki,Ki,5.12,10.1016/j.bmcl.2010.10.094,2010,3605376
CA9_HUMAN_KI,Human CA9,primary,CHEMBL3594,Carbonic anhydrase 9,Homo sapiens,CHEMBL4776848,Cc1cc(=O)oc2cc(NC(=O)Cn3cc(F)c(=O)[nH]c3=O)ccc12,HNENAVXBRJIOOI-UHFFFAOYSA-N,Ki,Ki,7.78,10.1016/j.ejmech.2020.112112,2020,22957280
CA9_HUMAN_KI,Human CA9,primary,CHEMBL3594,Carbonic anhydrase 9,Homo sapiens,CHEMBL5220512,COc1cc(/C=C/C(=O)OCCCN(CCCCCOC(=O)c2c3ccccc3cc3ccccc23)CCCOc2ccc3ccc(=O)oc3c2)cc(OC)c1OC,OCDSGFDIGZDBPP-HEHNFIMWSA-N,Ki,Ki,6.98,10.1021/acs.jmedchem.2c01175,2022,24968764
CA9_HUMAN_KI,Human CA9,primary,CHEMBL3594,Carbonic anhydrase 9,Homo sapiens,CHEMBL5219238,COc1cc(C(=O)OCCCCCN(CCCOC(=O)c2cc(OC)c(OC)c(OC)c2)CCCOc2ccc3ccc(=O)oc3c2)cc(OC)c1OC,ISKFBHCVCONJQR-UHFFFAOYSA-N,Ki,Ki,7.39,10.1021/acs.jmedchem.2c01175,2022,24968762
CA9_HUMAN_KI,Human CA9,primary,CHEMBL3594,Carbonic anhydrase 9,Homo sapiens,CHEMBL489182,COc1ccc2c(CC(=O)Nc3cc(C(F)(F)F)c(S(N)(=O)=O)cc3S(N)(=O)=O)cc(=O)oc2c1,NFLMNEBPJVSVBV-UHFFFAOYSA-N,Ki,Ki,7.85,10.1016/j.bmc.2010.06.028,2010,3365796
CA9_HUMAN_KI,Human CA9,primary,CHEMBL3594,Carbonic anhydrase 9,Homo sapiens,CHEMBL487711,CC(=O)Oc1ccc2ccc(=O)oc2c1,MGZOXZPZHVOXQB-UHFFFAOYSA-N,Ki,Ki,7.4,10.1016/j.ejmech.2017.11.061,2018,18367320
CA9_HUMAN_KI,Human CA9,primary,CHEMBL3594,Carbonic anhydrase 9,Homo sapiens,CHEMBL4745286,Cc1cc(=O)oc2cc(NC(=O)/C=C/c3ccccc3OC(F)F)ccc12,CZGAFOKYCXXBRN-RMKNXTFCSA-N,Ki,Ki,6.31,10.1016/j.bmc.2020.115586,2020,22879417
CA9_HUMAN_KI,Human CA9,primary,CHEMBL3594,Carbonic anhydrase 9,Homo sapiens,CHEMBL244743,O=c1ccc2cc(O)c(O)cc2o1,ILEDWLMCKZNDJK-UHFFFAOYSA-N,Ki,Ki,7.44,10.1016/j.ejmech.2017.11.061,2018,18367318
CA9_HUMAN_KI,Human CA9,primary,CHEMBL3594,Carbonic anhydrase 9,Homo sapiens,CHEMBL198891,Cc1cc(=O)oc2cc(C(F)(F)S(N)(=O)=O)ccc12,BRYCUJLUILOXAI-UHFFFAOYSA-N,Ki,Ki,6.71,10.1016/j.bmcl.2005.08.102,2005,1656395
CA9_HUMAN_KI,Human CA9,primary,CHEMBL3594,Carbonic anhydrase 9,Homo sapiens,CHEMBL4460067,O=Cc1ccccc1OCc1cn(CCCOc2ccc3ccc(=O)oc3c2)nn1,GWUGLVXCZLBLLW-UHFFFAOYSA-N,Ki,Ki,7.21,10.1016/j.bmc.2021.116140,2021,23209355
CA9_HUMAN_KI,Human CA9,primary,CHEMBL3594,Carbonic anhydrase 9,Homo sapiens,CHEMBL4460067,O=Cc1ccccc1OCc1cn(CCCOc2ccc3ccc(=O)oc3c2)nn1,GWUGLVXCZLBLLW-UHFFFAOYSA-N,Ki,Ki,6.89,10.1016/j.ejmech.2019.111702,2019,18889647
CA9_HUMAN_KI,Human CA9,primary,CHEMBL3594,Carbonic anhydrase 9,Homo sapiens,CHEMBL5562045,O=C(CN1C(=O)S/C(=C\c2cccs2)C1=O)c1cc2ccccc2oc1=O,SUDHZNHUHNIFIK-SXGWCWSVSA-N,Ki,Ki,6.32,10.1021/acs.jmedchem.4c00239,2024,25859106
CA9_HUMAN_KI,Human CA9,primary,CHEMBL3594,Carbonic anhydrase 9,Homo sapiens,CHEMBL5542880,CCOc1cccc2cc(/C(C)=N/Nc3nc(-c4cc5cc(Br)ccc5oc4=O)cs3)c(=O)oc12,XIWSKCNMFSKKLS-XODNFHPESA-N,Ki,Ki,4.72,10.1021/acs.jmedchem.4c00239,2024,25859104
CA9_HUMAN_KI,Human CA9,primary,CHEMBL3594,Carbonic anhydrase 9,Homo sapiens,CHEMBL5527931,CCOc1cccc2cc(/C(C)=N/Nc3nc(-c4cc5cccc(OCC)c5oc4=O)cs3)c(=O)oc12,QWJKLATVCVNJRT-WKULSOCRSA-N,Ki,Ki,4.89,10.1021/acs.jmedchem.4c00239,2024,25859102
CA9_HUMAN_KI,Human CA9,primary,CHEMBL3594,Carbonic anhydrase 9,Homo sapiens,CHEMBL5561490,Cc1nc(-c2cc3ccccc3oc2=O)ccc1C(=O)/C=C/c1ccccc1,ZFBSIHRLEZLPOG-SDNWHVSQSA-N,Ki,Ki,5.82,10.1016/j.ejmech.2024.116170,2024,25873148
CA9_HUMAN_KI,Human CA9,primary,CHEMBL3594,Carbonic anhydrase 9,Homo sapiens,CHEMBL5562546,CCOc1cccc2cc(/C(C)=N/Nc3nc(-c4ccc([N+](=O)[O-])cc4)cs3)c(=O)oc12,QOKVMKKALUZDIV-ZMOGYAJESA-N,Ki,Ki,5.17,10.1021/acs.jmedchem.4c00239,2024,25859093
CA9_HUMAN_KI,Human CA9,primary,CHEMBL3594,Carbonic anhydrase 9,Homo sapiens,CHEMBL5542165,CCOc1cccc2cc(/C(C)=N/Nc3nc(-c4ccccc4)cs3)c(=O)oc12,XNNBLXAAOUZTQU-ZVHZXABRSA-N,Ki,Ki,5.46,10.1021/acs.jmedchem.4c00239,2024,25859091
CA9_HUMAN_KI,Human CA9,primary,CHEMBL3594,Carbonic anhydrase 9,Homo sapiens,CHEMBL1951641,CC(=O)Nc1ccc2c(C)cc(=O)oc2c1,AOVJSWHKUGNIDY-UHFFFAOYSA-N,Ki,Ki,6.41,10.1016/j.bmc.2012.02.014,2012,8060027
CA9_HUMAN_KI,Human CA9,primary,CHEMBL3594,Carbonic anhydrase 9,Homo sapiens,CHEMBL5220802,COc1cc(C(=O)OCCCN(CCCCCOC(=O)c2c3ccccc3cc3ccccc23)CCCOc2ccc3ccc(=O)oc3c2)cc(OC)c1OC,MMPHBAKNXPIONF-UHFFFAOYSA-N,Ki,Ki,7.03,10.1021/acs.jmedchem.2c01175,2022,24968765
CA9_HUMAN_KI,Human CA9,primary,CHEMBL3594,Carbonic anhydrase 9,Homo sapiens,CHEMBL4748050,O=C(/C=C/c1cccc(F)c1)Nc1ccc2oc(=O)ccc2c1,OXJBLRCFWGEKML-XBXARRHUSA-N,Ki,Ki,7.37,10.1016/j.bmc.2020.115586,2020,22879396
CA9_HUMAN_KI,Human CA9,primary,CHEMBL3594,Carbonic anhydrase 9,Homo sapiens,CHEMBL571514,CCCCOc1ccc2ccc(=O)oc2c1,BDOGTORASJEUBW-UHFFFAOYSA-N,Ki,Ki,5.31,10.1021/jm901287j,2010,2997059
CA9_HUMAN_KI,Human CA9,primary,CHEMBL3594,Carbonic anhydrase 9,Homo sapiens,CHEMBL4160871,Cc1c(CC(=O)Nc2ccc(S(N)(=O)=O)cc2)c(=O)oc2cc3occ(-c4ccccc4)c3cc12,AXWYLVUFOGDOPN-UHFFFAOYSA-N,Ki,Ki,7.78,10.1021/acsmedchemlett.8b00170,2018,18407559
CA9_HUMAN_KI,Human CA9,primary,CHEMBL3594,Carbonic anhydrase 9,Homo sapiens,CHEMBL4756105,C/C(=N\NC(=O)c1ccc(S(N)(=O)=O)cc1)c1cc2ccccc2oc1=O,VFJNXTKKJJKNJE-RGVLZGJSSA-N,Ki,Ki,7.5,10.1016/j.ejmech.2020.112897,2021,22802314
CA9_HUMAN_KI,Human CA9,primary,CHEMBL3594,Carbonic anhydrase 9,Homo sapiens,CHEMBL4763272,NS(=O)(=O)c1ccc(C(=O)N/N=C(\CS(=O)(=O)c2ccccc2)c2cc3ccccc3oc2=O)cc1,QWKJONKITDUSDD-YYADALCUSA-N,Ki,Ki,7.73,10.1016/j.ejmech.2020.112897,2021,22802320
CA9_HUMAN_KI,Human CA9,primary,CHEMBL3594,Carbonic anhydrase 9,Homo sapiens,CHEMBL2334351,COc1cc2ccc(=O)oc2c(O)c1OC,QNFBKOHHLAWWTC-UHFFFAOYSA-N,Ki,Ki,6.07,10.1016/j.bmc.2012.07.021,2013,12667877
CA9_HUMAN_KI,Human CA9,primary,CHEMBL3594,Carbonic anhydrase 9,Homo sapiens,CHEMBL150302,N#Cc1cc2ccc(O)cc2oc1=O,IJQYTHQDUDCJEQ-UHFFFAOYSA-N,Ki,Ki,6.62,10.1016/j.ejmech.2024.116170,2024,25873140
CA9_HUMAN_KI,Human CA9,primary,CHEMBL3594,Carbonic anhydrase 9,Homo sapiens,CHEMBL3806068,NS(=O)(=O)c1ccc(-n2cc(/C=N\Nc3nc(-c4cc5cc(Br)ccc5oc4=O)cs3)c(-c3ccc(Cl)cc3)n2)cc1,BPPBVRCZMIACBJ-VKVKMMGJSA-N,Ki,Ki,7.64,10.1016/j.bmc.2016.04.052,2016,16587767
CA9_HUMAN_KI,Human CA9,primary,CHEMBL3594,Carbonic anhydrase 9,Homo sapiens,CHEMBL3805886,NS(=O)(=O)c1ccc(-n2cc(/C=N\Nc3nc(-c4cc5cc(Cl)ccc5oc4=O)cs3)c(-c3ccc(Cl)cc3)n2)cc1,SHVVVMSMELBKDU-VKVKMMGJSA-N,Ki,Ki,7.55,10.1016/j.bmc.2016.04.052,2016,16587766
CA9_HUMAN_KI,Human CA9,primary,CHEMBL3594,Carbonic anhydrase 9,Homo sapiens,CHEMBL5220017,COc1cc(C(=O)OCCCN(CCCCCCOC(=O)c2c3ccccc3cc3ccccc23)CCCOc2ccc3ccc(=O)oc3c2)cc(OC)c1OC,VNORGXWIRIDDOM-UHFFFAOYSA-N,Ki,Ki,6.91,10.1021/acs.jmedchem.2c01175,2022,24968774
CA9_HUMAN_KI,Human CA9,primary,CHEMBL3594,Carbonic anhydrase 9,Homo sapiens,CHEMBL1957184,O=c1ccc2ccc(OCCO)cc2o1,VUUDXIAZPYKJIA-UHFFFAOYSA-N,Ki,Ki,6.04,10.1016/j.bmc.2012.02.014,2012,8060024
CA9_HUMAN_KI,Human CA9,primary,CHEMBL3594,Carbonic anhydrase 9,Homo sapiens,CHEMBL4160117,CNc1ccc2oc(=O)c3c(C)nn(-c4ccccc4)c3c2c1,MMWWPLMMAAYZND-UHFFFAOYSA-N,Ki,Ki,7.29,10.1016/j.ejmech.2018.01.033,2018,18390735
CA9_HUMAN_KI,Human CA9,primary,CHEMBL3594,Carbonic anhydrase 9,Homo sapiens,CHEMBL3804902,NS(=O)(=O)c1ccc(-n2cc(/C=N\Nc3nc(-c4cc5ccccc5oc4=O)cs3)c(-c3ccc(F)cc3)n2)cc1,BNGQCSKRVCUEIT-AQLQTECXSA-N,Ki,Ki,8.64,10.1016/j.bmc.2016.04.052,2016,16587762
CA9_HUMAN_KI,Human CA9,primary,CHEMBL3594,Carbonic anhydrase 9,Homo sapiens,CHEMBL3623663,O=c1ccc2ccc(OCc3cn(-c4ccccc4)nn3)cc2o1,LZILEQYIQFONPP-UHFFFAOYSA-N,Ki,Ki,8.1,10.1021/acs.jmedchem.5b01720,2016,16460604
CA9_HUMAN_KI,Human CA9,primary,CHEMBL3594,Carbonic anhydrase 9,Homo sapiens,CHEMBL3623663,O=c1ccc2ccc(OCc3cn(-c4ccccc4)nn3)cc2o1,LZILEQYIQFONPP-UHFFFAOYSA-N,Ki,Ki,7.61,10.1016/j.bmc.2015.09.041,2015,15744008
CA9_HUMAN_KI,Human CA9,primary,CHEMBL3594,Carbonic anhydrase 9,Homo sapiens,CHEMBL2331585,COc1c(O)ccc2ccc(=O)oc12,HAQWEMHXSIRYBE-UHFFFAOYSA-N,Ki,Ki,6.07,10.1016/j.bmc.2012.07.021,2013,12667876
CA9_HUMAN_KI,Human CA9,primary,CHEMBL3594,Carbonic anhydrase 9,Homo sapiens,CHEMBL5219651,COc1cc(C(=O)OCCCCCCN(CCCOC(=O)c2cc(OC)c(OC)c(OC)c2)CCCOc2ccc3ccc(=O)oc3c2)cc(OC)c1OC,IOPOLXYULUWSMW-UHFFFAOYSA-N,Ki,Ki,7.08,10.1021/acs.jmedchem.2c01175,2022,24968771
CA9_HUMAN_KI,Human CA9,primary,CHEMBL3594,Carbonic anhydrase 9,Homo sapiens,CHEMBL5563971,O=C(NNc1nc(-c2cc3ccccc3oc2=O)cs1)c1ccc(Cl)cc1,LGLFETKRYQIKOD-UHFFFAOYSA-N,Ki,Ki,6.38,10.1016/j.ejmech.2024.116179,2024,25873443
CA9_HUMAN_KI,Human CA9,primary,CHEMBL3594,Carbonic anhydrase 9,Homo sapiens,CHEMBL1819437,O=c1cc(-c2ccccc2F)c2ccc(O)cc2o1,CQRAPTBRUPCULU-UHFFFAOYSA-N,Ki,Ki,7.5,10.1016/j.ejmech.2017.11.061,2018,18367331
CA9_HUMAN_KI,Human CA9,primary,CHEMBL3594,Carbonic anhydrase 9,Homo sapiens,CHEMBL4435771,NS(=O)(=O)c1ccc(C/N=C/c2ccc(OCc3cn(CCCOc4ccc5ccc(=O)oc5c4)nn3)cc2)cc1,QOLWTSBRASONEJ-KBVAKVRCSA-N,Ki,Ki,6.77,10.1016/j.ejmech.2019.111702,2019,18889636
CA9_HUMAN_KI,Human CA9,primary,CHEMBL3594,Carbonic anhydrase 9,Homo sapiens,CHEMBL4175989,Cc1c(CC(=O)Nc2ccc(S(N)(=O)=O)cc2)c(=O)oc2cc3occ(-c4ccc(Cl)cc4)c3cc12,ILGXMOUJVRIKDT-UHFFFAOYSA-N,Ki,Ki,7.75,10.1021/acsmedchemlett.8b00170,2018,18407524
CA9_HUMAN_KI,Human CA9,primary,CHEMBL3594,Carbonic anhydrase 9,Homo sapiens,CHEMBL5561349,O=C(NNc1nc(-c2cc3ccccc3oc2=O)cs1)c1ccc(F)cc1,DQYCUUOPVODXPC-UHFFFAOYSA-N,Ki,Ki,6.38,10.1016/j.ejmech.2024.116179,2024,25873440
CA9_HUMAN_KI,Human CA9,primary,CHEMBL3594,Carbonic anhydrase 9,Homo sapiens,CHEMBL3805080,Cc1ccc(-c2nn(-c3ccc(S(N)(=O)=O)cc3)cc2/C=N\Nc2nc(-c3cc4ccccc4oc3=O)cs2)cc1,MZRQMAIBNDXWEQ-BVMLUPFRSA-N,Ki,Ki,7.54,10.1016/j.bmc.2016.04.052,2016,16587756
CA9_HUMAN_KI,Human CA9,primary,CHEMBL3594,Carbonic anhydrase 9,Homo sapiens,CHEMBL3623672,NS(=O)(=O)c1ccc(-n2cc(COc3ccc4ccc(=O)oc4c3)nn2)cc1,WIUDCHLBGORNGY-UHFFFAOYSA-N,Ki,Ki,7.84,10.1016/j.bmc.2015.09.041,2015,15744017
CA9_HUMAN_KI,Human CA9,primary,CHEMBL3594,Carbonic anhydrase 9,Homo sapiens,CHEMBL3354139,Cc1ccccc1S(=O)(=O)NC(=O)Nc1ccc2c(C)cc(=O)oc2c1,UXEFZRWOVYCBEB-UHFFFAOYSA-N,Ki,Ki,7.05,10.1021/jm501314c,2014,15083221
CA9_HUMAN_KI,Human CA9,primary,CHEMBL3594,Carbonic anhydrase 9,Homo sapiens,CHEMBL3623665,O=c1ccc2ccc(OCc3cn(-c4cccc(Cl)c4)nn3)cc2o1,MCWLIUONRNBVEQ-UHFFFAOYSA-N,Ki,Ki,7.51,10.1016/j.bmc.2015.09.041,2015,15744010
CA9_HUMAN_KI,Human CA9,primary,CHEMBL3594,Carbonic anhydrase 9,Homo sapiens,CHEMBL3805723,COc1ccc(-c2nn(-c3ccc(S(N)(=O)=O)cc3)cc2/C=N\Nc2nc(-c3cc4ccccc4oc3=O)cs2)cc1,XWDGSSYFCBMVEA-BVMLUPFRSA-N,Ki,Ki,7.67,10.1016/j.bmc.2016.04.052,2016,16587759
CA9_HUMAN_KI,Human CA9,primary,CHEMBL3594,Carbonic anhydrase 9,Homo sapiens,CHEMBL1995684,CC(CCOc1ccc2ccc(=O)oc2c1)C1=CC(=O)C(C)(C)O1,GXTVQAPXQFZGLW-UHFFFAOYSA-N,Ki,Ki,6.05,10.1016/j.bmc.2012.07.021,2013,12667874
CA9_HUMAN_KI,Human CA9,primary,CHEMBL3594,Carbonic anhydrase 9,Homo sapiens,CHEMBL225024,COc1cc2ccc(=O)oc2cc1O[C@@H]1O[C@H](CO)[C@@H](O)[C@H](O)[C@H]1O,SGTCGCCQZOUMJJ-YMILTQATSA-N,Ki,Ki,5.06,10.1016/j.bmc.2012.07.021,2013,12667808
CA9_HUMAN_KI,Human CA9,primary,CHEMBL3594,Carbonic anhydrase 9,Homo sapiens,CHEMBL5220144,COc1cc(/C=C/C(=O)OCCCCCCN(CCCOC(=O)c2c3ccccc3cc3ccccc23)CCCOc2ccc3ccc(=O)oc3c2)cc(OC)c1OC,RDSYUZYLYWFYSF-RELWKKBWSA-N,Ki,Ki,7.57,10.1021/acs.jmedchem.2c01175,2022,24968769
CA9_HUMAN_KI,Human CA9,primary,CHEMBL3594,Carbonic anhydrase 9,Homo sapiens,CHEMBL5218795,COc1cc(/C=C/C(=O)OCCCN(CCCCCCCOC(=O)c2cc(OC)c(OC)c(OC)c2)CCCOc2ccc3ccc(=O)oc3c2)cc(OC)c1OC,CSKOUTFEATUTII-NBVRZTHBSA-N,Ki,Ki,7.36,10.1021/acs.jmedchem.2c01175,2022,24968779
CA9_HUMAN_KI,Human CA9,primary,CHEMBL3594,Carbonic anhydrase 9,Homo sapiens,CHEMBL477822,COc1ccc2c(CC(=O)Nc3ccc(S(N)(=O)=O)cc3)cc(=O)oc2c1,VZBSCWDKCMOJCR-UHFFFAOYSA-N,Ki,Ki,7.06,10.1016/j.bmc.2010.06.028,2010,3365780
CA9_HUMAN_KI,Human CA9,primary,CHEMBL3594,Carbonic anhydrase 9,Homo sapiens,CHEMBL1957178,CC(C)(C)[Si](C)(C)Oc1ccc2ccc(=O)oc2c1,ZRNFFKTXFYQLAV-UHFFFAOYSA-N,Ki,Ki,6.07,10.1021/acs.jmedchem.5b01720,2016,16460591
CA9_HUMAN_KI,Human CA9,primary,CHEMBL3594,Carbonic anhydrase 9,Homo sapiens,CHEMBL1957178,CC(C)(C)[Si](C)(C)Oc1ccc2ccc(=O)oc2c1,ZRNFFKTXFYQLAV-UHFFFAOYSA-N,Ki,Ki,6.07,10.1016/j.bmc.2012.02.014,2012,8060015
CA9_HUMAN_KI,Human CA9,primary,CHEMBL3594,Carbonic anhydrase 9,Homo sapiens,CHEMBL5219141,COc1cc(/C=C/C(=O)OCCCCCN(CCCOC(=O)c2cc(OC)c(OC)c(OC)c2)CCCOc2ccc3ccc(=O)oc3c2)cc(OC)c1OC,UDWUBXLPCAHAQN-FOWTUZBSSA-N,Ki,Ki,7.62,10.1021/acs.jmedchem.2c01175,2022,24968759
CA9_HUMAN_KI,Human CA9,primary,CHEMBL3594,Carbonic anhydrase 9,Homo sapiens,CHEMBL5219847,O=C(OCCCCCCCN(CCCOC(=O)c1c2ccccc2cc2ccccc12)CCCOc1ccc2ccc(=O)oc2c1)c1c2ccccc2cc2ccccc12,ZBZXCXABUXCSBU-UHFFFAOYSA-N,Ki,Ki,6.99,10.1021/acs.jmedchem.2c01175,2022,24968784
CA9_HUMAN_KI,Human CA9,primary,CHEMBL3594,Carbonic anhydrase 9,Homo sapiens,CHEMBL12252,Cc1cc(=O)oc2cc(O)cc(O)c12,QNVWGEJMXOQQPM-UHFFFAOYSA-N,Ki,Ki,6.72,10.1016/j.ejmech.2024.116170,2024,25873115
CA9_HUMAN_KI,Human CA9,primary,CHEMBL3594,Carbonic anhydrase 9,Homo sapiens,CHEMBL4161438,Cc1cccc(-c2cc(=O)oc3c(C)c(O)ccc23)c1,MMZAZVLKHUIYSR-UHFFFAOYSA-N,Ki,Ki,7.43,10.1016/j.ejmech.2017.11.061,2018,18367341
CA9_HUMAN_KI,Human CA9,primary,CHEMBL3594,Carbonic anhydrase 9,Homo sapiens,CHEMBL4169362,Cc1ccc(-c2cc(=O)oc3c(C)c(O)ccc23)cc1,VUSARXMUSKXGAT-UHFFFAOYSA-N,Ki,Ki,7.42,10.1016/j.ejmech.2017.11.061,2018,18367342
CA9_HUMAN_KI,Human CA9,primary,CHEMBL3594,Carbonic anhydrase 9,Homo sapiens,CHEMBL4168142,Cc1ccc(-c2coc3cc4oc(=O)c(CC(=O)Nc5ccc(S(N)(=O)=O)cc5)c(C)c4cc23)cc1,HNDIGTHNGRPZML-UHFFFAOYSA-N,Ki,Ki,7.04,10.1021/acsmedchemlett.8b00170,2018,18407523
CA9_HUMAN_KI,Human CA9,primary,CHEMBL3594,Carbonic anhydrase 9,Homo sapiens,CHEMBL4160812,Cc1nn(-c2ccccc2C(=O)O)c2c1c(=O)oc1ccccc12,PRYZNSAEECHGPE-UHFFFAOYSA-N,Ki,Ki,7.12,10.1016/j.ejmech.2018.01.033,2018,18390742
CA9_HUMAN_KI,Human CA9,primary,CHEMBL3594,Carbonic anhydrase 9,Homo sapiens,CHEMBL4860266,NS(=O)(=O)c1cc2cc(O)ccc2oc1=O,DXLUEFNTOMBIKE-UHFFFAOYSA-N,Ki,Ki,7.18,10.1016/j.ejmech.2021.113589,2021,23232447
CA9_HUMAN_KI,Human CA9,primary,CHEMBL3594,Carbonic anhydrase 9,Homo sapiens,CHEMBL5567187,Cc1ccc(C(=O)NNc2nc(-c3cc4ccccc4oc3=O)cs2)cc1,SUVQZUDRYTTZIF-UHFFFAOYSA-N,Ki,Ki,6.38,10.1016/j.ejmech.2024.116179,2024,25873439
CA9_HUMAN_KI,Human CA9,primary,CHEMBL3594,Carbonic anhydrase 9,Homo sapiens,CHEMBL3354138,Cc1ccc(S(=O)(=O)NC(=O)Nc2ccc3c(C)cc(=O)oc3c2)cc1,GNOQGZBRNYQEDY-UHFFFAOYSA-N,Ki,Ki,7.64,10.1021/jm501314c,2014,15083222
CA9_HUMAN_KI,Human CA9,primary,CHEMBL3594,Carbonic anhydrase 9,Homo sapiens,CHEMBL5218843,COc1cc(C(=O)OCCCCCN(CCCOC(=O)c2c3ccccc3cc3ccccc23)CCCOc2ccc3ccc(=O)oc3c2)cc(OC)c1OC,DHWXTMGDPZMJPC-UHFFFAOYSA-N,Ki,Ki,7.44,10.1021/acs.jmedchem.2c01175,2022,24968763
CA9_HUMAN_KI,Human CA9,primary,CHEMBL3594,Carbonic anhydrase 9,Homo sapiens,CHEMBL3623668,O=c1ccc2ccc(OCc3cn(-c4ccc(F)cc4)nn3)cc2o1,GSHZAVMULBGMCI-UHFFFAOYSA-N,Ki,Ki,7.62,10.1016/j.bmc.2015.09.041,2015,15744013
CA9_HUMAN_KI,Human CA9,primary,CHEMBL3594,Carbonic anhydrase 9,Homo sapiens,CHEMBL4761249,COc1ccc(/C=C/C(=O)Nc2ccc3oc(=O)ccc3c2)c(F)c1,HELGSSFASABHGK-FPYGCLRLSA-N,Ki,Ki,6.33,10.1016/j.bmc.2020.115586,2020,22879401
CA9_HUMAN_KI,Human CA9,primary,CHEMBL3594,Carbonic anhydrase 9,Homo sapiens,CHEMBL1290111,CC(=O)c1c(OCc2ccccc2)ccc2ccc(=O)oc12,QMLSJCDSHGYBMT-UHFFFAOYSA-N,Ki,Ki,7.14,10.1016/j.bmcl.2010.10.094,2010,3605369
CA9_HUMAN_KI,Human CA9,primary,CHEMBL3594,Carbonic anhydrase 9,Homo sapiens,CHEMBL1938473,COc1cc2oc(=O)ccc2cc1C(O)CC(C)C,ZRXJDVGAMZQYJX-UHFFFAOYSA-N,Ki,Ki,4.26,10.1021/jm200983e,2011,8008414
CA9_HUMAN_KI,Human CA9,primary,CHEMBL3594,Carbonic anhydrase 9,Homo sapiens,CHEMBL1288558,COc1cc2oc(=O)ccc2cc1C(C)=O,QDWMZGNQFSIPKO-UHFFFAOYSA-N,Ki,Ki,5.11,10.1016/j.bmcl.2010.10.094,2010,3605377
CA9_HUMAN_KI,Human CA9,primary,CHEMBL3594,Carbonic anhydrase 9,Homo sapiens,CHEMBL5556414,O=C(Oc1ccc2c(-c3ccccc3)cc(=O)oc2c1)c1ccccc1,UYQWSXYHSUHDDR-UHFFFAOYSA-N,Ki,Ki,7.66,10.1016/j.ejmech.2024.116170,2024,25873138
CA9_HUMAN_KI,Human CA9,primary,CHEMBL3594,Carbonic anhydrase 9,Homo sapiens,CHEMBL4168780,COC(=O)Cc1c(C)c2ccc(OCC(=O)c3ccccc3)cc2oc1=O,DTBRXBWCRWFKIC-UHFFFAOYSA-N,Ki,Ki,7.05,10.1021/acsmedchemlett.8b00170,2018,18407530
CA9_HUMAN_KI,Human CA9,primary,CHEMBL3594,Carbonic anhydrase 9,Homo sapiens,CHEMBL568416,COc1ccc2oc(=O)c(C(=O)O)cc2c1,XIQQAIQZABTSNZ-UHFFFAOYSA-N,Ki,Ki,5.24,10.1021/jm901287j,2010,2978910
CA9_HUMAN_KI,Human CA9,primary,CHEMBL3594,Carbonic anhydrase 9,Homo sapiens,CHEMBL5567220,O=C(NNc1nc(-c2cc3ccccc3oc2=O)cs1)c1ccc([N+](=O)[O-])cc1,QDDXBEDWMFRHII-UHFFFAOYSA-N,Ki,Ki,6.38,10.1016/j.ejmech.2024.116179,2024,25873442
CA9_HUMAN_KI,Human CA9,primary,CHEMBL3594,Carbonic anhydrase 9,Homo sapiens,CHEMBL103836,Cc1nn(-c2ccc(Cl)cc2)c2c1c(=O)oc1ccccc12,MDCDQTYITMCZET-UHFFFAOYSA-N,Ki,Ki,6.39,10.1016/j.ejmech.2018.01.033,2018,18390745
CA9_HUMAN_KI,Human CA9,primary,CHEMBL3594,Carbonic anhydrase 9,Homo sapiens,CHEMBL5560795,COc1ccc(C(=O)NNc2nc(-c3cc4ccccc4oc3=O)cs2)cc1,SPIDLZYVYQNZOK-UHFFFAOYSA-N,Ki,Ki,6.38,10.1016/j.ejmech.2024.116179,2024,25873441
CA9_HUMAN_KI,Human CA9,primary,CHEMBL3594,Carbonic anhydrase 9,Homo sapiens,CHEMBL4591855,NS(=O)(=O)c1ccc(C/N=C/c2cc([N+](=O)[O-])ccc2OCc2cn(CCCOc3ccc4ccc(=O)oc4c3)nn2)cc1,CCIWMYKBCSVGGL-KBVAKVRCSA-N,Ki,Ki,6.07,10.1016/j.ejmech.2019.111702,2019,18889632
CA9_HUMAN_KI,Human CA9,primary,CHEMBL3594,Carbonic anhydrase 9,Homo sapiens,CHEMBL5218672,O=C(OCCCCCN(CCCOC(=O)c1c2ccccc2cc2ccccc12)CCCOc1ccc2ccc(=O)oc2c1)c1c2ccccc2cc2ccccc12,NYVIWYYRTHNCCO-UHFFFAOYSA-N,Ki,Ki,6.86,10.1021/acs.jmedchem.2c01175,2022,24968766
CA9_HUMAN_KI,Human CA9,primary,CHEMBL3594,Carbonic anhydrase 9,Homo sapiens,CHEMBL4779637,O=C(Cn1cc(F)c(=O)[nH]c1=O)Oc1ccc2ccc(=O)oc2c1,MGPVEUJQVQJOMI-UHFFFAOYSA-N,Ki,Ki,7.43,10.1016/j.ejmech.2020.112112,2020,22957281
CA9_HUMAN_KI,Human CA9,primary,CHEMBL3594,Carbonic anhydrase 9,Homo sapiens,CHEMBL4876101,NS(=O)(=O)c1cc2cc(Cl)cc(Cl)c2oc1=O,ULIGWIVYSYNUDP-UHFFFAOYSA-N,Ki,Ki,6.29,10.1016/j.ejmech.2021.113589,2021,23232452
CA9_HUMAN_KI,Human CA9,primary,CHEMBL3594,Carbonic anhydrase 9,Homo sapiens,CHEMBL4778064,NS(=O)(=O)c1ccc(N/N=C(\CS(=O)(=O)c2ccccc2)c2cc3ccccc3oc2=O)cc1,PJTXYYAQKVCGOB-YYADALCUSA-N,Ki,Ki,7.05,10.1016/j.ejmech.2020.112897,2021,22802316
CA9_HUMAN_KI,Human CA9,primary,CHEMBL3594,Carbonic anhydrase 9,Homo sapiens,CHEMBL5567975,CCOc1cccc2cc(/C(C)=N/Nc3nc(-c4ccc(F)cc4)cs3)c(=O)oc12,VMQNBXUTTXEJJP-DHRITJCHSA-N,Ki,Ki,5.51,10.1021/acs.jmedchem.4c00239,2024,25859095
CA9_HUMAN_KI,Human CA9,primary,CHEMBL3594,Carbonic anhydrase 9,Homo sapiens,CHEMBL5557106,CCOc1cccc2cc(/C(C)=N/Nc3nc(-c4ccc5ccccc5c4)cs3)c(=O)oc12,YBEYJRXDMOLVDP-LQKURTRISA-N,Ki,Ki,4.84,10.1021/acs.jmedchem.4c00239,2024,25859099
CA9_HUMAN_KI,Human CA9,primary,CHEMBL3594,Carbonic anhydrase 9,Homo sapiens,CHEMBL596221,COc1cc(OC)c2ccc(=O)oc2c1OC,MSFXSDYNQKVMTJ-UHFFFAOYSA-N,Ki,Ki,6.12,10.1016/j.bmc.2012.07.021,2013,12667887
CA9_HUMAN_KI,Human CA9,primary,CHEMBL3594,Carbonic anhydrase 9,Homo sapiens,CHEMBL4745846,COc1ccc(N2CCN(Cc3cc(=O)oc4cc(OCc5cccc(OC)c5)ccc34)CC2)cc1,FZBMBJPSKBSPND-UHFFFAOYSA-N,Ki,Ki,5.59,10.1016/j.bmcl.2021.127877,2021,22933523
CA9_HUMAN_KI,Human CA9,primary,CHEMBL3594,Carbonic anhydrase 9,Homo sapiens,CHEMBL1288559,CCOc1cc2oc(=O)ccc2cc1C(C)=O,YPWNHEXIUIFWSP-UHFFFAOYSA-N,Ki,Ki,5.13,10.1016/j.bmcl.2010.10.094,2010,3605375
CA9_HUMAN_KI,Human CA9,primary,CHEMBL3594,Carbonic anhydrase 9,Homo sapiens,CHEMBL5220950,COc1cc(C(=O)OCCCCCCN(CCCOC(=O)c2c3ccccc3cc3ccccc23)CCCOc2ccc3ccc(=O)oc3c2)cc(OC)c1OC,FWGMXQLBHUZENX-UHFFFAOYSA-N,Ki,Ki,7.27,10.1021/acs.jmedchem.2c01175,2022,24968772
CA9_HUMAN_KI,Human CA9,primary,CHEMBL3594,Carbonic anhydrase 9,Homo sapiens,CHEMBL5089227,Cc1cn([C@H]2C[C@@H](n3cc(COc4ccc5oc(=O)ccc5c4)nn3)[C@@H](CO)O2)c(=O)[nH]c1=O,CZGFBOOZLDNOSG-BHIYHBOVSA-N,Ki,Ki,4.18,10.1021/acs.jmedchem.1c00756,2021,24347639
CA9_HUMAN_KI,Human CA9,primary,CHEMBL3594,Carbonic anhydrase 9,Homo sapiens,CHEMBL4791042,COc1ccc(/C=C/C(=O)Nc2ccc3c(C)cc(=O)oc3c2)c(F)c1,DJHMGIJYNLTEAW-XBXARRHUSA-N,Ki,Ki,6.09,10.1016/j.bmc.2020.115586,2020,22879418
CA9_HUMAN_KI,Human CA9,primary,CHEMBL3594,Carbonic anhydrase 9,Homo sapiens,CHEMBL5221007,COc1cc(/C=C/C(=O)OCCCN(CCCCCCCOC(=O)c2c3ccccc3cc3ccccc23)CCCOc2ccc3ccc(=O)oc3c2)cc(OC)c1OC,ISYZGTRQOHXEJA-FCDQGJHFSA-N,Ki,Ki,7.15,10.1021/acs.jmedchem.2c01175,2022,24968782
CA9_HUMAN_KI,Human CA9,primary,CHEMBL3594,Carbonic anhydrase 9,Homo sapiens,CHEMBL568173,CCOC(=O)c1cc2cc(CO)ccc2oc1=O,LJKJRALGZCZICN-UHFFFAOYSA-N,Ki,Ki,5.21,10.1021/jm901287j,2010,2978909
CA9_HUMAN_KI,Human CA9,primary,CHEMBL3594,Carbonic anhydrase 9,Homo sapiens,CHEMBL572366,COc1cc2oc(=O)ccc2cc1[C@@H](O)CC(C)C,ZRXJDVGAMZQYJX-LBPRGKRZSA-N,Ki,Ki,5.02,10.1021/jm901287j,2010,2997064
CA9_HUMAN_KI,Human CA9,primary,CHEMBL3594,Carbonic anhydrase 9,Homo sapiens,CHEMBL572366,COc1cc2oc(=O)ccc2cc1[C@@H](O)CC(C)C,ZRXJDVGAMZQYJX-LBPRGKRZSA-N,Ki,Ki,4.26,10.1021/jm901524f,2010,2949508
CA9_HUMAN_KI,Human CA9,primary,CHEMBL3594,Carbonic anhydrase 9,Homo sapiens,CHEMBL572366,COc1cc2oc(=O)ccc2cc1[C@@H](O)CC(C)C,ZRXJDVGAMZQYJX-LBPRGKRZSA-N,Ki,Ki,4.26,10.1021/jm301625s,2013,12654148
CA9_HUMAN_KI,Human CA9,primary,CHEMBL3594,Carbonic anhydrase 9,Homo sapiens,CHEMBL4857313,NS(=O)(=O)c1cc2c(ccc3ccccc32)oc1=O,OQXNZVITQQXASN-UHFFFAOYSA-N,Ki,Ki,5.2,10.1016/j.ejmech.2021.113589,2021,23232458
CA9_HUMAN_KI,Human CA9,primary,CHEMBL3594,Carbonic anhydrase 9,Homo sapiens,CHEMBL3804869,NS(=O)(=O)c1ccc(Nc2nc(-c3cc4cc(Br)ccc4oc3=O)cs2)cc1,YVFKTUBHVQZJOT-UHFFFAOYSA-N,Ki,Ki,7.63,10.1016/j.bmc.2016.04.052,2016,16587770
CA9_HUMAN_KI,Human CA9,primary,CHEMBL3594,Carbonic anhydrase 9,Homo sapiens,CHEMBL3805861,NS(=O)(=O)c1ccc(Nc2nc(-c3cc4ccccc4oc3=O)cs2)cc1,XSNHMAOMNGCPPA-UHFFFAOYSA-N,Ki,Ki,7.62,10.1016/j.bmc.2016.04.052,2016,16587768
CA9_HUMAN_KI,Human CA9,primary,CHEMBL3594,Carbonic anhydrase 9,Homo sapiens,CHEMBL3805892,NS(=O)(=O)c1ccc(-n2cc(/C=N\Nc3nc(-c4cc5ccccc5oc4=O)cs3)c(-c3ccc(Cl)cc3)n2)cc1,ZVZLLNBVDWFKII-AQLQTECXSA-N,Ki,Ki,8.63,10.1016/j.bmc.2016.04.052,2016,16587765
CA9_HUMAN_KI,Human CA9,primary,CHEMBL3594,Carbonic anhydrase 9,Homo sapiens,CHEMBL2316106,NS(=O)(=O)c1ccc2c(c1)sc1nc(-c3cc4ccccc4oc3=O)cn12,BIBMGOMAPOAXCH-UHFFFAOYSA-N,Ki,Ki,7.36,10.1016/j.bmc.2016.04.052,2016,16587771
CA9_HUMAN_KI,Human CA9,primary,CHEMBL3594,Carbonic anhydrase 9,Homo sapiens,CHEMBL4164851,Cc1c(O)ccc2c(-c3ccc([N+](=O)[O-])cc3)cc(=O)oc12,WAFOMEMJHRHUEQ-UHFFFAOYSA-N,Ki,Ki,7.51,10.1016/j.ejmech.2017.11.061,2018,18367343
CA9_HUMAN_KI,Human CA9,primary,CHEMBL3594,Carbonic anhydrase 9,Homo sapiens,CHEMBL5559986,Cc1cc(=O)oc2cc(OCCCCCNc3nc4cc(-c5ccccc5)ccc4o3)ccc12,FXDOKFCATXUFRO-UHFFFAOYSA-N,Ki,Ki,7.49,10.1016/j.ejmech.2024.116170,2024,25873146
CA9_HUMAN_KI,Human CA9,primary,CHEMBL3594,Carbonic anhydrase 9,Homo sapiens,CHEMBL5561109,O=c1ccc2cc(-n3cc(CNc4ccc(Br)cc4)nn3)ccc2o1,NVTHGBZWUCGTAW-UHFFFAOYSA-N,Ki,Ki,7.44,10.1016/j.ejmech.2024.116170,2024,25873144
CA9_HUMAN_KI,Human CA9,primary,CHEMBL3594,Carbonic anhydrase 9,Homo sapiens,CHEMBL4795202,O=C(/C=C/c1ccccc1)Nc1ccc2oc(=O)ccc2c1,NQGBGSTYVHBWKT-UXBLZVDNSA-N,Ki,Ki,6.88,10.1016/j.bmc.2020.115586,2020,22879394
CA9_HUMAN_KI,Human CA9,primary,CHEMBL3594,Carbonic anhydrase 9,Homo sapiens,CHEMBL3960492,O=C(Nc1ccccc1C(=O)Nc1ccc2c(C(F)(F)F)cc(=O)oc2c1)c1ccc(Cl)cc1,QMQFKEHORSUGMA-UHFFFAOYSA-N,Ki,Ki,7.61,10.1016/j.bmc.2016.11.039,2017,16828493
CA9_HUMAN_KI,Human CA9,primary,CHEMBL3594,Carbonic anhydrase 9,Homo sapiens,CHEMBL5219666,COc1cc(/C=C/C(=O)OCCCCCCCN(CCCOC(=O)c2c3ccccc3cc3ccccc23)CCCOc2ccc3ccc(=O)oc3c2)cc(OC)c1OC,KAGJUCHTDFATOU-FCDQGJHFSA-N,Ki,Ki,7.85,10.1021/acs.jmedchem.2c01175,2022,24968778
CA9_HUMAN_KI,Human CA9,primary,CHEMBL3594,Carbonic anhydrase 9,Homo sapiens,CHEMBL501358,COc1c2c(cc3oc(=O)ccc13)OC(C)(C)C=C2,JSJIIHRNDMLJGK-UHFFFAOYSA-N,Ki,Ki,6.13,10.1016/j.bmc.2012.07.021,2013,12667888
CA9_HUMAN_KI,Human CA9,primary,CHEMBL3594,Carbonic anhydrase 9,Homo sapiens,CHEMBL5597922,O=C(NCCOc1ccc2ccc(=O)oc2c1)c1ccc2c(c1)no[n+]2[O-],HWZIJELOOAWFCP-UHFFFAOYSA-N,Ki,Ki,7.06,10.1021/acs.jmedchem.4c01563,2024,26051228
CA9_HUMAN_KI,Human CA9,primary,CHEMBL3594,Carbonic anhydrase 9,Homo sapiens,CHEMBL5556495,CCOc1cccc2cc(/C(C)=N/Nc3nc(-c4cc5ccccc5oc4=O)cs3)c(=O)oc12,XKVFDDIXOYOVQG-MZJWZYIUSA-N,Ki,Ki,5.04,10.1021/acs.jmedchem.4c00239,2024,25859100
CA9_HUMAN_KI,Human CA9,primary,CHEMBL3594,Carbonic anhydrase 9,Homo sapiens,CHEMBL5597488,O=C(Oc1ccc2ccc(=O)oc2c1)c1ccc2c(c1)no[n+]2[O-],LLHIPFSNLKQJDJ-UHFFFAOYSA-N,Ki,Ki,6.52,10.1021/acs.jmedchem.4c01563,2024,26051230
CA9_HUMAN_KI,Human CA9,primary,CHEMBL3594,Carbonic anhydrase 9,Homo sapiens,CHEMBL5559628,CCOc1cccc2cc(/C(C)=N/Nc3nc(-c4ccc(C)cc4)cs3)c(=O)oc12,NWWZQJHHKFBMCI-MFKUBSTISA-N,Ki,Ki,5.35,10.1021/acs.jmedchem.4c00239,2024,25859092
CA9_HUMAN_KI,Human CA9,primary,CHEMBL3594,Carbonic anhydrase 9,Homo sapiens,CHEMBL4760577,O=C(/C=C/c1ccc(F)c(F)c1)Nc1ccc2oc(=O)ccc2c1,KLQJTPJPUDKVBG-FARCUNLSSA-N,Ki,Ki,6.47,10.1016/j.bmc.2020.115586,2020,22879397
CA9_HUMAN_KI,Human CA9,primary,CHEMBL3594,Carbonic anhydrase 9,Homo sapiens,CHEMBL4793433,O=c1cc(CN2CCN(Cc3ccccc3)CC2)c2ccc(OCc3ccc([N+](=O)[O-])cc3)cc2o1,OKAOBGVZMJIPHE-UHFFFAOYSA-N,Ki,Ki,5.5,10.1016/j.bmcl.2021.127877,2021,22933531
CA9_HUMAN_KI,Human CA9,primary,CHEMBL3594,Carbonic anhydrase 9,Homo sapiens,CHEMBL5564804,O=C(NNc1nc(-c2cc3ccccc3oc2=O)cs1)c1ccc(Br)cc1[N+](=O)[O-],GHCUKBJWQNQOFY-UHFFFAOYSA-N,Ki,Ki,6.38,10.1016/j.ejmech.2024.116179,2024,25873448
CA9_HUMAN_KI,Human CA9,primary,CHEMBL3594,Carbonic anhydrase 9,Homo sapiens,CHEMBL5559943,O=C(CN1C(=O)CSC1=O)c1cc2ccccc2oc1=O,OSCDGOJFJUPTSP-UHFFFAOYSA-N,Ki,Ki,6.92,10.1016/j.ejmech.2024.116170,2024,25873145
CA9_HUMAN_KI,Human CA9,primary,CHEMBL3594,Carbonic anhydrase 9,Homo sapiens,CHEMBL5220709,COc1cc(/C=C/C(=O)OCCCCCCN(CCCOC(=O)c2cc(OC)c(OC)c(OC)c2)CCCOc2ccc3ccc(=O)oc3c2)cc(OC)c1OC,DSNGJQWYZOVSFA-GHRIWEEISA-N,Ki,Ki,7.3,10.1021/acs.jmedchem.2c01175,2022,24968768
CA9_HUMAN_KI,Human CA9,primary,CHEMBL3594,Carbonic anhydrase 9,Homo sapiens,CHEMBL4741561,COc1cccc(COc2ccc3c(CN4CCN(Cc5ccccc5)CC4)cc(=O)oc3c2)c1,YHBBWYZTWCSOGA-UHFFFAOYSA-N,Ki,Ki,5.31,10.1016/j.bmcl.2021.127877,2021,22933532
CA9_HUMAN_KI,Human CA9,primary,CHEMBL3594,Carbonic anhydrase 9,Homo sapiens,CHEMBL5542822,O=C(c1cc2ccccc2oc1=O)N1CCN(C(=S)Nc2ccccc2)CC1,ILONDPXOJGZBTH-UHFFFAOYSA-N,Ki,Ki,5.29,10.1016/j.ejmech.2024.116179,2024,25873454
CA9_HUMAN_KI,Human CA9,primary,CHEMBL3594,Carbonic anhydrase 9,Homo sapiens,CHEMBL5555237,O=C(NNc1nc(-c2cc3ccccc3oc2=O)cs1)c1ccc(Br)cc1,DHVBKGLSGZVRJL-UHFFFAOYSA-N,Ki,Ki,6.38,10.1016/j.ejmech.2024.116179,2024,25873438
CA9_HUMAN_KI,Human CA9,primary,CHEMBL3594,Carbonic anhydrase 9,Homo sapiens,CHEMBL5568363,O=C(c1cc2ccccc2oc1=O)N1CCN(S(=O)(=O)c2cccs2)CC1,QICMLQOAMNMJIZ-UHFFFAOYSA-N,Ki,Ki,5.39,10.1016/j.ejmech.2024.116179,2024,25873453
CA9_HUMAN_KI,Human CA9,primary,CHEMBL3594,Carbonic anhydrase 9,Homo sapiens,CHEMBL5567953,Cc1ccc([N+](=O)[O-])c(C(=O)NNc2nc(-c3cc4ccccc4oc3=O)cs2)c1,OMSIAULATPTVQX-UHFFFAOYSA-N,Ki,Ki,6.38,10.1016/j.ejmech.2024.116179,2024,25873447
CA9_HUMAN_KI,Human CA9,primary,CHEMBL3594,Carbonic anhydrase 9,Homo sapiens,CHEMBL6246,O=c1oc2c(O)c(O)cc3c(=O)oc4c(O)c(O)cc1c4c23,AFSDNFLWKVMVRB-UHFFFAOYSA-N,Ki,Ki,5.03,10.1016/j.bmc.2010.01.076,2010,3116832
CA9_HUMAN_KI,Human CA9,primary,CHEMBL3594,Carbonic anhydrase 9,Homo sapiens,CHEMBL6246,O=c1oc2c(O)c(O)cc3c(=O)oc4c(O)c(O)cc1c4c23,AFSDNFLWKVMVRB-UHFFFAOYSA-N,Ki,Ki,4.1,10.1016/j.bmc.2012.07.021,2013,12667759
CA9_HUMAN_KI,Human CA9,primary,CHEMBL3594,Carbonic anhydrase 9,Homo sapiens,CHEMBL12208,Cc1cc(=O)oc2cc(O)ccc12,HSHNITRMYYLLCV-UHFFFAOYSA-N,Ki,Ki,6.25,10.1021/jm200983e,2011,8007617
CA9_HUMAN_KI,Human CA9,primary,CHEMBL3594,Carbonic anhydrase 9,Homo sapiens,CHEMBL286738,NS(=O)(=O)Oc1ccc2c3c(c(=O)oc2c1)CCCCC3,DSLPMJSGSBLWRE-UHFFFAOYSA-N,Ki,Ki,7.47,10.1016/j.bmcl.2008.06.105,2008,2564707
ACHE_HUMAN_IC50,Human AChE,primary,CHEMBL220,Acetylcholinesterase,Homo sapiens,CHEMBL3334506,O=c1oc2cc(OCCCCN3CCC(Cc4ccccc4)CC3)ccc2c2ccccc12,KNRZCCYRCNQTBX-UHFFFAOYSA-N,IC50,IC50,4.85,10.1016/j.bmc.2014.08.016,2014,15100040
ACHE_HUMAN_IC50,Human AChE,primary,CHEMBL220,Acetylcholinesterase,Homo sapiens,CHEMBL3545711,COc1cc(C(C)N(C)C)c2c(c1)oc(=O)c1ccccc12,SCSRJMKBYZFLKJ-UHFFFAOYSA-N,IC50,IC50,4.82,,2017,26975719
ACHE_HUMAN_IC50,Human AChE,primary,CHEMBL220,Acetylcholinesterase,Homo sapiens,CHEMBL3586574,Cc1c(C)c2ccc(OCCCN(C)Cc3ccccc3)cc2oc1=O.Cl,ZDRIPIJZYWVOLL-UHFFFAOYSA-N,IC50,IC50,6.0,10.1021/acs.jmedchem.5b00599,2015,15625532
ACHE_HUMAN_IC50,Human AChE,primary,CHEMBL220,Acetylcholinesterase,Homo sapiens,CHEMBL2441684,COc1c(F)c[n+](CCCCCOc2ccc3c(C)cc(=O)oc3c2)cc1F.O=S(=O)([O-])C(F)(F)F,ZMKVQRBBDBSXEZ-UHFFFAOYSA-M,IC50,IC50,6.33,10.1016/j.bmcl.2013.09.008,2013,13509753
ACHE_HUMAN_IC50,Human AChE,primary,CHEMBL220,Acetylcholinesterase,Homo sapiens,CHEMBL2441684,COc1c(F)c[n+](CCCCCOc2ccc3c(C)cc(=O)oc3c2)cc1F.O=S(=O)([O-])C(F)(F)F,ZMKVQRBBDBSXEZ-UHFFFAOYSA-M,IC50,IC50,6.32,10.1016/j.bmcl.2013.09.008,2013,13509785
ACHE_HUMAN_IC50,Human AChE,primary,CHEMBL220,Acetylcholinesterase,Homo sapiens,CHEMBL5083613,CN(Cc1ccccc1)Cc1ccc(COc2ccc3c(C(F)F)cc(=O)oc3c2)cc1,KUBYHRTYKKZBKV-UHFFFAOYSA-N,IC50,IC50,6.25,10.1021/acs.jmedchem.1c01784,2022,24422274
ACHE_HUMAN_IC50,Human AChE,primary,CHEMBL220,Acetylcholinesterase,Homo sapiens,CHEMBL3586602,CN(Cc1ccc(C#N)cc1)Cc1ccc(COc2ccc3ccc(=O)oc3c2)cc1.Cl,PLZFVBYBEXHETN-UHFFFAOYSA-N,IC50,IC50,5.22,10.1021/acs.jmedchem.5b00599,2015,15625542
ACHE_HUMAN_IC50,Human AChE,primary,CHEMBL220,Acetylcholinesterase,Homo sapiens,CHEMBL3545710,COc1cc(C(C)N(C)C)cc2oc(=O)c3ccccc3c12,HGARWOYCHHRGRX-UHFFFAOYSA-N,IC50,IC50,5.55,,2017,26975713
ACHE_HUMAN_IC50,Human AChE,primary,CHEMBL220,Acetylcholinesterase,Homo sapiens,CHEMBL4206041,Cc1cc(=O)oc2cc(OCc3cc[n+](Cc4cccc(F)c4)cc3)ccc12.[Br-],UXMYNPRPWZGKKW-UHFFFAOYSA-M,IC50,IC50,7.38,10.1016/j.ejmech.2017.07.055,2017,18517573
ACHE_HUMAN_IC50,Human AChE,primary,CHEMBL220,Acetylcholinesterase,Homo sapiens,CHEMBL4128061,O=C(Cc1cc(=O)oc2cc(O)ccc12)NCCCCCCCNC(=O)c1cccc2c(=O)c3ccccc3[nH]c12,DQRJIPTWWDIFBI-UHFFFAOYSA-N,IC50,IC50,5.23,10.1016/j.bmc.2018.05.042,2018,18305639
ACHE_HUMAN_IC50,Human AChE,primary,CHEMBL220,Acetylcholinesterase,Homo sapiens,CHEMBL4164540,Cc1cc(=O)oc2cc(OCCSC(=S)N3CCCC3)ccc12,NCDMSUYCDGOQGE-UHFFFAOYSA-N,IC50,IC50,6.05,10.1016/j.ejmech.2018.01.055,2018,18390229
ACHE_HUMAN_IC50,Human AChE,primary,CHEMBL220,Acetylcholinesterase,Homo sapiens,CHEMBL2047525,CNC(=O)Oc1cccc(CN(C)CCCCCCCOc2ccc(-c3cc4ccccc4oc3=O)cc2)c1,RTMBGYVFBGIVHT-UHFFFAOYSA-N,IC50,IC50,8.92,10.1016/j.ejmech.2022.114606,2022,24963251
ACHE_HUMAN_IC50,Human AChE,primary,CHEMBL220,Acetylcholinesterase,Homo sapiens,CHEMBL4159609,Cc1cc(=O)oc2cc(OCCCSC(=S)N3CCCCC3)ccc12,WPNZIORZRPYVSP-UHFFFAOYSA-N,IC50,IC50,6.54,10.1016/j.ejmech.2018.01.055,2018,18390225
ACHE_HUMAN_IC50,Human AChE,primary,CHEMBL220,Acetylcholinesterase,Homo sapiens,CHEMBL3827064,CN(CCCOc1ccc2c(c1)oc(=O)c1ccccc12)Cc1cccc(OC(=O)NCCCCCc2ccccc2)c1,FFAOXMVJVQDCQO-UHFFFAOYSA-N,IC50,IC50,6.41,10.1021/acs.jmedchem.6b00609,2016,16645330
ACHE_HUMAN_IC50,Human AChE,primary,CHEMBL220,Acetylcholinesterase,Homo sapiens,CHEMBL4451686,O=C1N/C(=N\c2ccc3oc(=O)ccc3c2)S/C1=C/c1ccccc1,REUPXWMWDMMODN-MHWRWJLKSA-N,IC50,IC50,7.03,10.1016/j.ejmech.2019.111651,2019,19279537
ACHE_HUMAN_IC50,Human AChE,primary,CHEMBL220,Acetylcholinesterase,Homo sapiens,CHEMBL4564320,COc1ccc(C2SCC(=O)N2c2ccc3oc(=O)ccc3c2)cc1,SIVGBONSDGNUGI-UHFFFAOYSA-N,IC50,IC50,7.15,10.1016/j.ejmech.2019.111651,2019,19279544
ACHE_HUMAN_IC50,Human AChE,primary,CHEMBL220,Acetylcholinesterase,Homo sapiens,CHEMBL3335059,COc1cccc(CC2CCN(CCOc3ccc4c(c3)oc(=O)c3ccccc34)CC2)c1,AKCDRGUDWHAJSH-UHFFFAOYSA-N,IC50,IC50,4.53,10.1016/j.bmc.2014.08.016,2014,15100051
ACHE_HUMAN_IC50,Human AChE,primary,CHEMBL220,Acetylcholinesterase,Homo sapiens,CHEMBL4571763,Cc1c(C)c2ccc(OCC3CCCN(Cc4ccccc4)C3)cc2oc1=O,HKIDXMKKZYHFEM-UHFFFAOYSA-N,IC50,IC50,6.08,10.1021/acs.jmedchem.1c01784,2022,24422276
ACHE_HUMAN_IC50,Human AChE,primary,CHEMBL220,Acetylcholinesterase,Homo sapiens,CHEMBL4571763,Cc1c(C)c2ccc(OCC3CCCN(Cc4ccccc4)C3)cc2oc1=O,HKIDXMKKZYHFEM-UHFFFAOYSA-N,IC50,IC50,5.89,10.1021/acsmedchemlett.2c00001,2022,24804535
ACHE_HUMAN_IC50,Human AChE,primary,CHEMBL220,Acetylcholinesterase,Homo sapiens,CHEMBL4571763,Cc1c(C)c2ccc(OCC3CCCN(Cc4ccccc4)C3)cc2oc1=O,HKIDXMKKZYHFEM-UHFFFAOYSA-N,IC50,IC50,5.8,10.1021/acsmedchemlett.2c00001,2022,24804534
ACHE_HUMAN_IC50,Human AChE,primary,CHEMBL220,Acetylcholinesterase,Homo sapiens,CHEMBL2314726,COc1cc2cc(NC(=O)[C@H]3CCC[C@@H](NCc4ccccc4)C3)c(=O)oc2cc1OC,UGTGSTDFYWUXNH-PKOBYXMFSA-N,IC50,IC50,7.44,10.1021/acsmedchemlett.9b00656,2020,20652100
ACHE_HUMAN_IC50,Human AChE,primary,CHEMBL220,Acetylcholinesterase,Homo sapiens,CHEMBL2314726,COc1cc2cc(NC(=O)[C@H]3CCC[C@@H](NCc4ccccc4)C3)c(=O)oc2cc1OC,UGTGSTDFYWUXNH-PKOBYXMFSA-N,IC50,IC50,7.37,10.1016/j.bmc.2012.10.045,2013,12633691
ACHE_HUMAN_IC50,Human AChE,primary,CHEMBL220,Acetylcholinesterase,Homo sapiens,CHEMBL2314726,COc1cc2cc(NC(=O)[C@H]3CCC[C@@H](NCc4ccccc4)C3)c(=O)oc2cc1OC,UGTGSTDFYWUXNH-PKOBYXMFSA-N,IC50,IC50,6.42,10.1021/acsmedchemlett.9b00656,2020,20652099
ACHE_HUMAN_IC50,Human AChE,primary,CHEMBL220,Acetylcholinesterase,Homo sapiens,CHEMBL4177242,CCN(CC)C(=S)SCCOc1ccc2c(C)cc(=O)oc2c1,XWDQBUKIHCYZSV-UHFFFAOYSA-N,IC50,IC50,5.71,10.1016/j.ejmech.2018.01.055,2018,18390230
ACHE_HUMAN_IC50,Human AChE,primary,CHEMBL220,Acetylcholinesterase,Homo sapiens,CHEMBL5081663,CCN(CCCOc1ccc2c(C)c(C)c(=O)oc2c1)Cc1cccc(F)c1,LMSJPMKZTVCUMM-UHFFFAOYSA-N,IC50,IC50,5.92,10.1021/acs.jmedchem.1c01784,2022,24422267
ACHE_HUMAN_IC50,Human AChE,primary,CHEMBL220,Acetylcholinesterase,Homo sapiens,CHEMBL5090153,CN(Cc1ccc(COc2ccc3c(CO)cc(=O)oc3c2)cc1)Cc1cccc(F)c1,QLJQCJJMXAPXRX-UHFFFAOYSA-N,IC50,IC50,6.48,10.1021/acs.jmedchem.1c01784,2022,24422272
ACHE_HUMAN_IC50,Human AChE,primary,CHEMBL220,Acetylcholinesterase,Homo sapiens,CHEMBL5197349,COc1cc(/C=C/c2cc(=O)oc3c2ccc2oc(-c4cccc(Cl)c4)cc23)cc(OC)c1,PPHKMHMVYFIODG-VOTSOKGWSA-N,IC50,IC50,5.75,10.1016/j.ejmech.2022.114242,2022,24776392
ACHE_HUMAN_IC50,Human AChE,primary,CHEMBL220,Acetylcholinesterase,Homo sapiens,CHEMBL5200035,COc1ccc(-c2cc3c(ccc4c(/C=C/c5cc(OC)cc(OC)c5)cc(=O)oc43)o2)cc1,QIMIRHMROLJATG-SNAWJCMRSA-N,IC50,IC50,5.75,10.1016/j.ejmech.2022.114242,2022,24776395
ACHE_HUMAN_IC50,Human AChE,primary,CHEMBL220,Acetylcholinesterase,Homo sapiens,CHEMBL3828054,O=C(NCCCCCc1ccccc1)Oc1ccc(Cn2cc(COc3ccc4ccc(=O)oc4c3)nn2)cc1,MBQLAHYLZRKMBE-UHFFFAOYSA-N,IC50,IC50,6.59,10.1021/acs.jmedchem.6b00609,2016,16646201
ACHE_HUMAN_IC50,Human AChE,primary,CHEMBL220,Acetylcholinesterase,Homo sapiens,CHEMBL3586604,Cc1cc(=O)oc2cc(OCc3ccc(CN(C)Cc4ccc(C#N)cc4)cc3)ccc12.Cl,GJCQKTFYCIYRJB-UHFFFAOYSA-N,IC50,IC50,5.07,10.1021/acs.jmedchem.5b00599,2015,15625544
ACHE_HUMAN_IC50,Human AChE,primary,CHEMBL220,Acetylcholinesterase,Homo sapiens,CHEMBL320251,Cc1c(C)c2ccc(OCc3cccc(N)c3)cc2oc1=O,WKMBYPRUDNQPPA-UHFFFAOYSA-N,IC50,IC50,5.52,10.1016/j.ejmech.2018.01.003,2018,25040046
ACHE_HUMAN_IC50,Human AChE,primary,CHEMBL220,Acetylcholinesterase,Homo sapiens,CHEMBL5085674,Cc1c(C)c2ccc(OCC3CCN(Cc4cccc(C(F)(F)F)c4)CC3)cc2oc1=O,KOLQZDAHCMXISM-UHFFFAOYSA-N,IC50,IC50,6.33,10.1021/acs.jmedchem.1c01784,2022,24422265
ACHE_HUMAN_IC50,Human AChE,primary,CHEMBL220,Acetylcholinesterase,Homo sapiens,CHEMBL3220513,O=C(Nc1cc2ccccc2oc1=O)c1ccc(Cl)c(Cl)c1,VQSVBDYFVMWUHI-UHFFFAOYSA-N,IC50,IC50,4.82,10.1039/C1MD00221J,2012,14553009
ACHE_HUMAN_IC50,Human AChE,primary,CHEMBL220,Acetylcholinesterase,Homo sapiens,CHEMBL481657,CC1(C)Oc2cc3oc(=O)ccc3cc2C[C@@H]1O,BGXFQDFSVDZUIW-LBPRGKRZSA-N,IC50,IC50,4.55,10.1021/np000441w,2001,2192248
ACHE_HUMAN_IC50,Human AChE,primary,CHEMBL220,Acetylcholinesterase,Homo sapiens,CHEMBL3335071,O=c1oc2cc(OCCCCN3CCN(Cc4ccccc4)CC3)ccc2c2ccccc12,TXSRJQSUOUJAIH-UHFFFAOYSA-N,IC50,IC50,5.09,10.1016/j.bmc.2014.08.016,2014,15100038
ACHE_HUMAN_IC50,Human AChE,primary,CHEMBL220,Acetylcholinesterase,Homo sapiens,CHEMBL3335065,COc1cccc(CC2CCN(CCCOc3ccc4c(c3)oc(=O)c3ccccc34)CC2)c1,WOLZDYVNVPOLIK-UHFFFAOYSA-N,IC50,IC50,4.73,10.1016/j.bmc.2014.08.016,2014,15100045
ACHE_HUMAN_IC50,Human AChE,primary,CHEMBL220,Acetylcholinesterase,Homo sapiens,CHEMBL3322160,O=C(Cc1cc(=O)oc2cc(O)ccc12)NCCCCNc1c2c(nc3ccccc13)CCCC2,NZAHEPIMJGOXMA-UHFFFAOYSA-N,IC50,IC50,7.81,10.1021/jm5008648,2014,15013239
ACHE_HUMAN_IC50,Human AChE,primary,CHEMBL220,Acetylcholinesterase,Homo sapiens,CHEMBL4213874,Cc1ccc(C[n+]2ccc(COc3ccc4c(C)cc(=O)oc4c3)cc2)cc1.[Br-],VVLYCEJFLDQNDK-UHFFFAOYSA-M,IC50,IC50,6.6,10.1016/j.ejmech.2017.07.055,2017,18517577
ACHE_HUMAN_IC50,Human AChE,primary,CHEMBL220,Acetylcholinesterase,Homo sapiens,CHEMBL4205110,Cc1cc(=O)oc2cc(OCc3cc[n+](Cc4cccc([N+](=O)[O-])c4)cc3)ccc12.[Br-],UMMRLRFPUSAQBS-UHFFFAOYSA-M,IC50,IC50,6.64,10.1016/j.ejmech.2017.07.055,2017,18517581
ACHE_HUMAN_IC50,Human AChE,primary,CHEMBL220,Acetylcholinesterase,Homo sapiens,CHEMBL459825,CC(C)(O[C@@H]1O[C@H](CO)[C@@H](O)[C@H](O)[C@H]1O)[C@H]1Cc2cc3ccc(=O)oc3cc2O1,HXCGUCZXPFBNRD-DNLMCPORSA-N,IC50,IC50,4.17,10.1021/np000441w,2001,2192258
ACHE_HUMAN_IC50,Human AChE,primary,CHEMBL220,Acetylcholinesterase,Homo sapiens,CHEMBL1940736,COc1ccccc1NCc1cc(=O)oc2cc3oc4ccccc4c3cc12,VVIKQVODDMCZOV-UHFFFAOYSA-N,IC50,IC50,6.72,10.1016/j.bmc.2011.12.042,2012,8001637
ACHE_HUMAN_IC50,Human AChE,primary,CHEMBL220,Acetylcholinesterase,Homo sapiens,CHEMBL243532,COc1ccc2oc(=O)c(-c3ccc(CN(C)Cc4ccccc4)cc3)cc2c1,LCBAVKSTBQRTAA-UHFFFAOYSA-N,IC50,IC50,6.79,10.1021/jm070100g,2007,1915668
ACHE_HUMAN_IC50,Human AChE,primary,CHEMBL220,Acetylcholinesterase,Homo sapiens,CHEMBL3220508,COc1ccc(C(=O)Nc2cc3ccccc3oc2=O)cc1,PLTMDSCMMLSMDS-UHFFFAOYSA-N,IC50,IC50,4.16,10.1039/C1MD00221J,2012,14553006
ACHE_HUMAN_IC50,Human AChE,primary,CHEMBL220,Acetylcholinesterase,Homo sapiens,CHEMBL5569594,CN(CCc1ccsc1)Cc1ccc(COc2ccc3c(CO)cc(=O)oc3c2)cc1,LTYPAYZWLRWYFM-UHFFFAOYSA-N,IC50,IC50,5.5,10.1016/j.ejmech.2024.116511,2024,25998543
ACHE_HUMAN_IC50,Human AChE,primary,CHEMBL220,Acetylcholinesterase,Homo sapiens,CHEMBL5219483,Cc1c(Cl)c(=O)oc2cc(OCCCCSC(=S)N3C(C)CCCC3C)ccc12,IKYVMKQIWKXWDL-UHFFFAOYSA-N,IC50,IC50,6.94,10.1016/j.ejmech.2022.114606,2022,24963332
ACHE_HUMAN_IC50,Human AChE,primary,CHEMBL220,Acetylcholinesterase,Homo sapiens,CHEMBL5569900,CN(Cc1ccncc1)Cc1ccc(COc2ccc3c(CO)cc(=O)oc3c2)cc1,FDGRCZWNUUYVET-UHFFFAOYSA-N,IC50,IC50,5.73,10.1016/j.ejmech.2024.116511,2024,25998540
ACHE_HUMAN_IC50,Human AChE,primary,CHEMBL220,Acetylcholinesterase,Homo sapiens,CHEMBL3764211,Cc1cc(=O)oc2cc(CNCCC3CCN(Cc4ccccc4)CC3)ccc12,HZEOKPNLIUABIQ-UHFFFAOYSA-N,IC50,IC50,7.17,10.1016/j.bmc.2016.02.023,2016,16481069
ACHE_HUMAN_IC50,Human AChE,primary,CHEMBL220,Acetylcholinesterase,Homo sapiens,CHEMBL5081574,Cc1c(C)c2ccc(OCC3CCN(CCCC(F)F)CC3)cc2oc1=O,NQNJDDJLRMICLQ-UHFFFAOYSA-N,IC50,IC50,5.92,10.1021/acs.jmedchem.1c01784,2022,24422266
ACHE_HUMAN_IC50,Human AChE,primary,CHEMBL220,Acetylcholinesterase,Homo sapiens,CHEMBL5082824,CN(CCCC(F)F)Cc1ccc(COc2ccc3c(CO)cc(=O)oc3c2)cc1,HUXCCRUQLRWJNF-UHFFFAOYSA-N,IC50,IC50,6.26,10.1021/acs.jmedchem.1c01784,2022,24422271
ACHE_HUMAN_IC50,Human AChE,primary,CHEMBL220,Acetylcholinesterase,Homo sapiens,CHEMBL5083014,Cc1c(C)c2ccc(OCC3CCCN(Cc4cccc(F)c4)C3)cc2oc1=O,RWXZXJNJQZFMAE-UHFFFAOYSA-N,IC50,IC50,5.92,10.1021/acs.jmedchem.1c01784,2022,24422262
ACHE_HUMAN_IC50,Human AChE,primary,CHEMBL220,Acetylcholinesterase,Homo sapiens,CHEMBL3335047,COc1cccc(CC2CCN(CCCOc3ccc4c5c(c(=O)oc4c3)CCCC5)CC2)c1,RHYLMHYJQBEFDV-UHFFFAOYSA-N,IC50,IC50,5.31,10.1016/j.bmc.2014.08.016,2014,15100063
ACHE_HUMAN_IC50,Human AChE,primary,CHEMBL220,Acetylcholinesterase,Homo sapiens,CHEMBL3335023,CCN(C)C(=O)Oc1cc(C(C)N(C)C)cc2oc(=O)c3ccccc3c12.Cl,ZMXWTNRMUWBBRJ-UHFFFAOYSA-N,IC50,IC50,4.4,10.1016/j.bmc.2014.08.016,2014,15100074
ACHE_HUMAN_IC50,Human AChE,primary,CHEMBL220,Acetylcholinesterase,Homo sapiens,CHEMBL2441682,COc1ccc(C(F)(F)F)c[n+]1CCCCCOc1ccc2c(C)cc(=O)oc2c1.O=S(=O)([O-])C(F)(F)F,KOFNHFQRLFTDHJ-UHFFFAOYSA-M,IC50,IC50,6.14,10.1016/j.bmcl.2013.09.008,2013,13509788
ACHE_HUMAN_IC50,Human AChE,primary,CHEMBL220,Acetylcholinesterase,Homo sapiens,CHEMBL2441682,COc1ccc(C(F)(F)F)c[n+]1CCCCCOc1ccc2c(C)cc(=O)oc2c1.O=S(=O)([O-])C(F)(F)F,KOFNHFQRLFTDHJ-UHFFFAOYSA-M,IC50,IC50,5.99,10.1016/j.bmcl.2013.09.008,2013,13509756
ACHE_HUMAN_IC50,Human AChE,primary,CHEMBL220,Acetylcholinesterase,Homo sapiens,CHEMBL242905,COc1cc2cc(-c3ccc(CN(C)Cc4cccc([N+](=O)[O-])c4)cc3)c(=O)oc2cc1OC,QKFXUJGKQVMLDB-UHFFFAOYSA-N,IC50,IC50,6.43,10.1021/jm070100g,2007,1915666
ACHE_HUMAN_IC50,Human AChE,primary,CHEMBL220,Acetylcholinesterase,Homo sapiens,CHEMBL340625,CNC(=O)Oc1cccc(CN(C)CCCOc2ccc3ccc(=O)oc3c2)c1,XVJDMVSHDMGRQA-UHFFFAOYSA-N,IC50,IC50,8.24,10.1016/j.ejmech.2009.12.038,2010,3316260
ACHE_HUMAN_IC50,Human AChE,primary,CHEMBL220,Acetylcholinesterase,Homo sapiens,CHEMBL340625,CNC(=O)Oc1cccc(CN(C)CCCOc2ccc3ccc(=O)oc3c2)c1,XVJDMVSHDMGRQA-UHFFFAOYSA-N,IC50,IC50,8.24,10.1007/s00044-010-9373-7,2011,12427229
ACHE_HUMAN_IC50,Human AChE,primary,CHEMBL220,Acetylcholinesterase,Homo sapiens,CHEMBL3220510,O=C(Nc1cc2ccccc2oc1=O)c1ccc([N+](=O)[O-])cc1,HJKPDPIBJCBDPC-UHFFFAOYSA-N,IC50,IC50,4.89,10.1039/C1MD00221J,2012,14553008
ACHE_HUMAN_IC50,Human AChE,primary,CHEMBL220,Acetylcholinesterase,Homo sapiens,CHEMBL3828443,CCCCCCCNC(=O)Oc1cccc(-n2cc(COc3ccc4ccc(=O)oc4c3)nn2)c1,PPZMDFRSOSZTFY-UHFFFAOYSA-N,IC50,IC50,6.15,10.1021/acs.jmedchem.6b00609,2016,16646208
ACHE_HUMAN_IC50,Human AChE,primary,CHEMBL220,Acetylcholinesterase,Homo sapiens,CHEMBL4465315,O=C1N/C(=N\c2ccc3oc(=O)ccc3c2)S/C1=C/c1ccc(Cl)cc1,VJCSKCRTROHSRP-CXUHLZMHSA-N,IC50,IC50,6.76,10.1016/j.ejmech.2019.111651,2019,19279555
ACHE_HUMAN_IC50,Human AChE,primary,CHEMBL220,Acetylcholinesterase,Homo sapiens,CHEMBL4537886,O=c1ccc2cc(/N=C/c3ccccc3)ccc2o1,JGGXMRCFUJMMJT-GZTJUZNOSA-N,IC50,IC50,6.94,10.1016/j.ejmech.2019.111651,2019,19279551
ACHE_HUMAN_IC50,Human AChE,primary,CHEMBL220,Acetylcholinesterase,Homo sapiens,CHEMBL325761,Cc1c(C)c2ccc(OCc3ccc(F)c(F)c3)cc2oc1=O,OAIPPRYRUKGVPD-UHFFFAOYSA-N,IC50,IC50,5.52,10.1016/j.ejmech.2018.01.003,2018,25040041
ACHE_HUMAN_IC50,Human AChE,primary,CHEMBL220,Acetylcholinesterase,Homo sapiens,CHEMBL5090504,Cc1c(C)c2ccc(OCC3CCN(Cc4cccc(F)c4)CC3)cc2oc1=O,RYVDJROSDCHIPC-UHFFFAOYSA-N,IC50,IC50,6.34,10.1021/acs.jmedchem.1c01784,2022,24422264
ACHE_HUMAN_IC50,Human AChE,primary,CHEMBL220,Acetylcholinesterase,Homo sapiens,CHEMBL3764762,Cc1c(Cl)c(=O)oc2cc(OCCNC3CCN(Cc4ccccc4)CC3)ccc12,UUZIPHVUUZOBHC-UHFFFAOYSA-N,IC50,IC50,5.74,10.1016/j.bmc.2016.02.023,2016,16481067
ACHE_HUMAN_IC50,Human AChE,primary,CHEMBL220,Acetylcholinesterase,Homo sapiens,CHEMBL4598256,Cc1c(C)c2ccc(OCC3CCN(Cc4ccccc4)CC3)cc2oc1=O,MWFBGTXYOJLQIW-UHFFFAOYSA-N,IC50,IC50,6.42,10.1021/acs.jmedchem.1c01784,2022,24422278
ACHE_HUMAN_IC50,Human AChE,primary,CHEMBL220,Acetylcholinesterase,Homo sapiens,CHEMBL5083737,Cc1c(C)c2ccc(OCc3cccc(CN(C)CCCC(F)F)c3)cc2oc1=O,JFBYGVYECDFTLS-UHFFFAOYSA-N,IC50,IC50,5.77,10.1021/acs.jmedchem.1c01784,2022,24422269
ACHE_HUMAN_IC50,Human AChE,primary,CHEMBL220,Acetylcholinesterase,Homo sapiens,CHEMBL4217755,Cc1cc(=O)oc2cc(OCc3cc[n+](Cc4ccc(F)cc4)cc3)ccc12.[Br-],PDFLRMDYGUHWFB-UHFFFAOYSA-M,IC50,IC50,7.43,10.1016/j.ejmech.2017.07.055,2017,18517574
ACHE_HUMAN_IC50,Human AChE,primary,CHEMBL220,Acetylcholinesterase,Homo sapiens,CHEMBL2441681,COc1ccc(C(F)(F)F)c[n+]1CCCCOc1ccc2c(C)cc(=O)oc2c1.O=S(=O)([O-])C(F)(F)F,FIRPLAXRQZWEEH-UHFFFAOYSA-M,IC50,IC50,6.12,10.1016/j.bmcl.2013.09.008,2013,13509789
ACHE_HUMAN_IC50,Human AChE,primary,CHEMBL220,Acetylcholinesterase,Homo sapiens,CHEMBL2441681,COc1ccc(C(F)(F)F)c[n+]1CCCCOc1ccc2c(C)cc(=O)oc2c1.O=S(=O)([O-])C(F)(F)F,FIRPLAXRQZWEEH-UHFFFAOYSA-M,IC50,IC50,5.96,10.1016/j.bmcl.2013.09.008,2013,13509757
ACHE_HUMAN_IC50,Human AChE,primary,CHEMBL220,Acetylcholinesterase,Homo sapiens,CHEMBL270248,CCN(Cc1ccccc1)Cc1ccc(-c2cc3ccc(OCCNC(=O)/C=C/c4ccc(Cl)c(Cl)c4)cc3oc2=O)cc1,ILLXXNMTJSHHII-GZTJUZNOSA-N,IC50,IC50,5.37,10.1016/j.bmcl.2007.09.100,2008,2087476
ACHE_HUMAN_IC50,Human AChE,primary,CHEMBL220,Acetylcholinesterase,Homo sapiens,CHEMBL244416,CCN(Cc1ccccc1)Cc1ccc(-c2cc3cc(OC)c(OC)cc3oc2=O)cc1,PNZIOQNBQOTGPK-UHFFFAOYSA-N,IC50,IC50,7.75,10.1016/j.bmcl.2007.09.100,2008,2087475
ACHE_HUMAN_IC50,Human AChE,primary,CHEMBL220,Acetylcholinesterase,Homo sapiens,CHEMBL244416,CCN(Cc1ccccc1)Cc1ccc(-c2cc3cc(OC)c(OC)cc3oc2=O)cc1,PNZIOQNBQOTGPK-UHFFFAOYSA-N,IC50,IC50,7.74,10.1016/j.bmc.2016.07.061,2016,19444801
ACHE_HUMAN_IC50,Human AChE,primary,CHEMBL220,Acetylcholinesterase,Homo sapiens,CHEMBL244416,CCN(Cc1ccccc1)Cc1ccc(-c2cc3cc(OC)c(OC)cc3oc2=O)cc1,PNZIOQNBQOTGPK-UHFFFAOYSA-N,IC50,IC50,7.74,10.1021/jm070100g,2007,1915658
ACHE_HUMAN_IC50,Human AChE,primary,CHEMBL220,Acetylcholinesterase,Homo sapiens,CHEMBL3335058,O=c1oc2cc(OCCN3CCC(Cc4ccccc4)CC3)ccc2c2ccccc12,UOZWFKWFCFYMHT-UHFFFAOYSA-N,IC50,IC50,4.7,10.1016/j.bmc.2014.08.016,2014,15100052
ACHE_HUMAN_IC50,Human AChE,primary,CHEMBL220,Acetylcholinesterase,Homo sapiens,CHEMBL5072382,Cc1c(C)c2ccc(OCC3CCCN(CCCC(F)F)C3)cc2oc1=O,KUHCABBCAHJPQR-UHFFFAOYSA-N,IC50,IC50,6.32,10.1021/acs.jmedchem.1c01784,2022,24422263
ACHE_HUMAN_IC50,Human AChE,primary,CHEMBL220,Acetylcholinesterase,Homo sapiens,CHEMBL3335068,CN(CCCCOc1ccc2c(c1)oc(=O)c1ccccc12)Cc1ccccc1,MCFWJVVIIHDYGY-UHFFFAOYSA-N,IC50,IC50,5.96,10.1016/j.bmc.2014.08.016,2014,15100042
ACHE_HUMAN_IC50,Human AChE,primary,CHEMBL220,Acetylcholinesterase,Homo sapiens,CHEMBL3335019,COc1cc(C(C)N(C)C)cc2oc(=O)c3ccccc3c12.Cl,UVRPPMSZRVZEQO-UHFFFAOYSA-N,IC50,IC50,5.55,10.1016/j.bmc.2014.08.016,2014,15100078
ACHE_HUMAN_IC50,Human AChE,primary,CHEMBL220,Acetylcholinesterase,Homo sapiens,CHEMBL5219522,Cc1c(Cl)c(=O)oc2cc(OCCCCSC(=S)N3CCCCC3C)ccc12,QPKSHJTZCXULAH-UHFFFAOYSA-N,IC50,IC50,8.17,10.1016/j.ejmech.2022.114606,2022,24963331
ACHE_HUMAN_IC50,Human AChE,primary,CHEMBL220,Acetylcholinesterase,Homo sapiens,CHEMBL107541,Cc1ccccc1COc1ccc2c(C)c(C)c(=O)oc2c1,SZKGSGOFYXVKOX-UHFFFAOYSA-N,IC50,IC50,5.52,10.1016/j.ejmech.2018.01.003,2018,25040049
ACHE_HUMAN_IC50,Human AChE,primary,CHEMBL220,Acetylcholinesterase,Homo sapiens,CHEMBL3827589,COc1ccc(-c2cc3ccc(OCCCN(C)Cc4cccc(OC(=O)NCCCCCc5ccccc5)c4)cc3oc2=O)cc1,VVVHTKDUIOCALE-UHFFFAOYSA-N,IC50,IC50,6.51,10.1021/acs.jmedchem.6b00609,2016,16645332
ACHE_HUMAN_IC50,Human AChE,primary,CHEMBL220,Acetylcholinesterase,Homo sapiens,CHEMBL396199,COc1cc2cc(-c3ccc(C[N+](C)(C)Cc4ccccc4)cc3)c(=O)oc2cc1OC.[I-],QORXOGZMDOMBOV-UHFFFAOYSA-M,IC50,IC50,7.98,10.1021/jm070100g,2007,1915646
ACHE_HUMAN_IC50,Human AChE,primary,CHEMBL220,Acetylcholinesterase,Homo sapiens,CHEMBL26125,CCN(Cc1ccccc1)Cc1ccc(-c2cc3ccc(OCCNC(=O)Cc4cc(F)cc(F)c4)cc3oc2=O)cc1,GRPPZHNSLSWJDA-UHFFFAOYSA-N,IC50,IC50,6.74,10.1016/j.bmcl.2007.09.100,2008,2087479
ACHE_HUMAN_IC50,Human AChE,primary,CHEMBL220,Acetylcholinesterase,Homo sapiens,CHEMBL3586605,Cc1c(C)c2ccc(OCc3ccc(CN(C)Cc4ccc(C#N)cc4)cc3)cc2oc1=O.Cl,ZTBZKZXWTJGUGV-UHFFFAOYSA-N,IC50,IC50,5.41,10.1021/acs.jmedchem.5b00599,2015,15625545
ACHE_HUMAN_IC50,Human AChE,primary,CHEMBL220,Acetylcholinesterase,Homo sapiens,CHEMBL4216807,Cc1cc(=O)oc2cc(OCc3cc[n+](Cc4ccc([N+](=O)[O-])cc4)cc3)ccc12.[Br-],XVMDYZJNSFEERP-UHFFFAOYSA-M,IC50,IC50,5.97,10.1016/j.ejmech.2017.07.055,2017,18517582
ACHE_HUMAN_IC50,Human AChE,primary,CHEMBL220,Acetylcholinesterase,Homo sapiens,CHEMBL4210401,Cc1ccccc1C[n+]1ccc(COc2ccc3c(C)cc(=O)oc3c2)cc1.[Br-],SXYXVHCWGYVMER-UHFFFAOYSA-M,IC50,IC50,7.45,10.1016/j.ejmech.2017.07.055,2017,18517575
ACHE_HUMAN_IC50,Human AChE,primary,CHEMBL220,Acetylcholinesterase,Homo sapiens,CHEMBL3586577,Cc1c(C)c2ccc(OCCCCCNCc3ccccc3)cc2oc1=O.Cl,PYWSNNOUDNPDGL-UHFFFAOYSA-N,IC50,IC50,6.52,10.1021/acs.jmedchem.5b00599,2015,15625534
ACHE_HUMAN_IC50,Human AChE,primary,CHEMBL220,Acetylcholinesterase,Homo sapiens,CHEMBL3335053,COc1cccc(CC2CCN(CCCCOc3ccc4c5c(c(=O)oc4c3)CCCC5)CC2)c1,GGTPKCUHOKYRFT-UHFFFAOYSA-N,IC50,IC50,4.86,10.1016/j.bmc.2014.08.016,2014,15100057
ACHE_HUMAN_IC50,Human AChE,primary,CHEMBL220,Acetylcholinesterase,Homo sapiens,CHEMBL3335051,COc1cccc(CN(C)CCCCOc2ccc3c4c(c(=O)oc3c2)CCCC4)c1,KEYLOFFNMVKPSA-UHFFFAOYSA-N,IC50,IC50,5.77,10.1016/j.bmc.2014.08.016,2014,15100059
ACHE_HUMAN_IC50,Human AChE,primary,CHEMBL220,Acetylcholinesterase,Homo sapiens,CHEMBL3827058,COc1ccc(-c2cc3cc(OCCCN(C)Cc4cccc(OC(=O)NCCCCCc5ccccc5)c4)ccc3oc2=O)cc1,AKOGQQINMRSZAR-UHFFFAOYSA-N,IC50,IC50,6.75,10.1021/acs.jmedchem.6b00609,2016,16646191
ACHE_HUMAN_IC50,Human AChE,primary,CHEMBL220,Acetylcholinesterase,Homo sapiens,CHEMBL3828693,CCCCCCCNC(=O)Oc1cccc(CN(C)CCCCCOc2ccc3ccc(=O)oc3c2)c1,YUVUWSUDMVTYOB-UHFFFAOYSA-N,IC50,IC50,7.95,10.1021/acs.jmedchem.6b00609,2016,16646198
ACHE_HUMAN_IC50,Human AChE,primary,CHEMBL220,Acetylcholinesterase,Homo sapiens,CHEMBL389825,COc1ccccc1CN(C)Cc1ccc(-c2cc3cc(OC)c(OC)cc3oc2=O)cc1,WGNYJSHONXWUNW-UHFFFAOYSA-N,IC50,IC50,7.21,10.1021/jm070100g,2007,1915661
ACHE_HUMAN_IC50,Human AChE,primary,CHEMBL220,Acetylcholinesterase,Homo sapiens,CHEMBL3220507,Cc1ccc(C(=O)Nc2cc3cc(C)ccc3oc2=O)cc1,DUFYHLPGRRTZAM-UHFFFAOYSA-N,IC50,IC50,4.38,10.1039/C1MD00221J,2012,14553004
ACHE_HUMAN_IC50,Human AChE,primary,CHEMBL220,Acetylcholinesterase,Homo sapiens,CHEMBL3322159,O=C(Cc1cc(=O)oc2cc(O)ccc12)NCCCNc1c2c(nc3ccccc13)CCCC2,LNXFVCTVJXMJED-UHFFFAOYSA-N,IC50,IC50,6.56,10.1021/jm5008648,2014,15013238
ACHE_HUMAN_IC50,Human AChE,primary,CHEMBL220,Acetylcholinesterase,Homo sapiens,CHEMBL396247,COc1cc2cc(-c3ccc(CN(CCO)Cc4ccccc4)cc3)c(=O)oc2cc1OC,VFAABMDLNHZKGL-UHFFFAOYSA-N,IC50,IC50,7.31,10.1021/jm070100g,2007,1915657
ACHE_HUMAN_IC50,Human AChE,primary,CHEMBL220,Acetylcholinesterase,Homo sapiens,CHEMBL3322161,O=C(Cc1cc(=O)oc2cc(O)ccc12)NNC(=S)Nc1c2c(nc3ccccc13)CCCC2,LSJUOQUGCKLCKO-UHFFFAOYSA-N,IC50,IC50,5.09,10.1021/jm5008648,2014,15013241
ACHE_HUMAN_IC50,Human AChE,primary,CHEMBL220,Acetylcholinesterase,Homo sapiens,CHEMBL4464759,Cc1c(C)c2ccc(OCC3CCN(CCCO)CC3)cc2oc1=O,IEMVOQOAOQXSRB-UHFFFAOYSA-N,IC50,IC50,6.05,10.1016/j.ejmech.2018.10.016,2019,18936980
ACHE_HUMAN_IC50,Human AChE,primary,CHEMBL220,Acetylcholinesterase,Homo sapiens,CHEMBL4464759,Cc1c(C)c2ccc(OCC3CCN(CCCO)CC3)cc2oc1=O,IEMVOQOAOQXSRB-UHFFFAOYSA-N,IC50,IC50,6.05,10.1021/acs.jmedchem.1c01784,2022,24422277
ACHE_HUMAN_IC50,Human AChE,primary,CHEMBL220,Acetylcholinesterase,Homo sapiens,CHEMBL2047528,CN(CCCOc1ccc2ccc(=O)oc2c1)Cc1cccc(OC(=O)NCCCCCc2ccccc2)c1,LPCKLAOPKGFZKH-UHFFFAOYSA-N,IC50,IC50,7.13,10.1021/ml200313p,2012,10941486
ACHE_HUMAN_IC50,Human AChE,primary,CHEMBL220,Acetylcholinesterase,Homo sapiens,CHEMBL128551,CCCCNC(=O)Oc1cccc(CN(C)CCCOc2ccc3ccc(=O)oc3c2)c1,MTHAAFJWKDKWDN-UHFFFAOYSA-N,IC50,IC50,7.85,10.1016/j.ejmech.2009.12.038,2010,3316261
ACHE_HUMAN_IC50,Human AChE,primary,CHEMBL220,Acetylcholinesterase,Homo sapiens,CHEMBL128551,CCCCNC(=O)Oc1cccc(CN(C)CCCOc2ccc3ccc(=O)oc3c2)c1,MTHAAFJWKDKWDN-UHFFFAOYSA-N,IC50,IC50,7.85,10.1007/s00044-010-9373-7,2011,12427220
ACHE_HUMAN_IC50,Human AChE,primary,CHEMBL220,Acetylcholinesterase,Homo sapiens,CHEMBL3586771,CN(Cc1ccccc1)Cc1ccc(COc2ccc3c(CO)cc(=O)oc3c2)cc1,RTJRBYKZQSYWCM-UHFFFAOYSA-N,IC50,IC50,6.92,10.1021/acs.jmedchem.1c01784,2022,24422273
ACHE_HUMAN_IC50,Human AChE,primary,CHEMBL220,Acetylcholinesterase,Homo sapiens,CHEMBL3586771,CN(Cc1ccccc1)Cc1ccc(COc2ccc3c(CO)cc(=O)oc3c2)cc1,RTJRBYKZQSYWCM-UHFFFAOYSA-N,IC50,IC50,6.92,10.1016/j.ejmech.2024.116511,2024,25998532
ACHE_HUMAN_IC50,Human AChE,primary,CHEMBL220,Acetylcholinesterase,Homo sapiens,CHEMBL3335017,CC(c1ccc2c(c1)oc(=O)c1ccccc12)N(C)C.Cl,RGULXVMJKXEFTA-UHFFFAOYSA-N,IC50,IC50,4.96,10.1016/j.bmc.2014.08.016,2014,15100080
ACHE_HUMAN_IC50,Human AChE,primary,CHEMBL220,Acetylcholinesterase,Homo sapiens,CHEMBL440526,CCCCCCCNC(=O)Oc1cccc(CN(C)CCCOc2ccc3ccc(=O)oc3c2)c1,FTRXEEOTFGUKHN-UHFFFAOYSA-N,IC50,IC50,7.43,10.1021/acs.jmedchem.6b00609,2016,16646193
ACHE_HUMAN_IC50,Human AChE,primary,CHEMBL220,Acetylcholinesterase,Homo sapiens,CHEMBL3335048,O=c1oc2cc(OCCCN3CCN(Cc4ccccc4)CC3)ccc2c2c1CCCC2,KMFIWXMOTHJQAP-UHFFFAOYSA-N,IC50,IC50,6.05,10.1016/j.bmc.2014.08.016,2014,15100062
ACHE_HUMAN_IC50,Human AChE,primary,CHEMBL220,Acetylcholinesterase,Homo sapiens,CHEMBL3335022,CC(c1cc(O)cc2oc(=O)c3ccccc3c12)N(C)C.Cl,RRRZVWSHNZJACH-UHFFFAOYSA-N,IC50,IC50,4.48,10.1016/j.bmc.2014.08.016,2014,15100075
ACHE_HUMAN_IC50,Human AChE,primary,CHEMBL220,Acetylcholinesterase,Homo sapiens,CHEMBL3586594,Cc1cc(=O)oc2cc(OCc3ccc(CN(C)Cc4ccccc4)cc3)ccc12.Cl,GDOQYXLNAKCFNO-UHFFFAOYSA-N,IC50,IC50,6.04,10.1021/acs.jmedchem.5b00599,2015,15625539
ACHE_HUMAN_IC50,Human AChE,primary,CHEMBL220,Acetylcholinesterase,Homo sapiens,CHEMBL4213345,Cc1cc(=O)oc2cc(OCc3cc[n+](Cc4ccc(Br)cc4)cc3)ccc12.[Br-],IZFCERVBDMXUMX-UHFFFAOYSA-M,IC50,IC50,6.66,10.1016/j.ejmech.2017.07.055,2017,18517580
ACHE_HUMAN_IC50,Human AChE,primary,CHEMBL220,Acetylcholinesterase,Homo sapiens,CHEMBL2440134,COc1c(F)c[n+](CCCCOc2ccc3c(C)cc(=O)oc3c2)cc1F.O=S(=O)([O-])C(F)(F)F,XRUAEVWJKITXIG-UHFFFAOYSA-M,IC50,IC50,6.28,10.1016/j.bmcl.2013.09.008,2013,13509754
ACHE_HUMAN_IC50,Human AChE,primary,CHEMBL220,Acetylcholinesterase,Homo sapiens,CHEMBL2440134,COc1c(F)c[n+](CCCCOc2ccc3c(C)cc(=O)oc3c2)cc1F.O=S(=O)([O-])C(F)(F)F,XRUAEVWJKITXIG-UHFFFAOYSA-M,IC50,IC50,6.16,10.1016/j.bmcl.2013.09.008,2013,13509786
ACHE_HUMAN_IC50,Human AChE,primary,CHEMBL220,Acetylcholinesterase,Homo sapiens,CHEMBL4578377,Cc1c(C)c2ccc(OCC3CCN(Cc4cccc(OCCCO[N+](=O)[O-])c4)CC3)cc2oc1=O,XOEFPFRIFYUXTJ-UHFFFAOYSA-N,IC50,IC50,6.32,10.1016/j.ejmech.2018.10.016,2019,18936983
ACHE_HUMAN_IC50,Human AChE,primary,CHEMBL220,Acetylcholinesterase,Homo sapiens,CHEMBL4218281,Cc1cc(=O)oc2cc(OCc3cc[n+](Cc4cccc(Br)c4)cc3)ccc12.[Br-],PDVFIUQVUQYIGU-UHFFFAOYSA-M,IC50,IC50,6.89,10.1016/j.ejmech.2017.07.055,2017,18517579
ACHE_HUMAN_IC50,Human AChE,primary,CHEMBL220,Acetylcholinesterase,Homo sapiens,CHEMBL3417299,Cc1c(Cl)c(=O)oc2cc(OCCN3CCN(CCCNc4c5c(nc6ccccc46)CCCC5)CC3)ccc12,GDFJHAWHVPWSSH-UHFFFAOYSA-N,IC50,IC50,7.61,10.1016/j.ejmech.2015.03.040,2015,15220298
ACHE_HUMAN_IC50,Human AChE,primary,CHEMBL220,Acetylcholinesterase,Homo sapiens,CHEMBL1084883,CCCCCCNC(=O)Oc1cccc(CN(C)CCCOc2ccc3ccc(=O)oc3c2)c1,ZRCBPVTWLWOJLM-UHFFFAOYSA-N,IC50,IC50,7.89,10.1016/j.ejmech.2009.12.038,2010,3316262
ACHE_HUMAN_IC50,Human AChE,primary,CHEMBL220,Acetylcholinesterase,Homo sapiens,CHEMBL4205520,Cc1cccc(C[n+]2ccc(COc3ccc4c(C)cc(=O)oc4c3)cc2)c1.[Br-],SBLXOXLJUZQAJL-UHFFFAOYSA-M,IC50,IC50,7.08,10.1016/j.ejmech.2017.07.055,2017,18517576
ACHE_HUMAN_IC50,Human AChE,primary,CHEMBL220,Acetylcholinesterase,Homo sapiens,CHEMBL3335050,CN(CCCCOc1ccc2c3c(c(=O)oc2c1)CCCC3)Cc1ccccc1,WSKTVSBIHWPZCM-UHFFFAOYSA-N,IC50,IC50,6.0,10.1016/j.bmc.2014.08.016,2014,15100060
ACHE_HUMAN_IC50,Human AChE,primary,CHEMBL220,Acetylcholinesterase,Homo sapiens,CHEMBL3335031,CN(CCCOc1ccc2c3c(c(=O)oc2c1)CCCC3)Cc1ccccc1,HUWWMDRBFQAIAI-UHFFFAOYSA-N,IC50,IC50,5.68,10.1016/j.bmc.2014.08.016,2014,15100066
ACHE_HUMAN_IC50,Human AChE,primary,CHEMBL220,Acetylcholinesterase,Homo sapiens,CHEMBL3335054,O=c1oc2cc(OCCCCN3CCN(Cc4ccccc4)CC3)ccc2c2c1CCCC2,LLRQWHTWQOOTRV-UHFFFAOYSA-N,IC50,IC50,5.19,10.1016/j.bmc.2014.08.016,2014,15100056
ACHE_HUMAN_IC50,Human AChE,primary,CHEMBL220,Acetylcholinesterase,Homo sapiens,CHEMBL2441680,COc1ccc(C(F)(F)F)c[n+]1CCCOc1ccc2c(C)cc(=O)oc2c1.O=S(=O)([O-])C(F)(F)F,MJCLAGLRDDLAEC-UHFFFAOYSA-M,IC50,IC50,5.44,10.1016/j.bmcl.2013.09.008,2013,13509758
ACHE_HUMAN_IC50,Human AChE,primary,CHEMBL220,Acetylcholinesterase,Homo sapiens,CHEMBL2441680,COc1ccc(C(F)(F)F)c[n+]1CCCOc1ccc2c(C)cc(=O)oc2c1.O=S(=O)([O-])C(F)(F)F,MJCLAGLRDDLAEC-UHFFFAOYSA-M,IC50,IC50,5.44,10.1016/j.bmcl.2013.09.008,2013,13509790
ACHE_HUMAN_IC50,Human AChE,primary,CHEMBL220,Acetylcholinesterase,Homo sapiens,CHEMBL3828293,CN(CCCCCOc1ccc2ccc(=O)oc2c1)Cc1cccc(OC(=O)NCCCCCc2ccccc2)c1,QUCBXGWIZAVJDM-UHFFFAOYSA-N,IC50,IC50,7.05,10.1021/acs.jmedchem.6b00609,2016,16646197
ACHE_HUMAN_IC50,Human AChE,primary,CHEMBL220,Acetylcholinesterase,Homo sapiens,CHEMBL3335070,COc1cccc(CC2CCN(CCCCOc3ccc4c(c3)oc(=O)c3ccccc34)CC2)c1,PTBWWTXVGBBFIJ-UHFFFAOYSA-N,IC50,IC50,4.56,10.1016/j.bmc.2014.08.016,2014,15100039
ACHE_HUMAN_IC50,Human AChE,primary,CHEMBL220,Acetylcholinesterase,Homo sapiens,CHEMBL3765293,O=c1cc(Cl)c2ccc(OCCNC3CCN(Cc4ccccc4)CC3)cc2o1,XATVGNRTOUJFHU-UHFFFAOYSA-N,IC50,IC50,5.69,10.1016/j.bmc.2016.02.023,2016,16481065
ACHE_HUMAN_IC50,Human AChE,primary,CHEMBL220,Acetylcholinesterase,Homo sapiens,CHEMBL239046,CCN(Cc1ccccc1)Cc1ccc(-c2cc3cc(OCCNC(=O)/C=C/c4cc(F)cc(F)c4)ccc3oc2=O)cc1,OWHHSAFAYNBMOB-XNTDXEJSSA-N,IC50,IC50,5.14,10.1016/j.bmcl.2007.09.100,2008,2087482
ACHE_HUMAN_IC50,Human AChE,primary,CHEMBL220,Acetylcholinesterase,Homo sapiens,CHEMBL3322162,O=C(Cc1cc(=O)oc2cc(O)ccc12)N/N=C1\SCC(=O)N1c1c2c(nc3ccccc13)CCCC2,RIKRBQRHKWZGBG-IKPAITLHSA-N,IC50,IC50,4.8,10.1021/jm5008648,2014,15013242
ACHE_HUMAN_IC50,Human AChE,primary,CHEMBL220,Acetylcholinesterase,Homo sapiens,CHEMBL4519129,O=C1N/C(=N\c2ccc3oc(=O)ccc3c2)S/C1=C/c1ccc(Br)cc1,ISVNQARPXSBWBP-CXUHLZMHSA-N,IC50,IC50,6.56,10.1016/j.ejmech.2019.111651,2019,19279557
ACHE_HUMAN_IC50,Human AChE,primary,CHEMBL220,Acetylcholinesterase,Homo sapiens,CHEMBL75121,COc1cc2cc(-c3ccc(CN(C)Cc4ccccc4)cc3)c(=O)oc2cc1OC,KXMCSAUVAHKCOR-UHFFFAOYSA-N,IC50,IC50,7.36,10.1016/j.bmc.2010.01.071,2010,3126505
ACHE_HUMAN_IC50,Human AChE,primary,CHEMBL220,Acetylcholinesterase,Homo sapiens,CHEMBL75121,COc1cc2cc(-c3ccc(CN(C)Cc4ccccc4)cc3)c(=O)oc2cc1OC,KXMCSAUVAHKCOR-UHFFFAOYSA-N,IC50,IC50,7.35,10.1021/jm7009364,2008,2077398
ACHE_HUMAN_IC50,Human AChE,primary,CHEMBL220,Acetylcholinesterase,Homo sapiens,CHEMBL75121,COc1cc2cc(-c3ccc(CN(C)Cc4ccccc4)cc3)c(=O)oc2cc1OC,KXMCSAUVAHKCOR-UHFFFAOYSA-N,IC50,IC50,7.35,10.1016/j.ejmech.2018.05.031,2018,18429861
ACHE_HUMAN_IC50,Human AChE,primary,CHEMBL220,Acetylcholinesterase,Homo sapiens,CHEMBL75121,COc1cc2cc(-c3ccc(CN(C)Cc4ccccc4)cc3)c(=O)oc2cc1OC,KXMCSAUVAHKCOR-UHFFFAOYSA-N,IC50,IC50,7.35,10.1021/jm0496741,2005,1517917
ACHE_HUMAN_IC50,Human AChE,primary,CHEMBL220,Acetylcholinesterase,Homo sapiens,CHEMBL75121,COc1cc2cc(-c3ccc(CN(C)Cc4ccccc4)cc3)c(=O)oc2cc1OC,KXMCSAUVAHKCOR-UHFFFAOYSA-N,IC50,IC50,7.35,10.1021/jm0340602,2003,1197605
ACHE_HUMAN_IC50,Human AChE,primary,CHEMBL220,Acetylcholinesterase,Homo sapiens,CHEMBL75121,COc1cc2cc(-c3ccc(CN(C)Cc4ccccc4)cc3)c(=O)oc2cc1OC,KXMCSAUVAHKCOR-UHFFFAOYSA-N,IC50,IC50,7.35,10.1016/j.bmc.2016.07.061,2016,19444802
ACHE_HUMAN_IC50,Human AChE,primary,CHEMBL220,Acetylcholinesterase,Homo sapiens,CHEMBL75121,COc1cc2cc(-c3ccc(CN(C)Cc4ccccc4)cc3)c(=O)oc2cc1OC,KXMCSAUVAHKCOR-UHFFFAOYSA-N,IC50,IC50,7.35,10.1016/j.bmcl.2007.09.100,2008,2087474
ACHE_HUMAN_IC50,Human AChE,primary,CHEMBL220,Acetylcholinesterase,Homo sapiens,CHEMBL75121,COc1cc2cc(-c3ccc(CN(C)Cc4ccccc4)cc3)c(=O)oc2cc1OC,KXMCSAUVAHKCOR-UHFFFAOYSA-N,IC50,IC50,7.35,10.1021/jm070100g,2007,1915642
ACHE_HUMAN_IC50,Human AChE,primary,CHEMBL220,Acetylcholinesterase,Homo sapiens,CHEMBL75121,COc1cc2cc(-c3ccc(CN(C)Cc4ccccc4)cc3)c(=O)oc2cc1OC,KXMCSAUVAHKCOR-UHFFFAOYSA-N,IC50,IC50,7.35,10.1016/j.bmc.2017.05.043,2017,18255378
ACHE_HUMAN_IC50,Human AChE,primary,CHEMBL220,Acetylcholinesterase,Homo sapiens,CHEMBL3335028,COc1cccc(CC2CCN(CCOc3ccc4c5c(c(=O)oc4c3)CCCC5)CC2)c1,LWWYSSYDRVEIDW-UHFFFAOYSA-N,IC50,IC50,4.43,10.1016/j.bmc.2014.08.016,2014,15100069
ACHE_HUMAN_IC50,Human AChE,primary,CHEMBL220,Acetylcholinesterase,Homo sapiens,CHEMBL3335060,O=c1oc2cc(OCCN3CCN(Cc4ccccc4)CC3)ccc2c2ccccc12,NHTLSLIZIOTGBZ-UHFFFAOYSA-N,IC50,IC50,6.05,10.1016/j.bmc.2014.08.016,2014,15100050
ACHE_HUMAN_IC50,Human AChE,primary,CHEMBL220,Acetylcholinesterase,Homo sapiens,CHEMBL3335055,COc1cccc(CN2CCN(CCCCOc3ccc4c5c(c(=O)oc4c3)CCCC5)CC2)c1,FOOMLDMUSXDTOO-UHFFFAOYSA-N,IC50,IC50,5.06,10.1016/j.bmc.2014.08.016,2014,15100055
ACHE_HUMAN_IC50,Human AChE,primary,CHEMBL220,Acetylcholinesterase,Homo sapiens,CHEMBL274030,Cc1c(C)c2ccc(OCc3ccc(Cl)cc3)cc2oc1=O,LVUUTOUXLZZNQA-UHFFFAOYSA-N,IC50,IC50,5.52,10.1016/j.ejmech.2018.01.003,2018,25040040
ACHE_HUMAN_IC50,Human AChE,primary,CHEMBL220,Acetylcholinesterase,Homo sapiens,CHEMBL3335062,CN(CCCOc1ccc2c(c1)oc(=O)c1ccccc12)Cc1ccccc1,VWMVVTZSFRCBOF-UHFFFAOYSA-N,IC50,IC50,5.07,10.1016/j.bmc.2014.08.016,2014,15100048
ACHE_HUMAN_IC50,Human AChE,primary,CHEMBL220,Acetylcholinesterase,Homo sapiens,CHEMBL244619,CN(Cc1ccccc1)Cc1ccc(-c2cc3cc([N+](=O)[O-])ccc3oc2=O)cc1,YOADEHMCUGVQME-UHFFFAOYSA-N,IC50,IC50,6.83,10.1021/jm070100g,2007,1915656
ACHE_HUMAN_IC50,Human AChE,primary,CHEMBL220,Acetylcholinesterase,Homo sapiens,CHEMBL109085,Cc1cccc(COc2ccc3c(C)c(C)c(=O)oc3c2)c1,XZZUNARGJTUDCF-UHFFFAOYSA-N,IC50,IC50,5.52,10.1016/j.ejmech.2018.01.003,2018,25040050
ACHE_HUMAN_IC50,Human AChE,primary,CHEMBL220,Acetylcholinesterase,Homo sapiens,CHEMBL243130,COc1cc2cc(-c3ccc(CN(C)Cc4ccccc4C)cc3)c(=O)oc2cc1OC,XZUBXCWVPOEDDO-UHFFFAOYSA-N,IC50,IC50,6.44,10.1021/jm070100g,2007,1915664
ACHE_HUMAN_IC50,Human AChE,primary,CHEMBL220,Acetylcholinesterase,Homo sapiens,CHEMBL413794,COc1ccc2oc(=O)c(-c3cccc(CN(C)Cc4ccccc4)c3)cc2c1,FIEUWEAPAWAGIC-UHFFFAOYSA-N,IC50,IC50,6.52,10.1021/jm070100g,2007,1915669
ACHE_HUMAN_IC50,Human AChE,primary,CHEMBL220,Acetylcholinesterase,Homo sapiens,CHEMBL242906,COc1cc2cc(-c3ccc(CN(C)Cc4ccc([N+](=O)[O-])cc4)cc3)c(=O)oc2cc1OC,LVQGJNIUNMKESA-UHFFFAOYSA-N,IC50,IC50,4.61,10.1021/jm070100g,2007,1915665
ACHE_HUMAN_IC50,Human AChE,primary,CHEMBL220,Acetylcholinesterase,Homo sapiens,CHEMBL243311,COc1ccc2cc(-c3cccc(CN(C)Cc4ccccc4)c3)c(=O)oc2c1,HKDKMWFYFZIROV-UHFFFAOYSA-N,IC50,IC50,5.64,10.1021/jm070100g,2007,1915671
ACHE_HUMAN_IC50,Human AChE,primary,CHEMBL220,Acetylcholinesterase,Homo sapiens,CHEMBL4167524,Cc1cc(=O)oc2cc(OCCCCSC(=S)N3CCCCC3)ccc12,ZOCBBCHDTYVHNA-UHFFFAOYSA-N,IC50,IC50,7.57,10.1016/j.ejmech.2018.01.055,2018,18390224
ACHE_HUMAN_IC50,Human AChE,primary,CHEMBL220,Acetylcholinesterase,Homo sapiens,CHEMBL1940737,COc1cc2c(C)c(OC)c(=O)oc2cc1OCCCCOc1cc(O)cc(N(C)C)c1,XPLUXJZLCXRYPW-UHFFFAOYSA-N,IC50,IC50,6.56,10.1016/j.bmc.2011.12.042,2012,8001638
ACHE_HUMAN_IC50,Human AChE,primary,CHEMBL220,Acetylcholinesterase,Homo sapiens,CHEMBL3586610,CN(Cc1ccc(COc2ccc3c(CO)cc(=O)oc3c2)cc1)Cc1cccc(Cl)c1.Cl,FZZXGKUKZACCKL-UHFFFAOYSA-N,IC50,IC50,6.48,10.1021/acs.jmedchem.5b00599,2015,15625547
ACHE_HUMAN_IC50,Human AChE,primary,CHEMBL220,Acetylcholinesterase,Homo sapiens,CHEMBL109018,Cc1c(C)c2ccc(OCc3cccc(Cl)c3)cc2oc1=O,QYAGHNCHSVGMMO-UHFFFAOYSA-N,IC50,IC50,5.52,10.1016/j.ejmech.2018.01.003,2018,25040044
ACHE_HUMAN_IC50,Human AChE,primary,CHEMBL220,Acetylcholinesterase,Homo sapiens,CHEMBL109018,Cc1c(C)c2ccc(OCc3cccc(Cl)c3)cc2oc1=O,QYAGHNCHSVGMMO-UHFFFAOYSA-N,IC50,IC50,5.47,10.1021/jm7009364,2008,2077387
ACHE_HUMAN_IC50,Human AChE,primary,CHEMBL220,Acetylcholinesterase,Homo sapiens,CHEMBL3827220,O=C(NCCCCCc1ccccc1)Oc1cccc(Cn2cc(COc3ccc4ccc(=O)oc4c3)nn2)c1,JOSKSNIVZAEQFU-UHFFFAOYSA-N,IC50,IC50,6.04,10.1021/acs.jmedchem.6b00609,2016,16646202
ACHE_HUMAN_IC50,Human AChE,primary,CHEMBL220,Acetylcholinesterase,Homo sapiens,CHEMBL2047529,CN(CCCOc1ccc2ccc(=O)oc2c1)Cc1cccc(OC(=O)NCCCCCCCN2CCOCC2)c1,SBQAIYUBGADZLI-UHFFFAOYSA-N,IC50,IC50,6.92,10.1021/ml200313p,2012,10941487
ACHE_HUMAN_IC50,Human AChE,primary,CHEMBL220,Acetylcholinesterase,Homo sapiens,CHEMBL271709,CCN(Cc1ccccc1)Cc1ccc(-c2cc3ccc(OCCNC(=O)/C=C/c4cc(F)cc(F)c4)cc3oc2=O)cc1,OCCKNKZEIGZTKX-XNTDXEJSSA-N,IC50,IC50,5.34,10.1016/j.bmcl.2007.09.100,2008,2087478
ACHE_HUMAN_IC50,Human AChE,primary,CHEMBL220,Acetylcholinesterase,Homo sapiens,CHEMBL3335025,CN(CCOc1ccc2c3c(c(=O)oc2c1)CCCC3)Cc1ccccc1,YCPZOCGKKJAVJI-UHFFFAOYSA-N,IC50,IC50,5.55,10.1016/j.bmc.2014.08.016,2014,15100072
ACHE_HUMAN_IC50,Human AChE,primary,CHEMBL220,Acetylcholinesterase,Homo sapiens,CHEMBL3335064,O=c1oc2cc(OCCCN3CCC(Cc4ccccc4)CC3)ccc2c2ccccc12,JCHKASOGFPNEMX-UHFFFAOYSA-N,IC50,IC50,5.39,10.1016/j.bmc.2014.08.016,2014,15100046
ACHE_HUMAN_IC50,Human AChE,primary,CHEMBL220,Acetylcholinesterase,Homo sapiens,CHEMBL3545709,C[C@@H](c1ccc2c(c1)oc(=O)c1ccccc12)N(C)C,LIZYKHYLXJGMFT-NSHDSACASA-N,IC50,IC50,5.1,,2017,26975707
ACHE_HUMAN_IC50,Human AChE,primary,CHEMBL220,Acetylcholinesterase,Homo sapiens,CHEMBL5169638,COc1cc(/C=C/c2cc(=O)oc3c2ccc2oc(-c4ccc(C)cc4)cc23)cc(OC)c1,WMOIBRASIVKPQO-RMKNXTFCSA-N,IC50,IC50,5.75,10.1016/j.ejmech.2022.114242,2022,24776394
ACHE_HUMAN_IC50,Human AChE,primary,CHEMBL220,Acetylcholinesterase,Homo sapiens,CHEMBL2441683,COc1c(F)c[n+](CCCOc2ccc3c(C)cc(=O)oc3c2)cc1F.O=S(=O)([O-])C(F)(F)F,RMKGVUWQYULRKN-UHFFFAOYSA-M,IC50,IC50,5.77,10.1016/j.bmcl.2013.09.008,2013,13509787
ACHE_HUMAN_IC50,Human AChE,primary,CHEMBL220,Acetylcholinesterase,Homo sapiens,CHEMBL2441683,COc1c(F)c[n+](CCCOc2ccc3c(C)cc(=O)oc3c2)cc1F.O=S(=O)([O-])C(F)(F)F,RMKGVUWQYULRKN-UHFFFAOYSA-M,IC50,IC50,5.72,10.1016/j.bmcl.2013.09.008,2013,13509755
ACHE_HUMAN_IC50,Human AChE,primary,CHEMBL220,Acetylcholinesterase,Homo sapiens,CHEMBL4208961,Cc1cc(=O)oc2cc(OCc3cc[n+](Cc4ccccc4Br)cc3)ccc12.[Br-],HGSMDYBCEIXINY-UHFFFAOYSA-M,IC50,IC50,7.11,10.1016/j.ejmech.2017.07.055,2017,18517578
ACHE_HUMAN_IC50,Human AChE,primary,CHEMBL220,Acetylcholinesterase,Homo sapiens,CHEMBL3586600,Cc1cc(=O)oc2cc(OCc3ccc(CN(C)Cc4cccc(Cl)c4)cc3)ccc12.Cl,NAIGEVCHUKVUFG-UHFFFAOYSA-N,IC50,IC50,6.0,10.1021/acs.jmedchem.5b00599,2015,15625541
ACHE_HUMAN_IC50,Human AChE,primary,CHEMBL220,Acetylcholinesterase,Homo sapiens,CHEMBL3586593,Cc1cc2ccc(OCc3ccc(CN(C)Cc4ccccc4)cc3)cc2oc1=O.Cl,XLSLYAQVOOFDSE-UHFFFAOYSA-N,IC50,IC50,6.3,10.1021/acs.jmedchem.5b00599,2015,15625538
ACHE_HUMAN_IC50,Human AChE,primary,CHEMBL220,Acetylcholinesterase,Homo sapiens,CHEMBL4205764,Cc1cc(=O)oc2cc(OCc3cc[n+](Cc4ccccc4F)cc3)ccc12.[Br-],DMGKKGXQFVPDLI-UHFFFAOYSA-M,IC50,IC50,7.18,10.1016/j.ejmech.2017.07.055,2017,18517572
ACHE_HUMAN_IC50,Human AChE,primary,CHEMBL220,Acetylcholinesterase,Homo sapiens,CHEMBL4159640,Cc1cc(=O)oc2cc(OCCSC(=S)N3CCC(N4CCCCC4)CC3)ccc12,WEZSRIHVUUPAKP-UHFFFAOYSA-N,IC50,IC50,5.94,10.1016/j.ejmech.2018.01.055,2018,18390226
ACHE_HUMAN_IC50,Human AChE,primary,CHEMBL220,Acetylcholinesterase,Homo sapiens,CHEMBL3417300,Cc1c(C)c2ccc(OCCN3CCN(CCCNc4c5c(nc6ccccc46)CCCC5)CC3)cc2oc1=O,QXXGDBDNPIPTRF-UHFFFAOYSA-N,IC50,IC50,7.79,10.1016/j.ejmech.2015.03.040,2015,15220297
ACHE_HUMAN_IC50,Human AChE,primary,CHEMBL220,Acetylcholinesterase,Homo sapiens,CHEMBL3335072,COc1cccc(CN2CCN(CCCCOc3ccc4c(c3)oc(=O)c3ccccc34)CC2)c1,INQSWFRTCVMRBK-UHFFFAOYSA-N,IC50,IC50,4.67,10.1016/j.bmc.2014.08.016,2014,15100037
ACHE_HUMAN_IC50,Human AChE,primary,CHEMBL220,Acetylcholinesterase,Homo sapiens,CHEMBL4450045,Cc1c(C)c2ccc(OCC3CCN(Cc4cccc(CO)c4)CC3)cc2oc1=O,AKHUHXLIAAFKEN-UHFFFAOYSA-N,IC50,IC50,5.85,10.1016/j.ejmech.2018.10.016,2019,18936978
ACHE_HUMAN_IC50,Human AChE,primary,CHEMBL220,Acetylcholinesterase,Homo sapiens,CHEMBL2381401,COc1ccc2cc(C(=O)CN3CCN(Cc4ccccc4)CC3)c(=O)oc2c1,GDFNKJSVDGBNRH-UHFFFAOYSA-N,IC50,IC50,5.75,10.1016/j.bmcl.2013.02.103,2013,13312987
ACHE_HUMAN_IC50,Human AChE,primary,CHEMBL220,Acetylcholinesterase,Homo sapiens,CHEMBL4445345,Cc1cc(=O)oc2ccc(OC/C=C/CCn3cnc4c(N5CCCCC5)ncnc43)cc12,LIFICNZLRORTHU-XVNBXDOJSA-N,IC50,IC50,4.92,10.1016/j.bmc.2019.01.025,2019,18997123
ACHE_HUMAN_IC50,Human AChE,primary,CHEMBL220,Acetylcholinesterase,Homo sapiens,CHEMBL3545708,CC(c1ccc2c(c1)oc(=O)c1ccccc12)N(C)C,LIZYKHYLXJGMFT-UHFFFAOYSA-N,IC50,IC50,4.96,,2017,26975701
ACHE_HUMAN_IC50,Human AChE,primary,CHEMBL220,Acetylcholinesterase,Homo sapiens,CHEMBL3586576,Cc1c(C)c2ccc(OCCCCN(C)Cc3ccccc3)cc2oc1=O,RNIDTYKTGPWKIQ-UHFFFAOYSA-N,IC50,IC50,6.1,10.1021/acs.jmedchem.5b00599,2015,15625533
ACHE_HUMAN_IC50,Human AChE,primary,CHEMBL220,Acetylcholinesterase,Homo sapiens,CHEMBL5182136,COc1cc(/C=C/c2cc(=O)oc3c2ccc2oc(-c4cc(OC)cc(OC)c4)cc23)cc(OC)c1,DXJLEIVEYFLNDY-AATRIKPKSA-N,IC50,IC50,5.55,10.1016/j.ejmech.2022.114242,2022,24776387
ACHE_HUMAN_IC50,Human AChE,primary,CHEMBL220,Acetylcholinesterase,Homo sapiens,CHEMBL107488,Cc1c(C)c2ccc(OCc3cccc(O)c3)cc2oc1=O,GLRZWGPLUSPXHR-UHFFFAOYSA-N,IC50,IC50,5.52,10.1016/j.ejmech.2018.01.003,2018,25040048
ACHE_HUMAN_IC50,Human AChE,primary,CHEMBL220,Acetylcholinesterase,Homo sapiens,CHEMBL5079544,CN(CCCO)Cc1ccc(COc2ccc3c(CO)cc(=O)oc3c2)cc1,LSEUJBVYGRJBEU-UHFFFAOYSA-N,IC50,IC50,5.66,10.1021/acs.jmedchem.1c01784,2022,24422279
ACHE_HUMAN_IC50,Human AChE,primary,CHEMBL220,Acetylcholinesterase,Homo sapiens,CHEMBL5185240,COc1cc(/C=C/c2cc(=O)oc3c2ccc2oc(-c4ccc(Cl)cc4)cc23)cc(OC)c1,LHNGYBCRWZUKJD-ONEGZZNKSA-N,IC50,IC50,5.75,10.1016/j.ejmech.2022.114242,2022,24776393
ACHE_HUMAN_IC50,Human AChE,primary,CHEMBL220,Acetylcholinesterase,Homo sapiens,CHEMBL244415,COc1ccc(CN(C)Cc2ccc(-c3cc4cc(OC)c(OC)cc4oc3=O)cc2)cc1,HOAWDZNYQXALRG-UHFFFAOYSA-N,IC50,IC50,5.65,10.1021/jm070100g,2007,1915659
ACHE_HUMAN_IC50,Human AChE,primary,CHEMBL220,Acetylcholinesterase,Homo sapiens,CHEMBL108697,Cc1c(C)c2ccc(OCc3cccc(F)c3)cc2oc1=O,XGJZBERLEOSMIT-UHFFFAOYSA-N,IC50,IC50,5.52,10.1016/j.ejmech.2018.01.003,2018,25040045
ACHE_HUMAN_IC50,Human AChE,primary,CHEMBL220,Acetylcholinesterase,Homo sapiens,CHEMBL5094348,Cc1c(C)c2ccc(OCCCN(Cc3cccc(F)c3)C(C)C)cc2oc1=O,XEKGDDSQICBFDK-UHFFFAOYSA-N,IC50,IC50,6.04,10.1021/acs.jmedchem.1c01784,2022,24422268
ACHE_HUMAN_IC50,Human AChE,primary,CHEMBL220,Acetylcholinesterase,Homo sapiens,CHEMBL3586583,CCN(CCCCCCOc1ccc2c(C)c(C)c(=O)oc2c1)Cc1ccccc1.Cl,OBKRRCVVXDEWRI-UHFFFAOYSA-N,IC50,IC50,6.36,10.1021/acs.jmedchem.5b00599,2015,15625536
ACHE_HUMAN_IC50,Human AChE,primary,CHEMBL220,Acetylcholinesterase,Homo sapiens,CHEMBL3586608,CN(Cc1ccccc1)Cc1ccc(COc2ccc3c(CO)cc(=O)oc3c2)cc1.Cl,BNTJFASFUKYXFU-UHFFFAOYSA-N,IC50,IC50,6.92,10.1021/acsmedchemlett.2c00001,2022,24804532
ACHE_HUMAN_IC50,Human AChE,primary,CHEMBL220,Acetylcholinesterase,Homo sapiens,CHEMBL3586608,CN(Cc1ccccc1)Cc1ccc(COc2ccc3c(CO)cc(=O)oc3c2)cc1.Cl,BNTJFASFUKYXFU-UHFFFAOYSA-N,IC50,IC50,6.92,10.1021/acs.jmedchem.5b00599,2015,15625546
ACHE_HUMAN_IC50,Human AChE,primary,CHEMBL220,Acetylcholinesterase,Homo sapiens,CHEMBL3322158,O=C(Cc1cc(=O)oc2cc(O)ccc12)NCCNc1c2c(nc3ccccc13)CCCC2,CLANWNRWLCNHQF-UHFFFAOYSA-N,IC50,IC50,5.54,10.1021/jm5008648,2014,15013235
ACHE_HUMAN_IC50,Human AChE,primary,CHEMBL220,Acetylcholinesterase,Homo sapiens,CHEMBL3335052,O=c1oc2cc(OCCCCN3CCC(Cc4ccccc4)CC3)ccc2c2c1CCCC2,GTVSDMPQZNLHNQ-UHFFFAOYSA-N,IC50,IC50,5.04,10.1016/j.bmc.2014.08.016,2014,15100058
ACHE_HUMAN_IC50,Human AChE,primary,CHEMBL220,Acetylcholinesterase,Homo sapiens,CHEMBL3335057,COc1cccc(CN(C)CCOc2ccc3c(c2)oc(=O)c2ccccc23)c1,GSAZAEPRQPHTHJ-UHFFFAOYSA-N,IC50,IC50,4.74,10.1016/j.bmc.2014.08.016,2014,15100053
ACHE_HUMAN_IC50,Human AChE,primary,CHEMBL220,Acetylcholinesterase,Homo sapiens,CHEMBL5220375,CN(CCCOc1ccc2ccc(=O)oc2c1)Cc1cccc(OC(=O)NC2CCCCC2)c1,RIBSWIDLITYLHS-UHFFFAOYSA-N,IC50,IC50,6.98,10.1016/j.ejmech.2022.114606,2022,24963324
ACHE_HUMAN_IC50,Human AChE,primary,CHEMBL220,Acetylcholinesterase,Homo sapiens,CHEMBL248922,CCN(Cc1ccccc1)Cc1ccc(-c2cc3cc(OCCNC(=O)CCc4ccc(F)c(F)c4)ccc3oc2=O)cc1,VXLNOYAINXJRCV-UHFFFAOYSA-N,IC50,IC50,5.56,10.1016/j.bmcl.2007.09.100,2008,2087481
ACHE_HUMAN_IC50,Human AChE,primary,CHEMBL220,Acetylcholinesterase,Homo sapiens,CHEMBL4648322,COc1cc2cc(NC(=O)[C@@H]3CCC[C@H](NCc4ccccc4)C3)c(=O)oc2cc1OC,UGTGSTDFYWUXNH-MJGOQNOKSA-N,IC50,IC50,7.72,10.1021/acsmedchemlett.9b00656,2020,20652098
ACHE_HUMAN_IC50,Human AChE,primary,CHEMBL220,Acetylcholinesterase,Homo sapiens,CHEMBL4449161,O=c1ccc2cc(/N=C/c3ccc(Cl)cc3)ccc2o1,RBBODLPAWOESCD-VCHYOVAHSA-N,IC50,IC50,7.1,10.1016/j.ejmech.2019.111651,2019,19279547
ACHE_HUMAN_IC50,Human AChE,primary,CHEMBL220,Acetylcholinesterase,Homo sapiens,CHEMBL276076,Cc1c(C)c2ccc(OCc3ccc(F)cc3)cc2oc1=O,QHRPUOKUBRYYKI-UHFFFAOYSA-N,IC50,IC50,5.52,10.1016/j.ejmech.2018.01.003,2018,25040042
ACHE_HUMAN_IC50,Human AChE,primary,CHEMBL220,Acetylcholinesterase,Homo sapiens,CHEMBL4519239,CSc1ccc(C2SCC(=O)N2c2ccc3oc(=O)ccc3c2)cc1,VIPFRQXJBJUMLE-UHFFFAOYSA-N,IC50,IC50,6.51,10.1016/j.ejmech.2019.111651,2019,19279542
ACHE_HUMAN_IC50,Human AChE,primary,CHEMBL220,Acetylcholinesterase,Homo sapiens,CHEMBL3827432,CN(CCCOc1ccc2ccc(=O)oc2c1)Cc1cccc(OC(=O)NCCCCCCc2ccccc2)c1,CQTFNVLDNHGYMC-UHFFFAOYSA-N,IC50,IC50,6.96,10.1021/acs.jmedchem.6b00609,2016,16646196
ACHE_HUMAN_IC50,Human AChE,primary,CHEMBL220,Acetylcholinesterase,Homo sapiens,CHEMBL3545713,CCN(C)C(=O)Oc1cc(C(C)N(C)C)cc2oc(=O)c3ccccc3c12,YGXKBTHHWMVNNV-UHFFFAOYSA-N,IC50,IC50,4.4,,2017,26975737
ACHE_HUMAN_IC50,Human AChE,primary,CHEMBL220,Acetylcholinesterase,Homo sapiens,CHEMBL3335021,CC(c1cc(O)c2c(c1)oc(=O)c1ccccc12)N(C)C.Cl,GWQKDKZHNFGLEG-UHFFFAOYSA-N,IC50,IC50,4.72,10.1016/j.bmc.2014.08.016,2014,15100076
ACHE_HUMAN_IC50,Human AChE,primary,CHEMBL220,Acetylcholinesterase,Homo sapiens,CHEMBL3545701,CC(c1cc(O)c2c(c1)oc(=O)c1ccccc12)N(C)C,GSBAKOQUEJHZRK-UHFFFAOYSA-N,IC50,IC50,4.72,,2017,26975725
ACHE_HUMAN_IC50,Human AChE,primary,CHEMBL220,Acetylcholinesterase,Homo sapiens,CHEMBL244624,CN(Cc1ccccc1)Cc1ccc(-c2cc3cc(N)ccc3oc2=O)cc1,WWWLNIZLSIHRAE-UHFFFAOYSA-N,IC50,IC50,6.55,10.1021/jm070100g,2007,1915655
ACHE_HUMAN_IC50,Human AChE,primary,CHEMBL220,Acetylcholinesterase,Homo sapiens,CHEMBL4456665,Cc1c(C)c2ccc(OCC3CCCN(Cc4ccccc4)C3)cc2oc1=O.Cl,GHBXHJUNRCOQBQ-UHFFFAOYSA-N,IC50,IC50,5.85,10.1021/acsmedchemlett.2c00001,2022,24804533
ACHE_HUMAN_IC50,Human AChE,primary,CHEMBL220,Acetylcholinesterase,Homo sapiens,CHEMBL245047,COc1cccc(CN(C)Cc2ccc(-c3cc4cc(OC)c(OC)cc4oc3=O)cc2)c1,UIALHYCUMNMDDP-UHFFFAOYSA-N,IC50,IC50,6.15,10.1021/jm070100g,2007,1915660
ACHE_HUMAN_IC50,Human AChE,primary,CHEMBL220,Acetylcholinesterase,Homo sapiens,CHEMBL111309,Cc1c(C)c2ccc(OCc3ccccc3)cc2oc1=O,OLKYAFAQLVOQDG-UHFFFAOYSA-N,IC50,IC50,5.52,10.1016/j.ejmech.2018.01.003,2018,25040036
ACHE_HUMAN_IC50,Human AChE,primary,CHEMBL220,Acetylcholinesterase,Homo sapiens,CHEMBL245046,COc1cc2cc(-c3ccc(CN(C)Cc4ccc(C)cc4)cc3)c(=O)oc2cc1OC,RNNHOLLWKOWGSG-UHFFFAOYSA-N,IC50,IC50,6.51,10.1021/jm070100g,2007,1915662
ACHE_HUMAN_IC50,Human AChE,primary,CHEMBL220,Acetylcholinesterase,Homo sapiens,CHEMBL18966,Cc1ccc(COc2ccc3c(C)c(C)c(=O)oc3c2)cc1,GXFXMBTYRNXLMV-UHFFFAOYSA-N,IC50,IC50,5.52,10.1016/j.ejmech.2018.01.003,2018,25040043
ACHE_HUMAN_IC50,Human AChE,primary,CHEMBL220,Acetylcholinesterase,Homo sapiens,CHEMBL109084,Cc1c(C)c2ccc(OCCc3ccccc3)cc2oc1=O,HPHRYPTWOLJCAG-UHFFFAOYSA-N,IC50,IC50,5.52,10.1016/j.ejmech.2018.01.003,2018,25040038
ACHE_HUMAN_IC50,Human AChE,primary,CHEMBL220,Acetylcholinesterase,Homo sapiens,CHEMBL3586595,Cc1c(C)c2ccc(OCc3ccc(CN(C)Cc4ccccc4)cc3)cc2oc1=O.Cl,MBKAOIVYJASVAB-UHFFFAOYSA-N,IC50,IC50,6.35,10.1021/acs.jmedchem.5b00599,2015,15625540
ACHE_HUMAN_IC50,Human AChE,primary,CHEMBL220,Acetylcholinesterase,Homo sapiens,CHEMBL4645659,COc1ccc(CCC(=O)Nc2nc(-c3cc4ccccc4oc3=O)cs2)cc1OC,GHIDWRDXHHQHJD-UHFFFAOYSA-N,IC50,IC50,6.13,10.1016/j.bmcl.2020.126985,2020,20703835
ACHE_HUMAN_IC50,Human AChE,primary,CHEMBL220,Acetylcholinesterase,Homo sapiens,CHEMBL4516296,O=c1ccc2cc(/N=C/c3ccc(Br)cc3)ccc2o1,ZZPNBPQPJRVOMS-VCHYOVAHSA-N,IC50,IC50,7.25,10.1016/j.ejmech.2019.111651,2019,19279545
ACHE_HUMAN_IC50,Human AChE,primary,CHEMBL220,Acetylcholinesterase,Homo sapiens,CHEMBL4445907,O=C(CNc1ccc2oc(=O)ccc2c1)c1ccccc1,NPIBXWJMYNWBHM-UHFFFAOYSA-N,IC50,IC50,6.83,10.1016/j.ejmech.2019.111651,2019,19279541
ACHE_HUMAN_IC50,Human AChE,primary,CHEMBL220,Acetylcholinesterase,Homo sapiens,CHEMBL2391486,Cc1cc(=O)oc2cc(OCCN3CCN(CC(=O)Nc4c5c(nc6ccccc46)CCCC5)CC3)ccc12,RFIJTJVQDQTLEV-UHFFFAOYSA-N,IC50,IC50,7.04,10.1016/j.bmc.2014.05.032,2014,15054164
ACHE_HUMAN_IC50,Human AChE,primary,CHEMBL220,Acetylcholinesterase,Homo sapiens,CHEMBL4571434,O=c1ccc2cc(/N=C/c3ccc(F)cc3)ccc2o1,ALVSUYDOTINZNT-VCHYOVAHSA-N,IC50,IC50,6.65,10.1016/j.ejmech.2019.111651,2019,19279549
ACHE_HUMAN_IC50,Human AChE,primary,CHEMBL220,Acetylcholinesterase,Homo sapiens,CHEMBL4639105,COc1cc2cc(NC(=O)CCCNCc3ccccc3)c(=O)oc2cc1OC,GNNIJJBFVPDBRB-UHFFFAOYSA-N,IC50,IC50,6.13,10.1021/acsmedchemlett.9b00656,2020,20652097
ACHE_HUMAN_IC50,Human AChE,primary,CHEMBL220,Acetylcholinesterase,Homo sapiens,CHEMBL4542575,O=C1N/C(=N\c2ccc3oc(=O)ccc3c2)S/C1=C/c1ccc(F)cc1,SFVHAIDUIJGMSM-CXUHLZMHSA-N,IC50,IC50,6.67,10.1016/j.ejmech.2019.111651,2019,19279553
ACHE_HUMAN_IC50,Human AChE,primary,CHEMBL220,Acetylcholinesterase,Homo sapiens,CHEMBL272700,CCN(Cc1ccccc1)Cc1ccc(-c2cc3cc(OCCNC(=O)Cc4cc(F)cc(F)c4)ccc3oc2=O)cc1,YWZCKVAHVJWALI-UHFFFAOYSA-N,IC50,IC50,6.26,10.1016/j.bmcl.2007.09.100,2008,2087483
ACHE_HUMAN_IC50,Human AChE,primary,CHEMBL220,Acetylcholinesterase,Homo sapiens,CHEMBL4217466,Cc1cc(=O)oc2cc(OCc3cc[n+](Cc4ccccc4)cc3)ccc12.[Br-],AYYLQVYVVGKBGJ-UHFFFAOYSA-M,IC50,IC50,6.45,10.1016/j.ejmech.2017.07.055,2017,18517571
ACHE_HUMAN_IC50,Human AChE,primary,CHEMBL220,Acetylcholinesterase,Homo sapiens,CHEMBL5591982,CN(Cc1ccc(COc2ccc3c(CO)cc(=O)oc3c2)cc1)Cc1cscn1,ADEQUHXOUYZXBF-UHFFFAOYSA-N,IC50,IC50,5.75,10.1016/j.ejmech.2024.116511,2024,25998538
ACHE_HUMAN_IC50,Human AChE,primary,CHEMBL220,Acetylcholinesterase,Homo sapiens,CHEMBL4540497,CN(C)c1ccc(/C=C2/S/C(=N/c3ccc4oc(=O)ccc4c3)NC2=O)cc1,IGKXKYWBWJLCKO-WOJGMQOQSA-N,IC50,IC50,7.08,10.1016/j.ejmech.2019.111651,2019,19279556
ACHE_HUMAN_IC50,Human AChE,primary,CHEMBL220,Acetylcholinesterase,Homo sapiens,CHEMBL4436169,COc1ccc(C(=O)CNc2ccc3oc(=O)ccc3c2)cc1,NGGRBSLMIDZMRP-UHFFFAOYSA-N,IC50,IC50,7.26,10.1016/j.ejmech.2019.111651,2019,19279540
ACHE_HUMAN_IC50,Human AChE,primary,CHEMBL220,Acetylcholinesterase,Homo sapiens,CHEMBL3335020,COc1cc(C(C)N(C)C)c2c(c1)oc(=O)c1ccccc12.Cl,NWWRESDGJBKCNN-UHFFFAOYSA-N,IC50,IC50,4.82,10.1016/j.bmc.2014.08.016,2014,15100077
ACHE_HUMAN_IC50,Human AChE,primary,CHEMBL220,Acetylcholinesterase,Homo sapiens,CHEMBL5563417,CN(CCc1cccs1)Cc1ccc(COc2ccc3c(CO)cc(=O)oc3c2)cc1,TVPDNFHCRMZOCS-UHFFFAOYSA-N,IC50,IC50,5.18,10.1016/j.ejmech.2024.116511,2024,25998542
ACHE_HUMAN_IC50,Human AChE,primary,CHEMBL220,Acetylcholinesterase,Homo sapiens,CHEMBL3827950,O=C(NCCCCCc1ccccc1)Oc1ccc(-n2cc(COc3ccc4ccc(=O)oc4c3)nn2)cc1,GCIRMUZDXUFWGH-UHFFFAOYSA-N,IC50,IC50,4.32,10.1021/acs.jmedchem.6b00609,2016,16646205
ACHE_HUMAN_IC50,Human AChE,primary,CHEMBL220,Acetylcholinesterase,Homo sapiens,CHEMBL470867,COc1ccc2c(=O)oc3c(OC)cc(CCN(C)C)c4c(=O)oc1c2c34,MTAWKURMWOXCEO-UHFFFAOYSA-N,IC50,IC50,6.27,10.1021/np060268p,2006,2535166
ACHE_HUMAN_IC50,Human AChE,primary,CHEMBL220,Acetylcholinesterase,Homo sapiens,CHEMBL442813,CC(C)(O)[C@@H]1Cc2cc3ccc(=O)oc3cc2O1,FWYSBEAFFPBAQU-LBPRGKRZSA-N,IC50,IC50,4.17,10.1021/np000441w,2001,2192249
ACHE_HUMAN_IC50,Human AChE,primary,CHEMBL220,Acetylcholinesterase,Homo sapiens,CHEMBL5200462,O=c1cc(/N=N/N=P(CCP(=N/N=N/c2cc(=O)oc3ccccc23)(c2ccccc2)c2ccccc2)(c2ccccc2)c2ccccc2)c2ccccc2o1,KYZDSNSHJIAEDG-MLGMXDONSA-N,IC50,IC50,7.46,10.1016/j.bmc.2022.116742,2022,24776935
ACHE_HUMAN_IC50,Human AChE,primary,CHEMBL220,Acetylcholinesterase,Homo sapiens,CHEMBL4646080,COc1cc2cc(NC(=O)C3CCN(Cc4ccccc4)CC3)c(=O)oc2cc1OC,KBDRPSKQRUYQSJ-UHFFFAOYSA-N,IC50,IC50,6.65,10.1021/acsmedchemlett.9b00656,2020,20652096
ACHE_HUMAN_IC50,Human AChE,primary,CHEMBL220,Acetylcholinesterase,Homo sapiens,CHEMBL3335069,COc1cccc(CN(C)CCCCOc2ccc3c(c2)oc(=O)c2ccccc23)c1,XLWGGHNMHFSNAQ-UHFFFAOYSA-N,IC50,IC50,5.08,10.1016/j.bmc.2014.08.016,2014,15100041
ACHE_HUMAN_IC50,Human AChE,primary,CHEMBL220,Acetylcholinesterase,Homo sapiens,CHEMBL3335030,COc1cccc(CN2CCN(CCOc3ccc4c5c(c(=O)oc4c3)CCCC5)CC2)c1,CACFQCMXTYRFGE-UHFFFAOYSA-N,IC50,IC50,5.14,10.1016/j.bmc.2014.08.016,2014,15100067
ACHE_HUMAN_IC50,Human AChE,primary,CHEMBL220,Acetylcholinesterase,Homo sapiens,CHEMBL4174729,Cc1cc(=O)oc2cc(OCCCCCSC(=S)N3CCCCC3)ccc12,PIJXULBIDVGVGN-UHFFFAOYSA-N,IC50,IC50,6.68,10.1016/j.ejmech.2018.01.055,2018,18390223
ACHE_HUMAN_IC50,Human AChE,primary,CHEMBL220,Acetylcholinesterase,Homo sapiens,CHEMBL1940738,COc1cc2oc(=O)c(OCCCCOc3cc(O)cc(N(C)C)c3)c(C)c2cc1OC,INGQQCBCWQDABA-UHFFFAOYSA-N,IC50,IC50,9.63,10.1016/j.bmc.2011.12.042,2012,8001639
ACHE_HUMAN_IC50,Human AChE,primary,CHEMBL220,Acetylcholinesterase,Homo sapiens,CHEMBL413793,COc1ccc2cc(-c3ccc(CN(C)Cc4ccccc4)cc3)c(=O)oc2c1,IQFPRNPELAMHHT-UHFFFAOYSA-N,IC50,IC50,6.05,10.1021/jm070100g,2007,1915670
ACHE_HUMAN_IC50,Human AChE,primary,CHEMBL220,Acetylcholinesterase,Homo sapiens,CHEMBL108928,Cc1c(C)c2ccc(OCc3cc(F)cc(F)c3)cc2oc1=O,OGKOZFQYRRVLDS-UHFFFAOYSA-N,IC50,IC50,5.52,10.1016/j.ejmech.2018.01.003,2018,25040039
ACHE_HUMAN_IC50,Human AChE,primary,CHEMBL220,Acetylcholinesterase,Homo sapiens,CHEMBL4453856,Cc1c(C)c2ccc(OCC3CCCN(CCCO)C3)cc2oc1=O,JORAAUMJWAFSIM-UHFFFAOYSA-N,IC50,IC50,5.96,10.1021/acs.jmedchem.1c01784,2022,24422275
ACHE_HUMAN_IC50,Human AChE,primary,CHEMBL220,Acetylcholinesterase,Homo sapiens,CHEMBL3335046,O=c1oc2cc(OCCCN3CCC(Cc4ccccc4)CC3)ccc2c2c1CCCC2,MJJPABBWHSSTTI-UHFFFAOYSA-N,IC50,IC50,5.37,10.1016/j.bmc.2014.08.016,2014,15100064
ACHE_HUMAN_IC50,Human AChE,primary,CHEMBL220,Acetylcholinesterase,Homo sapiens,CHEMBL3827284,CCCCCCCNC(=O)Oc1cccc(Cn2cc(COc3ccc4ccc(=O)oc4c3)nn2)c1,GCQIEQKAWZGVLF-UHFFFAOYSA-N,IC50,IC50,5.98,10.1021/acs.jmedchem.6b00609,2016,16646204
ACHE_HUMAN_IC50,Human AChE,primary,CHEMBL220,Acetylcholinesterase,Homo sapiens,CHEMBL3828281,O=C(NCCCCCc1ccccc1)Oc1cccc(-n2cc(COc3ccc4ccc(=O)oc4c3)nn2)c1,QXCYDBYFEDOWQZ-UHFFFAOYSA-N,IC50,IC50,5.93,10.1021/acs.jmedchem.6b00609,2016,16646206
ACHE_HUMAN_IC50,Human AChE,primary,CHEMBL220,Acetylcholinesterase,Homo sapiens,CHEMBL3827189,CN(CCCOc1ccc2cc(-c3ccc(Cl)cc3)c(=O)oc2c1)Cc1cccc(OC(=O)NCCCCCc2ccccc2)c1,XLSDMIVWGMAJHD-UHFFFAOYSA-N,IC50,IC50,6.05,10.1021/acs.jmedchem.6b00609,2016,16646192
ACHE_HUMAN_IC50,Human AChE,primary,CHEMBL220,Acetylcholinesterase,Homo sapiens,CHEMBL3828696,CCCCCCCNC(=O)Oc1ccc(Cn2cc(COc3ccc4ccc(=O)oc4c3)nn2)cc1,WRJZOFVBFRGKHL-UHFFFAOYSA-N,IC50,IC50,6.67,10.1021/acs.jmedchem.6b00609,2016,16646203
ACHE_HUMAN_IC50,Human AChE,primary,CHEMBL220,Acetylcholinesterase,Homo sapiens,CHEMBL111310,COc1cccc(COc2ccc3c(C)c(C)c(=O)oc3c2)c1,LRYCEYYGXGCVJT-UHFFFAOYSA-N,IC50,IC50,5.52,10.1016/j.ejmech.2018.01.003,2018,25040047
ACHE_HUMAN_IC50,Human AChE,primary,CHEMBL220,Acetylcholinesterase,Homo sapiens,CHEMBL3763535,O=c1oc2cc(OCCNC3CCN(Cc4ccccc4)CC3)ccc2c2c1CCCC2,QZRBOLHGJBENEV-UHFFFAOYSA-N,IC50,IC50,5.86,10.1016/j.bmc.2016.02.023,2016,16481068
ACHE_HUMAN_IC50,Human AChE,primary,CHEMBL220,Acetylcholinesterase,Homo sapiens,CHEMBL3828259,Cc1cc(=O)oc2cc(OCCCN(C)Cc3cccc(OC(=O)NCCCCCc4ccccc4)c3)ccc12,RIRAXUJPOGFDFJ-UHFFFAOYSA-N,IC50,IC50,7.09,10.1021/acs.jmedchem.6b00609,2016,16645328
ACHE_HUMAN_IC50,Human AChE,primary,CHEMBL220,Acetylcholinesterase,Homo sapiens,CHEMBL271710,CCN(Cc1ccccc1)Cc1ccc(-c2cc3ccc(OCCNC(=O)CCc4ccc(F)c(F)c4)cc3oc2=O)cc1,QTSCLJVLMGAFJO-UHFFFAOYSA-N,IC50,IC50,6.49,10.1016/j.bmcl.2007.09.100,2008,2087477
ACHE_HUMAN_IC50,Human AChE,primary,CHEMBL220,Acetylcholinesterase,Homo sapiens,CHEMBL5568861,CN(Cc1ccc(COc2ccc3c(CO)cc(=O)oc3c2)cc1)Cc1ccco1,CKSXBOBZGXBJBK-UHFFFAOYSA-N,IC50,IC50,6.08,10.1016/j.ejmech.2024.116511,2024,25998534
ACHE_HUMAN_IC50,Human AChE,primary,CHEMBL220,Acetylcholinesterase,Homo sapiens,CHEMBL4530960,Cc1c(C)c2ccc(OCC3CCN(CCCO[N+](=O)[O-])CC3)cc2oc1=O,OYUDOWGNEYPOED-UHFFFAOYSA-N,IC50,IC50,6.07,10.1016/j.ejmech.2018.10.016,2019,18936982
ACHE_HUMAN_IC50,Human AChE,primary,CHEMBL220,Acetylcholinesterase,Homo sapiens,CHEMBL3335026,COc1cccc(CN(C)CCOc2ccc3c4c(c(=O)oc3c2)CCCC4)c1,GUPUZWRGJITBCC-UHFFFAOYSA-N,IC50,IC50,5.22,10.1016/j.bmc.2014.08.016,2014,15100071
ACHE_HUMAN_IC50,Human AChE,primary,CHEMBL220,Acetylcholinesterase,Homo sapiens,CHEMBL3335056,CN(CCOc1ccc2c(c1)oc(=O)c1ccccc12)Cc1ccccc1,WLMCUWNVWHWZRR-UHFFFAOYSA-N,IC50,IC50,5.17,10.1016/j.bmc.2014.08.016,2014,15100054
ACHE_HUMAN_IC50,Human AChE,primary,CHEMBL220,Acetylcholinesterase,Homo sapiens,CHEMBL3335063,COc1cccc(CN(C)CCCOc2ccc3c(c2)oc(=O)c2ccccc23)c1,AODGUHXAKIDWEC-UHFFFAOYSA-N,IC50,IC50,4.68,10.1016/j.bmc.2014.08.016,2014,15100047
ACHE_HUMAN_IC50,Human AChE,primary,CHEMBL220,Acetylcholinesterase,Homo sapiens,CHEMBL3335061,COc1cccc(CN2CCN(CCOc3ccc4c(c3)oc(=O)c3ccccc34)CC2)c1,XMXDGPFCJLHNBV-UHFFFAOYSA-N,IC50,IC50,4.94,10.1016/j.bmc.2014.08.016,2014,15100049
ACHE_HUMAN_IC50,Human AChE,primary,CHEMBL220,Acetylcholinesterase,Homo sapiens,CHEMBL3335066,O=c1oc2cc(OCCCN3CCN(Cc4ccccc4)CC3)ccc2c2ccccc12,YMUQNRICCRNBQY-UHFFFAOYSA-N,IC50,IC50,6.1,10.1016/j.bmc.2014.08.016,2014,15100044
ACHE_HUMAN_IC50,Human AChE,primary,CHEMBL220,Acetylcholinesterase,Homo sapiens,CHEMBL4520782,COc1ccc(/C=N/c2ccc3oc(=O)ccc3c2)cc1,MPZOWFXNJLLYIO-WOJGMQOQSA-N,IC50,IC50,6.87,10.1016/j.ejmech.2019.111651,2019,19279550
ACHE_HUMAN_IC50,Human AChE,primary,CHEMBL220,Acetylcholinesterase,Homo sapiens,CHEMBL5590122,CN(Cc1ccc(COc2ccc3c(CO)cc(=O)oc3c2)cc1)Cc1ccsc1,LYPPXRDGIFOZKW-UHFFFAOYSA-N,IC50,IC50,6.58,10.1016/j.ejmech.2024.116511,2024,25998535
ACHE_HUMAN_IC50,Human AChE,primary,CHEMBL220,Acetylcholinesterase,Homo sapiens,CHEMBL5565956,CN(Cc1ccc(COc2ccc3c(CO)cc(=O)oc3c2)cc1)Cc1cccnc1,JQXGILULPQSOFX-UHFFFAOYSA-N,IC50,IC50,6.01,10.1016/j.ejmech.2024.116511,2024,25998539
ACHE_HUMAN_IC50,Human AChE,primary,CHEMBL220,Acetylcholinesterase,Homo sapiens,CHEMBL4514959,O=C(Cc1cc(=O)oc2cc(O)ccc12)NCCCNCCNCCCNc1c2c(nc3ccccc13)CCCC2,KVFYASGAAUBFSE-UHFFFAOYSA-N,IC50,IC50,7.42,10.1016/j.bmc.2019.06.033,2019,19179330
ACHE_HUMAN_IC50,Human AChE,primary,CHEMBL220,Acetylcholinesterase,Homo sapiens,CHEMBL3335018,C[C@@H](c1ccc2c(c1)oc(=O)c1ccccc12)N(C)C.Cl,RGULXVMJKXEFTA-MERQFXBCSA-N,IC50,IC50,5.1,10.1016/j.bmc.2014.08.016,2014,15100079
ACHE_HUMAN_IC50,Human AChE,primary,CHEMBL220,Acetylcholinesterase,Homo sapiens,CHEMBL3335067,COc1cccc(CN2CCN(CCCOc3ccc4c(c3)oc(=O)c3ccccc34)CC2)c1,KQHKJVQLBKLYNN-UHFFFAOYSA-N,IC50,IC50,4.75,10.1016/j.bmc.2014.08.016,2014,15100043
ACHE_HUMAN_IC50,Human AChE,primary,CHEMBL220,Acetylcholinesterase,Homo sapiens,CHEMBL3220509,O=C(Nc1cc2ccccc2oc1=O)c1ccc(Cl)cc1,UUYHMRQNUHUBAC-UHFFFAOYSA-N,IC50,IC50,4.73,10.1039/C1MD00221J,2012,14553007
ACHE_HUMAN_IC50,Human AChE,primary,CHEMBL220,Acetylcholinesterase,Homo sapiens,CHEMBL5176910,COc1cc(/C=C/c2cc(=O)oc3c2ccc2oc(-c4ccccc4)cc23)cc(OC)c1,SIZIRUSXNIUVQH-CMDGGOBGSA-N,IC50,IC50,5.75,10.1016/j.ejmech.2022.114242,2022,24776389
ACHE_HUMAN_IC50,Human AChE,primary,CHEMBL220,Acetylcholinesterase,Homo sapiens,CHEMBL3545712,CC(c1cc(O)cc2oc(=O)c3ccccc3c12)N(C)C,FDGWOMOFXBMREQ-UHFFFAOYSA-N,IC50,IC50,4.48,,2017,26975731
ACHE_HUMAN_IC50,Human AChE,primary,CHEMBL220,Acetylcholinesterase,Homo sapiens,CHEMBL3827288,CCCCCCCNC(=O)Oc1cccc(CN(C)CCCOc2ccc3c4c(c(=O)oc3c2)CCCC4)c1,HAZCMESEHYLZER-UHFFFAOYSA-N,IC50,IC50,7.67,10.1021/acs.jmedchem.6b00609,2016,16646194
ACHE_HUMAN_IC50,Human AChE,primary,CHEMBL220,Acetylcholinesterase,Homo sapiens,CHEMBL427865,COc1cc2cc(-c3ccc(CN(C)Cc4cccc(C)c4)cc3)c(=O)oc2cc1OC,BIGKNZBLJTVJKF-UHFFFAOYSA-N,IC50,IC50,6.91,10.1021/jm070100g,2007,1915663
ACHE_HUMAN_IC50,Human AChE,primary,CHEMBL220,Acetylcholinesterase,Homo sapiens,CHEMBL4515881,O=C(CNc1ccc(F)cc1)Nc1ccc2oc(=O)ccc2c1,DOFZSIJMSZOTTG-UHFFFAOYSA-N,IC50,IC50,7.21,10.1016/j.ejmech.2019.111651,2019,19279559
ACHE_HUMAN_IC50,Human AChE,primary,CHEMBL220,Acetylcholinesterase,Homo sapiens,CHEMBL3828631,CN(CCCOc1ccc2cc(-c3ccccc3)c(=O)oc2c1)Cc1cccc(OC(=O)NCCCCCc2ccccc2)c1,AIQDEPYUQBAQFT-UHFFFAOYSA-N,IC50,IC50,6.9,10.1021/acs.jmedchem.6b00609,2016,16645331
ACHE_HUMAN_IC50,Human AChE,primary,CHEMBL220,Acetylcholinesterase,Homo sapiens,CHEMBL3335027,O=c1oc2cc(OCCN3CCC(Cc4ccccc4)CC3)ccc2c2c1CCCC2,IHQOPGPYTRMDJH-UHFFFAOYSA-N,IC50,IC50,5.09,10.1016/j.bmc.2014.08.016,2014,15100070
ACHE_HUMAN_IC50,Human AChE,primary,CHEMBL220,Acetylcholinesterase,Homo sapiens,CHEMBL265416,COc1cc2cc(-c3ccc(CN(C)Cc4ccccc4[N+](=O)[O-])cc3)c(=O)oc2cc1OC,YNJVJLWDZRPHHU-UHFFFAOYSA-N,IC50,IC50,6.01,10.1021/jm070100g,2007,1915667
ACHE_HUMAN_IC50,Human AChE,primary,CHEMBL220,Acetylcholinesterase,Homo sapiens,CHEMBL1325943,Cc1ccc(C(=O)Nc2cc3ccccc3oc2=O)cc1,SQYXRCZZAACTMO-UHFFFAOYSA-N,IC50,IC50,4.74,10.1039/C1MD00221J,2012,14553005
ACHE_HUMAN_IC50,Human AChE,primary,CHEMBL220,Acetylcholinesterase,Homo sapiens,CHEMBL3827734,CN(CCCOc1ccc2c3c(c(=O)oc2c1)CCCC3)Cc1cccc(OC(=O)NCCCCCc2ccccc2)c1,SORZLAJXYYGEIQ-UHFFFAOYSA-N,IC50,IC50,7.05,10.1021/acs.jmedchem.6b00609,2016,16645329
ACHE_HUMAN_IC50,Human AChE,primary,CHEMBL220,Acetylcholinesterase,Homo sapiens,CHEMBL3827765,CCCCCCc1ccc(NC(=O)Oc2cccc(CN(C)CCCOc3ccc4ccc(=O)oc4c3)c2)cc1,NHQAJSNDGMKMKP-UHFFFAOYSA-N,IC50,IC50,5.42,10.1021/acs.jmedchem.6b00609,2016,16646209
ACHE_HUMAN_IC50,Human AChE,primary,CHEMBL220,Acetylcholinesterase,Homo sapiens,CHEMBL3335029,O=c1oc2cc(OCCN3CCN(Cc4ccccc4)CC3)ccc2c2c1CCCC2,OHDDRPINWQDGEH-UHFFFAOYSA-N,IC50,IC50,5.89,10.1016/j.bmc.2014.08.016,2014,15100068
ACHE_HUMAN_IC50,Human AChE,primary,CHEMBL220,Acetylcholinesterase,Homo sapiens,CHEMBL4449791,CSc1ccc(/C=C2/S/C(=N/c3ccc4oc(=O)ccc4c3)NC2=O)cc1,BJQFTULFEHYYFF-LICLKQGHSA-N,IC50,IC50,6.82,10.1016/j.ejmech.2019.111651,2019,19279554
ACHE_HUMAN_IC50,Human AChE,primary,CHEMBL220,Acetylcholinesterase,Homo sapiens,CHEMBL4441237,CN(C)c1ccc(/C=N/c2ccc3oc(=O)ccc3c2)cc1,ZKQGSSZNZGKUHL-XDHOZWIPSA-N,IC50,IC50,7.39,10.1016/j.ejmech.2019.111651,2019,19279546
ACHE_HUMAN_IC50,Human AChE,primary,CHEMBL220,Acetylcholinesterase,Homo sapiens,CHEMBL5218447,CN(CCCOc1ccc2ccc(=O)oc2c1)Cc1cccc(OC(=O)NC2CCCC2)c1,ZXMQJWJQVOCYQO-UHFFFAOYSA-N,IC50,IC50,6.28,10.1016/j.ejmech.2022.114606,2022,24963323
ACHE_HUMAN_IC50,Human AChE,primary,CHEMBL220,Acetylcholinesterase,Homo sapiens,CHEMBL3335032,COc1cccc(CN(C)CCCOc2ccc3c4c(c(=O)oc3c2)CCCC4)c1,ITYHQJQWDFKQFQ-UHFFFAOYSA-N,IC50,IC50,5.57,10.1016/j.bmc.2014.08.016,2014,15100065
ACHE_HUMAN_IC50,Human AChE,primary,CHEMBL220,Acetylcholinesterase,Homo sapiens,CHEMBL5574703,CN(Cc1ccc(COc2ccc3c(CO)cc(=O)oc3c2)cc1)Cc1nccs1,OEWYFSMFZVYMCC-UHFFFAOYSA-N,IC50,IC50,5.18,10.1016/j.ejmech.2024.116511,2024,25998537
ACHE_HUMAN_IC50,Human AChE,primary,CHEMBL220,Acetylcholinesterase,Homo sapiens,CHEMBL4167973,Cc1cc(=O)oc2cc(OCCSC(=S)N3CCN(C(C)C)CC3)ccc12,AYCMSQHGVRSOEG-UHFFFAOYSA-N,IC50,IC50,5.7,10.1016/j.ejmech.2018.01.055,2018,18390227
ACHE_HUMAN_IC50,Human AChE,primary,CHEMBL220,Acetylcholinesterase,Homo sapiens,CHEMBL5595836,CN(Cc1ccc(COc2ccc3c(CO)cc(=O)oc3c2)cc1)Cc1ncc[nH]1,MPSZWZSOPBDXOR-UHFFFAOYSA-N,IC50,IC50,5.88,10.1016/j.ejmech.2024.116511,2024,25998536
ACHE_HUMAN_IC50,Human AChE,primary,CHEMBL220,Acetylcholinesterase,Homo sapiens,CHEMBL5573115,CN(CCc1cccnc1)Cc1ccc(COc2ccc3c(CO)cc(=O)oc3c2)cc1,XPTUUTSFMHAOPS-UHFFFAOYSA-N,IC50,IC50,4.97,10.1016/j.ejmech.2024.116511,2024,25998544
ACHE_HUMAN_IC50,Human AChE,primary,CHEMBL220,Acetylcholinesterase,Homo sapiens,CHEMBL5202541,COc1cc(/C=C/c2cc(=O)oc3c2ccc2oc(-c4cccc(F)c4)cc23)cc(OC)c1,SVFJYZVSHWUWHU-VOTSOKGWSA-N,IC50,IC50,5.75,10.1016/j.ejmech.2022.114242,2022,24776390
ACHE_HUMAN_IC50,Human AChE,primary,CHEMBL220,Acetylcholinesterase,Homo sapiens,CHEMBL5196941,COc1cc(/C=C/c2cc(=O)oc3c2ccc2oc(-c4ccc(F)cc4)cc23)cc(OC)c1,MNOAIZGZMMBMDR-ONEGZZNKSA-N,IC50,IC50,5.75,10.1016/j.ejmech.2022.114242,2022,24776391
ACHE_HUMAN_IC50,Human AChE,primary,CHEMBL220,Acetylcholinesterase,Homo sapiens,CHEMBL3764609,Cc1c(C)c2ccc(OCCNC3CCN(Cc4ccccc4)CC3)cc2oc1=O,IPJZSNUPIXZHAU-UHFFFAOYSA-N,IC50,IC50,5.77,10.1016/j.bmc.2016.02.023,2016,16481066
ACHE_HUMAN_IC50,Human AChE,primary,CHEMBL220,Acetylcholinesterase,Homo sapiens,CHEMBL4164078,Cc1cc(=O)oc2cc(OCCCCCCSC(=S)N3CCCCC3)ccc12,ZAJSOHVCTIJVQN-UHFFFAOYSA-N,IC50,IC50,6.21,10.1016/j.ejmech.2018.01.055,2018,18390222
ACHE_HUMAN_IC50,Human AChE,primary,CHEMBL220,Acetylcholinesterase,Homo sapiens,CHEMBL5563449,CN(Cc1ccc(COc2ccc3c(CO)cc(=O)oc3c2)cc1)Cc1cncnc1,STSJHUCWXFKBFA-UHFFFAOYSA-N,IC50,IC50,5.39,10.1016/j.ejmech.2024.116511,2024,25998541
ACHE_HUMAN_IC50,Human AChE,primary,CHEMBL220,Acetylcholinesterase,Homo sapiens,CHEMBL3335049,COc1cccc(CN2CCN(CCCOc3ccc4c5c(c(=O)oc4c3)CCCC5)CC2)c1,JPCDBTHAWPVJLV-UHFFFAOYSA-N,IC50,IC50,5.21,10.1016/j.bmc.2014.08.016,2014,15100061
ACHE_HUMAN_IC50,Human AChE,primary,CHEMBL220,Acetylcholinesterase,Homo sapiens,CHEMBL4444516,O=C1CSC(c2ccc(F)cc2)N1c1ccc2oc(=O)ccc2c1,ZHOBXFDNJYCWOK-UHFFFAOYSA-N,IC50,IC50,6.99,10.1016/j.ejmech.2019.111651,2019,19279543
ACHE_HUMAN_IC50,Human AChE,primary,CHEMBL220,Acetylcholinesterase,Homo sapiens,CHEMBL3586592,CN(Cc1ccccc1)Cc1ccc(COc2ccc3ccc(=O)oc3c2)cc1,XOSFOGCCJRNZJO-UHFFFAOYSA-N,IC50,IC50,6.02,10.1021/acs.jmedchem.5b00599,2015,15625537
ACHE_HUMAN_IC50,Human AChE,primary,CHEMBL220,Acetylcholinesterase,Homo sapiens,CHEMBL448060,CC(C)=CCOc1c2ccoc2cc2oc(=O)ccc12,IGWDEVSBEKYORK-UHFFFAOYSA-N,IC50,IC50,4.16,10.1021/np000441w,2001,2192253
ACHE_HUMAN_IC50,Human AChE,primary,CHEMBL220,Acetylcholinesterase,Homo sapiens,CHEMBL4169394,Cc1cc(=O)oc2cc(OCCSC(=S)N(C)C)ccc12,XDKQETGPJLVOCH-UHFFFAOYSA-N,IC50,IC50,4.97,10.1016/j.ejmech.2018.01.055,2018,18390231
ACHE_HUMAN_IC50,Human AChE,primary,CHEMBL220,Acetylcholinesterase,Homo sapiens,CHEMBL3827610,CCCCCCCNC(=O)Oc1cccc(CN(C)CCCCCOc2ccc3c4c(c(=O)oc3c2)CCCC4)c1,XFLYZTYNYBFURZ-UHFFFAOYSA-N,IC50,IC50,7.74,10.1021/acs.jmedchem.6b00609,2016,16646199
ACHE_HUMAN_IC50,Human AChE,primary,CHEMBL220,Acetylcholinesterase,Homo sapiens,CHEMBL4473727,O=C(CNc1ccc2oc(=O)ccc2c1)N1CCOCC1,VCFKBYXCFDZGGP-UHFFFAOYSA-N,IC50,IC50,7.43,10.1016/j.ejmech.2019.111651,2019,19279538
ACHE_HUMAN_IC50,Human AChE,primary,CHEMBL220,Acetylcholinesterase,Homo sapiens,CHEMBL4175175,Cc1cc(=O)oc2cc(OCCSC(=S)N3CCCCC3)ccc12,XLGODKFAPAATHI-UHFFFAOYSA-N,IC50,IC50,6.33,10.1016/j.ejmech.2018.01.055,2018,18390228
ACHE_HUMAN_IC50,Human AChE,primary,CHEMBL220,Acetylcholinesterase,Homo sapiens,CHEMBL5595332,CN(Cc1ccc(COc2ccc3c(CO)cc(=O)oc3c2)cc1)Cc1cccs1,URCBDSWAOOULBM-UHFFFAOYSA-N,IC50,IC50,6.3,10.1016/j.ejmech.2024.116511,2024,25998533
ACHE_HUMAN_IC50,Human AChE,primary,CHEMBL220,Acetylcholinesterase,Homo sapiens,CHEMBL243310,COc1cc2cc(-c3cccc(CN(C)Cc4ccccc4)c3)c(=O)oc2cc1OC,LEKNRHNLBQAACF-UHFFFAOYSA-N,IC50,IC50,6.7,10.1021/jm070100g,2007,1915672
ACHE_HUMAN_IC50,Human AChE,primary,CHEMBL220,Acetylcholinesterase,Homo sapiens,CHEMBL4446234,COc1ccc(NCC(=O)Nc2ccc3oc(=O)ccc3c2)cc1,SEDROBTYPDYXTC-UHFFFAOYSA-N,IC50,IC50,7.26,10.1016/j.ejmech.2019.111651,2019,19279558
ACHE_HUMAN_IC50,Human AChE,primary,CHEMBL220,Acetylcholinesterase,Homo sapiens,CHEMBL3586582,Cc1c(C)c2ccc(OCCCCCCN(C)Cc3ccccc3)cc2oc1=O,QGRBYVLSFDOHSR-UHFFFAOYSA-N,IC50,IC50,6.47,10.1021/acs.jmedchem.5b00599,2015,15625535
ACHE_HUMAN_IC50,Human AChE,primary,CHEMBL220,Acetylcholinesterase,Homo sapiens,CHEMBL5078658,Cc1c(C)c2ccc(OCc3ccc(CN(C)CCCC(F)F)cc3)cc2oc1=O,UXFJYPQDRBVIIL-UHFFFAOYSA-N,IC50,IC50,5.82,10.1021/acs.jmedchem.1c01784,2022,24422270
ACHE_HUMAN_IC50,Human AChE,primary,CHEMBL220,Acetylcholinesterase,Homo sapiens,CHEMBL4470448,Cc1c(C)c2ccc(OCC3CCN(Cc4cccc(OCCCO)c4)CC3)cc2oc1=O,QLFPNOYDCBXGNI-UHFFFAOYSA-N,IC50,IC50,6.08,10.1016/j.ejmech.2018.10.016,2019,18936979
ACHE_HUMAN_IC50,Human AChE,primary,CHEMBL220,Acetylcholinesterase,Homo sapiens,CHEMBL4459482,Cc1c(C)c2ccc(OCC3CCN(Cc4cccc(CO[N+](=O)[O-])c4)CC3)cc2oc1=O,NBANFZDFABUAHK-UHFFFAOYSA-N,IC50,IC50,5.89,10.1016/j.ejmech.2018.10.016,2019,18936981
ACHE_HUMAN_IC50,Human AChE,primary,CHEMBL220,Acetylcholinesterase,Homo sapiens,CHEMBL4467130,O=C(CNc1ccc2oc(=O)ccc2c1)N1CCN(c2ccccc2)CC1,AKCQVKULWVLHMR-UHFFFAOYSA-N,IC50,IC50,7.1,10.1016/j.ejmech.2019.111651,2019,19279539
ACHE_HUMAN_IC50,Human AChE,primary,CHEMBL220,Acetylcholinesterase,Homo sapiens,CHEMBL4437163,CSc1ccc(/C=N/c2ccc3oc(=O)ccc3c2)cc1,OFYBBBZAJKDRIN-WOJGMQOQSA-N,IC50,IC50,6.76,10.1016/j.ejmech.2019.111651,2019,19279548
ACHE_HUMAN_IC50,Human AChE,primary,CHEMBL220,Acetylcholinesterase,Homo sapiens,CHEMBL4465796,COc1ccc(/C=C2/S/C(=N/c3ccc4oc(=O)ccc4c3)NC2=O)cc1,NMUYXKGDKIKNFS-LICLKQGHSA-N,IC50,IC50,7.3,10.1016/j.ejmech.2019.111651,2019,19279552
ACHE_HUMAN_IC50,Human AChE,primary,CHEMBL220,Acetylcholinesterase,Homo sapiens,CHEMBL164660,O=c1ccc2cc3ccoc3cc2o1,ZCCUUQDIBDJBTK-UHFFFAOYSA-N,IC50,IC50,5.19,10.1016/j.bmcl.2013.04.081,2013,13371822
ACHE_HUMAN_IC50,Human AChE,primary,CHEMBL220,Acetylcholinesterase,Homo sapiens,CHEMBL416,COc1c2occc2cc2ccc(=O)oc12,QXKHYNVANLEOEG-UHFFFAOYSA-N,IC50,IC50,6.12,10.1016/j.bmcl.2013.04.081,2013,13371829
ACHE_HUMAN_IC50,Human AChE,primary,CHEMBL220,Acetylcholinesterase,Homo sapiens,CHEMBL416,COc1c2occc2cc2ccc(=O)oc12,QXKHYNVANLEOEG-UHFFFAOYSA-N,IC50,IC50,4.27,10.1021/np000441w,2001,2192250
