compound_id,UMAP1,UMAP2
CHEMBL3120680,4.4744124,-1.6850455
CHEMBL4160538,-1.5377288,3.9569166
CHEMBL2203962,11.044683,2.4550302
CHEMBL4280947,13.327107,1.6527351
CHEMBL5220116,23.436626,-6.641949
CHEMBL3261206,12.989975,1.8177325
CHEMBL3264001,11.393225,14.253937
CHEMBL3334506,5.1332183,-1.344725
CHEMBL3786111,11.826722,7.73412
CHEMBL5849059,4.2171183,2.7607787
CHEMBL4453974,11.655303,7.9041176
CHEMBL4207698,6.3728065,2.0541122
CHEMBL3586581,1.5332742,3.447429
CHEMBL3818315,8.489682,-7.7625256
CHEMBL4559958,5.811263,0.07070522
CHEMBL3787157,11.810893,7.7496495
CHEMBL3094027,2.903852,1.1522048
CHEMBL5280294,5.682462,8.495351
CHEMBL4646786,5.6282005,3.8389387
CHEMBL4166688,7.61199,14.627406
CHEMBL3360622,4.006296,12.042217
CHEMBL434510,8.136096,1.1212573
CHEMBL4438012,12.828113,1.8666118
CHEMBL4762118,8.838632,-0.22060244
CHEMBL2391484,1.4291002,15.744781
CHEMBL4527319,7.224794,-3.1990464
CHEMBL2346913,7.194675,0.9305759
CHEMBL4469318,4.141394,11.02324
CHEMBL4593416,4.1165733,11.048307
CHEMBL4513423,4.1257977,11.047634
CHEMBL3545711,1.3206301,4.446573
CHEMBL4865520,13.054596,2.903739
CHEMBL3092189,11.230968,14.408171
CHEMBL2376887,12.67467,0.33058852
CHEMBL4202589,11.10857,4.574933
CHEMBL4475016,16.108753,5.0390964
CHEMBL2158365,5.6527257,0.25784314
CHEMBL3586574,1.5278218,3.4415138
CHEMBL4160716,4.8811016,2.5273147
CHEMBL4203878,11.078481,4.4705634
CHEMBL3746173,-6.6319747,8.496525
CHEMBL3746815,-6.6516886,8.515449
CHEMBL3115516,11.814982,7.7440114
CHEMBL3983437,9.250713,-1.4682188
CHEMBL5404997,6.1748195,-1.7707587
CHEMBL1951645,3.8426683,3.2379
CHEMBL5289972,5.5932074,6.709581
CHEMBL4750586,3.6313896,0.77941835
CHEMBL4740913,3.63954,0.7646163
CHEMBL2441684,3.382838,1.8154941
CHEMBL80837,10.984336,14.617631
CHEMBL4635964,2.9161997,-7.024059
CHEMBL5083613,2.5648205,1.6886768
CHEMBL4790359,7.1772456,7.810758
CHEMBL4637131,15.408004,1.8552485
CHEMBL3586602,8.959342,0.47210786
CHEMBL4439320,7.2301874,-3.1969042
CHEMBL3192879,3.183435,2.4864962
CHEMBL4786964,3.5814762,0.803319
CHEMBL142799,2.0716927,4.266319
CHEMBL3586609,2.4763722,1.4923123
CHEMBL5184399,7.62987,14.646305
CHEMBL1915315,11.692252,4.4386106
CHEMBL1377464,4.794232,4.7395983
CHEMBL4061606,6.4461207,8.615175
CHEMBL3586587,8.957448,0.449403
CHEMBL4566022,4.220662,10.913722
CHEMBL4573905,4.3016043,10.806347
CHEMBL2442512,7.2319818,3.7960687
CHEMBL382645,7.0595183,1.7306589
CHEMBL424673,5.2357736,3.0789812
CHEMBL4582292,10.9328575,2.1985726
CHEMBL3586596,8.968048,0.47925827
CHEMBL3957654,5.163267,9.669703
CHEMBL224228,7.7624903,-0.5974516
CHEMBL3235992,7.552417,2.0748858
CHEMBL4534641,5.783606,-9.658014
CHEMBL4745131,8.824118,-0.19148815
CHEMBL3427385,6.0261106,11.405325
CHEMBL488266,6.077331,5.0096135
CHEMBL1418096,10.568866,4.6328874
CHEMBL4077052,22.2996,-4.67206
CHEMBL4089608,5.2013555,-1.0984334
CHEMBL56784,10.4348545,9.9654045
CHEMBL242711,7.0790224,1.4873215
CHEMBL4085485,6.050364,7.2001004
CHEMBL4086414,6.0510073,7.161709
CHEMBL4171612,6.9383583,7.4018803
CHEMBL4103176,7.7800283,0.08955941
CHEMBL4076291,7.7933116,0.12440973
CHEMBL4440911,4.24258,10.880915
CHEMBL358206,11.805239,4.4479637
CHEMBL1423810,4.046803,4.0199347
CHEMBL4290035,6.857875,8.027201
CHEMBL4519591,4.9957447,3.2825844
CHEMBL559790,2.4724574,6.254119
CHEMBL3735572,11.133975,5.1921277
CHEMBL470619,-1.1411812,5.829903
CHEMBL470419,13.167826,1.1419019
CHEMBL590377,4.606206,3.781654
CHEMBL4095676,2.1203046,3.2981427
CHEMBL4066437,5.4098806,-1.0252941
CHEMBL3545710,1.3546374,4.401853
CHEMBL4170326,7.5123076,2.38069
CHEMBL4060402,7.4479623,-0.16997546
CHEMBL1356140,4.04102,5.8827124
CHEMBL199904,11.315032,4.7901745
CHEMBL4569990,5.2018094,-3.6060362
CHEMBL199006,2.5848987,3.9753187
CHEMBL2206120,18.020144,3.301742
CHEMBL12655,4.994026,3.3983784
CHEMBL143274,8.221026,1.0921593
CHEMBL4435611,11.303274,-8.757146
CHEMBL1096813,-1.3457601,19.069185
CHEMBL4161531,2.6098397,3.4234688
CHEMBL595128,1.6420702,3.6059551
CHEMBL4104504,13.782864,2.6947498
CHEMBL4562173,12.841876,1.7643224
CHEMBL4560024,0.05644979,4.6717286
CHEMBL1085747,3.2847633,8.950813
CHEMBL3805263,13.073711,6.5054936
CHEMBL4080474,12.871779,-7.1272798
CHEMBL205241,4.0542455,2.725987
CHEMBL4206041,3.1479409,1.9915224
CHEMBL575734,2.6999505,1.2119747
CHEMBL4205688,10.399306,9.929976
CHEMBL4094724,7.3981204,8.83278
CHEMBL275000,4.5168915,3.3897822
CHEMBL1546837,8.089381,0.5170817
CHEMBL3586598,8.919989,0.4409552
CHEMBL4128061,-3.4252093,0.061401512
CHEMBL1547311,6.502434,4.6720204
CHEMBL4455031,7.777333,0.08618063
CHEMBL4098946,6.4843106,8.605251
CHEMBL1501635,4.059133,3.4179702
CHEMBL1594071,4.554222,4.983007
CHEMBL3112626,8.042129,1.1337479
CHEMBL2206122,18.029226,3.312936
CHEMBL4519227,14.844137,2.426269
CHEMBL2177255,-1.4367448,5.9618416
CHEMBL2177259,-1.4233391,5.963816
CHEMBL4475910,15.826267,2.1756837
CHEMBL4164540,4.6700583,-0.6126557
CHEMBL118629,7.5486913,0.6004918
CHEMBL4079843,2.3338516,3.2096062
CHEMBL4743791,8.221513,1.1071534
CHEMBL1414254,11.886133,4.800561
CHEMBL1307271,6.311351,8.21202
CHEMBL4800433,3.5899136,0.7910211
CHEMBL3735165,11.3698635,4.9972367
CHEMBL2178989,2.142712,2.9165955
CHEMBL2178993,2.244726,2.6265123
CHEMBL3359958,8.837658,11.079992
CHEMBL4094745,2.2245843,3.3517568
CHEMBL1165089,14.611899,3.1920795
CHEMBL265805,4.4728174,-1.3156474
CHEMBL3586580,1.5262262,3.3967097
CHEMBL1835821,8.264462,1.0402615
CHEMBL1688905,8.705912,10.943447
CHEMBL4578898,12.976464,2.2913215
CHEMBL2381331,2.5049329,5.0271564
CHEMBL4097014,12.683288,0.986667
CHEMBL4163473,5.5798974,3.9579606
CHEMBL1835826,9.08423,-0.91525304
CHEMBL2178425,2.3200107,2.5303514
CHEMBL5556483,13.071795,5.790109
CHEMBL1347672,5.1194625,3.1092234
CHEMBL5542159,13.034231,5.7667875
CHEMBL4285316,12.9867325,9.542321
CHEMBL5566405,13.330367,11.6524
CHEMBL4281430,12.984174,9.539586
CHEMBL4162187,4.8394494,2.4994307
CHEMBL601217,16.350266,-2.410884
CHEMBL2164283,12.859028,2.6389444
CHEMBL2048084,7.062386,7.8837028
CHEMBL2387232,3.566146,-1.6941692
CHEMBL4078055,12.23583,3.173239
CHEMBL4525381,13.526688,2.8479276
CHEMBL3819209,10.484777,4.747323
CHEMBL314095,5.8100395,-8.802123
CHEMBL409884,7.2821007,8.615483
CHEMBL4460077,5.782457,-9.567845
CHEMBL415724,11.783196,1.3565328
CHEMBL1525922,3.3524275,2.4473064
CHEMBL1491046,2.4562454,6.827976
CHEMBL213684,2.5429006,4.077476
CHEMBL204959,6.3129077,6.1293864
CHEMBL301226,10.405831,9.937434
CHEMBL204222,6.4507813,6.1618915
CHEMBL2158358,5.6321816,0.2817185
CHEMBL1376094,2.08196,3.1331558
CHEMBL4781945,15.658619,4.4141335
CHEMBL380358,6.307378,6.149676
CHEMBL4483030,5.783765,-9.67729
CHEMBL2115263,7.820501,8.273953
CHEMBL508648,7.106172,1.6252307
CHEMBL213285,2.0404658,3.6267838
CHEMBL214255,8.078412,0.38657007
CHEMBL203793,4.630667,1.4784538
CHEMBL1529584,3.9794788,5.881864
CHEMBL2047525,0.36076546,3.5557156
CHEMBL4592519,5.868168,-0.18287943
CHEMBL213955,9.525909,0.693909
CHEMBL213141,13.414495,1.517031
CHEMBL1351704,12.938763,0.49820304
CHEMBL5399314,5.648899,4.67176
CHEMBL470222,13.129024,1.096936
CHEMBL5437540,8.278558,0.5008364
CHEMBL179641,3.493573,8.768446
CHEMBL6843,1.0301201,-3.220081
CHEMBL3759162,4.9752374,3.3016293
CHEMBL4533647,10.452671,4.7790093
CHEMBL1519351,4.6296234,4.738489
CHEMBL5424392,11.479046,4.3671074
CHEMBL1554968,4.302111,5.6728215
CHEMBL4791335,7.202991,7.7923365
CHEMBL1507250,13.088256,1.0830451
CHEMBL571738,8.2521515,-0.43005595
CHEMBL1835232,11.145403,4.8322144
CHEMBL577123,12.459046,1.6811479
CHEMBL7121,14.386316,18.335333
CHEMBL568385,11.629016,1.7494444
CHEMBL4215786,6.738842,8.802129
CHEMBL1337717,12.948608,0.5948395
CHEMBL206227,6.314646,6.1294255
CHEMBL5191815,5.2494545,6.946857
CHEMBL3775682,4.9157414,3.2976372
CHEMBL1315419,3.9703207,6.3721657
CHEMBL5181100,8.550791,1.8939496
CHEMBL589158,4.6497054,3.7938159
CHEMBL567139,8.215752,-0.48809293
CHEMBL205988,6.3689218,6.204843
CHEMBL5563200,13.2844305,1.9816257
CHEMBL1927183,10.250212,5.3818254
CHEMBL191528,7.951901,0.37208042
CHEMBL204890,4.1223145,1.7485639
CHEMBL1630105,11.735306,-0.71773964
CHEMBL471221,13.105152,1.0817246
CHEMBL4448987,2.3723989,6.970307
CHEMBL5406371,6.267166,-2.1267052
CHEMBL1493014,6.477297,4.5617905
CHEMBL1511067,4.620617,3.6883824
CHEMBL512883,13.369038,1.5059344
CHEMBL1392339,11.537722,3.8375468
CHEMBL4451488,5.1514993,-3.5364525
CHEMBL446518,7.685889,2.5221257
CHEMBL205934,6.2496653,6.161293
CHEMBL150485,11.755719,4.4878993
CHEMBL1288623,7.7011256,2.491724
CHEMBL122049,7.636676,-0.97021157
CHEMBL4539801,6.96561,-3.3465993
CHEMBL513549,13.166064,1.0904438
CHEMBL1403868,6.428743,8.663989
CHEMBL1371958,5.95245,4.38464
CHEMBL495466,12.725145,1.0337838
CHEMBL2425848,13.419468,-6.8850255
CHEMBL509345,13.051834,1.1861699
CHEMBL1078442,7.167274,1.3719774
CHEMBL469818,13.080727,1.043221
CHEMBL209632,14.616507,3.1956298
CHEMBL519678,11.073905,1.1668079
CHEMBL432745,7.8042903,0.40458083
CHEMBL1484400,5.759185,4.218148
CHEMBL1095225,-1.2619594,19.15301
CHEMBL89913,5.7928667,-8.826464
CHEMBL1587159,3.5225122,6.5479546
CHEMBL1688913,8.738382,10.968744
CHEMBL1688910,8.726272,10.96481
CHEMBL387892,8.778448,10.996931
CHEMBL6441,1.0214834,-3.2285163
CHEMBL205189,4.1893373,1.8056453
CHEMBL1078189,7.149958,1.3102571
CHEMBL1312932,11.930545,6.1010704
CHEMBL1830821,11.916393,2.0537598
CHEMBL1406489,7.9647827,1.7825541
CHEMBL479894,7.5649457,1.958774
CHEMBL1477721,3.6192183,3.4846091
CHEMBL4869068,16.24824,4.5789223
CHEMBL1327635,3.6983232,2.2440736
CHEMBL1479277,4.839016,2.4996321
CHEMBL4159609,4.6759195,-0.63071406
CHEMBL273984,4.8859973,3.2303877
CHEMBL568720,6.252604,7.929692
CHEMBL191979,7.160917,8.26845
CHEMBL4175236,-1.6651706,3.7880795
CHEMBL2206128,18.03142,3.318877
CHEMBL2114278,7.8057036,8.294042
CHEMBL3977856,5.163141,9.674026
CHEMBL3827064,0.4174366,3.5689297
CHEMBL3120688,3.6223938,-1.7612613
CHEMBL1642280,11.795774,5.0215497
CHEMBL4176549,5.8046565,3.744139
CHEMBL3930613,1.6074125,-1.4277952
CHEMBL4086809,2.3926814,4.2659745
CHEMBL4869659,5.711367,20.691332
CHEMBL4764253,16.388401,4.7498827
CHEMBL4445725,16.096565,5.0706906
CHEMBL4850743,12.377335,2.8990934
CHEMBL4437031,0.043014504,4.6563563
CHEMBL4161127,4.8868227,2.540721
CHEMBL4750356,13.992474,1.1644608
CHEMBL4162493,5.8371916,3.7177854
CHEMBL4173179,5.870064,3.719827
CHEMBL4535870,5.8596864,-0.13420044
CHEMBL3806081,13.11458,6.5215745
CHEMBL4104313,2.1450717,3.4359448
CHEMBL5632673,11.882592,1.2443637
CHEMBL1504784,5.565262,6.2834225
CHEMBL3427415,6.1910644,11.615501
CHEMBL427898,5.586399,7.145065
CHEMBL3427391,6.057703,11.440372
CHEMBL4461018,6.5321255,7.1751904
CHEMBL2391491,1.5035554,15.702057
CHEMBL4079507,7.7365656,-0.028705457
CHEMBL4087725,7.73435,0.016103197
CHEMBL4451686,2.518468,-9.590717
CHEMBL3927761,9.519954,-1.2843903
CHEMBL3804879,13.107986,6.529753
CHEMBL511303,-0.9676249,5.743736
CHEMBL3805133,13.094976,6.505515
CHEMBL471448,11.042397,1.1776009
CHEMBL4853955,5.831908,20.571245
CHEMBL4564320,8.489597,-0.5186356
CHEMBL3208377,11.135233,-8.893721
CHEMBL4848538,5.673248,20.741653
CHEMBL205702,11.843139,1.3173462
CHEMBL4443680,3.5229926,8.744895
CHEMBL3093995,3.0231042,1.107701
CHEMBL1466024,3.5117738,6.444067
CHEMBL4562339,3.5109904,8.755847
CHEMBL4848638,11.538167,2.0016086
CHEMBL3735913,11.232048,5.306153
CHEMBL4446195,16.111553,5.0648093
CHEMBL3589964,16.038082,4.3264775
CHEMBL2158366,5.653705,0.26564494
CHEMBL4538661,3.5290484,8.739943
CHEMBL4538428,11.290782,-8.77044
CHEMBL2088233,7.1134815,1.1632916
CHEMBL64744,6.7557206,8.085533
CHEMBL5273293,5.6846776,8.494436
CHEMBL5575065,13.404734,1.7999077
CHEMBL3622015,2.5193095,5.062542
CHEMBL3335059,5.113572,-1.3584034
CHEMBL4092257,7.426108,8.837822
CHEMBL4074215,7.4205503,8.825473
CHEMBL4638601,2.9286556,-7.011174
CHEMBL4639447,2.911082,-7.0297284
CHEMBL4644555,2.9303725,-7.0099587
CHEMBL4466478,7.0735416,-3.4163814
CHEMBL5423982,11.856336,7.4734697
CHEMBL4455029,7.2085648,-3.2116702
CHEMBL4466718,7.0909905,-3.4308982
CHEMBL4556552,7.241624,-3.1819415
CHEMBL2178984,3.2183397,2.5871296
CHEMBL3819227,10.591644,4.6830072
CHEMBL4571763,7.2412186,-3.2018774
CHEMBL4451228,15.811775,2.1789215
CHEMBL5560830,13.41528,1.4179717
CHEMBL3763449,12.7572365,2.7118747
CHEMBL4591725,3.4532495,6.407989
CHEMBL1445449,7.8763623,0.4369491
CHEMBL4763227,7.194009,7.8023357
CHEMBL484410,11.115642,1.1565497
CHEMBL4856665,5.8653708,20.53308
CHEMBL5290552,7.100175,1.587508
CHEMBL4094178,6.042191,7.1777425
CHEMBL5087013,2.4178653,6.856223
CHEMBL262275,11.508589,-0.34265402
CHEMBL2088236,7.1219215,1.146066
CHEMBL2178452,2.476496,6.3057804
CHEMBL2314726,13.345184,3.6569023
CHEMBL5218766,23.634197,-6.8396873
CHEMBL5196422,11.558237,3.915962
CHEMBL568962,6.141473,8.060102
CHEMBL1376318,2.5252979,5.0977697
CHEMBL471447,11.079884,1.2071395
CHEMBL4761022,8.807075,-0.25949404
CHEMBL2158360,5.642157,0.2753814
CHEMBL2333943,12.585494,1.8444057
CHEMBL3121782,7.844776,0.28733897
CHEMBL4129562,3.9394097,-2.7374094
CHEMBL1947111,5.2901616,6.916567
CHEMBL590378,4.720675,4.022144
CHEMBL5288791,5.6821184,8.495917
CHEMBL3093997,3.0193534,1.0583384
CHEMBL4105601,2.1368294,3.2445674
CHEMBL508208,13.867698,2.323146
CHEMBL4177242,4.641662,-0.56902665
CHEMBL67818,11.118616,5.068749
CHEMBL3585376,12.752003,4.3873305
CHEMBL377821,4.2411685,1.8616805
CHEMBL601481,4.529462,3.384496
CHEMBL140796,7.124702,1.6804833
CHEMBL469571,11.057054,1.17051
CHEMBL509891,13.82876,2.3097947
CHEMBL1611010,7.8116403,2.4700289
CHEMBL4065291,12.314988,3.3785903
CHEMBL4584730,5.787009,-9.670276
CHEMBL3403711,-5.5271635,12.193307
CHEMBL3963507,9.055492,-0.9726152
CHEMBL3133842,-9.126554,6.9361224
CHEMBL3918835,9.5421095,-1.2111586
CHEMBL3734986,11.331196,5.0770035
CHEMBL1604112,5.6491084,4.2517962
CHEMBL4083412,12.71521,1.7918634
CHEMBL4205924,10.733999,4.4227114
CHEMBL1777849,10.76674,4.5496244
CHEMBL4087723,4.592866,1.4833448
CHEMBL512843,13.104606,1.113032
CHEMBL1546137,11.387726,-0.22869591
CHEMBL2322279,3.8379443,6.692827
CHEMBL4128369,3.847099,-2.8507054
CHEMBL1405081,4.88279,3.274048
CHEMBL143555,1.986773,3.145265
CHEMBL3298602,12.798311,1.653802
CHEMBL1339297,3.2343369,2.5050225
CHEMBL1258868,11.701563,7.860692
CHEMBL3896718,5.158066,9.676137
CHEMBL4064565,7.4265656,8.831995
CHEMBL4852184,-2.6350005,5.317624
CHEMBL5395316,6.5376153,8.10294
CHEMBL4443825,7.232546,-3.1957104
CHEMBL5421502,6.267207,-2.1325016
CHEMBL4753939,8.85256,-0.21086882
CHEMBL2164286,13.225946,1.73755
CHEMBL4749871,3.6351042,3.4198396
CHEMBL4741319,8.858754,-0.23855661
CHEMBL4794446,8.785757,-0.22588694
CHEMBL2181749,5.0211234,5.9753785
CHEMBL5081663,1.551102,3.4338293
CHEMBL5090153,2.2800605,1.6361606
CHEMBL4520442,2.693461,4.3648653
CHEMBL4081648,12.519626,1.0956459
CHEMBL5197349,20.286871,-7.272752
CHEMBL5200035,20.286886,-7.272786
CHEMBL4789923,-3.9913764,-0.5019704
CHEMBL1835830,9.038394,-0.9384603
CHEMBL1478765,11.091532,1.1722142
CHEMBL3828054,15.765849,4.0848618
CHEMBL4065375,2.4750133,4.238273
CHEMBL4441408,4.12901,11.045253
CHEMBL4176748,7.6161838,14.629557
CHEMBL3265279,5.9721704,-8.416654
CHEMBL2425835,-1.2737856,-5.712466
CHEMBL3589965,16.016912,4.2866316
CHEMBL4129780,11.780658,5.1763496
CHEMBL5199803,7.645053,14.660964
CHEMBL5195371,7.629868,14.644308
CHEMBL4126559,13.61301,1.3648558
CHEMBL5187730,7.669686,14.684946
CHEMBL2030668,13.817984,2.5552096
CHEMBL4072815,11.131738,-8.901464
CHEMBL4080910,6.812828,8.807452
CHEMBL2178433,2.461958,2.4677224
CHEMBL3086068,10.981513,14.633289
CHEMBL4070271,6.434394,8.614319
CHEMBL602269,16.32878,-2.4223886
CHEMBL3586589,8.910168,0.4143093
CHEMBL3586604,2.6437814,1.9766598
CHEMBL406555,12.462935,1.3714399
CHEMBL578167,8.147759,-0.5476234
CHEMBL2425838,-1.2628802,-5.722295
CHEMBL12281,4.650706,3.1942017
CHEMBL2206118,18.013794,3.3005028
CHEMBL2349226,2.9460375,-6.992042
CHEMBL2322267,3.8717384,6.817912
CHEMBL1444825,4.1279163,5.350028
CHEMBL1081672,1.6524346,-5.436748
CHEMBL4160205,17.837248,12.861586
CHEMBL3946113,9.250245,-1.467005
CHEMBL1558455,10.94766,14.641568
CHEMBL380838,6.452129,6.127609
CHEMBL2048092,12.972506,6.0139384
CHEMBL256699,11.1866,2.3763564
CHEMBL1830792,12.246632,2.5599809
CHEMBL320251,1.9863447,3.2248697
CHEMBL3087902,13.70382,3.0944448
CHEMBL270722,5.185463,3.3291028
CHEMBL5088775,4.17422,5.3718734
CHEMBL575735,2.7244244,1.26471
CHEMBL48205,4.515487,-1.348226
CHEMBL3092182,11.236844,14.401795
CHEMBL3586606,9.105485,0.56243426
CHEMBL2387250,4.4578094,-1.6432767
CHEMBL3094036,2.6324785,0.8521463
CHEMBL2177251,-1.4464406,5.943483
CHEMBL4636566,15.332008,1.7910138
CHEMBL3976407,5.1622043,9.6717615
CHEMBL3286943,5.3786464,-0.6791937
CHEMBL3759775,5.018778,3.3331325
CHEMBL4070807,22.290789,-4.6636715
CHEMBL178969,3.3285968,8.903426
CHEMBL4068321,8.591454,0.3946474
CHEMBL3094003,2.9062078,0.73666006
CHEMBL3760002,11.4652405,4.5127854
CHEMBL600805,16.3482,-2.4156806
CHEMBL380375,2.0522208,3.651268
CHEMBL340669,8.145696,-0.5246973
CHEMBL5085674,6.94882,-3.3707108
CHEMBL4161232,-1.6329736,3.837316
CHEMBL1917495,6.6506777,8.0179
CHEMBL3896376,5.1624665,9.670808
CHEMBL2387744,-1.0524906,5.980078
CHEMBL600197,16.327358,-2.4266968
CHEMBL3785101,11.85921,7.6998973
CHEMBL3786236,11.816798,7.7360954
CHEMBL3893493,1.6322427,-1.4121099
CHEMBL4436668,5.776224,-9.452775
CHEMBL1288620,7.699705,2.4868884
CHEMBL4162192,7.611001,14.62099
CHEMBL2178438,2.2250872,2.6701994
CHEMBL179863,3.8576257,3.2226732
CHEMBL4127437,3.437497,2.4904478
CHEMBL150372,11.572835,4.0199294
CHEMBL4758921,16.448273,4.7613673
CHEMBL4170761,-1.634711,3.8322527
CHEMBL4169152,-1.6266344,3.842553
CHEMBL194564,-2.5771408,8.071794
CHEMBL206600,6.3671207,6.0531116
CHEMBL4088796,6.499896,8.597434
CHEMBL1454848,13.01491,5.898473
CHEMBL1288594,7.664007,2.4220498
CHEMBL1835326,11.339328,5.0567904
CHEMBL1351708,11.786832,4.483821
CHEMBL1426896,7.805506,2.3749661
CHEMBL3818635,10.473363,4.7517962
CHEMBL4075025,5.137643,4.444144
CHEMBL576412,4.347715,2.3427308
CHEMBL238633,12.998067,1.5208948
CHEMBL4078955,2.448508,4.2355614
CHEMBL1729831,6.1211424,-1.037263
CHEMBL4206431,10.616514,4.3486514
CHEMBL3924332,9.52796,-1.9632732
CHEMBL4436185,16.08944,5.0586543
CHEMBL3113645,11.471036,-0.2518566
CHEMBL2375688,6.320935,6.97998
CHEMBL2359574,8.462532,0.65462303
CHEMBL1343305,4.450654,5.9040227
CHEMBL3094133,2.3773496,1.0958772
CHEMBL4081953,14.1304035,1.8791263
CHEMBL1272019,11.08443,2.555069
CHEMBL264756,5.246959,-1.6107771
CHEMBL3746086,-6.6315107,8.496462
CHEMBL4171890,8.215324,0.11641042
CHEMBL605407,4.539373,3.3619387
CHEMBL609568,5.5835333,6.25476
CHEMBL1538873,7.827953,2.3758233
CHEMBL2393499,5.826256,-0.18603559
CHEMBL4208881,-4.488672,6.4307003
CHEMBL4211814,-4.4866443,6.4277306
CHEMBL4094117,4.2097754,2.3382573
CHEMBL1335052,11.623195,5.0646834
CHEMBL1329419,5.0693994,3.1611235
CHEMBL3220513,12.727277,0.39887944
CHEMBL4127564,3.9633806,-2.712638
CHEMBL481657,8.105675,1.6065345
CHEMBL5851456,5.823543,2.9887226
CHEMBL5836483,6.1238866,3.3361232
CHEMBL4747633,16.39585,4.899053
CHEMBL4750478,16.343971,4.9196
CHEMBL4438430,5.784177,-9.672834
CHEMBL4442347,0.07090489,4.6783586
CHEMBL3417311,0.7567516,15.478934
CHEMBL1612391,9.870999,4.066937
CHEMBL5194812,4.745056,3.569169
CHEMBL1480899,4.4294996,5.9226456
CHEMBL4570780,15.811702,2.1727502
CHEMBL2387267,3.5332956,-1.6792272
CHEMBL4088382,12.18275,3.0390463
CHEMBL3335071,5.124891,-1.4323214
CHEMBL4208928,12.476949,1.6206697
CHEMBL4450067,3.5787902,3.484871
CHEMBL4474002,11.930701,2.303871
CHEMBL3928231,9.281172,-1.4577168
CHEMBL122140,7.6187034,-0.9669267
CHEMBL1968646,6.631539,8.037118
CHEMBL592759,4.5220895,3.4799557
CHEMBL4093982,5.2949796,-1.1506574
CHEMBL4060398,2.1171646,3.1944988
CHEMBL3093994,3.0437524,1.1239002
CHEMBL4067432,5.2089,-1.2042084
CHEMBL4537667,10.408984,4.3075547
CHEMBL4468869,10.515081,4.826666
CHEMBL4210766,-4.471485,6.424402
CHEMBL3335065,5.1215286,-1.372643
CHEMBL3908386,1.6742043,-1.3521748
CHEMBL4438807,11.370179,-8.697095
CHEMBL4570423,11.352771,-8.708213
CHEMBL3120685,4.5037293,-1.6979836
CHEMBL3121791,3.3287988,1.9664987
CHEMBL4751341,13.994137,1.1592935
CHEMBL3961395,1.6476414,-1.3976512
CHEMBL3120687,4.515219,-1.7250093
CHEMBL3322160,-3.4311473,0.05554532
CHEMBL3086066,10.972356,14.639119
CHEMBL3087903,13.725103,3.1422865
CHEMBL4467593,11.116936,5.4728208
CHEMBL82742,7.0891542,8.292329
CHEMBL3286948,5.731537,-0.71706384
CHEMBL7840,14.387169,18.337355
CHEMBL3235994,7.5930247,2.0708058
CHEMBL4642621,4.88375,2.5692852
CHEMBL2178985,3.0899332,2.700997
CHEMBL4874085,10.679833,3.8109622
CHEMBL2178982,3.1470459,2.5732608
CHEMBL2408080,24.327263,4.4374485
CHEMBL2408077,24.3154,4.4252543
CHEMBL4636601,-0.9732421,5.726354
CHEMBL1510940,11.630678,2.1386805
CHEMBL3586578,1.5090342,3.4538329
CHEMBL337005,11.786706,1.3598717
CHEMBL2322283,3.9105387,6.8110933
CHEMBL5631607,11.944526,1.2294811
CHEMBL4463800,6.98314,8.836917
CHEMBL5091340,4.299143,5.512331
CHEMBL1310438,4.3506503,2.302145
CHEMBL4456360,6.0014668,6.2058296
CHEMBL4530941,11.301666,-8.758628
CHEMBL4213874,3.1149979,2.001192
CHEMBL4205110,3.1671522,2.073019
CHEMBL1362201,5.972804,0.008497262
CHEMBL5394729,5.6232605,4.6786747
CHEMBL4073330,4.4304886,-1.5511953
CHEMBL2164284,13.236151,2.0106122
CHEMBL3629814,15.665086,0.32165942
CHEMBL1337913,20.164904,2.205516
CHEMBL5281518,-2.212596,-2.8541856
CHEMBL3629810,15.668599,0.31942654
CHEMBL2322558,3.7702293,6.666392
CHEMBL3819219,8.489992,-7.76364
CHEMBL4643649,4.263362,1.566628
CHEMBL1083624,3.2313974,8.993236
CHEMBL4081886,4.5618753,6.257437
CHEMBL4070331,11.065589,2.6160746
CHEMBL459825,8.008777,1.7509811
CHEMBL4746701,13.997417,1.1512802
CHEMBL4760827,14.014481,1.1451776
CHEMBL4578097,0.057772953,4.669909
CHEMBL1547867,3.5212739,6.5601864
CHEMBL1489711,3.8205023,2.6763356
CHEMBL4099068,23.292027,11.86395
CHEMBL226003,6.4491973,8.661013
CHEMBL204056,6.403087,6.1029983
CHEMBL4761402,16.39519,4.7286124
CHEMBL3943702,1.6359861,-1.409529
CHEMBL3326705,14.765607,13.441819
CHEMBL4452234,5.168779,-3.5738342
CHEMBL1392132,11.618234,4.4589996
CHEMBL1382826,4.034954,12.009974
CHEMBL2387231,3.5758996,-1.7159244
CHEMBL4097212,6.793921,8.822097
CHEMBL204633,4.0886087,1.7904427
CHEMBL526897,11.023702,1.1963863
CHEMBL4104918,6.778658,8.8323555
CHEMBL568417,12.194361,1.6817416
CHEMBL1448808,4.806674,3.062847
CHEMBL1593882,3.8871229,0.7117414
CHEMBL4446787,7.2196274,-3.205496
CHEMBL1559383,5.223307,2.885713
CHEMBL102071,-1.5606761,3.9143448
CHEMBL200414,11.752966,1.342985
CHEMBL23174,13.5186825,1.653335
CHEMBL1333191,20.17556,2.2180727
CHEMBL269305,1.0155587,-3.2357569
CHEMBL6855,1.0332738,-3.2167923
CHEMBL386281,7.517226,-0.9868628
CHEMBL2052002,1.018946,-3.231821
CHEMBL459826,8.163663,1.2605968
CHEMBL347252,19.795563,8.477547
CHEMBL1609180,12.699644,3.024839
CHEMBL1940736,4.7412724,3.2254512
CHEMBL272465,6.512276,5.978585
CHEMBL1566928,4.0549498,4.12814
CHEMBL3297870,12.749927,1.6569271
CHEMBL453080,13.886226,2.3391407
CHEMBL90976,-3.4992394,-0.04359241
CHEMBL211141,13.143793,1.1582415
CHEMBL3264725,7.222775,8.47932
CHEMBL2393500,5.820748,-0.19479544
CHEMBL5633283,15.27895,4.004894
CHEMBL568348,12.363622,2.8728416
CHEMBL448696,13.13618,1.5387076
CHEMBL5432054,5.0636997,6.7502556
CHEMBL372919,-2.56382,8.057821
CHEMBL514713,10.540747,0.0701298
CHEMBL1470996,8.837562,-0.2197539
CHEMBL1417141,2.4693882,6.7910295
CHEMBL243532,12.736179,4.5483365
CHEMBL3121788,10.683535,0.43599015
CHEMBL1566908,4.0106087,6.504571
CHEMBL145451,2.4984908,4.189885
CHEMBL1369231,11.081382,2.4981143
CHEMBL452818,13.86821,2.3253183
CHEMBL363139,-2.5766544,8.071695
CHEMBL3192708,7.8012123,2.4619262
CHEMBL560273,3.953299,1.8213687
CHEMBL6530,1.0044873,-3.2457843
CHEMBL1650717,9.052669,-0.95088655
CHEMBL5633774,15.290284,4.0090523
CHEMBL2425843,13.422698,-6.8808937
CHEMBL358640,11.745998,4.375979
CHEMBL3220508,12.717193,0.38792053
CHEMBL3220511,12.776648,0.40466475
CHEMBL3695458,6.4534936,7.640011
CHEMBL1258748,11.714763,7.8512526
CHEMBL4437551,4.142435,11.027461
CHEMBL4519664,4.1167693,11.053776
CHEMBL407834,6.8259115,8.785856
CHEMBL333095,6.014604,6.194676
CHEMBL1256851,1.6379178,-1.3922232
CHEMBL2316107,13.036218,6.3853583
CHEMBL4868909,6.6726956,8.076976
CHEMBL5569594,2.1951597,1.699942
CHEMBL83294,13.062091,1.609746
CHEMBL4551634,5.7838216,-9.675292
CHEMBL2012478,11.845674,7.7169747
CHEMBL1379083,6.383262,4.783537
CHEMBL259477,7.285331,8.611749
CHEMBL4517653,0.06825849,4.6803823
CHEMBL3622017,2.8812623,5.037631
CHEMBL5569412,13.163031,1.2947519
CHEMBL4780696,5.617261,4.1901097
CHEMBL4762527,-4.000709,-0.5095431
CHEMBL3261208,12.658053,1.4212165
CHEMBL3354137,3.561628,3.5078866
CHEMBL1275892,2.7103853,21.3828
CHEMBL5219483,4.7413015,-0.682296
CHEMBL4753209,13.85197,1.2621317
CHEMBL1415432,7.795266,2.4210737
CHEMBL4848583,-1.0644059,8.317611
CHEMBL49732,7.991904,0.38702703
CHEMBL4289607,7.577531,-0.4818717
CHEMBL4779696,11.694614,4.415455
CHEMBL1835814,9.57108,-1.1436152
CHEMBL483974,4.756608,3.4126863
CHEMBL4858385,3.9160795,4.592561
CHEMBL4856046,-1.0485023,8.330257
CHEMBL4877901,-1.0776532,8.3052435
CHEMBL4859449,-1.0899432,8.296694
CHEMBL4862037,-1.0767432,8.3075905
CHEMBL483526,5.8400106,6.2582545
CHEMBL494795,13.075269,1.169162
CHEMBL4519947,3.536823,8.732902
CHEMBL5196340,7.6172214,14.6287365
CHEMBL3622009,2.5404277,5.062187
CHEMBL5569900,2.2424753,1.6745468
CHEMBL251680,2.404886,4.2031174
CHEMBL311013,7.590144,2.4694734
CHEMBL3113644,11.46555,-0.25339174
CHEMBL1221982,10.814436,4.5963264
CHEMBL1084286,7.527155,2.3952706
CHEMBL3092185,11.252772,14.3888855
CHEMBL4586578,-1.5397502,3.9130096
CHEMBL153064,12.214499,2.0480313
CHEMBL4440732,9.157085,-1.234437
CHEMBL4580963,6.989678,-3.2868953
CHEMBL1425462,2.4005897,3.5614448
CHEMBL1257134,11.705286,7.857074
CHEMBL3087899,13.709192,3.0883768
CHEMBL4873913,5.758525,20.633316
CHEMBL462972,8.125808,0.89203286
CHEMBL4859883,13.484396,3.010517
CHEMBL5632639,15.609457,4.3134303
CHEMBL3394535,2.9317913,4.8667583
CHEMBL3735625,11.236101,5.2524233
CHEMBL3806010,13.117516,6.530281
CHEMBL4852718,12.040679,2.9643776
CHEMBL3957000,9.523919,-1.9539936
CHEMBL3764408,5.9426064,-1.2786176
CHEMBL3765760,5.9937816,-1.1626258
CHEMBL3764211,6.0231624,-1.3303844
CHEMBL2376508,12.507529,2.0524445
CHEMBL3394536,2.9201806,4.893705
CHEMBL5592078,2.334099,6.9752364
CHEMBL3297792,13.012346,1.6094476
CHEMBL3326702,14.758852,13.42795
CHEMBL5081574,6.9884295,-3.3215501
CHEMBL5082824,2.225367,1.7106501
CHEMBL569627,6.366538,8.044346
CHEMBL5792650,6.0610723,3.1373193
CHEMBL5572134,3.0254674,2.0320454
CHEMBL5590116,5.0139956,3.133005
CHEMBL4762663,4.948423,3.2429073
CHEMBL3087897,13.724402,3.1182725
CHEMBL3262899,8.086151,1.1044072
CHEMBL3822899,23.64507,3.215144
CHEMBL3823238,23.637573,3.2045045
CHEMBL4849620,3.428076,2.231463
CHEMBL3823735,23.63751,3.2043104
CHEMBL3359950,2.5661366,0.64012146
CHEMBL4093867,2.8998156,3.8882768
CHEMBL1830796,12.71483,2.69962
CHEMBL3889532,12.995609,3.4698842
CHEMBL4098990,9.000954,-0.8720029
CHEMBL1562069,3.2605345,5.4548197
CHEMBL259997,5.2253995,6.0419326
CHEMBL3823440,23.634644,3.2004128
CHEMBL1414071,12.511551,2.0204597
CHEMBL1927209,10.235073,5.3679304
CHEMBL5083014,7.2279396,-3.199954
CHEMBL1376708,4.2947345,5.437352
CHEMBL205309,4.0686893,2.7648954
CHEMBL348978,19.770597,8.452906
CHEMBL3113390,3.5289736,6.466005
CHEMBL153505,11.732005,4.40207
CHEMBL121678,6.9412494,9.070207
CHEMBL11382,8.030185,0.4742276
CHEMBL1455427,12.452038,1.7784115
CHEMBL1529197,6.575798,4.6544747
CHEMBL126780,13.536425,1.8881478
CHEMBL89757,8.487787,0.205371
CHEMBL1331857,4.804218,3.0140343
CHEMBL1835832,9.558209,-1.1835388
CHEMBL3092184,11.253447,14.386325
CHEMBL1355735,4.622342,4.9074354
CHEMBL3094035,2.6806228,0.84440523
CHEMBL3121795,10.70687,0.44703963
CHEMBL177085,7.013384,0.97731423
CHEMBL3335047,5.0377135,-1.4268757
CHEMBL3335023,1.3058805,4.433293
CHEMBL1533974,2.6694446,1.7695134
CHEMBL1370536,11.072133,2.6140084
CHEMBL3403687,-5.507343,12.214019
CHEMBL1835807,9.562716,-1.1521134
CHEMBL1688898,8.863547,11.106237
CHEMBL415992,2.0790489,3.139308
CHEMBL1589453,13.854107,1.2672564
CHEMBL1442864,5.812259,3.6478963
CHEMBL351692,19.781092,8.466031
CHEMBL209052,14.574602,3.2035344
CHEMBL1258983,11.70536,7.8564196
CHEMBL1431521,6.3618627,4.4791985
CHEMBL3094014,2.9205627,0.7088217
CHEMBL5565874,15.943716,4.205161
CHEMBL2441682,3.4174075,1.7805201
CHEMBL451476,6.577661,5.932431
CHEMBL2178987,2.6517437,3.1401014
CHEMBL257751,5.632682,7.0474133
CHEMBL1688901,8.880973,11.127558
CHEMBL377094,4.2144284,1.8337162
CHEMBL1290401,5.7556553,2.979913
CHEMBL1335668,7.0120416,8.816038
CHEMBL1099322,-1.3863231,19.028736
CHEMBL1275845,2.69713,21.397623
CHEMBL1441570,6.3678856,2.0763323
CHEMBL256977,5.565455,7.126367
CHEMBL1583960,11.075588,2.61104
CHEMBL2206130,18.00115,3.3010533
CHEMBL479462,7.580407,1.8883481
CHEMBL2391490,1.510552,15.71947
CHEMBL2442509,11.182945,2.259035
CHEMBL1567121,13.656625,1.964868
CHEMBL503184,7.6192236,2.2550464
CHEMBL3354140,3.5582855,3.491005
CHEMBL3394534,2.946244,4.860451
CHEMBL3394529,4.677566,2.680942
CHEMBL80529,6.9355903,9.099446
CHEMBL206441,6.4243784,6.1457705
CHEMBL207083,14.610178,3.198714
CHEMBL407904,12.966526,4.7181606
CHEMBL2177806,2.487535,6.278562
CHEMBL1502034,6.3811007,4.510018
CHEMBL1096812,-1.3180112,19.096785
CHEMBL3261210,12.711624,1.428372
CHEMBL3237501,13.481203,1.596754
CHEMBL2178436,2.9223244,2.820439
CHEMBL3915683,1.6274824,-1.4035869
CHEMBL3545714,1.2964498,4.4389253
CHEMBL1597585,4.5723515,4.936783
CHEMBL242905,12.763397,4.5186687
CHEMBL1541449,2.757773,1.800301
CHEMBL197190,7.4343677,2.8706863
CHEMBL2158364,5.639336,0.27562425
CHEMBL272357,5.641051,4.282889
CHEMBL5631497,15.589688,4.285868
CHEMBL551028,7.013836,1.7219487
CHEMBL4865071,5.6314116,20.7844
CHEMBL348922,2.4605415,3.777354
CHEMBL1454587,3.5010393,5.802483
CHEMBL2387240,3.5448918,-1.6779318
CHEMBL1567191,11.899304,1.2067224
CHEMBL3261198,12.96525,1.0285747
CHEMBL4438851,3.521926,8.745121
CHEMBL3113642,11.4663105,-0.2540011
CHEMBL5401281,6.2511406,-2.1234586
CHEMBL120590,5.33878,-1.0604821
CHEMBL1085001,3.2629733,8.970756
CHEMBL4544784,2.3540635,6.948835
CHEMBL571059,6.1198163,8.035455
CHEMBL4071421,14.133125,1.893522
CHEMBL4173681,7.543313,2.3457527
CHEMBL4062701,23.292194,11.864188
CHEMBL4098180,2.4342232,4.2384677
CHEMBL3219185,13.056799,5.8289313
CHEMBL4100841,23.292023,11.863956
CHEMBL204922,6.276973,6.1119304
CHEMBL90569,5.79188,-8.834591
CHEMBL4216146,-4.4753695,6.417624
CHEMBL380452,6.421319,6.2243104
CHEMBL2408074,24.320248,4.4296503
CHEMBL340625,0.3296276,3.5534706
CHEMBL239507,2.5356238,1.1477234
CHEMBL488075,4.2256994,5.4122953
CHEMBL475989,10.536948,0.0706407
CHEMBL1830795,12.422022,2.0098681
CHEMBL469782,11.130096,1.176319
CHEMBL3286945,5.346597,-0.66197973
CHEMBL575937,2.8257437,1.2556027
CHEMBL4437301,10.95609,2.2804024
CHEMBL583128,2.9646232,1.1027856
CHEMBL1313807,3.526702,6.55961
CHEMBL419813,11.045512,4.98632
CHEMBL3823420,23.65313,3.2237794
CHEMBL3823814,23.636686,3.2036662
CHEMBL3822638,23.637037,3.2024949
CHEMBL1545605,4.011341,12.038171
CHEMBL3427388,6.039361,11.432241
CHEMBL3403695,-5.531827,12.189479
CHEMBL5903039,6.1263313,3.337391
CHEMBL567896,11.774485,1.4776078
CHEMBL3427413,6.0472045,11.453414
CHEMBL372346,6.247678,3.0408077
CHEMBL3410705,13.260429,2.6304603
CHEMBL1408587,4.5297613,3.286146
CHEMBL330100,5.8254437,-8.772329
CHEMBL593424,11.800042,3.948475
CHEMBL440565,7.752714,8.25793
CHEMBL1489817,3.6167202,3.530538
CHEMBL3116217,8.082583,1.1758949
CHEMBL1323794,6.117849,4.3202233
CHEMBL1600644,4.498951,3.300928
CHEMBL1351920,3.5922408,2.2363207
CHEMBL1426113,3.4919348,6.4511485
CHEMBL3740860,12.015658,6.2336807
CHEMBL3742383,12.011214,6.2266903
CHEMBL1374160,4.7539167,2.5117424
CHEMBL3741757,12.010828,6.236034
CHEMBL1501392,4.7882047,6.072957
CHEMBL1310325,13.091463,5.7852693
CHEMBL1582191,3.2315643,2.5337188
CHEMBL4568143,10.384278,4.2443004
CHEMBL91067,5.794483,-8.831234
CHEMBL3941516,1.6481874,-1.383416
CHEMBL1596513,13.631994,3.0486512
CHEMBL3400291,11.234841,14.40566
CHEMBL418131,6.7416606,7.714067
CHEMBL5288803,13.304771,2.660554
CHEMBL1258481,4.2922077,1.9414183
CHEMBL2177810,2.49299,6.290358
CHEMBL3417305,0.7715467,15.491886
CHEMBL494633,12.761162,1.317258
CHEMBL3220510,12.716208,0.45331785
CHEMBL179585,3.822313,3.2430792
CHEMBL5077048,4.102951,5.3412786
CHEMBL5081492,4.239911,5.4185705
CHEMBL438443,6.3798623,6.050564
CHEMBL206727,6.315307,6.0841756
CHEMBL5181220,7.9032917,1.6086726
CHEMBL317599,-1.6017605,3.8845453
CHEMBL5571218,2.7020311,2.1357956
CHEMBL5572513,13.375784,1.9217659
CHEMBL5285191,13.317513,3.2868109
CHEMBL3582268,13.979573,2.5860386
CHEMBL1347829,13.132239,1.1178671
CHEMBL3736303,11.291339,5.26312
CHEMBL3427406,6.200244,11.624348
CHEMBL3740902,12.0137,6.238301
CHEMBL3740695,12.024001,6.2452335
CHEMBL1580701,3.9645288,2.6685972
CHEMBL3427500,6.188116,11.611058
CHEMBL1481657,20.172302,2.213907
CHEMBL261789,6.774185,8.694548
CHEMBL180436,13.119569,1.4578661
CHEMBL259154,6.957108,8.6253
CHEMBL1448854,4.5339065,3.3496208
CHEMBL1947106,5.2705927,6.970413
CHEMBL2376888,12.683699,0.32388762
CHEMBL333983,7.6071873,-0.9545554
CHEMBL1491357,12.415977,1.2192734
CHEMBL260998,7.2675247,8.646205
CHEMBL1701595,2.3404455,3.5960588
CHEMBL605082,4.611013,3.6716666
CHEMBL1326244,20.145868,2.1838875
CHEMBL4287144,12.959162,9.515165
CHEMBL4286737,12.844593,9.407752
CHEMBL3092191,11.264695,14.377585
CHEMBL2322553,3.80083,6.762855
CHEMBL481658,8.090689,1.6437879
CHEMBL4526348,16.101025,5.056622
CHEMBL593904,4.617931,3.5953496
CHEMBL592760,4.5870476,3.3954344
CHEMBL199527,11.5040865,4.431944
CHEMBL3938998,12.977356,3.4561844
CHEMBL3985258,1.6139333,-1.4105822
CHEMBL1524629,-1.0077924,5.8643847
CHEMBL206546,6.282135,6.1074905
CHEMBL3955372,9.52406,-1.2816423
CHEMBL383753,6.3251815,6.0936356
CHEMBL2391477,1.5209196,15.691347
CHEMBL431479,7.6089163,-0.99280334
CHEMBL3826998,15.79311,4.0379477
CHEMBL3828443,15.79388,4.0293274
CHEMBL1830831,13.00114,1.4247203
CHEMBL570332,6.3182993,8.022068
CHEMBL3956846,5.166403,9.664668
CHEMBL275331,2.6606681,4.1942983
CHEMBL2322252,3.9180605,6.845266
CHEMBL18832,2.1334321,2.93628
CHEMBL361588,3.2456791,8.990444
CHEMBL122239,7.290785,0.5158343
CHEMBL351044,19.78976,8.472084
CHEMBL1275889,2.7087338,21.384962
CHEMBL488063,4.259503,5.376575
CHEMBL4642176,15.42456,1.8595791
CHEMBL32926,7.1218233,8.25979
CHEMBL1529932,11.872562,4.986683
CHEMBL5184719,3.8526824,5.9437346
CHEMBL1761759,11.641046,4.993198
CHEMBL488074,4.2285733,5.3996577
CHEMBL4865638,11.9628725,2.98809
CHEMBL4860932,5.61933,20.797688
CHEMBL4465315,2.5186138,-9.590845
CHEMBL4537886,8.52934,-0.9818904
CHEMBL4754666,5.655873,6.308003
CHEMBL325761,2.0459943,3.1492796
CHEMBL3120702,4.5363894,-1.7043291
CHEMBL3235991,7.5189104,1.757725
CHEMBL5174139,8.193656,1.3560268
CHEMBL1957175,8.043972,0.13343792
CHEMBL1688909,8.708584,10.946793
CHEMBL1688892,8.906497,11.152668
CHEMBL1688911,8.7448845,10.984317
CHEMBL2088231,7.0176134,1.0086626
CHEMBL2030669,13.745341,2.822581
CHEMBL4644520,5.605135,3.8670352
CHEMBL1835327,11.373369,5.183734
CHEMBL4130132,3.9682565,-2.707739
CHEMBL3965979,9.248274,-1.4933003
CHEMBL4591281,2.549409,6.7497764
CHEMBL4550735,2.3342652,6.984502
CHEMBL1277774,0.17270014,10.6266165
CHEMBL1835806,11.542561,1.9167092
CHEMBL4866500,-1.0449153,8.332889
CHEMBL5570366,9.0169935,0.9323928
CHEMBL4879384,4.0257664,3.9122772
CHEMBL3113638,12.556683,1.661354
CHEMBL4127281,6.6238894,8.368193
CHEMBL1335126,3.3640475,5.9117193
CHEMBL4444865,12.9871,2.2490814
CHEMBL1333737,12.976469,1.326396
CHEMBL5403314,5.6402435,4.6324024
CHEMBL3121775,10.694831,0.4419124
CHEMBL5090504,6.9809065,-3.3701687
CHEMBL380844,6.2712936,6.1093965
CHEMBL4535284,2.3762362,6.9254827
CHEMBL4079164,2.4946654,4.2035174
CHEMBL5289870,5.6962957,8.493054
CHEMBL5209359,4.274581,2.8867474
CHEMBL1604500,11.961259,6.1105466
CHEMBL1398824,7.600241,2.5858552
CHEMBL4853043,11.884855,3.0597718
CHEMBL5395551,11.703242,7.86186
CHEMBL5911614,6.0603485,3.0843325
CHEMBL2314727,13.095765,4.1265635
CHEMBL564092,8.5544195,-0.18629465
CHEMBL3265274,5.9346795,-8.451794
CHEMBL1438695,12.281981,1.2619162
CHEMBL205358,4.6258283,1.4762108
CHEMBL1835226,11.130222,5.0148807
CHEMBL4878678,11.541384,1.9444147
CHEMBL258230,7.5248165,1.8679993
CHEMBL3746509,-6.6321354,8.496257
CHEMBL1341962,9.834213,4.064604
CHEMBL2181542,-1.8326629,5.7141047
CHEMBL1650700,12.206662,1.991572
CHEMBL2387539,-1.082589,5.9906974
CHEMBL4529795,16.102089,5.08519
CHEMBL5402723,8.215594,0.43884233
CHEMBL1630106,11.725693,-0.74393445
CHEMBL3960875,1.639899,-1.3891382
CHEMBL194292,-2.5768979,8.071963
CHEMBL213286,2.0697143,3.5509696
CHEMBL2112311,1.018243,-3.2320871
CHEMBL1591156,4.440752,5.846051
CHEMBL1688544,6.5010414,6.0481687
CHEMBL18042,2.0419521,3.1240122
CHEMBL1688543,6.521263,6.030127
CHEMBL1348090,12.9912815,5.8477035
CHEMBL4851652,5.8606343,20.540516
CHEMBL237186,7.2894554,8.60311
CHEMBL512703,11.083586,1.1820718
CHEMBL500684,11.065199,1.1686338
CHEMBL4780088,4.9384055,3.2926795
CHEMBL606421,16.360592,-2.409222
CHEMBL2393498,5.7893214,-0.24469268
CHEMBL3092178,11.083251,14.546898
CHEMBL123663,7.5893307,-0.99710476
CHEMBL5409761,6.1862235,-1.8207134
CHEMBL497176,12.107726,1.9983137
CHEMBL5408041,6.213817,-2.0070622
CHEMBL5218572,23.461418,-6.6662197
CHEMBL5282499,5.619148,3.8468478
CHEMBL1777847,10.700607,4.5634284
CHEMBL5597792,14.093906,2.494934
CHEMBL507756,6.158226,5.0295143
CHEMBL3286942,5.3960595,-0.66873705
CHEMBL5085768,4.4905114,5.0860662
CHEMBL4876107,5.6354566,20.77934
CHEMBL5284393,16.19494,4.801642
CHEMBL4553497,10.542183,4.637632
CHEMBL4437250,2.5544064,6.723856
CHEMBL1479259,6.4670777,4.717475
CHEMBL4757985,5.540523,3.9378133
CHEMBL450963,6.532646,1.0328524
CHEMBL1630089,11.749627,-0.7333102
CHEMBL2114284,7.034868,8.876831
CHEMBL3403708,-5.4976025,12.2216
CHEMBL2322551,3.8475785,6.7912164
CHEMBL3904764,3.0795631,2.078655
CHEMBL4459285,13.001932,2.3054683
CHEMBL381919,14.61597,3.1949427
CHEMBL4468552,6.980095,-3.32162
CHEMBL4586509,6.987524,-3.3221388
CHEMBL4744872,3.6229126,3.464577
CHEMBL2314730,13.541043,3.3457258
CHEMBL3764762,5.9381375,-1.2829378
CHEMBL3974043,9.468561,-1.3510894
CHEMBL1566723,3.4978735,3.553983
CHEMBL3356691,6.8963737,7.086751
CHEMBL206632,4.2680445,1.8818623
CHEMBL5268389,-2.2354226,-2.8780055
CHEMBL4563027,5.1608596,-3.5434837
CHEMBL3818574,10.546837,4.6807857
CHEMBL4443961,6.9045286,8.806505
CHEMBL4598256,6.9489045,-3.3649585
CHEMBL1277495,0.14800082,10.650291
CHEMBL3984180,1.594036,3.9017003
CHEMBL1290285,10.36455,4.379177
CHEMBL3612305,2.6387854,5.208861
CHEMBL3410716,13.264086,2.7009687
CHEMBL5083737,1.6364397,3.2962587
CHEMBL3785926,3.3212357,2.340464
CHEMBL89921,5.81062,-8.807735
CHEMBL333655,7.323439,0.5031151
CHEMBL359392,2.0688722,3.6444848
CHEMBL211214,14.615204,3.188157
CHEMBL5997954,1.8778492,3.9632792
CHEMBL2181549,-1.0781925,6.0088406
CHEMBL4217755,3.1449776,1.9595411
CHEMBL1343861,4.740792,6.1353283
CHEMBL1253531,5.6536913,4.241395
CHEMBL4076889,22.316648,-4.686872
CHEMBL4065986,22.294798,-4.6682796
CHEMBL4063233,22.289686,-4.663371
CHEMBL4101763,22.38772,-4.769393
CHEMBL1079119,7.1564283,1.3357202
CHEMBL3745983,-6.631113,8.495633
CHEMBL3745757,-6.6345506,8.498795
CHEMBL3120681,4.5404963,-1.725923
CHEMBL3120682,4.445781,-1.7351154
CHEMBL2425487,10.405388,9.936065
CHEMBL3331330,-1.5987868,3.8868294
CHEMBL3121794,10.785775,0.9398332
CHEMBL3121786,10.687371,0.43952608
CHEMBL572828,2.6918833,1.3496602
CHEMBL3094017,2.9414709,0.95228344
CHEMBL514556,4.0813904,2.762906
CHEMBL1506505,8.051376,0.4865167
CHEMBL1830815,10.820391,1.1389331
CHEMBL363583,-2.5747073,8.070033
CHEMBL379100,14.5349865,3.1962032
CHEMBL329126,5.7923617,-8.827714
CHEMBL1537860,6.4962897,4.6246347
CHEMBL1253541,5.708592,4.222154
CHEMBL592043,5.3219385,6.147091
CHEMBL2425855,13.393738,-6.906187
CHEMBL267854,11.701843,-0.33699554
CHEMBL1098818,-1.3736672,19.041405
CHEMBL575938,2.8783543,1.1456648
CHEMBL572768,2.8093874,1.4073032
CHEMBL1630090,11.731981,-0.72896427
CHEMBL593763,2.511869,1.1461535
CHEMBL335955,-0.022641834,10.821555
CHEMBL1231470,8.5339775,1.9026573
CHEMBL573985,2.666462,1.4437752
CHEMBL1310996,8.757104,-0.26544642
CHEMBL1594123,4.4627285,5.876772
CHEMBL2441681,3.4186082,1.7843688
CHEMBL1076247,1.6346968,-5.455018
CHEMBL1081369,1.6361423,-5.4536004
CHEMBL121967,7.6164913,-0.91448945
CHEMBL1870203,7.143666,1.3973175
CHEMBL196052,7.503762,2.7200031
CHEMBL1468522,5.581284,4.442415
CHEMBL1830818,11.381808,1.696222
CHEMBL1165549,4.5036216,5.037327
CHEMBL1388603,12.889493,0.53921485
CHEMBL265181,7.2208858,8.590658
CHEMBL5434620,5.6385336,4.6242466
CHEMBL5272170,5.678247,8.499999
CHEMBL1835224,11.270162,4.8865204
CHEMBL510349,11.717235,4.9751024
CHEMBL470602,-1.0918629,5.865558
CHEMBL1878306,13.323471,-6.937848
CHEMBL270248,12.957217,4.716246
CHEMBL589156,4.6251225,3.7210095
CHEMBL325841,4.8157554,2.537238
CHEMBL492022,4.0389857,2.762574
CHEMBL514381,10.534369,0.076890424
CHEMBL456912,10.543551,0.07575945
CHEMBL515991,10.525274,0.053328026
CHEMBL1401585,3.498411,2.5162423
CHEMBL1426955,6.381137,4.815852
CHEMBL2387227,4.055061,-2.5084522
CHEMBL1478000,7.5142603,0.5424669
CHEMBL452751,7.1250243,1.6194687
CHEMBL7289,1.0362948,-3.2138894
CHEMBL196350,-2.5759897,8.071021
CHEMBL193416,6.6100707,4.290693
CHEMBL1443674,4.6425514,3.2702494
CHEMBL1525722,3.0473502,2.0726128
CHEMBL448936,6.524932,1.0738784
CHEMBL1866835,12.862854,9.425924
CHEMBL268098,1.0279152,-3.2206109
CHEMBL205777,4.6316004,1.4924585
CHEMBL3706905,4.5548506,2.3898156
CHEMBL6654,1.0148225,-3.2363985
CHEMBL204272,6.371842,6.137234
CHEMBL363624,0.18225479,10.614747
CHEMBL255531,5.4687595,3.896005
CHEMBL472638,13.501047,1.612797
CHEMBL508698,13.1072855,1.1232579
CHEMBL1535670,13.842827,1.2992712
CHEMBL204902,6.315993,6.0676093
CHEMBL2309599,3.6204815,3.483073
CHEMBL1319645,5.646524,3.788884
CHEMBL1409950,4.670894,3.303392
CHEMBL3972814,11.161012,2.342345
CHEMBL1403039,20.163076,2.2019756
CHEMBL4793934,-4.097281,-0.60494983
CHEMBL4759593,-4.064953,-0.57255435
CHEMBL18669,2.5325885,4.298837
CHEMBL1938469,6.3380604,2.0931609
CHEMBL161658,19.77098,8.453123
CHEMBL422830,2.1905844,3.7199244
CHEMBL4091160,2.4129255,4.256796
CHEMBL1324640,2.4932368,5.08305
CHEMBL4073185,5.0846095,4.49559
CHEMBL3823400,23.633486,3.1991951
CHEMBL244416,12.830798,4.550349
CHEMBL1221981,10.893679,4.640674
CHEMBL1455263,4.037166,4.247906
CHEMBL3116094,7.2330017,1.4189016
CHEMBL1258982,11.687899,7.875824
CHEMBL472218,11.08897,1.1738833
CHEMBL3094026,2.7883525,1.0679219
CHEMBL470008,10.974957,1.2266315
CHEMBL3094008,2.568381,0.61201787
CHEMBL5412890,3.513777,5.1450043
CHEMBL1334334,6.3482475,8.710503
CHEMBL5415361,16.013712,4.912798
CHEMBL573522,2.501318,1.1409642
CHEMBL122754,8.160631,-0.52806425
CHEMBL1258747,11.715243,7.8506274
CHEMBL600018,15.922912,-2.352701
CHEMBL1598233,12.502928,1.1121786
CHEMBL1494802,12.924248,0.4549172
CHEMBL4570404,6.6015472,7.174215
CHEMBL3335058,5.1844954,-1.2645102
CHEMBL1530252,-1.5150583,3.9394069
CHEMBL286638,6.5697064,1.1007519
CHEMBL434860,19.783575,8.465573
CHEMBL268282,4.3112235,2.8720932
CHEMBL1423602,4.446512,5.912484
CHEMBL3264727,7.188058,8.47992
CHEMBL451623,6.5425344,1.0722761
CHEMBL2178454,2.476996,6.319797
CHEMBL35376,5.274875,-1.6269543
CHEMBL197849,-2.540049,8.041297
CHEMBL3976042,12.993026,3.4717667
CHEMBL2112312,1.0182348,-3.232355
CHEMBL381697,6.343981,6.132747
CHEMBL1335064,4.621021,4.9065022
CHEMBL3739579,12.011025,6.206227
CHEMBL282382,14.387191,18.33743
CHEMBL1688914,8.603336,10.850373
CHEMBL206218,6.3815737,6.162987
CHEMBL1727447,13.659351,1.3150082
CHEMBL1423338,4.50048,3.3410408
CHEMBL3955849,9.274452,-1.477114
CHEMBL158660,19.789055,8.478681
CHEMBL1398736,5.204437,3.6149457
CHEMBL3092187,11.099342,14.5294695
CHEMBL1351746,4.914405,3.2629626
CHEMBL4761822,16.405231,4.7273946
CHEMBL1688915,8.609452,10.856944
CHEMBL1363026,3.861258,6.7287397
CHEMBL313331,6.3949533,8.598912
CHEMBL579300,-2.5758138,8.070827
CHEMBL153406,11.953108,2.0424352
CHEMBL1372334,5.455264,4.1019764
CHEMBL422788,4.7594,-1.311523
CHEMBL2177801,2.5144043,6.2794447
CHEMBL1566005,3.1941879,2.50533
CHEMBL142555,5.876669,0.15498833
CHEMBL3903073,9.511511,-1.2799474
CHEMBL113230,-1.8120774,5.7277126
CHEMBL4471734,4.0177794,11.960704
CHEMBL4789192,-3.9983444,-0.5074755
CHEMBL5414372,10.437764,4.0911994
CHEMBL5286193,14.387131,18.33728
CHEMBL258397,5.5672517,7.125111
CHEMBL3894599,9.249863,-1.4808216
CHEMBL437731,8.692211,10.92871
CHEMBL4446622,4.7212005,-5.627736
CHEMBL3219490,13.034238,6.4901776
CHEMBL4173787,-1.5384151,3.9457374
CHEMBL4778582,16.432951,4.7456307
CHEMBL3235998,7.5170407,2.1183739
CHEMBL5218564,23.593834,-6.7990723
CHEMBL5218606,23.548964,-6.7539153
CHEMBL5429806,8.212654,0.47559795
CHEMBL2425845,13.3897,-6.914426
CHEMBL4540508,4.125418,11.050261
CHEMBL4098491,12.889658,-7.1180854
CHEMBL4441792,5.7780547,-9.464653
CHEMBL3931501,1.6378071,-1.3974713
CHEMBL3805418,13.038803,6.176462
CHEMBL5595203,8.846597,-0.23498027
CHEMBL2012477,11.866964,7.694106
CHEMBL3120694,3.6055381,-1.7443975
CHEMBL81277,10.964069,14.642751
CHEMBL5419495,6.190526,-1.8215294
CHEMBL5402892,15.958643,4.2160263
CHEMBL5072382,7.1539226,-3.1991699
CHEMBL5434920,6.2533,-2.1050944
CHEMBL3927354,13.182241,1.5971833
CHEMBL4793392,7.178571,7.8258986
CHEMBL5406811,3.6231728,2.3147838
CHEMBL3894190,1.6037532,-1.4280373
CHEMBL3354141,3.5457346,3.4999847
CHEMBL5191516,8.073526,1.5764012
CHEMBL2387265,3.5031009,-1.6652937
CHEMBL2387263,3.5057685,-1.6646882
CHEMBL212069,13.11027,1.1614693
CHEMBL1288595,7.6986055,2.4923494
CHEMBL1515251,3.5115056,6.4434695
CHEMBL3403701,-5.5314884,12.189841
CHEMBL4647351,15.382975,1.8222322
CHEMBL3286724,5.560472,-0.68249214
CHEMBL3335068,1.3499429,3.5625052
CHEMBL2334353,8.164856,1.3046005
CHEMBL3335019,1.348227,4.406701
CHEMBL4174798,10.750491,4.8213153
CHEMBL4096387,5.225704,-1.1048452
CHEMBL145792,2.0642495,3.15776
CHEMBL4168276,6.8048396,7.4370875
CHEMBL139604,7.435392,2.096433
CHEMBL2387260,3.5604908,-1.674359
CHEMBL1389588,13.021747,5.879261
CHEMBL1630101,11.734253,-0.7214127
CHEMBL3092179,11.091324,14.538351
CHEMBL5078809,4.1916804,5.3778877
CHEMBL3092196,11.283505,14.358995
CHEMBL91938,5.794108,-8.825728
CHEMBL1258303,4.356078,2.9093518
CHEMBL147383,8.156797,-0.18370354
CHEMBL4063523,10.891665,5.3252783
CHEMBL1275891,2.6846063,21.408033
CHEMBL1275846,2.6860554,21.406206
CHEMBL1275844,2.6758716,21.417992
CHEMBL1275896,2.6827748,21.409582
CHEMBL3948863,12.998164,3.4662244
CHEMBL4081445,12.214778,3.2549706
CHEMBL1607582,3.7859359,6.6567607
CHEMBL2393509,6.1154714,-1.1372954
CHEMBL5220025,23.549015,-6.753922
CHEMBL5219055,-2.2208438,-2.864117
CHEMBL5218799,23.626516,-6.831915
CHEMBL5279129,4.8429546,-0.7169755
CHEMBL5219522,4.7593074,-0.687811
CHEMBL5289774,-2.2223878,-2.86764
CHEMBL1462872,20.173582,2.2158284
CHEMBL5267399,-2.2179377,-2.8608253
CHEMBL4878979,12.047591,2.9464128
CHEMBL4060049,14.144128,1.8910482
CHEMBL107541,2.0636065,3.2373524
CHEMBL4211565,5.1627245,-3.5707126
CHEMBL4081954,14.154383,1.8962618
CHEMBL1078190,7.1338267,1.3023689
CHEMBL559791,4.8229113,3.5270863
CHEMBL600409,15.986988,-2.3921413
CHEMBL590613,4.712265,3.958753
CHEMBL470224,-1.0517095,6.004204
CHEMBL1501222,2.5060196,3.808341
CHEMBL267693,14.387227,18.337507
CHEMBL1485402,9.900272,4.092643
CHEMBL3092190,11.25579,14.385817
CHEMBL4783462,-4.065134,-0.573058
CHEMBL167368,2.588102,4.6556697
CHEMBL4163051,10.777352,4.8129034
CHEMBL178635,3.8478272,3.2184656
CHEMBL178901,3.831687,3.232666
CHEMBL2178445,2.5016356,6.3226953
CHEMBL4469594,4.274412,10.850745
CHEMBL4586115,4.259502,10.860372
CHEMBL1575192,6.4884586,4.5451803
CHEMBL4545402,4.238675,10.88774
CHEMBL3427402,6.181068,11.602899
CHEMBL2181551,-1.190451,5.8947988
CHEMBL1469070,6.1194625,-1.095532
CHEMBL1835829,9.031106,-0.9340586
CHEMBL472080,13.345164,1.5781038
CHEMBL198727,-2.5657449,8.062302
CHEMBL2177254,-1.5543056,5.836934
CHEMBL2158357,5.6520443,0.26289827
CHEMBL3939546,10.534458,4.6496873
CHEMBL4162879,7.3363953,0.7702612
CHEMBL3914193,10.553962,4.6046753
CHEMBL3827589,0.35810474,3.5557208
CHEMBL4217683,-4.497964,6.4396224
CHEMBL4205441,-4.487244,6.4244194
CHEMBL2334356,10.400406,9.926654
CHEMBL2334354,6.5821133,6.004888
CHEMBL1612826,4.5061407,5.583888
CHEMBL4061635,23.292946,11.865607
CHEMBL4084036,23.292055,11.863989
CHEMBL4094534,2.488939,4.2337403
CHEMBL4527338,11.353881,-8.708112
CHEMBL3916179,1.6265422,-1.4385437
CHEMBL3975442,9.260317,-1.5097152
CHEMBL2387254,4.413828,-1.3414649
CHEMBL2387251,3.8812704,-1.5320725
CHEMBL3734905,11.299428,5.220615
CHEMBL4283238,12.831783,9.393763
CHEMBL569169,6.247365,8.06091
CHEMBL3818455,8.495806,-7.7681184
CHEMBL3818079,8.491503,-7.764329
CHEMBL88511,6.410475,8.532034
CHEMBL5407860,6.3390045,2.0614624
CHEMBL3410696,13.287948,2.6719978
CHEMBL3354142,3.5650876,3.4849703
CHEMBL4760153,3.5565834,0.79257774
CHEMBL3745771,-6.6317277,8.494253
CHEMBL470213,13.144428,1.1602997
CHEMBL4762795,16.451796,4.754605
CHEMBL3286941,5.3820386,-0.671155
CHEMBL4218157,11.15381,4.4840927
CHEMBL4210596,3.856474,-2.8428438
CHEMBL3622008,2.5592625,5.0595527
CHEMBL3087907,13.70531,3.1907928
CHEMBL3086070,10.975801,14.638616
CHEMBL396199,12.769494,4.52477
CHEMBL4798200,16.40977,4.7454553
CHEMBL3263998,11.122315,14.507477
CHEMBL5430136,8.280116,0.47592682
CHEMBL4095459,5.073063,4.4498386
CHEMBL134227,-0.008166895,10.807029
CHEMBL1835817,9.427147,-1.02513
CHEMBL383518,6.420623,6.183758
CHEMBL5283994,4.7491164,-0.67152464
CHEMBL470220,13.141978,1.1153054
CHEMBL146222,2.0342755,4.2151346
CHEMBL4851758,10.875122,3.6125968
CHEMBL3586601,1.8863908,3.0840266
CHEMBL557769,-1.4395566,5.9577503
CHEMBL3586612,8.845395,0.4214242
CHEMBL559268,1.6328309,-1.4018383
CHEMBL1688895,8.900557,11.147126
CHEMBL253694,11.695727,-0.3379442
CHEMBL253711,11.760051,-0.6761201
CHEMBL4797696,-3.9994705,-0.5085383
CHEMBL286094,5.27592,-1.6194718
CHEMBL207109,4.1150517,1.7579579
CHEMBL469783,11.093384,1.1668702
CHEMBL4793980,-9.887357,0.1466741
CHEMBL4751815,16.106033,4.8506002
CHEMBL26125,12.96612,4.714642
CHEMBL474786,8.756785,-0.25790346
CHEMBL3087905,13.721357,3.0803049
CHEMBL193518,6.0415483,11.37791
CHEMBL470226,13.289542,1.2287786
CHEMBL1494927,6.3742423,6.0610085
CHEMBL4593774,14.040156,3.3641198
CHEMBL252403,12.730905,0.3938774
CHEMBL1456255,11.488941,4.323366
CHEMBL1465693,6.369797,4.972785
CHEMBL495154,12.764411,2.7391424
CHEMBL212068,13.460532,1.6182396
CHEMBL3612349,2.6513894,5.2053676
CHEMBL2178426,2.2403193,2.635213
CHEMBL2178991,2.1985896,2.75605
CHEMBL1275842,2.6870375,21.40749
CHEMBL1255818,4.9073715,2.717832
CHEMBL3259963,10.951473,2.4541764
CHEMBL4471876,15.968901,4.9148703
CHEMBL3586605,1.9708052,3.0863159
CHEMBL3116213,8.053924,1.2157302
CHEMBL550276,1.6654155,-1.3862458
CHEMBL3941249,5.1633296,9.670995
CHEMBL3120692,4.3973875,-1.798099
CHEMBL4206193,10.39979,9.929798
CHEMBL4532350,11.653004,7.90438
CHEMBL3265269,5.9370747,-8.449341
CHEMBL4647450,15.254265,1.7672158
CHEMBL584162,7.687334,2.0793397
CHEMBL239508,2.6635137,0.85778636
CHEMBL1340864,3.9525492,2.5729208
CHEMBL1457199,12.006493,6.0942345
CHEMBL590130,4.622267,3.69649
CHEMBL1079387,1.6344148,-5.4553576
CHEMBL1354146,6.453881,7.1271873
CHEMBL540174,6.4618745,0.9848161
CHEMBL3612308,2.646473,5.203068
CHEMBL1406942,4.7190013,3.079756
CHEMBL422798,-0.008925208,10.8082485
CHEMBL3087904,13.721926,3.0762284
CHEMBL1164612,14.619209,3.1939538
CHEMBL4216807,3.1537802,2.0490284
CHEMBL585360,2.7390623,1.4948217
CHEMBL494978,12.672185,1.0014815
CHEMBL478669,4.0579405,2.7497456
CHEMBL4210401,3.1382878,1.9740577
CHEMBL4441966,7.197611,-3.1671507
CHEMBL4072568,8.398123,-7.6733437
CHEMBL5572056,2.9049377,3.2038634
CHEMBL4176119,6.888117,7.351253
CHEMBL3586607,9.047432,0.5352186
CHEMBL3116209,8.085015,1.177191
CHEMBL1376937,13.242002,1.5764246
CHEMBL575521,2.623999,1.401324
CHEMBL2425850,13.440188,-6.863354
CHEMBL4094868,6.1395216,-0.82523835
CHEMBL2178443,2.4948413,6.3144307
CHEMBL1508246,5.5248485,4.263561
CHEMBL4855281,10.785108,3.7402394
CHEMBL2178434,2.252316,2.7073877
CHEMBL4215220,11.076669,4.489299
CHEMBL4069692,22.388357,-4.768953
CHEMBL1309685,20.162544,2.2089684
CHEMBL3922127,1.6327506,-1.4087152
CHEMBL1618958,5.649776,-0.6711975
CHEMBL4062197,22.287432,-4.6676474
CHEMBL1835824,9.247607,-0.8029621
CHEMBL78779,11.26456,14.371309
CHEMBL3805906,13.83877,1.2793353
CHEMBL5793603,4.5282335,2.0558498
CHEMBL4582505,6.985341,-3.3385572
CHEMBL1345017,7.1300993,3.8051398
CHEMBL2314724,13.221746,3.9911065
CHEMBL502021,11.06159,1.1672236
CHEMBL469583,13.194893,1.2048296
CHEMBL108660,3.0956414,2.0752058
CHEMBL209812,2.0573866,3.6711698
CHEMBL3586577,1.6685263,3.4382179
CHEMBL2206123,18.017418,3.2947905
CHEMBL211248,2.2143495,3.736711
CHEMBL3094001,3.0507185,1.0541471
CHEMBL3139072,2.4006994,1.0619851
CHEMBL1557704,11.230087,3.0845141
CHEMBL206442,14.59984,3.1731071
CHEMBL1499658,4.780897,3.4942744
CHEMBL1957186,7.8119855,0.27511886
CHEMBL452555,13.872624,2.3545914
CHEMBL1946917,5.267214,6.938652
CHEMBL572166,6.4173584,7.9766307
CHEMBL4103770,10.868558,5.317553
CHEMBL3335053,4.9911127,-1.4315175
CHEMBL3335051,1.1167326,3.6346576
CHEMBL3331341,-1.6309676,3.8393264
CHEMBL4646097,-1.1662196,5.750691
CHEMBL4218447,10.406857,9.938087
CHEMBL4543140,10.914148,2.2141843
CHEMBL601424,16.342155,-2.40674
CHEMBL4467446,7.519717,0.5499996
CHEMBL3764644,5.9800014,-1.2766333
CHEMBL4065593,7.376653,8.818397
CHEMBL4082235,11.116183,-8.915504
CHEMBL18492,2.5225654,4.170787
CHEMBL1331911,3.7215905,6.621754
CHEMBL1596400,11.056741,2.5897272
CHEMBL3827058,0.35801977,3.5573802
CHEMBL1426944,12.699915,0.34467676
CHEMBL3828693,0.34666684,3.5552294
CHEMBL3927410,1.7782187,4.837369
CHEMBL4060753,2.4535005,4.2936397
CHEMBL4100010,2.5460448,4.1367683
CHEMBL4210805,11.117935,4.5642195
CHEMBL4080704,12.508936,1.106843
CHEMBL4163548,17.859417,12.885511
CHEMBL4171486,3.5987732,6.5058956
CHEMBL176325,3.3665795,8.880435
CHEMBL1099164,-1.2721871,19.142752
CHEMBL3299111,13.227518,1.3954387
CHEMBL3297787,12.748963,2.7127028
CHEMBL4126092,3.9666345,-2.7002602
CHEMBL4435433,13.004574,2.2292805
CHEMBL3734992,11.183777,5.224451
CHEMBL389825,12.7848425,4.491397
CHEMBL225499,8.8627205,11.107092
CHEMBL470020,13.012873,0.99554396
CHEMBL2349224,2.9366388,-7.0031457
CHEMBL3121862,10.529582,0.8177562
CHEMBL88296,5.7681737,-8.860895
CHEMBL4779428,-4.0198684,-0.5282091
CHEMBL4127779,3.9067852,-2.787667
CHEMBL4104227,6.8221693,8.832326
CHEMBL2408075,24.317049,4.426747
CHEMBL2425846,13.410591,-6.891091
CHEMBL2322280,3.882569,6.8003993
CHEMBL205989,6.3984203,6.1681967
CHEMBL3805545,13.0967655,6.5074606
CHEMBL3094015,2.9142497,0.68921393
CHEMBL3093992,2.9292414,0.7630466
CHEMBL1835827,9.01527,-0.9059758
CHEMBL4204002,-4.477509,6.419644
CHEMBL3596581,8.5313835,1.9163358
CHEMBL1835812,9.52852,-1.1303765
CHEMBL3133843,-9.126161,6.935926
CHEMBL3286728,5.3286963,-0.67631733
CHEMBL4470317,15.772795,2.1787488
CHEMBL4590498,4.1459036,11.112799
CHEMBL3098769,5.8846626,4.442487
CHEMBL3263995,11.230939,14.409298
CHEMBL4860675,10.752837,3.6791794
CHEMBL4781495,-4.0756774,-0.58344024
CHEMBL4846304,10.840178,3.648951
CHEMBL367262,3.2801812,8.952711
CHEMBL3121792,10.6756115,0.46417907
CHEMBL3121864,7.367674,0.81710345
CHEMBL2003049,7.3632054,0.7995637
CHEMBL3622012,2.5085752,5.0649877
CHEMBL469350,12.848817,1.0262543
CHEMBL461383,3.196322,9.035576
CHEMBL4097207,22.38064,-4.7616677
CHEMBL471228,11.267682,1.2474207
CHEMBL470612,11.048698,1.1678344
CHEMBL80362,6.946236,9.122063
CHEMBL512719,13.070243,1.0166264
CHEMBL3394533,2.893359,4.8515162
CHEMBL4164409,12.544553,1.6497118
CHEMBL4064364,3.5292614,6.0524044
CHEMBL3220507,12.674718,0.52385724
CHEMBL4163924,-1.6551726,3.801769
CHEMBL4589224,16.096136,5.218268
CHEMBL3326708,14.761274,13.433752
CHEMBL3327246,14.737501,13.411317
CHEMBL3327249,14.763337,13.438625
CHEMBL3326709,14.763428,13.438597
CHEMBL3322159,-3.432746,0.053507723
CHEMBL3094004,2.9191322,0.72509515
CHEMBL3417297,0.83773035,15.546183
CHEMBL77169,7.572393,2.4344578
CHEMBL3403710,-5.526777,12.193155
CHEMBL121884,7.580718,-0.9813596
CHEMBL540196,3.2213063,9.015864
CHEMBL122862,8.1537695,-0.51427734
CHEMBL120616,5.980532,6.1959124
CHEMBL1452050,3.8926456,6.791962
CHEMBL3805919,13.912585,1.2242182
CHEMBL3804909,13.1089325,6.523207
CHEMBL3121789,10.710944,0.43948647
CHEMBL3120181,10.72487,0.4342785
CHEMBL4071420,14.158706,1.9240153
CHEMBL3326706,14.762663,13.437199
CHEMBL2088232,7.2352724,0.86102444
CHEMBL396247,12.810656,4.517474
CHEMBL3410724,13.295829,2.6609156
CHEMBL19240,5.541354,6.2724295
CHEMBL3736482,11.296063,5.254912
CHEMBL3359955,8.879503,11.125533
CHEMBL170548,8.472066,0.64329726
CHEMBL3322161,-3.428532,0.056739405
CHEMBL3601440,5.800365,3.322532
CHEMBL223983,7.582998,2.381532
CHEMBL4464759,6.9812055,-3.3149242
CHEMBL599996,16.345066,-2.4041753
CHEMBL611508,15.947286,-2.377166
CHEMBL2177250,-1.5232098,5.846448
CHEMBL3261207,12.627969,1.4561075
CHEMBL472069,13.142191,1.066707
CHEMBL3261199,12.9302,0.98600346
CHEMBL150254,13.013722,1.5299667
CHEMBL342327,2.0120847,3.2827947
CHEMBL2181546,-2.6352892,5.31346
CHEMBL2047528,0.34470463,3.5565734
CHEMBL143316,8.147509,-0.4923379
CHEMBL322966,8.567177,0.39556566
CHEMBL3410727,13.301041,2.655546
CHEMBL293864,7.901239,1.8340183
CHEMBL3901171,15.918885,4.9096007
CHEMBL4172130,2.599392,3.3663554
CHEMBL2425833,-1.2496303,-5.735296
CHEMBL206500,6.298797,5.9997797
CHEMBL1934676,6.6915674,7.900128
CHEMBL2425841,-1.2724048,-5.7141232
CHEMBL4521148,15.821471,2.162068
CHEMBL2206127,18.01916,3.3044763
CHEMBL128551,0.3391537,3.5553539
CHEMBL3586599,9.246914,0.61489534
CHEMBL3586575,1.5604604,3.4472995
CHEMBL1288596,7.7112465,2.4986296
CHEMBL145781,8.602454,0.405067
CHEMBL3586771,2.3114917,1.6263459
CHEMBL1315870,4.4467773,5.854233
CHEMBL378988,13.273177,1.4761276
CHEMBL1497574,11.043009,2.4775774
CHEMBL1934195,7.0860243,1.5225843
CHEMBL1535692,3.921177,6.7297807
CHEMBL162021,19.772633,8.454959
CHEMBL3612750,3.9289088,4.4971876
CHEMBL87575,11.802264,1.3333622
CHEMBL71271,11.730741,4.8396826
CHEMBL303984,2.6887288,21.405891
CHEMBL1585011,5.8656144,3.5449405
CHEMBL71851,8.13581,1.2321472
CHEMBL3954803,9.255315,-1.499438
CHEMBL1221930,10.818978,4.6016536
CHEMBL1830827,10.903315,1.2298324
CHEMBL3335017,1.4903725,4.3091984
CHEMBL3084441,10.954871,2.4688876
CHEMBL466773,-0.00154706,10.80059
CHEMBL1389163,3.2213585,4.533231
CHEMBL4867617,5.6262016,20.788275
CHEMBL161032,19.773098,8.454969
CHEMBL2408090,24.31642,4.4266863
CHEMBL1594993,3.8674242,2.4701102
CHEMBL202896,6.431242,6.117935
CHEMBL2158356,5.637627,0.27147388
CHEMBL430776,10.42313,9.95345
CHEMBL4105181,23.292082,11.864042
CHEMBL2178992,2.3960068,2.452242
CHEMBL2425852,13.400205,-6.89243
CHEMBL4094013,5.0736375,4.4772696
CHEMBL4060132,6.0475755,7.186395
CHEMBL202018,6.5315194,2.2699237
CHEMBL4082634,2.404347,4.2900653
CHEMBL3133848,-9.126574,6.9360905
CHEMBL2314721,13.589818,3.284789
CHEMBL4084312,2.465311,4.2811494
CHEMBL4099648,12.464002,1.1233355
CHEMBL571926,7.010155,8.706663
CHEMBL2112216,1.0093337,-3.2421622
CHEMBL4742237,3.6420593,0.7744573
CHEMBL308315,5.788588,0.12014736
CHEMBL4782287,3.6598544,0.75147355
CHEMBL3813974,7.1185837,3.8388624
CHEMBL1485126,13.03787,5.9030585
CHEMBL602888,15.97176,-2.3766909
CHEMBL4469018,15.8144245,2.1760526
CHEMBL4064035,4.7140064,-5.620372
CHEMBL3326700,14.762567,13.4371395
CHEMBL601650,15.979321,-2.3787253
CHEMBL4551962,7.191353,-3.2139256
CHEMBL4059741,2.4238858,4.2501006
CHEMBL1743357,7.1569633,1.3421751
CHEMBL158693,19.773407,8.455279
CHEMBL3094009,2.5675867,0.65120876
CHEMBL4559061,11.351145,-8.709827
CHEMBL4467826,11.355475,-8.705915
CHEMBL2178988,2.4638312,2.408457
CHEMBL1735637,11.025493,1.2051802
CHEMBL3818390,10.542433,4.6777325
CHEMBL4554567,11.927902,2.2340937
CHEMBL3359953,8.893585,11.140385
CHEMBL3742224,12.0123205,6.2236967
CHEMBL3092177,11.371829,14.258293
CHEMBL3739672,12.007361,6.2338996
CHEMBL375046,8.7538805,10.987235
CHEMBL1310964,6.500114,4.5546656
CHEMBL4069084,2.0961967,3.2750568
CHEMBL1520857,4.100373,5.312294
CHEMBL1277588,0.092244945,10.706055
CHEMBL198546,0.046557292,10.751166
CHEMBL1463576,2.6040895,5.1481113
CHEMBL198913,3.5267763,3.7840552
CHEMBL4780710,3.5247726,0.8373476
CHEMBL4465266,3.4829748,6.431232
CHEMBL3265283,5.547303,4.0806355
CHEMBL4082111,23.292023,11.863902
CHEMBL4090465,2.4557226,4.286718
CHEMBL3403686,-5.5129824,12.20862
CHEMBL3297785,12.772818,2.6828673
CHEMBL3121784,10.706741,0.43077606
CHEMBL3121866,10.699204,0.43980724
CHEMBL472081,13.298979,1.431834
CHEMBL1985459,6.6544304,1.3072945
CHEMBL4292362,12.89131,9.454078
CHEMBL32097,5.2765927,-1.6292186
CHEMBL225178,5.9194245,-0.030720375
CHEMBL1221980,10.817512,4.6084166
CHEMBL1275900,2.7385724,21.35637
CHEMBL1275895,2.676208,21.417624
CHEMBL1830814,11.026908,1.3262149
CHEMBL1275883,2.7036483,21.391216
CHEMBL1830817,10.961391,1.3364098
CHEMBL3629470,15.679479,0.30836496
CHEMBL1275884,2.658069,21.435461
CHEMBL440526,0.35207886,3.5685995
CHEMBL3417308,0.74230474,15.463242
CHEMBL206557,14.5594,3.2106943
CHEMBL4212943,3.8641582,-2.8389301
CHEMBL4740708,13.958361,3.3071337
CHEMBL3265272,5.914689,-8.501914
CHEMBL210451,14.602417,3.1832
CHEMBL4168105,17.838232,12.862648
CHEMBL4128107,11.779717,5.175505
CHEMBL2442513,10.938496,1.2171402
CHEMBL4633106,15.323058,1.7805403
CHEMBL3785112,11.779836,7.7705846
CHEMBL1363380,13.185464,1.3598317
CHEMBL411046,7.2062964,8.570362
CHEMBL5079345,4.1064935,5.3527126
CHEMBL4739944,11.761753,4.4503455
CHEMBL5775015,6.083488,3.365918
CHEMBL3427401,6.1841416,11.606131
CHEMBL204781,4.0958986,1.7551535
CHEMBL570731,11.224956,5.102376
CHEMBL513763,-0.9601929,5.722247
CHEMBL549285,4.8243318,3.5760884
CHEMBL3335048,5.0532155,-1.466647
CHEMBL2387234,3.5135415,-1.6660954
CHEMBL2387245,3.5094762,-1.6636894
CHEMBL1362657,2.8382087,4.8065834
CHEMBL4169054,7.605222,14.618092
CHEMBL573300,2.6818404,1.3269725
CHEMBL574420,2.467635,1.4137132
CHEMBL3629808,15.661548,0.32547516
CHEMBL4647954,12.848895,4.3047624
CHEMBL259890,5.63432,4.221517
CHEMBL4633420,3.6860874,6.580161
CHEMBL2408076,24.319592,4.4291954
CHEMBL1835227,11.303104,4.8650346
CHEMBL2376886,12.687247,0.34746945
CHEMBL3929764,5.7025456,4.233735
CHEMBL1947112,5.2493405,6.9631276
CHEMBL1947114,5.241606,6.9617963
CHEMBL2349084,2.9490697,-6.991498
CHEMBL4283591,7.5725427,-0.46399128
CHEMBL196272,11.52861,4.0735474
CHEMBL204819,6.350092,6.0748305
CHEMBL1172192,2.6890972,21.405512
CHEMBL1830800,12.254239,2.1151452
CHEMBL2088235,7.279982,0.82146907
CHEMBL550822,1.7167029,-1.3543652
CHEMBL458648,10.544236,0.08201962
CHEMBL244948,7.557179,2.4903004
CHEMBL4441993,5.7791624,-9.480996
CHEMBL205800,4.271586,1.8720791
CHEMBL3335022,1.3363025,4.4273295
CHEMBL414859,6.3627014,6.185923
CHEMBL3350092,11.022267,2.474455
CHEMBL1364528,13.012538,1.2333382
CHEMBL206440,6.382481,6.069033
CHEMBL1075735,11.924681,2.1438222
CHEMBL237187,7.2586093,8.596001
CHEMBL3113639,11.673752,-0.15611207
CHEMBL1372308,5.8737,3.6989992
CHEMBL303846,8.057972,1.7358927
CHEMBL3113646,11.470674,-0.25646183
CHEMBL196156,7.4987154,2.738112
CHEMBL374632,11.047141,2.6708918
CHEMBL471232,13.083923,1.1272504
CHEMBL212661,9.414577,0.7107424
CHEMBL1596578,2.2658103,3.4745247
CHEMBL87825,11.779381,1.4691705
CHEMBL23744,13.517236,1.635598
CHEMBL57138,10.417165,9.948274
CHEMBL51767,4.3918877,-1.5456799
CHEMBL3586594,2.7673042,1.9186573
CHEMBL52229,7.550608,2.3462393
CHEMBL97453,5.8601804,6.463756
CHEMBL4213345,3.1222103,1.9847332
CHEMBL3116211,8.043191,1.1430511
CHEMBL1835228,11.264424,5.000287
CHEMBL1269290,4.4397984,-1.7144516
CHEMBL197069,0.15867873,10.640313
CHEMBL122116,7.6361303,-0.99931157
CHEMBL213511,8.265646,0.16762795
CHEMBL2425829,-1.2798012,-5.708231
CHEMBL259975,7.2762256,8.614601
CHEMBL4636875,-0.97257084,5.729606
CHEMBL370608,-2.576444,8.070473
CHEMBL4215397,10.400114,9.931053
CHEMBL1963107,4.4147787,-1.7660503
CHEMBL2440134,3.4050317,1.7855756
CHEMBL505948,10.416766,9.947835
CHEMBL1288557,7.6691794,2.513901
CHEMBL592757,4.574601,3.3891923
CHEMBL90173,5.8170238,-8.797482
CHEMBL2425832,-1.2446113,-5.74046
CHEMBL1290219,7.710145,2.4296424
CHEMBL4163753,-1.4829483,4.0191174
CHEMBL4159294,-1.4776155,4.01449
CHEMBL4104128,5.2145834,-1.1250422
CHEMBL4483550,0.052114855,4.665073
CHEMBL1441824,3.52444,6.4544387
CHEMBL4073073,23.292147,11.864161
CHEMBL4074899,10.8991785,5.3084173
CHEMBL2425858,13.41639,-6.8840876
CHEMBL4101491,23.292252,11.864288
CHEMBL4066424,6.0150294,7.1478744
CHEMBL2387257,4.3975,-1.4526098
CHEMBL1173036,3.1769218,3.7178142
CHEMBL2178447,2.4812837,6.3238544
CHEMBL426854,6.370918,6.010023
CHEMBL2178446,2.4761307,6.2886605
CHEMBL2205240,5.1423144,3.1179125
CHEMBL1432377,3.4730809,6.4102736
CHEMBL3612303,2.6311417,5.219453
CHEMBL3612302,2.653648,5.242012
CHEMBL4637881,15.380487,1.8191962
CHEMBL1502425,5.0149684,3.0217974
CHEMBL4453513,6.5537705,7.183264
CHEMBL4450310,7.1888285,-3.22021
CHEMBL4451675,2.5189807,1.53244
CHEMBL1426284,6.3846493,4.5771174
CHEMBL1600989,12.522324,2.8852572
CHEMBL1435494,4.433061,5.8856297
CHEMBL5820522,13.315972,2.189049
CHEMBL4578377,6.9183426,-3.3591728
CHEMBL1487479,6.357676,4.7678146
CHEMBL4102669,8.425781,-7.700413
CHEMBL3394526,4.6900573,2.690193
CHEMBL3359949,2.5498922,0.88554466
CHEMBL4129293,3.9568722,-2.7239583
CHEMBL4751864,3.5930307,0.76493573
CHEMBL326485,7.387703,0.48311546
CHEMBL3978528,1.6116585,-1.3885828
CHEMBL4213201,10.3978,4.243183
CHEMBL3417301,0.82531536,15.538728
CHEMBL4873316,10.831063,3.6453578
CHEMBL4164474,17.840897,12.865539
CHEMBL3094018,2.9260774,0.7214411
CHEMBL3093989,3.2873428,0.834549
CHEMBL4291929,7.57724,-0.47272474
CHEMBL4087613,11.059999,2.6189904
CHEMBL3094031,2.6999514,0.7968632
CHEMBL437770,11.734503,4.446701
CHEMBL3970030,19.72674,8.427492
CHEMBL3427390,6.0480185,11.4284725
CHEMBL4083749,3.0130668,3.683076
CHEMBL4088028,5.0822005,4.461459
CHEMBL4758696,16.407478,4.89584
CHEMBL3265287,5.95582,-8.416801
CHEMBL4211175,-4.4852667,6.4268517
CHEMBL4218281,3.1239474,2.003309
CHEMBL3959937,1.6247177,-1.4105233
CHEMBL3946665,9.014853,-0.9318816
CHEMBL2387235,3.4949,-1.6561319
CHEMBL3417299,0.82741404,15.531984
CHEMBL3589966,16.066061,4.353475
CHEMBL3394541,3.2068496,4.085496
CHEMBL3331333,-1.6345093,3.8473804
CHEMBL3623670,15.964269,4.2343826
CHEMBL4088674,5.212275,-1.2235855
CHEMBL4588244,4.7168775,-5.62077
CHEMBL1275888,2.6923833,21.401096
CHEMBL4443629,12.997116,5.932573
CHEMBL4160630,17.841255,12.865908
CHEMBL1835811,9.564215,-1.1644058
CHEMBL1165583,14.575386,3.1934664
CHEMBL4171854,17.84099,12.865644
CHEMBL2206119,18.015251,3.2993367
CHEMBL4291739,12.983898,9.539909
CHEMBL4084384,23.292051,11.863993
CHEMBL494798,12.696012,1.0167456
CHEMBL341394,0.004486966,10.794732
CHEMBL2426555,5.659202,6.350573
CHEMBL575907,2.5606813,0.6550223
CHEMBL1326008,4.4629345,5.9003577
CHEMBL2349088,2.941358,-6.999179
CHEMBL2349223,2.9380002,-7.0022955
CHEMBL495225,12.72083,0.9713706
CHEMBL495153,12.761442,2.7820249
CHEMBL573301,2.6294854,1.2950385
CHEMBL1538522,8.100975,0.2826872
CHEMBL1714370,4.4455857,5.913618
CHEMBL1080948,1.6370938,-5.451373
CHEMBL1080227,1.6342188,-5.4554152
CHEMBL2425859,13.419089,-6.884368
CHEMBL23967,13.369578,1.5761706
CHEMBL1464332,3.4835591,6.570987
CHEMBL350430,19.769186,8.451583
CHEMBL1830832,13.129971,1.2420628
CHEMBL592761,4.627453,3.7096975
CHEMBL274513,2.0889432,3.1343238
CHEMBL266552,14.387245,18.337402
CHEMBL1258413,4.3335147,2.913875
CHEMBL1498450,3.8834343,2.3135157
CHEMBL274029,2.5117075,3.9875572
CHEMBL301141,5.2497697,2.9134777
CHEMBL53569,7.196595,1.7620357
CHEMBL3261211,13.2400055,1.5746435
CHEMBL1084883,0.34004006,3.5561588
CHEMBL1095226,-1.2722191,19.142868
CHEMBL348997,19.775297,8.457043
CHEMBL3115509,11.823411,7.72693
CHEMBL1080229,1.630934,-5.4585533
CHEMBL4648730,4.10948,0.26747268
CHEMBL2205577,18.029484,3.3133051
CHEMBL1438166,4.3641148,5.3197765
CHEMBL4571403,11.875653,2.2683573
CHEMBL5180694,4.9701385,3.727075
CHEMBL3923137,1.6304481,-1.3998158
CHEMBL1436736,5.648346,3.0536616
CHEMBL2387252,4.411263,-1.3992527
CHEMBL350327,19.780115,8.46323
CHEMBL2181539,-1.8069047,5.725608
CHEMBL2425847,13.467604,-6.835459
CHEMBL2408087,24.317917,4.427708
CHEMBL2397719,10.514166,4.502634
CHEMBL5209099,7.6275134,14.642425
CHEMBL1761763,11.30525,4.8268285
CHEMBL5174251,4.7116165,3.578182
CHEMBL3787517,3.5340579,2.322297
CHEMBL278974,2.508876,4.190085
CHEMBL5187253,7.6196866,14.632279
CHEMBL2425844,13.424619,-6.876905
CHEMBL3286721,5.570616,-0.69786996
CHEMBL574145,6.330832,8.230153
CHEMBL4451548,7.025168,-3.312517
CHEMBL4463853,11.896896,2.2781386
CHEMBL514534,1.8697467,3.3717325
CHEMBL1523876,13.40819,1.3977057
CHEMBL4447506,7.2335086,-3.1959593
CHEMBL486219,5.4126754,3.2010489
CHEMBL1530961,4.465981,5.08465
CHEMBL1493400,2.7253077,6.3608913
CHEMBL358644,12.1861925,2.1126595
CHEMBL4174316,13.46604,1.5161473
CHEMBL4205520,3.1446157,1.9916915
CHEMBL199788,11.596325,4.435242
CHEMBL1881564,3.4806027,2.3557029
CHEMBL153425,11.727728,4.449686
CHEMBL3977549,3.6184778,3.4397066
CHEMBL89166,6.4249797,8.566715
CHEMBL1300174,3.7939506,6.651294
CHEMBL177697,7.339777,0.76477766
CHEMBL1499653,20.182058,2.2259204
CHEMBL573052,2.671054,1.3435774
CHEMBL1350520,6.2707705,4.432189
CHEMBL2387243,4.397193,-1.572208
CHEMBL2177253,-1.4338343,5.956334
CHEMBL2387530,-1.4518182,5.9535623
CHEMBL2387230,3.5709677,-1.7432947
CHEMBL1544637,12.933369,0.5012506
CHEMBL1288622,7.7206597,2.4957232
CHEMBL3326707,-3.358936,0.29925472
CHEMBL444449,1.6419007,-1.3898554
CHEMBL1688903,8.669994,10.908712
CHEMBL3403688,-5.5197806,12.201783
CHEMBL3309944,1.5391592,15.690278
CHEMBL122597,8.142538,-0.53845644
CHEMBL69085,10.671498,4.714216
CHEMBL567517,7.2718964,1.9347692
CHEMBL5997397,13.290374,2.3772156
CHEMBL569641,6.143938,8.0037985
CHEMBL3360631,4.003046,12.039957
CHEMBL3360626,4.00582,12.04097
CHEMBL1835823,9.229189,-0.77342147
CHEMBL1978342,7.2544084,8.6306095
CHEMBL91658,5.7869477,-8.844674
CHEMBL3403699,-5.5307236,12.190655
CHEMBL3261213,12.587152,1.5787715
CHEMBL3417304,0.78539073,15.497911
CHEMBL3335050,1.199412,3.6442635
CHEMBL1451018,3.7465162,5.3712068
CHEMBL3335031,1.2049675,3.6294692
CHEMBL3335054,4.992981,-1.5128782
CHEMBL439811,2.0063825,3.20316
CHEMBL2314431,13.658122,3.102033
CHEMBL177241,3.2914472,8.928671
CHEMBL412610,-1.6028539,3.8796384
CHEMBL1830811,12.670104,2.6888995
CHEMBL591523,12.597579,1.8007057
CHEMBL3402994,11.27628,14.362302
CHEMBL1830834,12.845153,1.4414521
CHEMBL583587,2.721128,1.3457325
CHEMBL3115513,11.856757,7.6899543
CHEMBL592758,4.5562534,3.44232
CHEMBL2441680,3.4364443,1.7609637
CHEMBL70378,11.076541,5.028885
CHEMBL1374545,2.5995378,1.7853559
CHEMBL2178449,2.4856055,6.299543
CHEMBL2425830,-1.2993915,-5.688513
CHEMBL194523,-2.5735059,8.069141
CHEMBL598070,16.315628,-2.4136577
CHEMBL2387536,-1.0873314,5.9882097
CHEMBL4173553,7.5964327,14.614113
CHEMBL4744593,7.556725,0.64388096
CHEMBL469340,-1.0677296,5.889588
CHEMBL3427399,6.1064715,11.509442
CHEMBL2206121,18.03034,3.3071547
CHEMBL3427414,6.2008433,11.629162
CHEMBL4568307,4.1328363,11.035648
CHEMBL3261200,12.788199,2.5070412
CHEMBL3235995,7.647395,1.9551876
CHEMBL6018174,13.290036,2.291869
CHEMBL1451176,2.3787038,6.7782264
CHEMBL3286727,5.567436,-0.6854212
CHEMBL3716221,5.4028697,6.2041583
CHEMBL1584449,3.4991527,5.1538115
CHEMBL2314725,13.232804,4.008629
CHEMBL233451,7.093226,8.314426
CHEMBL2115262,7.816996,8.280096
CHEMBL161443,19.783424,8.465109
CHEMBL1835820,9.466656,-1.1263433
CHEMBL4792125,13.882155,1.2419448
CHEMBL492115,2.5975273,5.0955377
CHEMBL4856029,12.310189,3.3276117
CHEMBL7187,14.387566,18.33826
CHEMBL3828293,0.3396576,3.5587554
CHEMBL1970493,7.8214808,2.428353
CHEMBL1650701,12.15205,2.014011
CHEMBL1507262,7.601879,0.50919425
CHEMBL2158362,5.662838,0.23772952
CHEMBL1082094,1.6336498,-5.455312
CHEMBL3335070,5.056198,-1.3643773
CHEMBL145768,2.5109303,4.1787305
CHEMBL2112310,1.0184706,-3.2318218
CHEMBL3819594,10.609296,4.771735
CHEMBL459523,5.6761293,4.254893
CHEMBL3818426,10.550986,4.6799216
CHEMBL4214449,12.4901085,1.6258891
CHEMBL1603147,20.175957,2.231384
CHEMBL2177263,-1.7944167,5.730253
CHEMBL51628,8.223929,0.95251864
CHEMBL2177260,-1.5590247,5.8352184
CHEMBL390152,7.5854244,-0.47587764
CHEMBL3335024,1.2971092,4.4382157
CHEMBL3763819,6.0400987,-1.1944264
CHEMBL3765293,5.992033,-1.2870247
CHEMBL3326710,-3.3618875,0.29273003
CHEMBL101286,-1.6152003,3.8728395
CHEMBL239046,12.965384,4.715682
CHEMBL1319229,2.6089,6.6456785
CHEMBL592042,5.2576456,6.1039
CHEMBL3326711,14.767447,13.446529
CHEMBL2334357,10.425668,9.958396
CHEMBL3322162,-3.413178,0.075918995
CHEMBL3326704,-3.3616138,0.29313678
CHEMBL3747774,-6.6516905,8.515428
CHEMBL3586586,8.887507,0.41452533
CHEMBL3417293,0.8276126,15.53367
CHEMBL365927,3.6032474,3.475346
CHEMBL141680,5.7810936,3.0032287
CHEMBL1419155,2.6179433,4.1376457
CHEMBL1098541,-1.3740675,19.041117
CHEMBL195020,7.768597,2.3423476
CHEMBL11185,3.1566627,3.894285
CHEMBL1630102,11.729848,-0.73601496
CHEMBL1581298,-1.4411061,3.9702578
CHEMBL32953,5.278616,-1.6717145
CHEMBL197251,11.542615,3.995423
CHEMBL3235990,7.535342,1.6544136
CHEMBL4472789,6.965602,-3.3541927
CHEMBL1602356,20.156372,2.1972213
CHEMBL1505071,4.4159937,2.3580985
CHEMBL461307,3.1927173,9.035122
CHEMBL461382,3.1936023,9.040499
CHEMBL91766,6.4187875,8.521656
CHEMBL1532491,7.103308,8.277662
CHEMBL1934673,6.5482364,7.7723436
CHEMBL1407021,4.1933956,5.364968
CHEMBL278471,7.4652653,-0.93953013
CHEMBL519241,6.073952,5.021469
CHEMBL1406911,13.021281,5.994668
CHEMBL258733,7.3220234,8.59937
CHEMBL416175,2.4624324,4.225709
CHEMBL1688897,8.810647,11.053153
CHEMBL2408088,24.32098,4.4307194
CHEMBL1258414,4.386655,2.945748
CHEMBL1440892,5.7298884,3.6821551
CHEMBL444181,12.725032,0.9807055
CHEMBL4647022,5.653313,3.8062735
CHEMBL4635225,5.3601394,3.1554766
CHEMBL1688896,8.869851,11.115826
CHEMBL2387248,4.4217615,-1.3925014
CHEMBL470016,-1.1113467,5.855096
CHEMBL4562582,2.412343,6.8611555
CHEMBL4556219,2.3645194,6.9286046
CHEMBL507574,3.2253728,9.009306
CHEMBL3824071,23.625746,3.191274
CHEMBL4558377,3.5243373,8.744562
CHEMBL3190775,7.792189,2.435533
CHEMBL4847100,12.132016,2.8813624
CHEMBL4861414,11.982572,2.938504
CHEMBL1390568,20.177015,2.2213356
CHEMBL1582229,6.5449944,4.57489
CHEMBL3120695,3.5979786,-1.7406701
CHEMBL3093991,3.0121698,1.1193782
CHEMBL4847976,-2.643893,5.3143253
CHEMBL4850004,-2.6376636,5.3185916
CHEMBL573755,2.745682,1.3903966
CHEMBL1398194,20.188185,2.2323182
CHEMBL575934,2.7492435,0.9562455
CHEMBL4873678,5.80665,20.596807
CHEMBL1530370,-1.5302211,3.9362838
CHEMBL4519129,2.518613,-9.590885
CHEMBL3759178,5.388581,3.856726
CHEMBL1349786,13.3483095,1.512179
CHEMBL1688906,8.704662,10.941444
CHEMBL75121,12.773753,4.5066514
CHEMBL470221,13.145313,1.161442
CHEMBL4862930,-1.4512691,5.961367
CHEMBL4877653,-1.4541553,5.9698915
CHEMBL1598157,6.396392,4.4718423
CHEMBL1370790,4.445533,3.2620387
CHEMBL5419378,11.689821,7.8760786
CHEMBL397932,6.397354,8.439937
CHEMBL4798301,13.80075,1.2925854
CHEMBL201199,6.569756,2.3528123
CHEMBL5771030,5.8251586,2.9988308
CHEMBL337029,-0.0016130346,10.800747
CHEMBL377318,2.07672,3.5775988
CHEMBL571058,6.206833,7.9376583
CHEMBL3822695,23.638683,3.2057111
CHEMBL3335028,5.0349708,-1.4234059
CHEMBL3335060,5.124006,-1.4000936
CHEMBL3335055,5.0106425,-1.4755383
CHEMBL430228,7.2752314,8.605556
CHEMBL212555,13.424694,1.9013168
CHEMBL274030,2.1429048,3.1289008
CHEMBL4162191,7.6189976,14.63277
CHEMBL259025,8.181736,0.85177463
CHEMBL1440032,13.659714,2.905749
CHEMBL1587369,6.348115,4.5143003
CHEMBL1835225,11.411338,4.8568964
CHEMBL3335062,1.3675162,3.5540423
CHEMBL2349222,2.9400094,-7.0005045
CHEMBL244619,12.675016,4.5592356
CHEMBL109085,2.008353,3.1971538
CHEMBL1320460,6.508524,4.6886096
CHEMBL243130,12.775237,4.5032463
CHEMBL413794,12.690465,4.5402107
CHEMBL3394543,2.9820535,4.5283914
CHEMBL242906,12.753778,4.53319
CHEMBL243311,12.706707,4.4884562
CHEMBL88443,6.3866878,8.580516
CHEMBL1957187,3.6369452,3.5170069
CHEMBL3322093,7.894299,0.22836877
CHEMBL3623666,15.963366,4.221363
CHEMBL4638187,7.2081923,7.783533
CHEMBL2177257,-1.4481789,5.949084
CHEMBL576259,6.149362,8.04418
CHEMBL4086016,23.292084,11.864041
CHEMBL2181552,-1.228937,5.878776
CHEMBL1957188,3.5959716,3.5331655
CHEMBL1830829,13.335103,1.4542155
CHEMBL1373593,11.801268,4.454486
CHEMBL3120684,4.516734,-1.7081089
CHEMBL2387228,4.0535054,-2.5134726
CHEMBL4780130,-4.0597334,-0.5676046
CHEMBL4863904,10.833461,3.6630692
CHEMBL18327,2.0979655,3.007747
CHEMBL1426078,-1.5647726,3.910605
CHEMBL5286270,5.9723825,8.285287
CHEMBL3094000,2.9762383,0.8189462
CHEMBL5171320,3.8332272,5.945298
CHEMBL4548338,16.121483,5.031615
CHEMBL5200407,8.523078,1.9215429
CHEMBL5176647,8.519911,1.9176477
CHEMBL1957172,7.8777637,0.29860792
CHEMBL2425849,13.418878,-6.883572
CHEMBL2387533,-1.0640299,5.9793053
CHEMBL4476238,5.1771035,-3.5836778
CHEMBL487049,6.628614,2.2515495
CHEMBL1512213,6.393058,4.651189
CHEMBL301410,10.40662,9.937298
CHEMBL1796807,12.28393,2.5939417
CHEMBL4293407,12.870626,9.43335
CHEMBL470199,-1.0831537,5.8429513
CHEMBL1610085,6.271336,4.9320326
CHEMBL1574794,4.2823515,5.6398196
CHEMBL3427393,6.0388637,11.442235
CHEMBL1765162,11.781162,5.0740013
CHEMBL5393927,5.601913,4.6914177
CHEMBL2425854,13.407622,-6.8924003
CHEMBL2385102,3.5546317,-1.7045505
CHEMBL3706904,4.389614,2.588918
CHEMBL1443086,13.300675,1.6213084
CHEMBL4531900,11.335817,-8.722691
CHEMBL4553878,5.182647,-3.603394
CHEMBL547869,6.498992,6.0920396
CHEMBL13357,11.80861,1.345277
CHEMBL2181541,-1.8336616,5.7080736
CHEMBL1459529,6.3959823,4.6656685
CHEMBL269090,14.387247,18.337574
CHEMBL1520346,11.023056,2.6984017
CHEMBL5561753,13.056917,5.8075385
CHEMBL3265280,6.004505,-8.37434
CHEMBL4279872,12.965766,9.5222645
CHEMBL274190,4.8867702,3.1697726
CHEMBL513209,13.176418,1.146539
CHEMBL4466943,11.93006,2.2072651
CHEMBL6043442,6.095246,3.3489556
CHEMBL1796134,13.307155,1.4222699
CHEMBL1542752,7.090244,3.8297002
CHEMBL91367,5.778625,-9.386249
CHEMBL1343011,10.4851,4.2366695
CHEMBL3360735,11.323684,5.0630217
CHEMBL1603267,12.978866,1.490481
CHEMBL1830824,12.357497,2.8704293
CHEMBL4543997,11.94047,2.1434095
CHEMBL4067585,23.291817,11.863522
CHEMBL4216733,-4.4901648,6.429107
CHEMBL3094012,2.558369,0.6252609
CHEMBL1934197,7.094396,1.5519056
CHEMBL2391476,1.5266484,15.687779
CHEMBL4077653,22.283314,-4.657105
CHEMBL4215298,-4.418679,6.373773
CHEMBL2425837,-1.2469923,-5.7396994
CHEMBL575486,2.525559,0.91119844
CHEMBL4210358,-4.427284,6.383038
CHEMBL3928866,1.5744021,-1.4612691
CHEMBL3962809,1.6195476,-1.4074361
CHEMBL4754135,3.6684918,3.437698
CHEMBL3908749,7.0285473,1.72766
CHEMBL4062286,7.2582707,1.9159563
CHEMBL4100677,12.3402195,3.3407876
CHEMBL3116214,8.047723,1.1463178
CHEMBL3586611,2.2841835,1.6766541
CHEMBL1522581,20.176432,2.2205312
CHEMBL4070303,23.291954,11.863857
CHEMBL3982686,1.625154,-1.4097593
CHEMBL4586124,3.782028,3.8101642
CHEMBL4160822,16.147463,4.980876
CHEMBL4098452,14.170197,1.8617351
CHEMBL2177264,-1.8256071,5.716794
CHEMBL3113647,11.417758,-0.22174196
CHEMBL4213170,3.8559077,-2.8434572
CHEMBL148561,8.200027,-0.50586504
CHEMBL3735711,11.302916,5.2069197
CHEMBL3805222,13.797975,1.2621096
CHEMBL3740335,12.013025,6.2383676
CHEMBL3120689,4.4403763,-1.7334273
CHEMBL3120678,4.5027657,-1.667886
CHEMBL4217736,3.9510417,-2.7294512
CHEMBL4215022,3.9856877,-2.6723204
CHEMBL2316108,13.035311,6.4103456
CHEMBL575737,2.9228842,1.1142136
CHEMBL4069655,11.107307,1.1337379
CHEMBL4161751,17.8401,12.8647175
CHEMBL4167524,4.701815,-0.63958615
CHEMBL4103223,2.3991132,4.2729235
CHEMBL4129173,3.86591,-2.8344247
CHEMBL4099822,3.3629444,5.664444
CHEMBL4105082,3.0126195,3.8417284
CHEMBL1480000,4.578406,3.3855267
CHEMBL1392868,12.905381,0.99649185
CHEMBL502746,6.579905,1.2004352
CHEMBL3115514,11.804101,7.7521067
CHEMBL4061479,5.246089,-1.016605
CHEMBL3109006,9.002344,-0.9159301
CHEMBL1324161,3.9616127,5.8877354
CHEMBL3427396,6.121281,11.518108
CHEMBL3586588,8.928899,0.43339756
CHEMBL1544136,11.089361,2.644002
CHEMBL3196338,12.305204,2.0181038
CHEMBL1321811,5.07362,3.0319793
CHEMBL2408081,24.336329,4.4464893
CHEMBL54909,7.624546,2.1068966
CHEMBL1377177,6.505011,4.5887475
CHEMBL4127202,15.302489,-0.756989
CHEMBL4465987,9.171893,-1.2561275
CHEMBL142923,2.0307221,3.1835334
CHEMBL1574512,10.862835,5.0902686
CHEMBL4483375,3.5356371,8.735082
CHEMBL488267,6.9156394,1.9305044
CHEMBL4063174,5.949994,-0.8475616
CHEMBL253551,7.531712,2.0390763
CHEMBL4550762,6.9333224,-3.3512888
CHEMBL575285,2.6549685,1.2785236
CHEMBL1608190,2.518759,3.449889
CHEMBL1410122,4.1740785,2.3223085
CHEMBL1431585,5.022523,3.4972389
CHEMBL1718931,7.185238,1.3758821
CHEMBL197138,0.17251907,10.626537
CHEMBL4080965,8.965919,-0.822865
CHEMBL1488551,11.768816,5.002226
CHEMBL1382890,2.6829035,5.147997
CHEMBL1502154,6.2378435,4.8656144
CHEMBL4564123,3.5674613,8.705295
CHEMBL1428368,20.174435,2.2163208
CHEMBL311624,7.8873215,0.4536207
CHEMBL1940737,1.7134917,3.432555
CHEMBL3586610,2.3420813,1.5452026
CHEMBL253489,11.693621,-0.35689548
CHEMBL1563538,7.955689,1.7859207
CHEMBL179591,3.2642965,8.974606
CHEMBL577614,2.7345319,1.2684789
CHEMBL1525295,6.0357904,4.851094
CHEMBL1387945,11.725456,4.428278
CHEMBL471247,-1.0556309,5.8210998
CHEMBL1525854,3.7534332,2.3510065
CHEMBL469976,13.385692,1.5218874
CHEMBL3359957,8.875003,11.118873
CHEMBL270672,3.9666474,3.7137768
CHEMBL145452,2.472796,4.18697
CHEMBL569640,6.174748,7.9014006
CHEMBL2387537,-1.0781664,6.001837
CHEMBL589396,4.614678,3.6222093
CHEMBL109018,1.9929044,3.195077
CHEMBL4870255,12.400068,2.848022
CHEMBL1522354,4.610582,3.11376
CHEMBL2425831,-1.3272705,-5.6597643
CHEMBL76959,7.5657997,2.4843986
CHEMBL274746,2.4799867,4.1886983
CHEMBL1393700,3.182053,5.256917
CHEMBL4784089,4.0238047,-2.5893114
CHEMBL297923,10.420911,9.952232
CHEMBL3735436,11.447963,5.092881
CHEMBL4215743,11.146963,4.5374985
CHEMBL3786231,11.837402,7.689231
CHEMBL4792307,4.0341425,-2.5757165
CHEMBL4760803,-3.9801948,-0.487865
CHEMBL3735661,11.389275,5.1998186
CHEMBL3827220,15.759044,4.0331736
CHEMBL4447913,16.094362,5.21171
CHEMBL2207074,4.1984377,2.9537818
CHEMBL141326,2.9395404,1.2691597
CHEMBL2178990,2.397046,2.5108747
CHEMBL3959682,4.173467,2.7416492
CHEMBL3394542,3.1669178,4.1314087
CHEMBL1255659,8.502426,-0.9143393
CHEMBL3957916,5.166102,9.668079
CHEMBL484769,11.055743,1.1564128
CHEMBL4445352,15.824976,2.1806426
CHEMBL2425834,-1.2346679,-5.7500644
CHEMBL206759,4.637094,1.4955648
CHEMBL4174883,16.129599,5.0018697
CHEMBL2206129,18.002178,3.2993264
CHEMBL161371,19.776903,8.459146
CHEMBL4102241,22.387112,-4.767767
CHEMBL3087908,13.64386,3.147106
CHEMBL4091054,4.899697,-0.7987994
CHEMBL3193444,13.52989,1.3649124
CHEMBL3092188,11.182872,14.45517
CHEMBL3427405,6.13423,11.538783
CHEMBL3427398,6.062668,11.457579
CHEMBL334946,0.014567372,10.784476
CHEMBL4087245,8.466018,-7.739194
CHEMBL4591085,11.309143,-8.753222
CHEMBL4288960,12.874244,9.435698
CHEMBL445184,12.946231,1.111247
CHEMBL1938472,6.360506,2.0691
CHEMBL4455899,5.2343283,6.755521
CHEMBL2047529,0.33447745,3.5535383
CHEMBL4071144,11.587649,4.3633866
CHEMBL4463247,13.002017,2.3354013
CHEMBL4784235,3.5873268,0.818799
CHEMBL3403704,-5.5321693,12.189249
CHEMBL1484327,11.621426,4.4578104
CHEMBL4799424,3.627329,3.4615462
CHEMBL3403692,-5.5205226,12.201047
CHEMBL573693,6.204782,7.974003
CHEMBL5397716,6.262134,-2.1294172
CHEMBL271709,12.974302,4.7233524
CHEMBL3286949,8.488417,0.6619374
CHEMBL3335025,1.2204931,3.6732416
CHEMBL3335064,5.154895,-1.3313011
CHEMBL574038,7.6757,2.1572669
CHEMBL1080949,1.6342695,-5.455381
CHEMBL4460538,7.2472963,-3.1880252
CHEMBL5405024,6.4553604,7.5960994
CHEMBL1077922,1.6379251,-5.4503865
CHEMBL1835230,11.140901,4.913679
CHEMBL1098542,-1.3758743,19.039255
CHEMBL4761025,14.031928,1.137481
CHEMBL5171038,8.545871,1.898939
CHEMBL3264000,11.371598,14.274557
CHEMBL3545709,1.5063475,4.3068385
CHEMBL1337320,2.6130314,5.183112
CHEMBL5570372,8.585827,0.71838593
CHEMBL4761017,14.022601,1.1679701
CHEMBL3261203,12.795625,2.6924834
CHEMBL515454,10.5328,0.071747266
CHEMBL4863350,-2.6415932,5.314668
CHEMBL4850969,-1.7756288,5.7382197
CHEMBL574860,2.5208213,1.2343577
CHEMBL1378353,12.696566,1.1914186
CHEMBL1892379,5.138853,-1.3643422
CHEMBL4872368,11.847284,3.093926
CHEMBL4871041,-1.0853294,8.290639
CHEMBL4875945,3.2874832,2.1283712
CHEMBL573988,2.4957943,1.0392376
CHEMBL356714,2.0209854,3.2052867
CHEMBL2322278,3.8595288,6.741587
CHEMBL4483602,12.923125,1.830417
CHEMBL1347715,3.8882368,3.439965
CHEMBL1520131,11.282248,3.152373
CHEMBL3920525,9.5269985,-1.9539863
CHEMBL505327,-1.0768389,5.8745327
CHEMBL88855,6.3939624,8.574781
CHEMBL3785474,11.854296,7.6758847
CHEMBL4439360,12.162285,2.5851994
CHEMBL224649,7.713038,-0.63056326
CHEMBL5169638,20.286877,-7.2727795
CHEMBL4550005,11.939509,2.2576144
CHEMBL4210550,10.399931,9.930634
CHEMBL2425828,-1.2983564,-5.6894555
CHEMBL1651089,7.142384,1.331194
CHEMBL1392611,4.2244163,5.43857
CHEMBL2425836,-1.2688686,-5.7173843
CHEMBL3586613,8.532816,0.29209587
CHEMBL264936,7.2143097,8.588216
CHEMBL4796142,15.867203,4.3914685
CHEMBL511304,-1.1555451,5.865623
CHEMBL1372307,10.42889,4.2470226
CHEMBL4167588,10.766105,4.802804
CHEMBL3940526,1.6211133,-1.4013637
CHEMBL1416373,3.5578458,5.1562476
CHEMBL2441683,3.3890436,1.8162644
CHEMBL4856823,5.643881,20.772112
CHEMBL4854105,-1.062841,8.321805
CHEMBL3087901,13.734779,3.1328313
CHEMBL3086064,11.00749,14.608009
CHEMBL4861156,-1.079067,8.305086
CHEMBL575732,2.8906987,0.9497243
CHEMBL1830810,11.864426,1.6649859
CHEMBL584377,2.7596295,1.1387211
CHEMBL574191,2.6982694,1.3842251
CHEMBL1467623,2.4918077,6.284328
CHEMBL4783964,3.6163342,0.77933985
CHEMBL4851243,5.6106367,20.805723
CHEMBL3403689,-5.5206065,12.201114
CHEMBL4875883,5.864736,20.5352
CHEMBL3403709,-5.5262923,12.19418
CHEMBL1688912,8.742735,10.976168
CHEMBL1346518,12.945751,0.7661865
CHEMBL574419,2.7668953,1.3740208
CHEMBL4208961,3.1402485,1.9901977
CHEMBL577175,2.9839897,1.1788065
CHEMBL3410708,13.263531,2.6104498
CHEMBL3586600,2.5824888,1.6226887
CHEMBL3586597,8.906427,0.41412303
CHEMBL3086072,11.010072,14.604123
CHEMBL3359954,8.870291,11.116195
CHEMBL1544947,11.2859955,3.1254363
CHEMBL453805,7.0957346,1.6935667
CHEMBL5403469,5.6418033,4.6353846
CHEMBL205009,6.374965,6.029863
CHEMBL333658,7.6149387,-1.0079161
CHEMBL4747566,5.468846,3.910088
CHEMBL4646157,-0.8942598,5.6356797
CHEMBL1543615,12.987693,3.4494483
CHEMBL4450711,5.873378,-0.10579309
CHEMBL3586593,9.231785,0.61425173
CHEMBL122427,8.165341,-0.49768996
CHEMBL1688918,8.618052,10.865015
CHEMBL203519,6.3108826,6.0278516
CHEMBL312466,7.528992,2.5192127
CHEMBL2171900,2.5640426,6.629903
CHEMBL1083005,3.2718704,8.9673395
CHEMBL2178444,2.4782693,6.3126173
CHEMBL2206126,18.021711,3.3024487
CHEMBL4537471,11.886187,2.3039527
CHEMBL4092434,22.297207,-4.6706195
CHEMBL4075969,22.39186,-4.773212
CHEMBL4065539,22.386322,-4.767078
CHEMBL2205573,17.975454,3.281103
CHEMBL488072,4.258812,5.445522
CHEMBL4079516,10.892142,5.310027
CHEMBL478193,1.8142794,3.4046931
CHEMBL2425840,-1.2414193,-5.744951
CHEMBL3959541,13.523443,0.94604224
CHEMBL3623667,15.923169,4.1844115
CHEMBL4072941,3.180728,5.5247273
CHEMBL4205764,3.1783946,1.9321917
CHEMBL4210383,12.486914,1.5999846
CHEMBL2177811,2.3474195,3.6602643
CHEMBL2177808,2.336059,3.6818073
CHEMBL2178455,2.4818943,6.3027573
CHEMBL2158006,5.646735,0.265806
CHEMBL5426265,15.6870165,2.166288
CHEMBL302011,7.742123,2.3724945
CHEMBL2158363,5.6364536,0.28397682
CHEMBL2178453,2.5190778,6.6273937
CHEMBL3770126,11.60574,4.180387
CHEMBL4205833,11.117749,4.5235095
CHEMBL4097394,8.470586,-7.7425475
CHEMBL4089817,14.137512,1.8930106
CHEMBL2048091,12.976263,6.044489
CHEMBL3814334,11.166627,2.3708732
CHEMBL4093222,6.116241,7.147576
CHEMBL4159640,4.6575255,-0.5976831
CHEMBL4075821,6.0485153,7.2172008
CHEMBL4642136,15.326979,1.7905838
CHEMBL4636030,15.385084,1.8306078
CHEMBL2408089,24.317007,4.4271655
CHEMBL4634695,15.39138,1.8352171
CHEMBL3264731,7.239601,8.486684
CHEMBL3094033,2.7047894,0.7759994
CHEMBL3416552,4.049667,4.213339
CHEMBL573986,2.689939,1.4477524
CHEMBL380717,6.304737,6.1898527
CHEMBL3427400,6.1531363,11.560987
CHEMBL3582270,14.018818,2.6458364
CHEMBL3360632,4.016277,12.0572405
CHEMBL3804918,10.919106,2.4451523
CHEMBL308819,7.872285,0.29721254
CHEMBL4863083,10.832785,3.6413414
CHEMBL4845700,10.832506,3.6576395
CHEMBL4175759,8.160837,0.33163446
CHEMBL3417300,0.83641183,15.544275
CHEMBL355539,4.2272925,2.776562
CHEMBL3261209,12.645147,1.4295619
CHEMBL600017,15.955732,-2.3710508
CHEMBL3976058,6.998802,1.7569112
CHEMBL2402696,-1.5978428,3.8893433
CHEMBL3953745,1.6552187,-1.3752866
CHEMBL3086067,10.959536,14.646622
CHEMBL3360634,4.0037584,12.040003
CHEMBL316148,11.842905,1.3922619
CHEMBL4758084,16.410652,4.9339914
CHEMBL509131,13.879718,2.3393745
CHEMBL509670,3.208462,9.025695
CHEMBL3120165,4.5567684,-1.6969848
CHEMBL205637,4.0500827,2.731073
CHEMBL5202811,5.652369,6.3273582
CHEMBL4064323,5.6415024,6.2909217
CHEMBL3899683,1.6162735,-1.4294697
CHEMBL4060572,6.442258,8.626161
CHEMBL4526845,10.578433,4.6228485
CHEMBL3417307,0.7980735,15.509939
CHEMBL3928695,3.6020527,3.4435968
CHEMBL3335072,5.1412764,-1.4167907
CHEMBL4798868,11.696924,4.477648
CHEMBL3297871,12.839471,1.588303
CHEMBL3746269,-6.6346116,8.498764
CHEMBL4848104,15.891647,4.4444246
CHEMBL3417309,0.7623788,15.482614
CHEMBL3417312,0.72960234,15.449315
CHEMBL3601439,5.6775036,4.225081
CHEMBL3746215,-6.61356,8.478894
CHEMBL4746114,13.954361,1.1845126
CHEMBL3629475,15.664498,0.3225375
CHEMBL3612307,2.6516793,5.22443
CHEMBL3410729,13.2996025,2.664273
CHEMBL3427397,6.1249037,11.527473
CHEMBL3427404,6.167615,11.578963
CHEMBL4758314,7.206183,7.790732
CHEMBL2387255,4.4203763,-1.359654
CHEMBL4470726,5.8856316,-0.13752091
CHEMBL3417296,0.83663154,15.546995
CHEMBL4451890,11.33867,-8.721477
CHEMBL494800,12.679059,0.99294126
CHEMBL5279622,13.350924,2.612037
CHEMBL3425530,6.028318,11.433425
CHEMBL3094132,2.3603532,1.0633229
CHEMBL4161244,17.840445,12.865045
CHEMBL3139148,2.384259,1.0814592
CHEMBL4637509,15.422298,1.8855728
CHEMBL4450045,6.9576845,-3.3597543
CHEMBL3356690,6.957027,7.117042
CHEMBL92373,5.7940755,-8.826486
CHEMBL5203645,8.094117,1.5723165
CHEMBL5176175,11.616184,3.9219668
CHEMBL3764166,5.979656,-1.2990031
CHEMBL4061169,8.508529,-7.7785506
CHEMBL3094021,8.897529,0.37689576
CHEMBL1830793,12.335899,1.973271
CHEMBL3121863,7.351982,0.7926381
CHEMBL3968204,10.97668,2.4678679
CHEMBL3410725,13.312764,2.644309
CHEMBL3265282,5.55364,4.0962605
CHEMBL3121796,10.760501,0.48959333
CHEMBL2381401,11.9453,2.3626723
CHEMBL3427386,6.066184,11.451732
CHEMBL3417302,0.83741134,15.546818
CHEMBL3417306,0.7793148,15.498114
CHEMBL3410721,13.299435,2.6886482
CHEMBL2178448,2.4855297,6.310817
CHEMBL3094006,2.9117477,0.72300047
CHEMBL3094028,2.74895,0.88745236
CHEMBL2322281,3.874212,6.7769094
CHEMBL592524,4.5031395,3.34519
CHEMBL207739,11.796109,1.3431599
CHEMBL3094039,2.7381554,0.8738357
CHEMBL2237988,6.9353175,8.006837
CHEMBL360708,3.832572,3.2609477
CHEMBL1403032,6.362062,4.520806
CHEMBL158827,19.773392,8.456148
CHEMBL1505052,4.433724,5.0591154
CHEMBL408980,7.376865,0.77036065
CHEMBL2177256,-1.5346173,5.8410554
CHEMBL1466372,3.4861476,5.156467
CHEMBL3359948,2.5092702,1.0074838
CHEMBL2408078,24.302664,4.412869
CHEMBL1488512,6.4896193,4.553584
CHEMBL3094011,2.5505378,0.59780574
CHEMBL478605,1.7466687,3.4253163
CHEMBL4445345,4.6171155,-0.91512036
CHEMBL3359951,2.5477524,0.61143416
CHEMBL4875925,5.654788,20.761658
CHEMBL4853950,5.554409,20.860834
CHEMBL1484595,11.9768095,6.1109166
CHEMBL2178981,2.8712103,2.854724
CHEMBL3622013,2.5137825,5.0614843
CHEMBL4848404,-1.0293247,8.338311
CHEMBL2314427,13.162181,4.0660763
CHEMBL4557277,16.093784,5.2135425
CHEMBL4592118,5.7841563,-9.671763
CHEMBL239483,13.156796,1.3415848
CHEMBL2178441,2.2875786,2.5431652
CHEMBL4079848,7.713849,0.018804992
CHEMBL4778607,14.013902,1.1329534
CHEMBL3545708,1.4828087,4.324703
CHEMBL4635429,15.28997,1.7591901
CHEMBL4635480,13.843161,1.6990879
CHEMBL4452340,15.830145,2.1862156
CHEMBL3586576,1.4917774,3.4572737
CHEMBL3736060,11.230383,5.314038
CHEMBL4459084,6.442942,7.099419
CHEMBL4082622,22.395514,-4.778
CHEMBL352395,7.8238626,8.270811
CHEMBL1462636,13.148763,1.8785204
CHEMBL5619680,11.829334,1.201626
CHEMBL3622010,2.4930649,5.0387306
CHEMBL1309782,12.589431,1.6245099
CHEMBL3427394,6.0680842,11.461248
CHEMBL1258869,11.753175,7.8065205
CHEMBL4099702,11.1512985,-8.884754
CHEMBL4518471,4.257165,10.862792
CHEMBL1400243,3.77497,0.8807147
CHEMBL4552685,10.414747,4.301931
CHEMBL607137,16.3482,-2.4132848
CHEMBL4165622,7.565764,14.623341
CHEMBL3623669,15.957011,4.1981096
CHEMBL3629813,15.662533,0.32605058
CHEMBL4208757,11.085312,4.5512166
CHEMBL4285172,12.8792,9.440779
CHEMBL4876151,10.605275,3.913977
CHEMBL3937217,9.247066,-1.4532385
CHEMBL4860280,10.799601,3.6906996
CHEMBL5182136,20.2869,-7.272795
CHEMBL5962980,5.801867,2.9930232
CHEMBL4096323,12.391956,2.9567182
CHEMBL3087898,13.754535,3.0875177
CHEMBL4086849,12.886505,-7.119462
CHEMBL3417295,0.8925899,15.596238
CHEMBL1172750,6.366311,2.0739882
CHEMBL5088259,3.371744,5.3249593
CHEMBL3735254,11.24531,5.196418
CHEMBL4069839,8.457657,-7.727465
CHEMBL3331339,-1.672761,3.8155901
CHEMBL50703,5.746323,3.965119
CHEMBL2177252,-1.4875525,5.8612676
CHEMBL266473,1.0179955,-3.2337468
CHEMBL1650702,12.241613,2.00033
CHEMBL212578,14.601733,3.18739
CHEMBL3629467,15.659776,0.3269379
CHEMBL2181550,-1.1354455,5.826669
CHEMBL107488,1.9499741,3.2554166
CHEMBL4163570,17.839785,12.864342
CHEMBL1447279,3.6438918,3.4371624
CHEMBL243263,8.38197,-0.11333603
CHEMBL3410728,13.296906,2.6768878
CHEMBL5079544,2.2616096,1.6475167
CHEMBL5185240,20.286901,-7.2728105
CHEMBL4634082,15.405766,1.8450551
CHEMBL3787196,11.854546,7.7101374
CHEMBL2178457,2.4692316,6.3163195
CHEMBL1938470,6.327022,2.1009567
CHEMBL4642359,4.21752,1.5673014
CHEMBL569415,6.3477235,7.897753
CHEMBL1957180,5.96931,0.25611937
CHEMBL4759897,-4.090449,-0.5984
CHEMBL4790017,3.664211,3.4272463
CHEMBL3360731,11.3076515,5.0842857
CHEMBL4104094,7.785794,0.06670113
CHEMBL3957520,12.990828,3.4425197
CHEMBL4633922,3.7923987,6.621823
CHEMBL2206125,18.020868,3.3039196
CHEMBL4470947,5.783964,-9.67662
CHEMBL4128424,3.386076,2.545364
CHEMBL4078343,5.6551456,-0.9999852
CHEMBL4097867,3.0235949,2.0524733
CHEMBL244415,12.736352,4.5007486
CHEMBL4797003,11.678582,4.479323
CHEMBL4576916,3.3907819,6.305119
CHEMBL4451925,4.2557964,10.868355
CHEMBL198591,13.08151,6.1281805
CHEMBL56918,7.342206,0.552342
CHEMBL3261201,12.82071,2.6375556
CHEMBL1288534,8.1603155,1.285058
CHEMBL1487004,6.925039,8.021633
CHEMBL4546647,5.784319,-9.673279
CHEMBL108697,2.0125253,3.2109113
CHEMBL383592,0.14562617,10.65292
CHEMBL5094348,1.5615925,3.4175313
CHEMBL4520209,11.656178,7.9187984
CHEMBL4786536,7.227521,7.7748275
CHEMBL4175605,4.878646,2.5444827
CHEMBL3093990,3.0731637,1.1569237
CHEMBL4078408,8.449528,-7.7236404
CHEMBL1501269,6.4826293,4.5473695
CHEMBL4855805,3.8942208,4.5938797
CHEMBL5178058,7.675611,14.690823
CHEMBL3746981,-6.631371,8.495121
CHEMBL3739747,11.72357,4.4418736
CHEMBL3427408,6.041073,11.450183
CHEMBL4646565,15.387534,1.8272306
CHEMBL2178432,2.754753,2.910399
CHEMBL2178980,3.1546087,2.5664186
CHEMBL3099016,6.2153826,5.0116725
CHEMBL3092183,11.24166,14.399612
CHEMBL3326698,-3.356163,0.29973397
CHEMBL3356692,11.031651,4.9169707
CHEMBL3318732,15.619182,0.34125513
CHEMBL2070828,6.6576905,6.3111763
CHEMBL4753411,-4.0489216,-0.55693895
CHEMBL4748014,-4.0851164,-0.592107
CHEMBL4754375,-4.001387,-0.51005447
CHEMBL1830801,11.107779,2.4521067
CHEMBL5583649,8.557455,0.7301785
CHEMBL4169349,6.879065,7.363564
CHEMBL3326701,-3.3610365,0.29475972
CHEMBL2391488,1.533578,15.699669
CHEMBL4167366,-1.6408095,3.8128984
CHEMBL3585361,1.5122567,3.4184175
CHEMBL3786734,11.806213,7.749386
CHEMBL3586583,1.5405731,3.4177032
CHEMBL1957185,7.905448,0.31156585
CHEMBL3586608,2.3249166,1.6590644
CHEMBL2391483,1.4176222,15.746684
CHEMBL5218778,23.597466,-6.802731
CHEMBL5632581,12.007125,1.2171067
CHEMBL3121781,10.679226,0.43130234
CHEMBL4639488,15.438908,1.8710278
CHEMBL4853160,5.7094703,20.69391
CHEMBL4865705,5.6867666,20.717918
CHEMBL1946918,5.253097,6.924209
CHEMBL4465651,6.3846526,6.0521054
CHEMBL5532453,8.684727,-0.25034073
CHEMBL4287173,12.965672,9.520507
CHEMBL3629471,15.667351,0.31553903
CHEMBL3322158,-3.4371035,0.037630156
CHEMBL2387258,4.3780727,-1.4767588
CHEMBL3360630,4.010165,12.044892
CHEMBL3764790,12.7830925,2.746665
CHEMBL2408083,24.32272,4.432666
CHEMBL2322549,3.8147328,6.720175
CHEMBL5288759,6.3124223,8.439045
CHEMBL5087976,4.608991,1.4894854
CHEMBL2178983,2.828573,2.9093273
CHEMBL4764288,13.902172,1.2171389
CHEMBL5287344,8.236616,0.92468613
CHEMBL4756231,13.963332,1.1807396
CHEMBL5590449,7.824714,0.029447088
CHEMBL5598352,7.8431926,0.051089626
CHEMBL2391653,1.4463512,15.739333
CHEMBL4060097,12.880778,-7.122101
CHEMBL4441397,11.379883,-8.67905
CHEMBL4537564,11.31111,-8.750431
CHEMBL4283662,7.5781946,-0.47868937
CHEMBL571283,6.270718,8.121387
CHEMBL5563945,15.338132,-0.8225926
CHEMBL3297796,12.965083,1.6382387
CHEMBL3297791,12.920845,1.6172134
CHEMBL3359944,2.5439963,0.9224249
CHEMBL4102277,2.484092,4.30784
CHEMBL3926174,13.584408,0.9582598
CHEMBL4277211,12.859092,9.423137
CHEMBL4290523,12.962076,9.518425
CHEMBL3265265,5.9887857,-8.416483
CHEMBL3356686,11.06171,4.8545403
CHEMBL3356687,6.8304663,7.1115265
CHEMBL1520373,3.1510525,5.3552585
CHEMBL4746620,3.6663933,0.74607575
CHEMBL5568708,13.419073,1.7607158
CHEMBL4747317,8.817351,-0.20763816
CHEMBL4762423,8.806882,-0.19866271
CHEMBL4743602,3.6538289,3.4598944
CHEMBL5575791,8.615839,0.7443848
CHEMBL5563085,9.301362,0.876693
CHEMBL4097542,7.748729,0.03615153
CHEMBL1531320,14.118024,1.8794117
CHEMBL5550030,3.6470559,3.7969017
CHEMBL4170974,7.6215086,14.639178
CHEMBL591811,5.3600955,6.1884937
CHEMBL1835810,9.568782,-1.1711148
CHEMBL4295030,12.975253,9.531576
CHEMBL4278818,12.824353,9.390152
CHEMBL5268456,8.261934,0.05552516
CHEMBL4638045,5.5987206,3.8514857
CHEMBL4448759,4.1691294,10.997752
CHEMBL2268532,7.87289,0.29844737
CHEMBL4293973,12.861721,9.425562
CHEMBL4290571,12.881748,9.444231
CHEMBL4514364,2.4884465,1.6465045
CHEMBL2114285,6.980022,8.873421
CHEMBL4559221,0.071817964,4.678769
CHEMBL3427389,6.072379,11.46114
CHEMBL3931242,1.8011336,4.882957
CHEMBL3359946,2.739211,0.9002807
CHEMBL4781507,16.460457,4.7454743
CHEMBL4206927,-4.522392,6.4632487
CHEMBL369452,3.3286488,8.916976
CHEMBL3335052,5.068323,-1.3809841
CHEMBL2425856,13.402875,-6.895696
CHEMBL3335057,1.2395251,3.5881808
CHEMBL4562275,5.0896506,-3.4716465
CHEMBL5560339,15.336446,-0.81528753
CHEMBL4856916,11.853486,3.043407
CHEMBL4870213,12.171224,2.8413055
CHEMBL2387238,3.580269,-1.6579378
CHEMBL200198,11.680268,4.401047
CHEMBL3622016,2.519443,5.07473
CHEMBL3235997,7.5074806,1.8105873
CHEMBL4764162,-4.0964317,-0.6038989
CHEMBL4458187,5.7776933,-9.458201
CHEMBL4849400,-2.636934,5.3166857
CHEMBL4870551,-1.2052821,-5.7789803
CHEMBL4168368,3.5219073,6.431274
CHEMBL333828,13.865713,2.3565884
CHEMBL4090473,3.0948474,5.458055
CHEMBL3939561,9.524296,-1.9562399
CHEMBL1782745,7.308466,-0.23684993
CHEMBL3977424,5.1759396,9.649761
CHEMBL1383420,3.8983848,-2.7885015
CHEMBL4063405,7.7302256,0.025721556
CHEMBL4069089,7.7195263,0.0029682964
CHEMBL4097725,6.058621,7.1784043
CHEMBL4583024,11.358798,-8.702394
CHEMBL3121783,3.2710733,2.044396
CHEMBL3121777,10.692133,0.44701928
CHEMBL3359956,8.846517,11.091121
CHEMBL4451013,4.26944,10.849273
CHEMBL2391487,1.5356212,15.696882
CHEMBL3086063,10.9404545,14.66507
CHEMBL4079043,22.386086,-4.766974
CHEMBL1275897,2.6819117,21.413443
CHEMBL1275893,2.6542892,21.439697
CHEMBL2425857,13.41433,-6.887496
CHEMBL5633426,15.639188,4.247329
CHEMBL80556,6.9424014,9.102338
CHEMBL4854056,4.0356727,3.951692
CHEMBL4779600,-4.0419936,-0.5498331
CHEMBL122531,7.616093,-1.0023341
CHEMBL2376885,12.6927395,0.347567
CHEMBL4465361,11.382282,-8.685348
CHEMBL3623675,15.858685,4.37362
CHEMBL3891045,9.131115,-1.0860528
CHEMBL4081898,5.545699,6.3012056
CHEMBL4082196,5.579437,6.3185453
CHEMBL4437630,14.01195,3.3463612
CHEMBL3905250,12.992902,3.4674838
CHEMBL4086218,5.18974,-1.0416709
CHEMBL3818036,10.4475765,4.835663
CHEMBL4171465,17.827196,12.849824
CHEMBL1275899,2.675083,21.418463
CHEMBL330966,8.188062,-0.39150396
CHEMBL1275898,2.7094567,21.384987
CHEMBL2018200,3.839536,5.927586
CHEMBL4467368,8.8727255,-0.49222568
CHEMBL1275843,2.70219,21.393227
CHEMBL4470789,0.060799256,4.6704288
CHEMBL3819591,8.490138,-7.763311
CHEMBL4872970,5.8146343,20.588999
CHEMBL3410710,13.234133,2.6102538
CHEMBL5403431,8.240684,0.49338698
CHEMBL1390792,3.7862737,2.4925272
CHEMBL4635250,6.9574456,8.880465
CHEMBL1835836,9.236199,-1.4142925
CHEMBL4529750,6.940406,-3.3748548
CHEMBL4069985,7.6181545,14.630847
CHEMBL1506329,20.143187,2.1870263
CHEMBL145374,3.8892112,1.8760557
CHEMBL4215550,3.872666,-2.843363
CHEMBL559624,5.905267,0.11226674
CHEMBL3133849,-9.126706,6.9360204
CHEMBL513034,-1.1257378,5.836064
CHEMBL5069986,4.1788983,5.3533454
CHEMBL5590525,15.9646,4.283295
CHEMBL1456931,3.998615,5.4200773
CHEMBL4072433,2.5185263,3.8550432
CHEMBL1419637,6.3938627,4.4451795
CHEMBL4791933,3.9340398,3.617933
CHEMBL402991,11.705237,-0.36617666
CHEMBL5583585,2.615646,3.033131
CHEMBL4083422,6.439731,8.59208
CHEMBL4460238,5.7781687,-9.422037
CHEMBL3927855,1.628018,-1.4080597
CHEMBL4648584,10.106872,4.2095447
CHEMBL4796953,16.322168,4.9254327
CHEMBL1830799,12.262405,2.5591266
CHEMBL5194087,6.308799,6.5718336
CHEMBL4850480,-1.0796362,8.303577
CHEMBL3297794,13.153253,1.5771997
CHEMBL575931,2.5198705,1.123293
CHEMBL1397449,4.3345594,5.585162
CHEMBL569406,6.3225336,7.9192095
CHEMBL3133851,-9.126637,6.936095
CHEMBL3612304,2.6249416,5.22605
CHEMBL3133846,-9.126624,6.936084
CHEMBL1420535,3.2290645,5.278931
CHEMBL5433796,6.3270345,8.179069
CHEMBL5435578,6.756701,8.013738
CHEMBL182831,6.660204,7.442305
CHEMBL2387259,4.4129887,-1.3551296
CHEMBL4848196,5.8950143,0.03543986
CHEMBL1830830,13.114962,1.3306726
CHEMBL4762927,3.6258655,3.4493034
CHEMBL175890,3.8317907,3.2233007
CHEMBL2408085,24.3111,4.4215217
CHEMBL2408079,24.312904,4.422691
CHEMBL3086075,10.975596,14.638044
CHEMBL3086078,11.183021,14.453266
CHEMBL576116,6.254159,8.114692
CHEMBL3956598,13.013373,3.4659576
CHEMBL5218919,23.514458,-6.7191324
CHEMBL4090835,8.472621,-7.7442417
CHEMBL3360629,4.0046015,12.041909
CHEMBL3326703,14.763117,13.438489
CHEMBL4074339,12.664622,1.018756
CHEMBL4076698,12.436982,1.1605657
CHEMBL602474,16.326878,-2.42794
CHEMBL5220375,0.33721474,3.5529544
CHEMBL494632,12.650685,1.500773
CHEMBL3787387,3.4882605,2.34646
CHEMBL1384282,4.4467945,5.9138565
CHEMBL333057,8.165986,-0.5037977
CHEMBL6015318,8.651407,-0.2816305
CHEMBL3696483,4.50416,-1.6958554
CHEMBL3746565,-6.6501756,8.514114
CHEMBL2426556,11.687885,4.41614
CHEMBL2426552,11.562645,4.31826
CHEMBL1333924,7.9319153,0.44691676
CHEMBL1587018,12.136538,2.114874
CHEMBL3623325,4.1780434,2.775375
CHEMBL2326855,11.404039,1.6733974
CHEMBL3121793,10.846253,0.97902685
CHEMBL4796869,-4.0304494,-0.5391203
CHEMBL4129984,13.580361,1.3288281
CHEMBL2158359,5.66172,0.28001124
CHEMBL4470695,10.931768,2.2553859
CHEMBL4745129,7.560478,0.64243555
CHEMBL2390982,5.843915,-0.24812546
CHEMBL4472017,7.794416,0.0644722
CHEMBL4165930,5.8490214,3.7738457
CHEMBL4096344,11.113401,-8.908081
CHEMBL4080152,2.4022238,4.291995
CHEMBL4093774,23.292109,11.86404
CHEMBL4101742,5.069074,4.4692054
CHEMBL4128053,3.846726,-2.8578594
CHEMBL4291530,7.568347,-0.48266372
CHEMBL4076002,22.37452,-4.7554927
CHEMBL4079816,12.327253,3.3739839
CHEMBL4087225,5.066399,4.467103
CHEMBL4128298,13.142814,1.3432994
CHEMBL3623674,15.891464,4.351777
CHEMBL206406,6.381815,6.083892
CHEMBL1341350,12.971768,1.4145635
CHEMBL590376,4.6307697,3.7550294
CHEMBL4746453,8.834471,-0.23907164
CHEMBL3805601,13.092267,6.498868
CHEMBL1301353,3.5063999,6.551445
CHEMBL1494387,3.5804758,6.6016145
CHEMBL380720,5.691011,6.2609015
CHEMBL607808,4.6413474,3.7109241
CHEMBL590129,4.642702,3.7668574
CHEMBL248922,12.962998,4.714045
CHEMBL4218045,11.220774,4.599492
CHEMBL4643271,4.169288,1.6008968
CHEMBL4085211,12.318061,3.3468108
CHEMBL585024,13.039099,5.773138
CHEMBL5394126,7.7475514,-0.6786818
CHEMBL529210,7.6265287,1.9795586
CHEMBL1242213,13.013187,2.0109172
CHEMBL4541579,4.327885,2.2002246
CHEMBL223929,7.7008753,-0.7110602
CHEMBL4798303,3.6101775,0.8003337
CHEMBL5401344,6.2765956,-2.1453996
CHEMBL238297,7.2266603,8.609353
CHEMBL4648322,13.3650465,3.637006
CHEMBL4129198,3.432562,2.499598
CHEMBL1448291,12.934707,0.82128835
CHEMBL381622,6.4337115,6.1293783
CHEMBL4171790,-1.6427656,3.8106623
CHEMBL4167848,12.372559,1.9360099
CHEMBL4466035,5.175747,-3.5775042
CHEMBL3094016,2.8823562,0.7312257
CHEMBL5596294,7.8139424,0.046942465
CHEMBL4082922,7.6987143,-0.019098962
CHEMBL5596856,4.0926933,1.6314119
CHEMBL3121785,10.719868,0.45424786
CHEMBL3121865,10.711694,0.44304106
CHEMBL1947108,5.264176,6.982172
CHEMBL1947110,5.2429914,6.9403524
CHEMBL4858765,10.826017,3.6621516
CHEMBL149463,13.08807,1.6031275
CHEMBL402030,11.740419,-0.6820164
CHEMBL5407516,5.432779,3.9133477
CHEMBL2387261,4.218934,-1.4133068
CHEMBL2349225,2.9201696,-7.019939
CHEMBL4869248,10.860852,3.6492522
CHEMBL5281344,4.486665,2.9480038
CHEMBL1830833,13.084268,1.2806789
CHEMBL5523449,15.334772,-0.8329237
CHEMBL1835828,9.121716,-1.0598301
CHEMBL593427,5.533509,6.2785797
CHEMBL4760876,-4.110929,-0.6186057
CHEMBL4073902,12.277635,3.3802502
CHEMBL4547392,5.882993,-0.087564126
CHEMBL4294180,7.5584846,-0.47605947
CHEMBL1481360,6.497431,8.583415
CHEMBL1560033,6.272127,4.4194527
CHEMBL4760259,8.840624,-0.24622191
CHEMBL4449161,8.524462,-0.9823955
CHEMBL4093346,14.8675785,2.4126692
CHEMBL2393497,5.8219476,-0.18375874
CHEMBL4796382,2.5264351,2.3591008
CHEMBL1830828,11.341469,1.7848287
CHEMBL4167207,4.2555737,10.832204
CHEMBL502858,12.777136,0.98309714
CHEMBL2387226,4.4347196,-1.7032114
CHEMBL203340,6.3416243,6.133838
CHEMBL4279918,12.898111,9.461077
CHEMBL4580037,15.816867,2.1521585
CHEMBL3629807,15.670596,0.32864332
CHEMBL4800041,5.104157,3.1711917
CHEMBL4522440,15.800249,2.1731634
CHEMBL3986431,3.6875665,3.401036
CHEMBL454614,13.811135,2.327368
CHEMBL4217589,12.40906,1.757889
CHEMBL4092206,14.0301695,1.8053627
CHEMBL2387256,4.417062,-1.3597963
CHEMBL2381324,2.5242553,5.0457354
CHEMBL4062467,11.719381,4.467521
CHEMBL5918318,5.813337,2.9946012
CHEMBL3143301,13.23072,1.2158
CHEMBL3094038,2.7593908,1.1284734
CHEMBL4634075,15.411569,1.8444216
CHEMBL3327248,14.754357,13.422676
CHEMBL3286726,5.6798086,-0.71347785
CHEMBL2178460,2.5039437,6.2907653
CHEMBL3094025,2.5549974,0.9767596
CHEMBL3972306,15.931724,4.8966174
CHEMBL3601438,6.0245633,3.3843477
CHEMBL4583269,16.086441,5.2391176
CHEMBL5561433,15.324957,-0.80116904
CHEMBL4290781,7.5614743,-0.47789866
CHEMBL145292,2.089566,3.398603
CHEMBL5597948,14.147322,2.606527
CHEMBL1382813,6.5199046,4.5853987
CHEMBL232230,6.9256225,8.817835
CHEMBL4442992,16.029442,4.8765492
CHEMBL1457600,2.739912,6.401404
CHEMBL4092954,12.315797,3.3824954
CHEMBL4474935,7.059419,-3.4091277
CHEMBL4098383,23.291594,11.862681
CHEMBL1452114,20.215832,2.2562528
CHEMBL1527922,3.1557565,2.4877906
CHEMBL253710,11.733459,-0.6393737
CHEMBL1782746,7.297017,-0.22324018
CHEMBL402459,6.9810357,8.734091
CHEMBL1700729,2.2912877,3.5097644
CHEMBL1331120,13.028865,5.833886
CHEMBL156692,7.4340706,0.68518484
CHEMBL2205576,18.036108,3.3182802
CHEMBL4206008,10.577674,4.292206
CHEMBL276076,2.0734568,3.1728623
CHEMBL4558078,4.035987,4.159586
CHEMBL4854325,-2.6389124,5.3161116
CHEMBL4519239,8.522354,-0.6344416
CHEMBL4645323,3.8459048,5.9503284
CHEMBL2391479,1.4982455,15.719468
CHEMBL3092181,11.081522,14.545921
CHEMBL4073153,2.4450974,4.2290754
CHEMBL5085564,22.410557,-4.8034286
CHEMBL5074785,2.5289865,6.72886
CHEMBL4129432,3.8647118,-2.8276165
CHEMBL5594963,2.3831286,3.3384953
CHEMBL5087488,4.6077776,1.4843391
CHEMBL4070018,6.754831,8.795227
CHEMBL3596579,7.5284014,2.193352
CHEMBL4539336,5.196766,-3.593732
CHEMBL2322555,3.8337522,6.774578
CHEMBL4568961,5.788259,-0.054385874
CHEMBL3264675,16.041515,4.326324
CHEMBL5413502,5.6378007,4.658237
CHEMBL4744108,3.5140035,0.7938829
CHEMBL3427409,6.009555,11.489201
CHEMBL3427411,6.1337595,11.539783
CHEMBL2387743,-1.0541314,5.960451
CHEMBL3747030,-6.6346374,8.499179
CHEMBL2442514,10.987947,1.2272087
CHEMBL4077330,5.0434303,4.480059
CHEMBL3120693,4.460413,-1.7209367
CHEMBL3827432,0.3364236,3.55473
CHEMBL5567569,16.404123,4.688174
CHEMBL3094020,2.9064987,0.70533204
CHEMBL123031,7.5982494,-0.99829704
CHEMBL5570926,2.6679444,2.1000435
CHEMBL5564140,2.7000573,2.1113293
CHEMBL5568690,2.7342694,2.1797266
CHEMBL5266810,-2.2061412,-2.8485508
CHEMBL5286544,-2.2432933,-2.8849123
CHEMBL3237500,13.446778,1.5892287
CHEMBL3966564,3.0541022,2.0509229
CHEMBL4208341,-4.5142875,6.45599
CHEMBL177279,3.3037746,8.932732
CHEMBL523874,12.693488,1.0010567
CHEMBL4747834,-4.1244926,-0.6321789
CHEMBL4524609,16.094545,5.2175736
CHEMBL4456509,16.103642,5.2400813
CHEMBL4443546,16.101074,5.0792356
CHEMBL1394720,3.7892053,6.6304927
CHEMBL1543423,13.767791,1.2654239
CHEMBL4474051,5.7841854,-9.679263
CHEMBL2205574,17.982716,3.2948697
CHEMBL1409809,12.576234,5.677142
CHEMBL5594378,8.84535,-0.2240432
CHEMBL4174424,-1.6363857,3.8303652
CHEMBL4176917,7.614303,14.628474
CHEMBL4093683,12.212042,3.2179298
CHEMBL4062531,12.310311,3.4128308
CHEMBL3086062,10.99173,14.615072
CHEMBL202112,5.2301955,3.0769517
CHEMBL3120691,4.366638,-1.899831
CHEMBL1328027,3.8399854,5.9626985
CHEMBL570570,6.125585,7.9643545
CHEMBL5574397,6.2589097,2.1243424
CHEMBL4082300,2.117523,3.23696
CHEMBL1830797,12.693177,2.6980588
CHEMBL4634418,4.104123,0.2592914
CHEMBL4641535,4.1171236,0.24655844
CHEMBL268492,4.706911,3.199326
CHEMBL1399519,6.505396,4.5460224
CHEMBL4466331,2.5475764,6.7394695
CHEMBL4293826,12.902165,9.46348
CHEMBL4293165,12.909111,9.472446
CHEMBL1477983,6.278226,4.762663
CHEMBL3262900,8.182733,0.2707925
CHEMBL1405092,20.20225,2.245542
CHEMBL1370010,5.6668725,4.258074
CHEMBL3236000,7.518,2.0448353
CHEMBL1688902,8.699768,10.939566
CHEMBL4648527,13.680595,1.6611941
CHEMBL3545713,1.2844796,4.443524
CHEMBL2393507,5.8449917,-0.21820123
CHEMBL572233,11.237113,4.9149756
CHEMBL1688900,8.877797,11.123313
CHEMBL36517,5.301754,-1.6577033
CHEMBL3612749,3.9258997,4.5018764
CHEMBL1835328,11.164575,5.202173
CHEMBL5283267,12.462417,2.1678681
CHEMBL2206124,18.034754,3.3018436
CHEMBL575093,2.556669,0.90817595
CHEMBL2334350,7.574,1.9280047
CHEMBL1324820,4.646674,3.696324
CHEMBL3265270,5.9301677,-8.456626
CHEMBL469768,13.164245,1.0559484
CHEMBL4466838,12.002171,2.154516
CHEMBL5434276,8.244123,0.4903149
CHEMBL2178435,3.150328,2.5706508
CHEMBL80972,6.939799,9.129644
CHEMBL3975017,9.00189,-0.91082656
CHEMBL3936738,9.020906,-0.9270617
CHEMBL4447887,3.5311592,8.73613
CHEMBL5289073,6.5386686,1.0719199
CHEMBL3417294,0.8377446,15.548335
CHEMBL3335021,1.4106807,4.378185
CHEMBL3265264,5.9582386,-8.422324
CHEMBL3545701,1.4047233,4.405305
CHEMBL4761710,11.730444,4.472537
CHEMBL2334004,7.5620947,1.9309512
CHEMBL2334355,10.417084,9.949814
CHEMBL1835233,11.141996,4.8869967
CHEMBL4855577,13.623643,3.0838418
CHEMBL1777845,10.753288,4.572448
CHEMBL5395261,5.6259637,4.7115207
CHEMBL5433421,5.6378303,4.6332808
CHEMBL5436279,5.635754,4.6774883
CHEMBL438977,6.3861237,6.085796
CHEMBL3286947,5.620244,-0.6631666
CHEMBL5633706,12.029581,1.309955
CHEMBL1650554,12.081652,1.9835634
CHEMBL3586585,8.852692,0.40580937
CHEMBL488917,6.548658,2.3661535
CHEMBL2425827,-1.2610838,-5.724811
CHEMBL4539659,6.9475927,-3.3620956
CHEMBL4642069,3.2131917,2.372378
CHEMBL381617,14.539979,3.1920848
CHEMBL266928,1.0241961,-3.2254312
CHEMBL3116210,8.035108,1.1357708
CHEMBL122485,5.283116,9.470123
CHEMBL124419,5.2720246,9.482562
CHEMBL256769,5.569385,7.1262407
CHEMBL1782747,7.3036346,-0.23616907
CHEMBL3577296,11.122513,2.3970883
CHEMBL444596,8.164803,-0.51325935
CHEMBL3740871,12.04719,6.184211
CHEMBL2273029,8.217949,0.085245095
CHEMBL2115267,6.97295,8.869827
CHEMBL470017,-1.0560131,5.9658046
CHEMBL145403,4.6165433,1.4786761
CHEMBL2321901,2.5001757,1.0935855
CHEMBL3628489,4.297211,2.8447638
CHEMBL87446,11.795029,1.376977
CHEMBL574859,2.6808307,1.5747728
CHEMBL600196,16.32447,-2.4413974
CHEMBL12580,4.3374805,2.8875022
CHEMBL2177809,2.3432796,3.6909053
CHEMBL2178442,2.2522151,2.5907874
CHEMBL145217,2.0949447,3.112922
CHEMBL1098016,7.615687,2.315008
CHEMBL3286946,5.609884,-0.69058365
CHEMBL3918464,1.7810963,4.86485
CHEMBL51681,4.4227433,-1.4024391
CHEMBL603104,15.962796,-2.3733113
CHEMBL1083623,3.2931137,8.984937
CHEMBL3899148,1.631355,-1.4093454
CHEMBL3967878,5.165728,9.666848
CHEMBL4647439,10.029911,4.183478
CHEMBL123030,7.5759115,-1.0175029
CHEMBL244624,12.715781,4.544394
CHEMBL3806054,13.10054,6.511711
CHEMBL3084436,10.944972,2.4712923
CHEMBL4218830,3.9630287,-2.6987977
CHEMBL3735242,11.193422,5.3359323
CHEMBL3734880,11.236231,5.267425
CHEMBL4100903,7.7606573,-0.0010399902
CHEMBL4096350,7.7436175,0.037818767
CHEMBL3966957,9.23147,-1.5034959
CHEMBL3909527,1.7859781,4.859254
CHEMBL78493,7.024299,8.797886
CHEMBL5555311,13.294584,11.616517
CHEMBL5555276,8.731106,-0.20186165
CHEMBL2335190,7.7098303,2.4768198
CHEMBL4282511,6.9337096,7.9726048
CHEMBL3121790,7.821191,0.22347781
CHEMBL2177807,2.5103576,6.2729354
CHEMBL3092195,11.370774,14.276814
CHEMBL3360638,4.010856,12.044411
CHEMBL3963020,14.16996,2.6671104
CHEMBL3403693,-5.520926,12.200826
CHEMBL2048083,6.97925,7.7712646
CHEMBL3938469,9.526933,-1.9619584
CHEMBL3975572,9.504827,-1.9358236
CHEMBL4068704,14.147951,1.8957613
CHEMBL4099477,8.422935,-7.697598
CHEMBL4078971,3.1341214,5.4686265
CHEMBL5565590,13.546892,1.5993639
CHEMBL4441456,7.077082,-3.394549
CHEMBL4456665,7.25332,-3.1859329
CHEMBL1506625,3.8502243,6.5565534
CHEMBL1944663,5.2625546,6.9516525
CHEMBL458867,10.535444,0.077713914
CHEMBL409739,7.245347,8.590968
CHEMBL409439,7.2626963,8.609758
CHEMBL1822046,7.6796675,2.5176365
CHEMBL519426,6.777144,2.2899413
CHEMBL403060,14.387156,18.337364
CHEMBL196527,7.4856453,2.7619343
CHEMBL1580543,10.381266,4.2419767
CHEMBL1835229,11.311194,5.1043763
CHEMBL4062779,14.137236,1.8753685
CHEMBL3086073,10.97008,14.64453
CHEMBL2234259,6.978424,7.9555054
CHEMBL4445613,11.355117,-8.707845
CHEMBL245047,12.772262,4.502096
CHEMBL1688890,8.919532,11.164086
CHEMBL201777,5.1774726,3.0553372
CHEMBL260178,7.083312,8.741254
CHEMBL2387237,3.567966,-1.6764654
CHEMBL1221929,11.362415,5.187323
CHEMBL3327247,-3.352244,0.30427042
CHEMBL206226,5.794701,6.26152
CHEMBL3094007,2.5145643,0.57703114
CHEMBL357614,2.040883,3.116181
CHEMBL111309,2.0669148,3.3211699
CHEMBL1560398,12.317456,1.2514127
CHEMBL3086069,10.98183,14.631784
CHEMBL3359947,2.4950542,0.9673135
CHEMBL3120696,3.5845766,-1.7489479
CHEMBL3094005,2.902298,0.73179466
CHEMBL511789,13.212376,1.0840224
CHEMBL3094029,2.8861725,1.0841664
CHEMBL3093988,2.9132724,0.69979626
CHEMBL453410,13.122934,1.1737313
CHEMBL519982,5.7986536,6.2004976
CHEMBL199397,11.567202,4.633389
CHEMBL315189,6.363157,8.611084
CHEMBL245046,12.768,4.5025043
CHEMBL3086071,10.966985,14.64546
CHEMBL4167595,7.6182094,14.632474
CHEMBL520061,4.23578,5.4480414
CHEMBL458221,10.547407,0.08297058
CHEMBL1080228,1.6343191,-5.4551096
CHEMBL4283791,12.975695,9.532147
CHEMBL3360733,11.364686,5.1611996
CHEMBL3120683,4.5451775,-1.7043359
CHEMBL3318218,14.090429,1.8898135
CHEMBL584607,2.3671365,1.0838197
CHEMBL3360732,11.35858,4.9930553
CHEMBL3612348,2.6486244,5.1926208
CHEMBL2391492,1.5034108,15.698432
CHEMBL153074,11.854315,4.582044
CHEMBL1410870,12.931209,0.46579885
CHEMBL4580662,6.9295287,-3.384013
CHEMBL4637805,12.6738825,0.35828328
CHEMBL601652,16.335785,-2.4114325
CHEMBL429797,-1.8135586,5.727086
CHEMBL3950921,10.490945,4.640139
CHEMBL350475,7.4716687,2.5854287
CHEMBL1288535,8.124054,1.2758347
CHEMBL1579296,3.05409,2.1007442
CHEMBL2158361,5.664307,0.23773657
CHEMBL4852077,-1.8203136,5.7194257
CHEMBL1784790,2.5162911,5.0363317
CHEMBL3189581,12.362138,1.9781284
CHEMBL18966,2.113032,3.1673994
CHEMBL4860350,5.582554,20.82931
CHEMBL4879193,5.582012,20.829025
CHEMBL4785073,-4.082777,-0.59030044
CHEMBL4856361,-1.0789268,8.305799
CHEMBL1783715,11.1636095,4.86139
CHEMBL212873,14.612912,3.1870368
CHEMBL4160467,3.5152822,6.4481883
CHEMBL5174712,4.7306643,3.5761545
CHEMBL3319093,5.632779,4.5166273
CHEMBL1323317,-1.211691,-5.7655582
CHEMBL334861,-0.00892055,10.807995
CHEMBL1275885,2.693069,21.400576
CHEMBL4171312,4.8419933,2.492075
CHEMBL18153,2.0730023,3.1781666
CHEMBL471248,-1.0922111,5.8704076
CHEMBL4070218,2.4234216,4.262548
CHEMBL90466,5.81732,-8.774563
CHEMBL3763881,12.759603,2.7406847
CHEMBL3956977,3.6660554,3.412636
CHEMBL90188,6.4078,8.551624
CHEMBL268279,5.069662,3.518298
CHEMBL12241,4.5168753,3.3045866
CHEMBL1630104,11.74384,-0.731901
CHEMBL1401993,6.373909,4.506839
CHEMBL3940050,5.161118,9.674318
CHEMBL3948192,5.1591763,9.675651
CHEMBL1542713,3.7899563,2.2791169
CHEMBL3360633,3.9991672,12.033776
CHEMBL109084,1.9485391,3.522414
CHEMBL18425,2.104179,3.6861522
CHEMBL118875,7.244764,0.49921304
CHEMBL4758291,12.166265,3.341658
CHEMBL4590079,16.102144,5.2298217
CHEMBL194450,7.4878807,2.7681558
CHEMBL5568260,15.335436,-0.8187343
CHEMBL5542863,15.333521,-0.8179359
CHEMBL5558132,13.076373,5.807715
CHEMBL92489,5.8061757,-8.822311
CHEMBL3286723,5.5774827,-0.6889965
CHEMBL3818226,8.486505,-7.759443
CHEMBL3818720,6.063758,11.40525
CHEMBL5532036,12.011376,6.0769954
CHEMBL4213519,10.402324,9.930574
CHEMBL3980694,1.7838414,4.847854
CHEMBL3623671,15.971244,4.2157726
CHEMBL3601441,5.975082,3.4569948
CHEMBL567544,8.051027,-0.38798606
CHEMBL3612306,2.6245377,5.2262754
CHEMBL1447981,4.474178,5.8760476
CHEMBL3586595,1.8966743,3.2018185
CHEMBL2349087,2.9359744,-7.0039277
CHEMBL258939,7.1661,1.2906505
CHEMBL367931,7.315386,0.7909081
CHEMBL601651,16.268538,-2.404568
CHEMBL4567626,11.355177,-8.704702
CHEMBL507544,13.869626,2.3114142
CHEMBL125763,7.612355,-0.9655765
CHEMBL3427407,6.2005806,11.641655
CHEMBL2442515,10.938244,1.223152
CHEMBL4645659,13.068018,5.8061295
CHEMBL142738,3.1513567,3.7498589
CHEMBL4077748,4.714701,-5.6220903
CHEMBL3394527,4.644131,2.6626167
CHEMBL1835223,11.272932,4.899659
CHEMBL4161973,5.382298,9.391067
CHEMBL1080003,4.2976537,3.0201359
CHEMBL4170100,7.6230874,14.635166
CHEMBL4159985,17.841976,12.866711
CHEMBL4740246,6.466943,4.4184704
CHEMBL2177262,-1.5288333,5.849687
CHEMBL409740,7.0130863,8.734164
CHEMBL2326070,14.161286,2.635769
CHEMBL175510,3.2795887,8.9562435
CHEMBL1777844,10.394851,4.279508
CHEMBL390320,8.1213665,1.223405
CHEMBL1777846,10.562752,4.6357613
CHEMBL1761758,11.627161,4.9399447
CHEMBL1688917,8.601843,10.848934
CHEMBL315046,12.923412,3.2481668
CHEMBL204118,6.3825245,6.008455
CHEMBL4858438,11.516146,2.0012891
CHEMBL4856069,12.04004,2.915817
CHEMBL478728,7.1433053,8.719773
CHEMBL471249,-1.1076484,5.846942
CHEMBL3975024,1.6355014,-1.3937318
CHEMBL4128872,15.31607,-0.7846628
CHEMBL475885,6.6260147,2.2505257
CHEMBL3427501,6.1729336,11.597489
CHEMBL4285154,7.573354,-0.49211022
CHEMBL1491400,12.71495,1.2679558
CHEMBL197036,11.518753,4.088314
CHEMBL4516296,8.528082,-0.98329186
CHEMBL5404645,5.613768,6.6822357
CHEMBL4642196,5.164129,-3.5694911
CHEMBL4782231,14.003629,1.1460034
CHEMBL104679,4.602257,2.4405215
CHEMBL4128622,3.8578353,-2.8416898
CHEMBL1442175,6.365692,4.460431
CHEMBL2314723,13.218216,3.9371333
CHEMBL3120686,4.487041,-1.7700254
CHEMBL4753776,16.443447,4.762647
CHEMBL4788760,1.8250262,3.8966868
CHEMBL48194,4.5357194,-1.3721472
CHEMBL415289,1.0261397,-3.223774
CHEMBL3265268,5.9344316,-8.410634
CHEMBL3121774,10.701012,0.4460629
CHEMBL1422657,20.180365,2.224168
CHEMBL1934675,6.796042,7.972243
CHEMBL2322273,3.8545663,6.773974
CHEMBL504356,7.0818934,1.8533334
CHEMBL1299389,-1.2057799,-5.768414
CHEMBL4782774,16.402683,4.8756313
CHEMBL560919,5.123524,6.056354
CHEMBL1415985,4.6164474,1.4813573
CHEMBL5523396,13.105878,5.8375916
CHEMBL5560935,13.420215,1.5694567
CHEMBL4757941,8.800794,-0.2216888
CHEMBL4542923,15.998249,4.920199
CHEMBL4760818,11.721301,4.447082
CHEMBL4589730,11.720702,7.8610497
CHEMBL3094131,2.6502128,1.2102333
CHEMBL4778031,8.8355875,-0.20778565
CHEMBL5591353,15.9808445,4.2707605
CHEMBL5174814,12.638297,0.48242244
CHEMBL570349,6.1967344,8.019143
CHEMBL1303941,12.257492,1.2188996
CHEMBL4788526,7.302156,3.7757132
CHEMBL5208477,8.164198,1.2896782
CHEMBL1409292,4.0988626,2.7995868
CHEMBL5778911,8.752774,0.011807995
CHEMBL91457,6.39302,8.588244
CHEMBL5574665,2.3185604,6.9827013
CHEMBL1688891,8.898622,11.144594
CHEMBL4792023,-3.9770646,-0.48704845
CHEMBL1409167,2.398799,3.383079
CHEMBL263086,14.387297,18.337626
CHEMBL3586584,8.861837,0.41033888
CHEMBL4798607,-4.085397,-0.59304774
CHEMBL2391489,1.5339817,15.697537
CHEMBL2391475,1.518177,15.701486
CHEMBL4289320,7.8276677,2.335897
CHEMBL3264724,7.1471934,8.447101
CHEMBL2387233,3.5659115,-1.7361369
CHEMBL2442510,11.196103,2.3414607
CHEMBL5413436,6.2934446,-2.159564
CHEMBL5558907,13.310125,11.632827
CHEMBL5440364,6.263899,-2.0827951
CHEMBL1938471,6.334179,2.101849
CHEMBL5413089,6.232449,-2.0090506
CHEMBL5219785,23.547253,-6.7520914
CHEMBL460782,1.3825593,4.3716717
CHEMBL2387249,3.5192719,-1.6661419
CHEMBL4445907,8.600176,-0.29594547
CHEMBL5413752,15.667067,2.1473827
CHEMBL2391486,1.5314533,15.70018
CHEMBL3601509,5.799442,3.4581087
CHEMBL2376891,12.689727,0.32659975
CHEMBL4285576,12.868175,9.432755
CHEMBL2376890,12.675273,0.30274877
CHEMBL3400285,11.250632,14.39083
CHEMBL4573104,2.3817277,6.922784
CHEMBL3623673,15.918833,4.371496
CHEMBL3121868,10.694706,0.44554612
CHEMBL5563491,2.3241625,6.981987
CHEMBL3747027,-6.6300535,8.494289
CHEMBL77650,7.5241823,2.6245694
CHEMBL182782,6.615013,7.439759
CHEMBL4126788,3.8628283,-2.836744
CHEMBL1536252,6.361896,4.9678063
CHEMBL4644661,2.9321697,-7.008996
CHEMBL4435544,0.7544598,15.478896
CHEMBL416615,6.574007,6.0248055
CHEMBL1480877,3.040279,2.1380193
CHEMBL1341687,10.792019,5.354311
CHEMBL5079200,4.579944,1.4856328
CHEMBL576081,6.139585,8.015106
CHEMBL1927205,10.242408,5.369988
CHEMBL142916,2.0016663,3.2852914
CHEMBL5219081,23.608627,-6.8138566
CHEMBL1362441,3.6987066,1.9908267
CHEMBL5404959,5.6528463,4.726054
CHEMBL3410701,13.271677,2.7001498
CHEMBL5289616,13.2789,2.6047153
CHEMBL239057,12.674608,2.7170608
CHEMBL267160,11.497931,4.4449134
CHEMBL1830808,12.270413,2.4598968
CHEMBL5564961,6.4043694,4.4891415
CHEMBL4800460,11.64177,4.45172
CHEMBL1594894,5.188233,9.640349
CHEMBL5401769,11.473275,4.3367248
CHEMBL1209491,7.9174304,1.7326502
CHEMBL4781566,7.21632,7.7855034
CHEMBL120661,4.6399193,-1.4179059
CHEMBL5171780,3.8494625,5.940319
CHEMBL4852666,13.162485,2.857858
CHEMBL4857772,12.144124,2.8251133
CHEMBL3263996,11.254393,14.379651
CHEMBL3929427,9.527624,-1.9626249
CHEMBL599995,16.345705,-2.4086375
CHEMBL3736247,11.170603,5.373867
CHEMBL5422259,8.225453,0.46943533
CHEMBL2322250,3.8690805,6.8140955
CHEMBL2322276,3.839444,6.68032
CHEMBL4451401,5.7830057,-9.6593685
CHEMBL5416897,5.612816,4.706581
CHEMBL4534031,0.05490412,4.6695137
CHEMBL3400287,11.277379,14.362574
CHEMBL3623676,15.893837,4.372703
CHEMBL356977,2.061964,3.073686
CHEMBL4099666,4.435347,-1.6045156
CHEMBL3359943,2.5040224,0.9410088
CHEMBL4571434,8.543664,-0.98747605
CHEMBL3286725,5.562536,-0.6854386
CHEMBL5081630,4.633637,2.556036
CHEMBL5273250,-2.2384982,-2.8730397
CHEMBL3896854,3.7144248,3.38406
CHEMBL4639105,13.263578,3.9203212
CHEMBL4542575,2.5185773,-9.590807
CHEMBL5198713,8.167721,1.3033072
CHEMBL5177888,5.768278,6.120067
CHEMBL272700,12.96628,4.7173605
CHEMBL5198828,7.6626287,14.679117
CHEMBL1571964,4.278992,5.5737185
CHEMBL2311571,13.563704,3.3391385
CHEMBL4876524,5.592714,20.823622
CHEMBL4778183,-4.042426,-0.55007714
CHEMBL1733383,2.5609221,6.708486
CHEMBL1352616,12.939725,0.43053433
CHEMBL1517417,5.053711,3.5185304
CHEMBL589521,16.073757,-2.3851018
CHEMBL179640,3.285342,8.953323
CHEMBL1460029,5.3257647,9.466002
CHEMBL1796808,12.270782,2.588648
CHEMBL5567411,13.054078,5.7850895
CHEMBL1511502,13.082476,5.7899647
CHEMBL141214,7.1163993,1.6517828
CHEMBL4860550,12.315092,3.3925161
CHEMBL2425839,-1.248952,-5.736371
CHEMBL434695,8.47603,0.2090223
CHEMBL3265271,5.907854,-8.497131
CHEMBL1557951,13.414155,1.3766268
CHEMBL582933,6.3158026,8.176552
CHEMBL4474283,5.77761,-9.454885
CHEMBL4852917,3.4604666,2.2015884
CHEMBL2205575,18.001127,3.2837915
CHEMBL5618579,3.130465,1.0126492
CHEMBL1476552,4.4419785,5.89803
CHEMBL5573918,2.7082813,2.0258627
CHEMBL5575170,8.595903,0.74785215
CHEMBL4084203,11.1371155,-8.896665
CHEMBL4217466,3.1396885,2.0020463
CHEMBL5393856,5.0974054,-3.3767872
CHEMBL4458241,5.8943396,0.03710212
CHEMBL5220522,23.44324,-6.6480527
CHEMBL1425860,11.970445,6.0337386
CHEMBL5591982,2.237795,1.6674782
CHEMBL4459312,2.6522603,4.1338515
CHEMBL4848237,-1.0788466,8.305261
CHEMBL4872061,3.8978038,4.611104
CHEMBL276641,4.2194963,2.788319
CHEMBL4870683,-1.0719262,8.312806
CHEMBL4540497,2.5183878,-9.590955
CHEMBL5597877,7.772395,0.012370155
CHEMBL4458007,5.8604054,-0.13416077
CHEMBL1582548,13.236997,2.6791966
CHEMBL4436169,8.614296,-0.2458514
CHEMBL5570409,13.355395,1.9419531
CHEMBL5575196,2.6595702,2.103093
CHEMBL5556627,13.409509,1.7969848
CHEMBL3939563,7.617495,14.616751
CHEMBL205350,6.303289,6.0756416
CHEMBL132692,-0.0025975711,10.801561
CHEMBL4857976,-2.6369946,5.317762
CHEMBL4856438,10.801981,3.6478508
CHEMBL3335020,1.3061472,4.4437113
CHEMBL5571315,13.3616705,1.8799626
CHEMBL5574490,2.6707234,2.1081836
CHEMBL349179,5.523656,3.9392033
CHEMBL4860180,3.913302,4.5786424
CHEMBL4856137,5.601777,20.810444
CHEMBL4515683,5.8261247,-0.12999722
CHEMBL5566547,13.057434,5.785157
CHEMBL4648022,4.118883,0.22014429
CHEMBL2393584,11.839665,4.4895067
CHEMBL4638612,12.853313,4.2734103
CHEMBL4879274,4.0262136,3.9115775
CHEMBL1651087,7.1422205,1.4526844
CHEMBL4777500,2.5273268,2.3699696
CHEMBL4067505,8.440718,-7.714647
CHEMBL1393422,6.3704762,2.0747013
CHEMBL3120690,4.3636217,-1.8894222
CHEMBL3093996,2.9181213,0.74387914
CHEMBL4571279,5.1716285,-3.5816503
CHEMBL3120679,4.534205,-1.7170738
CHEMBL4129191,13.665823,1.3836037
CHEMBL3086076,10.957726,14.65331
CHEMBL5567169,12.593367,5.463883
CHEMBL4592250,5.1721544,-3.5783315
CHEMBL5571767,2.7151053,2.078436
CHEMBL1290511,3.4327707,5.097516
CHEMBL4460630,12.845329,1.867593
CHEMBL4462312,12.967378,1.6064188
CHEMBL1471865,13.219495,1.8059361
CHEMBL12567,4.257096,2.8115447
CHEMBL4471021,13.014655,2.4083192
CHEMBL605157,5.4592786,4.6210923
CHEMBL2322275,3.8754358,6.8113647
CHEMBL507543,13.86113,2.2944763
CHEMBL4175059,12.269126,2.0022469
CHEMBL2402698,-1.6210449,3.8784006
CHEMBL4128371,11.721808,7.848138
CHEMBL3235993,7.5436826,2.0920396
CHEMBL1322235,4.8902946,4.671978
CHEMBL2322546,3.8477077,6.7799687
CHEMBL493601,12.751577,2.7267885
CHEMBL5563417,2.2183177,1.6577172
CHEMBL274376,12.635356,1.2068614
CHEMBL4440430,6.4062467,7.00831
CHEMBL5195163,8.550425,1.9121894
CHEMBL3235999,7.5242014,1.9893763
CHEMBL3827950,15.807439,4.066543
CHEMBL4172425,4.8421674,2.4878914
CHEMBL1533624,20.16717,2.2299702
CHEMBL4172760,5.7882442,3.7893558
CHEMBL391213,7.1317983,8.28632
CHEMBL238294,7.2122936,8.610134
CHEMBL3905661,5.155604,9.680862
CHEMBL1277681,0.12702799,10.671647
CHEMBL1484692,3.5031326,5.1498446
CHEMBL590131,4.6073437,3.682645
CHEMBL4567188,6.605953,7.2749395
CHEMBL4861964,5.81403,20.589403
CHEMBL2387262,4.2355003,-1.4268249
CHEMBL3112600,11.323311,-0.10235856
CHEMBL3094010,2.5770516,0.6490829
CHEMBL3091489,2.9122486,0.7129304
CHEMBL4218720,3.9512682,-2.723882
CHEMBL1761760,11.342841,4.5897083
CHEMBL5093730,4.548025,1.5200896
CHEMBL1301731,4.5753226,2.3666072
CHEMBL1452318,3.2791173,2.0257015
CHEMBL4207453,-4.4856143,6.4237194
CHEMBL4168434,-1.5611498,3.9345205
CHEMBL4103820,12.886172,-7.1200175
CHEMBL3739596,12.016466,6.23226
CHEMBL3823759,23.643005,3.2151926
CHEMBL3120698,3.5899174,-1.7524258
CHEMBL4866739,-1.0749323,8.3202
CHEMBL52384,4.500598,-1.3654213
CHEMBL5424000,6.3058906,8.208048
CHEMBL3823276,23.637016,3.2024367
CHEMBL568516,7.8063607,0.31343147
CHEMBL2334352,7.622619,2.3970807
CHEMBL2322251,3.9371243,6.8621836
CHEMBL600635,5.1536508,2.9153328
CHEMBL4859852,3.4200842,2.2644558
CHEMBL4083045,8.43762,-7.712213
CHEMBL2314729,13.536363,3.3720582
CHEMBL5597494,7.830603,0.044575434
CHEMBL1287836,5.78962,3.0368552
CHEMBL52096,4.4829364,-1.3153042
CHEMBL5569915,2.842101,3.1712935
CHEMBL470867,6.519822,6.0663223
CHEMBL4066821,2.6844664,21.410309
CHEMBL4449383,2.5852282,6.7135863
CHEMBL1340445,2.7493405,6.4940014
CHEMBL2391482,1.4974209,15.719549
CHEMBL4283391,12.869836,9.432799
CHEMBL1407344,6.6497946,4.637955
CHEMBL3121867,7.795412,0.2175339
CHEMBL486460,13.878783,2.3303366
CHEMBL4207177,3.9371881,-2.7390392
CHEMBL1835809,9.607332,-1.1853366
CHEMBL1835808,9.551111,-1.1824248
CHEMBL331045,8.169539,-0.5100577
CHEMBL5434421,6.3594813,8.158073
CHEMBL342911,7.078447,1.670746
CHEMBL1275886,2.6845524,21.407387
CHEMBL1275847,2.6952622,21.392664
CHEMBL440506,5.7923465,-8.83989
CHEMBL1594989,6.482546,4.676545
CHEMBL3948334,9.525693,-1.9517059
CHEMBL1993778,12.262881,1.9889416
CHEMBL156127,7.2995844,0.8111546
CHEMBL4105535,12.333545,2.9879322
CHEMBL4776137,-9.8873625,0.1466662
CHEMBL3084433,10.959709,2.461863
CHEMBL601700,4.6419964,3.711153
CHEMBL1777843,10.393161,4.3298554
CHEMBL3297793,13.0346575,1.5867629
CHEMBL121993,7.652801,-0.96457773
CHEMBL4878621,5.8396254,20.562405
CHEMBL5555592,13.310233,11.63307
CHEMBL1835815,9.557849,-1.1591247
CHEMBL4536655,4.208434,10.919682
CHEMBL1567518,13.346946,1.3732092
CHEMBL204119,6.3412466,6.2077312
CHEMBL5555730,7.043669,1.6962404
CHEMBL2408082,24.328077,4.4385934
CHEMBL199090,0.17107251,10.627128
CHEMBL442813,8.119849,1.6852156
CHEMBL4164656,-1.5952986,3.8884714
CHEMBL4168090,-1.5791149,3.9074469
CHEMBL4160386,-1.6134346,3.8560843
CHEMBL4161002,6.9837947,7.793314
CHEMBL5560480,2.6101394,3.558294
CHEMBL4217159,-4.486397,6.426836
CHEMBL4172537,-1.6559769,3.8110278
CHEMBL478897,10.490295,0.081603825
CHEMBL364885,6.631155,4.234611
CHEMBL4085600,4.7147155,-5.6204405
CHEMBL5980199,4.1872272,2.746333
CHEMBL4176638,2.520967,3.4290473
CHEMBL1366195,6.285489,4.925238
CHEMBL3622014,2.5181875,5.063492
CHEMBL4784930,16.40311,4.9082456
CHEMBL5200462,5.202182,2.8391898
CHEMBL4749763,16.441725,4.7567387
CHEMBL5266061,11.211768,4.8641744
CHEMBL5180137,11.9975815,1.3827612
CHEMBL2426553,11.524756,4.3928714
CHEMBL1743356,7.144864,1.3445842
CHEMBL4067437,7.747603,0.052437343
CHEMBL4293643,12.969005,9.525787
CHEMBL4216262,-4.4816823,6.4227
CHEMBL4126439,3.8365,-2.867578
CHEMBL3084431,10.950166,2.450724
CHEMBL4646080,13.455378,3.4620721
CHEMBL1275894,2.6774735,21.415966
CHEMBL1570257,12.927545,0.44618097
CHEMBL410408,4.500044,3.4441502
CHEMBL570844,3.2370207,2.134742
CHEMBL1376200,6.238139,6.9239764
CHEMBL4755707,16.466875,4.7698336
CHEMBL1474248,11.058759,2.6572266
CHEMBL3785970,11.771457,7.7849107
CHEMBL3746191,-6.6331387,8.497215
CHEMBL3335069,1.2482611,3.5807385
CHEMBL3335030,5.0135093,-1.4850779
CHEMBL344277,2.687568,4.0304523
CHEMBL2314722,13.21575,3.9847953
CHEMBL486686,3.6245182,3.490897
CHEMBL1323696,12.88356,0.47563726
CHEMBL2048096,12.983036,5.9871287
CHEMBL256768,5.575315,7.1285744
CHEMBL1603825,7.5753345,1.9443728
CHEMBL4126039,6.6128025,8.345596
CHEMBL5271382,16.096685,4.854239
CHEMBL30707,5.719559,6.370947
CHEMBL4174729,4.670737,-0.59926426
CHEMBL161560,19.77374,8.455983
CHEMBL5079698,4.6118155,1.4874177
CHEMBL4294173,12.978981,9.534965
CHEMBL4532366,4.275563,10.8415985
CHEMBL4750666,3.613188,0.77113914
CHEMBL424248,6.799359,1.6002903
CHEMBL1561364,2.6126087,5.158853
CHEMBL4205890,-4.487281,6.429333
CHEMBL4283586,12.979222,9.535565
CHEMBL4554026,6.9759927,8.820663
CHEMBL4859492,5.842734,20.558588
CHEMBL5200663,8.571378,0.7274765
CHEMBL427120,7.319499,0.78924656
CHEMBL1333105,20.173243,2.2171478
CHEMBL178219,7.3174233,0.79581195
CHEMBL178379,7.285532,0.8629179
CHEMBL2178429,2.2799242,2.550025
CHEMBL4469522,2.4046025,6.8692694
CHEMBL1576446,12.889819,0.47758457
CHEMBL1412710,7.0911126,1.5502992
CHEMBL1431610,7.086965,3.8216155
CHEMBL4632495,15.493421,1.9338489
CHEMBL1940738,1.7008398,3.4124448
CHEMBL1275890,2.709753,21.384163
CHEMBL1947117,5.2689333,6.9627995
CHEMBL4084690,4.4752526,-1.6041933
CHEMBL600016,15.954725,-2.368699
CHEMBL4635925,15.30693,1.743723
CHEMBL4462605,0.05967903,4.6724405
CHEMBL1333598,20.162281,2.1962547
CHEMBL3629466,15.654605,0.32729974
CHEMBL2442508,11.599193,2.2552595
CHEMBL4855362,3.9128282,4.5816183
CHEMBL3818884,10.607534,4.72277
CHEMBL3629473,15.66509,0.3219788
CHEMBL1371259,4.272232,3.5473378
CHEMBL4581840,6.3974495,6.97138
CHEMBL1830816,10.956618,1.4381608
CHEMBL3394544,2.9800808,4.509631
CHEMBL4077242,12.90508,-7.104955
CHEMBL5438522,5.628274,4.6449337
CHEMBL2391480,1.5052203,15.71913
CHEMBL3417298,0.8626363,15.556133
CHEMBL3577084,8.542924,1.8973495
CHEMBL3360625,4.0053864,12.040068
CHEMBL488076,4.2414546,5.402387
CHEMBL4781169,3.6546848,0.7538024
CHEMBL2393508,6.1515756,-1.0198545
CHEMBL3623664,15.955477,4.216379
CHEMBL511967,12.98015,0.97193
CHEMBL5838337,6.141247,3.1983953
CHEMBL488688,7.6219964,-0.9597636
CHEMBL1411433,3.595252,3.4767454
CHEMBL1453194,10.459462,4.250953
CHEMBL1688907,8.69726,10.936018
CHEMBL1688894,8.91795,11.163641
CHEMBL5575646,2.3232064,6.985115
CHEMBL1800956,-3.9742317,-0.49516276
CHEMBL1561144,3.7569075,6.6728625
CHEMBL4800510,7.210999,7.8110657
CHEMBL5418748,7.8473225,0.22331609
CHEMBL1288621,7.6663723,2.4351144
CHEMBL4865493,13.255065,2.9008272
CHEMBL450518,12.884546,0.91783553
CHEMBL469362,12.866075,0.9836514
CHEMBL4088820,23.292728,11.864756
CHEMBL413793,12.707077,4.55289
CHEMBL108928,2.0705276,3.1658132
CHEMBL2178437,2.360456,2.4945343
CHEMBL3612352,2.6271794,5.2824993
CHEMBL261414,6.4138145,4.531911
CHEMBL410266,7.2669773,8.615978
CHEMBL303027,11.025993,5.074485
CHEMBL1382643,4.538785,5.0832553
CHEMBL1288560,8.088936,1.3421302
CHEMBL1462074,4.974006,3.3344162
CHEMBL1411619,12.051006,2.018578
CHEMBL1835835,9.046127,-0.94483256
CHEMBL2178427,2.3140953,2.5175214
CHEMBL1835816,9.54841,-1.1810572
CHEMBL267270,1.0236853,-3.2261362
CHEMBL2316593,6.992044,8.824602
CHEMBL2177261,-1.4526817,5.962082
CHEMBL2387535,-1.0148487,6.016052
CHEMBL487050,4.2704697,5.380102
CHEMBL372943,6.5172057,2.2822635
CHEMBL2391481,1.4977783,15.720114
CHEMBL4646356,4.6212764,3.5791428
CHEMBL3427395,6.0694423,11.459736
CHEMBL3410718,13.276337,2.709212
CHEMBL19004,2.1835282,2.8158553
CHEMBL605581,15.993271,-2.3818896
CHEMBL2114277,7.8182216,8.278244
CHEMBL18504,2.5209932,4.218096
CHEMBL4078051,12.903854,-7.099931
CHEMBL4528042,5.8714414,-0.10615984
CHEMBL598785,3.854795,6.6823063
CHEMBL5094619,4.585027,1.4753988
CHEMBL4084514,7.427505,8.823483
CHEMBL4639627,5.6739006,3.7494013
CHEMBL3093998,3.0604413,1.1036103
CHEMBL3758686,4.9053655,3.3254545
CHEMBL4453182,11.370373,-8.694807
CHEMBL2391478,1.4957064,15.719304
CHEMBL4129493,13.034546,0.9967342
CHEMBL2391654,1.450706,15.749915
CHEMBL1830820,12.363737,1.9672413
CHEMBL1940735,4.414549,-1.7499703
CHEMBL3286722,5.551321,-0.69480723
CHEMBL5430511,12.969177,5.826453
CHEMBL4633026,6.9523907,8.858521
CHEMBL3823689,23.636698,3.2031214
CHEMBL5590915,13.209323,1.3159915
CHEMBL4453856,7.112319,-3.1984122
CHEMBL4638199,3.7961614,2.3184123
CHEMBL2314720,13.555761,3.320956
CHEMBL3335046,5.057529,-1.4051613
CHEMBL5402126,11.300862,4.9179473
CHEMBL2321884,3.8698554,6.8240376
CHEMBL3914106,13.559266,0.96648914
CHEMBL4776848,3.6861956,3.498751
CHEMBL4462737,5.1877575,-3.5935528
CHEMBL5220512,23.620634,-6.826045
CHEMBL3827284,15.757693,4.0316257
CHEMBL5220158,14.24475,2.7223246
CHEMBL5219238,23.479948,-6.684568
CHEMBL3596578,7.8446803,2.3871636
CHEMBL4087376,11.095897,1.148381
CHEMBL4202569,-4.5309763,6.4714694
CHEMBL1500375,4.9878616,3.473488
CHEMBL342724,2.0154622,3.3004794
CHEMBL1550032,2.5264635,6.2812967
CHEMBL83568,11.7809,1.3193433
CHEMBL4797927,-9.887379,0.1466704
CHEMBL3902465,1.6527573,-1.399864
CHEMBL3297795,12.840022,1.6528754
CHEMBL5407586,6.2649865,-2.1296074
CHEMBL3764276,6.0273347,-1.2162534
CHEMBL4851932,5.745193,20.66189
CHEMBL3764334,5.9672422,-1.2565149
CHEMBL1416014,6.5329723,8.499261
CHEMBL4102954,11.110704,1.1282256
CHEMBL1275841,2.673861,21.41963
CHEMBL4105101,8.47158,-7.7442827
CHEMBL4445433,4.152156,11.01385
CHEMBL1403554,11.698163,5.040716
CHEMBL3828281,15.801758,4.0579996
CHEMBL3827189,0.3539285,3.55545
CHEMBL4545793,4.9990573,3.312032
CHEMBL3828696,15.760471,4.048836
CHEMBL111310,1.9933568,3.2075467
CHEMBL3763535,5.9158564,-1.3045822
CHEMBL4778947,-4.083664,-0.5908811
CHEMBL3261204,12.772816,2.6695995
CHEMBL3265284,5.5759044,4.089277
CHEMBL4850282,5.578493,20.833488
CHEMBL4467539,3.5352256,8.730769
CHEMBL4211297,-4.486809,6.4266367
CHEMBL1432910,12.224374,2.1007266
CHEMBL489182,4.078289,2.7484639
CHEMBL4450139,3.550034,8.722697
CHEMBL3265273,5.9330077,-8.457329
CHEMBL224787,8.706007,10.947941
CHEMBL589351,12.159373,2.1524346
CHEMBL487711,7.97828,0.48525718
CHEMBL4455967,12.918351,1.8763994
CHEMBL5953661,4.7155614,-5.6211143
CHEMBL2115413,7.586257,2.4069781
CHEMBL412094,7.266938,8.584163
CHEMBL4085935,12.132719,3.3002687
CHEMBL1715414,5.647504,-0.6887207
CHEMBL4745286,3.6409388,3.4530506
CHEMBL5400090,5.65694,4.6524916
CHEMBL91273,5.8101587,-8.817834
CHEMBL603701,16.344019,-2.409622
CHEMBL91025,6.387943,8.550835
CHEMBL1348043,7.090758,3.865493
CHEMBL4569054,7.069926,-3.3879182
CHEMBL3359952,8.860629,11.105323
CHEMBL202017,12.6720705,0.45468953
CHEMBL573051,2.512554,1.1352814
CHEMBL1304118,13.024495,1.3823441
CHEMBL5597349,6.157152,-1.1159164
CHEMBL4474108,5.176263,-3.5844793
CHEMBL4784196,-4.0136676,-0.52258193
CHEMBL3952716,7.7910914,2.3533826
CHEMBL4562150,5.169437,-3.5734866
CHEMBL2314432,13.606567,3.2556458
CHEMBL332154,8.153475,-0.50939757
CHEMBL495465,12.666136,1.0037595
CHEMBL4864988,5.854831,20.546886
CHEMBL4845679,5.657959,20.745289
CHEMBL373100,13.0813265,5.788886
CHEMBL1578982,4.6113644,1.5093341
CHEMBL3326699,14.764192,13.440128
CHEMBL244743,8.164316,1.2035263
CHEMBL5425139,6.2653656,-2.080397
CHEMBL5179974,4.7066174,3.5770786
CHEMBL202218,6.596842,2.295027
CHEMBL3736142,11.177931,5.0533967
CHEMBL4854346,11.899202,3.1094584
CHEMBL452817,13.874172,2.350712
CHEMBL4862654,12.390776,2.8869982
CHEMBL1611681,6.4994526,4.7636795
CHEMBL1947105,5.256118,6.976434
CHEMBL4459595,3.5321581,8.73584
CHEMBL92492,6.4109545,8.386249
CHEMBL5436399,8.479587,0.019979328
CHEMBL4855220,5.8602834,20.541792
CHEMBL4878719,5.810463,20.592554
CHEMBL4878531,5.653656,20.76069
CHEMBL328054,5.7926373,-8.843372
CHEMBL3818444,10.509747,4.755866
CHEMBL71407,11.725646,4.7798643
CHEMBL2408086,24.324127,4.4345837
CHEMBL4867922,13.182191,2.821308
CHEMBL4072501,12.889821,-7.1167016
CHEMBL4078790,11.085025,2.6024718
CHEMBL1235969,2.6555328,21.427288
CHEMBL4538641,11.375716,-8.685957
CHEMBL3427403,6.1545362,11.564656
CHEMBL4281681,6.880329,8.060109
CHEMBL1339277,20.149502,2.1993833
CHEMBL1441475,3.7363632,2.4770954
CHEMBL4280137,12.974121,9.530797
CHEMBL450498,5.3870587,2.9152164
CHEMBL1701468,2.6634166,5.1697154
CHEMBL201250,4.3171434,5.3545594
CHEMBL488916,6.539626,2.387459
CHEMBL506746,-1.0576532,6.0117717
CHEMBL198891,3.556607,3.8149269
CHEMBL3261212,12.788248,2.6416764
CHEMBL4472970,0.05324961,4.667744
CHEMBL2141540,3.4405682,5.4721904
CHEMBL2387229,3.553113,-1.7549131
CHEMBL3958206,1.5829409,-1.3604307
CHEMBL1511189,4.0108624,2.3714647
CHEMBL4460067,16.134132,5.0420985
CHEMBL3092176,11.365051,14.28123
CHEMBL276618,5.625798,4.1546483
CHEMBL1563359,6.4508314,4.7911596
CHEMBL4741410,16.381392,4.9063153
CHEMBL4782518,16.405523,4.908464
CHEMBL1433585,3.759649,6.638189
CHEMBL1441918,12.757005,1.8109224
CHEMBL3121780,10.680409,0.47300032
CHEMBL3828259,0.39890447,3.5794222
CHEMBL4451590,12.831094,1.8720521
CHEMBL205614,6.3619194,6.0864944
CHEMBL5412360,-1.192046,-5.7700367
CHEMBL4436134,2.3408477,6.953099
CHEMBL5284565,5.633171,6.427299
CHEMBL583323,6.349836,7.9963646
CHEMBL2425851,13.416842,-6.8880568
CHEMBL1446866,13.381314,1.4209722
CHEMBL4079364,8.487852,-7.759395
CHEMBL3960113,9.292453,-1.4442612
CHEMBL271710,12.989889,4.7430015
CHEMBL5568861,2.2649844,1.6549033
CHEMBL5632618,15.30885,4.0276284
CHEMBL1258522,4.4605546,2.9768295
CHEMBL4078377,5.044161,4.45679
CHEMBL5176826,11.644847,7.9129114
CHEMBL2151690,15.304023,-0.77084583
CHEMBL313244,5.088478,3.0643046
CHEMBL4871026,-1.0773183,8.304424
CHEMBL4202831,3.8726523,-2.8249354
CHEMBL2393501,5.8272004,-0.18626118
CHEMBL3742302,12.011139,6.226405
CHEMBL4556851,10.463829,4.374153
CHEMBL3394528,4.6819386,2.7045627
CHEMBL305426,11.190229,5.0713115
CHEMBL4457458,2.3143482,1.6483843
CHEMBL4530960,6.9726543,-3.3179984
CHEMBL2442511,11.498985,2.2156017
CHEMBL4454278,7.0658917,-3.3851383
CHEMBL4849658,3.897721,4.578732
CHEMBL589883,5.5162373,6.2525244
CHEMBL3335026,1.158634,3.626906
CHEMBL3335056,1.3949486,3.5679443
CHEMBL3335063,1.2334952,3.5934055
CHEMBL3335061,5.103402,-1.4453677
CHEMBL5562045,13.4994,1.5157007
CHEMBL5542880,15.328406,-0.809516
CHEMBL5527931,15.331547,-0.81132114
CHEMBL3335066,5.1184425,-1.4399751
CHEMBL5561490,12.654939,5.4382024
CHEMBL5562546,15.343213,-0.82862335
CHEMBL197797,-2.573473,8.069279
CHEMBL5542165,15.33949,-0.82323915
CHEMBL17578,-3.4779096,-0.01854617
CHEMBL4787755,4.963263,3.2890887
CHEMBL3219197,15.285111,-0.75358695
CHEMBL4846991,-2.6563914,5.3007135
CHEMBL4865342,-2.6266894,5.328993
CHEMBL3612350,2.6450179,5.2444143
CHEMBL1897949,2.3419113,3.6408527
CHEMBL1951641,3.6793387,3.5394075
CHEMBL3427412,6.0496902,11.451993
CHEMBL3601511,5.907936,3.3442097
CHEMBL5092878,2.7593157,5.1441674
CHEMBL5220802,23.458231,-6.6630745
CHEMBL124050,7.6004395,-0.99167067
CHEMBL119017,7.2697835,0.5367015
CHEMBL5267168,-2.221385,-2.8649523
CHEMBL1258521,4.450517,3.0021644
CHEMBL3953466,1.5971779,-1.428562
CHEMBL4875269,3.914567,4.5822506
CHEMBL4520782,8.527501,-0.96548575
CHEMBL1688908,8.707808,10.944229
CHEMBL453853,13.85843,2.3189752
CHEMBL1519514,3.2429886,2.4902704
CHEMBL5400613,5.630715,4.6298656
CHEMBL4748050,8.882565,-0.2016319
CHEMBL257057,5.6549864,4.3136744
CHEMBL2426554,6.8663507,7.9990034
CHEMBL5412333,5.625596,4.649157
CHEMBL2430498,16.041721,4.323954
CHEMBL2177249,-1.4015882,5.949962
CHEMBL1337011,6.382487,4.636913
CHEMBL571514,7.8065796,0.25341186
CHEMBL1486121,13.275535,1.2430084
CHEMBL461305,3.203582,9.030708
CHEMBL5566534,8.7774105,0.6964177
CHEMBL2181540,-1.8225137,5.7215705
CHEMBL1394581,9.225321,-0.7285427
CHEMBL470618,-1.1085312,5.8652215
CHEMBL5590122,2.2489398,1.6591145
CHEMBL4096105,12.252904,3.2259598
CHEMBL2425842,13.421797,-6.8807616
CHEMBL1934677,6.876064,7.9644175
CHEMBL161802,19.778564,8.460748
CHEMBL488073,4.203196,5.389819
CHEMBL4160871,3.6016262,6.5153275
CHEMBL501402,2.9337544,5.0387416
CHEMBL4862632,4.6214266,4.889633
CHEMBL3586579,1.5066133,3.4083114
CHEMBL3400286,11.266973,14.374917
CHEMBL5567697,5.423107,2.7785695
CHEMBL4852306,7.81337,0.31680098
CHEMBL4576206,2.670812,5.153935
CHEMBL1630099,11.7416935,-0.69447386
CHEMBL267679,14.386959,18.337084
CHEMBL2322270,3.8334801,6.7355137
CHEMBL224786,8.7383585,10.967655
CHEMBL427247,8.734523,10.962863
CHEMBL1452669,5.422633,4.4522843
CHEMBL1314447,4.417295,5.8364
CHEMBL277350,-3.4801655,-0.016394299
CHEMBL88778,6.4225006,8.6119995
CHEMBL1650699,12.2175255,2.002874
CHEMBL4870855,13.04691,1.0688658
CHEMBL3786296,11.8394785,7.7066813
CHEMBL5593502,8.842737,-0.23287936
CHEMBL5565956,2.241951,1.6638176
CHEMBL3622011,2.5040963,5.067694
CHEMBL4483384,11.709344,7.857595
CHEMBL4859730,-1.083408,8.300926
CHEMBL4462339,2.5542831,6.77528
CHEMBL3120697,3.5925682,-1.7555329
CHEMBL4790660,3.2472312,3.6804786
CHEMBL3086065,11.010186,14.60751
CHEMBL4514959,-3.4335356,0.053597473
CHEMBL4756105,13.842321,1.258901
CHEMBL4877664,5.6657734,20.749601
CHEMBL5183932,4.2280674,2.7900052
CHEMBL1801021,11.725624,4.384285
CHEMBL4442662,2.390919,6.91689
CHEMBL3360730,11.403008,5.197528
CHEMBL5189120,5.509949,3.964536
CHEMBL4466686,6.942869,-3.3230472
CHEMBL4763272,13.955387,1.1851674
CHEMBL1946916,5.229369,6.9308257
CHEMBL4878847,3.9790301,3.8778083
CHEMBL4847400,3.42781,2.2079427
CHEMBL4877002,3.918142,4.595116
CHEMBL470018,-1.0463525,5.989424
CHEMBL3286944,5.4133554,-0.68013215
CHEMBL1761762,11.515071,4.4345284
CHEMBL3410695,13.295312,2.7052991
CHEMBL3410722,13.316884,2.6539078
CHEMBL298108,4.4286003,-1.5366474
CHEMBL204768,6.3272586,6.1607633
CHEMBL1603488,12.644655,1.596086
CHEMBL3335018,1.4616401,4.343666
CHEMBL2314728,13.540593,3.3415606
CHEMBL551804,2.482452,6.773855
CHEMBL3410709,13.246346,2.6621392
CHEMBL3410723,13.2961445,2.6479757
CHEMBL4202487,10.677771,4.3771343
CHEMBL2203961,11.018067,2.4499865
CHEMBL3113643,11.470895,-0.25745264
CHEMBL2334351,7.5891533,2.1222641
CHEMBL3113640,11.482845,-0.24757823
CHEMBL4783003,6.4885073,4.3010387
CHEMBL4846353,-1.0924169,8.292492
CHEMBL1510935,12.194208,1.299816
CHEMBL2430497,15.954842,4.210993
CHEMBL3335067,5.127425,-1.4342412
CHEMBL4473596,5.2335663,-3.6056128
CHEMBL1579999,3.1451404,2.5576212
CHEMBL3193979,15.331433,-0.812413
CHEMBL1927207,10.249069,5.3678102
CHEMBL1469032,13.014124,5.912457
CHEMBL4567011,10.469162,4.368932
CHEMBL6721,1.0149944,-3.2363546
CHEMBL345585,19.77254,8.45488
CHEMBL2177258,-1.5378149,5.8465633
CHEMBL3265285,5.544164,4.1131597
CHEMBL3265261,5.938581,-8.441694
CHEMBL1835822,8.267741,1.053716
CHEMBL150302,12.008281,3.5095508
CHEMBL3901865,1.6004841,-1.4366962
CHEMBL1311669,12.733503,1.3787154
CHEMBL5438388,6.1923428,-1.8206923
CHEMBL3220509,12.71395,0.39104375
CHEMBL600019,16.30932,-2.4386823
CHEMBL3208526,6.918493,8.204579
CHEMBL252693,11.688876,-0.4306978
CHEMBL494799,12.770008,2.8338017
CHEMBL3786821,11.805327,7.753296
CHEMBL3806068,13.099074,6.513467
CHEMBL3805886,13.07863,6.4877057
CHEMBL4517532,6.960245,8.791098
CHEMBL91585,5.777668,-8.840228
CHEMBL1098844,-1.2756087,19.139368
CHEMBL5900641,4.714539,-5.6206126
CHEMBL3696485,4.498208,-1.6642591
CHEMBL3092192,11.101231,14.529002
CHEMBL5287553,7.273215,8.616548
CHEMBL3092180,11.075186,14.552506
CHEMBL3922811,11.555163,4.2000723
CHEMBL1305435,6.364964,8.866901
CHEMBL5277365,13.023389,5.809148
CHEMBL453852,13.869513,2.3083978
CHEMBL1761764,11.334111,4.8192754
CHEMBL1388493,13.433765,1.757178
CHEMBL1568639,2.3358073,3.6348574
CHEMBL1560276,6.2775407,4.942144
CHEMBL1555759,4.4596877,5.915749
CHEMBL3402993,11.306803,14.332791
CHEMBL4867929,3.9104128,4.572926
CHEMBL3696484,4.3970246,-1.8371636
CHEMBL1501880,12.417854,1.8700876
CHEMBL1409828,11.339411,1.5284393
CHEMBL522376,12.667881,0.9670622
CHEMBL1509649,12.766497,0.8607497
CHEMBL1927204,10.229743,5.3676724
CHEMBL1366414,12.9896,3.3674793
CHEMBL3740529,12.030428,6.2036395
CHEMBL3786403,11.667844,7.9118376
CHEMBL5220017,23.439768,-6.644601
CHEMBL193594,13.07862,5.8085604
CHEMBL1325233,3.0925286,4.5756936
CHEMBL601653,16.226246,-2.3995333
CHEMBL571272,6.192973,7.9864564
CHEMBL4068753,12.881478,-7.1209683
CHEMBL3094032,2.6767287,0.7961444
CHEMBL4163058,7.631842,14.649099
CHEMBL4450126,6.502913,7.2139153
CHEMBL1835819,9.474219,-1.0933264
CHEMBL1957184,7.8260527,0.28835958
CHEMBL3946873,1.5774927,-1.4569501
CHEMBL4076451,22.389782,-4.771278
CHEMBL576293,6.28475,7.9513397
CHEMBL4638785,15.427327,1.8696635
CHEMBL4474386,5.091698,-3.472712
CHEMBL4206750,6.3520265,2.0521767
CHEMBL2387246,3.5199142,-1.6589439
CHEMBL2387239,3.573886,-1.6619965
CHEMBL4160117,-1.6442512,3.8162355
CHEMBL4561787,15.776467,2.1501226
CHEMBL4519601,11.702228,7.865099
CHEMBL4471897,10.403905,4.549915
CHEMBL2172254,2.0196083,3.5333478
CHEMBL3804902,13.092999,6.526881
CHEMBL3741819,12.015485,6.222231
CHEMBL2088230,6.9717145,1.0040597
CHEMBL3765536,12.766339,2.7677596
CHEMBL3623663,15.957886,4.2302794
CHEMBL1927208,10.2403555,5.3568134
CHEMBL5077637,4.6136165,1.4774657
CHEMBL4206334,10.638379,4.4022093
CHEMBL4471827,2.5707362,6.710656
CHEMBL6019992,6.0830164,3.3601766
CHEMBL2331585,7.506992,2.1771562
CHEMBL3094030,2.6844883,0.8224565
CHEMBL4441984,10.953144,2.2668757
CHEMBL4538356,5.785226,-9.683578
CHEMBL4467997,5.777862,-9.462588
CHEMBL4542665,5.7840624,-9.673464
CHEMBL4463968,5.783907,-9.677666
CHEMBL5896229,4.120536,6.1991673
CHEMBL5219651,23.46618,-6.6708536
CHEMBL6005250,13.314461,2.1969197
CHEMBL5419856,5.6241307,4.70805
CHEMBL3746327,-6.6178713,8.482524
CHEMBL4214681,11.1869545,4.4830937
CHEMBL5174881,10.686037,4.578469
CHEMBL4635389,12.840881,4.3427424
CHEMBL2387244,3.5233312,-1.6728156
CHEMBL3586590,8.776766,0.41178623
CHEMBL5563971,13.048554,5.8095765
CHEMBL5594046,13.1562,1.6336793
CHEMBL3359945,2.5221663,0.91237175
CHEMBL5837176,10.921326,0.46566835
CHEMBL1080339,4.206593,2.77633
CHEMBL575738,2.5938313,1.1531837
CHEMBL5909440,3.3161259,1.9799774
CHEMBL4862523,-1.7550182,5.7452254
CHEMBL4869153,-1.8435663,5.7017565
CHEMBL211425,2.1294894,3.615946
CHEMBL5071682,4.543024,1.5462371
CHEMBL3601508,6.0281734,3.427276
CHEMBL3394532,2.9345858,4.852297
CHEMBL5421164,4.197121,2.7982924
CHEMBL278508,2.5497913,4.1311717
CHEMBL450933,5.5711913,7.1405716
CHEMBL1330249,20.173807,2.2192998
CHEMBL3937251,1.5939904,-1.4391464
CHEMBL1819437,4.854314,2.5127451
CHEMBL1535395,6.506477,4.62529
CHEMBL279990,-3.4735212,-0.005624887
CHEMBL4087024,7.427221,8.846604
CHEMBL211476,2.1006496,3.694314
CHEMBL1761757,11.580853,4.9372773
CHEMBL1411083,6.3134975,4.8031507
CHEMBL369126,6.678167,7.39629
CHEMBL4170316,6.503169,7.344363
CHEMBL4435771,16.09489,5.213395
CHEMBL1489077,4.009319,4.3303847
CHEMBL1396129,4.597024,4.9378185
CHEMBL508494,8.154224,0.97440934
CHEMBL1414655,12.983739,0.45666054
CHEMBL1630100,11.747223,-0.71036315
CHEMBL1884473,7.3442297,0.557289
CHEMBL4167902,17.838491,12.86282
CHEMBL4175989,3.572949,6.4882526
CHEMBL4077815,5.561097,6.3175006
CHEMBL4074046,5.6701403,6.3472495
CHEMBL4098262,6.0735526,7.1898556
CHEMBL3092193,11.235638,14.40498
CHEMBL1423524,-1.2094619,-5.7646627
CHEMBL4129068,3.8686616,-2.7867732
CHEMBL5561349,13.061118,5.778728
CHEMBL3735743,11.256033,5.3148446
CHEMBL3094022,2.5392485,0.9564977
CHEMBL573922,6.173645,8.052076
CHEMBL4159670,10.762774,4.8378797
CHEMBL4084456,14.117695,1.8742628
CHEMBL1830823,12.519531,2.8346972
CHEMBL331618,7.0209966,8.896311
CHEMBL336955,-0.0045739994,10.803954
CHEMBL4449685,11.833315,3.120209
CHEMBL5433282,13.282118,1.3867134
CHEMBL3092194,11.309818,14.334202
CHEMBL5176910,20.286531,-7.272501
CHEMBL3545712,1.3361641,4.4293914
CHEMBL3805080,13.082651,6.5095086
CHEMBL3297786,12.795901,2.6918123
CHEMBL5284985,-2.226124,-2.87187
CHEMBL5275388,-2.190305,-2.8371584
CHEMBL4647469,4.0934596,0.33080497
CHEMBL3827288,0.5188646,3.578645
CHEMBL213724,2.1456432,3.6320026
CHEMBL4080688,6.7897983,8.860102
CHEMBL1436026,3.3839474,2.3678834
CHEMBL3623672,15.996053,4.183717
CHEMBL3960590,9.529381,-1.965605
CHEMBL4649280,16.43124,4.6951957
CHEMBL5994449,8.5565405,-0.6841938
CHEMBL4587147,10.500212,4.5068617
CHEMBL4551749,10.459735,4.7862973
CHEMBL3582272,14.054978,2.6586764
CHEMBL4127794,13.642121,1.3888929
CHEMBL2391485,1.4045881,15.766662
CHEMBL3925166,11.156175,2.3443985
CHEMBL3735983,11.260868,5.286372
CHEMBL3309834,5.6237226,4.3985157
CHEMBL3360627,4.004207,12.04288
CHEMBL4071209,16.341793,4.6320043
CHEMBL3582269,14.106597,2.6426241
CHEMBL4209403,3.958996,-2.7183611
CHEMBL3354139,3.5561304,3.5123408
CHEMBL3623665,15.964575,4.2063384
CHEMBL4751162,-4.0773873,-0.5851785
CHEMBL3924724,8.886682,-0.51248634
CHEMBL3921055,12.992962,3.4650896
CHEMBL3912096,12.996607,3.4774094
CHEMBL3360636,3.9881625,12.03817
CHEMBL2387538,-1.0567123,5.9775767
CHEMBL3805723,13.095727,6.507751
CHEMBL3094024,2.674627,0.81533897
CHEMBL67979,11.062748,4.9943748
CHEMBL4546001,6.6152787,7.2883086
CHEMBL3094023,4.5295205,1.4705732
CHEMBL206854,14.583092,3.2039065
CHEMBL5175566,3.488777,5.1465683
CHEMBL1378435,8.42986,0.6832923
CHEMBL4084887,22.29426,-4.668709
CHEMBL2181543,-2.5262947,5.373044
CHEMBL4568499,12.853934,1.924139
CHEMBL208464,11.810575,1.3268546
CHEMBL4634355,5.6181016,3.8259406
CHEMBL2387534,-1.0673476,5.9871817
CHEMBL2387532,-1.4625103,5.9371953
CHEMBL3219184,13.083707,5.7996864
CHEMBL4213274,-4.4926243,6.4330144
CHEMBL4211764,-4.4829226,6.4192276
CHEMBL5279769,5.892553,-0.073947966
CHEMBL1947115,5.2546,6.9597435
CHEMBL4633021,15.378303,1.8115216
CHEMBL1995684,7.4423776,0.42669263
CHEMBL5563369,13.3092985,11.631498
CHEMBL2387241,3.5362887,-1.6821094
CHEMBL2349086,2.9371912,-7.0031114
CHEMBL3966515,9.043461,-0.95534
CHEMBL225024,7.952427,1.7895772
CHEMBL4068706,10.867822,5.2877574
CHEMBL332001,7.674701,-0.9006238
CHEMBL3311526,4.7180705,-5.618878
CHEMBL1947107,5.2763314,6.96578
CHEMBL3629474,15.665222,0.32284996
CHEMBL3629811,15.665991,0.32565206
CHEMBL2178440,2.2426002,2.6176152
CHEMBL4531520,15.826844,2.156768
CHEMBL3797837,6.3672266,2.0703535
CHEMBL4213789,3.9460304,-2.7405288
CHEMBL3971196,5.693764,4.2254295
CHEMBL4214598,3.8401716,-2.8625498
CHEMBL5220144,23.612858,-6.818247
CHEMBL5218795,23.54701,-6.751903
CHEMBL477822,4.0506854,2.7566862
CHEMBL1381306,3.1456828,4.4940763
CHEMBL379350,11.07755,2.4572408
CHEMBL2019154,11.267441,4.8841314
CHEMBL4441522,2.5981622,6.7512636
CHEMBL1957178,7.9393024,0.40690336
CHEMBL427865,12.778451,4.4970484
CHEMBL4515881,8.714617,-0.28841776
CHEMBL1408908,3.4742053,5.113757
CHEMBL1935087,12.732253,1.3417476
CHEMBL2088234,7.0131497,1.0462269
CHEMBL1783716,11.130548,4.8533998
CHEMBL5219141,23.53254,-6.7374144
CHEMBL5209036,4.11583,5.5391827
CHEMBL3814726,11.197485,2.3397872
CHEMBL3941042,13.554657,0.94247526
CHEMBL3923185,11.689191,4.577052
CHEMBL3828631,0.3489371,3.5512495
CHEMBL63349,12.676264,0.34108028
CHEMBL204341,6.279661,6.1252646
CHEMBL2178428,2.269462,2.5830562
CHEMBL1472447,3.5536358,2.3466609
CHEMBL1630103,11.739617,-0.72633016
CHEMBL3335027,5.1494193,-1.2992512
CHEMBL2322550,3.8134882,6.757347
CHEMBL3410715,13.256467,2.7012992
CHEMBL5219847,23.430264,-6.635563
CHEMBL265416,12.766978,4.5151377
CHEMBL499266,11.036606,1.1558005
CHEMBL1095865,-1.2545613,19.160484
CHEMBL571496,6.343401,8.027768
CHEMBL518654,3.1859438,9.047014
CHEMBL4871203,12.176074,2.9524744
CHEMBL3139169,2.631851,1.2191367
CHEMBL269221,3.0359955,3.9871166
CHEMBL4089520,12.441993,1.1491735
CHEMBL1782748,7.3118706,-0.23960693
CHEMBL174435,7.247113,0.86490333
CHEMBL4103420,2.479936,4.226202
CHEMBL4086241,4.9806113,4.4574375
CHEMBL602887,15.959114,-2.3754444
CHEMBL3093993,3.0100448,1.0272596
CHEMBL1381627,4.8935485,3.4806213
CHEMBL3823208,23.638084,3.204821
CHEMBL12252,4.992685,3.2471426
CHEMBL3331326,-1.6198506,3.8692498
CHEMBL1325943,12.717746,0.40020883
CHEMBL204365,4.142587,1.7538677
CHEMBL3824003,23.607979,3.172175
CHEMBL18317,2.103708,3.0192044
CHEMBL3823600,23.653183,3.22054
CHEMBL325864,8.149011,1.2418537
CHEMBL3827734,0.47591034,3.5777056
CHEMBL4126704,3.8857934,-2.8193877
CHEMBL1830809,11.796871,1.9050059
CHEMBL3827765,0.3324676,3.5549412
CHEMBL1453817,5.7787766,2.9837458
CHEMBL1478351,4.708273,3.617998
CHEMBL3335029,5.0815034,-1.4677901
CHEMBL192548,3.955494,2.2184734
CHEMBL145003,2.0080063,3.1724873
CHEMBL4449791,2.5191195,-9.589994
CHEMBL4441237,8.535979,-0.9837143
CHEMBL4856506,12.022971,2.8861115
CHEMBL179343,3.732325,3.3909702
CHEMBL202781,6.3906355,6.0045495
CHEMBL1085430,11.509237,4.151271
CHEMBL5395336,6.2491045,-2.0682025
CHEMBL5432645,6.240473,-2.0541828
CHEMBL1446643,9.70807,4.0375876
CHEMBL375497,8.745567,10.976273
CHEMBL315348,4.020474,3.9479864
CHEMBL1777814,10.693688,4.6019278
CHEMBL4855587,-1.1985382,-5.77137
CHEMBL4854132,5.869413,20.530674
CHEMBL1302645,4.379289,3.2990532
CHEMBL3814638,11.149924,2.3671434
CHEMBL4852281,5.855098,20.546011
CHEMBL3818539,8.49843,-7.77525
CHEMBL1835833,9.035701,-0.95029485
CHEMBL4852456,-2.6316037,5.32161
CHEMBL3785907,11.787427,7.7651653
CHEMBL4175303,17.841463,12.866169
CHEMBL3787509,11.795865,7.762268
CHEMBL5218447,0.33431888,3.5546908
CHEMBL3765442,6.0232882,-1.2997613
CHEMBL3764112,6.004442,-1.2865201
CHEMBL4130301,3.9733832,-2.703725
CHEMBL5207605,7.522147,2.4041662
CHEMBL4536608,11.371249,-8.696414
CHEMBL598339,15.99856,-2.3922057
CHEMBL1364458,6.4173074,4.8617663
CHEMBL3929967,12.993408,3.4656577
CHEMBL4126501,11.78304,5.1807027
CHEMBL5179804,8.564706,1.9182199
CHEMBL3824049,23.64454,3.2109807
CHEMBL4473562,7.0816517,-3.3834934
CHEMBL3901953,1.6382195,-1.3943226
CHEMBL4161438,5.819557,3.7346408
CHEMBL5287988,5.6791,8.497569
CHEMBL4159678,7.637011,14.651346
CHEMBL4439610,14.007468,3.340688
CHEMBL3335032,1.1147782,3.6366608
CHEMBL5574703,2.237968,1.6583322
CHEMBL3403691,-5.5207763,12.200948
CHEMBL134252,-0.0011064699,10.799837
CHEMBL4514827,5.059241,-3.4366622
CHEMBL3417310,0.7608939,15.481152
CHEMBL3417303,0.7741253,15.486507
CHEMBL3818301,10.478349,4.796622
CHEMBL575731,2.5831254,0.69443375
CHEMBL4858470,5.604311,20.811407
CHEMBL4754409,6.5897784,4.2998705
CHEMBL3906398,3.6746335,3.4315264
CHEMBL4572797,4.599903,-0.95591575
CHEMBL266091,14.387255,18.33761
CHEMBL1337694,13.163681,1.2190045
CHEMBL5632713,11.962561,1.2278414
CHEMBL4066109,12.254553,3.2053647
CHEMBL307341,7.2759056,0.8385329
CHEMBL1630088,11.745982,-0.7270978
CHEMBL4102176,11.135816,-8.897305
CHEMBL1214023,15.295167,-0.76886064
CHEMBL4072918,6.4660044,6.119995
CHEMBL4166530,7.616777,14.634848
CHEMBL4169362,5.804853,3.7595656
CHEMBL4281741,12.86073,9.424306
CHEMBL4207990,3.9702911,-2.7127035
CHEMBL3094037,2.5033216,1.0406927
CHEMBL4284002,12.973455,9.52955
CHEMBL4859675,11.853329,3.0631928
CHEMBL4875041,11.8211155,3.100041
CHEMBL4875771,11.851192,3.0824451
CHEMBL4455973,5.892133,-0.122344114
CHEMBL4554663,11.355219,-8.706838
CHEMBL4465730,6.641688,7.3969197
CHEMBL3735752,11.180383,5.229435
CHEMBL4103143,12.316023,3.3878834
CHEMBL4167973,4.657505,-0.60123706
CHEMBL4543278,10.4909115,4.841557
CHEMBL4166121,7.6197295,14.628279
CHEMBL4069891,22.386972,-4.767729
CHEMBL5076873,4.5369997,1.532512
CHEMBL4081238,12.322623,2.939722
CHEMBL3924170,13.548394,0.939636
CHEMBL4569403,11.352973,-8.709158
CHEMBL4533152,11.3649845,-8.702056
CHEMBL4574863,11.384118,-8.684767
CHEMBL589155,4.6219664,3.712793
CHEMBL3427502,6.1317024,11.535435
CHEMBL3928452,1.792837,4.866116
CHEMBL2207073,4.0457687,3.9613118
CHEMBL4090150,2.105908,3.3082983
CHEMBL4524928,5.8997884,-8.476806
CHEMBL3823115,23.625154,3.1916053
CHEMBL4452834,10.452594,4.6913824
CHEMBL4472996,1.3835483,4.411176
CHEMBL3116093,7.2138824,1.3668439
CHEMBL3967563,1.624818,-1.4217864
CHEMBL198873,0.15173006,10.646247
CHEMBL4591567,4.297687,10.826172
CHEMBL3959577,5.6946254,4.227643
CHEMBL4851364,2.7164104,21.386553
CHEMBL4526400,5.77696,-9.438249
CHEMBL4228747,11.480105,4.2222404
CHEMBL4168142,3.5929601,6.500145
CHEMBL4741886,-3.998227,-0.50709325
CHEMBL4757760,-4.0045776,-0.51435274
CHEMBL5595836,2.2268517,1.6816844
CHEMBL5573115,2.221906,1.665816
CHEMBL3263999,11.381151,14.264988
CHEMBL4847717,5.620916,20.793356
CHEMBL4160812,-1.6012691,3.8865185
CHEMBL4860266,10.838899,3.6488683
CHEMBL4794885,4.218125,5.420795
CHEMBL5567187,12.983821,5.747145
CHEMBL5562309,13.309227,11.631634
CHEMBL4104739,12.905473,-7.108233
CHEMBL4067112,12.8873415,-7.117618
CHEMBL4585210,11.353959,-8.695373
CHEMBL5889778,6.075883,3.1117125
CHEMBL2381385,11.898275,2.3204901
CHEMBL5632243,11.955893,1.2071652
CHEMBL5943744,6.136487,3.3316662
CHEMBL4778575,3.8075988,6.726616
CHEMBL4280515,6.796628,7.9830737
CHEMBL5202541,20.286913,-7.2728033
CHEMBL5196941,20.286911,-7.2728257
CHEMBL5094528,4.634239,1.4493656
CHEMBL3410726,13.284527,2.639217
CHEMBL4750435,15.95599,4.196119
CHEMBL3354138,3.5436869,3.5040932
CHEMBL4869539,12.000014,2.962657
CHEMBL5218843,23.462503,-6.6673183
CHEMBL4756123,16.443947,4.7481236
CHEMBL5396287,5.6086645,4.683668
CHEMBL4468039,4.1523995,11.016921
CHEMBL4465087,0.096030734,4.695637
CHEMBL3764609,5.9861193,-1.3069053
CHEMBL4871933,13.242793,1.1436405
CHEMBL6019302,14.843349,2.4260786
CHEMBL508793,12.923033,1.0213064
CHEMBL5404461,7.0163198,8.822168
CHEMBL470420,12.93287,0.991353
CHEMBL3822753,23.638565,3.2051656
CHEMBL2381386,11.934222,2.3679118
CHEMBL2387531,-1.4461677,5.9608107
CHEMBL3747234,-6.635268,8.49913
CHEMBL2381403,11.904757,2.3322988
CHEMBL3427410,6.1453176,11.549248
CHEMBL2178431,3.116541,2.5256262
CHEMBL2178430,2.2574236,2.573567
CHEMBL600114,4.552889,3.328452
CHEMBL3394530,2.8904207,4.8335943
CHEMBL2408073,24.283146,4.3932385
CHEMBL4451075,17.840313,12.86496
CHEMBL2178439,2.2864275,2.5445776
CHEMBL4539578,2.474,1.5142125
CHEMBL4443954,11.323708,5.0687003
CHEMBL3623668,15.972833,4.216102
CHEMBL1688893,8.916036,11.162447
CHEMBL1416638,3.2919135,2.476072
CHEMBL4761249,8.803582,-0.20474559
CHEMBL313167,6.4011555,8.594312
CHEMBL5873375,6.059647,3.3754246
CHEMBL155103,11.756204,1.9350563
CHEMBL1562444,8.845732,-0.2277095
CHEMBL3360734,11.322794,5.1107717
CHEMBL1610118,13.308155,3.4808834
CHEMBL3194001,6.500387,8.215097
CHEMBL3093999,3.0494342,1.1126626
CHEMBL4473613,3.5347874,8.73454
CHEMBL241896,7.3884544,0.70777065
CHEMBL4464849,2.3436544,6.9592457
CHEMBL4645435,15.395439,1.8382822
CHEMBL1290111,7.69385,2.481749
CHEMBL80630,6.9556694,9.117894
CHEMBL4643633,15.445517,1.8746326
CHEMBL2425853,13.382607,-6.90098
CHEMBL4632506,15.317175,1.7760086
CHEMBL4649124,3.2164838,2.4764266
CHEMBL4094925,8.443337,-7.7163587
CHEMBL2177802,2.4892602,6.291707
CHEMBL367155,3.7543705,3.3481212
CHEMBL4079452,5.183496,3.0412986
CHEMBL2381384,11.902527,2.3320856
CHEMBL2387253,4.378155,-1.5798087
CHEMBL5189977,8.081536,1.588204
CHEMBL3094134,3.3220677,0.8074299
CHEMBL1511585,4.2869616,5.3816004
CHEMBL496547,8.279642,-0.013574455
CHEMBL5435296,6.429467,8.512755
CHEMBL4779645,7.535403,2.2473326
CHEMBL4786147,4.6962395,2.5103407
CHEMBL1531512,11.2913885,3.137509
CHEMBL1323406,5.1674933,9.66128
CHEMBL4851449,-1.0779885,8.303394
CHEMBL3427387,6.0913496,11.471409
CHEMBL1701673,6.141877,-1.0966283
CHEMBL1938473,8.180359,1.2403711
CHEMBL1518304,11.4814205,4.45687
CHEMBL4171674,17.839838,12.864377
CHEMBL4449994,8.87444,-0.50275916
CHEMBL199739,10.907993,4.5767813
CHEMBL145503,3.1127372,2.166226
CHEMBL1349972,3.0917952,5.458467
CHEMBL1575721,6.381065,4.666876
CHEMBL286017,5.3079996,-1.6543789
CHEMBL4576627,6.954423,-3.343755
CHEMBL513494,7.1517434,1.337352
CHEMBL4169053,7.605675,14.61946
CHEMBL1288558,8.161885,1.2779406
CHEMBL1688916,8.613316,10.8611555
CHEMBL403219,5.566856,7.105773
CHEMBL5556414,3.9754617,2.2121804
CHEMBL258241,5.588356,7.1494856
CHEMBL1425421,3.4890358,5.134074
CHEMBL3087900,13.721954,3.0899138
CHEMBL3087896,13.693954,3.1172578
CHEMBL1611299,6.308718,4.892902
CHEMBL3394537,2.9196851,4.90061
CHEMBL3394540,3.6091185,3.8571212
CHEMBL120770,7.1966453,0.50425804
CHEMBL4061563,3.55532,2.3489459
CHEMBL1394845,3.6284823,3.4578626
CHEMBL1534646,3.5098367,6.43792
CHEMBL5396142,6.1998944,-1.8530785
CHEMBL4168780,2.569542,3.473998
CHEMBL1835231,11.122136,4.897687
CHEMBL1530167,11.905026,5.949039
CHEMBL577099,11.352464,4.972814
CHEMBL4565447,10.388245,4.2867227
CHEMBL568416,12.139192,1.6038153
CHEMBL2335191,7.682727,2.4862988
CHEMBL4084237,12.30609,3.3737936
CHEMBL3094013,2.5429356,0.60922766
CHEMBL4066643,6.053311,7.186276
CHEMBL2413896,5.6179504,6.375473
CHEMBL87407,11.772338,1.3690101
CHEMBL2387236,3.5003011,-1.6580489
CHEMBL4465307,14.054236,3.3824193
CHEMBL5563305,13.30885,11.631112
CHEMBL2381402,11.891465,2.335467
CHEMBL4165041,7.5957522,14.606894
CHEMBL1450522,5.64987,4.1688676
CHEMBL5567220,13.084358,5.7777214
CHEMBL4744103,-4.019911,-0.52800137
CHEMBL252674,11.692512,-0.31918117
CHEMBL402990,11.661585,-0.3658661
CHEMBL4476479,13.984798,3.326668
CHEMBL5557850,13.306645,11.628854
CHEMBL1299990,4.7537847,3.2856648
CHEMBL495155,12.758339,2.7491033
CHEMBL4161624,7.6116805,14.658818
CHEMBL4160100,6.5045533,7.3029613
CHEMBL327912,6.3740616,8.584697
CHEMBL103836,-1.6087406,3.8790662
CHEMBL5194514,10.660495,4.5452023
CHEMBL1458873,4.0378227,4.1167436
CHEMBL3427392,6.0445085,11.431827
CHEMBL4544371,5.859794,-0.13010244
CHEMBL1322745,12.978737,0.48929945
CHEMBL205222,4.1256547,1.7818444
CHEMBL1322914,6.461934,4.7849565
CHEMBL4458812,3.967649,6.1838164
CHEMBL5414217,3.5151858,5.1334267
CHEMBL2322277,3.897301,6.794256
CHEMBL4540947,10.538724,4.4794483
CHEMBL4848109,11.9747,2.9270504
CHEMBL5573031,16.398314,4.662394
CHEMBL4795586,8.271661,1.0688002
CHEMBL1371243,3.7249115,2.4741642
CHEMBL3086074,10.961542,14.653757
CHEMBL1830825,10.7841835,1.0934273
CHEMBL2362078,4.240687,2.7624304
CHEMBL3094002,2.8651438,0.7463555
CHEMBL5560795,13.088683,5.7973113
CHEMBL4129303,11.295685,5.1232476
CHEMBL261558,6.8159146,8.8027115
CHEMBL4127835,3.8135455,-2.882717
CHEMBL4126677,13.045788,5.871762
CHEMBL3764436,5.994345,-1.2853705
CHEMBL3740883,12.000099,6.207376
CHEMBL4078308,11.091249,1.1392182
CHEMBL4550487,5.887691,-0.10335952
CHEMBL206120,5.8888755,6.23094
CHEMBL4164078,4.677365,-0.6148381
CHEMBL5962451,4.0486827,6.2212768
CHEMBL4211835,10.394094,9.925158
CHEMBL3770400,11.6359625,3.973035
CHEMBL4532073,4.2420845,10.888914
CHEMBL209811,2.1541617,3.7042828
CHEMBL4591855,16.099268,5.209615
CHEMBL572533,2.8042462,1.3488674
CHEMBL1402853,4.9550996,2.9662712
CHEMBL1372043,5.1005526,4.4596696
CHEMBL4069435,2.4526293,4.2675986
CHEMBL1096814,-1.3743147,19.040901
CHEMBL2408084,24.31262,4.4230967
CHEMBL4581364,4.2590423,10.86067
CHEMBL4520000,4.2795105,10.840519
CHEMBL4073985,2.4980483,4.227045
CHEMBL3235996,7.5061502,1.874727
CHEMBL3094019,2.9325547,0.70755094
CHEMBL487071,5.687138,3.6674542
CHEMBL1459644,3.866159,6.7687635
CHEMBL5218672,23.450575,-6.655868
CHEMBL1255817,4.857014,3.2995148
CHEMBL493586,4.498549,3.3175287
CHEMBL305250,3.216708,3.7288153
CHEMBL4451681,9.133731,-1.1830951
CHEMBL5591043,4.09286,1.6333237
CHEMBL1742008,3.202916,2.497612
CHEMBL5283992,16.089367,4.8285046
CHEMBL1366348,5.175825,9.658956
CHEMBL1377388,6.49675,4.6773806
CHEMBL4217913,10.402555,9.930067
CHEMBL4572742,15.225121,3.94533
CHEMBL3586603,9.13232,0.5705706
CHEMBL5285878,6.251319,8.0021715
CHEMBL5555934,9.065704,0.9488351
CHEMBL3220512,12.748255,0.4266958
CHEMBL5567576,9.385756,0.91626626
CHEMBL1337529,5.2879806,3.53613
CHEMBL5563449,2.2383153,1.6690186
CHEMBL4072973,2.6106415,4.067677
CHEMBL3335049,5.0217853,-1.4667348
CHEMBL2314731,13.57839,3.328336
CHEMBL3823187,23.643599,3.2138624
CHEMBL4781977,6.4754796,4.4268904
CHEMBL5219102,-2.1873558,-2.8308678
CHEMBL5598305,14.172476,2.5135198
CHEMBL4785296,-4.059465,-0.5672653
CHEMBL4868404,-1.4824045,3.9656825
CHEMBL3394531,2.9140265,4.826408
CHEMBL4125827,15.288952,-0.7197481
CHEMBL4164140,10.743228,4.778087
CHEMBL4285776,5.0624166,3.1033592
CHEMBL4779637,7.8492618,0.3584237
CHEMBL4876101,10.955412,3.6179261
CHEMBL3970237,1.71468,-1.4822347
CHEMBL4444516,8.526761,-0.6174008
CHEMBL6026172,4.611077,1.535143
CHEMBL4533364,12.863456,1.9177613
CHEMBL5219720,6.5213604,5.982912
CHEMBL3958781,1.626404,-1.4069797
CHEMBL5596055,6.123914,-1.1448892
CHEMBL1410686,4.384597,3.3998551
CHEMBL5633965,3.2670794,1.9184723
CHEMBL2032372,6.7886963,7.109352
CHEMBL4210287,11.083562,4.5517316
CHEMBL2314430,13.16607,4.078596
CHEMBL3786130,11.780412,7.7747273
CHEMBL3586592,8.82061,0.41669193
CHEMBL4295073,12.864788,9.428672
CHEMBL3785699,11.838595,7.7128696
CHEMBL4287105,12.96214,9.519255
CHEMBL4778064,13.992061,1.1604927
CHEMBL4518317,10.890234,2.1884031
CHEMBL5569049,9.051521,0.93119293
CHEMBL3264730,7.179606,8.491698
CHEMBL4091210,6.4382663,8.630368
CHEMBL4125847,3.8492377,-2.8498085
CHEMBL4103132,2.4712276,4.190163
CHEMBL260997,7.199115,8.596938
CHEMBL4783123,6.5017776,4.3381014
CHEMBL4212732,-4.523326,6.4619374
CHEMBL3403707,-5.518746,12.2006
CHEMBL3403712,-5.5261846,12.194499
CHEMBL3403696,-5.5459666,12.175708
CHEMBL4871381,13.004206,-7.0551696
CHEMBL4068298,2.5160892,4.1798687
CHEMBL1393201,5.260338,3.5403583
CHEMBL3601437,5.923708,3.371031
CHEMBL5567975,15.336287,-0.81910694
CHEMBL5557106,15.319377,-0.801241
CHEMBL5517864,12.627458,5.45324
CHEMBL5592217,2.2965379,7.0142493
CHEMBL596221,7.468468,2.053995
CHEMBL4450854,5.1948586,-3.5927546
CHEMBL4541580,5.247608,-3.5473092
CHEMBL11692,4.585211,2.981051
CHEMBL4082281,12.41522,2.9651957
CHEMBL4103860,12.225794,3.2581844
CHEMBL3586591,8.798921,0.37296313
CHEMBL5070193,3.5140762,5.339845
CHEMBL5083554,4.1244926,5.346611
CHEMBL1275887,2.7275739,21.36679
CHEMBL4276705,12.99435,9.549901
CHEMBL5405322,6.261689,-2.1271784
CHEMBL1313283,4.438266,2.3587637
CHEMBL574382,4.6564026,2.6500964
CHEMBL4445315,2.4365513,6.8272605
CHEMBL176114,3.238542,8.993985
CHEMBL1533148,13.0213995,2.2097402
CHEMBL4745846,3.632706,0.76769215
CHEMBL4212058,3.9182289,-2.7673755
CHEMBL1275840,2.658697,21.435373
CHEMBL1630091,11.7446575,-0.7233629
CHEMBL1598666,5.783412,2.9872067
CHEMBL4783468,-4.0077167,-0.5181103
CHEMBL4574355,5.083839,-3.4564729
CHEMBL266712,-1.8159167,5.725965
CHEMBL516339,-0.95453495,5.738782
CHEMBL470212,-1.1298246,5.8680906
CHEMBL491132,2.4676495,1.1908509
CHEMBL1761761,11.436107,4.5576863
CHEMBL222322,7.210211,7.7919364
CHEMBL448060,7.1545424,1.4132528
CHEMBL2322545,3.7931306,6.7281375
CHEMBL1835825,9.09475,-1.0351597
CHEMBL1427890,5.177353,3.0270631
CHEMBL1606373,6.500135,4.758585
CHEMBL2178986,3.2625349,2.4456422
CHEMBL4648667,12.854978,4.2912045
CHEMBL1326488,11.828202,4.4827137
CHEMBL2334496,-9.126677,6.9360847
CHEMBL5395479,14.12825,3.3993754
CHEMBL2326854,13.540532,1.6880462
CHEMBL1290110,8.0965,1.3818715
CHEMBL1288559,8.117643,1.2864004
CHEMBL1422335,10.5042715,4.2975574
CHEMBL106769,4.173138,2.7258856
CHEMBL3629809,15.664157,0.32185587
CHEMBL5220950,23.45882,-6.6636844
CHEMBL5220205,4.5926447,4.800196
CHEMBL1688899,8.914582,11.160961
CHEMBL225472,8.742272,10.974006
CHEMBL5583624,2.700406,2.167583
CHEMBL5575619,7.055012,1.0114866
CHEMBL5564532,2.7089107,2.0842621
CHEMBL5565316,9.332294,0.88342726
CHEMBL5089227,2.9426928,-6.9975877
CHEMBL1533835,12.1725445,2.1347857
CHEMBL4169394,4.6342936,-0.5686371
CHEMBL4758120,7.2327905,7.8204803
CHEMBL1521897,6.368632,5.023225
CHEMBL4791042,3.664562,3.4063468
CHEMBL5571185,9.412629,0.94009614
CHEMBL1304760,6.5019116,4.7043405
CHEMBL4464099,8.767682,-0.2535667
CHEMBL5221007,23.634644,-6.8400393
CHEMBL4544202,11.382176,-8.685409
CHEMBL521526,12.700444,2.8067195
CHEMBL453401,2.437781,1.199018
CHEMBL76373,8.186473,1.2427667
CHEMBL5277715,3.5709777,0.84330595
CHEMBL5278642,-2.2257936,-2.8673747
CHEMBL444623,13.167406,1.087795
CHEMBL3937779,1.6112843,-1.4173303
CHEMBL1528660,11.704433,4.9580927
CHEMBL502440,6.572512,6.0168147
CHEMBL142582,2.0959144,3.1078866
CHEMBL590379,4.7011776,4.0062513
CHEMBL4475204,15.817624,2.1687088
CHEMBL6338,6.409883,5.9246235
CHEMBL4103066,11.065286,2.6731768
CHEMBL189704,7.491993,-0.96927917
CHEMBL1258415,4.439598,2.9536502
CHEMBL5812329,4.6113467,1.5461282
CHEMBL1718108,7.9730296,1.773696
CHEMBL568173,11.786372,1.6564084
CHEMBL2181544,-2.6179821,5.3289714
CHEMBL2314428,13.161014,4.0923543
CHEMBL499847,7.0298686,1.6254884
CHEMBL1590814,3.8041754,6.6671877
CHEMBL2324232,2.5372636,1.1239662
CHEMBL2324234,2.5407386,1.0555171
CHEMBL1830819,12.297929,2.7124393
CHEMBL4088636,7.7431345,-0.021199178
CHEMBL3120699,3.5907793,-1.7560498
CHEMBL3827610,0.5371389,3.5828538
CHEMBL3094034,2.6916058,0.7636412
CHEMBL3133841,-9.126702,6.9361253
CHEMBL240482,5.24824,2.829672
CHEMBL478608,1.754363,3.4161496
CHEMBL1372625,8.505581,0.356489
CHEMBL4076313,5.5836453,6.3006363
CHEMBL572366,8.158827,1.267102
CHEMBL1835834,9.013103,-0.92892116
CHEMBL161438,19.772198,8.454169
CHEMBL124835,7.5822325,-1.0124618
CHEMBL604330,16.354315,-2.3985715
CHEMBL1099163,-1.2588316,19.156345
CHEMBL4758108,7.206913,7.7983055
CHEMBL522532,12.651271,1.0113585
CHEMBL604130,16.339622,-2.4129374
CHEMBL4857313,10.793714,3.6819804
CHEMBL1095210,-1.37663,19.038801
CHEMBL67599,10.832856,4.9714894
CHEMBL5288493,-2.2217455,-2.8651972
CHEMBL4750523,16.22801,4.756698
CHEMBL1417172,10.427307,4.3002667
CHEMBL3911483,1.6664064,-1.3576379
CHEMBL3946367,1.6407993,-1.4128774
CHEMBL1736358,6.481171,6.099203
CHEMBL4278275,12.8554,9.418609
CHEMBL5982645,6.0258074,3.095149
CHEMBL5985695,5.8370986,2.9963853
CHEMBL6021245,6.073612,3.1558113
CHEMBL5439636,6.192466,-1.8278869
CHEMBL6049649,6.073474,3.352821
CHEMBL1499823,3.134407,4.6314225
CHEMBL4847144,11.887403,3.0944815
CHEMBL4878037,-1.2050104,-5.766366
CHEMBL4473727,8.626934,-0.28849372
CHEMBL5631608,12.105818,1.3896748
CHEMBL212501,13.502302,1.64094
CHEMBL1351650,3.6806207,3.4720073
CHEMBL4859764,11.999431,2.909864
CHEMBL3133850,-9.126727,6.9360995
CHEMBL4748890,7.1652565,7.82989
CHEMBL4175175,4.657758,-0.61087495
CHEMBL4848949,12.295243,2.920539
CHEMBL4862435,13.385436,2.9198837
CHEMBL1370260,2.5856597,2.873253
CHEMBL1688904,8.694656,10.93079
CHEMBL494808,12.703461,1.0372556
CHEMBL401711,5.5598226,7.1238704
CHEMBL5593514,15.9896965,4.2697887
CHEMBL3804869,13.035899,6.162916
CHEMBL4854803,3.9125404,4.5928373
CHEMBL4874211,-1.0493513,8.330084
CHEMBL3805861,13.020072,6.0687213
CHEMBL3805892,13.107624,6.527662
CHEMBL2316106,13.035401,6.4053726
CHEMBL3735973,11.207327,5.3018723
CHEMBL5276958,5.9834485,8.34057
CHEMBL2261302,6.5627303,5.977949
CHEMBL5275635,6.9282007,8.887145
CHEMBL5633213,15.871372,4.3917856
CHEMBL3815018,11.158804,2.3268907
CHEMBL2349085,2.941467,-6.9995413
CHEMBL1082366,3.270816,8.968435
CHEMBL572534,2.5785,1.0021358
CHEMBL5840384,6.139181,3.1615195
CHEMBL5575945,2.5937076,2.669558
CHEMBL5572092,8.585859,0.7450267
CHEMBL5187916,5.553918,7.109736
CHEMBL5632873,12.189891,1.3373996
CHEMBL4164851,5.8335185,3.7317193
CHEMBL4522235,5.0708857,-3.444027
CHEMBL577616,2.5504293,1.1603202
CHEMBL5285406,-2.2223086,-2.8658967
CHEMBL5276740,-2.2221692,-2.8662593
CHEMBL5631307,15.289194,4.008451
CHEMBL5570880,2.6984346,2.162722
CHEMBL18978,2.4495094,4.146192
CHEMBL5429686,6.2633047,-2.1284444
CHEMBL5574400,2.2339509,3.3529694
CHEMBL5595332,2.237072,1.6535122
CHEMBL5202683,3.895717,3.585749
CHEMBL3084443,10.945477,2.4714663
CHEMBL4852553,-1.7809255,5.7405825
CHEMBL5558930,13.271397,1.3794228
CHEMBL4879017,12.19691,2.6947298
CHEMBL243310,12.789825,4.4847145
CHEMBL4864715,-1.1972317,-5.773478
CHEMBL4446234,8.690957,-0.24379544
CHEMBL1085262,3.2763402,8.96176
CHEMBL5591482,16.40366,4.6841817
CHEMBL487235,4.2610784,5.4260926
CHEMBL1688919,8.600795,10.848566
CHEMBL1406220,6.654977,4.7146645
CHEMBL500683,11.055446,1.162033
CHEMBL203348,6.316228,6.1691923
CHEMBL1783714,11.354544,5.1036983
CHEMBL12253,4.5652127,3.3100672
CHEMBL18503,2.520788,4.309378
CHEMBL5565616,2.7765083,2.1859057
CHEMBL5591906,7.696186,2.475838
CHEMBL5396437,6.35748,8.122276
CHEMBL273101,6.3874693,6.060062
CHEMBL5421211,5.382651,6.8818593
CHEMBL5559986,3.2803776,1.9707841
CHEMBL1539001,3.8744373,2.4807703
CHEMBL5561109,15.946829,4.2173886
CHEMBL3968332,5.681873,4.239416
CHEMBL3092186,11.114727,14.515996
CHEMBL3087906,13.688666,3.0864034
CHEMBL5562537,9.385285,0.9252152
CHEMBL5571128,2.69712,2.1196153
CHEMBL4762530,7.234725,7.8147287
CHEMBL511966,13.008578,0.98897815
CHEMBL258768,6.687988,8.746257
CHEMBL4795202,8.844169,-0.21778142
CHEMBL4526265,5.8627677,-0.00022700465
CHEMBL4549719,11.368077,-8.690832
CHEMBL5268155,-2.1964028,-2.8323019
CHEMBL1597748,4.20636,5.415363
CHEMBL4077503,11.972577,3.0698068
CHEMBL1441868,11.229781,3.0903194
CHEMBL4645944,4.626716,4.8735967
CHEMBL1303766,11.1094,2.4166017
CHEMBL5414445,6.2631187,-2.1245732
CHEMBL4203107,-4.437611,6.3944354
CHEMBL314285,5.802644,-8.816018
CHEMBL4436493,6.391041,6.9817953
CHEMBL3763678,12.768882,2.7480145
CHEMBL3586582,1.4881629,3.4473057
CHEMBL3960492,3.6918902,3.39857
CHEMBL4457710,2.3991785,6.871055
CHEMBL4562937,2.5437837,6.6862626
CHEMBL3746856,-6.6318197,8.495986
CHEMBL5618320,3.138631,0.98848367
CHEMBL4214760,-4.476614,6.402526
CHEMBL3932874,1.6177732,-1.4143219
CHEMBL3747348,-6.6295276,8.494652
CHEMBL392450,7.281897,8.645973
CHEMBL5188402,10.73003,4.716113
CHEMBL3629472,15.6656275,0.32722077
CHEMBL5219666,23.662209,-6.867708
CHEMBL3906400,1.6612983,-1.3741612
CHEMBL5078658,1.7121288,3.2377894
CHEMBL3629468,15.647529,0.3157803
CHEMBL194961,7.4876666,2.7723777
CHEMBL388604,4.2215395,2.798656
CHEMBL5423031,7.708797,-0.5942822
CHEMBL4638278,-1.0780137,5.7889814
CHEMBL4854892,4.0190825,3.9123275
CHEMBL5430322,6.2639437,-2.126488
CHEMBL2105653,4.1463566,1.7891276
CHEMBL1334968,13.04154,6.03182
CHEMBL3819198,8.510513,-7.7839656
CHEMBL5397599,6.2673535,-2.1294281
CHEMBL2178456,2.4757543,6.306205
CHEMBL4849771,5.6082954,20.807684
CHEMBL5416204,6.192362,-1.8252952
CHEMBL4747453,6.5829625,4.293806
CHEMBL5433782,6.261958,-2.132364
CHEMBL4476026,-3.4267068,0.0614302
CHEMBL1835831,9.018535,-0.92224026
CHEMBL5398015,5.6438756,4.615596
CHEMBL3264729,7.197977,8.435905
CHEMBL3601510,5.6539645,4.243212
CHEMBL5091168,4.6113467,1.4787192
CHEMBL5563438,9.011006,0.9482087
CHEMBL3265277,5.9563103,-8.426802
CHEMBL1437982,4.0042896,12.039866
CHEMBL259153,7.3330507,8.658695
CHEMBL2114959,7.570764,2.3993285
CHEMBL501358,7.58413,1.8546455
CHEMBL1344701,3.6103864,2.1875744
CHEMBL1408096,11.988305,4.804141
CHEMBL1317231,7.079799,8.820969
CHEMBL5569246,2.3414798,6.964253
CHEMBL5597922,7.77265,0.051106818
CHEMBL5207696,8.54868,1.9118333
CHEMBL4867942,5.672543,20.739296
CHEMBL4532465,10.460225,4.2515206
CHEMBL3261202,12.853516,2.6171298
CHEMBL4452143,4.124387,11.045987
CHEMBL4470448,6.9293327,-3.3752515
CHEMBL4442642,15.825841,2.184199
CHEMBL3360639,4.0106072,12.047761
CHEMBL4176232,7.5700407,14.588005
CHEMBL3265286,5.9616523,-8.411627
CHEMBL4459482,6.9409037,-3.3653884
CHEMBL4472668,5.777516,-9.452533
CHEMBL5583798,8.762833,-0.23772866
CHEMBL5563477,3.636951,3.8374767
CHEMBL3786636,11.80718,7.757622
CHEMBL4743471,12.647487,0.9509216
CHEMBL4467130,8.5800905,-0.30521354
CHEMBL5411508,13.695403,1.2900347
CHEMBL4649115,8.5725,1.928892
CHEMBL4867343,5.6938577,20.714006
CHEMBL4469915,2.3849473,6.8969336
CHEMBL5556495,15.305378,-0.7801275
CHEMBL5573707,2.2983115,7.0068192
CHEMBL4778639,16.395855,4.7219653
CHEMBL5567239,2.3326936,6.975235
CHEMBL5574882,2.3261127,6.9691787
CHEMBL4800187,-9.887387,0.14666718
CHEMBL4777310,-9.8874,0.14666775
CHEMBL1835813,9.55644,-1.1568662
CHEMBL3612751,3.706771,4.9373116
CHEMBL4864565,5.835604,20.566471
CHEMBL4868774,5.6123114,20.79585
CHEMBL4777012,6.60484,4.227257
CHEMBL5432023,6.3256474,8.16586
CHEMBL4127948,13.644733,1.3820453
CHEMBL5589767,2.8550603,3.155821
CHEMBL5402751,5.6104507,4.634476
CHEMBL5271554,5.222385,6.0401754
CHEMBL5597488,7.876362,0.046208266
CHEMBL4436042,5.179968,-3.589023
CHEMBL4280270,7.5664067,-0.47749308
CHEMBL2314429,13.166214,4.0709524
CHEMBL5083886,4.603217,1.4865429
CHEMBL2322255,3.895301,6.830724
CHEMBL5083994,2.494996,6.2774367
CHEMBL4079988,6.817241,8.841864
CHEMBL4586480,16.300041,4.6286535
CHEMBL4782257,6.5036573,4.433377
CHEMBL5561026,13.309391,11.631431
CHEMBL4797650,-4.0657306,-0.5732352
CHEMBL4437163,8.537834,-0.9985401
CHEMBL5633098,11.960384,1.2378905
CHEMBL5559628,15.336674,-0.81971985
CHEMBL4637317,3.7043016,6.6107135
CHEMBL4875009,12.009572,2.888376
CHEMBL5564061,13.357002,1.9399997
CHEMBL5563274,2.3516784,6.9422784
CHEMBL4788347,7.556819,14.546374
CHEMBL5570930,7.3592052,0.7864877
CHEMBL5432539,11.11756,4.4687595
CHEMBL5182080,8.181853,1.3257176
CHEMBL5565967,16.441586,4.7028008
CHEMBL4464239,5.183448,-3.5915709
CHEMBL5272492,-2.223281,-2.8681972
CHEMBL5279836,-2.2194853,-2.8650577
CHEMBL5436440,5.6264696,4.7135987
CHEMBL5563533,2.3054385,6.9954095
CHEMBL4557045,6.2736197,-1.1837173
CHEMBL4742865,7.1831517,7.812646
CHEMBL4760577,8.85715,-0.18948807
CHEMBL5219884,7.0848308,1.6040106
CHEMBL5572745,2.8600268,3.1872175
CHEMBL5575430,9.364441,0.9116032
CHEMBL1835818,9.448988,-1.1076776
CHEMBL5593900,2.6909337,2.0623038
CHEMBL3919394,1.6021539,-1.4198889
CHEMBL5177258,8.545048,1.9044029
CHEMBL4789078,7.189729,7.7987
CHEMBL4793433,3.5969446,0.7898561
CHEMBL5290885,-2.2437294,-2.885668
CHEMBL5564804,13.053698,5.78016
CHEMBL5558549,13.309989,11.632275
CHEMBL4776234,11.722113,4.358107
CHEMBL3900643,11.211267,2.279026
CHEMBL6034177,6.096855,3.3314624
CHEMBL5572277,13.399767,1.8989762
CHEMBL5559943,13.49539,1.4854283
CHEMBL5289099,-2.249564,-2.896476
CHEMBL5559833,3.6147504,3.8313675
CHEMBL4435844,5.069005,-3.448315
CHEMBL5416702,11.286167,4.9241467
CHEMBL4457846,6.4321027,6.815202
CHEMBL5566195,2.2876852,7.020172
CHEMBL6054230,6.111266,3.3762321
CHEMBL5983446,6.106071,3.1057527
CHEMBL4581596,7.7341037,0.06768575
CHEMBL591964,13.027636,2.9353144
CHEMBL5542882,4.542363,5.026969
CHEMBL5948660,6.1405272,3.3596568
CHEMBL4207585,3.9557574,-2.729048
CHEMBL5771742,1.6714963,-1.4447082
CHEMBL5575580,2.339001,6.9555936
CHEMBL6049774,5.9607773,-8.416982
CHEMBL5786235,4.689369,-5.645261
CHEMBL5634062,8.724224,0.53143245
CHEMBL5220709,23.54659,-6.7514744
CHEMBL6051764,6.100178,3.1300175
CHEMBL5803805,13.260531,2.320384
CHEMBL5567392,9.429087,0.93214154
CHEMBL5570336,8.5946,0.7494884
CHEMBL4527294,13.078037,1.5883777
CHEMBL5776034,6.1461287,3.3323157
CHEMBL4465796,2.51854,-9.590867
CHEMBL5209629,4.40255,3.3119297
CHEMBL5399001,13.004431,5.8333898
CHEMBL2005069,7.301069,8.603591
CHEMBL5877685,4.7149787,-5.6217937
CHEMBL4741561,3.5920339,0.81370753
CHEMBL4564297,7.0780997,-3.3804348
CHEMBL5411013,-1.1205791,-5.7766266
CHEMBL5632798,15.29877,4.0306983
CHEMBL1927206,10.245186,5.354291
CHEMBL397420,7.0473638,8.832699
CHEMBL4438182,11.773214,7.7883415
CHEMBL4450551,6.6204,7.279765
CHEMBL4569505,6.604501,7.2509437
CHEMBL4465692,11.352627,-8.711263
CHEMBL24171,7.0272384,1.5334917
CHEMBL4444006,6.948219,-3.3672218
CHEMBL4871486,5.8074455,20.593605
CHEMBL6042717,1.8536885,4.012263
CHEMBL6011250,7.8212667,2.3290634
CHEMBL5631662,11.918757,1.2320167
CHEMBL5869077,5.8238635,2.9895303
CHEMBL4461381,5.860614,-0.14099045
CHEMBL1466,6.3749566,8.266538
CHEMBL5558406,13.644615,1.3232939
CHEMBL5084126,4.54426,1.4600254
CHEMBL5082962,4.6016273,1.497798
CHEMBL5071912,4.623326,1.4710519
CHEMBL3084442,10.973464,2.4775019
CHEMBL5542822,13.893305,2.3005676
CHEMBL5088635,4.5305424,1.4663781
CHEMBL5632365,11.93962,1.2091501
CHEMBL4457315,11.486594,4.0000157
CHEMBL5183641,6.9960794,7.860514
CHEMBL4520853,14.04486,3.3648694
CHEMBL5567359,2.2665513,7.0409555
CHEMBL5170835,7.5291605,2.0578816
CHEMBL5403819,6.3053,8.164003
CHEMBL5175772,6.23568,6.638303
CHEMBL5283407,-2.225708,-2.8693886
CHEMBL4291652,12.965827,9.521791
CHEMBL1475,5.668124,4.061221
CHEMBL5436380,6.309105,8.1716585
CHEMBL5203954,8.544782,1.8815764
CHEMBL5575693,13.144852,1.3434664
CHEMBL5567878,3.6214097,3.8406217
CHEMBL5421699,10.41634,9.948927
CHEMBL5951104,6.1492743,3.137671
CHEMBL5555237,13.07322,5.796167
CHEMBL5269946,7.2801538,8.719406
CHEMBL2106261,6.878111,8.706379
CHEMBL5568363,13.860759,2.3257263
CHEMBL5575409,2.3531373,6.9498057
CHEMBL5196120,8.54611,1.9091893
CHEMBL5078938,4.616087,1.4692982
CHEMBL267447,14.387265,18.337563
CHEMBL5283574,6.088105,7.2715497
CHEMBL4878047,11.860793,3.0189571
CHEMBL5567953,13.056975,5.8073
CHEMBL5754391,6.098699,3.361679
CHEMBL6246,6.501717,5.9798083
CHEMBL12208,4.8595495,3.0095804
CHEMBL36506,2.7233763,21.373592
CHEMBL3264002,11.379857,14.266306
CHEMBL4594145,7.780228,8.281889
CHEMBL5569871,2.3197186,6.9875016
CHEMBL5563731,13.014547,1.1883272
CHEMBL5565580,2.3016882,7.004773
CHEMBL6007188,13.067848,5.8265734
CHEMBL6031493,6.090381,3.341327
CHEMBL1465,6.9420385,8.867423
CHEMBL164660,7.2132645,1.4818571
CHEMBL286738,2.502896,5.073559
CHEMBL416,7.1278706,1.808021
